current_frame_id,next_frame_id,current_reference_x,current_reference_y,current_search_center_x,current_search_center_y,current_search_center_error_m,current_ms_error_m,provisional_next_x,provisional_next_y,provisional_next_error_m,final_next_x,final_next_y,final_next_error_m,final_next_nearest_candidate_m,final_next_candidate_capture,ms_correction_gain_m
1,2,-47.69226837158203,1.7922438383102417,-54.9941647025521,-1.4761364901959033,8.000000000000004,2.38544453587961,-50.17383575439453,-2.204817771911621,4.404591687961969,-49.55670166015625,0.1724260151386261,2.38714619501199,2.342602252960205,True,2.017445492949979
2,3,-50.9120979309082,2.1374623775482178,-43.320147635635415,-0.3848957877620647,8.000000000000002,2.652242532094329,-50.36639404296875,2.1715102195739746,3.7879725323764237,-49.18186950683594,0.15741968154907227,5.478077756170258,2.9864797592163086,True,-1.690105223793834
3,4,-54.1414794921875,2.4837052822113037,-58.035718904520756,9.471902431650516,8.0,4.778710555690941,-59.69666290283203,2.731555461883545,2.041120877276572,-53.671791076660156,1.0046610832214355,4.398709232362145,2.3187670707702637,True,-2.3575883550855727
4,5,-57.659645080566406,2.8609108924865723,-59.50861348295809,-4.922489125947347,7.999999999999999,4.7696967093471025,-53.468284606933594,4.042486667633057,7.4375188653769575,-49.484527587890625,0.6163045167922974,11.651268164960666,1.52284574508667,True,-4.213749299583708
5,6,-60.85377502441406,3.1642963886260986,-54.232792099133164,7.654573117641676,8.000000000000002,11.199050042290112,-35.761512756347656,13.570542335510254,30.015396817501866,-48.17469787597656,1.609478235244751,15.958371807154089,12.618176460266113,False,14.057025010347777
6,7,-64.02477264404297,3.465484857559204,-71.94001774443146,4.626904248122328,8.0,3.070334873045553,-75.57950592041016,4.305416584014893,8.091080237697973,-69.0928955078125,0.671489953994751,3.505081670821255,2.066364288330078,True,4.585998566876718
7,8,-67.50447845458984,3.795994520187378,-62.452550581093966,-2.407071234824044,8.0,14.096131439548879,-61.135154724121094,-3.8389644622802734,12.419508689163742,-53.58098602294922,0.11319080740213394,17.577036755929903,0.7416238188743591,True,-5.157528066766162
8,9,-70.70535278320312,4.076558589935303,-70.24037645923912,12.063034472209845,8.0,7.521104969086164,-60.390899658203125,21.879337310791016,22.12642704332111,-53.658382415771484,21.92943572998047,26.806425379493103,5.3108367919921875,True,-4.679998336171991
9,10,-73.90149688720703,4.35670804977417,-79.63914290137156,-1.2181837174390697,8.0,4.752346964099028,-79.03814697265625,-3.7488038539886475,8.56907690002224,-72.51543426513672,-0.327444851398468,6.991408607473134,2.2966055870056152,True,1.5776682925491068
10,11,-77.41057586669922,4.6642866134643555,-69.41402898211317,4.89931410678601,7.999999999999997,13.393839436734583,-66.69019317626953,1.3328146934509277,14.486645160900697,-57.21445846557617,0.10255909711122513,23.99744819390161,0.880686342716217,True,-9.510803033000915
11,12,-80.71418762207031,4.9646830558776855,-86.7693512174816,10.192970904954652,8.0,14.436129516817395,-90.93840789794922,8.667922973632812,7.710018346048664,-95.0499267578125,10.881988525390625,12.377800680485251,0.7054309248924255,True,-4.667782334436587
12,13,-84.01985931396484,5.2652668952941895,-83.0866278246927,-2.680114089116243,8.0,9.4805780360298,-82.50318908691406,-4.375254154205322,11.049714304020743,-92.99444580078125,1.5121678113937378,6.9681032977989075,2.103764772415161,True,4.081611006221835
13,14,-87.32689666748047,5.565974712371826,-82.64800478453313,12.055040188053937,8.0,11.166489311722195,-83.14990997314453,18.561283111572266,14.651443994850858,-97.40171813964844,16.947620391845703,13.007445036523618,1.6010253429412842,True,1.6439989583272396
14,15,-90.52931213378906,5.903904438018799,-98.3626821398185,4.27961556326826,8.000000000000002,16.6218501860552,-103.39581298828125,3.898635149002075,9.944772077326732,-107.59368896484375,2.239020347595215,14.428983455577917,1.381641149520874,True,-4.484211378251185
15,16,-93.73101806640625,6.241759300231934,-86.85774344351702,2.148093955049581,7.999999999999999,4.752000641236019,-76.83882141113281,-1.2050710916519165,21.850665249321835,-85.90740966796875,0.6396040916442871,12.813055428636293,8.1226167678833,False,9.037609820685542
16,17,-97.24320983886719,6.612377643585205,-99.5461174276458,14.273749363946116,8.0,10.74077889834243,-100.81332397460938,6.1812334060668945,0.8317080287178761,-108.14379119873047,1.7756513357162476,9.238568463970347,2.650449514389038,True,-8.40686043525247
17,18,-100.48795318603516,6.946656227111816,-103.96504303881292,-0.2581925676728387,8.0,9.687902119630353,-102.34903717041016,-2.237255096435547,9.618145452711097,-108.8876724243164,0.48415303230285645,8.530725799223053,2.3364739418029785,True,1.0874196534880447
18,19,-103.73233032226562,7.28089714050293,-96.30162704604649,10.24478796521058,7.999999999999997,6.386726201480534,-106.96794891357422,15.761054992675781,8.11988650358201,-110.20335388183594,2.281656265258789,6.104766209944325,2.286299705505371,True,2.0151202936376844
19,20,-107.29228973388672,7.647648811340332,-114.77353855734613,10.481535901802344,8.000000000000004,6.8362639344138145,-114.86900329589844,-2.6542129516601562,11.427623429378329,-112.39129638671875,-0.4416765868663788,8.57976609150624,3.762394666671753,True,2.847857337872089
20,21,-110.61548614501953,7.9523024559021,-107.01330931808062,0.8091713422052269,8.000000000000002,7.395410861786998,-108.25029754638672,-3.9665908813476562,13.480180555351948,-115.26808166503906,-0.0581439808011055,8.420985235268581,3.3822813034057617,True,5.059195320083367
21,22,-113.93445587158203,8.25656795501709,-111.76547321916192,15.956926015101088,7.999999999999998,5.6130363606239255,-107.56260681152344,15.146714210510254,11.713819807088523,-116.63567352294922,3.655402183532715,4.943318690510482,1.3117784261703491,True,6.770501116578041
22,23,-117.24945068359375,8.560468673706055,-124.05030812050533,4.3475910202719605,7.999999999999998,6.35869851308036,-123.15586853027344,7.376551151275635,2.7753209380419728,-120.14636993408203,2.936737060546875,5.9599558384770415,1.8640602827072144,True,-3.1846349004350687
23,24,-120.81004333496094,8.859625816345215,-112.94954475092885,7.372157493849074,7.999999999999995,6.227792178567995,-100.36741638183594,4.1490983963012695,24.22047794224896,-112.57322692871094,1.7815288305282593,13.646056312943463,11.15113639831543,False,10.574421629305496
24,25,-124.06947326660156,9.133479118347168,-128.8607898737779,15.539982468053338,8.000000000000004,6.156698060288171,-130.81802368164062,14.893839836120605,6.508027100932474,-135.31289672851562,10.618230819702148,8.08525891446255,0.4943726360797882,True,-1.5772318135300756
25,26,-127.31895446777344,9.40649700164795,-128.11351754950226,1.4460529493884522,8.0,10.283387799630978,-120.57804870605469,0.8600964546203613,13.565041964632435,-128.271728515625,0.3101426959037781,9.772636443289992,1.0419191122055054,True,3.7924055213424435
26,27,-130.83126831054688,9.741641998291016,-124.8681795270969,15.074706048224506,7.999999999999995,1.4714641014271017,-118.92192077636719,33.634300231933594,28.014086712869666,-123.71258544921875,29.885292053222656,22.36341308907343,9.625646591186523,False,5.650673623796237
27,28,-134.03652954101562,10.047489166259766,-142.03595863155468,10.143062308080633,7.999999999999998,9.967383283646308,-153.9272918701172,13.94103717803955,17.07335618090672,-158.3032989501953,12.65870475769043,21.193848672138056,8.828461647033691,False,-4.120492491231335
28,29,-137.2352752685547,10.352712631225586,-131.4013039444889,4.878703260574306,8.000000000000005,7.7253305529385345,-125.75089263916016,-0.623481035232544,18.509560672615578,-132.4816131591797,0.6915906667709351,12.747034675516991,1.1518926620483398,True,5.762525997098587
29,30,-140.4192352294922,10.665609359741211,-141.02338391888802,18.642764514375056,8.0,8.520844192874868,-144.66192626953125,41.01143264770508,30.050865802381786,-149.11474609375,38.13102722167969,27.70466770678148,18.167198181152344,False,2.3461980956003075
30,31,-143.60858154296875,10.979033470153809,-148.5515919844499,4.68883094754706,8.000000000000007,11.666764077982702,-150.00157165527344,8.639701843261719,3.9580037032485245,-153.68544006347656,7.415124893188477,7.6650511941049535,1.6908831596374512,True,-3.707047490856429
31,32,-147.09031677246094,11.321191787719727,-139.19652395593636,12.620435787045812,7.999999999999995,2.7556680157766285,-122.74665069580078,25.366127014160156,30.86768922632544,-126.26531219482422,25.72649574279785,27.941527887457987,13.896088600158691,False,2.926161338867452
32,33,-150.38534545898438,11.621426582336426,-157.08360932331013,15.995584924677042,8.00000000000001,8.004943772407731,-160.33941650390625,12.798922538757324,6.708097196061364,-161.6351318359375,11.89468002319336,7.946352785314728,2.622742176055908,True,-1.238255589253364
33,34,-153.68882751464844,11.922432899475098,-151.70443770975217,4.172452441291753,7.999999999999997,7.146510699625879,-152.35321044921875,4.417715072631836,9.076632277310205,-153.40895080566406,4.758730411529541,8.277094274057426,2.627429723739624,True,0.7995380032527795
34,35,-156.9862060546875,12.222880363464355,-153.21439675857462,19.277910812282872,7.999999999999995,4.950737631706445,-160.81297302246094,39.36959457397461,26.69290233086924,-161.35995483398438,34.98843002319336,22.294931877870052,11.786667823791504,False,4.397970452999189
35,36,-161.97410583496094,12.701958656311035,-169.5209252178575,10.047619340786968,7.999999999999997,12.968606613824347,-164.1407928466797,-2.523160696029663,15.953312541045026,-168.3577880859375,-0.5823838710784912,13.834061524859411,8.071977615356445,False,2.119251016185615
36,37,-166.95358276367188,13.180227279663086,-159.59581257693247,10.039651237098784,8.0,8.000714542981171,-144.83224487304688,3.0181894302368164,27.70838676098436,-148.16189575195312,4.386090278625488,24.108702465421665,10.32568359375,False,3.599684295562696
37,38,-170.4643096923828,13.542064666748047,-173.76827180499453,20.827930048322592,8.000000000000004,8.910370416407067,-169.89785766601562,25.975017547607422,12.677443337387869,-173.81863403320312,22.099384307861328,8.22786724934301,1.2836098670959473,True,4.449576088044859
38,39,-173.6732940673828,13.872800827026367,-176.15858658174267,6.268636105108063,8.0,11.973507048037662,-182.69371032714844,-1.852057933807373,17.073022955397775,-184.71035766601562,-1.4825401306152344,17.528035750086225,9.069751739501953,False,-0.45501279468845013
39,40,-176.89031982421875,14.204366683959961,-169.9212030055871,18.132650121832718,7.999999999999994,4.610464590877339,-156.60133361816406,18.549074172973633,23.825078840366242,-157.9866180419922,17.171573638916016,22.253899153026023,10.404417991638184,False,1.5711796873402193
40,41,-180.07899475097656,14.495210647583008,-187.87132193611907,16.306187466785545,7.9999999999999964,7.727019138676349,-196.98358154296875,14.42394733428955,13.71700851964475,-199.396728515625,11.335189819335938,16.490549820772557,5.340816974639893,True,-2.773541301127807
41,42,-183.2713623046875,14.786392211914062,-178.74884001506368,8.187392883238866,7.999999999999999,7.826773195809508,-174.09848022460938,1.6802736520767212,18.465403981281344,-178.9448699951172,1.480884075164795,15.71533971177735,5.197747707366943,True,2.7500642695039943
42,43,-186.7760009765625,15.10605525970459,-185.65320816498811,23.02687190335169,8.000000000000002,6.349074149230695,-192.39358520507812,39.872840881347656,24.566568543696523,-195.90853881835938,38.26866912841797,23.566866259181722,9.270696640014648,False,0.9997022845148003
43,44,-190.19520568847656,15.40483283996582,-196.37355292967032,10.32270480466077,8.000000000000009,11.62573483699788,-204.41033935546875,15.222637176513672,10.823143177757178,-209.7357177734375,11.127815246582031,16.773677031652376,0.7097482681274414,True,-5.950533853895198
44,45,-193.5978240966797,15.702159881591797,-185.60917496101942,15.276149333231233,8.0,10.773229400867127,-167.34275817871094,18.01958656311035,29.441105979304247,-173.79769897460938,17.592077255249023,22.97207143563647,12.874966621398926,False,6.469034543667778
45,46,-196.71273803710938,15.974347114562988,-202.31555329696195,21.684728990056357,8.000000000000004,12.441307599755582,-212.53619384765625,30.129295349121094,18.706536365361444,-211.50140380859375,24.73468017578125,14.306045887500403,3.075803279876709,True,4.400490477861041
46,47,-199.96063232421875,16.28047752380371,-199.68659825540385,8.285172318301626,7.999999999999999,9.14410373769977,-184.092529296875,4.33206033706665,22.979102415760458,-184.53201293945312,3.208247184753418,23.238617407719605,5.657803058624268,True,-0.25951499195914707
47,48,-203.51315307617188,16.61532211303711,-198.31446620407388,22.69591869609341,8.0,5.3115366267345445,-190.0303497314453,43.50016784667969,31.401842153226536,-190.82693481445312,41.60731506347656,29.377385359352164,13.094566345214844,False,2.0244567938743714
48,49,-206.75160217285156,16.920562744140625,-214.69233605438527,15.948582588652624,7.999999999999987,10.446041479613907,-214.20999145507812,21.62328338623047,5.93525040629354,-212.2748260498047,16.594985961914062,2.1835839006067945,2.9442684650421143,True,3.7516665056867455
49,50,-210.1930389404297,17.253925323486328,-203.6812257458377,12.606744573963258,8.0,9.92586973471808,-184.3778533935547,1.3320531845092773,33.17801558906494,-184.57545471191406,1.1087089776992798,33.11615450034865,16.853561401367188,False,0.06186108871629159
50,51,-213.3181915283203,17.556650161743164,-214.98067442589038,25.38200322823716,7.999999999999997,1.912904401390417,-212.8814239501953,33.60837173461914,16.188275378771422,-209.97445678710938,30.256153106689453,14.101356538608522,2.0714879035949707,True,2.0869188401629
51,52,-216.74961853027344,17.889041900634766,-220.80970542685412,10.995879027742976,7.999999999999997,11.6521016647857,-213.71597290039062,12.854527473449707,8.126576731389207,-213.16299438476562,10.142889022827148,10.458388768741024,2.574669599533081,True,-2.331812037351817
52,53,-219.85296630859375,18.18168067932129,-212.20291997135928,20.521935160818007,8.0,7.746725726919691,-196.52992248535156,39.00061798095703,33.68862399395875,-202.71560668945312,38.48676681518555,28.664082556234106,12.668717384338379,False,5.024541437724643
53,54,-223.26548767089844,18.50347328186035,-230.48721294418522,21.94537451187425,8.00000000000001,21.001540457232394,-233.54190063476562,15.251752853393555,7.748592689989752,-243.4911346435547,5.897228240966797,21.21772524607502,1.2088249921798706,True,-13.469132556085267
54,55,-226.6659393310547,18.824125289916992,-223.66583474318256,11.407969111556902,7.9999999999999964,16.383045004394866,-206.7574462890625,14.662369728088379,23.579745719309905,-211.90744018554688,10.718955039978027,19.8783867800326,8.248451232910156,False,3.7013589392773056
55,56,-229.90402221679688,19.161306381225586,-227.1066644516639,26.65629067299367,8.000000000000004,12.320979352094382,-218.26048278808594,37.31072998046875,23.21680242215066,-211.0310516357422,36.52105712890625,27.912462537525048,5.67136287689209,True,-4.6956601153743875
56,57,-233.15289306640625,19.499608993530273,-240.27836676799794,15.862628855019015,8.000000000000007,20.218859218134575,-245.28128051757812,17.357507705688477,8.9272750674206,-247.14097595214844,4.462315559387207,18.60413339986148,0.8483521938323975,True,-9.676858332440881
57,58,-236.7150115966797,19.870529174804688,-229.00416426357415,17.73913681169097,8.000000000000012,10.162133446483022,-220.65252685546875,32.806514739990234,24.646534623548963,-214.7081298828125,27.320331573486328,28.106028915199467,6.067760944366455,True,-3.459494291650504
58,59,-241.94894409179688,20.40029525756836,-246.19494808429548,27.180520187147465,8.000000000000002,3.330545223947159,-246.05247497558594,44.547908782958984,23.673875865686046,-244.0170440673828,37.38140869140625,16.718350275257762,8.877923011779785,False,6.955525590428284
59,60,-246.72323608398438,20.88353729248047,-248.17234101656032,13.015875956709586,8.000000000000002,16.28342066249701,-239.5391387939453,14.673250198364258,12.414382312190929,-246.68801879882812,6.252284049987793,15.323269742037581,1.0308092832565308,True,-2.9088874298466525
60,61,-250.1058349609375,21.189523696899414,-243.72278121173633,26.012035991835436,8.00000000000001,4.535113481822864,-241.98902893066406,27.16168212890625,12.560975447059606,-244.06362915039062,19.138328552246094,9.414706780472986,2.072049856185913,True,3.1462686665866197
61,62,-253.18551635742188,21.468109130859375,-261.1497417883701,22.22382950575849,7.999999999999986,9.398337934113362,-260.8370666503906,14.154964447021484,8.73358847891059,-259.37677001953125,10.96375560760498,11.16925473945278,2.363093614578247,True,-2.43566626054219
62,63,-256.56805419921875,21.774091720581055,-251.20596400685767,15.837090055684456,7.999999999999992,14.130420328589047,-225.2901611328125,21.62938117980957,34.493955270543495,-234.51095581054688,17.898223876953125,25.606256996551707,19.257219314575195,False,8.887698273991788
63,64,-259.78179931640625,22.02918815612793,-259.7252507440502,30.028988294816678,8.000000000000002,4.819926596838675,-260.93743896484375,45.981666564941406,23.786552789754293,-261.40753173828125,39.00312423706055,16.794018374675467,7.580933570861816,False,6.992534415078826
64,65,-262.99114990234375,22.283937454223633,-268.4366344094151,16.42333181288879,7.999999999999987,13.536452669214885,-256.0168151855469,16.09933853149414,12.33793970581318,-255.61717224121094,6.621273040771484,19.317637895961045,3.2267112731933594,True,-6.9796981901478645
65,66,-266.5252380371094,22.56446075439453,-258.5511250063213,23.20751702892689,7.99999999999999,4.686300719484112,-252.44686889648438,37.9908561706543,22.98611085781786,-260.77362060546875,36.028160095214844,15.943308105598767,2.322019577026367,True,7.042802752219092
66,67,-269.7339172363281,22.84096336364746,-276.04815828762065,27.753229637596,8.0,3.8930497054027597,-267.77911376953125,23.62786865234375,5.188166024324786,-268.0390319824219,20.219646453857422,5.695371775844209,2.0952866077423096,True,-0.5072057515194235
67,68,-272.9421081542969,23.117422103881836,-271.6043715052697,15.230061286862654,8.0,15.211129599080259,-261.3057861328125,16.029010772705078,16.872188785683964,-264.25518798828125,6.5653462409973145,20.818005551375965,3.214705467224121,True,-3.945816765692001
68,69,-276.4721984863281,23.421621322631836,-272.1307681791505,30.141143841971985,7.99999999999999,9.544689439764316,-262.3799743652344,42.140106201171875,25.365368636840394,-262.54949951171875,38.713539123535156,22.87509626902191,6.266408920288086,True,2.490272367818484
69,70,-279.8583984375,23.757869720458984,-287.5986062762448,21.735696974862446,8.000000000000014,10.568106511938812,-296.52886962890625,24.791780471801758,13.596339808725036,-298.394775390625,23.193012237548828,15.46741238505872,5.071253776550293,True,-1.8710725763336846
70,71,-282.95196533203125,24.0650577545166,-275.87861889891235,20.32770973257861,7.999999999999979,21.961835074922988,-266.3021240234375,7.773698329925537,26.036291371641646,-258.83074951171875,2.6459245681762695,35.07008725618392,11.797892570495605,False,-9.033795884542272
71,72,-286.3374328613281,24.40123176574707,-289.02855606987947,31.935012747192985,7.999999999999991,5.7659954111185625,-305.08660888671875,47.11021041870117,27.211218780849784,-313.4443359375,47.15995788574219,32.7403601097065,12.624334335327148,False,-5.529141328856717
72,73,-289.56787109375,24.758047103881836,-292.6725165247487,17.38504386586689,7.999999999999993,12.943596889837206,-295.5455322265625,1.1273326873779297,24.144360581766804,-300.0113220214844,-0.2829245626926422,26.403396195667877,14.202159881591797,False,-2.259035613901073
73,74,-292.791015625,25.11405372619629,-285.5213545798756,28.453518996116195,8.00000000000002,3.3958462017805395,-272.7088623046875,33.155216217041016,24.815381873387405,-284.4739074707031,34.75581359863281,15.0273529479297,8.417818069458008,False,9.788028925457706
74,75,-296.3150329589844,25.5032958984375,-303.93123114569175,27.951463617527725,8.000000000000012,10.055670423506605,-311.96875,22.696929931640625,12.70574573322634,-316.8021240234375,19.93678092956543,18.13367505086882,2.511462926864624,True,-5.42792931764248
75,76,-299.6627502441406,25.858945846557617,-295.70051626495587,18.909075207891465,8.000000000000009,9.09372099284021,-292.5498962402344,25.61093521118164,10.491002894931544,-294.904052734375,23.365604400634766,8.605174681740296,1.3401219844818115,True,1.8858282131912478
76,77,-303.0234375,26.21597671508789,-301.2504953611231,34.01704562724312,8.000000000000007,7.2368432622288905,-288.98895263671875,42.94471740722656,23.881340117240534,-291.2460021972656,41.156028747558594,21.013358909188117,5.5070881843566895,True,2.8679812080524165
77,78,-306.37432861328125,26.571962356567383,-312.9511873041488,22.017302132098393,7.999999999999986,12.389113521002502,-309.25299072265625,20.912029266357422,6.005163888525781,-316.632080078125,19.690135955810547,9.82704162119727,2.2643797397613525,True,-3.8218777326714894
78,79,-309.93170166015625,26.87871551513672,-302.0055019707038,25.794576002470798,7.999999999999986,6.243058707694128,-280.74957275390625,33.29857635498047,33.01693800389064,-289.1307678222656,33.865135192871094,24.976933217943905,20.64961051940918,False,8.040004785946731
79,80,-313.1907958984375,27.159746170043945,-318.30300315244256,33.31322786678263,7.999999999999997,10.54386104876745,-309.9256286621094,38.945892333984375,13.223709374576629,-318.0608825683594,37.618289947509766,10.305693186239006,2.109571933746338,True,2.9180161883376226
80,81,-316.4438171386719,27.44025421142578,-316.8308517733452,19.449621934092324,8.0,9.70856341063685,-319.7167053222656,25.134706497192383,3.317649385239021,-325.915771484375,24.972997665405273,5.205365343193449,2.330963134765625,True,-1.8877159579544283
81,82,-321.592041015625,27.871477127075195,-315.9090591729269,33.5020825452841,7.999999999999981,5.646073950895411,-319.217529296875,55.02525329589844,27.677069100262706,-324.0273742675781,51.185462951660156,23.03171508849754,11.422974586486816,False,4.645354011765168
82,83,-326.2784423828125,28.264019012451172,-334.27231563911874,27.950984889531803,8.000000000000005,11.692895380869606,-330.0274963378906,19.945716857910156,8.624547859596351,-333.735595703125,17.675222396850586,11.62392121620205,1.804643988609314,True,-2.999373356605698
83,84,-329.66363525390625,28.562585830688477,-323.55775038759873,23.39362365251415,7.999999999999991,3.5692166638533998,-309.18212890625,35.49962615966797,24.48663381266554,-317.836669921875,33.62664794921875,15.658846483399662,7.142624378204346,True,8.82778732926588
84,85,-332.744140625,28.834280014038086,-333.7548463157827,36.770177821256844,8.0,7.007627066622773,-342.7940368652344,48.72370910644531,20.695945069153964,-346.3463439941406,46.88468933105469,20.485565095650788,5.919243335723877,True,0.2103799735031764
85,86,-336.1232604980469,29.13231086730957,-340.73861952179465,22.59790492017786,8.000000000000014,13.635077545124634,-334.25421142578125,20.70336151123047,10.274770050600281,-338.4947509765625,17.10475730895996,12.409128938640574,0.8346700668334961,True,-2.1343588880402926
86,87,-339.6257019042969,29.462242126464844,-331.8085520029751,31.162879483535725,8.000000000000012,6.137048568448146,-335.1365051269531,37.82619094848633,11.153201599372768,-338.17828369140625,37.345924377441406,8.90168950287471,1.875193476676941,True,2.2515120964980575
87,88,-342.8448791503906,29.765491485595703,-349.75776623165825,33.791903312724536,7.999999999999987,10.403131043987138,-351.7751159667969,44.02582931518555,15.086984408085769,-354.81048583984375,40.237728118896484,13.423309022881519,1.4150636196136475,True,1.6636753852042503
88,89,-346.0498046875,30.067394256591797,-343.67225900602887,22.42885535621837,8.000000000000005,12.822437367268293,-341.56549072265625,4.475417137145996,27.172614867897313,-344.2342529296875,3.647244691848755,27.319567219740822,14.408967971801758,False,-0.14695235184350963
89,90,-349.5847473144531,30.437746047973633,-346.17811661663814,37.67617593909673,7.999999999999986,7.5344504209896535,-345.9214782714844,49.71159744262695,20.149836782363916,-346.12164306640625,46.58375549316406,17.16462148769465,4.499889373779297,True,2.985215294669267
90,91,-352.80938720703125,30.775583267211914,-360.2108197998524,27.73933631185329,7.999999999999985,10.414274803030667,-356.4705505371094,24.887067794799805,6.24176409417291,-357.1331481933594,23.534683227539062,7.657885730283189,2.0771727561950684,True,-1.4161216361102786
91,92,-356.03759765625,31.113798141479492,-348.52905625978326,28.353036272439407,8.000000000000025,3.740853627918702,-338.6259460449219,43.714942932128906,24.029062802249804,-342.70281982421875,41.170684814453125,19.22483382783856,5.285789966583252,True,4.804228974411245
92,93,-359.28173828125,31.43756103515625,-362.95343517946344,38.545207754545864,8.000000000000007,5.277325900871423,-367.0716247558594,36.2296257019043,6.136426117341772,-365.48828125,32.20435333251953,2.686798099532971,1.5831869840621948,True,3.449628017808801
93,94,-362.83331298828125,31.792009353637695,-364.9270643397894,24.070856248171015,8.0,8.736407970352206,-361.29840087890625,19.99627685546875,13.027259295901157,-364.2893371582031,16.845962524414062,15.373933131022804,2.7995195388793945,True,-2.3466738351216474
94,95,-366.0764465332031,32.11567306518555,-359.3170154649166,36.394702351493756,8.000000000000021,6.57554482985901,-352.1081848144531,41.41944885253906,19.6686537838192,-355.3753356933594,36.25191879272461,14.736250300218991,2.411485195159912,True,4.932403483600208
95,96,-369.61279296875,32.450355529785156,-377.4874298237822,33.86106258703311,8.000000000000016,6.708863894420699,-383.38128662109375,32.748592376708984,10.540712935857183,-381.5713195800781,24.847415924072266,11.780022747035366,2.3110544681549072,True,-1.2393098111781828
96,97,-372.840576171875,32.75583267211914,-367.9869829540231,26.39638042561061,8.00000000000001,11.845765314147673,-361.6092224121094,17.36335563659668,21.346830027482067,-364.40399169921875,11.434919357299805,24.574900646863167,7.5370330810546875,False,-3.2280706193811
97,98,-376.074462890625,33.0618896484375,-375.35760320698483,41.02970692759064,7.999999999999999,3.9954329154993133,-373.1083984375,66.33657836914062,33.56730394512648,-370.8650207519531,63.989349365234375,31.78253070224634,20.997827529907227,False,1.7847732428801422
98,99,-379.28497314453125,33.342430114746094,-385.19574640371377,27.951441385530202,7.999999999999995,15.00728255656201,-376.7615661621094,18.391849517822266,16.41243157475678,-376.5303649902344,12.936203002929688,21.644154842231185,7.9001874923706055,False,-5.231723267474404
99,100,-382.8072509765625,33.650211334228516,-374.80727016680515,33.63268867706497,7.999999999999992,12.430518670759495,-372.51495361328125,52.45288848876953,22.918120204059026,-371.30584716796875,51.61054992675781,22.996603946180876,6.237794399261475,True,-0.0784837421218505
100,101,-386.01123046875,33.930179595947266,-391.89833095824525,39.347009649270426,8.000000000000014,11.315348896176323,-393.65020751953125,51.9044075012207,18.233279208411446,-396.3274841308594,46.69638442993164,14.369201970845758,2.2614824771881104,True,3.864077237565688
101,102,-389.1904296875,34.22496032714844,-388.5084811311105,26.25407918599232,7.999999999999997,13.367036267851761,-384.98870849609375,16.543886184692383,19.431387239148872,-387.8732604980469,14.342782974243164,20.671366907583607,8.712974548339844,False,-1.239979668434735
102,103,-392.3679504394531,34.51958084106445,-387.486545233822,40.857710156441165,8.000000000000002,5.1907127811014435,-383.175537109375,57.201576232910156,25.704108595834665,-382.00885009765625,56.1651496887207,25.42398226795971,10.061943054199219,False,0.2801263278749566
103,104,-395.8560485839844,34.84300231933594,-403.7367897002176,33.46680485570277,7.999999999999981,10.860717887626977,-411.4742736816406,24.359516143798828,16.431612049504263,-415.24169921875,23.316551208496094,20.03235744895734,2.35526180267334,True,-3.6007453994530785
104,105,-399.0557861328125,35.11958312988281,-392.31516486783835,30.810984174052944,7.999999999999997,11.334966944059301,-382.2080078125,43.12221145629883,21.771819297719066,-380.9546813964844,43.06684875488281,22.929941745396533,5.909543514251709,True,-1.1581224476774672
105,106,-402.5732727050781,35.42363357543945,-404.6331802682546,43.15388459537201,7.999999999999999,12.171031918455665,-406.5213928222656,56.64735412597656,20.960580545284568,-411.8553466796875,51.38580322265625,16.823851679329884,4.490335464477539,True,4.136728865954684
106,107,-405.7723693847656,35.70016098022461,-409.4751671921308,28.608666892391533,7.999999999999995,14.227909523254558,-406.18231201171875,39.016868591308594,5.557295593930233,-411.1183166503906,37.326377868652344,1.155280527162292,0.7385408282279968,True,4.402015066767941
107,108,-410.9620056152344,36.18172073364258,-403.44144232212244,38.909563792599066,7.999999999999981,5.809409970397581,-380.349365234375,50.009552001953125,37.82757682920273,-380.929443359375,46.72535705566406,36.23645527363314,19.107263565063477,False,1.5911215555695861
108,109,-415.7295227050781,36.62411117553711,-423.11758353363086,39.692752111457224,8.000000000000004,14.50978874953782,-439.5980529785156,44.00511932373047,21.92191420101188,-447.0641174316406,38.29964065551758,28.25115797993032,11.02323055267334,False,-6.329243778918439
109,110,-418.8456726074219,36.940486907958984,-415.4707836518852,29.68720320071325,7.999999999999992,9.393870984893017,-402.1259765625,30.705318450927734,21.194070955460898,-407.2659912109375,23.18947982788086,20.59006444575289,6.922619819641113,True,0.6040065097080074
110,111,-422.2717590332031,37.288333892822266,-419.8607743702164,44.91638429609326,8.0,6.315055440285947,-429.6326904296875,66.4114990234375,29.040919580015768,-432.5666198730469,59.484405517578125,22.898834368302783,12.200396537780762,False,6.142085211712985
111,112,-425.7071228027344,37.63711929321289,-432.6375818702922,33.64102906488898,8.000000000000014,12.040050070403586,-424.5046691894531,27.755285263061523,11.23481357642696,-428.9913330078125,28.143630981445312,9.835368431946279,2.4852659702301025,True,1.3994451444806817
112,113,-429.1660461425781,37.977447509765625,-421.3564211511392,36.24258224321251,7.999999999999974,7.1242074652043055,-400.368896484375,40.67950439453125,32.33377634764545,-405.8593444824219,38.97181701660156,26.764910500209297,17.16518783569336,False,5.56886584743615
113,114,-432.6162414550781,38.31691360473633,-437.2029312238198,44.87147514349087,7.999999999999993,14.572776517964437,-450.3564147949219,57.81430435180664,24.097512949699777,-455.1790466308594,55.57596206665039,25.762230015287166,7.355706691741943,True,-1.6647170655873893
114,115,-435.776611328125,38.627864837646484,-436.8220717418232,30.696470727946096,8.000000000000002,7.019403400026046,-445.6732482910156,33.509765625,8.394472606067259,-450.92388916015625,35.184532165527344,12.231122158953617,1.427478551864624,True,-3.8366495528863584
115,116,-439.2908630371094,38.962501525878906,-433.1623933237198,44.104666339657925,8.000000000000009,0.8161812482501757,-430.9779052734375,45.997398376464844,13.344964424145873,-434.14984130859375,39.91215896606445,8.377045184753943,1.8463890552520752,True,4.9679192393919305
116,117,-442.5021057128906,39.26829147338867,-450.49453097299045,39.6163409838294,7.999999999999983,11.976568488521123,-463.9151306152344,38.07854461669922,18.263118439792674,-467.08892822265625,37.499149322509766,21.476050396232125,7.749146461486816,False,-3.2129319564394514
117,118,-445.7133483886719,39.57407760620117,-440.05508680773244,33.91863103836372,7.99999999999998,4.96728576473089,-436.5628967285156,40.20808410644531,12.551884934791037,-437.19036865234375,35.048675537109375,12.863578359795163,0.7104741930961609,True,-0.3116934250041261
118,119,-449.110595703125,39.88394546508789,-449.4626224306472,47.87619653616355,7.999999999999997,6.6329910795805365,-454.30877685546875,60.160484313964844,20.10431701390346,-457.69390869140625,56.2283935546875,16.973437527912225,5.20323371887207,True,3.1308794859912368
119,120,-452.206787109375,40.16635513305664,-457.34590158406127,34.03532728969545,8.000000000000002,8.777521773900148,-448.0290222167969,30.058378219604492,12.877381837045501,-453.69390869140625,34.89276885986328,5.89909602407653,2.1893928050994873,True,6.978285812968971
120,121,-455.5990295410156,40.475765228271484,-447.6681566644625,41.5251724018482,8.000000000000004,3.496257114624791,-438.06982421875,52.68975830078125,24.19939963379689,-443.64068603515625,51.13005065917969,18.63303480635644,5.73926305770874,True,5.566364827440449
121,122,-459.1404724121094,40.788551330566406,-465.6973156077546,45.37197879347238,7.9999999999999885,14.933916784536958,-483.6087951660156,50.62646484375,23.308605201428747,-482.1171569824219,42.67190170288086,19.833321686361757,9.997759819030762,False,3.475283515066991
122,123,-462.3484802246094,41.07188034057617,-460.60972887934565,33.26311963484677,8.0,6.395838103264947,-454.05010986328125,28.273334503173828,17.421979468535522,-456.23028564453125,33.76218032836914,12.026085322676897,5.9225544929504395,True,5.395894145858625
123,124,-465.55621337890625,41.35519027709961,-461.56357244068954,48.287637055725185,8.000000000000007,3.3536568312647823,-468.2800598144531,72.68766021728516,31.018993225288696,-470.8619079589844,67.01097869873047,25.403977236032492,17.9859561920166,False,5.615015989256204
124,125,-468.9824523925781,41.67662048339844,-476.6093020762067,39.26184018214222,8.00000000000001,11.345678117535389,-487.2093200683594,41.607810974121094,15.106266178848573,-484.55291748046875,39.929954528808594,12.611583541657511,5.13751220703125,True,2.4946826371910618
125,126,-472.1073913574219,41.96978759765625,-464.8524291066602,38.59850850211653,7.999999999999979,5.644932560676458,-449.18487548828125,29.779237747192383,29.159114428540914,-452.95086669921875,33.57464599609375,24.196901456923577,12.772165298461914,False,4.962212971617337
126,127,-475.5235900878906,42.29027557373047,-478.5959071549515,49.67680844372073,7.999999999999997,4.561664437899924,-471.8412170410156,54.308250427246094,14.50895776186134,-477.68359375,48.51416778564453,6.4434982088212305,2.4262349605560303,True,8.06545955304011
127,128,-480.710693359375,42.825992584228516,-483.43479363245757,35.30407276930151,8.0,4.065273012206422,-484.646484375,33.473899841308594,9.872447283354235,-484.75323486328125,37.389801025390625,5.964271333631357,2.8444485664367676,True,3.908175949722878
128,129,-485.43988037109375,43.314414978027344,-478.3502297797614,47.020741257892716,8.000000000000009,5.5920552620056245,-484.92156982421875,56.045257568359375,12.930567604784475,-484.47760009765625,48.66655731201172,6.52205685295017,2.804007053375244,True,6.408510751834305
129,130,-488.66900634765625,43.66962432861328,-496.4002814795698,45.725684841987224,8.000000000000023,5.98678807529586,-501.9244689941406,40.653526306152344,10.567291212229119,-500.9963073730469,40.27128219604492,9.831740933027561,1.6002416610717773,True,0.7355502792015578
130,131,-491.9098205566406,44.02613067626953,-487.5978678077052,37.2876543283888,7.99999999999999,8.911780827946892,-482.3282165527344,33.26203155517578,17.22851971365153,-482.1377868652344,37.528602600097656,14.996000992481,3.7085766792297363,True,2.23251872117053
131,132,-495.4583435058594,44.41647720336914,-494.0860678955644,52.297902179183446,8.0,2.351977874151861,-494.3355712890625,63.94084167480469,19.720525966732424,-496.7433776855469,60.32207489013672,15.734122226141066,5.9139933586120605,True,3.986403740591358
132,133,-498.7073974609375,44.71101379394531,-505.0430968642279,39.82645515767675,8.000000000000002,8.39927089040415,-503.6760559082031,39.48189163208008,5.725958294593444,-506.1677551269531,40.74764633178711,5.788166207233539,1.663144826889038,True,-0.06220791264009495
133,134,-502.27886962890625,45.03477096557617,-494.3076501175098,44.356789032828125,8.000000000000005,9.237111005038585,-488.3499755859375,53.32643508911133,18.948165712649576,-484.5916748046875,48.76154708862305,21.215631647006397,4.839616775512695,True,-2.267465934356821
134,135,-505.52783203125,45.32929611206055,-510.9475910040284,51.21370030254471,7.999999999999988,4.10480771006839,-514.0205688476562,40.150001525878906,7.362483001221587,-512.700927734375,42.94915008544922,4.493583773863436,1.0786738395690918,True,2.8688992273581517
135,136,-509.0766296386719,45.60560607910156,-509.0551259636432,37.60563497965625,7.999999999999997,6.33000259031037,-502.04559326171875,27.33251953125,21.176711901852684,-499.87091064453125,35.96405029296875,15.891018556570708,10.000236511230469,False,5.285693345281976
136,137,-512.3068237304688,45.85710525512695,-506.9187770391512,51.770560493156765,7.999999999999997,5.391406136007735,-498.990966796875,72.83406066894531,31.43237795681574,-501.92401123046875,69.25471496582031,26.8520759057002,13.809853553771973,False,4.580302051115538
137,138,-515.5360717773438,46.1085319519043,-523.5035313399933,45.38770734248479,8.000000000000021,7.2731494571243696,-526.7919311523438,46.71416091918945,8.1108752225191,-531.7364501953125,44.79758071899414,13.143219966583828,1.1763087511062622,True,-5.032344744064728
138,139,-518.6881713867188,46.37449264526367,-512.3263046403457,41.52406467431168,8.000000000000032,10.893957586077494,-497.6772155761719,38.57218933105469,25.77382775020936,-494.8789978027344,40.073848724365234,28.05369849257178,12.039685249328613,False,-2.2798707423624194
139,140,-522.1470947265625,46.66633605957031,-523.5617202544266,54.54026993127098,7.999999999999993,5.310530229741135,-513.77734375,63.755367279052734,20.39040810900013,-514.8787841796875,60.07340621948242,16.771216587844783,3.643951654434204,True,3.619191521155347
140,141,-525.2991943359375,46.93229675292969,-529.5748594055462,40.170737153804055,8.000000000000023,8.78322228414131,-527.3113403320312,46.23125076293945,1.6836837573883672,-531.7935791015625,44.90742492675781,3.9416470743533374,1.616965889930725,True,-2.25796331696497
141,142,-528.637451171875,47.26866149902344,-520.9173409331787,49.36625485865628,7.999999999999947,11.51706302912944,-508.64947509765625,66.35448455810547,29.71697894498813,-510.4799499511719,59.74696350097656,24.446363791238618,7.9003472328186035,False,5.270615153749514
142,143,-531.6807861328125,47.5753059387207,-538.7902591139004,51.24346541333208,8.000000000000048,8.838516058117676,-545.3817749023438,50.318450927734375,10.63612112301766,-545.163330078125,47.958133697509766,10.141951052703455,2.4830105304718018,True,0.4941700703142047
143,144,-535.021484375,47.91190719604492,-532.2569863821105,40.40474056359896,7.99999999999999,6.844861371929925,-527.8273315429688,41.651161193847656,12.551939408101225,-532.5101928710938,41.77985763549805,8.853942930222175,2.1763463020324707,True,3.69799647787905
144,145,-538.438232421875,48.356380462646484,-535.4056690077205,55.759323062662475,8.000000000000009,5.430941051629038,-536.391845703125,71.69435119628906,23.534943567206362,-541.5484619140625,67.84163665771484,19.044734828631707,6.663022994995117,True,4.490208738574655
145,146,-541.8419799804688,48.799163818359375,-549.0787137381512,45.38893149190133,8.000000000000044,11.28156378044982,-546.1649780273438,40.54336166381836,8.744948654505889,-552.211181640625,41.14000701904297,10.85215111859078,2.1788318157196045,True,-2.1072024640848923
146,147,-544.947998046875,49.203216552734375,-537.3082769573219,46.82947232181197,7.999999999999953,7.041272297746161,-527.9990234375,54.37110900878906,22.462837133017413,-530.9898681640625,53.108009338378906,19.289201782178125,6.7946062088012695,True,3.1736353508392874
147,148,-550.000732421875,49.84299087524414,-554.0305838014627,56.75387344250247,8.000000000000014,10.462465539816325,-556.4453125,67.47259521484375,17.045724755313465,-563.2674560546875,65.96001434326172,17.518998392585793,5.444430351257324,True,-0.4732736372723281
148,149,-555.058349609375,50.48339080810547,-556.7550967177502,42.665395588727264,8.00000000000001,13.971003144841688,-564.9039916992188,42.541725158691406,10.649411883298896,-571.9415283203125,41.65837478637695,16.471316860974074,0.9076516628265381,True,-5.821904977675178
149,150,-558.309814453125,50.90394973754883,-551.7777060501668,55.52255989775966,8.000000000000005,4.68316343467115,-545.7227172851562,72.35961151123047,26.486167586705836,-551.7647094726562,71.54814910888672,22.571900637790705,8.835850715637207,False,3.914266948915131
150,151,-561.8694458007812,51.3643684387207,-569.8058455815566,52.3711248738673,7.999999999999989,14.322529484578007,-565.9070434570312,48.36227798461914,3.5110974917611104,-572.213134765625,49.869346618652344,7.339883881140112,2.073613405227661,True,-3.828786389379002
151,152,-565.1278686523438,51.78582763671875,-559.9558686506392,45.682515750343555,8.000000000000027,7.658641876876849,-549.2005615234375,51.92902374267578,19.04032279362514,-552.6661987304688,49.25828552246094,15.848938939300668,6.257704257965088,True,3.1913838543244726
152,153,-568.2388916015625,52.20448684692383,-567.929835498143,60.19851488821435,7.999999999999998,6.288920612249743,-562.9755249023438,85.88399505615234,34.33389532940467,-566.5328979492188,81.35772705078125,29.146748465940075,17.110448837280273,False,5.187146863464594
153,154,-571.646484375,52.663055419921875,-577.2742610811879,46.977272330031006,7.9999999999999964,9.708258682504301,-575.285888671875,57.1815185546875,4.066451683932395,-580.4742431640625,54.02233123779297,5.494187505644898,2.6913392543792725,True,-1.4277358217125027
154,155,-575.0543823242188,53.12166213989258,-567.0639436358041,53.512673094581096,8.000000000000009,3.3289810576751178,-563.1565551757812,73.33333587646484,24.884510410525774,-567.3170166015625,71.09800720214844,20.6811738779773,7.032690525054932,True,4.203336532548473
155,156,-578.2078857421875,53.51676940917969,-584.3639106580595,58.62591388112054,8.000000000000012,13.499212825126689,-577.84716796875,66.02771759033203,12.668552911327684,-580.485595703125,61.15987777709961,7.306149304172406,1.7189193964004517,True,5.362403607155278
156,157,-581.67431640625,53.951080322265625,-580.5862327233873,46.02542111314693,7.999999999999999,7.121070610298215,-561.9010620117188,36.83596420288086,28.8485380703956,-569.0794067382812,38.53807830810547,22.31377662367915,11.85692310333252,False,6.534761446716448
157,158,-584.8276977539062,54.34617614746094,-580.27631092701,60.92530055363801,8.000000000000002,2.0453275853745283,-585.4549560546875,65.74944305419922,11.325580867062266,-590.5674438476562,60.14692687988281,5.879368950153987,2.4741766452789307,True,5.446211916908279
158,159,-588.2053833007812,54.762908935546875,-596.0055689801419,52.986084980424586,7.999999999999963,9.16920049984029,-613.4346313476562,43.026222229003906,25.23844894334964,-616.8922119140625,40.73989486694336,29.37119865652515,14.09468936920166,False,-4.13274971317551
159,160,-591.295654296875,55.14418411254883,-584.3438127973858,51.18540907903417,7.999999999999955,4.118057148167543,-584.7511596679688,64.50685119628906,13.352370706596442,-590.2611083984375,60.20692443847656,6.400700377569912,0.6026063561439514,True,6.9516703290265305
160,161,-594.662353515625,55.5595588684082,-597.1143109703777,63.174537833584836,7.999999999999991,5.008046502763396,-609.73779296875,73.45953369140625,21.142501229197016,-610.1647338867188,70.87715148925781,19.327495164905546,4.940483093261719,True,1.8150060642914703
161,162,-597.8855590820312,55.9515380859375,-601.2214063465069,48.68021612716754,7.9999999999999964,6.043020014526985,-593.4393310546875,39.73744201660156,18.290255172548832,-597.5203857421875,40.73942565917969,16.01051723636207,5.531536102294922,True,2.2797379361867627
162,163,-601.1062622070312,56.34321212768555,-593.7348048425844,59.45152619227785,8.000000000000032,4.293336240512829,-589.6975708007812,57.25098419189453,14.950027720547467,-593.7369995117188,53.65236282348633,11.340741597213645,1.0687086582183838,True,3.6092861233338223
163,164,-604.6399536132812,56.77294158935547,-612.1750728420543,59.46031543907844,8.00000000000002,11.525502445460482,-616.74658203125,53.03668975830078,9.911951859496492,-620.7293090820312,50.71821594238281,14.50703515924695,2.2481064796447754,True,-4.595083299750458
164,165,-607.7582397460938,57.214786529541016,-604.0173722867271,50.143300783854215,7.999999999999996,7.5815327463037265,-592.7315673828125,30.275724411010742,33.057140007854734,-596.6661987304688,34.153079986572266,27.665457755486397,17.472684860229492,False,5.391682252368337
165,166,-611.1880493164062,57.70076370239258,-609.169728570739,65.44197687395743,7.999999999999987,3.9963618578051,-607.6322021484375,76.85845947265625,19.93561953206094,-608.9593505859375,70.36317443847656,13.42688080372382,2.384028196334839,True,6.50873872833712
166,167,-614.6174926757812,58.18669891357422,-621.3348539428176,53.841925316697214,8.000000000000009,10.446437904775145,-623.9842529296875,57.094749450683594,4.735236670688834,-624.5952758789062,55.34925079345703,6.113502487183741,1.8358495235443115,True,-1.378265816494907
167,168,-619.5903930664062,58.86009979248047,-611.7023675298308,57.52628828618219,8.000000000000025,10.97656943029986,-598.1651000976562,47.28813552856445,29.101182536682533,-599.8370971679688,47.11993408203125,27.66844485266331,11.042877197265625,False,1.432737684019223
168,169,-624.564453125,59.53366470336914,-629.479860938279,65.84546048818001,8.000000000000023,6.488763357104711,-625.8796997070312,82.09854125976562,22.228613225697313,-630.3212890625,84.76981353759766,24.938115665526972,10.184930801391602,False,-2.7095024398296594
169,170,-627.834228515625,59.956024169921875,-628.4733165630506,51.981592123209225,7.999999999999999,9.98419671428786,-620.2131958007812,55.73976135253906,11.83839635543851,-620.2183837890625,54.84467315673828,12.212289025872083,1.9917664527893066,True,-0.3738926704335732
170,171,-631.1049194335938,60.378509521484375,-625.2470243472678,65.82690975986614,7.999999999999994,6.437330033647983,-604.0437622070312,77.46110534667969,34.616858154840294,-605.0960693359375,75.94230651855469,32.97384939686977,16.17597007751465,False,1.6430087579705273
171,172,-634.3888549804688,60.80270767211914,-642.3886259884524,60.742178176637346,7.9999999999999565,5.5179926962428265,-636.40673828125,59.2848014831543,2.3813325063589645,-638.036865234375,58.900306701660156,2.3437711548347218,0.5565760731697083,True,0.03756135152424278
172,173,-637.7803955078125,61.230003356933594,-631.8407262480575,55.870868250899946,8.000000000000023,6.146178670577693,-619.0563354492188,57.42730712890625,22.223414387661297,-620.2318115234375,54.70164489746094,21.777106748326222,7.862531661987305,False,0.44630763933507467
173,174,-640.8805541992188,61.62059020996094,-641.6402377076786,69.5844385866551,8.000000000000002,4.196029025192143,-637.4308471679688,83.6798095703125,22.690251347572786,-640.4846801757812,86.94983673095703,25.188655948720445,8.36764907836914,False,-2.4984046011476586
174,175,-644.2847900390625,62.04948425292969,-649.1041253461622,55.664031473545684,8.000000000000018,6.448865430093836,-646.0486450195312,58.0355110168457,4.648898890733314,-641.9224243164062,56.17734909057617,8.39605171497113,1.7328078746795654,True,-3.7471528242378156
175,176,-647.5017700195312,62.45146942138672,-639.6348307741127,63.90448934860553,8.000000000000053,9.182093692401775,-622.1029663085938,90.02591705322266,39.668514021491774,-626.357666015625,88.97847747802734,35.91242838196332,17.96686363220215,False,3.7560856395284503
176,177,-651.04150390625,62.893795013427734,-657.8238409297594,67.13642444569419,7.999999999999994,2.9974385909157073,-648.8798828125,69.23507690429688,8.015002456303085,-642.3961181640625,66.01896667480469,12.174567306898883,3.192241668701172,True,-4.159564850595798
177,178,-654.2623291015625,63.296260833740234,-652.1270998634326,55.58647509737667,7.999999999999993,11.733444658767112,-626.8872680664062,51.93909454345703,32.966431250187455,-631.74560546875,51.18195343017578,28.804034105376267,15.431412696838379,False,4.162397144811187
178,179,-657.6737060546875,63.72810745239258,-654.0402722066979,70.85539013741942,8.000000000000012,13.102284717545734,-638.4276733398438,96.39353942871094,39.378517244676885,-638.2984619140625,96.18864440917969,39.285599459478135,22.373506546020508,False,0.09291778519875038
179,180,-661.0394287109375,64.15418243408203,-668.5330200291952,61.35309529603502,7.999999999999972,17.75421157672176,-672.52294921875,51.41508483886719,15.553849887384796,-677.3707275390625,47.011199951171875,21.93736264329954,4.2064666748046875,True,-6.383512755914744
180,181,-664.1990966796875,64.5541763305664,-656.7814484814348,61.55776260630225,7.999999999999974,16.40754906986406,-629.8828735351562,77.1292495727539,39.61558878512521,-630.082275390625,69.94990539550781,37.840581750766276,25.091917037963867,False,1.7750070343589357
181,182,-667.5989379882812,65.00929260253906,-671.044432529874,72.22930419282437,7.99999999999999,11.122528041697432,-695.005859375,61.615108489990234,24.315017409973837,-691.8234252929688,55.071502685546875,23.275104754197656,14.098278045654297,False,1.039912655776181
182,183,-670.9974365234375,65.46422576904297,-673.3338838325717,57.81301580122482,8.000000000000012,14.977788802365765,-663.3529052734375,51.88932800292969,17.638010527591465,-662.802734375,46.449989318847656,22.472121140688852,5.207205772399902,True,-4.834110613097387
183,184,-674.094970703125,65.87887573242188,-667.2038290994815,69.94239236196005,7.9999999999999885,10.039526567281017,-654.0375366210938,61.97267150878906,23.65816722834732,-656.7716064453125,58.842247009277344,21.843328335620097,11.145995140075684,False,1.8148388927272237
184,185,-677.2904663085938,66.33273315429688,-685.1166457053746,67.9913217257647,8.000000000000043,11.963868835081664,-696.9866333007812,61.694610595703125,16.998777239332846,-700.68017578125,50.306434631347656,25.86372222005679,9.10573673248291,False,-8.864944980723944
185,186,-680.7816772460938,66.82859802246094,-676.1312566068494,60.31909820464925,7.999999999999994,9.708352094047692,-658.4254760742188,66.04559326171875,25.57486308313429,-662.2832641601562,63.62053680419922,21.99402382067875,13.17382526397705,False,3.580839262455541
186,187,-683.970458984375,67.28150177001953,-683.002430486298,75.22271835357338,8.000000000000002,2.541215535249528,-680.813232421875,76.22074127197266,11.706852063107533,-677.4085693359375,67.60200500488281,11.750663531280724,2.342573642730713,True,-0.043811468173190704
187,188,-689.15234375,68.00431823730469,-695.2303525643943,62.80260612953225,8.000000000000037,21.79383958717148,-700.5830688476562,49.06224060058594,20.718586489615372,-702.9052124023438,36.945613861083984,32.9791137219099,12.410820007324219,False,-12.260527232294525
188,189,-693.8663330078125,68.661865234375,-685.8708924250495,68.39180989281031,8.000000000000039,12.072114716089466,-659.0059204101562,73.36033630371094,38.32509008930387,-662.9580688476562,66.87374877929688,34.205469486580455,26.255939483642578,False,4.1196206027234155
189,190,-697.0919189453125,69.0860824584961,-702.8050882354258,74.68605537472575,7.999999999999995,19.619250396192204,-715.1036987304688,81.9643783569336,19.06755937703504,-720.6287231445312,83.067626953125,24.137932625723025,3.520514965057373,True,-5.070373248687986
190,191,-700.6299438476562,69.5513916015625,-700.1999579709744,61.56295545010869,8.0,20.296304224406438,-704.7888793945312,48.253238677978516,21.742297608685067,-705.334228515625,36.19554138183594,33.81230256697381,13.643951416015625,False,-12.070004958288745
191,192,-703.8541259765625,69.97543334960938,-698.775073093406,76.15630883857531,7.999999999999995,12.84279135926397,-705.5945434570312,88.17491149902344,17.857843300095,-711.9491577148438,96.6505355834961,26.690361904370068,5.227685928344727,True,-8.83251860427507
192,193,-707.1878662109375,70.38829040527344,-715.1081231399265,69.26155610704647,7.999999999999988,15.828273899206186,-726.6068725585938,71.94203186035156,16.13734492650339,-726.129638671875,72.04439544677734,15.669143570061463,7.672926425933838,False,0.4682013564419254
193,194,-710.510009765625,70.7997055053711,-703.9087607171405,66.28046762715739,7.9999999999999645,20.541700544564446,-693.9441528320312,53.59246826171875,26.569359548916434,-702.0150146484375,41.881690979003906,31.620364102055472,11.283662796020508,False,-5.0510045531390375
194,195,-713.8317260742188,71.21107482910156,-715.6465803548231,79.00249985538349,8.00000000000001,12.41384562081008,-720.4721069335938,93.88616943359375,22.477097228103002,-716.6542358398438,96.78083038330078,25.139951344247873,8.614803314208984,False,-2.662854116144871
195,196,-717.2101440429688,71.64702606201172,-721.1349589619238,64.67595527970369,8.000000000000032,9.081986517437116,-722.7075805664062,45.16455078125,27.00161389211953,-724.419189453125,32.88285827636719,39.38678014109586,15.81613540649414,False,-12.385166248976333
196,197,-720.5869750976562,72.082763671875,-712.9840480701422,74.57183992910313,8.000000000000034,6.568047179192398,-699.4285278320312,94.50755310058594,32.75177115839899,-709.8350830078125,95.22966003417969,26.624139626439092,12.843043327331543,False,6.127631531959896
197,198,-723.6663208007812,72.48011779785156,-730.953829426605,75.78045384567218,7.999999999999998,4.944701271703083,-742.6417236328125,68.62388610839844,16.26646688063865,-735.4876708984375,73.74868774414062,8.579940664085669,5.826506614685059,True,7.686526216552981
198,199,-726.9491577148438,72.90656280517578,-723.8049206235382,65.55035637022178,8.000000000000002,3.6233871128056894,-723.3903198242188,51.76267623901367,22.631196635747703,-724.8397216796875,38.14644241333008,35.5985524993015,12.26241397857666,False,-12.967355863553795
199,200,-730.236328125,73.33356475830078,-727.5857446520326,80.88170408218929,7.999999999999982,10.373737403039284,-718.2593994140625,83.07991027832031,17.88247172894136,-723.3114013671875,84.10435485839844,14.534198899928985,2.136746883392334,True,3.3482728290123767
200,201,-733.5213623046875,73.76029205322266,-740.5745149194229,69.98497243850761,8.000000000000044,2.155628539485617,-741.4973754882812,54.19515609741211,20.52367844317288,-746.2973022460938,59.9442024230957,17.06706818407689,8.145480155944824,False,3.4566102590959886
201,202,-736.914306640625,74.20057678222656,-729.1633396527072,72.22004383571708,8.000000000000032,8.516925374552773,-718.6380004882812,75.65104675292969,21.38700425441355,-725.8978271484375,81.82852935791016,15.845745656917915,7.7112345695495605,False,5.541258597495636
202,203,-739.9992065429688,74.60089111328125,-744.3766975920395,81.296977441526,8.000000000000034,5.530701047534969,-739.2849731445312,80.48174285888672,6.814052157938607,-731.296875,83.76853942871094,14.91114034815067,1.6757519245147705,True,-8.097088190212062
203,204,-743.3866577148438,75.04046630859375,-744.6819733754592,67.14602792835642,7.999999999999987,9.833063980716497,-736.1783447265625,73.17332458496094,12.26513243492435,-735.3496704101562,74.26302337646484,12.914527637770394,1.6483328342437744,True,-0.6493952028460441
204,205,-748.1880493164062,75.66339874267578,-741.900307356485,80.60953875741913,8.0,13.317145140625756,-728.3843383789062,103.26449584960938,36.517591775213454,-724.4697265625,94.504638671875,33.84752358803296,17.66193389892578,False,2.6700681871804903
205,206,-752.99658203125,76.28724670410156,-760.9740368399008,76.8874256573597,7.999999999999992,5.340644226185572,-769.0488891601562,87.08672332763672,16.936509597971508,-770.4335327148438,90.75385284423828,20.39005098138401,5.0975823402404785,True,-3.453541383412503
206,207,-755.71923828125,76.63848114013672,-750.2423264368206,70.807234562573,7.999999999999993,5.850741475285207,-741.258544921875,82.13294219970703,17.711087967066657,-737.5096435546875,84.85028076171875,22.141452327625494,2.5324482917785645,True,-4.430364360558837
207,208,-758.19677734375,76.9581069946289,-758.2963312192207,84.95748753476317,8.000000000000004,11.978055736248326,-748.4403076171875,88.153076171875,16.37037573216825,-746.0274658203125,89.15204620361328,18.856939939255188,1.5556862354278564,True,-2.486564207086939
208,209,-760.6763916015625,77.27799224853516,-766.0064875870635,71.31225031769816,8.000000000000023,5.256951428092268,-767.6015014648438,61.0984992980957,17.25674002119056,-760.0162963867188,67.43412017822266,10.172084745025987,6.563195705413818,True,7.084655276164572
209,210,-761.981689453125,77.4145278930664,-754.021641783897,78.2130522218243,7.99999999999997,9.723603831992504,-752.7254638671875,88.22425842285156,15.093945098364212,-749.2557983398438,87.02769470214844,17.027594765011163,2.73831844329834,True,-1.93364966664695
210,211,-763.4113159179688,77.5640640258789,-769.820202771085,82.352191979887,7.99999999999996,4.044974890674453,-782.7376708984375,99.30904388427734,28.13405609239272,-792.1630249023438,96.82300567626953,33.44760112874106,12.69428825378418,False,-5.313545036348344
211,212,-764.7205200195312,77.70100402832031,-763.2291402715327,69.84124662447762,8.000000000000007,6.637841072817538,-754.8389282226562,61.33224868774414,19.11636729858878,-755.2279052734375,66.16157531738281,14.930627020077601,6.780508995056152,True,4.1857402785111795
212,213,-764.672607421875,77.7253646850586,-760.4631145918995,84.52831772872902,7.999999999999986,3.2023043607996686,-772.9428100585938,91.82843017578125,16.352721931562183,-775.6077270507812,86.43180084228516,14.00239134074475,2.170370101928711,True,2.3503305908174337
213,214,-764.6199951171875,77.75212860107422,-772.3192728758215,75.57931429805537,7.999999999999993,2.8444346743322573,-766.53857421875,77.00226593017578,2.118736485883374,-762.8115234375,75.30719757080078,3.0318793337669647,2.2158985137939453,True,-0.9131428478835906
214,215,-764.5673217773438,77.7789306640625,-757.4223990015246,74.18030891017114,7.999999999999978,9.33005872373658,-749.5803833007812,62.642822265625,20.943271259651553,-754.2100830078125,67.44799041748047,14.271057839745735,7.026933670043945,True,6.672213419905818
215,216,-763.9747924804688,77.8553695678711,-766.8124021041588,85.33520724148016,7.999999999999981,10.629006456570023,-774.6257934570312,99.40030670166016,24.216170369882626,-773.329833984375,100.4457015991211,24.598577084718233,7.603990077972412,False,-0.3824067148356072
216,217,-763.4349975585938,77.92499542236328,-766.3951902851238,70.49281814906048,8.000000000000007,5.0818155089573755,-758.1344604492188,69.01464080810547,10.144967103228156,-758.0629272460938,73.1481704711914,6.810985531640865,3.1034464836120605,True,3.333981571587291
217,218,-762.8414306640625,78.0015640258789,-755.6383130610583,81.4822387876588,8.000000000000044,5.166574696642922,-747.4866943359375,104.46418762207031,30.361238750095275,-747.5364990234375,100.84440612792969,27.221722047089646,12.20814037322998,False,3.1395167030056292
218,219,-762.160400390625,77.88436126708984,-769.8229171552817,80.1834560522943,7.999999999999999,4.786362064496997,-765.0642700195312,70.70252227783203,7.906686198438265,-761.817138671875,73.20580291748047,4.579245422139229,2.2022764682769775,True,3.327440776299036
219,220,-761.5316162109375,77.77613830566406,-757.4345310339191,70.9049016591603,7.999999999999987,6.482443850062991,-748.844970703125,80.30985260009766,12.342235725698643,-742.1703491210938,84.399169921875,19.90360525394488,1.9514003992080688,True,-7.561369528246235
220,221,-760.9010620117188,77.66761016845703,-759.2806714478007,85.50178749733882,8.000000000000002,14.559303333184278,-759.7816772460938,91.31096649169922,13.860334987655415,-760.7623291015625,96.12641906738281,18.684552417552762,1.8471583127975464,True,-4.824217429897347
221,222,-760.08837890625,77.45402526855469,-766.5751152275982,72.77190481973008,7.99999999999996,4.5303435726466255,-756.688720703125,79.23704528808594,3.2191157670726125,-751.9235229492188,83.01606750488281,9.300853947609216,2.144882917404175,True,-6.081738180536604
222,223,-759.1974487304688,77.2198715209961,-751.2516043270618,76.29059399686903,8.000000000000037,10.632159228443506,-740.4115600585938,94.42394256591797,24.992129937875273,-742.3966064453125,94.59712219238281,23.73875673112671,4.182410717010498,True,1.253373206748563
223,224,-758.3172607421875,76.98856353759766,-763.5485611670894,83.0411246372002,8.00000000000002,13.12410914238362,-765.5586547851562,85.4552993774414,12.669789447359912,-764.246337890625,88.37371063232422,14.032050016828606,1.155958652496338,True,-1.3622605694686936
224,225,-756.294921875,76.8119888305664,-756.5259700280059,68.81532597966462,8.000000000000005,5.91371517377699,-748.601806640625,54.43450164794922,22.860168207050794,-751.079345703125,61.85334777832031,15.075576211201321,10.6250638961792,False,7.784591995849473
225,226,-754.1097412109375,76.62120819091797,-748.5377053513076,82.3616277207955,8.000000000000028,10.841145830780007,-737.4415893554688,88.63399505615234,18.989579273272067,-732.1486206054688,88.25623321533203,23.09211662609126,1.009081482887268,True,-4.102537352819194
226,227,-751.9635009765625,76.39805603027344,-759.9497444844114,75.92910546428585,7.999999999999963,6.335258591054272,-769.5994262695312,74.63812255859375,20.04153414860161,-764.4835205078125,78.09858703613281,14.994862286124434,11.127045631408691,False,5.046671862477176
227,228,-749.6152954101562,76.1539077758789,-743.4097164389003,71.10506735143429,7.999999999999997,8.179869332710972,-736.8161010742188,77.38391876220703,10.754113723961964,-734.87451171875,82.70233154296875,14.301668689389613,0.9778304696083069,True,-3.547554965427649
228,229,-747.4716186523438,75.93102264404297,-748.6369767522176,83.84568880876895,7.999999999999997,10.927396816048327,-746.2014770507812,110.29927062988281,34.65015580685399,-745.8535766601562,106.75987243652344,31.099393241092454,19.06430435180664,False,3.5507625657615343
229,230,-744.6644897460938,75.68321990966797,-749.1514711280228,69.06000331361568,8.000000000000002,8.367200345072835,-762.6109008789062,61.02259063720703,25.268475179961797,-758.4252319335938,66.61526489257812,18.77060353829069,10.475659370422363,False,6.497871641671107
230,231,-741.8558959960938,75.4352798461914,-734.0734170411173,77.28812126286701,7.999999999999991,15.185561124244519,-718.5159912109375,82.65403747558594,21.595537904044566,-718.1223754882812,88.80609130859375,24.7484663159447,6.436015605926514,True,-3.1529284119001346
231,232,-738.7706298828125,75.16291809082031,-745.7607640522814,79.05367949353113,8.00000000000005,11.83085559121696,-752.7821044921875,93.43282318115234,25.112599922286407,-748.5595092773438,97.94427490234375,26.334110541114356,8.067788124084473,False,-1.2215106188279492
232,233,-735.8690185546875,74.86968231201172,-733.3428827293478,67.27898815456238,8.000000000000002,3.262104998930179,-724.5289916992188,79.07810974121094,9.335390570940463,-719.0228881835938,87.55482482910156,18.868063943708506,1.0544655323028564,True,-9.532673372768043
233,234,-732.69189453125,74.54859161376953,-729.4271482405895,81.85211348048688,7.999999999999983,16.318142229054533,-715.3314208984375,90.91111755371094,21.899646244180456,-715.333740234375,90.71833801269531,21.75163159369901,2.29784893989563,True,0.14801465048144635
234,235,-729.5181274414062,74.22783660888672,-736.8589078858553,71.04775131657233,7.999999999999968,8.71241086765098,-741.6097412109375,80.34379577636719,16.43035293684141,-740.271484375,81.67648315429688,15.814793136986909,6.082181453704834,True,0.6155597998545002
235,236,-726.4802856445312,73.93629455566406,-718.9193058541064,71.32256453732117,8.000000000000012,3.606965542416234,-700.8223876953125,76.47874450683594,22.800604959223975,-708.4986572265625,83.16695404052734,17.722731754492596,10.182557106018066,False,5.077873204731379
236,237,-723.4462280273438,73.6451187133789,-727.2559099533715,80.67977034814355,7.9999999999999805,12.992476099912981,-728.09814453125,100.54645538330078,28.364662483209518,-722.256103515625,90.60554504394531,17.410608306260023,11.821346282958984,False,10.954054176949494
237,238,-720.1226196289062,73.3261489868164,-722.0653176440703,65.56561263796283,8.000000000000002,6.122660595176492,-715.0107421875,64.3977279663086,8.825005385881788,-722.8416748046875,73.53657531738281,5.884218460674245,2.5966320037841797,True,2.9407869252075427
238,239,-716.9819946289062,72.999755859375,-710.3073425911055,77.40986018629074,7.999999999999956,10.919194135030528,-713.7216186523438,95.91802978515625,23.244794288293726,-717.6873779296875,93.62199401855469,21.29823608306369,7.523789405822754,False,1.946558205230037
239,240,-713.8432006835938,72.67355346679688,-721.7438640377825,73.93034245615803,8.000000000000016,14.744132060278273,-719.342529296875,80.29950714111328,11.747468605657692,-724.3092041015625,86.42669677734375,19.58457996222224,2.6132278442382812,True,-7.837111356564547
240,241,-710.696533203125,72.3465347290039,-705.7197786938206,66.08299622795532,8.000000000000004,20.077260830010566,-690.1044921875,51.40789031982422,26.90159536914256,-699.1276245117188,38.65399932861328,34.36225422184554,11.417701721191406,False,-7.460658852702981
241,242,-707.4120483398438,72.00265502929688,-706.8507927636491,79.98294275457285,7.999999999999995,15.497274888189812,-711.736083984375,101.33773040771484,30.638632703876375,-715.7794189453125,97.22256469726562,28.093907266153998,13.225475311279297,False,2.544725437722377
242,243,-704.1277465820312,71.65879821777344,-709.9322058804033,66.15350510536413,7.9999999999999645,18.533344926558215,-704.9685668945312,45.74568176269531,25.885552421959684,-700.7882080078125,34.2166862487793,37.129521382320306,15.146012306213379,False,-11.243968960360622
243,244,-701.12744140625,71.34465789794922,-693.1286417010608,71.48323378425236,7.9999999999999565,3.7870894948544898,-676.9820556640625,72.08206176757812,21.03083221469521,-678.4116821289062,63.42610168457031,20.997522349886626,8.20767879486084,False,0.033309864808583
244,245,-697.9862670898438,71.02423095703125,-703.9779397206488,76.32516097781644,8.000000000000002,14.965097415665326,-709.0099487304688,85.80720520019531,20.927064553184174,-712.814697265625,83.9941177368164,22.601388922201835,4.7025227546691895,True,-1.6743243690176612
245,246,-694.5553588867188,70.67423248291016,-693.7180127407294,62.71817495221087,8.000000000000004,21.499391967410123,-699.0715942382812,47.304290771484375,24.287930559162767,-702.23828125,36.7481803894043,35.30554771117648,14.192689895629883,False,-11.017617152013713
246,247,-691.4153442382812,70.35391998291016,-686.6585375839389,76.78608839280157,8.000000000000025,6.65353222919649,-684.6234741210938,89.25826263427734,19.554961504598726,-690.7938842773438,92.97593688964844,23.07618541886638,5.451831817626953,True,-3.5212239142676545
247,248,-688.242919921875,70.04118347167969,-696.0953084397601,68.51147939435405,7.999999999999988,11.751050802855426,-692.87841796875,67.8736343383789,8.321417296687162,-700.183349609375,52.77564239501953,22.896661994069152,0.8470514416694641,True,-14.57524469738199
248,249,-684.7593994140625,69.69778442382812,-677.9359922450687,65.52152837251558,8.000000000000002,6.272289906771661,-666.5489501953125,69.73077392578125,15.04595582051952,-672.8281860351562,68.10311889648438,8.856084832308696,1.6548014879226685,True,6.189870988210824
249,250,-681.5909423828125,69.38543701171875,-683.8012900426725,77.07402356729266,8.000000000000014,1.985248425329561,-697.2399291992188,74.22636413574219,19.605913363889755,-705.134521484375,79.05661010742188,28.612941668664124,11.556281089782715,False,-9.00702830477437
250,251,-678.333251953125,69.0370101928711,-681.8969759738909,61.87461735920046,8.000000000000025,5.985579937819133,-667.786865234375,42.254730224609375,27.419724257935897,-671.606689453125,34.859046936035156,34.00658361914979,17.304141998291016,False,-6.5868593612138895
251,252,-675.073974609375,68.68840789794922,-667.6080685835693,71.56247247861516,8.000000000000004,2.971431093188706,-664.370849609375,79.421630859375,13.34637820013817,-673.7034912109375,69.19671630859375,2.0810769472963453,2.263882875442505,True,11.265301252841825
252,253,-671.807373046875,68.33903503417969,-679.2539025262822,71.26293631710973,8.000000000000044,7.838624243089096,-678.1854248046875,62.644989013671875,12.577262882969613,-678.1500244140625,63.82008743286133,12.11151680632091,4.708825588226318,True,0.4657460766487027
253,254,-666.7041015625,67.77984619140625,-663.1883294126905,60.59379399352851,8.0,3.1905429466479966,-658.0040283203125,70.51005554199219,5.186705669950255,-663.30029296875,65.66555786132812,2.0316034858234953,1.7984436750411987,True,3.15510218412676
254,255,-662.0545043945312,67.27037048339844,-659.7928168464922,74.94401169439112,8.000000000000009,3.4192664747626584,-647.2141723632812,79.88975524902344,17.37456101002612,-657.0352172851562,68.62297821044922,2.434960434694346,2.4840567111968994,True,14.939600575331774
255,256,-658.7772216796875,66.92166900634766,-665.6283898492195,62.79111278317491,7.999999999999974,9.324967113041302,-654.3341064453125,69.38541412353516,3.0442316043450166,-660.9451293945312,62.68381881713867,6.692188118372459,1.580436110496521,True,-3.6479565140274426
256,257,-655.4989624023438,66.57286071777344,-647.6569735769953,64.99070672302139,8.000000000000032,6.579204185397361,-633.9473876953125,76.06461334228516,20.75382180489022,-637.7392578125,71.47516632080078,15.403330451462892,5.03088903427124,True,5.350491353427326
257,258,-652.2198486328125,66.22396850585938,-656.9335574673803,72.68778696114703,7.999999999999983,9.807490554581934,-655.8403930664062,76.08023071289062,12.397567303828223,-659.374755859375,63.516021728515625,10.823434417190994,1.6122560501098633,True,1.57413288663723
258,259,-648.8101196289062,65.86872100830078,-649.7006240643884,57.91843787809802,8.000000000000004,14.372080101025613,-640.735595703125,53.676025390625,12.859062138809971,-655.274169921875,55.7788200378418,13.683964551418498,1.555841088294983,True,-0.8249024126085267
259,260,-645.6875,65.54338073730469,-639.6605306524017,70.80414498626226,7.999999999999982,2.8634272874134115,-624.7108154296875,94.11933898925781,33.849211282611876,-626.1181030273438,92.06143951416016,31.360056510960508,15.227802276611328,False,2.489154771651368
260,261,-642.2831420898438,65.18869018554688,-650.2808369064636,65.38072565157286,7.999999999999995,13.495083867897403,-649.8623657226562,54.59642028808594,14.90138927580328,-649.632080078125,54.286895751953125,14.952445230952655,3.506868600845337,True,-0.051055955149374554
261,262,-639.0567626953125,64.85752868652344,-633.2892295346232,59.31356248529621,8.000000000000002,6.410380877791166,-609.0609741210938,52.73344421386719,28.962489097096775,-609.6016845703125,51.21284103393555,29.130378411216316,12.536982536315918,False,-0.16788931411954167
262,263,-635.5276489257812,64.49528503417969,-636.0355530211153,72.47914584395981,8.000000000000005,3.6473719238746325,-619.78857421875,85.36477661132812,24.619586866712137,-621.9776611328125,83.78097534179688,22.169105430419854,6.038356304168701,True,2.450481436292282
263,264,-632.3055419921875,64.16455078125,-637.3240498069811,57.93441600639514,7.999999999999995,10.489083648512858,-630.859375,39.7047119140625,24.179327936816122,-636.9776611328125,37.71567916870117,27.31009028142828,12.716104507446289,False,-3.130762344612158
264,265,-628.9029541015625,63.80475997924805,-620.9940670521852,65.00871414789086,8.000000000000036,8.493951515613414,-602.6666259765625,58.55558776855469,23.358556476817018,-604.0118408203125,57.46098709106445,22.313302656833883,6.910232067108154,True,1.0452538199831345
265,266,-625.507568359375,63.44573211669922,-632.1525948854764,67.90035022237436,8.000000000000037,11.212384865454949,-622.7963256835938,67.53500366210938,4.43374303841487,-624.9117431640625,61.74613952636719,2.853559217491383,2.5165047645568848,True,1.5801838209234873
266,267,-622.40966796875,63.1181526184082,-620.5188835094232,55.3448049400673,7.999999999999985,8.489464163164731,-601.5623168945312,64.63986206054688,17.568090058466687,-599.9742431640625,60.00752639770508,19.2527819057736,5.363277912139893,True,-1.6846918473069117
267,268,-619.0294189453125,62.75886917114258,-615.1728036501347,69.76790037844937,7.999999999999985,3.367821596187766,-604.6435546875,82.41838836669922,22.96004374512967,-605.6173095703125,81.20623779296875,21.42710897644778,7.832188129425049,False,1.5329347686818906
268,269,-615.9420776367188,62.43071746826172,-623.5203582828156,59.86758219110713,7.999999999999978,9.979811390552648,-611.7911376953125,67.13946533203125,5.1264367874450345,-616.1849975585938,61.50785446166992,3.6638320052287017,2.2171502113342285,True,1.4626047822163328
269,270,-612.5648193359375,62.071746826171875,-605.2454580355652,58.842667986221976,7.999999999999986,9.41449049046955,-586.7345581054688,40.78710174560547,30.91550466456738,-592.200439453125,42.86394119262695,25.583750226855894,14.366437911987305,False,5.331754437711485
270,271,-609.4505004882812,61.757423400878906,-612.6663583027953,69.0826031609141,8.00000000000002,8.233330634622058,-598.1783447265625,94.19181060791016,33.70858456653968,-600.8936157226562,90.65853881835938,29.694906003530356,18.144550323486328,False,4.0136785630093215
271,272,-606.0428466796875,61.413490295410156,-608.6196610425646,53.839849972601705,8.000000000000002,7.742040458591292,-593.3145141601562,53.19937515258789,12.201550603170054,-596.5020751953125,50.977298736572266,11.811578894231092,2.1396288871765137,True,0.3899717089389618
272,273,-602.6383056640625,61.06987380981445,-595.6223224180069,64.91382738537527,7.999999999999989,5.901974473188085,-578.5872192382812,89.37649536132812,35.40734352389202,-583.3745727539062,85.32111358642578,29.349087010491903,14.57750129699707,False,6.058256513400114
273,274,-599.4192504882812,60.74597930908203,-607.1891715149247,62.650796161097624,7.9999999999999485,10.54287625893769,-621.4384765625,69.31787109375,26.75282409036265,-624.9461669921875,65.85369873046875,29.24711268157795,17.94603157043457,False,-2.494288591215298
274,275,-596.2077026367188,60.42283630371094,-591.7650899824278,53.769777397919285,8.000000000000007,7.067902628448613,-575.7642822265625,51.344905853271484,19.0334113679463,-580.1469116210938,50.340667724609375,15.865894076829948,2.2059333324432373,True,3.1675172911163525
275,276,-592.6810913085938,60.067996978759766,-591.4628588992124,67.97469728904932,7.999999999999999,6.5003998945329275,-584.3941040039062,83.36084747314453,24.013583161876465,-587.4888305664062,80.9860610961914,21.414485943481015,10.476941108703613,False,2.5990972183954497
276,277,-587.6744995117188,59.57238006591797,-593.9136854958981,54.56512949751017,8.000000000000021,10.701247917604572,-598.0948486328125,48.357666015625,18.78152561442341,-600.477783203125,46.437828063964844,21.835030039912546,8.582353591918945,False,-3.0535044254891375
277,278,-582.6729125976562,59.07725524902344,-574.689981868485,58.55493640650167,7.9999999999999885,2.8342708065737288,-557.193603515625,73.19137573242188,26.459427035059306,-561.0621337890625,71.3391342163086,22.21432415459226,7.932722091674805,False,4.245102880467048
278,279,-579.3577270507812,58.73963165283203,-584.8912704176938,64.51716553905871,7.999999999999976,10.638109444384,-585.4751586914062,75.4276123046875,19.463633422845927,-587.8787231445312,71.66239929199219,17.77409771359164,1.9022256135940552,True,1.6895357092542866
279,280,-576.0430908203125,58.402069091796875,-575.8654962209675,50.404040574825736,8.000000000000004,9.331746285773203,-559.23388671875,50.75188446044922,15.346220296532872,-562.2190551757812,48.670921325683594,14.093596194207052,2.4778265953063965,True,1.2526241023258198
280,281,-572.7259521484375,58.064247131347656,-567.4543142424683,64.08170787391583,8.000000000000039,4.726225760289166,-556.90576171875,85.30236053466797,30.24186773263446,-559.9067993164062,81.04118347167969,25.148010842361952,12.305871963500977,False,5.093856890272509
281,282,-569.2215576171875,57.68186569213867,-577.1734356732517,56.80571765585414,8.000000000000012,11.632463176100742,-581.76318359375,37.96063995361328,24.95541603834469,-584.485595703125,37.15672302246094,27.34281539220738,12.671130180358887,False,-2.3873993538626905
282,283,-566.0326538085938,57.333900451660156,-559.5773569129321,52.60852829818255,7.9999999999999964,9.27094946892199,-553.0839233398438,50.896419525146484,11.491319669807778,-558.3956298828125,49.175899505615234,8.979822456953562,1.6930211782455444,True,2.5114972128542163
283,284,-562.8300170898438,56.98444747924805,-564.3980090930124,64.82928024215632,7.999999999999995,5.607089890907621,-559.0211181640625,64.73847198486328,8.11957077188965,-562.7883911132812,61.49370574951172,5.918339950559548,2.3515126705169678,True,2.2012308213301024
284,285,-559.4182739257812,56.62862014770508,-563.5611938130183,49.78492123498722,8.000000000000012,10.769715176786681,-560.4808959960938,37.96303176879883,18.84780270744404,-567.175048828125,37.111820220947266,22.17609719411719,10.48238754272461,False,-3.328294486673151
285,286,-556.011962890625,56.27336502075195,-548.3342505090156,58.52119343619687,7.999999999999948,4.67082935118219,-530.614013671875,77.01217651367188,30.66710469820989,-531.4034423828125,76.88217163085938,30.00738071862991,13.192597389221191,False,0.6597239795799794
286,287,-552.9035034179688,55.94917678833008,-560.0831958608024,59.47791826742956,8.00000000000003,14.493638564683419,-565.231689453125,61.74991226196289,17.017769778476712,-571.406982421875,57.49186325073242,22.123342242398675,8.045124053955078,False,-5.105572463921963
287,288,-549.3648681640625,55.597801208496094,-546.4544170226326,48.14600450210713,8.000000000000004,14.401961315168803,-523.5509033203125,40.807640075683594,26.82941169329878,-523.2301025390625,42.843292236328125,26.07003319363262,8.986505508422852,False,0.759378499666159
288,289,-546.1435546875,55.27793502807617,-543.2560144303823,62.7386395030922,7.999999999999985,8.527508322250029,-533.506103515625,61.84246063232422,11.667154279477382,-536.2123413085938,58.19915008544922,7.4548087497391915,0.46172255277633667,True,4.21234552973819
289,290,-542.9259033203125,54.958431243896484,-550.0947191013363,51.40764537345248,8.000000000000036,11.371169833831262,-549.6659545898438,56.246158599853516,10.206237491592429,-552.6295166015625,54.552188873291016,13.037783037901042,1.301496148109436,True,-2.8315455463086128
290,291,-539.5918579101562,54.609130859375,-531.9072748680667,52.38490437153027,8.000000000000044,8.316966198701929,-525.0236206054688,39.035465240478516,18.915945188764645,-523.3668823242188,43.081363677978516,17.057021170667042,4.360207557678223,True,1.8589240180976034
291,292,-536.2509765625,54.25911331176758,-540.4149055339667,61.09004996207989,7.999999999999982,6.428494147995241,-532.180908203125,60.392616271972656,6.524673404159582,-536.2854614257812,58.24671173095703,5.4766989403271715,1.573951244354248,True,1.0479744638324107
292,293,-532.9381103515625,53.91202926635742,-534.4819901254755,46.0624155660724,7.99999999999999,10.805119561714722,-519.3297119140625,33.222320556640625,22.868598642345496,-517.955810546875,38.635047912597656,19.03369712228274,12.647417068481445,False,3.8349015200627576
293,294,-529.7330932617188,53.587547302246094,-523.2923464966959,58.33273234698855,7.999999999999964,6.59821877008695,-500.1618957519531,69.4491195678711,30.707435283837622,-501.3401184082031,64.58091735839844,27.36249577715645,11.571294784545898,False,3.344939506681172
294,295,-526.2388916015625,53.23379135131836,-534.1934242598725,54.08550150617183,8.000000000000027,9.40725476956926,-532.1978759765625,63.11213684082031,13.7078890855764,-536.64990234375,62.8951301574707,16.878043562717398,2.6070196628570557,True,-3.170154477140997
295,296,-523.042236328125,52.910152435302734,-517.7521334493571,46.90891826789585,8.00000000000003,8.989060270980044,-494.78515625,33.351654052734375,31.40699238573247,-494.65826416015625,37.20504379272461,29.31807282219344,15.056478500366211,False,2.0889195635390294
296,297,-519.6348266601562,52.55824279785156,-519.4818084511182,60.55677925321031,8.000000000000004,3.747075937802576,-512.4051513671875,89.4498291015625,37.44020193264787,-516.2387084960938,87.96751403808594,35.730573959621594,22.01113510131836,False,1.7096279730262722
297,298,-516.5357055664062,52.23817443847656,-522.051470175422,46.44366490117059,8.00000000000001,9.526101542217743,-521.0626220703125,47.916751861572266,8.873913735234094,-517.792236328125,45.558128356933594,7.862358060032781,2.2924132347106934,True,1.011555675201313
298,299,-513.1259155273438,51.88601303100586,-505.1446274133937,52.43285856872199,8.000000000000004,9.726694234567894,-493.0831604003906,72.61638641357422,26.038530265378036,-491.62103271484375,69.00243377685547,24.156961293705578,8.925129890441895,False,1.8815689716724577
299,300,-508.12420654296875,51.36145782470703,-514.3787488583594,56.34951360075725,7.999999999999978,6.120094737997564,-514.30224609375,62.5064811706543,16.14081867781298,-515.109375,60.398292541503906,15.311281390997541,2.303934335708618,True,0.8295372868154391
300,301,-503.1483154296875,50.8396110534668,-501.90579384365157,42.936691332994194,8.000000000000002,11.369464954784286,-483.0460510253906,42.67768478393555,19.23218385048967,-482.5819091796875,38.617652893066406,21.60568025903177,4.670444488525391,True,-2.3734964085421026
301,302,-500.5922546386719,50.55217742919922,-496.17010581904805,57.21885574880485,8.00000000000001,5.2596509462185175,-477.4300842285156,60.18032455444336,22.87454183107796,-480.286376953125,54.428184509277344,18.239210059992985,6.844865798950195,True,4.635331771084974
302,303,-498.04425048828125,50.265647888183594,-505.80828190195996,48.33696538258285,8.00000000000001,10.176769894925146,-511.2356872558594,38.33275604248047,19.412671911482093,-507.9189453125,39.290077209472656,16.233419198320917,6.683661460876465,True,3.1792527131611763
303,304,-495.7238464355469,50.00471496582031,-488.69608498943245,46.18233755686289,8.000000000000023,14.318926723258674,-473.6042175292969,53.637351989746094,21.571105057059295,-477.87677001953125,48.50785446166992,17.02954129512885,8.386580467224121,False,4.541563761930444
304,305,-494.8492431640625,49.900848388671875,-497.4493168962307,57.466535177542326,7.9999999999999964,6.37150589749323,-496.3446350097656,66.95645904541016,17.32233914727243,-496.48638916015625,63.94822311401367,14.372385665503508,5.567514419555664,True,2.9499534817689224
305,306,-493.9747619628906,49.7969970703125,-497.1680965073854,42.46197052046716,7.999999999999989,10.28020421927189,-485.9793701171875,33.28019332885742,17.890597172059827,-484.6227111816406,37.397300720214844,14.934400014203689,9.162863731384277,False,2.9561971578561383
306,307,-493.0992431640625,49.69301986694336,-485.7898384110885,52.94457367354123,7.999999999999989,8.698508709551653,-471.20751953125,44.306034088134766,22.448460212009838,-477.7179870605469,40.89263153076172,17.64201261665495,6.543684005737305,True,4.806447595354889
307,308,-492.9938049316406,49.718162536621094,-500.57992555138736,52.2579999217017,7.999999999999982,10.575614697901202,-506.09149169921875,67.72908782958984,22.31173862904158,-506.5673828125,64.78565979003906,20.332020433364452,6.07666015625,True,1.9797181956771297
308,309,-492.8882141113281,49.74333953857422,-489.01008036360315,42.74619164569982,8.000000000000002,10.799639425899045,-487.1521301269531,36.92369079589844,14.02283850006084,-484.73114013671875,38.512001037597656,13.835700463221151,4.564744472503662,True,0.18713803683968955
309,310,-492.7724609375,49.77094268798828,-490.9055705789485,57.55006348594145,8.0,5.963412940508755,-486.8844909667969,81.3753433227539,32.15779679175199,-488.29180908203125,80.36933898925781,30.933080628423635,19.574573516845703,False,1.224716163328356
310,311,-492.80548095703125,49.76734161376953,-499.4367884031169,45.29232635619901,8.0,11.769971703505574,-504.46942138671875,42.693668365478516,13.611236454069584,-505.7881164550781,40.55116271972656,15.892320550124264,3.1323494911193848,True,-2.2810840960546805
311,312,-492.83843994140625,49.76374816894531,-484.9258908365325,48.584101330708435,8.000000000000023,10.717347507051928,-488.0529479980469,63.44802474975586,14.512589360872918,-486.2740173339844,59.53572463989258,11.795584406829363,1.74063241481781,True,2.7170049540435546
312,313,-492.87457275390625,49.75981140136719,-497.9122002202213,55.97449639021644,7.999999999999987,2.5310262855145687,-493.576171875,60.136409759521484,10.490287851052893,-496.1575927734375,55.87261962890625,7.075603558052059,1.6320334672927856,True,3.4146842930008336
313,314,-492.7349548339844,49.67990493774414,-493.21832451283154,41.6945211803051,8.000000000000002,11.67986578697187,-490.4408264160156,29.468585968017578,20.253790184376335,-488.7809753417969,36.645145416259766,13.513848303536546,8.99101734161377,False,6.739941880839789
314,315,-492.6062927246094,49.60628128051758,-486.85582174271707,55.16794321616367,8.000000000000007,7.866569849237087,-480.0881042480469,67.85929107666016,22.120621287469792,-483.37542724609375,63.20665740966797,16.425556220290154,5.6168131828308105,True,5.6950650671796375
315,316,-492.466064453125,49.52604293823242,-500.46313144695756,49.30943385219493,8.000000000000009,11.01140109813169,-513.4437866210938,56.80128860473633,22.545199306806737,-514.1162109375,50.429176330566406,21.989754511563078,13.275187492370605,False,0.555444795243659
316,317,-492.15093994140625,49.391788482666016,-486.1078342889796,44.14956814452599,8.000000000000007,11.889584746963704,-471.183837890625,48.86905288696289,20.68457676655133,-478.0682373046875,42.493309020996094,15.370699784579589,5.47652530670166,True,5.313876981971742
317,318,-491.8645324707031,49.2697868347168,-492.7794615469478,57.217296179501616,7.999999999999997,2.5935412634984014,-482.9104309082031,57.995758056640625,12.38590335009901,-482.39239501953125,53.97309494018555,10.375641067985347,1.1493269205093384,True,2.010262282113663
318,319,-491.5776062011719,49.14755630493164,-496.271431400655,42.66928454490974,7.999999999999995,10.207691954851448,-493.51177978515625,24.86022186279297,24.351807693286805,-488.7248229980469,35.13117218017578,14.153553351181081,13.132659912109375,False,10.198254342105724
319,320,-491.0691833496094,49.08921813964844,-483.2320930308874,50.69546075401125,8.000000000000023,10.908215916342037,-482.7138366699219,58.6345100402832,12.42721029042649,-482.4129333496094,54.02598571777344,9.594125616313772,1.335105061531067,True,2.833084674112719
320,321,-490.607421875,49.03623580932617,-497.47124966694577,53.14572094039947,7.999999999999976,5.014638685336341,-499.25189208984375,67.44499206542969,20.49644063341723,-501.587158203125,64.53695678710938,19.213281327129415,6.022096633911133,True,1.2831593062878142
321,322,-490.22491455078125,49.04342269897461,-487.93965887296343,41.37676720345367,8.000000000000002,11.517212832986303,-487.98095703125,39.36290740966797,9.858816025681564,-484.6338195800781,39.09193420410156,11.222395375966972,1.8268589973449707,True,-1.3635793502854074
322,323,-489.8061828613281,49.051292419433594,-486.31250789993163,56.24811361105084,7.999999999999992,5.221046299850234,-498.3993835449219,75.22077941894531,27.6594417716318,-501.9572448730469,69.30757904052734,23.814671492177997,10.827528953552246,False,3.8447702794538046
323,324,-489.4227600097656,49.05849838256836,-496.860270060894,46.11172994250311,7.999999999999994,9.957990150343436,-506.3706970214844,44.96269989013672,18.116657225191286,-505.7076721191406,41.64159393310547,18.52363814768691,7.328141212463379,True,-0.4069809224956238
324,325,-488.71112060546875,49.00653839111328,-481.23641868267174,46.15542787671107,8.000000000000009,11.329739697105007,-472.4524230957031,53.59578323364258,16.22603781272807,-477.9278564453125,48.35639953613281,10.090443543711205,1.976565957069397,True,6.135594269016865
325,326,-488.00054931640625,48.954654693603516,-491.58626440684327,56.10606345623289,7.9999999999999964,1.3330745775494275,-480.9053039550781,53.932491302490234,8.126665247032575,-482.2604675292969,48.18351364135742,5.079061894789307,1.5374629497528076,True,3.047603352243268
326,327,-487.2883605957031,48.902652740478516,-489.475073091812,41.207310742921734,7.999999999999999,10.490220724417716,-480.4518127441406,40.2481803894043,10.195243882394616,-482.61676025390625,38.944278717041016,10.40707696537821,1.4940201044082642,True,-0.2118330829835937
327,328,-486.0506286621094,48.768524169921875,-479.24008609180106,52.96572679762737,7.99999999999998,5.685704556732274,-479.3504333496094,65.60794830322266,17.8535351095593,-482.7143249511719,59.23638916015625,10.817913612865107,2.1934664249420166,True,7.035621496694192
328,329,-484.9228210449219,48.64630889892578,-492.7798728171588,50.151877711165405,7.999999999999978,7.874157158746572,-506.0754089355469,59.81904983520508,24.97920145524479,-506.84747314453125,56.13093566894531,24.27442869318575,12.259012222290039,False,0.70477276205904
329,330,-483.7956848144531,48.524166107177734,-479.0191364841662,42.10664430757056,7.999999999999999,11.526115661860807,-460.5784912109375,29.042678833007812,29.95356536065544,-460.4179382324219,35.48711395263672,26.374195635544787,13.56086540222168,False,3.579369725110652
330,331,-483.37109375,48.4775276184082,-482.5581981445442,56.4361205050076,7.999999999999995,1.526952389502484,-471.6979675292969,67.24372863769531,21.90135684707239,-476.3960876464844,62.902000427246094,15.871321690879476,6.61441707611084,True,6.030035156192913
331,332,-482.90374755859375,48.426185607910156,-488.8791037300602,43.106869991769514,7.9999999999999885,9.585389097450372,-493.30657958984375,46.37214660644531,11.012789400200216,-489.02880859375,40.96914291381836,9.89051128578391,1.9409290552139282,True,1.1222781144163054
332,333,-482.478271484375,48.379451751708984,-474.47908373728563,48.26545444114583,8.000000000000016,7.406051258095495,-471.8030090332031,63.641849517822266,18.73867328468496,-476.91937255859375,58.83164978027344,11.903340724660712,2.0035290718078613,True,6.8353325600242485
333,334,-482.8835754394531,48.53030014038086,-488.7049234572043,54.01773189450997,8.000000000000004,1.577610502897619,-483.8051452636719,49.40949249267578,0.8928256834077912,-482.09234619140625,42.76963806152344,6.0313516830502865,2.152876615524292,True,-5.1385259996424955
334,335,-483.2887878417969,48.681129455566406,-482.7030138753809,40.7026039739834,8.0,8.54715313086501,-486.6044006347656,33.58659744262695,15.527927390873351,-484.9640197753906,38.775272369384766,10.14650173532341,3.955801486968994,True,5.381425655549942
335,336,-483.7344055175781,48.84699249267578,-478.7769204846742,55.12579350469499,8.000000000000004,3.528158420789005,-477.305419921875,55.98275375366211,10.128883387151454,-480.2461242675781,48.36912155151367,4.349328323142926,2.3011820316314697,True,5.7795550640085285
336,337,-484.56103515625,48.915199279785156,-492.45779947627085,47.6341398455489,8.000000000000004,8.86551984486131,-484.0843200683594,46.14212417602539,3.1674654330268974,-482.45880126953125,41.68657684326172,7.900182805936153,1.5704680681228638,True,-4.732717372909256
337,338,-485.4703674316406,48.990230560302734,-478.7821959703392,44.600656263832406,7.999999999999974,8.971071787975136,-460.1010437011719,37.10539627075195,28.794843228062724,-460.0931396484375,37.306671142578125,28.7190872479914,14.474922180175781,False,0.07575598007132456
338,339,-486.2977294921875,49.05849838256836,-488.26426414579726,56.81302876526415,8.00000000000001,1.8052103040889462,-500.73492431640625,64.0270767211914,20.220437686578105,-502.5321044921875,60.432743072509766,19.12571249886355,4.19199800491333,True,1.0947251877145554
339,340,-487.18817138671875,49.01536178588867,-490.9762199455515,41.96903734573371,8.000000000000009,9.82781873211504,-491.7965393066406,28.84166717529297,20.452188029287367,-489.302978515625,37.47313690185547,11.551620617822264,8.4408540725708,False,8.900567411465103
340,341,-488.1614074707031,48.96821212768555,-480.608494585228,51.6051624390156,7.999999999999975,8.616405700227794,-474.33331298828125,68.12734985351562,24.196382772047567,-476.206787109375,62.92758560180664,19.00406004666675,6.579324245452881,True,5.192322725380816
341,342,-489.05511474609375,48.9249153137207,-496.4056319884332,52.08242956864822,7.999999999999989,8.367816661842603,-489.9351806640625,38.92204284667969,10.185608852349697,-489.01983642578125,39.62077331542969,9.556837304075769,1.5059446096420288,True,0.628771548273928
342,343,-490.20257568359375,49.10414123535156,-486.9154032645105,41.81068543667708,8.00000000000001,10.854391279389144,-478.64459228515625,27.837486267089844,24.86394159085079,-479.9474182128906,35.59413528442383,17.741738328225257,13.309683799743652,False,7.122203262625533
343,344,-491.2519836425781,49.2680549621582,-488.7491836776575,56.86647534639553,7.999999999999994,6.600138102876938,-495.72991943359375,71.30450439453125,22.107872250470415,-496.4170837402344,63.92491912841797,15.022520264505973,5.679020404815674,True,7.085351985964442
344,345,-492.4048156738281,49.448116302490234,-499.3829616972873,45.53589467337965,8.000000000000009,11.63781398587367,-510.3684387207031,51.28708267211914,17.232987152082778,-509.12353515625,44.72115707397461,16.654173818687603,7.476376533508301,True,0.5788133333951748
345,346,-493.2138671875,49.64497375488281,-485.425731743651,47.816054317547504,7.999999999999998,12.88993637956981,-479.5986022949219,47.2471809387207,14.584373666247053,-482.54461669921875,40.336814880371094,14.838576384411237,2.0253143310546875,True,-0.2542027181641835
346,347,-493.953369140625,49.82489776611328,-498.46068050627173,56.43429594243101,8.000000000000016,8.800045824443952,-494.0416564941406,47.357704162597656,2.725830268358035,-494.5914001464844,40.86804962158203,9.137223718168697,1.264971375465393,True,-6.411393449810662
347,348,-494.6924133300781,50.00471496582031,-495.833446524254,42.08650536706702,7.999999999999997,10.692610050169613,-483.873046875,38.20032501220703,15.912014809985681,-482.76385498046875,37.93925094604492,16.86687813822799,4.6065545082092285,True,-0.9548633282423076
348,349,-494.6389465332031,49.91730499267578,-488.44891043507727,54.98518947280149,8.000000000000012,9.274090416322169,-470.8980407714844,75.53982543945312,34.955961808323785,-475.48516845703125,67.47344207763672,26.000444892019125,12.829959869384766,False,8.95551691630466
349,350,-494.59027099609375,49.83773422241211,-502.5779177477966,50.282143234483755,7.999999999999993,9.284908943563188,-497.0379638671875,53.58046340942383,4.828318223181402,-495.3632507324219,50.475711822509766,1.4412046746870675,1.8758196830749512,True,3.387113548494334
350,351,-494.1343688964844,49.72277069091797,-488.54472074703204,43.999499461513935,7.9999999999999885,12.979611077303467,-487.0631408691406,48.35657501220703,6.732050791674732,-485.1549072265625,42.321224212646484,11.213117029958159,2.3461787700653076,True,-4.481066238283427
351,352,-493.67791748046875,49.607669830322266,-493.9335358983944,57.603584988977794,8.000000000000004,6.885850134994722,-483.7703552246094,61.23652267456055,15.074763620434604,-482.56732177734375,54.03362274169922,11.581814197704993,2.1535608768463135,True,3.4929494227296107
352,353,-493.2218017578125,49.492645263671875,-498.43447977518093,43.42403851358137,8.000000000000005,11.489668288287024,-486.2921142578125,28.871856689453125,21.507752112876943,-484.74395751953125,37.543678283691406,14.247601421446033,8.8213472366333,False,7.26015069143091
353,354,-492.5882873535156,49.437400817871094,-484.6453358526891,50.39108916084109,7.999999999999978,10.361819756906264,-482.8600158691406,55.2164306640625,10.85096560548442,-482.2265625,48.072967529296875,9.873528313763517,1.1729685068130493,True,0.9774372917209035
354,355,-492.0122375488281,49.387168884277344,-498.51333000504974,54.049335427383525,8.000000000000012,10.581324493223226,-497.2032470703125,45.450626373291016,6.955520819565536,-493.9085693359375,41.32984924316406,8.38043098726484,0.9264399409294128,True,-1.424910167699303
355,356,-491.43463134765625,49.33679962158203,-489.79017634702774,41.507638252003055,7.999999999999992,9.601278549501481,-474.8515930175781,39.3758659362793,18.511680146866606,-480.76666259765625,40.385520935058594,13.154121717833133,1.2451740503311157,True,5.357558429033473
356,357,-490.5656433105469,49.16110610961914,-486.4896907320528,56.044899437274125,7.99999999999999,5.384381150770544,-475.60980224609375,59.24424743652344,17.47963725813683,-480.4021911621094,54.17656326293945,10.705602924628266,1.8843470811843872,True,6.774034333508563
357,358,-489.7735900878906,49.0009651184082,-497.42900624832845,46.6783365621152,8.00000000000002,8.944571129979124,-509.10455322265625,44.44676971435547,20.67155209332462,-509.3286437988281,43.397605895996094,21.135393612300643,11.851478576660156,False,-0.46384151897602166
358,359,-488.90191650390625,48.824729919433594,-481.688137831511,45.36620461727149,7.999999999999976,9.897205192160415,-478.531005859375,35.78642654418945,15.688214306227053,-480.31317138671875,39.186805725097656,11.891934410619099,3.346245527267456,True,3.796279895607954
359,360,-487.5537109375,48.620399475097656,-490.536726549801,56.04344587511217,8.000000000000002,1.6484508617367573,-491.3369140625,73.62301635742188,25.686176771750628,-491.5279846191406,68.98928833007812,21.207448849890945,11.287107467651367,False,4.478727921859683
360,361,-486.31463623046875,48.432613372802734,-489.12924915219895,40.94409188316079,7.999999999999991,9.676856045250858,-484.8986511230469,39.05741500854492,9.190291947236773,-484.8993835449219,39.458740234375,8.789035374143419,2.3980214595794678,True,0.40125657309335416
361,362,-485.08245849609375,48.24586868286133,-477.9486269391508,51.86642766141218,8.000000000000005,7.198786897195727,-461.3216857910156,52.17998123168945,22.056851304868562,-468.4864196777344,42.684349060058594,15.474465247275383,6.335325241088867,True,6.58238605759318
362,363,-482.9926452636719,48.07215881347656,-490.6985630850271,50.22130527905764,7.999999999999984,8.71384733052363,-496.26324462890625,47.223751068115234,15.18790799718239,-494.2842102050781,40.811256408691406,14.983664036925811,5.843985557556152,True,0.2042439602565782
363,364,-481.0910339355469,47.914093017578125,-476.8606575354969,41.124106602724254,7.999999999999996,8.426809762129142,-463.2093200683594,35.923789978027344,19.884164122757927,-466.18505859375,36.798500061035156,17.005668160386932,3.2032487392425537,True,2.8784959623709945
364,365,-479.1898498535156,47.75606155395508,-477.7226278320681,55.620364418149684,8.000000000000002,1.2127766865276235,-479.4423828125,73.18562316894531,25.822882728981384,-483.640380859375,67.99201965332031,21.647447098399237,12.145478248596191,False,4.175435630582147
365,366,-476.6076354980469,47.51880645751953,-483.00177960979,42.7110085126948,8.000000000000007,9.90838200347529,-482.78363037109375,32.39678955078125,17.37834114357727,-482.30621337890625,37.20128631591797,13.187482805216236,6.815701961517334,True,4.190858338361034
366,367,-473.7763366699219,47.2586669921875,-465.81387295147516,46.48460528119825,7.999999999999991,7.121505434676581,-451.2155456542969,59.22077178955078,23.408197205201205,-457.6356201171875,56.31043243408203,16.434797516291372,3.997824192047119,True,6.973399688909833
367,368,-471.1934814453125,47.02135467529297,-476.54188321119017,52.97069065090877,7.999999999999987,9.190678401989077,-490.8266906738281,69.22520446777344,33.04973353338252,-491.4210205078125,63.96210479736328,30.170861993624136,17.117568969726562,False,2.8788715397583857
368,369,-466.7788391113281,46.553951263427734,-466.85381281054015,38.55430258711535,7.999999999999999,10.890226009784424,-455.671142578125,23.562114715576172,23.337618141185054,-457.35345458984375,30.176645278930664,16.51504235552716,15.053409576416016,False,6.822575785657893
369,370,-461.94097900390625,46.04174041748047,-456.48201069308186,51.88978838081105,7.9999999999999885,3.2144837180842294,-458.02362060546875,66.02822875976562,20.357653015067605,-460.88372802734375,60.52732849121094,14.96888944125164,4.412066459655762,True,5.3887635738159645
370,371,-458.90576171875,45.689697265625,-466.8813346971734,45.06500881059882,8.000000000000004,16.42617388007231,-469.9847412109375,36.909584045410156,16.67188532735515,-473.53912353515625,36.43982696533203,20.02722970215871,2.530441999435425,True,-3.355344374803561
371,372,-455.58038330078125,45.30400085449219,-449.27747301334205,40.377204541623875,7.999999999999984,10.013128207337294,-444.4804382324219,47.890586853027344,8.574540212264761,-451.45611572265625,43.93524169921875,1.4818805036243827,0.8907207250595093,True,7.092659708640379
372,373,-452.5352783203125,44.950809478759766,-453.85484511644387,52.84123047326618,7.999999999999999,8.117871561687677,-451.1106872558594,60.40532302856445,15.850240218316273,-457.64447021484375,56.40599060058594,14.361448192255535,0.9353146553039551,True,1.4887920260607377
373,374,-449.3984375,44.6478385925293,-453.7553328114136,37.93833315282796,7.999999999999984,12.710645685094976,-456.8408508300781,27.903356552124023,19.68099511249584,-459.687744140625,32.560367584228516,18.057515928185563,9.048766136169434,False,1.623479184310277
374,375,-445.98248291015625,44.31790542602539,-438.23763809866136,46.32224542858492,7.999999999999974,7.489643753124045,-439.66265869140625,59.30134963989258,15.615182976747347,-442.7822265625,55.79016876220703,11.77465861259317,1.5733842849731445,True,3.8405243641541773
375,376,-442.8538513183594,44.01572799682617,-449.9185710660312,47.76935755857787,8.000000000000012,11.92943155725244,-455.6957092285156,54.47732162475586,19.43679304560761,-460.605712890625,51.479618072509766,22.491319432600086,9.280488014221191,False,-3.0545263869924746
376,377,-439.480712890625,43.75991439819336,-436.8069487535629,36.21995515829288,8.000000000000002,12.23587852728884,-418.8199462890625,31.548786163330078,21.271735499210756,-425.76629638671875,27.919113159179688,18.884884085839726,3.7018234729766846,True,2.38685141337103
377,378,-436.3991394042969,43.52621078491211,-433.27752058060815,50.89204379412378,7.999999999999999,3.0676403625326505,-420.11883544921875,61.28225326538086,22.155501338312764,-425.7624816894531,57.11366653442383,15.630452360765565,2.3382086753845215,True,6.525048977547199
378,379,-433.0192565917969,43.2698860168457,-440.29658986848204,39.94717321251683,8.000000000000021,16.94385377141303,-456.8128967285156,31.878631591796875,29.376842951855902,-460.162109375,34.01881408691406,31.846499751077726,19.260025024414062,False,-2.4696567992218235
379,380,-429.57183837890625,42.875160217285156,-421.96129905533223,40.40945723348239,8.000000000000018,10.189911705940396,-394.57122802734375,46.95307159423828,32.170507099899304,-400.350830078125,43.63872528076172,26.10759077615634,15.77628231048584,False,6.062916323742964
380,381,-426.43426513671875,42.51591110229492,-430.380481545223,49.47488919230582,7.999999999999994,8.255074385951529,-434.68817138671875,47.11473083496094,12.423433166895247,-439.0306396484375,38.95314407348633,16.056499980841256,2.535316228866577,True,-3.6330668139460087
381,382,-423.2969665527344,42.15669250488281,-425.08787154472225,34.35972775507967,7.999999999999994,13.522045810083913,-432.498779296875,35.44647979736328,13.844369508941536,-437.62652587890625,31.296703338623047,20.34531761719435,5.059909820556641,True,-6.500948108252814
382,383,-420.17681884765625,41.7580451965332,-413.589487229778,46.297545406479436,8.000000000000021,1.3719568792440469,-406.4346923828125,52.77253341674805,15.588170528449725,-411.2377014160156,51.65464782714844,11.823954369913869,1.8661117553710938,True,3.764216158535856
383,384,-417.0514831542969,41.358734130859375,-424.9751648115184,42.46112652697381,8.00000000000001,15.261803991036944,-418.9313049316406,49.09111785888672,9.741606261805208,-425.5677185058594,47.7242317199707,13.7438595060298,2.050124168395996,True,-4.002253244224592
384,385,-413.6257629394531,40.921043395996094,-408.5277420496616,34.75580349739934,8.000000000000014,12.495457524741632,-385.0458679199219,28.21148681640625,28.23197399084641,-387.4906005859375,24.271263122558594,28.146604734541498,9.056699752807617,False,0.08536925630491154
385,386,-410.409912109375,40.60945510864258,-410.00447434000444,48.599174766751226,7.9999999999999964,9.293551311347182,-418.04937744140625,54.3686637878418,17.773110301423763,-425.5733642578125,53.03662109375,22.364437658065743,3.6370131969451904,True,-4.59132735664198
386,387,-407.1916809082031,40.29763412475586,-412.88761618425735,34.68013278243284,7.999999999999991,15.413658131541618,-418.6318359375,30.07237434387207,17.694710336059163,-425.5169982910156,27.210817337036133,25.045220326242443,6.8562493324279785,True,-7.35050999018328
387,388,-403.9749755859375,39.9859619140625,-395.9804025470864,40.280583580738224,7.999999999999996,3.738349578852611,-374.9033508300781,41.59712600708008,26.951877296428744,-370.4888916015625,35.91489791870117,31.55010109556901,14.62755298614502,False,-4.598223799140264
388,389,-401.7965087890625,39.81899642944336,-407.89047221775394,45.00200807613789,7.999999999999991,9.988606986624742,-416.04644775390625,58.64940643310547,25.114346937284974,-420.39117431640625,56.40214920043945,26.683564619732493,8.335494041442871,False,-1.569217682447519
389,390,-399.6197814941406,39.65216827392578,-398.62735658006267,31.71396364127002,8.000000000000002,16.765943111236403,-384.35601806640625,30.64878273010254,15.78742053967398,-381.5567932128906,24.84066390991211,21.603255390634303,1.024962306022644,True,-5.815834850960323
390,391,-397.43896484375,39.485023498535156,-392.80856790599984,46.00878193971565,7.999999999999987,4.450293848396545,-393.3887023925781,66.08460998535156,26.85767547055471,-394.9471435546875,63.87359619140625,24.499803019437653,10.194418907165527,False,2.357872451117057
391,392,-396.7904357910156,39.443233489990234,-404.6114818951859,37.76060523739152,8.000000000000002,16.69548547089798,-398.51885986328125,42.65352249145508,4.070404053191982,-400.4383850097656,43.7584228515625,6.168094863637415,0.911732017993927,True,-2.0976908104454326
392,393,-396.0765686035156,39.39723587036133,-389.17297355880413,35.35491284286403,8.0,10.755696869837488,-379.8924255371094,31.23566436767578,17.47262208431404,-376.6387023925781,25.092649459838867,23.537607778173776,3.5412471294403076,True,-6.064985693859736
393,394,-395.3658447265625,39.3514404296875,-397.7257908880442,46.995435073517896,7.999999999999992,6.742979533749205,-410.6044006347656,55.474281311035156,21.973894494492775,-416.296875,51.69728469848633,24.059960706986836,5.801488399505615,True,-2.0860662124940603
394,395,-395.610595703125,39.41072463989258,-399.0338890410025,32.18016015827404,8.000000000000005,17.750710654408028,-380.9898376464844,22.0389461517334,22.909885466371108,-381.5994873046875,16.991619110107422,26.618533995837087,8.907078742980957,False,-3.708648529465979
395,396,-395.8563232421875,39.470252990722656,-388.44791714493834,42.4894447862603,8.000000000000018,7.849570326890113,-386.9670104980469,57.26786804199219,19.95194413464505,-389.65472412109375,56.9901008605957,18.612548642050175,5.371129989624023,True,1.3393954925948748
396,397,-396.10113525390625,39.5295524597168,-403.6032981005831,42.307600807377604,7.999999999999981,9.701527825824392,-418.2571105957031,50.8505973815918,24.472490358658845,-425.9481506347656,47.501705169677734,30.45485257520845,14.29333209991455,False,-5.982362216549603
397,398,-396.5494079589844,39.551109313964844,-392.89409125340353,32.43502473170323,7.99999999999999,15.101386484245772,-391.4197692871094,23.92106819152832,16.632126442210403,-394.87646484375,20.45517349243164,19.241605296533912,4.230626583099365,True,-2.609478854323509
398,399,-397.04034423828125,39.5747184753418,-394.9288149480346,47.29102873714636,8.000000000000002,7.349564828630645,-405.682373046875,65.96111297607422,27.60824477532515,-411.8672180175781,61.32688903808594,26.056083965325275,10.080808639526367,False,1.5521608099998758
399,400,-397.49005126953125,39.596343994140625,-404.2593199426695,35.332894495100106,7.999999999999977,16.31068836300892,-402.2615661621094,30.29253578186035,10.196533663290436,-407.69866943359375,22.843212127685547,19.317427188991445,1.5176342725753784,True,-9.120893525701009
400,401,-398.0521545410156,39.57963180541992,-390.1807877374169,38.15079149131754,8.00000000000002,2.161516561572751,-379.4590759277344,43.7981071472168,19.616953002391,-376.2907409667969,42.7072868347168,22.54302845280984,6.731715679168701,True,-2.926075450418839
401,402,-398.6134033203125,39.56294631958008,-403.4523364649993,45.9335605773461,8.000000000000007,8.325235937262724,-399.2684020996094,44.976253509521484,5.308899508658329,-405.6559143066406,44.2891845703125,7.866273797166512,2.1294925212860107,True,-2.557374288508183
402,403,-399.29058837890625,39.66740036010742,-400.02579777451757,31.701255298372427,8.0,18.589489158780545,-394.60943603515625,19.952106475830078,20.558510453908728,-402.7064208984375,18.63536262512207,21.3149031159696,9.25473690032959,False,-0.7563926620608719
403,404,-400.033935546875,39.78206253051758,-394.1107613477991,45.15942316631294,7.999999999999997,5.617571703231079,-396.50225830078125,46.865150451660156,8.175708472675355,-400.3037414550781,43.81925964355469,3.9509764401264675,0.6383354663848877,True,4.2247320325488875
404,405,-400.7784423828125,39.89690399169922,-408.7783616148713,39.9328522953563,8.000000000000005,17.5889153821725,-422.0404968261719,31.011138916015625,21.88496579642473,-425.9915771484375,29.736587524414062,26.01685646356778,8.790839195251465,False,-4.13189066714305
405,406,-402.04217529296875,39.900394439697266,-396.1675665543239,34.47001948322902,7.999999999999989,7.488868385874426,-382.0437927246094,36.78871154785156,21.60761979686622,-381.16107177734375,32.67985916137695,23.407300695396575,6.795418739318848,True,-1.7996808985303545
406,407,-403.4256286621094,39.90420913696289,-404.0892167395779,47.87663981169702,8.000000000000004,10.949569713801724,-398.6510314941406,57.950252532958984,19.065247328876396,-398.6387939453125,56.114227294921875,17.342251158591655,5.182771682739258,True,1.7229961702847412
407,408,-404.8123779296875,39.90803909301758,-409.7083682759541,33.581169525114035,7.99999999999999,15.456507376163037,-422.77545166015625,27.552947998046875,20.308115093363703,-428.98553466796875,28.647062301635742,24.974121440597198,9.935881614685059,False,-4.666006347233495
408,409,-406.7642822265625,40.04542541503906,-398.88039233167615,41.40346817037076,8.000000000000002,6.158407973618061,-383.9459533691406,35.21412658691406,25.25986191393788,-381.02471923828125,32.552886962890625,28.71964005570794,12.078932762145996,False,-3.4597781417700624
409,410,-408.7123718261719,40.18254089355469,-415.44305157327597,44.506653535695584,7.999999999999995,13.543892924510153,-424.5377197265625,43.35175704956055,14.201010868475167,-430.243408203125,41.29404830932617,19.603502617609216,4.895512104034424,True,-5.4024917491340485
410,411,-410.66412353515625,40.31991958618164,-408.6220258823893,32.58494465561051,8.000000000000007,15.25523376624526,-400.55853271484375,38.173301696777344,14.470155696131451,-405.70819091796875,38.94425964355469,9.274060562155437,1.1576474905014038,True,5.196095133976014
411,412,-414.7387390136719,41.05551528930664,-411.019617776862,48.1384622202041,7.999999999999998,6.991703517468836,-405.26318359375,53.31964111328125,17.784464527146138,-411.9488525390625,51.43175506591797,11.830551962204735,2.12689471244812,True,5.953912564941403
412,413,-418.803466796875,41.789337158203125,-426.33029295728943,39.078822824925965,7.999999999999997,13.615694039535136,-427.5238952636719,37.78935623168945,7.304371421285659,-432.9249572753906,32.510459899902344,14.842696411740068,2.6745505332946777,True,-7.5383249904544085
413,414,-421.87646484375,42.42189025878906,-414.4954913577692,39.336241153779184,7.999999999999992,8.423939236864161,-407.47088623046875,49.746246337890625,18.718653075114982,-411.31561279296875,47.79979705810547,14.438990571053793,5.09025239944458,True,4.279662504061189
414,415,-424.9527893066406,43.05513000488281,-428.3109634231932,50.316167575569,7.999999999999994,8.852237429746184,-441.6347351074219,68.2538833618164,27.88822558768533,-451.0196838378906,63.398834228515625,30.02233804578375,12.462922096252441,False,-2.1341124580984214
415,416,-428.3215026855469,43.748558044433594,-430.75005001009964,36.126080895080655,8.000000000000007,12.416159624045468,-430.1753845214844,36.13249969482422,8.130828386456777,-433.07781982421875,32.089088439941406,12.149258363402438,2.069356679916382,True,-4.0184299769456615
416,417,-431.564697265625,44.14375305175781,-424.6250527169413,48.12387032866367,7.999999999999996,3.8121643724267993,-424.4670715332031,66.63175964355469,24.394445196305956,-428.5584716796875,63.253501892089844,19.731271170058335,10.101826667785645,False,4.663174026247621
417,418,-434.81207275390625,44.53945541381836,-442.617681259604,46.29230334098687,8.000000000000012,17.75394063084423,-447.3728942871094,35.412315368652344,13.132017922893942,-453.97955322265625,35.9246940612793,18.041990355177713,0.8327892422676086,True,-4.909972432283771
418,419,-438.3705749511719,44.97307586669922,-433.7989939267257,38.40796757079705,7.99999999999999,9.820842342606927,-427.0697326660156,45.612648010253906,14.649832256971683,-430.39251708984375,41.17890930175781,12.01922226519734,2.5298731327056885,True,2.6306099917743424
419,420,-441.7141418457031,45.21406936645508,-440.65041648208546,53.14303451651069,7.999999999999995,6.308864974267223,-442.28326416015625,77.56167602539062,32.22624637438594,-449.4610900878906,71.38774108886719,26.30412896707794,18.79607582092285,False,5.922117407307997
420,421,-445.0566101074219,45.454986572265625,-451.19690708777654,40.326950594130565,8.00000000000001,14.73297353617034,-448.5630798339844,31.781036376953125,13.916463052626213,-453.8687744140625,34.53410339355469,12.426047437394121,5.255777359008789,True,1.4904156152320915
421,422,-448.4094543457031,45.696651458740234,-440.4178519183772,45.33019458057005,7.999999999999981,7.6617626426751615,-437.5820617675781,63.805877685546875,22.79727759353768,-441.9160461425781,59.43506622314453,16.691209274757494,4.305651664733887,True,6.106068318780185
422,423,-451.7923889160156,45.97942352294922,-457.4376097674316,51.647887295325134,7.9999999999999805,9.872714821951593,-469.8529357910156,48.01815414428711,14.778542387221487,-474.4346923828125,42.649139404296875,19.591741340892053,3.096341371536255,True,-4.813198953670566
423,424,-455.1790466308594,46.262508392333984,-454.8454287267594,38.26946772597528,8.000000000000002,9.12179679014693,-448.06463623046875,39.141571044921875,12.589062433509417,-454.1279602050781,37.123863220214844,10.266749055254472,1.264167308807373,True,2.322313378254945
424,425,-458.2644958496094,46.520416259765625,-453.11127391749943,52.63959134456433,8.00000000000001,5.011104346313162,-456.0079345703125,70.47126770019531,24.202488319728488,-461.4354553222656,63.522247314453125,16.65391189345404,8.069039344787598,False,7.5485764262744475
425,426,-461.3623352050781,46.86849594116211,-469.29560405831506,45.837358073435134,7.999999999999991,14.196945391166839,-486.4273986816406,44.046661376953125,22.194402289449002,-484.69970703125,41.012962341308594,21.168590803206317,12.708016395568848,False,1.0258114862426844
426,427,-464.4605407714844,47.21662139892578,-457.91427159598425,42.618104259466904,8.000000000000012,10.562413928913822,-437.19482421875,44.45452880859375,30.840443492906616,-447.1800231933594,38.060237884521484,22.787480045500548,14.686813354492188,False,8.052963447406068
427,428,-467.8744201660156,47.600215911865234,-469.595181627854,55.41296062748547,8.000000000000002,6.665535785781341,-474.141845703125,67.40435791015625,19.622930529189038,-476.2652893066406,62.94221115112305,15.819725508492157,6.950362682342529,True,3.803205020696881
428,429,-470.9468994140625,48.043270111083984,-474.95549669245077,41.12003763920367,7.999999999999986,12.390466878636245,-482.49798583984375,33.915977478027344,16.74994320950075,-482.4075927734375,38.674373626708984,12.754171735929392,3.7536497116088867,True,3.9957714735713576
429,430,-474.31005859375,48.52824783325195,-466.67766737624567,50.9254554385633,7.99999999999999,5.895190319145342,-459.4691162109375,64.91082000732422,24.17204921417467,-461.0751647949219,60.34187316894531,20.099475801384514,5.515000343322754,True,4.072573412790156
430,431,-477.67840576171875,49.013973236083984,-484.9255839815425,52.4019531430658,8.000000000000018,9.628213089796912,-484.58782958984375,63.26564025878906,14.308895801693293,-486.1059875488281,59.551300048828125,11.373778134716149,1.1153230667114258,True,2.9351176669771437
431,432,-480.89501953125,49.441471099853516,-477.8397234023842,42.04788160861601,7.999999999999998,9.874912510922949,-466.181640625,31.57543182373047,25.615704762834177,-473.24761962890625,37.197872161865234,16.69130420120457,9.498538970947266,False,8.924400561629607
432,433,-484.1122741699219,49.869056701660156,-481.37085650757575,57.38468237092927,8.000000000000005,4.794249600381471,-464.2831726074219,63.90640640258789,27.01656786366965,-465.6831970214844,59.793975830078125,23.91145997360895,10.642144203186035,False,3.105107890060701
433,434,-487.6457824707031,50.33867263793945,-494.74395073162543,46.64868519356576,8.000000000000018,11.412388552473733,-503.3100280761719,43.18085861206055,14.554505381765562,-506.5819396972656,42.86872100830078,17.573769422183357,5.095002174377441,True,-3.019264040417795
434,435,-490.85565185546875,50.7122688293457,-483.12913278388004,48.63840696403843,7.99999999999999,11.915961071238561,-463.2177429199219,55.966976165771484,31.245708427319638,-468.0652770996094,49.76898956298828,26.048226330409143,17.100767135620117,False,5.197482096910495
435,436,-494.0801086425781,51.087562561035156,-498.3765297801921,57.83595239923092,7.999999999999985,10.225939334626908,-510.2921447753906,73.98336791992188,25.82515737787667,-510.9653625488281,69.79269409179688,22.66233686385948,8.840225219726562,False,3.1628205140171914
436,437,-497.5927429199219,51.496395111083984,-498.9831675235218,43.61815168874014,7.999999999999999,10.386783190022996,-484.250244140625,41.540096282958984,21.118365957353806,-484.595458984375,39.64030838012695,21.842726841877337,2.5986969470977783,True,-0.7243608845235308
437,438,-502.5533142089844,52.07494354248047,-496.2063814113525,56.94489673140789,7.999999999999984,7.212650898592602,-488.2293395996094,71.85553741455078,27.217557220767944,-487.3128662109375,68.22283935546875,25.508494855909785,9.952367782592773,False,1.709062364858159
438,439,-507.5192565917969,52.654117584228516,-515.4888934206537,53.35045716814565,8.000000000000012,6.746824324341052,-515.1715087890625,44.12255859375,9.956214654171971,-513.0,44.756046295166016,8.600746238492862,2.1594815254211426,True,1.355468415679109
439,440,-510.8130798339844,53.07411193847656,-505.40688829724473,47.17724047404014,7.999999999999992,11.018888053934685,-500.9407043457031,57.20559310913086,13.678673936833727,-503.0032958984375,51.447635650634766,11.289914653719821,1.796705722808838,True,2.388759283113906
440,441,-514.106201171875,53.494014739990234,-514.1092791192627,61.49401414788021,8.000000000000002,2.0949878281862904,-525.3060302734375,73.7362289428711,21.348283170069653,-525.5944213867188,73.29525756835938,21.05022555256911,6.386313438415527,True,0.29805761750054316
441,442,-517.384521484375,53.91202926635742,-522.7861738558905,48.01099955474772,7.999999999999986,9.199168712005857,-513.3941650390625,57.62968444824219,7.917741121853199,-514.3383178710938,55.51708984375,6.358247851717712,1.3399131298065186,True,1.559493270135487
442,443,-520.5798950195312,54.30464172363281,-512.6107963742365,55.00711363165581,7.999999999999963,7.552746485214473,-489.9176940917969,72.1200942993164,38.07117770651358,-491.35736083984375,68.85504150390625,35.36810902394444,19.138925552368164,False,2.703068682569139
443,444,-523.7677612304688,54.69633102416992,-530.1184395137061,59.56139889037871,7.999999999999996,7.914470354242066,-524.7036743164062,76.71432495117188,21.739733528504097,-526.3269653320312,76.66316223144531,21.557951143233435,9.76965618133545,False,0.1817823852706617
444,445,-527.260009765625,55.12541198730469,-525.8635233694256,47.24824081071915,7.999999999999996,10.74834279001862,-506.77288818359375,46.65424728393555,25.432905224377862,-506.75579833984375,43.11425018310547,26.887711413331633,11.058940887451172,False,-1.4548061889537713
445,446,-530.6104736328125,55.52003479003906,-526.3192465640096,62.271728669649804,7.999999999999974,8.123512570697773,-511.6932678222656,74.60279846191406,29.05873457969413,-510.8669738769531,69.77787017822266,26.92185934049471,10.49677562713623,False,2.1368752391994192
446,447,-533.94384765625,55.91264724731445,-541.6687686310545,53.832840541626304,7.999999999999984,11.871893301344986,-540.1380004882812,54.96410369873047,3.1585028682846974,-540.8359375,54.022056579589844,4.227223100115445,1.5752465724945068,True,-1.0687202318307478
447,448,-537.2784423828125,56.305397033691406,-530.1774368267448,52.62087262846674,7.999999999999998,10.500380655248007,-521.568115234375,59.40117645263672,19.123946897243208,-517.9210815429688,55.917449951171875,22.587190998462663,6.890201568603516,True,-3.4632441012194555
448,449,-540.4957885742188,56.66831588745117,-543.2429885996253,64.18182984700472,7.99999999999998,9.08086428693756,-537.2625732421875,83.55905151367188,27.30084164699076,-538.5303955078125,81.55589294433594,25.066320463017146,12.576542854309082,False,2.234521183973616
449,450,-543.7133178710938,57.03125762939453,-546.7629238259799,49.635319317055576,8.000000000000014,11.539831071890417,-533.9515991210938,39.280792236328125,22.497094415937124,-536.6578979492188,41.35082244873047,19.251871492023984,6.8774094581604,True,3.24522292391314
450,451,-547.2457885742188,57.429725646972656,-540.0012195057415,60.8232811588308,8.000000000000044,6.2714481392112145,-534.2691650390625,81.80400085449219,28.952260158206464,-534.1328125,81.80542755126953,29.030129823552784,12.08480453491211,False,-0.07786966534632
451,452,-550.5067749023438,57.833740234375,-558.1410084798256,60.22507410576327,7.999999999999996,13.755412002986729,-553.5103149414062,73.66593170166016,15.429052869913257,-556.695556640625,71.86563110351562,13.93487911951941,2.210850715637207,True,1.4941737503938466
452,453,-553.7797241210938,58.23923110961914,-549.7658006935397,51.31908525004848,7.999999999999989,9.070936277738433,-539.5512084960938,57.80244827270508,17.508535783396358,-541.268798828125,59.297027587890625,15.784303200117613,4.640624046325684,True,1.724232583278745
453,454,-557.03955078125,58.64310836791992,-555.3248016327037,66.45717487375157,8.00000000000001,7.36733594602229,-559.7276000976562,85.02438354492188,25.9867863002973,-566.313720703125,81.29029083251953,23.10194323422126,10.849703788757324,False,2.8848430660760407
454,455,-560.0980224609375,59.04023742675781,-566.6407512001902,54.436684381059536,8.00000000000003,12.574016265003175,-576.860595703125,59.98916244506836,13.41735318611808,-580.583251953125,57.133907318115234,17.28953946775481,3.469270706176758,True,-3.872186281636731
455,456,-563.4530639648438,59.47587966918945,-555.519004013323,58.450846652318965,8.000000000000048,1.2941757964943044,-556.289794921875,70.39109802246094,14.850745353572933,-563.072998046875,65.96907043457031,7.11852086979307,0.31583675742149353,True,7.732224483779863
456,457,-566.8129272460938,59.91215133666992,-571.9708562769591,66.02735927365426,8.0,9.366585332924334,-569.5885009765625,65.26446533203125,5.310866833146877,-575.9513549804688,61.50844955444336,4.1162463875103255,0.4626935124397278,True,1.1946204456365512
457,458,-571.9577026367188,60.5113410949707,-572.285169902846,52.51804608042162,8.000000000000004,11.163280100192415,-555.4061279296875,59.0825080871582,21.343276433390532,-564.101318359375,58.16588592529297,12.885329331019859,5.149158000946045,True,8.457947102370673
458,459,-576.65771484375,61.05874252319336,-571.0168574716215,66.73154854026322,8.000000000000023,0.7100072477327665,-561.641357421875,75.95919036865234,23.570637843398785,-567.0943603515625,71.12982940673828,16.30715108775134,4.099559307098389,True,7.263486755647445
459,460,-580.2291259765625,61.46540451049805,-588.2204440542077,61.09279830832163,8.000000000000002,14.823285802784675,-593.6442260742188,74.4924545288086,16.234384137206344,-597.0686645507812,69.94569396972656,15.826712207546054,2.729508638381958,True,0.40767192966029064
460,461,-583.4779663085938,61.83534622192383,-577.3337251901617,56.712036639381665,7.999999999999999,8.376770664457434,-557.9442138671875,53.24474334716797,30.145552785216513,-564.3455810546875,54.77484130859375,23.582844275586783,15.280585289001465,False,6.562708509629729
461,462,-586.7272338867188,62.20532989501953,-587.7970601693536,70.13347417505024,7.999999999999994,5.102576359385519,-591.9500732421875,74.84358978271484,12.359570651249488,-593.2943725585938,70.70394897460938,8.669845447887184,2.2561662197113037,True,3.689725203362304
462,463,-590.1856689453125,62.6106071472168,-594.752196852213,56.04198302374175,7.9999999999999885,10.836510464404839,-601.5845947265625,52.592071533203125,13.26434556006299,-600.6103515625,50.66630172729492,14.301647561984783,3.194532871246338,True,-1.037302001921793
463,464,-593.3360595703125,62.97978210449219,-585.5318021688284,64.73863582535147,7.999999999999945,4.097930085741417,-576.5538330078125,86.06110382080078,30.396826072203513,-580.0653076171875,81.06867980957031,24.344250253241412,9.099470138549805,False,6.052575818962101
464,465,-596.7967529296875,63.385318756103516,-603.7394580715205,67.3600948898708,8.000000000000034,9.00863677896408,-608.6483764648438,75.88667297363281,14.737204967750632,-610.9445190429688,71.26222229003906,13.077933001276772,1.4027413129806519,True,1.6592719664738595
465,466,-600.1932983398438,63.81617736816406,-597.7588863388039,56.19557121056786,7.999999999999996,10.197023925330258,-587.2454833984375,52.49502944946289,19.87359217134074,-590.1886596679688,50.43867492675781,19.01406531258105,5.039774417877197,True,0.8595268587596898
466,467,-603.2990112304688,64.21014404296875,-599.9464253806101,71.4737635346084,7.999999999999991,2.746593096901537,-597.4425048828125,68.17535400390625,9.92065373805082,-596.7258911132812,66.12631225585938,10.096700432411506,2.133152484893799,True,-0.17604669436068576
467,468,-606.7130737304688,64.64322662353516,-614.0916706650517,61.551898870455055,7.999999999999966,11.510016575828194,-628.50927734375,61.22663116455078,18.720562769659253,-630.94287109375,58.74864196777344,21.69786075331312,8.667236328125,False,-2.977297983653866
468,469,-610.1902465820312,65.0831298828125,-602.6613369449988,62.378408145294955,8.000000000000034,9.413023374914458,-595.7075805664062,57.61492919921875,19.34964730895581,-596.3763427734375,53.67889404296875,20.70451415228429,3.9985928535461426,True,-1.3548668433284803
469,470,-613.3834838867188,65.48711395263672,-617.1080542565592,72.56719697193154,8.000000000000002,8.979410288348046,-623.3228759765625,69.01919555664062,7.444367910577095,-624.8663330078125,65.78143310546875,8.298928033794656,2.357977867126465,True,-0.8545601232175608
470,471,-616.568115234375,65.89000701904297,-618.6042603215415,58.15346301128292,7.999999999999998,11.418636953432726,-610.77978515625,48.89961242675781,19.710515049124137,-609.3961181640625,51.609458923339844,18.1373915676923,5.86648416519165,True,1.5731234814318356
471,472,-620.0184326171875,66.31086730957031,-613.2910822102898,70.64015784068665,8.000000000000016,3.107313595150925,-602.6212158203125,87.1399154663086,28.980457558725664,-606.3082885742188,86.4635009765625,25.977004302596317,9.232962608337402,False,3.0034532561293474
472,473,-623.1597900390625,66.69403839111328,-631.0447225958438,68.0460141952646,8.000000000000055,13.478373331734867,-633.7264404296875,77.72171020507812,12.774938422727937,-636.2894287109375,79.45172119140625,15.682988611373732,2.4409356117248535,True,-2.9080501886457952
473,474,-626.6069946289062,67.11451721191406,-621.7061372895698,60.79141691700552,8.000000000000012,8.890705913306999,-600.2822265625,67.59866333007812,31.052749543766375,-600.428466796875,65.49392700195312,30.98017815816076,17.371009826660156,False,0.07257138560561316
474,475,-631.3349609375,67.62935638427734,-630.6775077365755,75.60229532099285,8.000000000000002,5.074209037743064,-632.2060546875,78.81075286865234,11.460665153210558,-636.8468627929688,79.74791717529297,11.55812763389347,2.3427088260650635,True,-0.0974624806829123
475,476,-636.5232543945312,68.19432067871094,-642.3936827921771,62.75942689611373,8.000000000000007,9.612664336663789,-636.5267333984375,49.105987548828125,19.79381037875911,-637.2041015625,51.053035736083984,17.760731240286496,8.217521667480469,False,2.0330791384726155
476,477,-640.0193481445312,68.58922576904297,-632.0194589426334,68.63132989422456,7.999999999999967,5.084443808006634,-621.8068237304688,84.10649108886719,26.218583442514305,-625.5244140625,84.3166732788086,23.42204273396872,5.58988094329834,True,2.796540708545585
477,478,-643.1995239257812,68.94844055175781,-649.1268341792442,74.32124179125978,8.000000000000023,0.9421678755359374,-643.4795532226562,85.9960708618164,16.93843279476482,-642.1277465820312,87.22798919677734,18.417666986163663,1.2584906816482544,True,-1.4792341913988416
478,479,-646.3782958984375,69.3075180053711,-645.6369568770994,61.34194103597074,7.999999999999994,11.08655569980826,-627.0914916992188,54.961082458496094,26.953365253721184,-631.1351928710938,55.010169982910156,23.641256482844742,8.30864429473877,False,3.312108770876442
479,480,-649.6551513671875,69.70439147949219,-644.8211217586042,76.07872734633673,8.000000000000021,6.978349777667713,-634.4942626953125,96.5216064453125,32.21872483869388,-635.7853393554688,96.74675750732422,31.686693500688385,15.550495147705078,False,0.5320313380054955
480,481,-652.9340209960938,70.10150909423828,-660.8042859955888,68.66661229037952,8.000000000000028,15.884523147396079,-657.6573486328125,62.129817962646484,8.492547918342627,-649.1339111328125,59.3870735168457,13.17496105035635,0.4989716410636902,True,-4.682413132013723
481,482,-656.2129516601562,70.4986343383789,-649.4404043230261,66.24039496437338,7.99999999999999,16.28566936495151,-628.4622802734375,72.31900787353516,31.188405309246335,-630.1900024414062,65.7333755493164,29.886868176056844,17.154380798339844,False,1.3015371331894912
482,483,-659.6201171875,70.93849182128906,-661.737583451429,78.6531750047466,8.000000000000005,13.862171894685723,-655.474365234375,90.39501190185547,20.387477786221233,-647.1068115234375,89.90662384033203,24.260199063226764,3.9923386573791504,True,-3.8727212770055317
483,484,-662.7206420898438,71.33876037597656,-666.3704819801699,64.21986518255054,7.999999999999998,19.35000317476553,-661.4324340820312,56.00590515136719,16.457362296561932,-663.451904296875,49.6390380859375,22.301070342576374,6.167685031890869,True,-5.8437080460144415
484,485,-666.1292724609375,71.77880859375,-658.6292495068179,74.56262893415987,8.000000000000014,18.89643387746471,-644.8536376953125,91.59587860107422,31.195296962299164,-644.109375,89.42678833007812,30.503480173334594,8.4122314453125,False,0.6918167889645694
485,486,-669.2618408203125,72.16944885253906,-676.672567952468,75.18293908360582,7.999999999999975,13.108972734675092,-686.6032104492188,61.04179382324219,18.07649527818941,-680.1926879882812,53.37997055053711,20.62628918671877,3.619020700454712,True,-2.5497939085293595
486,487,-672.70361328125,72.59864807128906,-669.2747571330054,65.37071990931585,7.999999999999998,18.081200248526123,-669.5418090820312,53.37114334106445,20.728371261402135,-676.9285888671875,47.20439910888672,25.833621068577195,12.12186336517334,False,-5.10524980717506
487,488,-676.1272583007812,73.02558898925781,-673.7731947908719,80.67139731744085,7.999999999999985,5.824932109034802,-656.5471801757812,90.09671020507812,28.27665961232536,-647.6851196289062,88.11052703857422,34.93058432091595,8.706937789916992,False,-6.653924708590587
488,489,-679.365478515625,73.39656829833984,-686.2659610023236,69.34893424240464,8.00000000000003,16.134571057018864,-673.8544311523438,59.48569107055664,16.93884735312965,-677.964111328125,55.65896224975586,18.804778734017376,3.953059196472168,True,-1.8659313808877265
489,490,-682.907470703125,73.80236053466797,-675.0851321542024,72.12575097187803,7.999999999999979,15.55619102137836,-662.8886108398438,68.9514389038086,23.825908256461325,-665.3379516601562,65.35321807861328,22.59008694491908,10.614374160766602,False,1.2358213115422458
490,491,-686.135498046875,74.17218017578125,-690.7709135597122,80.69237365629606,7.99999999999997,11.298354743507787,-693.0493774414062,78.74268341064453,5.366216233258893,-706.3089599609375,80.394287109375,17.65094214324674,0.686095118522644,True,-12.284725909987849
491,492,-689.63525390625,74.60263061523438,-690.6215701829174,66.66366467486273,8.0,24.199591094921935,-689.5916748046875,65.10540771484375,10.400393616316034,-699.558349609375,53.54022216796875,22.48835624686921,1.7090765237808228,True,-12.087962630553175
492,493,-692.81494140625,74.99372100830078,-686.7249680406995,80.18142034489365,8.000000000000009,13.655123483342864,-678.69970703125,83.29679107666016,19.024013016182757,-676.1978759765625,80.35492706298828,20.416849451465712,1.5076355934143066,True,-1.3928364352829554
493,494,-696.000732421875,75.38555908203125,-703.9955298013732,75.67402894314061,7.999999999999993,17.86660484464764,-712.6366577148438,95.22964477539062,23.44915949415196,-716.19677734375,95.55740356445312,25.86148615431614,6.1812591552734375,True,-2.4123266601641795
494,495,-699.5145874023438,75.7957992553711,-693.814331219526,70.18268252308698,7.999999999999973,13.515201977088466,-690.7142333984375,59.867950439453125,20.241715566246416,-700.582763671875,49.46818923950195,26.786037287441122,5.705628395080566,True,-6.544321721194706
495,496,-702.7139282226562,76.1693115234375,-703.1255138557248,84.15871683714212,8.000000000000004,14.570742076185331,-717.2120971679688,103.91532135009766,29.610919949595072,-715.0748291015625,106.10922241210938,30.951732064683753,13.397931098937988,False,-1.3408121150886814
496,497,-705.9170532226562,76.54328155517578,-711.0103285324963,70.37412062210119,7.999999999999977,10.637471236258852,-720.9479370117188,57.60615539550781,22.70651518709177,-723.1586303710938,49.18853759765625,31.13367292923087,11.885787010192871,False,-8.427157742139098
497,498,-709.013427734375,76.92333221435547,-701.090596699385,78.0318214524625,8.00000000000004,7.6409048630028105,-702.8292846679688,97.51766967773438,22.33590613857535,-707.4196166992188,102.10199737548828,25.259487388322142,7.661189079284668,False,-2.9235812497467926
498,499,-712.4081420898438,77.34000396728516,-718.9989648429531,81.87443396863002,8.000000000000027,10.14387745764963,-733.7747802734375,72.61725616455078,18.692458070661164,-727.8365478515625,69.71151733398438,14.475396971721194,7.43596076965332,True,4.21706109893997
499,500,-715.802734375,77.75666809082031,-714.0058302518435,69.96108372708062,7.999999999999984,9.850268233190944,-709.95947265625,55.409324645996094,25.3755220377743,-702.1787719726562,45.72904968261719,37.56598191407698,12.553437232971191,False,-12.190459876302679
500,501,-720.8231201171875,78.341796875,-716.8822597186908,85.30380946616643,7.999999999999984,7.857092064659297,-712.3294677734375,89.70049285888672,17.274337568179558,-714.9423828125,95.6943130493164,19.994086843454937,2.210928201675415,True,-2.7197492752753796
501,502,-725.8314208984375,78.92552185058594,-733.4400606429998,76.45396338729455,8.000000000000032,4.884212478998105,-733.4080810546875,80.03456115722656,4.224195219209324,-727.7108154296875,81.12841796875,2.358463523306749,1.9050899744033813,True,1.8657316959025754
502,503,-729.2422485351562,79.33480072021484,-721.962360629353,76.0176887114127,7.9999999999999485,5.0833320240876505,-716.6101684570312,75.9414291381836,16.18877960718826,-721.3572998046875,79.79436492919922,10.997651536198028,0.5958709716796875,True,5.191128070990231
503,504,-732.3546142578125,79.70825958251953,-735.4819000685264,87.07168836659203,8.000000000000007,2.9798779424754107,-734.35009765625,85.46996307373047,5.535349325557903,-727.4144287109375,85.1535415649414,9.745998445436793,1.3069719076156616,True,-4.21064911987889
504,505,-735.7579345703125,80.11663818359375,-738.425896016763,72.57462374975357,7.999999999999983,6.577405997981703,-731.4628295898438,85.65670776367188,9.082793212749584,-727.3570556640625,85.47415161132812,12.60858229979038,1.9097695350646973,True,-3.5257890870407955
505,506,-738.9482421875,80.51222229003906,-731.8864128997352,84.27128694902903,8.0,12.60858229979038,-719.1029052734375,89.96258544921875,25.027609529031484,-723.498779296875,86.40870666503906,19.72277781245579,10.154935836791992,False,5.304831716575695
506,507,-742.4500732421875,80.9464340209961,-750.1964580739365,82.94481387438967,7.9999999999999885,7.6310507855284,-755.1217651367188,72.30899047851562,13.099987551994229,-754.0347900390625,68.85345458984375,15.050797064901912,1.2916574478149414,True,-1.950809512907684
507,508,-745.6333618164062,81.34114837646484,-741.2713049190717,74.63499749653259,8.00000000000002,11.80874113754754,-722.046630859375,82.3403091430664,26.88512328663017,-724.62939453125,85.75553131103516,24.62604252972402,11.960426330566406,False,2.2590807569061475
508,509,-748.9249267578125,81.73445129394531,-747.6114319270663,89.62588534167092,8.000000000000002,6.683498252922704,-739.8988037109375,91.96045684814453,15.759445026476646,-734.759765625,85.42748260498047,17.76380241955982,1.9637362957000732,True,-2.0043573930831737
509,510,-752.21435546875,82.12748718261719,-758.5134727855026,77.19584232214844,8.000000000000009,11.352628656713156,-758.423095703125,62.01371383666992,20.713459354997855,-754.9609375,67.087158203125,15.443705345597426,11.597552299499512,False,5.26975400940043
510,511,-755.5088500976562,82.5211410522461,-747.5327987909274,81.9025898802096,7.99999999999996,9.59973976167309,-731.2468872070312,86.89805603027344,27.777345755602763,-734.986328125,90.87448120117188,25.049530615041906,12.460175514221191,False,2.727815140560857
511,512,-758.73681640625,82.91249084472656,-764.2002830965731,88.75633647271246,8.000000000000009,14.328266274791561,-765.294189453125,103.82894897460938,20.791899153593008,-765.3816528320312,106.9619140625,23.902144175754906,6.823636531829834,True,-3.110245022161898
512,513,-761.9700927734375,83.30448913574219,-761.8889634724428,75.30490051903695,7.999999999999996,6.252768620065815,-750.9808349609375,68.42034149169922,21.114610300239864,-750.944091796875,72.07674407958984,18.66215449826281,7.981536865234375,False,2.4524558019770524
513,514,-765.51708984375,83.7345199584961,-760.1732675967344,89.6879696972863,8.000000000000021,15.845242668132906,-755.6773071289062,109.0235595703125,28.137341551225376,-757.96533203125,108.87793731689453,27.007445921921917,10.71927261352539,False,1.1298956293034585
514,515,-768.8599243164062,84.16539001464844,-776.8217900472647,83.38520152217886,8.000000000000005,11.809508909728116,-774.5405883789062,89.43702697753906,5.378190961382366,-774.5526123046875,95.9305419921875,11.576781170390547,2.1790194511413574,True,-6.198590209008181
515,516,-772.1983032226562,84.5956802368164,-765.8004614669252,79.79280392479002,8.000000000000007,11.644346501371096,-749.7311401367188,83.68991088867188,25.838939896685343,-745.4102783203125,92.54365539550781,31.04912399509381,10.133788108825684,False,-5.210184098408469
516,517,-775.5355224609375,85.02582550048828,-777.0087955251712,92.88899702845355,8.000000000000007,19.09527623006758,-764.4742431640625,111.17652893066406,29.434988779141193,-765.8623657226562,110.25455474853516,27.965990292999344,9.472813606262207,False,1.4689984861418495
517,518,-778.75,85.43509674072266,-782.975150342777,78.64185711732276,7.999999999999966,7.251230688269795,-779.6084594726562,81.71971130371094,4.949177695925138,-780.4761962890625,87.63321685791016,2.5134260851524393,2.1075284481048584,True,2.4357516107726984
518,519,-782.2817993164062,85.88475799560547,-774.577537516241,88.03983342688738,8.000000000000005,14.107154504275178,-773.4562377929688,106.68888854980469,23.686258477191174,-773.433349609375,108.736083984375,25.481030533694764,4.035367012023926,True,-1.7947720565035894
519,520,-785.5029296875,86.29486846923828,-792.6395451047418,89.9099369867612,7.999999999999955,15.328805153351079,-795.5079956054688,92.90450286865234,9.096015952851516,-797.6388549804688,99.34326171875,15.404134120663057,1.2590556144714355,True,-6.308118167811541
520,521,-788.888916015625,86.66548919677734,-786.068541608814,79.17913573161117,7.999999999999996,3.795743240646484,-784.57568359375,81.30974578857422,9.338986133283598,-785.1270141601562,87.6685562133789,6.883327633624959,2.390061378479004,True,2.4556584996586386
521,522,-791.9781494140625,87.00361633300781,-789.0008466210427,94.42895592649957,7.999999999999995,12.400633377764805,-778.9306030273438,104.33348083496094,23.617675839395613,-781.7149658203125,105.23599243164062,22.48191700205318,3.2551486492156982,True,1.1357588373424328
522,523,-795.3681640625,87.37467193603516,-802.579279309688,83.91059675039422,8.000000000000025,8.607733110278536,-794.7977905273438,93.14618682861328,7.425981296985676,-798.572509765625,98.75104522705078,10.957550304489132,2.8107805252075195,True,-3.531569007503456
523,524,-800.046630859375,87.89310455322266,-792.3894297333699,85.57636742616091,8.000000000000036,6.923558733065737,-793.3754272460938,99.43193817138672,16.136529297162095,-798.4598388671875,99.48192596435547,12.921454672632388,2.6818134784698486,True,3.2150746245297075
524,525,-805.2129516601562,88.4655990600586,-809.2942000199731,95.34625395806735,7.999999999999986,10.520793337306586,-827.7100219726562,101.82622528076172,22.956501542361252,-836.9044799804688,92.93193817138672,28.458591343775467,8.80700969696045,False,-5.502089801414215
525,526,-808.7314453125,88.91055297851562,-810.3698753900308,81.08012854039973,8.000000000000007,6.311745062916167,-802.282470703125,82.99120330810547,11.549342638987167,-803.2808837890625,89.06902313232422,8.66803737700942,1.2521297931671143,True,2.8813052619777473
526,527,-811.9453735351562,89.3169937133789,-805.4478704791821,93.98416138099132,7.999999999999974,12.979398186506737,-795.66357421875,98.19805908203125,21.258531480555483,-798.6373291015625,97.805908203125,18.393501514573654,7.226104736328125,True,2.8650299659818295
527,528,-815.159912109375,89.7235107421875,-823.1035951092325,90.67108680656182,8.000000000000025,9.170418922689151,-838.1287231445312,92.7682113647461,19.94083058493547,-847.5576171875,86.84764862060547,29.36930621802489,8.519743919372559,False,-9.42847563308942
528,529,-818.3681640625,90.09294891357422,-813.1508178756446,84.02835504699867,8.0,13.420625912885658,-813.1702880859375,97.09569549560547,10.712824736258218,-808.8944702148438,98.82057189941406,15.193604387638256,0.5728883743286133,True,-4.480779651380038
529,530,-821.5830078125,90.46314239501953,-821.333542221338,98.45925188144017,7.999999999999993,10.913793499131092,-834.4437255859375,115.66215515136719,26.488324865128916,-842.3786010742188,116.4542465209961,30.862711485043754,9.219602584838867,False,-4.374386619914837
530,531,-825.1171264648438,90.87010192871094,-830.7023689778476,85.14253123329966,8.0,18.609262581403073,-835.7946166992188,73.42445373535156,19.24452700317065,-839.1846923828125,64.70071411132812,28.60332863861903,10.507892608642578,False,-9.35880163544838
531,532,-828.6018676757812,91.27427673339844,-820.6145652557252,91.72483200255716,7.999999999999985,11.642866678058619,-818.3948974609375,93.008544921875,13.483359696145559,-814.8712768554688,100.64557647705078,19.180264299392185,1.2178783416748047,True,-5.696904603246626
532,533,-831.8092651367188,91.64629364013672,-838.0031990724128,96.7094134688843,7.999999999999982,14.805847169981625,-844.2756958007812,101.81011962890625,13.486943988321588,-858.09130859375,98.97692108154297,24.11480148555471,2.0445094108581543,True,-10.627857497233123
533,534,-835.0028076171875,92.01669311523438,-833.8556818031356,84.09936387067623,8.0,16.636996370950186,-843.0751342773438,81.3655014038086,12.015274887468808,-846.852783203125,68.41512298583984,25.463362482534528,2.849268913269043,True,-13.44808759506572
534,535,-838.4090576171875,92.437744140625,-833.9068334305377,99.05060867675046,7.999999999999988,2.3777770837953827,-835.5517578125,93.07282257080078,5.960232093658438,-843.6878662109375,88.64827728271484,4.708117545294754,2.356546640396118,True,1.252114548363684
535,536,-841.5066528320312,92.82064819335938,-849.2933786408172,90.98573643014403,7.9999999999999485,20.460583665021787,-868.03955078125,81.15390014648438,26.098488124923854,-867.5848388671875,89.54055786132812,22.975946904822948,15.317862510681152,False,3.1225412201009064
536,537,-844.9088745117188,93.24120330810547,-837.9277201513124,89.33435242840964,8.000000000000014,4.427409508256856,-834.64013671875,89.93278503417969,13.985528608642161,-836.82861328125,91.52462005615234,11.49251661347903,2.865609884262085,True,2.4930119951631315
537,538,-848.1234741210938,93.64689636230469,-850.6321202291565,101.24338862548126,7.999999999999993,14.30260159014843,-864.6182250976562,105.70359802246094,17.664248662819283,-865.8765258789062,109.76248168945312,21.402678581168413,4.1092143058776855,True,-3.73842991834913
538,539,-851.3408813476562,94.05294036865234,-854.622440575667,86.75695729348985,8.000000000000023,3.368124051076225,-852.15625,70.7748794555664,23.879655030206354,-849.3582763671875,70.87474060058594,24.260244198641043,13.430071830749512,False,-0.38058916843468893
539,540,-854.8762817382812,94.49911499023438,-847.5281963376068,97.66228443627978,8.000000000000009,9.159213105200344,-856.6680297851562,113.02973937988281,18.17437251924361,-861.1535034179688,118.75031280517578,24.03331886645433,5.542044639587402,True,-5.858946347210718
540,541,-858.0994873046875,94.91182708740234,-865.6544270525147,97.5429647513606,7.999999999999972,8.821468723735055,-872.55029296875,102.59920501708984,13.375946915205171,-872.0338134765625,110.34538269042969,18.446884385587516,3.3781039714813232,True,-5.070937470382345
541,542,-861.3253173828125,95.32487487792969,-857.5318478918775,88.28146737719926,8.0,2.330426320022886,-865.1705322265625,94.96501922607422,0.8664920118623239,-861.17333984375,103.89111328125,8.916196233839091,0.4067412316799164,True,-8.049704221976768
542,543,-864.874267578125,95.77928924560547,-862.9137005154079,103.53533055497127,8.0,11.00549775323508,-859.5897827148438,113.83131408691406,20.283939541832826,-860.3865356445312,117.40049743652344,23.092924674449538,3.883847951889038,True,-2.808985132616712
543,544,-869.8644409179688,96.3421859741211,-876.5492326797698,91.94746651761918,8.000000000000005,2.4379566214756943,-876.6273803710938,99.48052215576172,3.1351523288585366,-873.2202758789062,106.52263641357422,9.754714369572643,1.5851287841796875,True,-6.619562040714106
544,545,-874.8416748046875,96.90361785888672,-866.9439270642317,95.6286352597405,7.999999999999991,15.809866850151641,-862.153564453125,102.45901489257812,16.730333520446706,-858.8989868164062,104.8876953125,20.619135537619858,4.28468132019043,True,-3.888802017173152
545,546,-878.0565795898438,97.2630386352539,-883.0188946094936,103.53802306915948,7.999999999999983,13.37940520785133,-879.9674682617188,101.70487213134766,4.358247952766215,-874.3990478515625,106.08976745605469,11.078068835197929,2.9505372047424316,True,-6.719820882431714
546,547,-881.5836181640625,97.65735626220703,-882.1632525870974,89.67838239737748,8.000000000000007,3.5223449385727346,-878.8308715820312,95.45686340332031,6.4938323373866425,-874.7621459960938,102.92071533203125,11.17064119929539,2.569157838821411,True,-4.676808861908748
547,548,-884.798828125,98.01681518554688,-878.9817043369325,103.50872476549253,8.000000000000002,16.503055504057446,-876.3564453125,113.96659088134766,19.516266159453192,-871.7265625,112.43518829345703,21.594305221002095,1.9040944576263428,True,-2.0780390615489033
548,549,-888.1559448242188,98.4212875366211,-896.1550424836839,98.30113499050643,7.999999999999945,16.365633610109544,-899.9448852539062,92.22289276123047,10.917377655113402,-906.3157958984375,89.80029296875,17.566647304084437,2.406757116317749,True,-6.6492696489710355
549,550,-891.2242431640625,98.79096221923828,-885.2447956185324,93.47624613554629,8.00000000000001,13.031863465303367,-882.0811767578125,97.66517639160156,12.604814207810389,-879.1078491210938,101.8089599609375,15.703521541983376,1.9162477254867554,True,-3.098707334172987
550,551,-894.5925903320312,99.1968002319336,-895.4116097289174,107.15476524992181,7.999999999999992,8.591203235889838,-903.10498046875,116.80941772460938,17.92558585906468,-906.32080078125,114.7804946899414,17.295796900989107,0.7614193558692932,True,0.6297889580755722
551,552,-897.966796875,99.63601684570312,-902.7384055929175,93.21482145519411,8.00000000000003,15.117591328395953,-908.346435546875,88.00973510742188,14.066644617068215,-915.7936401367188,73.74256896972656,30.14513652317074,4.638527870178223,True,-16.078491906102528
552,553,-901.052734375,100.0377197265625,-893.1968434441948,101.54933399061692,8.000000000000039,17.17487663301259,-886.9417114257812,104.79679870605469,18.011181789229717,-879.497802734375,109.27973937988281,26.437904092818634,1.9056535959243774,True,-8.426722303588917
553,554,-904.4271850585938,100.47697448730469,-911.2409553045833,104.66893524986772,8.000000000000014,7.141119700779434,-911.2864990234375,113.0083236694336,12.657277670726222,-911.703369140625,113.61007690429688,13.353826455463867,0.640519380569458,True,-0.6965487847376455
554,555,-907.7351684570312,100.85946655273438,-905.542535144299,93.16580947980107,7.999999999999994,11.554219832774958,-901.78173828125,75.3553237915039,27.491459666365834,-911.4932861328125,62.717994689941406,38.52611265644573,15.08545207977295,False,-11.034652990079898
555,556,-911.0386352539062,101.24142456054688,-907.4584241396099,108.3955903663602,7.999999999999997,7.602861035011892,-907.0681762695312,116.22756958007812,16.315861936613135,-905.9208984375,112.47468566894531,13.736343069807766,2.626707077026367,True,2.579518866805369
556,557,-914.343505859375,101.62356567382812,-921.8160116773719,98.76670431912373,8.000000000000036,13.715327055261778,-920.9487915039062,112.99771881103516,11.535254915754862,-927.9868774414062,112.99749755859375,15.20682879172338,1.6855212450027466,True,-3.6715738759685177
557,558,-917.4921875,101.99253845214844,-910.0524121513963,99.05149395022252,7.999999999999988,9.281378080981124,-901.8448486328125,115.11961364746094,22.961016508488882,-904.119873046875,112.3311767578125,19.551021266012324,4.650369644165039,True,3.4099952424765583
558,559,-920.9600830078125,102.39891815185547,-924.459294793725,109.59304887608693,8.0,10.721207081907217,-928.7562255859375,127.23171997070312,24.811264480241036,-924.2001953125,136.92764282226562,34.12475579727359,12.142437934875488,False,-9.313491317032558
559,560,-924.4130249023438,102.80355072021484,-926.692380513474,95.1351390203901,7.999999999999985,15.3955698924007,-928.6506958007812,90.82078552246094,12.414150641849035,-937.9210205078125,77.24021911621094,27.936402009955565,2.976353168487549,True,-15.522251368106529
560,561,-927.5686645507812,103.18769073486328,-920.7080009854275,107.30245627411671,8.00000000000002,0.39974862271882244,-908.9682006835938,127.90727996826172,32.81498907574865,-902.1821899414062,138.45455932617188,45.23289634288224,14.787358283996582,False,-12.417907267133593
561,562,-931.0220336914062,103.60806274414062,-938.8603576723914,105.2082743454961,7.999999999999957,18.66353905360758,-949.9876098632812,100.20986938476562,15.978226929003492,-959.5236206054688,92.24488830566406,27.684152864836904,6.0298638343811035,True,-11.705925935833411
562,563,-934.4722900390625,104.02806091308594,-929.7734812846694,97.55340290747372,7.999999999999971,13.35659591584911,-925.132080078125,95.47161102294922,17.005718816446258,-932.7022094726562,91.3262710571289,14.935892118946128,1.1691155433654785,True,2.0698266975001296
563,564,-939.4464111328125,104.6528091430664,-938.5375978308903,112.60102016078915,7.999999999999998,10.608570144192184,-941.2132568359375,114.46795654296875,9.729412390774058,-945.3919677734375,113.41627502441406,8.201780085567709,0.6939589381217957,True,1.5276323052063496
564,565,-944.3988647460938,105.27484130859375,-950.4379347901303,100.0279724324714,8.00000000000004,19.50205874283127,-950.651123046875,97.06810760498047,9.098812344604921,-960.9061279296875,82.16045379638672,26.996100534062727,2.257028579711914,True,-17.897288189457804
565,566,-947.5548706054688,105.6239013671875,-939.5576393013777,105.41344598268576,8.000000000000012,6.111549366293322,-930.243896484375,103.73738098144531,20.892248327486143,-932.1455078125,102.64641571044922,19.163902181016454,5.965540885925293,True,1.7283461464696899
566,567,-951.0125732421875,106.0063247680664,-956.767322147012,111.56356014569994,8.000000000000037,8.958229457904537,-961.5886840820312,132.72708129882812,27.3981976269489,-956.3983764648438,143.31732177734375,37.030270423349315,13.414632797241211,False,-9.632072796400415
567,568,-954.1619873046875,106.35464477539062,-953.6724731216328,98.36963532864678,8.000000000000007,17.883942098119785,-959.1090087890625,88.07356262207031,18.732974763882122,-965.5515747070312,74.460693359375,33.25144111972926,10.87961196899414,False,-14.518466355847135
568,569,-957.5895385742188,106.74481201171875,-952.5566947173191,112.96337154846583,8.000000000000007,5.342349497020032,-945.5108642578125,126.90499114990234,24.96819680303426,-953.5883178710938,129.54647827148438,23.550338198511852,8.079069137573242,False,1.417858604522408
569,570,-960.7161865234375,107.10072326660156,-968.627825563103,105.91498817559652,7.999999999999986,15.502334514864536,-959.454833984375,108.77489471435547,4.582248170228031,-960.9998779296875,108.37294006347656,2.9874764581304296,1.9119149446487427,True,1.594771712097601
570,571,-963.8433837890625,107.45670318603516,-957.2086348410845,102.98679195679304,7.9999999999999805,17.918445128380238,-955.8936767578125,96.31472778320312,16.22072364162345,-965.6778564453125,81.93777465820312,26.017344860382764,2.7651548385620117,True,-9.796621218759313
571,572,-967.2383422851562,107.90827941894531,-969.1112180216945,115.68596136638224,8.000000000000009,4.261131487445675,-961.3526000976562,128.48590087890625,22.161058809725812,-957.9225463867188,128.7537384033203,24.028270691152002,7.016462802886963,True,-1.86721188142619
572,573,-970.6275024414062,108.35908508300781,-974.5002508281217,101.35895508898676,8.000000000000014,26.264277628562002,-983.8782348632812,84.67237854003906,26.15188497777783,-982.666748046875,74.78431701660156,35.14412572723193,12.677441596984863,False,-8.992240749454101
573,574,-973.7188720703125,108.77027130126953,-966.1347080677904,111.31594535402002,7.9999999999999725,11.154190986989464,-941.1212158203125,123.1671371459961,38.69652431164121,-948.0150146484375,124.51454162597656,32.966313329767964,22.728656768798828,False,5.730210981873249
574,575,-977.2118530273438,109.20694732666016,-984.5237576440319,112.45287568022177,8.00000000000003,3.6210663088129245,-986.5618896484375,120.31806945800781,12.367968971464611,-981.6985473632812,116.745361328125,7.2617930354154545,2.358191728591919,True,5.106175936049157
575,576,-980.3840942382812,109.60352325439453,-977.1851164331574,102.27095610486737,7.9999999999999885,23.698099955673182,-988.955078125,82.05777740478516,28.43982865283944,-988.670654296875,72.83468627929688,37.51306554353217,18.663257598876953,False,-9.07323689069273
576,577,-983.8700561523438,110.03931427001953,-981.2758048859789,117.60699954141953,7.999999999999998,8.247279044548138,-967.9180908203125,139.0705108642578,34.472862073645885,-962.2877197265625,148.35882568359375,45.32652988155866,14.921525955200195,False,-10.853667807912778
577,578,-987.0606689453125,110.40101623535156,-994.0854870419017,106.57323218843463,7.999999999999955,15.472357815799596,-991.2022094726562,107.53705596923828,3.3220785866320397,-986.0379638671875,98.78598022460938,12.841801272020295,1.809666633605957,True,-9.519722685388254
578,579,-990.5753784179688,110.7994613647461,-982.8098652071609,108.87675374974856,8.00000000000005,9.539542004438376,-974.34716796875,102.11174774169922,21.726172638907418,-986.5689697265625,86.96829223632812,25.36701580882253,6.498045921325684,True,-3.6408431699151116
579,580,-994.08251953125,111.19703674316406,-998.5097969625722,117.86031030396774,8.0,9.51073858177022,-1005.8633422851562,109.342041015625,7.4616356967521416,-1009.1021118164062,106.66576385498047,11.489518896301144,2.1216893196105957,True,-4.027883199549002
580,581,-998.8058471679688,111.76438903808594,-1000.0422871938256,103.86051555336597,8.000000000000012,13.442678651150661,-996.8560791015625,116.94088745117188,8.47032223800481,-1003.8524169921875,110.67656707763672,1.7178453194686965,2.8520593643188477,True,6.7524769185361135
581,582,-1003.9988403320312,112.3881607055664,-997.7481381113548,117.38102779256464,7.999999999999966,1.7178453194686965,-1000.5327758789062,116.90185546875,7.730526533159051,-1007.4129028320312,110.60829162597656,2.171640037841013,2.230489730834961,True,5.558886495318038
582,583,-1007.0537719726562,112.75003051757812,-1015.0354785141233,113.29073439762998,8.000000000000034,6.870301747232333,-1021.1854858398438,120.8961410522461,13.273444449719088,-1033.6143798828125,116.39895629882812,23.43249909984769,2.372537136077881,True,-10.159054650128601
583,584,-1010.4085693359375,113.1474380493164,-1004.8883475613502,107.35717453550534,7.999999999999966,11.988368139392664,-987.6526489257812,111.83295440673828,26.175674790738913,-981.61328125,107.8193588256836,32.664816189194696,12.110218048095703,False,-6.489141398455782
584,585,-1013.772216796875,113.54588317871094,-1013.93138972875,121.54429952057251,7.999999999999995,3.7225625304374517,-1003.38671875,136.78793334960938,26.546093772537507,-1000.4464111328125,142.2451171875,32.741226460753325,11.028862953186035,False,-6.195132688215818
585,586,-1016.8726196289062,113.92255401611328,-1022.1581030710994,107.9172509611208,7.999999999999992,18.932506109476012,-1024.6583251953125,95.98717498779297,18.86599284636607,-1018.2435302734375,82.20026397705078,32.198240057815724,8.442657470703125,False,-13.332247211449655
586,587,-1020.2666015625,114.33488464355469,-1012.312726638882,115.19271545405336,7.9999999999999485,10.602028612551146,-998.0061645507812,127.23069763183594,28.536799656155466,-1002.555419921875,128.543701171875,25.220282202959,12.43021011352539,False,3.3165174531964645
587,588,-1023.6680908203125,114.74813079833984,-1030.1124870357264,119.48835836869549,8.00000000000006,15.058528889927741,-1030.1512451171875,126.9703369140625,12.184187638673606,-1038.5621337890625,121.33955383300781,13.031934967189821,1.653139352798462,True,-0.8477473285162151
588,589,-1027.07763671875,115.1801986694336,-1025.5277172278643,107.33177528815679,7.999999999999989,15.87845879765373,-1020.5933837890625,104.64985656738281,14.76868117329003,-1031.4136962890625,103.12427520751953,12.522432022162489,0.3367081880569458,True,2.2462491511275413
589,590,-1030.489501953125,115.61255645751953,-1026.3308305299236,122.44669517383538,7.99999999999997,4.4982598672976275,-1029.806396484375,134.24374389648438,18.626977018566194,-1038.0689697265625,133.94415283203125,18.48771882184001,4.454485893249512,True,0.13925819672618545
590,591,-1033.5946044921875,116.00604248046875,-1041.2774737463183,113.7759034659827,8.00000000000004,19.412447651207966,-1039.45361328125,114.96424102783203,2.9649084359615014,-1053.4716796875,115.92828369140625,16.61124059702175,2.1552011966705322,True,-13.64633216106025
591,592,-1036.8675537109375,116.4144058227539,-1029.6960077694573,112.86913731257863,8.000000000000087,10.92599828056682,-1023.8558959960938,118.17615509033203,16.33761953586718,-1034.8790283203125,115.40501403808594,5.445971934246545,1.3724743127822876,True,10.891647601620635
592,593,-1040.1373291015625,116.8223648071289,-1043.0306094173443,124.28084514928366,7.999999999999959,19.353961126174575,-1053.7972412109375,140.32254028320312,25.321124038367866,-1060.227294921875,142.1383819580078,30.054305478591317,7.909865856170654,False,-4.733181440223451
593,594,-1043.4088134765625,117.23055267333984,-1046.313529697214,109.77651861938739,7.9999999999999645,13.498798193296725,-1051.254150390625,113.635009765625,5.92638271578001,-1058.1214599609375,115.3297119140625,11.464264759387815,3.0122430324554443,True,-5.537882043607805
594,595,-1046.894287109375,117.64918518066406,-1039.7173121120775,121.18345029355035,7.99999999999993,6.1948570907394815,-1047.7813720703125,131.27197265625,13.437357460785288,-1056.984375,130.5832061767578,14.334561572535481,2.5319337844848633,True,-0.8972041117501934
595,596,-1050.0638427734375,118.0298843383789,-1057.7432825562928,120.27180419009073,8.000000000000012,16.568453471378028,-1064.10888671875,127.75162506103516,14.33657301786433,-1067.1717529296875,126.68183898925781,16.207986621663057,2.0603044033050537,True,-1.871413603798727
596,597,-1053.233154296875,118.4105453491211,-1049.0849695002646,111.57003638463827,7.999999999999966,8.295051914123293,-1045.370361328125,117.04902648925781,11.155053530231003,-1055.4779052734375,113.5944595336914,5.261694854987926,2.7025721073150635,True,5.893358675243077
597,598,-1056.390869140625,118.7763442993164,-1054.8289140968461,126.62238128885538,8.000000000000004,6.881343960283112,-1055.00634765625,141.37747192382812,22.723624592518753,-1060.8162841796875,141.6631317138672,22.50533287540192,6.150294780731201,True,0.21829171711683415
598,599,-1059.8594970703125,119.17814636230469,-1066.311155943403,114.4478083421128,8.000000000000052,15.515911822530207,-1071.0936279296875,106.909912109375,14.862593733763969,-1084.736572265625,97.07070922851562,31.067298772892094,3.8883938789367676,True,-16.204705039128125
599,600,-1063.3231201171875,119.57939910888672,-1055.370570230977,118.709370197108,7.999999999999933,2.303758583037517,-1041.53125,137.79115295410156,30.82964132663152,-1052.92431640625,138.5860137939453,23.150636535724168,13.913585662841797,False,7.679004790907353
600,601,-1066.690185546875,119.97277069091797,-1071.9664522486985,125.98617319625782,7.999999999999934,12.131779793971306,-1081.280029296875,125.50392150878906,12.342447910600772,-1085.79248046875,120.33521270751953,15.734771714889249,2.6766419410705566,True,-3.392323804288477
601,602,-1070.0577392578125,120.36619567871094,-1070.229179427292,112.36803287289804,7.9999999999999964,10.984389944203832,-1054.33837890625,123.72166442871094,19.313367883538792,-1063.4560546875,123.568359375,10.355417990922097,5.431318759918213,True,8.957949892616694
602,603,-1073.4232177734375,120.75938415527344,-1067.8941217807608,126.54117431955362,8.000000000000057,2.5363535754203856,-1058.8690185546875,145.85305786132812,31.201759442545157,-1063.634521484375,144.9687957763672,27.746835605588753,10.284781455993652,False,3.4549238369564037
603,604,-1078.150390625,121.32188415527344,-1086.1329170733354,120.79342270764724,8.000000000000105,10.21895985233661,-1095.7503662109375,117.99579620361328,13.02224618218315,-1094.76171875,112.26023864746094,14.971652345277887,3.827827215194702,True,-1.9494061630947375
604,605,-1083.339599609375,121.93936920166016,-1077.0965624591727,116.93692108686753,7.999999999999918,7.9580785652211325,-1068.516357421875,120.86914825439453,17.965261274753235,-1076.312255859375,119.50062561035156,10.492292843124822,4.571576118469238,True,7.472968431628413
605,606,-1086.4246826171875,122.29830932617188,-1087.6489987673442,130.20406988189737,7.999999999999975,2.99976599616414,-1084.7279052734375,140.89987182617188,18.903082054023507,-1087.29833984375,139.78143310546875,17.272734890373037,3.250515937805176,True,1.6303471636504696
606,607,-1089.806396484375,122.69175720214844,-1094.2438883824689,116.03528173427874,7.9999999999999885,11.421897587674044,-1085.128173828125,130.18603515625,10.746067722761303,-1087.2578125,125.05448150634766,6.254621065207234,2.7836740016937256,True,4.49144665755407
607,608,-1093.194580078125,123.0859603881836,-1085.42612708321,124.996755527856,7.999999999999894,6.1222300762350415,-1075.0601806640625,130.76414489746094,22.543496072106183,-1081.977783203125,125.2174301147461,14.511825421770425,5.137691497802734,True,8.031670650335759
608,609,-1096.380126953125,123.43822479248047,-1103.3990659935605,127.27677852359469,8.000000000000028,3.5916286784872367,-1090.080078125,146.82923889160156,25.002451710708876,-1089.93115234375,147.9798583984375,26.12135110088343,11.196269989013672,False,-1.1188993901745548
609,610,-1099.8731689453125,123.82450103759766,-1097.2905275291355,116.25284578161518,7.999999999999992,12.513025113843629,-1093.515625,120.00804901123047,10.415044911815402,-1091.49755859375,117.55741882324219,13.32313964943118,2.3439383506774902,True,-2.9080947376157784
610,611,-1103.0599365234375,124.17689514160156,-1099.8497162900521,131.5045472930866,8.00000000000001,3.8637204865527384,-1093.568115234375,140.5439910888672,20.401340257954782,-1092.442138671875,138.17405700683594,19.38798145793995,1.0084867477416992,True,1.0133588000148315
611,612,-1106.2470703125,124.5609130859375,-1113.5639447124283,121.32620305014254,7.999999999999957,8.747518223462546,-1113.0123291015625,121.73348999023438,4.604629904734406,-1108.334228515625,116.33937072753906,8.758745826942402,0.955830991268158,True,-4.154115922207996
612,613,-1109.7498779296875,124.98295593261719,-1102.1696272284426,122.42565280113777,7.999999999999936,12.441278076269564,-1091.856689453125,135.0967254638672,23.22473240183393,-1091.6590576171875,130.44854736328125,21.884398223183762,7.126526832580566,True,1.340334178650167
613,614,-1112.945556640625,125.36801147460938,-1116.8075641509556,132.37407299233462,8.000000000000037,4.405248519761293,-1108.028076171875,142.10202026367188,18.296415284519753,-1101.1650390625,137.60244750976562,19.246738835408387,1.1462876796722412,True,-0.9503235508886334
614,615,-1116.3902587890625,125.82833862304688,-1118.2750612002626,118.05353831238074,7.999999999999998,16.114767209778293,-1112.38671875,111.72357177734375,16.37840022572967,-1110.247314453125,100.54827880859375,27.48397043742565,5.490694999694824,True,-11.10557021169598
615,616,-1119.86865234375,126.29315185546875,-1113.2270555547277,130.75288190246124,7.9999999999999245,9.939776357477987,-1105.915771484375,147.03988647460938,26.56759265475284,-1102.450439453125,148.14682006835938,29.709386429947404,8.910929679870605,False,-3.1417937751945644
616,617,-1123.0252685546875,126.71497344970703,-1130.9350796894273,127.9128414778071,7.999999999999892,7.01671739282631,-1126.6641845703125,119.99678039550781,7.196609666000583,-1117.52490234375,118.61444091796875,12.443442573871348,2.403379201889038,True,-5.246832907870765
617,618,-1126.539306640625,127.19230651855469,-1121.5160063051783,120.96603526363012,7.999999999999943,16.2217744055526,-1115.7095947265625,122.66738891601562,14.8831353525815,-1109.1480712890625,117.34114074707031,23.019840069176567,2.022083044052124,True,-8.136704716595068
618,619,-1129.741943359375,127.6273193359375,-1129.2401828898328,135.6115686075475,7.999999999999998,7.142952116067498,-1136.9024658203125,151.10488891601562,23.380884595458763,-1151.64794921875,149.13531494140625,28.17823521971937,7.208320140838623,True,-4.797350624260606
619,620,-1132.941650390625,128.0619354248047,-1138.7049158350526,122.51353282431982,8.00000000000002,19.156169268796432,-1136.7540283203125,133.6411590576172,5.219393206907672,-1150.4935302734375,134.258544921875,15.499035866575069,2.752236843109131,True,-10.279642659667397
620,621,-1136.119873046875,128.46043395996094,-1128.122328366767,128.65862348964367,7.999999999999899,16.113436070018125,-1113.5694580078125,127.5989761352539,25.763886006059177,-1108.463134765625,120.19725036621094,32.03279724501251,9.972809791564941,False,-6.268911238953333
621,622,-1139.302490234375,128.85948181152344,-1145.3335058862524,134.11560682971026,7.999999999999972,18.32439946887342,-1143.5677490234375,153.57177734375,24.286430149532432,-1154.5257568359375,148.869873046875,22.817681196125253,10.7172269821167,False,1.4687489534071787
622,623,-1142.796630859375,129.29759216308594,-1141.9000090496877,121.34799661800359,8.0,14.100085129060057,-1146.825439453125,128.65773010253906,1.3052323662158236,-1161.805908203125,126.09030151367188,16.192894199580195,2.4933104515075684,True,-14.88766183336437
623,624,-1146.016357421875,129.68194580078125,-1141.307623805737,136.149389479102,7.9999999999999725,12.609261831063186,-1141.3775634765625,150.0867919921875,21.508276050616583,-1155.5433349609375,145.99871826171875,17.134068591925626,5.267967224121094,True,4.374207458690957
624,625,-1149.2388916015625,130.06666564941406,-1157.0796606586525,128.47847781626018,7.999999999999904,16.520068711969333,-1157.332763671875,134.20652770996094,5.88242778829788,-1164.850341796875,128.78741455078125,12.19542242986679,0.3314533531665802,True,-6.31299464156891
625,626,-1152.774169921875,130.48870849609375,-1145.9198253722175,126.36342537919361,8.00000000000007,5.198417182716548,-1148.8365478515625,135.68585205078125,9.918741952723693,-1161.4783935546875,130.66049194335938,3.9251000787239056,0.4965892732143402,True,5.9936418739997865
626,627,-1157.5660400390625,130.9765625,-1159.8336316830587,138.64846110048205,7.999999999999987,7.0134098162833665,-1162.4658203125,155.02879333496094,23.518819595417753,-1160.460693359375,145.3204345703125,14.009983671070488,8.59814739227295,False,9.508835924347265
627,628,-1162.83349609375,131.51284790039062,-1166.343737630461,124.32409248975456,8.000000000000012,7.197549040621774,-1162.021728515625,122.6833724975586,10.04376268835404,-1169.3558349609375,117.00829315185547,15.23220978474593,1.7671263217926025,True,-5.18844709639189
628,629,-1166.059814453125,131.87962341308594,-1158.6155370817119,134.80925383644424,8.000000000000014,3.6817484997001717,-1161.57861328125,138.90708923339844,10.399329490178474,-1164.711181640625,141.88583374023438,10.774365673684338,2.835796356201172,True,-0.37503618350586443
629,630,-1169.593994140625,132.28140258789062,-1177.0621095108395,135.14972140161504,7.999999999999959,9.466197474818287,-1184.235107421875,137.67672729492188,12.472382646568395,-1186.60791015625,125.99803161621094,15.306762983469033,4.404333591461182,True,-2.8343803369006384
630,631,-1172.8212890625,132.64830017089844,-1169.252054730124,125.48865169624631,8.00000000000002,6.457828257920159,-1156.3919677734375,127.01272583007812,20.812177053107657,-1166.53759765625,127.40640258789062,11.28633977241121,4.906172275543213,True,9.525837280696447
631,632,-1176.306640625,133.05859375,-1174.102209885311,140.74887886265438,7.999999999999985,11.47065020034783,-1158.979248046875,164.96847534179688,37.61500954849246,-1161.8428955078125,156.01138305664062,28.65223003409091,17.92660903930664,False,8.96277951440155
632,633,-1179.4820556640625,133.43240356445312,-1186.3022472390903,129.2508982278645,7.999999999999977,9.941059581072762,-1188.0177001953125,113.47871398925781,21.022579824831404,-1184.00439453125,99.88489532470703,33.947928912258824,12.663559913635254,False,-12.92534908742742
633,634,-1182.6558837890625,133.8060302734375,-1174.8023205088366,132.28236895822087,8.000000000000014,7.842047108081681,-1169.5159912109375,124.93443298339844,18.837317664602452,-1174.233154296875,127.7415771484375,13.350260649125554,4.647305965423584,True,5.487057015476898
634,635,-1185.9276123046875,134.1812286376953,-1190.6893670193742,140.6097348434292,8.000000000000032,12.533760520539492,-1195.6707763671875,140.21400451660156,8.597812164384855,-1204.5015869140625,138.6321563720703,15.838158614925526,1.9798593521118164,True,-7.24034645054067
635,636,-1189.1968994140625,134.55615234375,-1190.028123230983,126.59945284168357,8.000000000000007,10.442104801375809,-1197.3203125,118.9283447265625,16.723859437729597,-1202.4715576171875,125.14921569824219,13.996529217995839,4.428010940551758,True,2.7273302197337586
636,637,-1192.4599609375,134.93035888671875,-1186.472369076184,140.23589785107498,8.000000000000064,1.808115589310283,-1182.4366455078125,151.5843048095703,21.03374980237683,-1185.4649658203125,151.8938446044922,19.50909536654187,0.25688523054122925,True,1.5246544358349574
637,638,-1195.830322265625,135.3661651611328,-1203.8292262350435,135.4985860357029,8.000000000000066,17.69613514750726,-1219.39990234375,143.78529357910156,22.007436949452895,-1215.18017578125,148.07858276367188,20.40803038849106,10.9435396194458,False,1.5994065609618353
638,639,-1198.9063720703125,135.763916015625,-1193.097678240056,130.263090987837,7.999999999999942,4.633109698750871,-1181.31689453125,129.6107177734375,21.968455412793528,-1183.53955078125,132.12640380859375,19.17213325551946,6.650282382965088,True,2.7963221572740693
639,640,-1202.2740478515625,136.19940185546875,-1202.8414439875776,144.17925533938907,8.000000000000009,15.302700962919946,-1210.67236328125,148.5950927734375,13.041378754837558,-1214.0526123046875,149.5983123779297,15.537630347485463,1.0792375802993774,True,-2.496251592647905
640,641,-1205.513671875,136.6173858642578,-1210.4856052007779,130.35001967071042,8.00000000000007,12.671996388806814,-1217.5162353515625,121.82821655273438,17.43837562621973,-1217.89013671875,125.51826477050781,14.54891472718645,6.244208812713623,True,2.8894608990332813
641,642,-1209.05029296875,137.07369995117188,-1201.150599036117,138.33656802453564,8.000000000000007,2.349499536629999,-1212.7325439453125,144.4197540283203,6.943656315805141,-1213.081298828125,152.40081787109375,14.931500786944518,2.930522918701172,True,-7.987844471139377
642,643,-1212.2823486328125,137.49070739746094,-1218.9603922115703,141.895674362174,8.00000000000006,5.39257539488638,-1218.374267578125,141.1559295654297,3.325179257263097,-1218.1083984375,128.04295349121094,10.10476004711959,3.234666347503662,True,-6.779580789856494
643,644,-1217.07568359375,138.0948028564453,-1215.1270145235296,130.33576368559648,8.000000000000009,11.682083023443571,-1218.7611083984375,121.3106689453125,17.81470056721671,-1218.0126953125,125.60388946533203,13.852962252209347,7.974177837371826,False,3.9617383150073646
644,645,-1222.351806640625,138.75975036621094,-1218.547538913976,145.79733141824698,7.999999999999976,14.869005873327701,-1211.5888671875,154.7627410888672,21.080238574200575,-1211.8011474609375,163.50563049316406,28.05780048625574,2.2052955627441406,True,-6.977561912055165
645,646,-1225.7900390625,139.18380737304688,-1233.349005383738,136.56426005444555,8.000000000000016,13.245835520018169,-1241.0013427734375,126.95883178710938,17.460223678318023,-1245.412841796875,127.68939971923828,20.321493063969754,5.937828063964844,True,-2.861269385651731
646,647,-1228.926513671875,139.57064819335938,-1221.583288367078,136.39621247610359,8.000000000000005,16.059017498556578,-1215.467529296875,129.3230438232422,19.9900129148558,-1218.318115234375,126.4784927368164,19.497916583314534,3.6634325981140137,True,0.49209633154126564
647,648,-1232.3702392578125,139.99539184570312,-1235.6406045455235,147.29639937103374,7.999999999999961,15.309032626754126,-1245.447998046875,145.32400512695312,11.175133773310934,-1242.6912841796875,140.8313446044922,7.254878354979432,2.764897108078003,True,3.920255418331502
648,649,-1235.4542236328125,140.3231964111328,-1237.9745177713978,132.73056067279975,7.999999999999992,10.786804444346142,-1242.93701171875,134.67665100097656,7.269109331818942,-1242.703857421875,138.1492156982422,4.618045388341721,0.6445230841636658,True,2.6510639434772214
649,650,-1238.84326171875,140.68341064453125,-1231.8561235082468,144.57954971126463,7.999999999999988,2.4375871503667823,-1228.932373046875,144.08819580078125,13.627585209021094,-1238.5035400390625,143.8885498046875,4.677564224287345,0.8433464169502258,True,8.950020984733747
650,651,-1242.215087890625,141.0417938232422,-1249.9989902785535,142.8886461766266,8.000000000000025,2.7174607449391974,-1243.18212890625,138.82009887695312,3.4614826404695065,-1242.490966796875,140.81228637695312,3.0527999395958503,2.314333200454712,True,0.4086827008736562
651,652,-1245.4859619140625,141.40354919433594,-1240.9938853828498,134.7837872320198,7.999999999999956,3.6248692152872724,-1237.7745361328125,142.5523681640625,10.984979680203825,-1242.305908203125,141.45558166503906,6.432495575863295,1.5459667444229126,True,4.55248410434053
652,653,-1248.7310791015625,141.76246643066406,-1247.5718115777586,149.67802697987685,8.000000000000016,8.328917578421674,-1245.405029296875,144.6006317138672,7.025177900242429,-1242.1708984375,143.297607421875,9.877629569423577,1.5141994953155518,True,-2.852451669181148
653,654,-1251.978271484375,142.12159729003906,-1258.1799636024275,137.0679832492871,8.0,9.167518616468703,-1255.9395751953125,131.2655029296875,11.276729566354815,-1250.1109619140625,132.74864196777344,10.941134551599951,2.7537877559661865,True,0.33559501475486364
654,655,-1255.0576171875,142.5076904296875,-1247.0710151927528,142.04488531141496,7.999999999999912,10.891546341940685,-1234.4100341796875,151.81524658203125,25.627895018441617,-1241.509521484375,146.7482147216797,17.364265643236525,11.020995140075684,False,8.263629375205092
655,656,-1258.449462890625,142.93296813964844,-1264.0259142776222,148.66909836205943,7.99999999999997,5.170838367038493,-1272.692138671875,146.4224853515625,11.283224600232835,-1283.302490234375,145.30032348632812,21.55698890368829,2.1278533935546875,True,-10.273764303455454
656,657,-1261.833251953125,143.35723876953125,-1261.5960505420953,135.3607560745831,7.999999999999987,9.810620077833777,-1247.5660400390625,133.79653930664062,20.05007531514153,-1247.460693359375,131.0687713623047,21.620082142040456,3.58465576171875,True,-1.5700068268989256
657,658,-1264.9708251953125,143.75038146972656,-1259.7441836849744,149.80696619400885,7.999999999999957,6.6890445224025665,-1254.856201171875,162.6015167236328,22.87401378117907,-1262.3187255859375,162.10638427734375,18.933656457105958,6.375179767608643,True,3.940357324073112
658,659,-1268.41943359375,144.18252563476562,-1276.364560577971,143.24713416345315,7.999999999999956,8.287319313750784,-1280.872802734375,137.30966186523438,11.592387980461865,-1275.614501953125,138.02015686035156,7.582864609488082,1.0929120779037476,True,4.009523370973783
659,660,-1271.8720703125,144.6151580810547,-1265.3817330817485,139.93803047630382,8.000000000000094,8.29565863216409,-1263.968994140625,148.09420776367188,11.863033839913014,-1259.35302734375,151.19676208496094,17.216071712392235,0.7885489463806152,True,-5.353037872479222
660,661,-1275.4356689453125,145.05332946777344,-1277.0620873254697,152.88625760817447,7.999999999999986,10.759642017099484,-1282.4425048828125,164.89016723632812,19.799981958181327,-1284.6240234375,165.30194091796875,20.722213794886162,5.321946144104004,True,-0.9222318367048352
661,662,-1278.6759033203125,145.45175170898438,-1282.7676999585387,138.57736444382397,7.999999999999948,3.391648261327879,-1276.9117431640625,130.61407470703125,16.039111252315553,-1281.2808837890625,135.3213348388672,10.54892008549458,5.13176155090332,True,5.490191166820974
662,663,-1281.9212646484375,145.85079956054688,-1274.260519275373,148.1557898705203,7.999999999999937,5.508072738806547,-1261.5404052734375,155.29710388183594,27.098776786059776,-1265.115966796875,154.57272338867188,23.487727347591118,11.158387184143066,False,3.6110494384686582
663,664,-1287.15234375,146.4442901611328,-1294.3581375537342,149.9194211886002,8.000000000000046,6.969119355718399,-1291.899658203125,156.10972595214844,9.123522740356393,-1282.78515625,159.16561889648438,15.230067920175378,2.160301685333252,True,-6.106545179818985
664,665,-1291.929443359375,146.9862518310547,-1288.963532546993,139.55635458728366,8.00000000000002,9.965052696891773,-1276.8153076171875,139.77554321289062,19.773668804256143,-1268.8076171875,144.06594848632812,26.47660501235879,5.143100261688232,True,-6.702936208102646
665,666,-1295.079345703125,147.35333251953125,-1292.2474925558035,154.83535148181716,8.000000000000018,17.366567358342824,-1281.7412109375,162.63827514648438,22.24396677308922,-1278.05322265625,162.62911987304688,25.096547405688142,4.296919345855713,True,-2.8525806325989223
666,667,-1298.24267578125,147.72198486328125,-1305.3848273498786,144.11786625109093,8.000000000000044,14.329419948557184,-1308.595458984375,130.4180450439453,19.084326489985468,-1314.5323486328125,125.87586975097656,25.811107575468192,7.3179240226745605,True,-6.726781085482724
667,668,-1301.38623046875,148.08831787109375,-1293.685283037623,145.9214287038724,8.00000000000008,7.156845421010908,-1285.076904296875,151.36248779296875,19.095990215834657,-1296.229248046875,145.6193084716797,8.207009188875672,4.759844779968262,True,10.888981026958986
668,669,-1303.9444580078125,148.41761779785156,-1308.1591843740441,155.21732967834998,7.999999999999958,7.68139769464681,-1310.5145263671875,151.6489715576172,4.758009067971691,-1304.641357421875,149.31520080566406,2.1499724094588366,2.909864664077759,True,2.6080366585128543
669,670,-1306.722412109375,148.77520751953125,-1308.2077434363512,140.91430484559467,8.000000000000002,12.020554143054127,-1290.04736328125,139.06314086914062,21.91895096856446,-1299.470458984375,139.2095947265625,14.121209727342936,5.310482978820801,True,7.797741241221523
670,671,-1309.515380859375,149.1347198486328,-1303.1101803048493,153.9277779388614,8.000000000000096,7.652330354141015,-1297.8350830078125,153.68629455566406,14.19695443900657,-1302.08837890625,155.15115356445312,10.912933803411073,2.5203566551208496,True,3.284020635595496
671,672,-1311.37646484375,149.42196655273438,-1319.3371246102881,150.21436549355883,7.999999999999913,5.69023503575675,-1322.7596435546875,145.91519165039062,10.248624933690971,-1316.662109375,139.9311981201172,10.360046608142845,1.053596019744873,True,-0.1114216744518739
672,673,-1313.2392578125,149.70947265625,-1307.9045728453946,143.74783393004904,7.99999999999998,12.232285428348273,-1289.23681640625,141.93006896972656,27.277485788787576,-1299.3231201171875,138.3826446533203,19.757161692443976,10.910173416137695,False,7.5203240963436
673,674,-1315.285400390625,150.02528381347656,-1315.1920019622785,158.0247385907462,7.999999999999987,6.378073303616877,-1316.7159423828125,154.62448120117188,4.157730687705387,-1316.041259765625,146.89212036132812,3.6114077717873134,2.3386430740356445,True,0.5463229159180734
674,675,-1316.1864013671875,150.5006103515625,-1321.6588245229414,144.66515108905625,8.000000000000062,13.82066842996083,-1314.3570556640625,134.9752960205078,16.290953197693785,-1317.337646484375,123.11518096923828,27.906362744094775,5.376427173614502,True,-11.61540954640099
675,676,-1317.1728515625,151.02105712890625,-1309.1958609453905,151.62737445056854,8.000000000000094,10.814294858041018,-1305.0933837890625,144.93215942382812,14.637621717729594,-1312.557861328125,141.0936279296875,11.85069192597099,1.0323164463043213,True,2.7869297917586042
676,677,-1318.155029296875,151.5392303466797,-1324.4465753846798,156.48053056271877,7.999999999999999,3.1372018029210205,-1324.34326171875,169.837158203125,18.194966611553763,-1317.658447265625,160.9501953125,8.287405888249648,2.685737371444702,True,9.907560723304115
677,678,-1318.270751953125,152.68544006347656,-1316.969362009949,144.79200074871645,8.000000000000016,14.287244393915996,-1311.94921875,133.6373748779297,21.300088664663694,-1316.28369140625,119.79357147216797,34.209790218979585,12.858116149902344,False,-12.909701554315891
678,679,-1318.3973388671875,153.93800354003906,-1314.0250016640668,160.63745630740794,7.999999999999968,2.764266947895462,-1318.13330078125,159.1598358154297,4.098245597551239,-1317.217529296875,151.03018188476562,4.2510595383937995,0.2799537479877472,True,-0.1528139408425604
679,680,-1318.5125732421875,155.0791778564453,-1326.262013941454,153.09268122957846,8.000000000000007,8.131350034966404,-1322.941650390625,137.08360290527344,20.393701356447078,-1332.67724609375,123.07608032226562,36.78338345833318,11.115498542785645,False,-16.3896821018861
680,681,-1318.345703125,156.9526824951172,-1311.2896475398156,153.1827913058667,8.000000000000004,9.72658603218451,-1315.6015625,159.0424346923828,2.5864650276570336,-1318.260009765625,151.93020629882812,6.896258822406698,1.333091378211975,True,-4.309793794749664
681,682,-1318.178955078125,158.82598876953125,-1320.83534595987,166.37208626978807,8.000000000000007,4.14552012117084,-1311.0164794921875,166.71432495117188,9.22500550531161,-1317.1805419921875,154.16502380371094,6.588482958272295,0.7753692269325256,True,2.6365225470393154
682,683,-1318.0120849609375,160.70082092285156,-1321.1506606177024,153.34219721683405,8.000000000000023,12.731879246633227,-1322.106201171875,156.05670166015625,9.363289340960254,-1319.408203125,148.1064453125,16.316386079016592,0.9261143803596497,True,-6.953096738056338
683,684,-1317.7344970703125,164.33676147460938,-1310.4495301669822,167.6427041869659,8.000000000000075,3.444296733069585,-1304.004150390625,172.8044891357422,14.152973338731709,-1309.592529296875,176.54794311523438,11.358780568723128,1.662119746208191,True,2.7941927700085802
684,685,-1317.429931640625,168.32620239257812,-1325.0347717285526,170.8094275609926,7.999999999999896,8.28431942722238,-1325.1837158203125,172.99180603027344,8.229580090082049,-1316.8310546875,172.44961547851562,1.2374053984092452,2.089496374130249,True,6.992174691672804
685,686,-1317.1402587890625,171.25146484375,-1313.2100808851922,164.28341621849424,7.999999999999963,16.167223425981128,-1310.7818603515625,170.5552978515625,7.078827406347125,-1312.0487060546875,169.6187744140625,6.637556724861026,1.5923312902450562,True,0.44127068148609894
686,687,-1316.8477783203125,174.20419311523438,-1315.038919975635,181.99701234121997,7.999999999999998,15.761516581684063,-1318.0155029296875,186.5933074951172,9.313593773418294,-1311.092041015625,190.8488006591797,14.508240904137406,2.5586860179901123,True,-5.194647130719112
687,688,-1316.53125,177.39874267578125,-1323.1290196003054,172.87442656157268,8.000000000000053,3.8109899020883584,-1319.9698486328125,170.5857696533203,10.914610537168006,-1311.707275390625,173.35745239257812,8.616940451593283,2.839078903198242,True,2.2976700855747225
688,689,-1316.0787353515625,180.78321838378906,-1308.1576137602472,179.66257895221477,8.000000000000076,8.708923396641666,-1301.9354248046875,185.35125732421875,13.811464586446442,-1309.2816162109375,190.68603515625,9.343591699001326,2.029085397720337,True,4.467872887445116
689,690,-1315.6666259765625,183.8644256591797,-1320.7504334580774,190.0413910541688,7.999999999999988,10.777628936942174,-1314.7684326171875,195.9393310546875,8.700222432443987,-1310.8970947265625,202.69683837890625,16.038182972189002,2.120119094848633,True,-7.337960539745016
690,691,-1315.2138671875,187.25051879882812,-1315.6377059407937,179.26175414393896,7.999999999999998,6.961166202609792,-1309.0186767578125,185.30812072753906,7.891521925985237,-1308.70654296875,192.17462158203125,6.2094821303113035,2.390977621078491,True,1.6820397956739335
691,692,-1314.7470703125,190.73597717285156,-1309.0382118189807,196.34034463947722,7.999999999999974,12.25554064640185,-1312.7098388671875,211.69027709960938,17.54559737978181,-1310.0615234375,202.98414611816406,9.731384208545263,4.003066062927246,True,7.814213171236547
692,693,-1314.2811279296875,194.21517944335938,-1322.2763583413425,193.93897179583976,8.00000000000011,7.67696054271242,-1317.78466796875,197.19830322265625,3.9338351126399247,-1311.121826171875,202.4468536376953,5.7469825577700435,0.8189671635627747,True,-1.8131474451301188
693,694,-1313.8555908203125,197.3917236328125,-1307.7735811565926,192.19469001252324,7.999999999999926,5.799293345304091,-1308.6219482421875,202.98904418945312,5.4453269082493465,-1309.9208984375,202.7433624267578,4.190077209227883,2.363595485687256,True,1.2552496990214639
694,695,-1313.488037109375,200.5451202392578,-1314.4621759821175,208.48558958663344,7.9999999999999964,4.235869636348422,-1304.508056640625,208.51649475097656,9.686503254897971,-1309.3046875,204.4322509765625,3.8022931256648658,1.1859214305877686,True,5.8842101292331055
695,696,-1313.083740234375,204.0124969482422,-1317.7291505227217,197.4994206203521,7.999999999999988,2.2626895058631065,-1316.0758056640625,211.94427490234375,5.61937333496674,-1310.744873046875,204.4370880126953,3.5950435300746233,0.830249011516571,True,2.024329804892117
696,697,-1312.68115234375,207.4661407470703,-1304.8562515259441,209.13075096916424,7.999999999999923,5.238260238920547,-1296.7579345703125,214.8488311767578,16.101255561213748,-1306.7203369140625,205.5689697265625,7.597843524076159,3.969062328338623,True,8.50341203713759
697,698,-1312.3173828125,210.70709228515625,-1319.2116491983527,214.7653050692401,7.999999999999993,7.255110742087645,-1318.8992919921875,207.07720947265625,9.75802727827311,-1310.560302734375,202.95404052734375,11.06712499989091,2.12797212600708,True,-1.3090977216177997
698,699,-1311.955322265625,213.93289184570312,-1309.6129881432123,206.28348200840315,8.000000000000025,11.299221386449583,-1307.7493896484375,208.07965087890625,10.136747336852643,-1305.827392578125,213.53216552734375,6.95517064793317,1.8911397457122803,True,3.181576688919473
699,700,-1311.557861328125,217.4737548828125,-1308.1179235101283,224.69641559811095,7.99999999999995,8.113231502726192,-1303.404296875,239.5385284423828,20.45637951496607,-1299.647705078125,237.7653350830078,20.67097524494952,6.4424967765808105,True,-0.21459572998345067
700,701,-1311.2078857421875,220.6290740966797,-1318.6232260436311,217.6269534772197,8.000000000000048,2.0150978832994944,-1317.70458984375,207.31704711914062,18.126999927320995,-1309.654296875,216.95114135742188,7.231774218985113,7.253821849822998,True,10.895225708335882
701,702,-1310.824462890625,224.08761596679688,-1303.328718391333,221.29229587755245,7.999999999999946,8.343163856858462,-1295.0843505859375,229.5711212158203,15.567053566204336,-1299.14599609375,238.55247497558594,16.01267623522908,1.9258729219436646,True,-0.44562266902474335
702,703,-1310.475341796875,227.23648071289062,-1314.1142589190408,234.36096540850252,7.999999999999983,15.50491131531207,-1310.5396728515625,241.7668914794922,9.894075479563694,-1299.94873046875,244.02622985839844,15.741250069988055,1.443593978881836,True,-5.847174590424361
703,704,-1309.9725341796875,231.8890838623047,-1312.1018302073967,224.17765737777006,8.000000000000012,5.259721835212999,-1310.3482666015625,222.2597198486328,13.88504895567656,-1301.8310546875,230.61717224121094,9.451317864727415,4.7795186042785645,True,4.433731090949145
704,705,-1309.515380859375,236.11976623535156,-1302.7363104911121,240.36761333030915,7.999999999999954,14.06038614760247,-1295.7855224609375,249.52561950683594,17.467526468235455,-1296.785400390625,251.20547485351562,17.869637872798066,2.3301196098327637,True,-0.40211140456261063
705,706,-1309.2618408203125,238.41241455078125,-1317.1298958163234,239.85938054200162,7.999999999999996,1.2068798093056987,-1310.4652099609375,246.62130737304688,6.087136265095488,-1300.25341796875,242.31039428710938,8.899133227249834,0.5186135768890381,True,-2.811996962154346
706,707,-1309.0076904296875,240.71124267578125,-1304.1834430278163,234.3295002016964,7.999999999999962,10.25367450117302,-1297.43798828125,236.8142852783203,12.987999452253362,-1301.4847412109375,232.58822631835938,12.876044976642536,2.2963950634002686,True,0.11195447561082617
707,708,-1308.72900390625,243.23309326171875,-1307.9754486988193,251.19752384709986,8.000000000000004,9.28173164124818,-1308.310546875,262.4831237792969,17.74299676003236,-1314.93212890625,257.8028564453125,14.643157318369116,5.722804069519043,True,3.099839441663242
708,709,-1308.31494140625,244.74012756347656,-1314.250485123868,239.37642354701117,8.000000000000073,13.00024445355246,-1315.8685302734375,226.66297912597656,21.00581209123327,-1312.94140625,224.5028076171875,22.182933710529344,9.94839859008789,False,-1.1771216192960736
709,710,-1307.9373779296875,246.1139678955078,-1299.9375627134289,246.05959413605726,8.000000000000002,14.183270586128371,-1300.9073486328125,231.75967407226562,17.184290399437877,-1305.194580078125,226.8911895751953,20.85836225268008,6.75248384475708,True,-3.6740718532422036
710,711,-1307.52392578125,247.61907958984375,-1313.3860116053252,253.06297064231507,8.000000000000016,20.245747451044238,-1322.7911376953125,262.8712158203125,21.874748475813874,-1323.3919677734375,263.3838806152344,22.664041789425966,6.960644721984863,True,-0.7892933136120917
711,712,-1306.6920166015625,248.06166076660156,-1306.046792523227,240.08772285056935,8.000000000000007,17.23458944759232,-1300.8074951171875,231.59951782226562,17.643435217580407,-1303.17333984375,228.8822021484375,19.804705834715303,7.860713005065918,False,-2.161270617134896
712,713,-1305.861328125,248.50364685058594,-1300.9507786104277,254.81922310813633,8.000000000000007,8.78354669171319,-1304.1126708984375,254.4917449951172,5.56681497112728,-1316.385009765625,261.432861328125,16.900266378210066,1.874961018562317,True,-11.333451407082787
713,714,-1304.9503173828125,248.98831176757812,-1312.8373142337646,247.6484309247143,8.000000000000089,18.886627375260627,-1322.9188232421875,247.79127502441406,19.555921322943693,-1321.304443359375,239.08058166503906,20.440263421081045,9.941376686096191,False,-0.8843420981373527
714,715,-1303.3963623046875,248.9347686767578,-1296.6756597804724,244.5951652869297,7.9999999999999165,14.747971653138652,-1275.62841796875,244.5720672607422,26.70160819550675,-1281.5562744140625,231.92254638671875,26.54910754219387,12.505952835083008,False,0.15250065331288098
715,716,-1301.979248046875,248.88595581054688,-1304.0035249562804,256.6256136191356,8.000000000000036,2.472545377272329,-1302.8912353515625,269.03973388671875,20.357063521241653,-1296.1932373046875,276.8904724121094,28.375530069805624,6.487680912017822,True,-8.018466548563971
716,717,-1300.42626953125,248.83245849609375,-1304.161694468249,241.7580962958635,7.999999999999991,9.01049090359133,-1309.83447265625,246.67007446289062,11.653660057129562,-1311.361572265625,241.93975830078125,14.663596494408539,1.7973823547363281,True,-3.009936437278977
717,718,-1298.364013671875,248.7283172607422,-1290.830964572588,251.42148848956037,8.000000000000103,5.880984883365109,-1297.8621826171875,252.28219604492188,3.9790808740095898,-1304.18212890625,244.15003967285156,9.066032246239597,2.6613552570343018,True,-5.086951372230008
718,719,-1296.296875,248.62393188476562,-1303.6707219887012,251.72657279006287,8.000000000000083,11.012043295743188,-1301.28515625,247.13409423828125,7.381254505222135,-1304.91748046875,243.87701416015625,11.829142277711766,1.8795961141586304,True,-4.44788777248963
719,720,-1294.033203125,248.50962829589844,-1290.6917616619273,241.24087538024236,7.999999999999999,10.842480586396631,-1286.7247314453125,244.84521484375,5.7554341885034,-1281.89501953125,232.2198028564453,18.610536857545927,2.7843024730682373,True,-12.855102669042527
720,721,-1291.376953125,248.23370361328125,-1288.9308560218794,255.8505670728757,7.9999999999999885,10.698490512367252,-1306.357666015625,248.5044708251953,17.902126021745932,-1319.662353515625,239.4200897216797,32.337763351884306,10.831111907958984,False,-14.435637330138373
721,722,-1288.4647216796875,247.93118286132812,-1295.4135148959574,243.96705964963036,7.99999999999998,12.58572098269303,-1287.4005126953125,235.04171752929688,12.714251591807358,-1282.0521240234375,229.8080291748047,18.229978624960403,2.2927632331848145,True,-5.515727033153045
722,723,-1285.781494140625,247.6524658203125,-1277.9799435279872,245.88164453106566,7.999999999999953,16.529058654189324,-1273.0257568359375,236.1907196044922,13.396507270472311,-1280.109375,230.16806030273438,16.800017312924062,1.675024151802063,True,-3.4035100424517513
723,724,-1281.015869140625,246.943603515625,-1285.5723171693792,253.51922374198105,8.000000000000037,15.262895530995237,-1299.236328125,248.64639282226562,23.16070902136775,-1302.56103515625,242.39288330078125,26.636242409129654,13.401698112487793,False,-3.475533387761903
724,725,-1276.2022705078125,246.2275848388672,-1277.284255178481,238.30109071015946,7.9999999999999964,17.013094549306253,-1274.6358642578125,222.3966827392578,23.381598770881904,-1274.529541015625,214.9278564453125,30.829898182930933,14.689851760864258,False,-7.448299412049028
725,726,-1272.9423828125,245.7168731689453,-1266.790291138328,250.83075310814849,8.000000000000044,9.049225609083589,-1264.13525390625,256.0370788574219,12.072120443798664,-1277.4461669921875,261.9233093261719,18.612939630742847,1.334622859954834,True,-6.540819186944184
726,727,-1269.3646240234375,245.1563720703125,-1277.355361224007,245.54123437222526,8.000000000000012,19.877206704230602,-1277.117431640625,229.9670867919922,18.346887591644148,-1283.5904541015625,229.89466857910156,22.871654529200708,3.971999406814575,True,-4.52476693755656
727,728,-1266.1123046875,244.6468505859375,-1260.4801545124665,238.9653996791822,8.000000000000044,15.516330172417518,-1259.12255859375,234.67955017089844,10.177318267658316,-1264.2359619140625,226.3060760498047,17.951304658696316,1.9549260139465332,True,-7.773986391037999
728,729,-1262.7342529296875,244.1944580078125,-1263.049460240584,252.18824586784214,7.999999999999994,8.673326946399929,-1260.917724609375,249.9777374267578,6.428260436926773,-1271.377197265625,255.8345947265625,17.051009229517,2.484003782272339,True,-10.622748792590226
729,730,-1259.3560791015625,243.74205017089844,-1264.5233811542003,237.6347603057614,7.99999999999999,21.149601558880086,-1268.3389892578125,224.0171356201172,22.89878204650038,-1264.1959228515625,215.21817016601562,29.250661635790603,12.2007474899292,False,-6.351879589290224
730,731,-1255.9713134765625,243.2887420654297,-1248.0356907311755,244.30160515731046,7.999999999999897,10.045314572728826,-1236.5623779296875,246.04405212402344,16.23268823886484,-1245.9696044921875,232.27896118164062,12.415836420181,2.3721985816955566,True,3.8168518186838387
731,732,-1252.4781494140625,242.8521270751953,-1259.0138098426626,247.46570949691824,7.999999999999973,16.837818343057503,-1266.29541015625,248.44747924804688,18.045200598598196,-1271.25634765625,257.21771240234375,26.480081482984737,7.452648162841797,True,-8.43488088438654
732,733,-1249.275390625,242.45179748535156,-1247.5726281749116,234.6351102050154,8.000000000000009,18.176869291167513,-1231.4071044921875,228.80255126953125,19.774590885615712,-1239.865234375,220.27906799316406,22.64511176116401,1.7706375122070312,True,-2.870520875548298
733,734,-1246.0855712890625,242.0531005859375,-1242.0610389353735,248.9670820245957,7.999999999999966,19.218443044894848,-1246.568359375,257.4471130371094,16.30817241764749,-1258.0633544921875,265.324462890625,28.285890657474756,3.6819028854370117,True,-11.977718239827265
734,735,-1242.6258544921875,241.62266540527344,-1250.2637467551351,239.24304321265413,8.000000000000085,21.240810057544724,-1247.97119140625,225.5828094482422,17.80415624005981,-1253.708251953125,214.23379516601562,30.517682732154853,5.800854206085205,True,-12.713526492095042
735,736,-1239.47900390625,241.2311553955078,-1232.2396481623136,237.82649264969353,7.9999999999999964,17.528586708874382,-1228.0858154296875,228.60525512695312,14.75446803986154,-1232.56103515625,220.65570068359375,20.533403019624686,1.2862739562988281,True,-5.778934979763145
736,737,-1236.332763671875,240.8397216796875,-1239.3710226547598,248.24032857053905,7.999999999999986,14.903032095099206,-1238.0274658203125,264.1131591796875,24.170675623710082,-1249.452880859375,271.21044921875,34.824600000816446,9.55246353149414,False,-10.653924377106364
737,738,-1233.1434326171875,240.44107055664062,-1235.9021531260814,232.9317789020431,7.999999999999995,23.254569094110337,-1242.248291015625,211.86570739746094,30.746291054996718,-1254.3623046875,198.56826782226562,48.12935708506619,18.846891403198242,False,-17.38306603006947
738,739,-1229.9393310546875,240.04058837890625,-1222.832682778653,243.71421741308166,8.000000000000083,6.921401977791357,-1212.02392578125,240.00379943847656,14.42863393844514,-1224.06298828125,228.7002716064453,11.161376411766652,1.8621350526809692,True,3.2672575266784882
739,740,-1226.447021484375,239.60406494140625,-1234.1687435078745,241.69571715719204,7.999999999999948,15.138051670768393,-1239.926025390625,219.99832153320312,25.549651504015003,-1245.494140625,211.89312744140625,35.331035390058105,9.709063529968262,False,-9.781383886043102
740,741,-1223.0186767578125,239.1536407470703,-1218.7378100232459,232.3953732175269,8.000000000000009,19.70652898223653,-1210.448486328125,227.99929809570312,14.29394677341437,-1216.717529296875,220.57708740234375,18.43705605487271,3.3409905433654785,True,-4.143109281458338
741,742,-1219.8787841796875,238.74110412597656,-1218.4702179587284,246.61612420221593,8.0,6.59245389023526,-1207.9603271484375,240.5409393310547,8.78189200479395,-1213.920166015625,232.3541259765625,6.452547695903982,3.0343551635742188,True,2.3293443088899677
742,743,-1216.448974609375,238.29049682617188,-1222.807107132037,233.43517491879354,7.999999999999931,18.905730143431306,-1233.2799072265625,233.237548828125,20.52634799490884,-1236.35498046875,221.35379028320312,28.371437802767577,10.366241455078125,False,-7.845089807858738
743,744,-1213.281494140625,237.8629608154297,-1205.313482271767,237.14826727429565,7.999999999999999,12.672369156682391,-1180.41650390625,248.90235900878906,31.57346285252977,-1175.25146484375,249.30088806152344,36.55976411690037,14.921566009521484,False,-4.986301264370599
744,745,-1209.8184814453125,237.39552307128906,-1215.2110768671596,243.30483052785905,7.999999999999993,10.191795949962188,-1213.3338623046875,254.75746154785156,19.011074065641225,-1211.3731689453125,249.12930297851562,13.053855667682114,3.978091239929199,True,5.95721839795911
745,746,-1206.634765625,236.96580505371094,-1206.6501134215825,228.96581977590324,7.9999999999999885,11.05117608113745,-1194.6104736328125,213.98080444335938,24.148046783133122,-1198.1993408203125,211.58462524414062,25.446276280842635,15.3126802444458,False,-1.2982294977095137
746,747,-1203.2822265625,236.51808166503906,-1197.8669971655588,242.4066545463494,7.999999999999961,5.458568757806511,-1177.7518310546875,252.99600219726562,28.11366804588824,-1167.5767822265625,256.42608642578125,38.45699903372746,10.777877807617188,False,-10.343330987839224
747,748,-1200.229736328125,236.11044311523438,-1208.200431781461,235.42632763509366,7.99999999999998,17.537510560240527,-1212.4144287109375,239.886962890625,16.09647360415025,-1224.452880859375,228.4854278564453,28.48997201290518,7.603021144866943,False,-12.39349840875493
748,749,-1196.8819580078125,235.66336059570312,-1190.542501876893,230.78367864252758,7.999999999999932,11.96953653696856,-1166.822265625,235.31143188476562,25.372384112177357,-1163.475830078125,235.28073120117188,28.718385292659875,11.371495246887207,False,-3.346001180482517
749,750,-1192.1932373046875,235.04371643066406,-1193.5715771611171,242.924083125189,8.00000000000001,10.189675172446906,-1190.9488525390625,265.4333801269531,31.31898994423589,-1185.862060546875,263.44989013671875,29.112270055787192,15.408559799194336,False,2.206719888448699
750,751,-1187.02685546875,234.36093139648438,-1191.333621772577,227.61913905288472,7.999999999999962,9.955170598797128,-1181.418701171875,231.63711547851562,3.0649949879358833,-1172.3299560546875,222.06820678710938,16.26227101177532,2.5600554943084717,True,-13.197276023839436
751,752,-1183.5159912109375,233.8721923828125,-1175.7863004793107,235.93420140156178,8.0,19.45091754241274,-1169.1876220703125,236.0453643798828,11.430973064292527,-1164.957275390625,230.38040161132812,15.656494748826772,2.0255939960479736,True,-4.225521684534245
752,753,-1180.3145751953125,233.42657470703125,-1187.4070756568294,237.12744449714583,8.000000000000028,8.304265445831616,-1181.3900146484375,232.0243377685547,4.384950175814153,-1171.8726806640625,221.95021057128906,12.210829994493936,2.577604055404663,True,-7.825879818679783
753,754,-1177.110595703125,232.98056030273438,-1174.3807082185945,225.4607388738836,7.999999999999986,15.778779020116467,-1169.0662841796875,217.51068115234375,15.741489755471397,-1167.433349609375,218.83026123046875,15.085318711837283,7.117123603820801,True,0.6561710436341137
754,755,-1173.68408203125,232.5596160888672,-1170.61744971323,239.94851087943462,7.999999999999987,15.949111332353253,-1158.761962890625,252.19036865234375,23.113439253485723,-1165.06787109375,250.44415283203125,19.027025297644734,8.018917083740234,False,4.086413955840989
755,756,-1170.2581787109375,232.13873291015625,-1177.5105446591026,228.7618722150881,8.00000000000006,10.40595740048879,-1169.8172607421875,220.8953399658203,11.185057961113824,-1167.233154296875,220.59959411621094,11.15681110143823,1.3081914186477661,True,0.028246859675594038
756,757,-1167.1431884765625,231.75604248046875,-1159.5144829093588,229.34713165419967,8.00000000000009,9.325024955900545,-1165.9990234375,233.26853942871094,2.9778146652194692,-1165.9259033203125,226.1437530517578,5.63501522397303,1.9827512502670288,True,-2.6572005587535603
757,758,-1163.7342529296875,231.33509826660156,-1167.73222711208,238.26447070838321,7.999999999999976,14.942825724673696,-1166.391845703125,253.46209716796875,23.236675527476393,-1164.328125,249.81036376953125,19.218310696299266,9.159050941467285,False,4.018364831177127
758,759,-1160.6282958984375,230.95155334472656,-1162.3610379907275,223.1414570046289,8.000000000000018,12.105651878250496,-1164.6119384765625,217.15122985839844,15.283090966760705,-1166.975830078125,220.61447143554688,13.906534624075128,4.809739589691162,True,1.3765563426855767
759,760,-1157.226806640625,230.5315399169922,-1150.6734922730507,235.12001142717338,8.000000000000039,9.585751877692505,-1165.767333984375,247.55178833007812,21.091297683117986,-1165.225341796875,251.02772521972656,23.786384366390436,6.078435897827148,True,-2.69508668327245
760,761,-1153.9388427734375,230.0895538330078,-1161.8705208069732,231.1328579939922,8.000000000000021,15.054850755711021,-1163.662353515625,223.80252075195312,14.257785734909227,-1166.6162109375,221.66912841796875,17.84179984994685,1.9801065921783447,True,-3.584014115037622
761,762,-1150.658203125,229.64859008789062,-1145.514372426841,223.52151854035046,7.999999999999972,10.92446783025045,-1115.5823974609375,224.7220001220703,32.10422873525982,-1106.9666748046875,211.6563720703125,44.05218418920073,18.592344284057617,False,-11.947955453940914
762,763,-1147.371826171875,229.2068328857422,-1147.0259494801921,237.19935247058842,8.000000000000007,16.946797650568204,-1149.3563232421875,240.28567504882812,12.72178320617657,-1161.3636474609375,240.81256103515625,21.147966004746774,1.9158155918121338,True,-8.426182798570204
763,764,-1143.99365234375,228.74940490722656,-1149.6475604581085,223.08960605617258,8.000000000000052,10.384346594626436,-1147.597900390625,209.06654357910156,20.39662185413668,-1145.6912841796875,216.29165649414062,12.95904500958078,7.765268802642822,False,7.437576844555899
764,765,-1140.892578125,228.32948303222656,-1132.9004230505982,228.6836825052816,7.99999999999994,9.532011229193062,-1119.50390625,217.98646545410156,20.537788428324564,-1123.8577880859375,212.27536010742188,20.72471700492451,4.555060386657715,True,-0.18692857659994644
765,766,-1137.506591796875,227.87100219726562,-1143.6390165237958,233.00844971219453,7.999999999999942,8.906050544011679,-1152.2342529296875,221.5012664794922,18.976830881309144,-1164.2310791015625,219.60169982910156,31.027329380440925,9.009469985961914,False,-12.05049849913178
766,767,-1134.2083740234375,227.43319702148438,-1133.1568108162605,219.50260972789056,8.0,12.404826336030078,-1118.75341796875,205.91329956054688,24.336384307336303,-1126.4844970703125,209.17660522460938,18.36039981419251,11.150246620178223,False,5.975984493143791
767,768,-1130.9107666015625,226.9954833984375,-1126.3291218392505,233.55357239386754,8.000000000000071,7.153427605345101,-1129.984130859375,221.60421752929688,5.4924897719323225,-1132.773193359375,213.93182373046875,13.640278256871554,1.5948070287704468,True,-8.14778848493923
768,769,-1127.6107177734375,226.55743408203125,-1135.4190054968935,224.8165599258308,8.00000000000005,12.760366787537253,-1134.834716796875,209.1198272705078,20.10537174979013,-1136.0694580078125,210.33160400390625,19.815548596250494,5.343818187713623,True,0.2898231535396363
769,770,-1124.068115234375,226.0994110107422,-1117.1345832799734,222.10865486217935,7.999999999999999,15.05651527884838,-1099.220947265625,216.90953063964844,23.33869391176742,-1100.804443359375,204.259765625,29.337566447370836,6.204146862030029,True,-5.9988725356034145
770,771,-1120.8477783203125,225.6830596923828,-1123.264631953531,233.30925261648315,7.999999999999994,16.86383631952962,-1144.7791748046875,222.7287139892578,27.274537331823183,-1139.868896484375,209.88262939453125,27.04690928615131,15.953401565551758,False,0.22762804567187445
771,772,-1117.6229248046875,225.26612854003906,-1120.9922314550772,218.0102500476965,7.999999999999982,17.953484865278583,-1109.287109375,199.66159057617188,25.644307654457215,-1104.5166015625,201.612548828125,25.15322318586231,13.665044784545898,False,0.49108446859490584
772,773,-1114.1829833984375,224.83421325683594,-1106.7972860358195,227.90853829947812,7.999999999999937,10.966298804560514,-1102.1014404296875,210.76295471191406,16.346211086735035,-1100.2164306640625,202.43753051757812,24.526708241624558,3.9324142932891846,True,-8.180497154889522
773,774,-1111.0517578125,224.44105529785156,-1118.5744179183096,227.16311057511183,7.999999999999951,12.957526272850943,-1130.5302734375,212.4560089111328,25.671867444652154,-1125.719482421875,204.1442108154297,26.88366240203485,12.252613067626953,False,-1.211794957382697
774,775,-1107.6044921875,224.00820922851562,-1103.8962386653473,216.9195664941523,8.00000000000002,20.71301728344311,-1096.532958984375,202.7578125,21.60293044731325,-1097.949951171875,202.974609375,21.019287370443273,12.51937484741211,False,0.5836430768699756
775,776,-1102.8763427734375,223.40843200683594,-1100.8223841461474,231.14026580984674,7.999999999999982,9.167205606103959,-1120.1724853515625,214.4076385498047,23.982226868512612,-1112.4609375,206.67259216308594,21.834131026358804,12.43429183959961,False,2.1480958421538077
776,777,-1097.6881103515625,222.75030517578125,-1104.4254142109637,218.43652067651635,8.000000000000032,14.812117653778056,-1097.737548828125,202.4856414794922,20.10799856373859,-1100.6728515625,201.30787658691406,21.949957571628364,11.333117485046387,False,-1.8419590078897734
777,778,-1094.186767578125,222.27764892578125,-1086.3049698292564,220.90751599575967,7.999999999999999,13.956858670723864,-1067.0350341796875,204.3247528076172,29.67719547175337,-1076.526611328125,196.88339233398438,28.84888516674426,11.213539123535156,False,0.8283103050091114
778,779,-1090.988037109375,221.8458709716797,-1095.874317976621,228.18024223380093,8.000000000000037,14.892297515257901,-1102.279541015625,217.29490661621094,15.061634591006626,-1102.960205078125,204.7156219482422,22.559232081840257,3.3430049419403076,True,-7.4975974908336305
779,780,-1087.792236328125,221.4144744873047,-1088.4680511948804,213.44307095556246,8.000000000000007,17.100000576015105,-1086.0550537109375,198.83819580078125,22.190529208273215,-1081.072021484375,193.8375244140625,27.309339729791304,14.862399101257324,False,-5.118810521518089
780,781,-1084.2808837890625,220.9576873779297,-1078.3979532216406,226.3790458736291,7.99999999999996,14.191806873265406,-1065.9615478515625,213.5875701904297,16.634347959289265,-1074.1693115234375,207.6373291015625,14.633931385528113,0.48793214559555054,True,2.000416573761152
781,782,-1081.0731201171875,220.5404052734375,-1089.0730850750574,220.5167267419112,8.000000000000105,22.024899649017858,-1100.0206298828125,207.7425079345703,25.379525280291322,-1103.2891845703125,202.1177215576172,31.15361940199623,13.879202842712402,False,-5.774094121704909
782,783,-1077.86572265625,220.12315368652344,-1071.9508028523712,214.73671481527617,8.000000000000052,13.760703953514303,-1052.4080810546875,205.32611083984375,26.42767635106785,-1066.8121337890625,198.8502960205078,22.25704866603333,8.256044387817383,False,4.170627685034518
783,784,-1074.579833984375,219.7078857421875,-1075.3028245859239,227.67514904837188,8.000000000000002,6.08635415680795,-1071.7003173828125,215.62030029296875,3.694717799413914,-1076.8719482421875,205.9722900390625,14.441393538292225,1.39204740524292,True,-10.746675738878311
784,785,-1071.2928466796875,219.29248046875,-1076.1415449461158,212.92929532912575,7.9999999999999805,20.644924640155498,-1077.8565673828125,197.22354125976562,23.790504219583262,-1074.04541015625,190.91168212890625,28.61059044622973,12.762417793273926,False,-4.820086226646467
785,786,-1068.00048828125,218.8763885498047,-1060.1269392779882,220.29315461843908,7.999999999999928,8.311277608328101,-1066.1246337890625,217.15402221679688,1.9798574087186451,-1071.6199951171875,208.24070739746094,12.370017005901797,2.770127058029175,True,-10.390159597183152
786,787,-1064.617431640625,218.43783569335938,-1071.3801533642566,222.71166241992688,8.000000000000057,10.741026506974404,-1085.823486328125,213.24513244628906,24.774850361711668,-1089.580078125,202.4326934814453,32.109765908204324,15.50130558013916,False,-7.334915546492656
787,788,-1061.5162353515625,218.03582763671875,-1059.4165432946043,210.3162879311439,8.000000000000007,12.92770774370013,-1061.781982421875,200.24688720703125,17.73055007860476,-1071.6669921875,196.15284729003906,25.361451332518637,6.7737226486206055,True,-7.630901253913876
788,789,-1058.125,217.59620666503906,-1054.458773429067,224.7066766024331,8.000000000000009,10.67640251454783,-1060.7947998046875,212.85134887695312,7.273533689880679,-1070.60888671875,201.53968811035156,22.12819749887348,2.362464427947998,True,-14.8546638089928
789,790,-1054.9334716796875,217.15821838378906,-1062.4398864834254,214.39167960867215,8.000000000000078,16.59900192474513,-1059.2880859375,201.32177734375,17.248728127800575,-1066.7308349609375,193.72500610351562,27.583926589757816,6.151641368865967,True,-10.33519846195724
790,791,-1051.4322509765625,216.67770385742188,-1044.02848422305,213.6471531055641,8.000000000000083,11.437076308586308,-1040.0726318359375,201.7548828125,16.622044549721412,-1038.4287109375,189.29046630859375,28.674445397946364,5.479694366455078,True,-12.052400848224952
791,792,-1048.2291259765625,216.2381134033203,-1051.6413255420066,223.47391979415082,8.000000000000028,15.545571365165191,-1067.1572265625,218.70883178710938,22.328723743799223,-1067.580322265625,208.7780303955078,23.62389027709591,12.912886619567871,False,-1.2951665332966869
792,793,-1045.0203857421875,215.787841796875,-1047.3920529649981,208.14747566793554,7.999999999999979,23.05238794436378,-1046.634521484375,190.17520141601562,25.620025295971022,-1048.694580078125,182.68833923339844,33.36633516310027,14.261761665344238,False,-7.746309867129245
793,794,-1041.8194580078125,215.33868408203125,-1034.9096712438504,219.37041409240817,7.999999999999958,1.354722696563313,-1020.3717041015625,224.8611602783203,20.54682363923098,-1033.60546875,224.96896362304688,11.163346689461122,4.0806097984313965,True,9.383476949769857
794,795,-1038.312744140625,214.84661865234375,-1046.1312003456208,216.54124031235057,8.000000000000055,19.415332922657466,-1055.454833984375,202.57069396972656,23.568193730749005,-1054.5338134765625,191.82373046875,29.81882444111366,9.43368911743164,False,-6.2506307103646535
795,796,-1035.0870361328125,214.4287109375,-1030.4666503364103,207.89785838271018,7.999999999999969,22.3279058799251,-1031.2376708984375,196.1679229736328,17.807304272466368,-1034.422119140625,188.84835815429688,25.28598016058228,8.318218231201172,False,-7.478675888115912
796,797,-1031.5635986328125,213.9722442626953,-1030.558999809781,221.9089174451291,8.000000000000005,4.339781554816813,-1032.7998046875,224.48812866210938,11.805453783457487,-1034.50146484375,220.84457397460938,9.541029034327432,2.2033324241638184,True,2.2644247491300558
797,798,-1028.3453369140625,213.55531311035156,-1034.4472425245797,208.38165406473038,7.999999999999929,6.851734659176025,-1026.155029296875,206.0740203857422,7.405131247246469,-1034.3173828125,196.010498046875,20.16219155418076,2.7518625259399414,True,-12.757060306934292
798,799,-1023.3436279296875,212.92471313476562,-1015.3495161643851,212.61783028439075,7.999999999999992,7.534442602593224,-1014.7979736328125,208.33311462402344,5.3347122067234505,-1027.0875244140625,208.5312042236328,9.49830591427113,2.4420416355133057,True,-4.16359370754768
799,800,-1018.3677978515625,212.29739379882812,-1024.0551106882726,217.92362457061412,7.999999999999972,16.157595265442197,-1035.2305908203125,217.88197326660156,20.83223830209511,-1034.4364013671875,215.89202880859375,19.572991280622894,9.656193733215332,False,1.2592470214722162
800,801,-1015.2728881835938,211.9093475341797,-1014.8797049775253,203.91901544055142,8.00000000000001,20.44153705014636,-1021.1740112304688,199.5158233642578,15.143121600200386,-1032.014892578125,202.36776733398438,22.085879977626668,1.5763715505599976,True,-6.942758377426282
801,802,-1011.8992919921875,211.48635864257812,-1006.7918212745532,217.64377229349586,8.000000000000009,7.867124951690714,-1017.2100830078125,218.81173706054688,11.649281287807717,-1026.1002197265625,211.86489868164062,17.60579200671335,2.201054573059082,True,-5.956510718905633
802,803,-1008.5127563476562,211.06175231933594,-1016.4381194594845,209.9715140216815,8.00000000000001,17.97887586568004,-1026.12890625,205.99203491210938,21.609766696561785,-1035.0816650390625,194.63368225097656,34.043441180211694,10.362232208251953,False,-12.43367448364991
803,804,-1005.0172729492188,210.60516357421875,-998.4369114545889,206.05556550405998,7.999999999999988,11.394444739935622,-997.2300415039062,198.51907348632812,12.543936013819305,-1007.0694580078125,186.36448669433594,24.393609747998614,4.520907878875732,True,-11.849673734179309
804,805,-1001.8306274414062,210.18890380859375,-1003.609571874868,217.98860615564874,7.999999999999987,17.517492401501784,-1018.4454956054688,217.8339385986328,21.396020375427142,-1032.7305908203125,214.29605102539062,34.40248351201638,12.044755935668945,False,-13.00646313658924
805,806,-998.6270751953125,209.77044677734375,-1002.5839601678116,202.81752930951694,8.00000000000002,22.97545574102863,-1010.2950439453125,189.3225555419922,25.10666732462904,-1020.641357421875,186.95556640625,33.93897395691453,10.373748779296875,False,-8.83230663228549
806,807,-995.1105346679688,209.3169403076172,-987.4962225687938,211.77096786580742,7.999999999999977,15.719673518823747,-967.3782348632812,204.1724090576172,24.977524692018058,-974.9127807617188,204.92576599121094,17.450217965946205,9.751729011535645,False,7.527306726071853
807,808,-991.9036254882812,208.9033660888672,-999.1758540555959,212.23723646198195,7.999999999999971,19.32791533738664,-1016.7606201171875,219.14141845703125,30.013557528075,-1025.1591796875,213.03311157226562,36.740551924972635,17.332725524902344,False,-6.726994396897634
808,809,-988.7005615234375,208.4902801513672,-985.5902435829927,201.11966807981256,7.999999999999984,9.123165422470516,-973.362548828125,198.810302734375,15.375888096429815,-975.1123046875,203.74229431152344,11.376150524752571,2.6703832149505615,True,3.999737571677244
809,810,-985.6278076171875,208.08291625976562,-982.9424823502983,215.6187657945564,7.999999999999992,9.250092340021347,-977.6827392578125,221.66233825683594,14.751301373893009,-976.3634033203125,208.42453002929688,5.9353124260808565,2.043794870376587,True,8.815988947812151
810,811,-982.2459106445312,207.6345672607422,-989.3163791436191,203.8917774986254,7.999999999999978,2.6655941340067035,-981.0802612304688,198.59620666503906,8.869845154121416,-977.5094604492188,204.3263702392578,3.171096229941394,2.093041181564331,True,5.6987489241800215
811,812,-978.8761596679688,207.18783569335938,-971.134398085537,205.17161953411878,7.999999999999955,3.9392334517932817,-971.6097412109375,201.11190795898438,6.733192424668983,-975.4118041992188,204.88951110839844,1.817196976662802,2.481081485748291,True,4.915995448006181
812,813,-975.357177734375,206.7058868408203,-979.7037773400623,213.42206669754236,7.999999999999994,0.08252949767336004,-979.8281860351562,212.5419158935547,9.909943271893022,-974.7904052734375,204.60398864746094,3.114562638462973,0.9950336813926697,True,6.7953806334300495
813,814,-972.1574096679688,206.26766967773438,-973.4890767009979,198.3792818251283,7.999999999999993,7.414190382703717,-970.5078735351562,197.54568481445312,8.427456433474774,-974.0314331054688,196.6738739013672,10.46666119932326,0.9240429997444153,True,-2.0392047658484866
814,815,-968.9598388671875,205.82974243164062,-962.649379609263,210.7468659763642,8.000000000000039,2.8234552524372187,-966.9044189453125,210.57843017578125,5.296073310310097,-975.562255859375,205.94912719726562,9.841096879891062,2.361732244491577,True,-4.545023569580964
815,816,-965.7357788085938,205.41290283203125,-973.7103843019141,206.0498229415467,8.000000000000048,10.278629365066708,-986.3692016601562,205.2708282470703,23.854908646576064,-980.9600830078125,204.92266845703125,18.444362090006347,15.053328514099121,False,5.410546556569717
816,817,-962.515869140625,204.99661254882812,-957.0658765870958,199.1401988709467,8.000000000000037,8.921702442780282,-967.9087524414062,195.42459106445312,12.764282571322624,-976.0794677734375,201.6007080078125,17.357826309546986,0.9657180309295654,True,-4.593543738224362
817,818,-958.9720458984375,204.53843688964844,-959.0347501945791,212.5381911465769,7.999999999999986,11.649992314274305,-965.8201293945312,213.08399963378906,13.654019366868193,-973.00634765625,207.59683227539062,17.793708608663266,3.3609583377838135,True,-4.1396892417950735
818,819,-955.5660400390625,204.06813049316406,-960.9235601995983,198.12700452837822,8.000000000000028,22.950541248687227,-969.4154052734375,185.78506469726562,24.62495490874238,-973.9793701171875,175.8690948486328,35.13437728083331,9.919295310974121,False,-10.509422372090931
819,820,-952.4555053710938,203.63864135742188,-944.4918638148396,204.40048987484562,7.999999999999948,13.39604405631275,-928.8917846679688,199.8103485107422,20.441780955487634,-942.0506591796875,188.6309356689453,16.137912358196484,5.10749626159668,True,4.3038685972911495
820,821,-949.0557250976562,203.16920471191406,-955.4424878166266,207.98680390358314,7.999999999999977,18.362263297243715,-969.5368041992188,206.14071655273438,25.486251720843548,-972.2811889648438,202.38577270507812,27.97552662333976,14.476724624633789,False,-2.489274902496213
821,822,-944.3060913085938,202.5406951904297,-942.8509327435687,194.67415125102184,8.000000000000005,20.78949148819457,-924.794189453125,184.94207763671875,22.17118245941367,-938.2483520507812,175.0878448486328,26.78228123788808,6.081727504730225,True,-4.611098778474407
822,823,-939.1292114257812,201.8556365966797,-934.888425983848,208.6391267629206,7.999999999999987,4.811408753869091,-944.00341796875,199.91566467285156,8.210979088170708,-943.2135009765625,188.12298583984375,15.192627992919464,1.313569188117981,True,-6.981648904748756
823,824,-935.9391479492188,201.4608917236328,-943.6483529212221,199.3235665963679,7.99999999999996,15.192627992919464,-946.8758544921875,186.99073791503906,20.131015710413553,-944.2343139648438,174.2592010498047,29.24979518203027,5.8548078536987305,True,-9.118779471616715
824,825,-932.447021484375,201.02877807617188,-925.3187512841444,197.39728197229084,7.99999999999996,19.454634931096702,-918.3685302734375,179.83984375,23.45889649626512,-923.1383056640625,172.90748596191406,28.385709154331142,9.70396900177002,False,-4.926812658066023
825,826,-929.2332763671875,200.63111877441406,-932.0364005955505,208.1239483174081,7.9999999999999885,13.656866372051716,-944.1131591796875,201.5431671142578,18.329859478292487,-942.833740234375,188.94369506835938,20.382674700540594,9.179556846618652,False,-2.052815222248107
826,827,-925.8334350585938,200.18838500976562,-928.82783212406,192.76992248614746,8.000000000000009,26.345211525253045,-936.0562133789062,177.7638397216797,25.86324128538339,-943.138916015625,172.71829223632812,34.0499398445238,13.917301177978516,False,-8.18669855914041
827,828,-922.427490234375,199.74485778808594,-915.2084155966443,203.19231502130472,7.9999999999999725,10.840513102521916,-917.59814453125,195.33106994628906,4.361713416561808,-926.6821899414062,181.58407592773438,19.222694544704613,1.8604331016540527,True,-14.860981128142804
828,829,-919.3170166015625,199.33981323242188,-926.9688614688706,201.67418041147698,7.999999999999951,20.61754995505298,-940.6063232421875,188.5514373779297,26.877680411200018,-941.9493408203125,174.33267211914062,35.86950246253286,14.847949981689453,False,-8.99182205133284
829,830,-915.7903442382812,198.8750457763672,-911.7249543459393,191.98500912746294,7.999999999999983,20.24160143171014,-913.0995483398438,177.58921813964844,20.86883051621319,-914.2349243164062,171.07122802734375,27.43044512029345,12.390771865844727,False,-6.561614604080258
830,831,-912.5764770507812,198.4514923095703,-910.9200161512074,206.27812231795727,8.000000000000014,9.179827410882151,-918.641357421875,192.59066772460938,10.764854079703625,-929.609619140625,178.42327880859375,28.191209335519503,3.0942602157592773,True,-17.426355255815878
831,832,-909.349609375,198.0262451171875,-915.8578446975407,193.37405498925492,8.0,24.316876167751094,-914.0614624023438,180.89572143554688,18.55224426278056,-927.6232299804688,173.97470092773438,32.04858837385851,6.776139736175537,True,-13.496344111077946
832,833,-905.9432373046875,197.57745361328125,-898.0017578481583,196.61158403537567,7.999999999999963,16.09831247488995,-883.132568359375,182.51739501953125,24.306428181876804,-887.7481079101562,169.19476318359375,31.617892601480296,8.295883178710938,False,-7.311464419603492
833,834,-902.5552978515625,197.13108825683594,-907.7586621233079,203.20768271882895,8.000000000000032,15.140563046480993,-907.27685546875,196.21005249023438,7.829800082623357,-916.3458251953125,181.499267578125,22.732902430871178,2.567495822906494,True,-14.90310234824782
834,835,-899.4639282226562,196.7238006591797,-899.7318099286061,188.7282869551318,8.000000000000004,21.08422357592253,-898.7340698242188,173.65867614746094,22.786819970899348,-897.1862182617188,167.9234619140625,28.38574856776977,15.071084976196289,False,-5.598928596870422
835,836,-896.0448608398438,196.2862548828125,-890.4464413021504,202.00094636004673,7.999999999999974,12.052720484356996,-902.234619140625,191.0442657470703,10.47678318439523,-908.9757080078125,177.34779357910156,24.510468088939437,0.6207659840583801,True,-14.033684904544206
836,837,-892.9456176757812,195.88961791992188,-900.9339366368727,195.45746033770584,7.999999999999958,21.93628947417319,-910.5657348632812,182.9029541015625,24.48079766830921,-918.095703125,171.37513732910156,37.34731429461123,13.240479469299316,False,-12.866516626302019
837,838,-889.547607421875,195.4547576904297,-883.3653513794247,190.3773853162988,8.00000000000001,18.684050812870254,-883.4307250976562,177.8739013671875,17.034297265363122,-888.08154296875,168.71755981445312,26.333745309171537,9.092093467712402,False,-9.299448043808415
838,839,-884.8340454101562,194.8502960205078,-885.9629328530937,202.77024634492136,8.000000000000002,9.903496644392025,-886.6541748046875,199.45838928222656,8.765573721634121,-899.6722412109375,186.2978057861328,21.518360542705242,1.8608851432800293,True,-12.75278682107112
839,840,-879.6517333984375,194.1857147216797,-884.1691765063367,187.58323732551287,7.999999999999999,23.474142858229342,-878.82177734375,170.2259979248047,23.668997915585418,-884.6270751953125,167.24990844726562,27.799779077281695,12.782790184020996,False,-4.130781161696277
840,841,-876.2372436523438,193.7534637451172,-868.4463122968976,195.57043612100165,8.000000000000032,11.948017918853878,-878.2689819335938,197.43661499023438,6.809086403737625,-890.0914306640625,181.31272888183594,21.018863007351992,2.178574562072754,True,-14.209776603614367
841,842,-872.8424072265625,193.32371520996094,-879.8145447441642,197.2466348415173,7.99999999999998,21.018863007351992,-891.2310180664062,185.0710906982422,22.90564456536164,-895.0280151367188,172.66310119628906,32.4254362454228,13.493232727050781,False,-9.51979168006116
842,843,-869.7149658203125,192.9278106689453,-867.2238227374351,185.3255605980366,7.999999999999989,22.285073024297006,-873.3615112304688,172.48989868164062,21.178459144106387,-880.7536010742188,166.2678985595703,29.911250364020507,11.601919174194336,False,-8.73279121991412
843,844,-866.3060302734375,192.45855712890625,-863.0076755161436,199.74696270866352,7.99999999999999,3.6914109348905697,-862.1754150390625,200.3389892578125,8.371211861486083,-870.1070556640625,193.54736328125,7.090266269252511,1.7184727191925049,True,1.2809455922335724
844,845,-863.181396484375,192.0284423828125,-870.5367478610326,188.88220556307047,7.999999999999964,20.43260230002453,-886.2592163085938,174.6887969970703,31.40658823551468,-893.8698120117188,168.69703674316406,41.05585594348589,19.395023345947266,False,-9.649267707971209
845,846,-859.7680053710938,191.55857849121094,-852.2191457434319,188.91004713933745,7.999999999999979,15.01278074731291,-852.134765625,180.3213653564453,11.681815190622178,-862.789306640625,167.69471740722656,24.24257294073437,2.034684658050537,True,-12.560757750112192
846,847,-856.57373046875,191.12693786621094,-860.3509674009318,198.17906386892537,7.999999999999966,13.641716013315014,-860.8807983398438,202.73760986328125,14.186237169804187,-869.6077880859375,199.98556518554688,18.697462889394707,1.2650175094604492,True,-4.51122571959052
847,848,-853.3815307617188,190.69558715820312,-855.3599564715427,182.94408203269958,7.999999999999995,26.6658879949185,-867.1135864257812,163.560302734375,31.745870138474825,-870.9502563476562,162.62669372558594,34.71883340568585,21.032028198242188,False,-2.972963267211025
848,849,-849.8823852539062,190.22274780273438,-843.187489229696,194.60205907564173,7.999999999999993,11.281805386866866,-828.9700927734375,188.02804565429688,17.600488912445876,-824.6414184570312,187.37799072265625,21.973392000638164,1.4780033826828003,True,-4.372903088192288
849,850,-846.4835815429688,189.77587890625,-854.3783717735906,191.06904835163465,7.999999999999944,23.588504258725532,-863.9747924804688,172.47702026367188,26.634141719996688,-869.54052734375,163.9512176513672,36.47319079790401,14.072179794311523,False,-9.839049077907323
850,851,-843.3818359375,189.36807250976562,-838.4339867316755,183.08167543064138,7.999999999999976,23.415649670049785,-836.1109008789062,174.45936584472656,14.968623645085914,-831.8544921875,166.9121856689453,23.458906891989987,3.2906501293182373,True,-8.490283246904072
851,852,-839.9762573242188,188.92030334472656,-839.3782471291959,196.89792102211928,8.000000000000002,8.651521371117072,-836.9986572265625,191.5895233154297,3.1417253207603753,-830.1962280273438,182.27487182617188,8.894446720840742,2.1037535667419434,True,-5.752721400080366
852,853,-836.5715942382812,188.47695922851562,-842.4013516572726,182.99846231460617,7.999999999999994,19.816758230342636,-837.2221069335938,166.80355834960938,21.59808098949783,-830.6832275390625,159.27818298339844,28.928593612640697,12.177263259887695,False,-7.330512623142866
853,854,-833.4663696289062,188.0725860595703,-825.4670164489083,188.1743146281075,7.999999999999957,12.85610482561492,-824.67041015625,188.23123168945312,5.4230692524548925,-820.6229248046875,185.24082946777344,9.734502461653339,2.232431411743164,True,-4.311433209198446
854,855,-830.0599365234375,187.62899780273438,-836.0271272638208,192.95747175574223,7.999999999999984,2.4726299278178767,-828.2765502929688,196.42005920410156,9.863835295717177,-820.3246459960938,185.36460876464844,5.2380109323831165,1.7421635389328003,True,4.62582436333406
855,856,-825.2949829101562,187.01763916015625,-824.4942946071226,179.0578088704211,8.000000000000007,12.599467196894539,-815.6442260742188,161.7013702392578,25.04384463612236,-826.5242309570312,158.72291564941406,28.36704450371383,15.155192375183105,False,-3.323199867591473
856,857,-820.0823364257812,186.3488311767578,-815.2959509567946,192.75901948462163,8.00000000000002,0.7395752915771531,-812.8082275390625,204.68905639648438,19.183016620389402,-817.2550659179688,196.11874389648438,10.182884494697339,4.334484577178955,True,9.000132125692064
857,858,-816.8784790039062,185.9428253173828,-824.737830673574,184.44930888543732,7.999999999999996,6.940783325956406,-825.3885498046875,172.19161987304688,17.76202650447987,-826.346923828125,163.19912719726562,25.68532472058922,5.736171722412109,True,-7.923298216109352
858,859,-813.6657104492188,185.53570556640625,-806.8616132720337,181.3280623301728,7.999999999999959,9.3769792564667,-813.9302368164062,169.48165893554688,16.059108896142263,-821.843017578125,173.08258056640625,16.756805884226882,4.779270648956299,True,-0.6976969880846191
859,860,-810.1558227539062,185.09091186523438,-812.3307300879923,192.78959864209045,7.999999999999986,9.88893383948878,-824.166259765625,193.19692993164062,19.18274290188034,-820.2244873046875,183.5537109375,13.299439039196109,9.874063491821289,False,5.88330386268423
860,861,-806.9735717773438,184.68875122070312,-810.5702509928102,177.54285039428302,7.999999999999993,16.228038912746484,-824.32568359375,172.5256805419922,23.667454996619842,-822.592529296875,172.53060913085938,22.17752168018825,13.52397632598877,False,1.4899333164315927
861,862,-803.786865234375,184.2860107421875,-796.3077992644567,187.12565371580408,8.000000000000032,5.340684571392216,-791.4623413085938,193.10647583007812,12.79566213152792,-798.3931884765625,199.14834594726562,15.421384735617302,2.8161725997924805,True,-2.6257226040893826
862,863,-800.2905883789062,183.84413146972656,-807.7235701300646,186.80230358894934,7.9999999999999645,19.171485511143995,-828.7769165039062,182.67477416992188,31.68116555512691,-822.253173828125,176.2162322998047,26.161761724979623,24.531330108642578,False,5.5194038301472865
863,864,-797.1046752929688,183.42669677734375,-793.6220424336306,176.2245256902994,7.999999999999981,9.717447997386781,-786.535400390625,172.2025909423828,12.887396000685078,-795.9539794921875,171.1085968017578,12.089118557535379,2.3976693153381348,True,0.7982774431496988
864,865,-793.6173095703125,182.96974182128906,-791.320297987652,190.6328833304303,8.0,11.207969449842134,-802.0406494140625,209.50238037109375,29.342066894439217,-800.6412963867188,209.07083129882812,28.414115012741547,12.616310119628906,False,0.9279518816976697
865,866,-790.435546875,182.55282592773438,-797.3056694416168,178.45387290047694,8.000000000000043,15.749139861058973,-808.4481201171875,159.5193634033203,31.115994225174074,-818.9675903320312,167.23455810546875,35.230108988646926,15.496262550354004,False,-4.114114763472852
866,867,-787.017578125,182.07899475097656,-779.1829605692469,180.46073403184442,8.00000000000003,5.636412193715963,-770.7057495117188,170.801025390625,17.082493143605113,-775.1464233398438,175.49496459960938,10.701897979104409,1.110278844833374,True,6.380595164500704
867,868,-783.9031372070312,181.64724731445312,-788.5870209549312,188.13271052351993,8.000000000000012,20.21472727424702,-800.7478637695312,210.43948364257812,35.60073003772785,-811.0363159179688,203.96690368652344,38.12317605130848,18.63426399230957,False,-2.522446013580627
868,869,-780.4783325195312,181.17247009277344,-781.4054498668078,173.22637335132995,7.999999999999988,19.77708136453985,-785.6970825195312,172.6837615966797,11.58578775159635,-795.0335693359375,167.6010284423828,22.011100108691426,1.6236326694488525,True,-10.425312357095077
869,870,-777.38525390625,180.75494384765625,-771.3341152019335,185.98788951726942,8.000000000000016,10.180599836437345,-755.1754760742188,190.0555877685547,21.191320150750908,-754.3672485351562,193.79537963867188,23.81416883639567,4.459460735321045,True,-2.6228486856447617
870,871,-773.9856567382812,180.2960205078125,-781.982382106001,180.52489469436102,8.000000000000005,22.10106216213992,-797.7552490234375,184.1931610107422,27.519807876333857,-807.662841796875,192.88882446289062,39.31048664843307,17.88788604736328,False,-11.790678772099213
871,872,-770.5824584960938,179.83663940429688,-764.8405243750184,174.26616433037094,7.999999999999975,5.280455663315316,-741.45947265625,173.33604431152344,26.614669749764943,-747.9837036132812,182.05331420898438,19.56378272769159,12.071978569030762,False,7.050887022073354
872,873,-767.3694458007812,179.41995239257812,-767.8405674747755,187.40606811727764,8.000000000000002,9.13149045512609,-764.1911010742188,183.57327270507812,4.622943336745008,-763.67578125,189.00839233398438,10.046702177221436,1.7502034902572632,True,-5.423758840476427
873,874,-763.8470458984375,178.96315002441406,-768.8941990991298,172.75619871408935,7.999999999999989,18.29125393573753,-775.3002319335938,162.25930786132812,21.92232009281057,-772.09228515625,151.49114990234375,29.384017758160283,8.724912643432617,False,-7.461697665349714
874,875,-760.6253051757812,178.5453338623047,-752.7109561156192,179.71284358556696,8.000000000000007,12.114469141435327,-724.161865234375,188.87899780273438,33.35231004487072,-727.8472900390625,191.0672607421875,30.76548596726956,19.375221252441406,False,2.586824077601161
875,876,-755.6627807617188,177.92140197753906,-762.2872169354503,182.4065826182889,7.999999999999977,3.063237031614095,-759.6243896484375,174.9800262451172,9.211949829830106,-763.5042724609375,165.70823669433594,17.264264829065947,1.7151341438293457,True,-8.052314999235842
876,877,-750.708984375,177.29855346679688,-748.8540272965104,169.51657850943798,7.9999999999999885,20.63048868680078,-730.4036254882812,173.13388061523438,17.314995584661062,-727.6953125,163.3055877685547,23.84770583512078,1.9250950813293457,True,-6.5327102504597185
877,878,-747.311279296875,176.8675537109375,-743.4224183628422,183.85874535727032,8.000000000000007,12.872343310110812,-737.4067993164062,187.3653106689453,12.836417590663642,-734.3689575195312,182.87420654296875,11.730076011576985,1.9357222318649292,True,1.1063415790866564
878,879,-744.1982421875,176.47265625,-751.7882493138504,173.94445692598498,8.000000000000018,12.343984895029987,-751.9129638671875,155.09326171875,23.716115404162007,-749.5989990234375,148.30764770507812,29.097610345777486,10.041082382202148,False,-5.381494941615479
879,880,-740.7926635742188,176.0406494140625,-733.4882544295245,172.77788876594434,8.000000000000046,20.015040300627508,-719.6693115234375,161.65982055664062,22.607088487820942,-716.741455078125,158.28997802734375,27.00305055575318,7.532434463500977,False,-4.395962067932238
880,881,-737.4717407226562,175.59373474121094,-740.6538215484021,182.93365038230792,7.99999999999997,3.4638169550903264,-738.6837158203125,184.52403259277344,10.404674784555917,-732.7340698242188,178.9981231689453,4.107847146182734,2.2962820529937744,True,6.296827638373183
881,882,-734.1699829101562,175.1494140625,-736.7816573179808,167.58772398768775,7.999999999999995,19.584968731907644,-728.9830322265625,159.37071228027344,15.449287514233642,-729.387451171875,155.37278747558594,19.38848607343867,4.09122371673584,True,-3.9391985592050283
882,883,-730.8661499023438,174.70480346679688,-723.8325342205909,178.51639767938047,8.000000000000025,15.923457098205697,-722.1212768554688,173.69219970703125,5.573450093312603,-717.2469482421875,165.10044860839844,13.888925327973551,1.3371638059616089,True,-8.315475234660948
883,884,-727.6627807617188,174.2880859375,-735.4238449620706,176.22867411586708,8.000000000000048,12.30431834160043,-740.2901611328125,174.1797637939453,15.828308063575347,-732.9306640625,161.7979736328125,14.746331498593127,7.417047500610352,True,1.0819765649822202
884,885,-724.46484375,173.87208557128906,-720.0529250275384,167.19863270291629,7.999999999999983,16.356599976914527,-714.8106689453125,167.30142211914062,8.655732819160928,-709.5405883789062,160.06777954101562,17.551253262989995,2.3827881813049316,True,-8.895520443829067
885,886,-720.9396362304688,173.4134979248047,-719.6849951472254,181.31450265535878,8.000000000000005,9.74062446378813,-706.2965698242188,176.1252899169922,11.605548814711163,-702.4708251953125,168.5464630126953,15.636760081143185,2.359611749649048,True,-4.031211266432022
886,887,-717.4668579101562,172.9767303466797,-723.7290432085019,167.9982732273321,7.999999999999965,15.457020739763452,-730.762939453125,163.32693481445312,18.890629348334585,-733.6422119140625,154.24493408203125,26.655248415202884,8.21379280090332,False,-7.764619066868299
887,888,-714.292236328125,172.5774383544922,-706.3117963158488,172.01835230524682,7.999999999999961,13.620642348879047,-691.5851440429688,166.3500213623047,20.381071859253066,-690.6571044921875,160.9034881591797,23.3590765774973,3.4382002353668213,True,-2.978004718244236
888,889,-711.115234375,172.1778564453125,-716.6221052735012,177.9808188704227,8.000000000000036,4.3172322014875295,-715.1085815429688,171.83729553222656,7.507991592780519,-708.6300659179688,162.65512084960938,9.123351019965401,1.2569853067398071,True,-1.615359427184882
889,890,-707.6015014648438,171.72030639648438,-707.46075104482,163.72154465986145,7.99999999999999,11.389789847683645,-708.2240600585938,163.28482055664062,8.88446999346495,-703.4781494140625,157.2135772705078,14.119498924372147,1.3020663261413574,True,-5.2350289309071965
890,891,-704.397705078125,171.3031005859375,-699.0984041382277,177.29621409632622,8.000000000000021,9.890744085326151,-693.5625,178.88735961914062,11.06018771918717,-691.2401123046875,172.10784912109375,10.033408795755998,2.1812920570373535,True,1.0267789234311717
891,892,-701.1989135742188,170.8865509033203,-709.1547431715454,170.04704186924053,8.000000000000037,6.243033454462831,-699.131591796875,160.27708435058594,10.315963717028902,-694.0382080078125,156.96881103515625,13.48836098204148,2.1818060874938965,True,-3.1723972650125773
892,893,-696.4530639648438,170.23924255371094,-690.0196026160149,165.48418471251426,8.000000000000014,13.233676213861344,-674.6292724609375,164.1806640625,17.452038472230562,-677.5211181640625,163.1646270751953,15.124627560225024,2.2755439281463623,True,2.327410912005538
893,894,-691.2417602539062,169.52845764160156,-692.7735990104719,177.38043000680275,7.999999999999989,0.5872636196809659,-685.9248046875,190.38140869140625,21.386107745875925,-685.4003295898438,180.32867431640625,11.507721999085508,6.253371238708496,True,9.878385746790418
894,895,-687.8297119140625,169.08030700683594,-692.0041128122399,162.2557647407718,7.9999999999999964,11.548677138683944,-685.7454833984375,167.7467041015625,1.378961321565812,-683.4359130859375,162.5037384033203,6.301477295677188,1.7629342079162598,True,-4.922515974111375
895,896,-684.7233276367188,168.67230224609375,-677.0353422662766,170.88474002914413,8.000000000000044,8.266705024475117,-668.4441528320312,164.12583923339844,13.518097922290291,-674.004150390625,163.30589294433594,8.820932870475575,2.7022156715393066,True,4.697165051814716
896,897,-681.325439453125,168.22601318359375,-688.4888008495184,171.787789917846,7.999999999999974,5.837997222736313,-687.3631591796875,172.037109375,10.153511677597303,-685.752685546875,164.42933654785156,8.33303315955842,2.7006616592407227,True,1.8204785180388825
897,898,-678.1338500976562,167.80465698242188,-675.257755955842,160.3395325703694,8.000000000000005,8.081516893427864,-666.1544189453125,168.17477416992188,8.523708349036426,-669.6602783203125,167.2521514892578,4.978002791019112,1.7866673469543457,True,3.545705558017314
898,899,-674.637451171875,167.34304809570312,-671.7155743966761,174.79037218631132,8.000000000000004,2.7865271192339036,-671.1754760742188,181.27731323242188,14.356551785810845,-672.6134033203125,172.81637573242188,6.0045817128779895,1.8138190507888794,True,8.351970072932856
899,900,-671.4601440429688,166.923583984375,-678.6452401840062,163.40585837767264,8.00000000000003,10.580293430245767,-679.4552612304688,161.1503448486328,12.572187754452628,-681.6824340820312,159.839599609375,15.146455960397734,2.3784868717193604,True,-2.5742682059451063
900,901,-668.0560913085938,166.45306396484375,-660.3818355229895,164.19346264223856,7.999999999999974,4.089425335756973,-642.221435546875,171.1113739013672,23.296345422787546,-648.5032958984375,163.8322296142578,16.597749463834617,8.905406951904297,False,6.698595958952929
901,902,-664.9556274414062,166.02450561523438,-669.088046057803,172.87455060624407,7.9999999999999725,8.839885381823612,-683.1912841796875,181.7215576171875,27.0101327622386,-682.78125,171.44491577148438,22.029335239494355,13.438835144042969,False,4.980797522744247
902,903,-661.5540771484375,165.55435180664062,-663.1340991761969,157.7119331496321,8.000000000000009,12.911610614652766,-660.879638671875,139.53233337402344,25.737215485958306,-663.8430786132812,144.7457275390625,21.127047792596457,14.115819931030273,False,4.6101676933618485
903,904,-658.3427124023438,165.1442108154297,-651.880175646051,169.8596767174977,8.000000000000025,2.233877829497531,-653.718017578125,185.2056884765625,20.54009659183752,-663.8862915039062,175.15191650390625,13.831764953477032,5.664943218231201,True,6.708331638360489
904,905,-654.8316040039062,164.69580078125,-662.7821289312018,165.58414383460956,7.9999999999999885,10.809153829974493,-661.983642578125,156.47947692871094,12.976589375611404,-665.2547607421875,153.46620178222656,17.407847424285254,1.191431999206543,True,-4.43125804867385
905,906,-651.6173095703125,164.28530883789062,-646.3549070350579,158.25976989461378,8.000000000000014,11.014801578698375,-639.9086303710938,154.09483337402344,12.950258427457792,-647.846923828125,153.3393096923828,10.553952527444647,2.355858564376831,True,2.396305900013145
906,907,-648.3925170898438,163.879150390625,-648.2026558693826,171.876897118108,7.999999999999992,4.951623562706836,-644.4423217773438,184.6822967529297,21.221379103517005,-656.4750366210938,173.52899169921875,15.129231045758251,6.843359470367432,True,6.092148057758754
907,908,-645.1710815429688,163.4734344482422,-650.7134795884674,157.70439432832163,8.000000000000023,17.74927065881114,-651.33984375,162.2582244873047,9.740742691756022,-659.2247314453125,157.67364501953125,18.39168740605919,2.3686201572418213,True,-8.650944714303169
908,909,-641.6295166015625,163.0273895263672,-633.645794164678,163.5374640805135,8.00000000000001,2.713608851333465,-621.4970703125,157.5428924560547,17.448846328686155,-626.9111938476562,152.82083129882812,14.927720793619683,2.2415428161621094,True,2.5211255350664725
909,910,-638.200927734375,162.5870361328125,-644.4324266012248,167.60385004927875,8.000000000000021,14.45641666896171,-643.89208984375,179.9527130126953,19.99534686402631,-650.3500366210938,170.2073974609375,17.52260720442892,3.967773675918579,True,2.4727396595973907
910,911,-634.7903442382812,162.1490020751953,-633.584240018775,154.24044262282416,7.999999999999998,9.900549733105757,-613.6531372070312,147.31419372558594,23.078942958290398,-617.3650512695312,141.14906311035156,25.07372733474638,7.142821788787842,True,-1.994784376455982
911,912,-631.6621704101562,161.74722290039062,-627.2093589736722,168.39346020514563,7.999999999999992,5.629472406276176,-619.7373046875,174.3862762451172,14.928320418886099,-629.0220947265625,160.97735595703125,2.538081456483523,1.3353960514068604,True,12.390238962402575
912,913,-626.4857177734375,161.0703582763672,-634.2585511393729,159.17746063903937,8.000000000000004,13.520451499111172,-641.7998046875,163.8589630126953,20.300389017713993,-647.9984130859375,162.61456298828125,26.300467500012285,10.654740333557129,False,-6.000078482298292
913,914,-621.7866821289062,160.45591735839844,-614.7766027283312,156.60120766795046,7.999999999999988,10.898717382043474,-593.697998046875,161.663330078125,24.75479777548957,-607.1861572265625,147.63539123535156,16.68168470410141,9.62161922454834,False,8.07311307138816
914,915,-618.3961181640625,159.98915100097656,-620.961313563811,167.5667345578309,8.00000000000001,11.171105482744023,-628.6600952148438,165.34828186035156,14.557220934882867,-636.5118408203125,160.90496826171875,21.25248315025932,3.0832908153533936,True,-6.695262215376452
915,916,-615.3017578125,159.56317138671875,-618.5288467051465,152.2429325054419,7.999999999999994,15.304156136939712,-622.5618286132812,135.61306762695312,25.782761189935805,-626.2361450195312,133.0133514404297,29.754150559652118,13.03527545928955,False,-3.971389369716313
916,917,-611.9214477539062,159.09780883789062,-604.5971425216981,162.3156579433411,8.000000000000044,8.44415729223889,-591.38916015625,154.48178100585938,17.814201623592357,-598.8377685546875,142.63319396972656,18.834566009053425,4.953519821166992,True,-1.0203643854610682
917,918,-608.7020874023438,158.67800903320312,-616.2764279732502,161.25276434505724,8.000000000000009,14.702576523038694,-624.9649047851562,164.96255493164062,20.60861679556276,-629.402587890625,158.26055908203125,23.92504902275837,8.330550193786621,False,-3.316432227195609
918,919,-605.4775390625,158.25750732421875,-601.6316782768034,151.2425693475121,7.9999999999999885,16.880836864414718,-592.0734252929688,146.71408081054688,14.833007305305237,-594.6300659179688,135.852294921875,23.126618552693337,3.0520553588867188,True,-8.2936112473881
919,920,-601.93359375,157.79537963867188,-600.0308892846826,165.5658182181641,7.999999999999995,11.16834309512779,-604.7333374023438,155.19651794433594,6.475197761308535,-611.7305297851562,147.36953735351562,16.477906209767376,1.9103056192398071,True,-10.00270844845884
920,921,-598.6334228515625,157.368896484375,-605.2852737510705,152.92447530600825,7.999999999999988,19.618299438900628,-609.0785522460938,152.20074462890625,14.547559198239442,-614.2254638671875,143.53053283691406,23.174871184401866,4.244490146636963,True,-8.627311986162423
921,922,-595.3250732421875,156.94134521484375,-587.418042037676,155.72526235135118,7.999999999999983,14.561665639105591,-591.296142578125,148.30445861816406,8.243249366381804,-594.5963745117188,135.723876953125,20.94941524057462,2.350837469100952,True,-12.706165874192816
922,923,-592.0275268554688,156.51519775390625,-597.0364734123599,162.75302224568287,7.999999999999996,20.320421667000087,-620.3526000976562,155.036376953125,31.534361393623477,-621.7581176757812,151.13116455078125,33.29789738382452,19.982786178588867,False,-1.7635359902010421
923,924,-588.8370971679688,156.12680053710938,-589.3572457664616,148.14372810630394,7.999999999999991,21.182822754917737,-599.2924194335938,139.22177124023438,21.420265308503343,-605.6820678710938,137.58432006835938,27.03175154791574,6.540334224700928,True,-5.611486239412397
924,925,-585.654296875,155.73931884765625,-579.8782675410995,161.2744326797216,8.00000000000002,12.871246124410844,-594.4645385742188,152.06741333007812,12.733075626903005,-601.744384765625,140.4394989013672,24.598370023491004,3.011897087097168,True,-11.865294396587998
925,926,-582.1520385742188,155.31295776367188,-590.1500185150973,155.13318884170567,7.999999999999992,20.87617256505098,-593.17578125,138.8502960205078,21.494323103853507,-597.3983154296875,133.69027709960938,28.15686074616183,10.927681922912598,False,-6.6625376423083225
926,927,-578.8421020507812,154.86752319335938,-572.8232083928847,149.59752137790116,8.000000000000027,18.975189876094255,-574.4540405273438,134.24136352539062,20.209434685747112,-583.2015380859375,128.78729248046875,26.75754576529649,8.491704940795898,False,-6.548111079549379
927,928,-575.53173828125,154.4220428466797,-576.4100480679632,162.37368242091617,7.999999999999995,14.628847541750167,-593.2239990234375,154.3975830078125,21.002683128722314,-604.3978271484375,144.56227111816406,33.521583263707214,13.022451400756836,False,-12.5189001349849
928,929,-572.2255249023438,153.9771270751953,-576.9491419561723,147.52054578717767,7.999999999999967,25.070837840812448,-583.0701904296875,131.19139099121094,27.10225158210584,-590.322021484375,129.66290283203125,32.91844382272298,14.7467041015625,False,-5.816192240617138
929,930,-567.457275390625,153.34469604492188,-559.6128691890053,154.9148206718195,7.9999999999999805,13.782081474883084,-569.3507080078125,144.3131561279297,10.960736804310587,-582.2274169921875,133.72117614746094,27.53142757304719,2.1688451766967773,True,-16.570690768736604
930,931,-562.2377319335938,152.6524200439453,-569.082556879923,156.79347926280568,7.99999999999998,23.655030348282924,-575.3929443359375,141.92955017089844,19.548033622805395,-584.4390869140625,131.89865112304688,32.73271361960039,7.669316291809082,False,-13.184679996794994
931,932,-558.7525634765625,152.18739318847656,-556.5026478955475,144.51029218104503,8.000000000000014,21.74700416627535,-562.6076049804688,132.48704528808594,20.51680967334419,-569.4843139648438,121.44786071777344,33.350982902469646,10.784698486328125,False,-12.834173229125454
932,933,-555.5858764648438,151.76487731933594,-552.0590869740023,158.94552881396305,8.00000000000002,9.971248386142822,-547.2297973632812,152.09078979492188,5.217553732608042,-559.5628662109375,136.6455078125,16.349404155788775,0.860181450843811,True,-11.131850423180733
933,934,-552.3928833007812,151.33885192871094,-559.8438885019565,148.42637506321324,7.99999999999998,26.47439554400137,-570.9937133789062,141.09510803222656,23.75122265657165,-578.612060546875,131.3335418701172,35.2000050944041,12.155085563659668,False,-11.448782437832449
934,935,-549.3807983398438,150.944091796875,-541.9193091391925,148.05857989973012,8.000000000000012,17.179363290391247,-542.81640625,134.47694396972656,16.542536865038482,-553.40966796875,123.56119537353516,27.862960124061537,4.885941505432129,True,-11.320423259023055
935,936,-546.6036376953125,150.5801239013672,-550.1563723354927,157.74797410742366,8.000000000000023,13.67256938942898,-555.0684814453125,166.18016052246094,19.708767441871576,-563.023681640625,159.52810668945312,21.59251638850114,3.7923903465270996,True,-1.883748946629563
936,937,-543.55908203125,150.18112182617188,-545.7812193204219,142.49593439397012,8.0,24.816760821341123,-556.78125,127.73149871826172,27.062472259178175,-561.646728515625,124.66862487792969,32.43956995648222,14.988165855407715,False,-5.377097697304041
937,938,-541.2498168945312,149.89344787597656,-534.4200124946457,154.05923373932853,7.999999999999967,3.5728634748344734,-534.544677734375,148.1185760498047,4.64032831401601,-544.8511962890625,139.26202392578125,11.913502570824924,1.361552357673645,True,-7.273174256808915
938,939,-538.9402465820312,149.60572814941406,-546.7902797085354,151.14747388486705,8.000000000000021,19.65452408264186,-549.671142578125,144.4725799560547,14.108931931190375,-556.271484375,137.59933471679688,23.046694706402537,1.869084358215332,True,-8.937762775212162
939,940,-536.4103393554688,149.2905731201172,-531.6634035166184,142.8511166102992,7.9999999999999805,16.02582086003598,-538.4071655273438,136.53367614746094,13.235066929488722,-546.720703125,123.78807830810547,28.129596019138777,3.9560556411743164,True,-14.894529089650055
940,941,-534.8042602539062,149.26890563964844,-533.9547126350079,157.22366954835272,8.0,4.652441982046772,-543.0432739257812,171.45065307617188,24.348023520092163,-534.0257568359375,177.2705535888672,28.04200340452523,5.9359540939331055,True,-3.693979884433066
941,942,-533.0557861328125,149.24533081054688,-539.0555819209053,143.95359664288648,8.000000000000032,20.696647922178627,-549.7544555664062,133.4498748779297,24.15782152089703,-557.3260498046875,119.56096649169922,39.35825519827655,10.518619537353516,False,-15.200433677379522
942,943,-531.4573364257812,149.22377014160156,-523.4587586667495,149.07292640549022,8.000000000000055,10.001166363876619,-523.998046875,150.76834106445312,6.7182691105536385,-528.1246337890625,142.98851013183594,7.237578565909932,2.315105676651001,True,-0.5193094553562938
943,944,-530.642333984375,149.77406311035156,-536.438342813081,155.2882522309351,7.99999999999999,11.975148892113195,-545.0325317382812,146.31459045410156,15.814246744157181,-559.9129638671875,132.29476928710938,35.16870062774485,8.125534057617188,False,-19.354453883587666
944,945,-529.7490234375,150.377197265625,-529.2000081418216,142.39605811102362,8.000000000000002,24.651768257316018,-529.2218017578125,127.40170288085938,23.527018984206652,-538.6774291992188,115.8369140625,36.417450055358415,14.814727783203125,False,-12.890431071151763
945,946,-528.934814453125,150.92697143554688,-523.9484592096634,157.1828695633941,7.999999999999967,11.938091143381783,-519.198486328125,170.5634765625,20.610645629549055,-526.372314453125,166.05474853515625,14.01070351148949,2.9369919300079346,True,6.599942118059564
946,947,-528.600830078125,152.222412109375,-536.503411716946,150.97774209617043,8.000000000000039,26.564683506120165,-537.351318359375,141.42962646484375,15.008584461206615,-549.4443359375,129.34762573242188,32.026538172840624,3.00880765914917,True,-17.017953711634007
947,948,-528.2972412109375,153.39964294433594,-521.6293609405197,148.97930667891748,7.999999999999995,5.318045373649615,-505.0202941894531,153.31715393066406,22.985374703707425,-502.9466857910156,156.50575256347656,25.083811939761848,9.055248260498047,False,-2.098437236054423
948,949,-527.9646606445312,154.68955993652344,-529.8954537940274,162.45306673524905,8.000000000000004,5.957832319792459,-527.490234375,160.2559051513672,2.5468736689968523,-524.1282348632812,156.7887725830078,3.4775535210737627,2.3656015396118164,True,-0.9306798520769104
949,950,-527.4818115234375,157.70904541015625,-531.3022782369648,150.68024507931526,8.000000000000012,5.410701058276396,-528.8515014648438,160.83140563964844,1.9065096763913811,-523.864013671875,155.94142150878906,5.938146732445114,1.7800962924957275,True,-4.031637056053733
950,951,-526.95361328125,161.01251220703125,-519.3886336231756,163.61464263668316,8.000000000000025,14.689052654437948,-499.03021240234375,166.36175537109375,27.61034761362085,-494.94305419921875,158.81817626953125,31.964975366399525,12.419266700744629,False,-4.354627752778676
951,952,-526.5199584960938,163.783935546875,-533.8558529088858,166.9752758866642,7.999999999999989,3.7123645151868425,-532.080810546875,167.8176727294922,6.118071698026641,-530.3078002929688,175.66998291015625,9.838663683897561,3.117391347885132,True,-3.7205919858709198
952,953,-526.0477294921875,166.8014373779297,-522.7941886845389,159.49291685644485,7.999999999999989,5.266501299680733,-510.697265625,166.7832794189453,15.175065130596952,-504.72259521484375,171.99502563476562,21.03439322175653,2.0640032291412354,True,-5.859328091159579
953,954,-525.6157836914062,169.5618438720703,-523.07800874885,177.1486546869604,7.9999999999999725,18.90665394249529,-524.8399047851562,192.44259643554688,19.58963511822737,-529.7715454101562,197.93209838867188,25.4762746415345,6.307209491729736,True,-5.886639523307128
954,955,-525.2650146484375,172.85757446289062,-532.2611079805021,168.97753862683948,7.999999999999959,8.00582031766343,-519.6902465820312,177.19561767578125,5.4207960248649085,-530.7252807617188,186.85545349121094,12.418451733609228,2.221055030822754,True,-6.997655708744319
955,956,-524.9450073242188,175.8642578125,-517.1653792843836,173.99948234027534,8.000000000000037,6.592065910659533,-525.9185180664062,176.70619201660156,2.7860858631573957,-533.9000854492188,187.53631591796875,12.521825477983175,1.1240602731704712,True,-9.735739614825778
956,957,-524.5945434570312,179.1575927734375,-529.0713613241664,185.7876834051332,8.000000000000007,18.265527940869354,-537.2205200195312,203.0742950439453,24.468999789097687,-548.1327514648438,207.0398406982422,34.34299978984934,7.276747226715088,True,-9.87400000075165
957,958,-524.3521118164062,182.2623748779297,-525.5296075201405,174.34950536885225,8.000000000000007,10.550052077101093,-528.9767456054688,181.64794921875,6.344669301434584,-539.9891967773438,190.6616668701172,16.664076580215134,2.1101434230804443,True,-10.31940727878055
958,959,-524.0846557617188,185.6880340576172,-517.8713405225744,190.72735085049865,8.000000000000012,10.471217734131875,-523.1575927734375,197.63162231445312,8.558748043624735,-531.4337768554688,196.81390380859375,10.840815758513035,0.7710579037666321,True,-2.2820677148882993
959,960,-523.818359375,189.09841918945312,-531.8038742453354,189.57961795883406,8.000000000000046,20.358810114439084,-540.2682495117188,189.82464599609375,16.957134321104544,-543.076904296875,178.50888061523438,23.918973232761388,9.442438125610352,False,-6.961838911656844
960,961,-523.4819946289062,192.2259063720703,-517.9187695864167,186.47694758576665,8.000000000000046,18.46172470454341,-518.9224243164062,173.466796875,22.289269191403335,-528.2059326171875,174.16209411621094,21.786005566356533,11.686474800109863,False,0.5032636250468023
961,962,-523.145751953125,195.352294921875,-523.3645350989451,203.3493027332445,7.999999999999997,7.796361068724126,-525.2738037109375,202.285400390625,4.301236909840498,-531.66162109375,201.884521484375,9.410595638960343,1.0306193828582764,True,-5.109358729119845
962,963,-522.7767333984375,198.78321838378906,-528.0173106753754,192.73868781438648,7.99999999999999,25.8231835449969,-541.4139404296875,183.1807098388672,26.66247756700164,-543.8595581054688,176.22581481933594,33.43858650344428,13.566015243530273,False,-6.776108936442636
963,964,-522.39013671875,201.86178588867188,-514.442876398573,202.77887552624335,8.000000000000004,3.9348474344848947,-510.4423522949219,207.77174377441406,11.79457922171238,-512.0219116210938,198.6284942626953,11.946377316154539,2.5898191928863525,True,-0.15179809444215842
964,965,-521.9644775390625,205.25128173828125,-528.4440251142951,209.94334559337716,7.999999999999988,18.392090184436583,-547.8482666015625,203.69049072265625,26.765827894281244,-558.1431884765625,208.908447265625,36.603279223001685,16.004291534423828,False,-9.83745132872044
965,966,-521.541015625,208.6238555908203,-519.9326424931683,200.787202231841,7.999999999999991,11.228525561947306,-533.0186157226562,194.7705535888672,21.08940890129379,-544.5927734375,188.5121307373047,33.343397119475014,9.722386360168457,False,-12.253988218181224
966,967,-521.0849609375,212.15879821777344,-516.9773419457676,219.0237429530761,7.999999999999998,10.92497650115425,-516.929443359375,225.78269958496094,11.055849168379144,-527.6099853515625,221.5415496826172,9.281722433669284,2.6588103771209717,True,1.77412673470986
967,968,-520.6695556640625,215.37869262695312,-528.3355896109081,213.09135279085285,7.9999999999999964,21.872396091407225,-539.540771484375,209.61447143554688,21.27619995554063,-547.6937866210938,202.27389526367188,31.928191435575393,7.893487453460693,False,-10.651991480034763
968,969,-520.2542114257812,218.59808349609375,-513.0564407161219,215.10636517824932,8.000000000000052,13.586761668432677,-512.4752197265625,223.58998107910156,7.187553487340921,-519.4501342773438,224.24281311035156,0.8250468251694544,2.0958149433135986,True,6.362506662171467
969,970,-519.6613159179688,223.44525146484375,-522.6101061968162,230.88196013813297,8.000000000000025,21.070754777756758,-529.9434814453125,240.7411651611328,16.53633977224558,-536.0942993164062,247.65164184570312,25.787398014481653,1.9178452491760254,True,-9.251058242236073
970,971,-519.069580078125,228.2828826904297,-521.9186584285803,220.80740594623694,7.99999999999999,18.96370811057803,-519.1798706054688,218.13018798828125,12.927163339733623,-528.5989990234375,207.55332946777344,25.46314470029211,4.599424839019775,True,-12.535981360558486
971,972,-518.7904052734375,231.05148315429688,-511.6399715809251,234.63914228093964,7.9999999999999964,8.248065171220338,-492.87969970703125,237.57151794433594,25.905343764373736,-497.4263916015625,239.90692138671875,21.9469700918408,9.801424980163574,False,3.958373672532936
972,973,-518.5115356445312,233.81707763671875,-526.2074718333186,236.00169801063146,8.00000000000003,15.975276751330082,-536.2965698242188,231.14907836914062,18.865222857150187,-538.519775390625,218.2506103515625,27.346319709754745,9.647445678710938,False,-8.481096852604558
973,974,-518.232177734375,236.58731079101562,-514.0331237603106,229.77790951609475,8.000000000000023,19.75669851152659,-496.1544494628906,235.4106903076172,22.132513602574434,-491.98248291015625,240.28013610839844,26.12117700402091,9.370041847229004,False,-3.988663401446477
974,975,-518.051513671875,238.63043212890625,-516.5480809187801,246.48789291194052,8.000000000000002,14.302506323548247,-513.6525268554688,252.885986328125,12.920840166947068,-521.36865234375,253.72315979003906,13.510586642495953,0.5040963888168335,True,-0.5897464755488855
975,976,-517.8709716796875,240.6731719970703,-524.2871946985834,235.8948791877304,7.999999999999987,14.64701840235099,-527.5047607421875,242.23388671875,9.825379585856712,-536.1727294921875,246.2168731689453,18.81160082781603,2.085580825805664,True,-8.986221241959317
976,977,-517.69091796875,242.7098846435547,-509.7321043839577,241.89915267642579,7.999999999999971,12.31076731088046,-504.1174011230469,246.67555236816406,13.99321162440491,-501.6927490234375,245.61912536621094,16.238124599921672,1.6005710363388062,True,-2.244912975516762
977,978,-517.8472900390625,243.9736785888672,-523.1682299078723,249.94758844025523,8.00000000000003,19.55630331983496,-531.5354614257812,244.27081298828125,13.565992015464841,-535.4114990234375,251.1629638671875,18.386685431245635,5.075536251068115,True,-4.820693415780793
978,979,-518.0042724609375,245.24192810058594,-518.116095122957,237.24270965799676,8.0,9.163044036933377,-512.15576171875,237.13380432128906,11.13078252120226,-512.40087890625,236.65948486328125,11.407291158188807,1.0253539085388184,True,-0.2765086369865468
979,980,-518.16064453125,246.50587463378906,-512.6747955607661,252.3287142394318,8.000000000000032,3.88657086132353,-513.1688842773438,269.7193298339844,23.387298663851823,-521.5099487304688,269.2524719238281,22.301498126065756,7.964966297149658,False,1.085800537786067
980,981,-519.0594482421875,247.0860137939453,-527.0378141815136,246.49807082204887,8.000000000000046,11.578284390661686,-529.5491943359375,256.1983947753906,12.846275614892342,-532.01123046875,259.1031494140625,16.624980701423514,2.6976170539855957,True,-3.778705086531172
981,982,-519.9502563476562,247.66099548339844,-513.6701078349818,242.7052175768783,8.000000000000036,9.747021979707654,-494.71502685546875,243.1356964111328,26.534994864984732,-487.397705078125,248.07017517089844,33.367330271201894,12.085622787475586,False,-6.832335406217162
982,983,-520.7648315429688,248.18679809570312,-522.0480377295547,256.0832138574717,8.0,14.43549946310866,-527.904052734375,266.3536376953125,18.62214146452497,-532.7781372070312,266.942626953125,21.085540137132373,1.8333430290222168,True,-2.463398672607404
983,984,-522.4957275390625,248.53414916992188,-526.8834834394448,241.84478461425144,7.999999999999994,8.208070505950634,-536.8696899414062,234.6602783203125,19.109098951619128,-532.2552490234375,242.02403259277344,10.657217290202329,4.977908134460449,True,8.451881661416799
984,985,-524.0712280273438,248.85031127929688,-516.3172325496648,250.81895399247148,8.000000000000044,5.520229566830711,-522.1516723632812,252.60496520996094,4.90274720281933,-530.72021484375,253.14991760253906,6.450711146385996,2.4164302349090576,True,-1.547963943566666
985,986,-525.6464233398438,249.16641235351562,-532.6937773314623,252.95254517168482,8.00000000000002,11.249681488965521,-542.359130859375,246.98480224609375,14.351388861988525,-534.0817260742188,249.998291015625,5.8362744121921555,4.305320739746094,True,8.51511444979637
986,987,-528.2562255859375,249.64382934570312,-525.6172220511753,242.09163361575065,7.999999999999983,5.241663068816386,-528.0502319335938,235.506103515625,14.799582216869666,-526.9122924804688,239.85594177246094,10.878668309593946,4.878570556640625,True,3.92091390727572
987,988,-530.6328735351562,250.07859802246094,-527.4773576948824,257.4299733891376,8.000000000000005,6.771960935600387,-532.052490234375,264.6461181640625,14.165107070270759,-534.0457763671875,266.61383056640625,16.13375787228753,0.5329641699790955,True,-1.9686508020167697
988,989,-533.0095825195312,250.5133819580078,-540.3021444040957,247.2242268750423,7.999999999999968,1.6117039849719772,-541.4071655273438,242.26376342773438,10.158945660032488,-535.8512573242188,245.2162628173828,5.798516751853193,1.1886863708496094,True,4.360428908179295
989,990,-536.2267456054688,251.0026092529297,-528.6276450954666,248.50187507295678,7.9999999999999645,4.421129532663701,-521.0405883789062,244.04888916015625,19.618775212049766,-533.65478515625,249.01702880859375,6.064606951791299,2.249117612838745,True,13.554168260258468
990,991,-539.2073974609375,251.45587158203125,-543.1215160113024,258.43295377831424,8.000000000000005,18.58872652604332,-559.658447265625,265.1132507324219,21.92390797530418,-551.701171875,269.08154296875,19.64872354667522,9.381230354309082,False,2.2751844286289575
991,992,-542.1599731445312,251.90487670898438,-543.9867752462371,244.11624434629044,8.000000000000016,4.730672583452844,-542.823974609375,234.5545654296875,18.303769319595162,-541.9694213867188,223.6554412841797,29.16574114388018,6.735130786895752,True,-10.861971824285018
992,993,-546.8526000976562,252.40948486328125,-540.2444275148794,256.9185928810865,7.99999999999999,12.391218233496453,-546.6708374023438,263.00494384765625,11.366401777208647,-555.5916137695312,259.09735107421875,7.111660059972651,2.3363237380981445,True,4.254741717235996
993,994,-551.99462890625,252.96241760253906,-559.9131484115644,254.10129812478692,8.000000000000016,6.700644494604703,-580.3641357421875,256.288818359375,24.991377864064912,-582.3786010742188,258.3233947753906,27.292086554241394,14.913036346435547,False,-2.3007086901764815
994,995,-555.5509033203125,253.31015014648438,-550.4813362157395,247.1214920227688,7.9999999999999885,0.8349702646336858,-549.8797607421875,236.62811279296875,19.18843894899285,-547.0318603515625,226.23768615722656,29.802870038725963,8.14730453491211,False,-10.614431089733113
995,996,-558.78271484375,253.62615966796875,-558.3404773549192,261.6139269407098,8.000000000000023,8.647642162799864,-569.5611572265625,265.10125732421875,13.472282740861834,-571.186279296875,267.72088623046875,16.55310159967928,1.7658233642578125,True,-3.0808188588174463
996,997,-562.0130615234375,253.9420166015625,-567.7348129499773,248.35081274077453,8.0,17.005353831954064,-560.83984375,235.45266723632812,19.49548975315812,-555.5635986328125,229.68496704101562,26.630720762435704,8.57345962524414,False,-7.135231009277582
997,998,-565.5612182617188,254.36781311035156,-557.5653728904882,254.62560527348336,8.000000000000053,7.343760711850435,-542.2252807617188,256.5569152832031,26.63351276772125,-554.8723754882812,259.0224609375,14.564327927115636,12.67673110961914,False,12.069184840605613
998,999,-568.7978515625,254.7562255859375,-574.8678751973042,259.96725361051375,8.000000000000052,11.56095056478296,-589.2911376953125,265.7220153808594,20.243121148358206,-587.8658447265625,259.4757995605469,16.416113753886414,7.760584354400635,False,3.827007394471792
999,1000,-572.031494140625,255.14427185058594,-571.0756464768466,247.20157991122122,7.999999999999996,12.9551926251604,-578.974853515625,229.26516723632812,26.571518196097617,-584.5113525390625,217.5771942138672,39.09323702071791,14.502827644348145,False,-12.52171882462029
1000,1001,-575.412353515625,255.59678649902344,-570.751954519729,262.0991461629494,7.9999999999999964,9.671872258679448,-574.5883178710938,266.0074768066406,10.806294426715011,-573.08984375,267.0860595703125,12.41912592845554,1.1968867778778076,True,-1.6128315017405281
1001,1002,-578.7808837890625,256.0476379394531,-586.6095978108433,254.4010545783162,8.000000000000012,2.1807869741169683,-591.8714599609375,243.32164001464844,16.52500983890045,-589.4959716796875,227.34283447265625,30.103339388604407,6.386178016662598,True,-13.578329549703959
1002,1003,-581.845703125,256.4578552246094,-574.960801970823,252.38377421201133,7.999999999999969,8.599667432679158,-566.8900146484375,244.34300231933594,22.304762366987813,-558.0223388671875,233.4418182373047,35.99882560985672,5.7265729904174805,True,-13.69406324286891
1003,1004,-585.3081665039062,256.9237060546875,-587.6328761615968,264.57849050674366,8.000000000000016,17.863786191542832,-583.0528564453125,274.8664855957031,18.334030383454532,-575.8184204101562,280.84661865234375,26.68307563981043,2.9700586795806885,True,-8.349045256355897
1004,1005,-588.458984375,257.3476257324219,-591.9155484248788,250.13290709833188,7.999999999999995,15.191520204856014,-583.3093872070312,227.81008911132812,31.089583911320975,-578.7900390625,213.2014617919922,46.37674808364746,21.459379196166992,False,-15.287164172326488
1005,1006,-591.6088256835938,257.77142333984375,-584.1865905149732,260.756456857527,8.0,11.623472705938509,-586.4175415039062,265.39068603515625,11.027541095011337,-579.1298828125,274.2672119140625,22.42492784336229,2.1919896602630615,True,-11.397386748350954
1006,1007,-594.8023071289062,258.2281188964844,-602.2915935172658,261.04069589865384,8.000000000000034,11.807039025110795,-610.74951171875,257.42413330078125,12.514123410468615,-607.51904296875,258.16015625,9.232984803344007,5.349228382110596,True,3.2811386071246087
1007,1008,-598.3035888671875,258.7288513183594,-594.6810906322243,251.596004303479,7.9999999999999885,10.011509324122747,-573.4276733398438,231.1671600341797,39.657995694613575,-582.4295043945312,217.69996643066406,45.65629549231728,21.717819213867188,False,-5.998299797703702
1008,1009,-601.4945068359375,259.1851806640625,-599.3474553662891,266.89168246362635,8.000000000000023,15.28054070045472,-607.7703857421875,271.5727233886719,12.245167619380936,-604.5371704101562,277.2506103515625,17.61405836617286,1.728076696395874,True,-5.368890746791923
1009,1010,-605.0093994140625,259.64288330078125,-611.7982355157278,255.4106611439557,7.9999999999999565,7.070420895846766,-631.9226684570312,253.20947265625,24.681203167159822,-640.3331909179688,250.00303649902344,33.659504791839424,14.133683204650879,False,-8.978301624679602
1010,1011,-608.211181640625,260.059814453125,-600.3464801907882,258.5947304606745,8.000000000000028,1.1480131468177943,-598.9241333007812,261.155029296875,12.505118027150253,-607.887939453125,261.03125,3.566303541688133,1.4704654216766357,True,8.938814485462121
1011,1012,-611.4108276367188,260.4764709472656,-616.2203637040276,266.8693077836987,7.999999999999993,13.98020332398358,-630.5797119140625,275.9358825683594,21.931953047062553,-641.1781005859375,280.41973876953125,32.96480365485845,7.73767614364624,False,-11.032850607795897
1012,1013,-614.6166381835938,260.896240234375,-615.388535205373,252.93356637518875,7.99999999999999,4.3106584785128454,-608.5501098632812,253.4666290283203,12.15390754023762,-611.2259521484375,260.447265625,6.659736354378037,0.9453655481338501,True,5.494171185859583
1013,1014,-617.8286743164062,261.31683349609375,-611.8807925672146,266.6668524397642,8.000000000000007,16.22082070142103,-608.1509399414062,278.8508605957031,21.584046407753178,-603.2594604492188,281.62786865234375,26.86128821795094,3.5370099544525146,True,-5.277241810197761
1014,1015,-621.3577270507812,261.7789001464844,-629.3573958136899,261.8516990732865,7.999999999999988,2.105288075151031,-642.072021484375,257.81024169921875,18.03637203804256,-651.8318481445312,255.6190948486328,28.037445406530196,7.425722122192383,True,-10.001073368487635
1015,1016,-624.5689697265625,262.1638488769531,-618.7194379143459,256.70647060731983,7.99999999999997,13.350172036047017,-618.2994384765625,258.4522705078125,10.621424159383686,-609.962890625,264.1986999511719,18.192604727561072,2.356623411178589,True,-7.571180568177386
1016,1017,-628.0838012695312,262.5851745605469,-628.7106579259379,270.56057741760173,8.000000000000007,15.196497680343084,-624.9064331054688,274.7793273925781,13.426347004223363,-619.7503051757812,276.3358154296875,17.661044244752453,2.3247034549713135,True,-4.234697240529091
1017,1018,-631.2944946289062,262.97003173828125,-636.219577262222,256.66578229405616,8.000000000000016,18.409027869774405,-634.5714721679688,244.04061889648438,19.599286846748786,-649.0497436523438,248.82125854492188,19.558730966172565,7.821353912353516,False,0.04055588057622117
1018,1019,-636.2056884765625,263.5716552734375,-628.3156265086138,264.8933670960109,8.000000000000014,19.471292200111495,-621.2135009765625,275.3533630371094,22.821829260758467,-616.3165283203125,278.44171142578125,28.60539922866294,4.734964370727539,True,-5.783569967904473
1019,1020,-641.1087036132812,264.1722717285156,-647.8193932625151,268.52734284523314,8.000000000000059,13.564495698526965,-649.0391845703125,274.54449462890625,11.056496212226264,-648.031982421875,279.88018798828125,15.762035185297622,1.8741775751113892,True,-4.7055389730713575
1020,1021,-644.251953125,264.578125,-642.245507697374,256.83382537085606,8.000000000000007,11.38095326906185,-640.8910522460938,254.04446411132812,12.918125662933518,-650.464599609375,259.66571044921875,6.029233201302074,1.759869933128357,True,6.8888924616314435
1021,1022,-647.6988525390625,265.0231628417969,-643.9471437176165,272.08890278316784,8.000000000000023,12.500978543789712,-643.1740112304688,280.24578857421875,16.686625185621843,-644.761962890625,281.9792175292969,17.63379613311401,0.1668339967727661,True,-0.9471709474921681
1022,1023,-650.8513793945312,265.4302062988281,-658.3906114712494,262.7543924612483,7.999999999999944,7.232945455247276,-665.9296875,251.9264678955078,18.24792155929052,-664.6897583007812,257.80084228515625,13.274862761629137,5.378000259399414,True,4.973058797661384
1023,1024,-654.1315307617188,265.8473205566406,-646.7648493872011,262.72770430999503,7.9999999999999885,4.597995398453404,-635.6339111328125,267.0791015625,21.774609451920284,-641.9722290039062,274.4751281738281,17.47167904325943,6.755000591278076,True,4.302930408660853
1024,1025,-657.3931884765625,266.2621154785156,-660.7178795604214,273.5385451797434,7.999999999999999,15.157678952429748,-670.1001586914062,275.3371276855469,12.814127276899587,-662.4661254882812,281.8678894042969,15.298455209447129,1.347076654434204,True,-2.484327932547542
1025,1026,-660.6553955078125,266.6769714355469,-663.1190294134061,259.0657620717723,7.999999999999988,3.5238965586819235,-664.7520141601562,251.55087280273438,15.599661964193173,-662.9439086914062,256.2529296875,10.899513914631653,6.525413990020752,True,4.70014804956152
1026,1027,-663.78076171875,267.1202697753906,-656.8228566969647,271.0683778929342,7.999999999999953,17.881685130622078,-656.3916625976562,285.9730529785156,21.316019644454883,-651.0617065429688,284.822265625,23.604335559043445,3.507570505142212,True,-2.288315914588562
1027,1028,-667.2107543945312,267.6067810058594,-675.0082057283165,269.39556626330386,8.000000000000018,4.7681905783028995,-679.3027954101562,257.48590087890625,13.704222225555604,-672.0294189453125,261.3621826171875,6.874014406988166,2.7920353412628174,True,6.830207818567438
1028,1029,-670.6227416992188,268.0907287597656,-666.0814508372771,261.50463148541223,8.0,10.313672106774316,-668.006103515625,254.2589569091797,15.561219121396526,-665.5125732421875,259.96075439453125,12.1598962774175,3.0811359882354736,True,3.4013228439790257
1029,1030,-674.087158203125,268.5827941894531,-672.9869199651343,276.50677524821793,8.000000000000014,15.255399020390168,-673.9262084960938,273.7720947265625,5.795294390087907,-665.7806396484375,282.68804931640625,17.840489623192294,2.195765733718872,True,-12.045195233104387
1030,1031,-677.2631225585938,269.0339050292969,-683.4269762908676,263.9342082572197,8.000000000000046,19.105352163324696,-694.4073486328125,253.36419677734375,21.171061297581712,-706.6515502929688,258.23382568359375,28.271838794143694,9.252228736877441,False,-7.100777496561982
1031,1032,-680.7330932617188,269.5267639160156,-672.7432636772982,269.12349823198315,8.000000000000043,14.970086812542183,-663.4420166015625,283.62890625,26.08111036178092,-661.54345703125,289.09149169921875,30.744461916386186,6.748589515686035,True,-4.663351554605267
1032,1033,-685.8041381835938,270.20654296875,-691.4231878047223,275.90095087083216,8.000000000000014,20.853371963120455,-704.8597412109375,267.384765625,14.426865465712392,-715.968505859375,262.2911682128906,26.534753570704964,2.4371678829193115,True,-12.107888104992572
1033,1034,-690.8638916015625,270.8848571777344,-690.5670965559872,262.89036452960954,8.000000000000004,10.851896335116383,-697.2357788085938,261.502197265625,10.270547248856749,-710.63671875,263.33953857421875,18.393061200623993,1.1741106510162354,True,-8.122513951767244
1034,1035,-694.037353515625,271.26202392578125,-688.8559987540467,277.3573961732055,7.999999999999965,6.452174246268592,-697.3485717773438,283.67510986328125,12.036908863923912,-708.9947509765625,292.6985778808594,24.133048738698424,1.4428150653839111,True,-12.096139874774511
1035,1036,-697.209228515625,271.6390075683594,-705.147163056142,270.64442462537835,8.000000000000052,22.467619755034,-718.8536376953125,264.5082092285156,19.660725246179915,-729.7886962890625,262.7016296386719,30.55653351071286,6.927268028259277,True,-10.895808264532945
1036,1037,-700.698486328125,272.0537109375,-694.1734693169032,267.4250877077193,8.000000000000009,7.683680475268687,-705.1710205078125,258.5683898925781,13.954827731524245,-717.6770629882812,262.2029724121094,17.16022607366683,6.877658843994141,True,-3.205398342142585
1037,1038,-703.9252319335938,272.4674987792969,-705.6099863390901,280.2880871582592,8.000000000000005,19.0538063628829,-719.5836181640625,290.6718444824219,21.687948456609632,-723.420166015625,295.5152893066406,27.857899576636147,5.512551784515381,True,-6.169951120026514
1038,1039,-707.1751708984375,272.88427734375,-711.2156169780227,265.97958361571506,8.000000000000027,20.76093930955154,-728.8919067382812,257.44195556640625,24.344924109198853,-741.8489990234375,246.11550903320312,41.554249028853015,13.513524055480957,False,-17.20932491965416
1039,1040,-710.4207763671875,273.30047607421875,-702.7774235764118,275.6625002306875,8.000000000000018,10.321626866344236,-710.4212646484375,279.1471862792969,6.284853618263555,-713.5440063476562,289.3427429199219,15.621900585330646,2.118004083633423,True,-9.337046967067092
1040,1041,-713.5922241210938,273.7209167480469,-720.8237189856907,277.1422442715833,7.999999999999978,22.170221032490243,-736.4676513671875,269.66412353515625,19.91203523019173,-746.19140625,261.50213623046875,31.757774151844014,9.339007377624512,False,-11.845738921652284
1041,1042,-717.0750732421875,274.1826477050781,-714.0538675226892,266.7750626734723,8.000000000000007,13.204576882123712,-714.5507202148438,260.3735656738281,15.326478964320259,-723.4721069335938,263.104736328125,11.942401684771013,4.267467498779297,True,3.3840772795492455
1042,1043,-720.2451782226562,274.6029052734375,-717.4691695017199,282.10582307795096,7.999999999999991,13.340886541529873,-719.6040649414062,287.3138732910156,12.900989252909808,-728.345458984375,294.9253234863281,20.392169287088645,2.087555170059204,True,-7.4911800341788375
1043,1044,-723.6806030273438,275.0738830566406,-730.795693619027,271.41663192059053,7.999999999999967,19.539074268303203,-743.431640625,276.3561706542969,16.341971316825024,-758.442138671875,283.35723876953125,32.29176492594054,8.69379997253418,False,-15.949793609115517
1044,1045,-727.10986328125,275.54400634765625,-719.3929792681561,273.43457487722264,8.000000000000023,13.22230636184468,-718.173583984375,269.507080078125,13.68304741809721,-728.577880859375,264.14910888671875,11.938313467280787,1.0222984552383423,True,1.744733950816423
1045,1046,-730.2329711914062,275.9721374511719,-734.4982608137141,282.74024682069546,7.999999999999983,16.541707954220215,-744.2386474609375,286.6617126464844,14.956336881769403,-757.6417236328125,289.91522216796875,27.793915762101005,2.644304037094116,True,-12.837578880331602
1046,1047,-733.3509521484375,276.4074401855469,-734.7776525145708,268.53568523094657,7.999999999999965,16.96560388663724,-748.1426391601562,267.8132629394531,14.547958040132645,-757.2232055664062,255.97889709472656,29.247444594272725,4.030086040496826,True,-14.69948655414008
1047,1048,-736.769287109375,276.8846435546875,-730.3999885904077,281.72530842392615,8.000000000000016,5.870469241261935,-726.7366943359375,295.2373046875,22.377185071259333,-726.2752685546875,296.5343322753906,23.694384165020125,2.8573710918426514,True,-1.3171990937607916
1048,1049,-740.2003784179688,277.3636474609375,-748.166723057989,278.0966911679705,7.999999999999979,22.738208731480125,-758.5892333984375,267.8409118652344,16.663090651851913,-764.47265625,259.75537109375,26.41787676877698,5.231071472167969,True,-9.754786116925068
1049,1050,-745.4420166015625,278.07855224609375,-740.0630459013358,272.15684014518047,7.99999999999998,17.884355372479654,-743.7606201171875,263.91168212890625,16.1752851957857,-748.6380615234375,254.25222778320312,24.53295639277841,3.2357044219970703,True,-8.357671196992708
1050,1051,-750.2391967773438,278.7328796386719,-750.2054233182081,286.73280834794537,8.000000000000012,15.079766300937687,-765.0590209960938,297.65081787109375,21.714192232787635,-774.7955322265625,302.69573974609375,31.62739068097724,5.965950965881348,True,-9.913198448189604
1051,1052,-753.653564453125,279.1732177734375,-759.082342148695,273.29713296022373,8.000000000000009,15.127217369776087,-762.43115234375,265.697998046875,14.916107229557396,-772.0311279296875,271.09356689453125,17.2282407686206,4.69387149810791,True,-2.312133539063206
1052,1053,-757.0562133789062,279.6120300292969,-749.0839634006037,280.2777854524484,8.000000000000052,6.153679218141475,-743.3456420898438,280.88763427734375,16.84285101610322,-750.47265625,275.8259582519531,10.55880280869701,0.7992784380912781,True,6.284048207406212
1053,1054,-760.165771484375,280.0130615234375,-766.4939718333267,284.90733167776364,7.999999999999975,15.047493640168996,-774.8817138671875,298.3965148925781,21.437395417682804,-782.06298828125,294.05035400390625,23.248019934145645,4.806093215942383,True,-1.8106245164628412
1054,1055,-763.2543334960938,280.3863525390625,-761.8941474912735,272.50283213049556,8.00000000000001,11.999043431851002,-758.7387084960938,263.09149169921875,19.399181143732797,-771.1917114257812,266.4192199707031,15.075395090562708,10.191693305969238,False,4.323786053170089
1055,1056,-766.6630859375,280.79833984375,-762.3408032452525,287.5301948873689,7.999999999999997,9.33111054140758,-764.8709716796875,291.7706604003906,11.75464764758557,-777.4490966796875,279.15045166015625,7.706953173259793,1.3953731060028076,True,4.047694474325777
1056,1057,-770.0208129882812,281.20416259765625,-777.7552324721412,279.1599622044248,7.999999999999989,11.550497063692358,-792.0743408203125,272.54620361328125,20.934818310595954,-804.6798706054688,275.69921875,32.032412715153015,9.955589294433594,False,-11.09759440455706
1057,1058,-773.1937866210938,281.5900573730469,-766.1098288785394,277.8728618304766,8.000000000000034,4.797977881823372,-767.3267822265625,272.9656677246094,12.997171915643033,-779.894287109375,274.0098571777344,8.630856685115743,2.309882164001465,True,4.36631523052729
1058,1059,-776.659423828125,282.0115661621094,-779.371984290228,289.53765516898636,7.999999999999961,7.604475433394348,-780.7587890625,282.24969482421875,0.9553737499773723,-787.0162353515625,274.5435485839844,10.654286370241632,2.437478542327881,True,-9.69891262026426
1059,1060,-779.8145751953125,282.3952941894531,-782.8982176085457,275.01348211738645,7.999999999999994,11.84472779553816,-777.9840087890625,270.38409423828125,13.523876105528327,-782.691162109375,271.8678894042969,10.995727140682694,2.381885051727295,True,2.5281489648456326
1060,1061,-783.226318359375,282.8505859375,-775.966194003991,286.21073390215264,7.9999999999999964,4.947850626966978,-769.30908203125,285.7857666015625,17.204366922592136,-775.6112060546875,278.2293395996094,11.84042589946499,3.817079782485962,True,5.363941023127147
1061,1062,-786.3276977539062,283.26446533203125,-793.9508348419504,285.6909403343518,8.000000000000032,14.773412536286566,-800.8297729492188,272.57147216796875,15.72414114381945,-805.619384765625,265.3299560546875,24.29637919210251,4.248208045959473,True,-8.57223804828306
1062,1063,-789.7410888671875,283.7200012207031,-785.7590851384749,276.7814389557581,7.9999999999999805,13.058691893109499,-777.0731811523438,268.1348571777344,23.976236674773364,-784.24853515625,267.9410400390625,19.47479989286977,8.845417022705078,False,4.501436781903596
1063,1064,-794.7310180664062,284.35400390625,-792.9802922222511,292.16008864948765,8.000000000000012,7.090125761387096,-794.9033203125,281.2386474609375,6.11157023461419,-802.2178955078125,275.3408203125,9.964076683700728,2.281672716140747,True,-3.8525064490865386
1064,1065,-799.7288818359375,284.989013671875,-806.2927470677049,280.41564803820916,8.00000000000005,11.852089225542619,-799.2142944335938,271.3621826171875,14.660892310577763,-805.1885375976562,271.9293518066406,13.655422772683085,5.019144058227539,True,1.0054695378946779
1065,1066,-803.2737426757812,285.4498596191406,-795.3444886363252,284.38828984857923,7.999999999999996,9.512362411386853,-802.1572875976562,272.8162536621094,13.761727387239873,-805.974365234375,274.4685363769531,11.414976682818054,5.254314422607422,True,2.3467507044218188
1066,1067,-806.5119018554688,285.870849609375,-811.6416069338449,292.00975226448224,8.000000000000023,9.298740003803653,-800.1986694335938,275.2178649902344,14.621950098087618,-806.467529296875,275.7261047363281,11.062730469060783,1.9127764701843262,True,3.5592196290268348
1067,1068,-809.747314453125,286.2914733886719,-810.1115987355514,278.29977163237635,7.999999999999996,10.899295297528806,-810.4749755859375,272.17816162109375,14.76403011738863,-806.45947265625,275.22686767578125,13.21077721579319,6.258177757263184,True,1.5532529015954406
1068,1069,-812.9500732421875,286.7332458496094,-807.2831443785428,292.3800075104545,7.99999999999997,12.123803522893944,-804.7434692382812,273.8329162597656,17.791080241185952,-806.4737548828125,276.0281066894531,15.000375951368298,1.801716685295105,True,2.790704289817654
1069,1070,-816.4637451171875,287.2178955078125,-824.4566947914318,286.8821046428419,7.999999999999986,9.728493497471439,-821.517822265625,272.4039611816406,15.367776794733087,-817.5782470703125,276.39569091796875,11.45827277499871,7.063794136047363,True,3.9095040197343778
1070,1071,-819.673828125,287.66070556640625,-813.5532523209766,282.50914737230573,8.000000000000023,17.590293914944226,-801.894775390625,271.8951721191406,26.76233220110716,-806.5278930664062,275.8921813964844,20.657916147915394,10.194568634033203,False,6.104416053191766
1071,1072,-823.1801147460938,288.1172790527344,-824.2134092994614,296.05026728958313,8.000000000000004,6.921777750167907,-825.5216674804688,282.73590087890625,5.864747574481836,-825.7692260742188,279.3135070800781,9.243154232747392,1.8915250301361084,True,-3.378406658265556
1072,1073,-826.3926391601562,288.5356140136719,-830.9893764730972,281.98809493574504,7.999999999999964,9.95205577096553,-835.6943969726562,274.1194152832031,16.03955393633843,-830.0010375976562,279.4372863769531,9.523577366185974,3.5111989974975586,True,6.515976570152455
1073,1074,-829.5901489257812,288.9519958496094,-821.7778723018855,290.67488120613524,7.999999999999943,10.765848693129263,-822.7855224609375,284.9587097167969,11.01696178935171,-823.0987548828125,282.0196228027344,12.233361832247326,2.3862905502319336,True,-1.216400042895616
1074,1075,-832.8850708007812,289.3601379394531,-839.8093927866394,293.3668529325818,8.000000000000021,7.970471505024894,-844.96484375,292.8941955566406,9.32455317030784,-839.3702392578125,283.5715026855469,6.969800812471536,1.23667311668396,True,2.354752357836305
1075,1076,-836.1798706054688,289.76824951171875,-833.7805881610341,282.136510276667,8.00000000000002,10.340924752549459,-823.7689208984375,273.3724670410156,23.001803823853635,-826.408203125,279.2574462890625,17.029060652203892,9.35465145111084,False,5.972743171649743
1076,1077,-839.475830078125,290.176513671875,-836.0898205007585,297.42461267381907,8.000000000000021,12.901867789885676,-828.986572265625,288.0970764160156,14.075840951977728,-828.3641967773438,280.6719970703125,17.55053026651137,1.7100194692611694,True,-3.4746893145336415
1077,1078,-842.8385620117188,290.597412109375,-850.2313206226038,287.5401060858985,8.00000000000003,9.674470142979176,-862.6785278320312,273.9019470214844,23.944055080847555,-866.32958984375,278.2865905761719,24.055326210247735,9.707683563232422,False,-0.1112711294001798
1078,1079,-845.8959350585938,290.9800720214844,-838.379564390336,288.2406976444862,7.999999999999987,13.60190293271809,-841.4207763671875,282.5577697753906,11.81724541072534,-837.8660278320312,281.0964050292969,15.362104106736012,0.9953503012657166,True,-3.5448586960106727
1079,1080,-849.2593994140625,291.4010314941406,-852.9513164169256,298.49819633962437,7.999999999999989,14.383852570503816,-863.67236328125,295.0278015136719,9.70126559119312,-872.0958862304688,291.32806396484375,17.69566798884634,1.7341208457946777,True,-7.994402397653218
1080,1081,-854.4178466796875,292.11773681640625,-856.4896079512265,284.3906542341019,8.000000000000036,15.719091929879339,-861.7827758789062,280.539794921875,12.518161898157729,-870.8663940429688,286.4725341796875,13.333034126145687,2.3371775150299072,True,-0.8148722279879586
1081,1082,-859.1144409179688,292.770263671875,-852.3672193462241,297.06851925545584,7.999999999999973,5.437466432975469,-851.260986328125,298.0754089355469,12.268391230785634,-841.257080078125,288.3933410644531,21.82049064056885,2.2086293697357178,True,-9.552099409783215
1082,1083,-862.5338134765625,293.2342529296875,-870.4124346060299,294.6225357172741,7.999999999999995,11.164463652657235,-881.5195922851562,291.40185546875,15.748430061480505,-889.2388916015625,288.053466796875,23.97326306550498,7.138552665710449,True,-8.224833004024475
1083,1084,-865.939208984375,293.69635009765625,-861.0675305100406,287.3507414709991,7.9999999999999565,6.587653378125809,-859.1102905273438,297.0608215332031,10.357745429360044,-869.5809936523438,291.23992919921875,2.927530210481485,1.4605053663253784,True,7.430215218878558
1084,1085,-869.0409545898438,294.1172180175781,-868.346781642333,302.08704385751616,7.999999999999991,4.4698560540526024,-856.2304077148438,295.6959228515625,16.270077911233976,-861.54638671875,288.92425537109375,12.27790818891498,4.361227035522461,True,3.9921697223189963
1085,1086,-872.4600219726562,294.5491638183594,-878.3554235019874,289.1413693688671,7.999999999999949,16.052021976110286,-879.3013305664062,280.48992919921875,14.925670606022859,-888.6421508789062,286.46954345703125,15.575390742335928,4.829687595367432,True,-0.6497201363130696
1086,1087,-875.572998046875,294.94244384765625,-867.5729997713775,294.9476966599188,8.000000000000023,3.5914134561982136,-871.1437377929688,303.23126220703125,11.109008406943046,-881.2063598632812,292.16015625,3.900305361668238,1.3747200965881348,True,7.208703045274808
1087,1088,-878.9981079101562,295.3751220703125,-884.9006058868893,300.77516999923523,7.999999999999991,12.25405529163841,-891.3683471679688,285.7486877441406,13.464242329714391,-891.009033203125,286.5709228515625,12.614852739004764,0.4174019992351532,True,0.8493895907096274
1088,1089,-882.3956909179688,295.7874755859375,-881.6910525715399,287.8185682078372,7.9999999999999725,11.435776550411843,-874.4032592773438,282.3241882324219,17.74049415419699,-882.6270751953125,286.32025146484375,10.255273924851593,5.752264976501465,True,7.485220229345398
1089,1090,-885.5015869140625,296.1644287109375,-880.6382457112439,302.5164293678146,8.000000000000005,5.374814752502566,-884.8974609375,298.3103332519531,4.365470020176481,-890.1048583984375,290.3313293457031,6.360408825823746,2.164687156677246,True,-1.9949388056472648
1090,1091,-888.9042358398438,296.577392578125,-896.7810270791415,295.17876476039686,8.000000000000043,7.719090485411181,-900.3907470703125,281.0611572265625,17.980546092162903,-893.863525390625,282.7716064453125,14.322021691974696,6.303523540496826,True,3.658524400188208
1091,1092,-892.020263671875,296.9745178222656,-885.2674034367374,292.68512641500314,8.00000000000002,9.351609435129019,-885.7600708007812,290.7103271484375,11.77898913560876,-890.5736694335938,287.6707763671875,10.891715019353066,2.239966869354248,True,0.8872741162556945
1092,1093,-895.447265625,297.4112854003906,-897.5291723365085,305.13564067734256,7.999999999999965,7.747452677056065,-889.084716796875,294.66455078125,10.281425638532035,-890.55029296875,289.0629577636719,12.092303414603455,3.3217859268188477,True,-1.81087777607142
1093,1094,-898.8613891601562,297.846435546875,-902.5439829630362,290.7444285852486,7.99999999999998,12.00524286872771,-905.9964599609375,282.7785949707031,15.994536956170883,-898.8070068359375,279.3203125,19.256558784178473,7.601127624511719,False,-3.2620218280075903
1094,1095,-902.1046142578125,298.29241943359375,-894.5918474246083,301.04166196743955,7.99999999999998,13.714826598655126,-871.080078125,294.56781005859375,34.78058029836328,-881.6097412109375,290.2667541503906,25.459024003136673,18.60079002380371,False,9.32155629522661
1095,1096,-905.6054077148438,298.7738037109375,-913.0021748140913,301.82139890706975,7.999999999999952,10.38053675483966,-930.696533203125,290.1880187988281,23.6673809955346,-930.0641479492188,288.9841613769531,23.580913338458924,11.415974617004395,False,0.08646765707567639
1096,1097,-908.8185424804688,299.2156677246094,-905.4230175989153,291.97202148954574,8.000000000000012,16.912892316249255,-880.6370849609375,288.42803955078125,34.83276223246342,-889.433837890625,288.29351806640625,26.736373171356306,17.029630661010742,False,8.096389061107118
1097,1098,-913.5447387695312,299.84765625,-911.1554804150799,307.482539648958,7.999999999999995,2.8069881054543004,-917.5696411132812,304.79705810546875,4.410606059883522,-917.9464111328125,295.1328430175781,5.46324875905268,1.4617359638214111,True,-1.0526426991691586
1098,1099,-918.7246704101562,300.5403747558594,-925.6437247962318,296.5245701786261,7.999999999999955,11.91838153066761,-933.0496215820312,288.74713134765625,16.43570349231087,-948.5192260742188,294.10791015625,27.29627592227292,2.8637073040008545,True,-10.860572429962048
1099,1100,-922.111083984375,301.0141906738281,-914.2965515987795,299.30156590626274,7.999999999999954,11.554293202179704,-909.5677490234375,287.5670471191406,20.912033555950728,-912.4147338867188,285.642333984375,20.334591227082804,5.814357280731201,True,0.5774423288679245
1100,1101,-925.2088012695312,301.4476318359375,-929.8141328392022,307.9891088200285,8.000000000000012,10.288681556902475,-930.1949462890625,303.8639831542969,2.5204063280182862,-935.7233276367188,300.2228698730469,7.3326939648254745,1.8249638080596924,True,-4.812287636807188
1101,1102,-928.5899047851562,301.92071533203125,-929.6127808253378,293.986377010128,7.999999999999979,8.97977988968205,-923.7035522460938,296.4227600097656,10.027194626475397,-926.7254638671875,292.4766845703125,11.098319799714313,2.8861966133117676,True,-1.071125173238915
1102,1103,-931.7897338867188,302.3522033691406,-925.6759284007239,307.5117946784809,7.999999999999998,2.5372472225283222,-925.4147338867188,313.8948059082031,14.840701332507713,-935.45947265625,303.8179931640625,1.0051646546359796,2.5442466735839844,True,13.835536677871733
1103,1104,-935.2999877929688,302.8255615234375,-943.2933715367813,303.15085573511897,7.999999999999964,19.473203129583478,-957.7485961914062,297.5751647949219,20.073352147355383,-957.1427001953125,292.94720458984375,21.30683091117829,10.245157241821289,False,-1.2334787638229088
1104,1105,-938.4960327148438,303.2565612792969,-932.8216933943895,297.61724631413074,7.999999999999987,11.462934545972953,-941.1038818359375,289.505859375,14.169266484107021,-953.1122436523438,292.0171203613281,16.299602915368805,3.796600818634033,True,-2.1303364312617834
1105,1106,-941.70751953125,303.6622619628906,-942.0822982245556,311.6534784491988,7.9999999999999805,12.986568336829734,-956.9462280273438,304.9499206542969,12.049438695607408,-956.9632568359375,296.64422607421875,14.140503763402291,3.81113600730896,True,-2.091065067794883
1106,1107,-944.9290161132812,304.0692443847656,-950.0506551445147,297.9236106799516,8.000000000000032,15.1059592539827,-955.3363037109375,286.37493896484375,19.401539262763222,-959.7579956054688,287.46917724609375,20.453375402452085,8.727439880371094,False,-1.051836139688863
1107,1108,-948.4531860351562,304.51446533203125,-940.5253328890851,305.5864469057211,8.00000000000003,8.3914845064572,-949.779541015625,307.4873046875,3.3110502698649293,-956.8004150390625,296.380126953125,9.85761012023623,1.4740763902664185,True,-6.5465598503713
1108,1109,-951.8549194335938,304.90740966796875,-958.4247847621366,309.47215167215813,8.00000000000002,6.652729543543944,-953.285888671875,308.60882568359375,3.741443060253563,-957.0260620117188,301.3101806640625,4.459897634125046,1.7038379907608032,True,-0.7184545738714827
1109,1110,-954.9683837890625,305.26702880859375,-953.207408482267,297.46324985421165,8.000000000000014,13.115205437556572,-947.4849853515625,282.4391784667969,25.650558079965407,-957.7269287109375,287.0455322265625,18.62698104202724,14.574542999267578,False,7.023577037938168
1110,1111,-958.3796997070312,305.66107177734375,-954.4068111510792,312.60485723788224,8.00000000000004,2.1456978557042095,-953.2025756835938,305.3766174316406,8.404706999470148,-959.8626098632812,295.13616943359375,11.058484560025887,1.3288002014160156,True,-2.6537775605557385
1111,1112,-961.5794067382812,306.0605773925781,-969.1993507995418,303.6240937576526,7.99999999999997,12.1910561088781,-966.10498046875,294.19866943359375,12.332902822584531,-964.3785400390625,293.6033020019531,12.862819810040031,2.309756278991699,True,-0.5299169874555005
1112,1113,-964.777587890625,306.4599304199219,-957.5130572396345,303.1093193680659,8.000000000000032,11.18859456361267,-959.277099609375,296.19366455078125,13.983152717879967,-960.5875854492188,290.71710205078125,17.913275169780338,1.6840423345565796,True,-3.9301224519003704
1113,1114,-968.275634765625,306.8966979980469,-971.3689683361373,314.27445425734015,7.99999999999997,4.730494848001374,-962.4408569335938,303.03399658203125,10.014196664672115,-960.5780029296875,294.62738037109375,16.758820895330434,2.0416877269744873,True,-6.744624230658319
1114,1115,-971.4708862304688,307.36328125,-974.1735610726379,299.83363659055516,8.000000000000009,16.429875446342916,-962.3497924804688,285.0319519042969,26.06867793716249,-961.5452880859375,286.9177551269531,24.857292745742175,12.07791805267334,False,1.211385191420316
1115,1116,-974.9241333007812,307.86749267578125,-967.8450630979074,311.59398768621446,7.999999999999978,11.506270440018781,-968.4342041015625,304.3584899902344,10.460405158841468,-963.137939453125,292.3265380859375,21.917293390840534,2.263489246368408,True,-11.456888231999066
1116,1117,-978.1102294921875,308.3327331542969,-985.8473267566799,310.3667749237265,7.999999999999988,3.6783209047877596,-994.2421264648438,301.7439270019531,14.705750345053204,-992.1962280273438,290.95135498046875,20.880380942844102,5.2505316734313965,True,-6.174630597790898
1117,1118,-981.3295288085938,308.78125,-976.9984095524644,302.05507679458924,8.000000000000002,20.8494466828871,-965.9647827148438,288.02947998046875,28.19658411148289,-964.087646484375,287.9577941894531,29.519574248540156,13.535506248474121,False,-1.3229901370572676
1118,1119,-984.5541381835938,309.2304992675781,-983.2043060125324,317.1157990786169,8.000000000000002,10.43947416915414,-981.0572509765625,310.7974853515625,7.12210484299788,-974.4136352539062,305.541259765625,14.309421652724133,1.8352422714233398,True,-7.187316809726253
1119,1120,-988.0980224609375,309.7242126464844,-994.4197901842059,304.82163650194144,7.9999999999999805,17.237898262414863,-991.7047119140625,299.586669921875,10.835715308323053,-985.5191650390625,292.5508117675781,19.318682072418074,1.971998929977417,True,-8.482966764095021
1120,1121,-993.0588989257812,310.3374328613281,-985.0857815496862,309.68214719307974,8.00000000000003,13.950909529052037,-975.626220703125,307.7348937988281,22.60753156007149,-968.7066040039062,293.5889892578125,34.05446871106138,6.944854259490967,True,-11.446937150989893
1121,1122,-998.004150390625,310.94873046875,-1003.4406398961524,316.8176811293272,7.9999999999999645,14.848391615424301,-1023.6470336914062,310.7644958496094,22.214034544553773,-1032.450439453125,308.4458312988281,31.147276607197632,13.332918167114258,False,-8.93324206264386
1122,1123,-1001.4414672851562,311.3778076171875,-1001.3971883265006,303.37793015726226,7.999999999999975,12.869091079142958,-1008.494873046875,291.1473693847656,20.991624267392673,-1020.2781372070312,292.35784912109375,24.973855190251395,10.892597198486328,False,-3.9822309228587223
1123,1124,-1004.563232421875,311.76751708984375,-999.1920427684804,317.6962877640448,7.9999999999999885,4.900496403026496,-1009.6152954101562,319.4513244628906,7.435178641381457,-1019.8880615234375,309.7347412109375,12.147966486494886,2.6709799766540527,True,-4.712787845113429
1124,1125,-1007.991943359375,312.1955261230469,-1015.9573184953697,311.45202162213354,8.000000000000052,18.49271079790773,-1030.323486328125,297.0523376464844,24.728677753923023,-1032.5362548828125,297.63092041015625,26.14953874278779,10.848130226135254,False,-1.4208609888647672
1125,1126,-1011.1024780273438,312.6106262207031,-1004.7268282257357,307.77832970587133,7.999999999999983,13.418793793123989,-986.6316528320312,302.9599609375,29.660093292058104,-988.51513671875,294.3860168457031,32.016247713077604,14.221308708190918,False,-2.3561544210195002
1126,1127,-1014.516845703125,313.0662536621094,-1015.9538820495943,320.9361282823893,7.9999999999999885,10.688607585307814,-1023.7207641601562,313.19622802734375,5.811344729550638,-1032.817626953125,308.8600158691406,15.610977069665273,2.3194305896759033,True,-9.799632340114634
1127,1128,-1017.91845703125,313.52020263671875,-1022.1748550757534,306.7464979128067,8.000000000000027,16.014336383546762,-1026.7586669921875,307.2164611816406,8.833345828328886,-1033.298583984375,304.45538330078125,15.512485893932418,2.06244158744812,True,-6.679140065603532
1128,1129,-1021.011474609375,313.92449951171875,-1013.2973673614488,316.0440629968478,8.000000000000016,7.570824303232192,-1012.0520629882812,315.5514831542969,12.364286007964639,-1020.836181640625,309.72650146484375,5.822284951269123,0.9515393376350403,True,6.542001056695516
1129,1130,-1024.3590087890625,314.3620910644531,-1031.4788959581174,318.0099954902743,7.999999999999896,11.053856635167698,-1049.68212890625,305.56365966796875,23.83256878660474,-1042.8087158203125,295.2710876464844,24.68391789511616,10.674592018127441,False,-0.8513491085114211
1130,1131,-1027.7122802734375,314.8003845214844,-1024.926421093583,307.30111864874584,8.000000000000016,10.66633790306755,-1027.900146484375,295.28961181640625,20.11743382573936,-1035.20947265625,299.1558837890625,16.624873738312473,9.565943717956543,False,3.492560087426888
1131,1132,-1030.82763671875,315.1929016113281,-1027.816161265562,322.6044477114914,7.999999999999963,6.0207588350756245,-1032.15283203125,323.9861755371094,8.617767631987542,-1036.53564453125,314.7571105957031,2.469039408101793,0.6406394243240356,True,6.148728223885749
1132,1133,-1034.2225341796875,315.6206359863281,-1041.4495299120974,312.1898149936603,8.000000000000092,6.640202190248351,-1051.0828857421875,303.6331787109375,18.32145790848633,-1054.4937744140625,297.5987243652344,25.00939200651763,5.530422210693359,True,-6.687934098031299
1133,1134,-1037.608154296875,316.04718017578125,-1029.9617062798955,313.69519532811995,7.999999999999925,6.457926366786521,-1028.1231689453125,313.0706481933594,13.136583022415499,-1035.7247314453125,312.5945739746094,6.392883117514364,2.5170395374298096,True,6.743699904901135
1134,1135,-1040.8140869140625,316.4633483886719,-1044.8635967727816,323.36273023809406,7.99999999999999,3.2365096581745663,-1047.7418212890625,315.2469787597656,4.04937634630136,-1041.460693359375,315.1363220214844,3.111996986642065,1.7395652532577515,True,0.9373793596592948
1135,1136,-1044.037109375,316.88177490234375,-1045.711592309398,309.05898084252027,7.999999999999964,4.577896124241803,-1036.6048583984375,306.59759521484375,15.338617225554913,-1036.775146484375,309.45416259765625,13.355474917257524,1.914466142654419,True,1.9831423082973885
1136,1137,-1047.5550537109375,317.3384704589844,-1041.0361206468217,321.9756583682218,7.99999999999999,5.019173839568891,-1032.758544921875,332.6318664550781,24.41571951943994,-1037.5897216796875,338.97894287109375,25.627962717250778,5.009002208709717,True,-1.2122431978108388
1137,1138,-1052.29833984375,317.9920654296875,-1060.2375736288616,318.9762233973655,8.000000000000082,7.46590354285492,-1063.7322998046875,316.0430603027344,6.7855648896785965,-1059.783935546875,320.9814758300781,3.2285960270227423,1.5704853534698486,True,3.556968862655854
1138,1139,-1057.4918212890625,318.70770263671875,-1052.30246653532,312.6191398145242,7.999999999999946,2.706863043218819,-1042.54931640625,314.3386535644531,18.65321695221135,-1047.6756591796875,319.5577697753906,12.917600194606543,3.516940116882324,True,5.735616757604806
1139,1140,-1060.5850830078125,319.0982360839844,-1060.298786608136,327.09311159092834,8.000000000000021,5.360424907267331,-1044.0870361328125,337.60626220703125,26.881132525272513,-1038.9112548828125,339.26904296875,31.909186369392494,8.698026657104492,False,-5.028053844119981
1140,1141,-1063.97998046875,319.5268249511719,-1069.5915473325472,313.82504300750423,8.000000000000053,7.829842006106756,-1082.738037109375,314.90594482421875,16.178592307394446,-1076.2955322265625,316.7398986816406,9.4892894489267,4.1124162673950195,True,6.689302858467746
1141,1142,-1067.3673095703125,319.9544677734375,-1059.3780164447498,320.36822537619247,8.000000000000012,9.634281527523296,-1031.7711181640625,324.8493957519531,39.07461991638559,-1038.49609375,329.8709716796875,33.46964200207859,22.78476333618164,False,5.604977914307007
1142,1143,-1070.587646484375,320.3657531738281,-1076.7581918378478,325.4573511588162,7.999999999999959,3.606848206031596,-1094.7088623046875,329.0895690917969,22.210378055792702,-1105.826171875,337.25579833984375,35.73544229043707,11.563060760498047,False,-13.525064234644368
1143,1144,-1074.0977783203125,320.8140563964844,-1072.9871352370317,312.89152700609645,7.9999999999999964,6.519797439123661,-1076.1829833984375,302.08770751953125,19.168608256284095,-1088.755615234375,289.8200988769531,33.42625909538468,10.412422180175781,False,-14.257650839100585
1144,1145,-1077.303955078125,321.2235107421875,-1072.7713170131804,327.8155659734652,8.000000000000052,6.140876085726888,-1059.7860107421875,336.36492919921875,25.507802336429364,-1064.56689453125,324.56500244140625,16.322966127517475,4.618614673614502,True,9.18483620891189
1145,1146,-1080.6295166015625,321.66131591796875,-1088.4246121742096,319.8622925681216,7.999999999999901,10.382519619723908,-1091.8868408203125,304.6215515136719,19.19362230454164,-1086.206298828125,306.26654052734375,15.991854224391858,6.646626949310303,True,3.201768080149783
1146,1147,-1083.95361328125,322.09893798828125,-1076.9905295923622,318.1599704152306,7.999999999999965,10.231130292420596,-1073.3763427734375,329.2335510253906,15.433708850047132,-1072.010009765625,321.22454833984375,15.327905916337176,2.6541597843170166,True,0.10580293370995619
1147,1148,-1087.2816162109375,322.5370788574219,-1089.7552430535716,330.1450464075235,7.999999999999969,17.471631244578194,-1100.810546875,339.0406188964844,18.963470827319867,-1113.8125,343.8974914550781,31.168104352430767,2.239696741104126,True,-12.2046335251109
1148,1149,-1090.677734375,323.01129150390625,-1093.9928671644127,315.7305020832074,7.9999999999999725,12.58267913647408,-1101.0096435546875,300.2230529785156,24.27456899024837,-1091.443603515625,288.9543151855469,34.631021563743055,12.551167488098145,False,-10.356452573494686
1149,1150,-1094.0728759765625,323.4853820800781,-1086.7102976427086,326.6146695833069,7.999999999999914,11.591707703296418,-1085.2332763671875,334.1646423339844,15.729728290076402,-1087.263671875,324.8889465332031,9.951100164609915,2.474126100540161,True,5.778628125466486
1150,1151,-1097.167236328125,323.9174499511719,-1104.7099757903077,326.58336094099013,8.000000000000101,20.919566764396095,-1109.298095703125,330.1670837402344,10.48868303013331,-1116.6302490234375,335.8966064453125,19.77885438814554,1.1717485189437866,True,-9.29017135801223
1151,1152,-1100.553955078125,324.3746337890625,-1096.7929707422456,317.31382669459583,8.000000000000044,14.536598517044258,-1097.5203857421875,321.5215148925781,6.957979406533064,-1105.206298828125,326.40692138671875,2.2338676743659693,1.0317662954330444,True,4.724111732167095
1152,1153,-1103.6607666015625,324.79400634765625,-1101.664492739815,332.54093416898667,7.999999999999986,21.512078426486745,-1113.31201171875,348.28656005859375,23.865843806004264,-1116.609619140625,343.5662536621094,20.65182610419612,9.848758697509766,False,3.2140177018081424
1153,1154,-1107.063232421875,325.2532958984375,-1113.7681971933023,320.8894160405679,8.00000000000007,10.882830346634384,-1116.02490234375,319.57958984375,8.197560732012441,-1116.723876953125,326.2689208984375,6.131604571350995,1.390013575553894,True,2.065956160661446
1154,1155,-1110.615234375,325.73876953125,-1102.7234435346238,324.42742009965144,7.99999999999996,7.0431654443001905,-1085.77099609375,327.4765930175781,28.1052249424846,-1084.9327392578125,319.9281921386719,29.58182487860659,14.055877685546875,False,-1.476599936121989
1155,1156,-1113.8463134765625,326.18035888671875,-1118.7796706211293,332.4781352628814,8.000000000000025,11.656503333286755,-1123.2117919921875,340.1746520996094,14.874088947161148,-1115.281494140625,344.5677185058594,18.035256439023236,2.0604944229125977,True,-3.161167491862088
1156,1157,-1117.0816650390625,326.6225280761719,-1117.698047833741,318.6463089060121,7.999999999999983,1.1301552127643246,-1119.47802734375,320.43951416015625,7.418515766822458,-1118.3203125,326.684326171875,4.044755913038812,2.1879172325134277,True,3.373759853783646
1157,1158,-1122.319091796875,327.2924499511719,-1116.4767316727505,332.7575051366243,8.00000000000003,17.77448616130578,-1109.7320556640625,342.5071105957031,22.68440469837951,-1115.95068359375,344.40643310546875,19.911172088206563,4.304415225982666,True,2.773232610172947
1158,1159,-1127.08984375,327.9026794433594,-1135.089410015432,327.81937539205285,8.000000000000004,6.078483092395222,-1154.115478515625,326.1761779785156,23.935154438887206,-1153.019775390625,320.33282470703125,24.08891075624978,12.274360656738281,False,-0.1537563173625749
1159,1160,-1130.270751953125,328.2547912597656,-1124.3158496727401,322.9125877040158,7.9999999999999645,12.109218371862696,-1110.941162109375,323.9668273925781,22.98730472185642,-1114.7225341796875,333.9318542480469,19.474684364301485,10.13442611694336,False,3.512620357554937
1160,1161,-1133.4552001953125,328.6073303222656,-1134.2375531569876,336.56898365831074,8.000000000000007,17.182476588853127,-1132.3922119140625,341.24688720703125,13.071678977490185,-1125.8822021484375,349.10162353515625,22.950236159985018,1.4644110202789307,True,-9.878557182494832
1161,1162,-1136.94482421875,328.9936218261719,-1141.7459610479118,322.5944746058255,8.00000000000004,15.78735876128268,-1148.463134765625,316.30145263671875,15.535443612919915,-1154.2421875,319.1740417480469,17.449337795240893,4.476626873016357,True,-1.9138941823209787
1162,1163,-1140.09765625,329.3922424316406,-1132.234885533886,330.86765310864513,7.999999999999949,9.408524363630216,-1142.5362548828125,335.2838439941406,5.549022576574816,-1137.6317138671875,341.91180419921875,13.457464710142066,1.2814909219741821,True,-7.90844213356725
1163,1164,-1143.5587158203125,329.829833984375,-1150.3531038342069,334.05313737350616,7.999999999999895,11.1075774462467,-1151.786865234375,340.7113952636719,11.643260372191575,-1142.3421630859375,349.0655517578125,19.337927165520416,0.40076306462287903,True,-7.694666793328841
1164,1165,-1146.71826171875,330.2292785644531,-1144.5610919007956,322.5256029237925,8.000000000000052,6.398463957202623,-1131.7200927734375,322.25982666015625,20.20464531578754,-1134.37158203125,326.4605712890625,16.2702701934588,3.000304937362671,True,3.934375122328742
1165,1166,-1150.083251953125,330.6872863769531,-1146.4701237162092,337.8248843162883,8.00000000000003,22.325880385495733,-1140.48291015625,346.0728454589844,19.780159754863128,-1137.2725830078125,351.02142333984375,25.63416587507657,1.8041281700134277,True,-5.854006120213441
1166,1167,-1153.4630126953125,331.1473083496094,-1160.9485991420822,328.3248988208665,8.000000000000075,7.4453240141324235,-1159.547607421875,312.20648193359375,19.592011390959975,-1158.931640625,297.18133544921875,34.46735945774665,10.680707931518555,False,-14.875348066786678
1167,1168,-1156.532470703125,331.5650939941406,-1149.106321980015,328.58980995017885,8.000000000000039,19.245781122296695,-1140.27880859375,328.0528259277344,19.85968785448454,-1138.351806640625,338.9221496582031,22.477268389313352,3.5592041015625,True,-2.617580534828811
1168,1169,-1159.7401123046875,332.0107116699219,-1163.2061477627224,339.2208849135856,7.999999999999972,17.562227797689655,-1159.5977783203125,345.7044677734375,13.66505861441111,-1153.3858642578125,352.6609802246094,22.352795717559257,2.6122989654541016,True,-8.687737103148146
1169,1170,-1162.9468994140625,332.4561767578125,-1165.2615547830305,324.79834609091296,7.999999999999977,8.990532386395671,-1159.0185546875,324.3385925292969,11.38372181030446,-1155.981689453125,322.3752746582031,14.890098915733866,2.3213205337524414,True,-3.506377105429406
1170,1171,-1166.4691162109375,332.9454650878906,-1159.5895710877946,337.02858385895786,8.00000000000002,10.577692448833243,-1155.7066650390625,339.5797119140625,15.31034292870413,-1147.9833984375,349.2447204589844,26.8996106240297,2.13445782661438,True,-11.58926769532557
1171,1172,-1169.7039794921875,333.3763427734375,-1177.5348490615015,335.0126440257723,8.00000000000005,7.5487800204285245,-1177.05859375,343.9683837890625,10.96099708379326,-1166.602294921875,354.0926513671875,21.253251596243473,2.6429154872894287,True,-10.292254512450214
1172,1173,-1172.9459228515625,333.8081970214844,-1168.2769889572999,327.3119630131526,8.000000000000055,19.62461548365615,-1159.58056640625,329.9539794921875,17.46192095001018,-1155.5802001953125,325.9754638671875,22.506292301484233,1.4379281997680664,True,-5.044371351474052
1173,1174,-1176.497802734375,334.28131103515625,-1175.5523862599296,342.22525134773707,7.99999999999997,15.631398945392016,-1176.701171875,347.1609802246094,12.825497814491031,-1167.5277099609375,353.6792297363281,22.56511063165906,0.7643909454345703,True,-9.739612817168029
1174,1175,-1179.730712890625,334.69842529296875,-1185.793888155045,329.47943058968275,8.000000000000037,10.310240253218428,-1187.593505859375,314.3546447753906,21.2446487939745,-1190.6656494140625,303.1872253417969,32.81170851326206,9.4901704788208,False,-11.567059719287563
1175,1176,-1183.274658203125,335.1556701660156,-1175.2784811929355,334.90837839155216,8.000000000000036,18.400609532596725,-1166.4893798828125,339.3239440917969,20.365090491222944,-1161.3480224609375,348.7086486816406,28.380955596841044,6.3189191818237305,True,-8.0158651056181
1176,1177,-1186.5059814453125,335.5726013183594,-1192.2350703227307,341.1562865382336,7.999999999999941,19.870094995823266,-1198.5355224609375,345.1286926269531,12.53211587024531,-1207.26220703125,352.2529296875,23.748548567510653,0.7101888060569763,True,-11.216432697265343
1177,1178,-1189.923583984375,336.0243835449219,-1189.4708573186585,328.037203907143,8.000000000000004,15.115830847637048,-1182.1678466796875,317.0963439941406,22.361557741424807,-1177.099853515625,302.97528076171875,37.22251574146448,10.653306007385254,False,-14.86095800003967
1178,1179,-1193.3272705078125,336.4743347167969,-1188.265834737545,342.6696448739607,8.000000000000037,16.475091144095472,-1196.0819091796875,351.8802795410156,14.998451363601788,-1205.796630859375,351.047607421875,16.971783385861865,2.5389533042907715,True,-1.9733320222600774
1179,1180,-1196.4427490234375,336.88616943359375,-1204.3597661199292,335.7368912715024,8.000000000000115,14.748367369868285,-1215.454345703125,343.55548095703125,15.111533836832217,-1221.726806640625,346.5664978027344,22.065730229424677,3.0781354904174805,True,-6.9541963925924595
1180,1181,-1201.5894775390625,337.545166015625,-1194.9753892809963,333.0447397564236,7.999999999999915,6.530762634919005,-1189.338623046875,331.79681396484375,18.079403321662433,-1201.043701171875,332.5486755371094,7.654641904352522,3.205396890640259,True,10.424761417309911
1181,1182,-1206.2672119140625,338.1440734863281,-1208.1042404942937,345.93030017166257,8.000000000000016,16.115708237745437,-1219.2960205078125,350.2462463378906,15.266350680374766,-1224.152099609375,348.1960754394531,17.562917565264883,1.9078342914581299,True,-2.296566884890117
1182,1183,-1209.4635009765625,338.56793212890625,-1213.3684538282232,331.5857159172506,8.000000000000021,17.335519367004423,-1222.3514404296875,324.8349304199219,17.014356525266116,-1234.6109619140625,314.7637023925781,32.51254964259683,3.5349154472351074,True,-15.498193117330715
1183,1184,-1212.97705078125,339.0338439941406,-1205.3812407946634,341.5445551777838,7.999999999999958,9.969195275429508,-1192.1138916015625,344.4835205078125,24.57878167238539,-1205.8585205078125,350.1427917480469,14.851529604251045,7.662708759307861,False,9.727252068134344
1184,1185,-1216.17333984375,339.4576416015625,-1223.4702147679004,342.73721723589483,8.00000000000009,14.046078079073158,-1237.5911865234375,342.6221008300781,18.293957631633344,-1238.66650390625,340.7667541503906,19.182765896831572,7.987037181854248,False,-0.8888082651982288
1185,1186,-1219.50439453125,339.87677001953125,-1216.3392275652395,332.5295448237668,7.999999999999996,14.661858061814993,-1216.123046875,326.9560852050781,14.935774667140636,-1230.507568359375,317.87347412109375,23.697740020207117,4.722697734832764,True,-8.761965353066481
1186,1187,-1222.8397216796875,340.29638671875,-1220.2106379848526,347.8520414835969,8.000000000000027,8.44041275416411,-1213.805419921875,350.91571044921875,16.02987383223263,-1223.584716796875,353.5005187988281,13.043963652314646,1.3524800539016724,True,2.985910179917985
1187,1188,-1226.1712646484375,340.715576171875,-1233.213640603317,336.92019201343487,8.000000000000105,9.538112297814537,-1237.8619384765625,331.2833251953125,12.83062692633673,-1241.462646484375,320.2397766113281,24.021666981516876,2.3760783672332764,True,-11.191040055180146
1188,1189,-1229.704833984375,341.18719482421875,-1221.9482599654998,339.22873637694227,7.999999999999898,1.9225398373305307,-1218.7509765625,341.2916259765625,14.20388071223536,-1226.06201171875,342.27178955078125,6.919757615233227,1.436046838760376,True,7.284123097002134
1189,1190,-1232.9510498046875,341.6204833984375,-1237.3475864138672,348.30408017294013,7.999999999999984,11.166176286563788,-1242.1802978515625,353.0517578125,12.530636311603544,-1254.170166015625,353.29449462890625,21.21483148946041,1.7987014055252075,True,-8.684195177856864
1190,1191,-1236.1795654296875,342.0513916015625,-1237.4524009146805,334.1532975385532,8.000000000000009,11.472298948786786,-1234.344970703125,315.3818664550781,27.6328933963941,-1242.425048828125,305.7520446777344,36.854409541542275,16.46169090270996,False,-9.221516145148176
1191,1192,-1239.64599609375,342.50152587890625,-1233.3723609374752,347.46554662080007,7.9999999999999885,13.838484689160087,-1233.291259765625,365.59368896484375,24.595065661245997,-1224.9908447265625,370.8361511230469,33.12061538788371,7.155562400817871,True,-8.525549726637713
1192,1193,-1242.7999267578125,342.9110412597656,-1250.7790579061298,343.4885065123594,7.999999999999997,14.469011354383873,-1244.4493408203125,343.9908447265625,1.6462327984423144,-1255.05029296875,352.7059326171875,13.070978566109629,1.9633885622024536,True,-11.424745767667314
1193,1194,-1245.952880859375,343.3204345703125,-1240.4593900499008,337.5048040175501,8.000000000000078,4.462675244248965,-1232.8753662109375,331.76495361328125,20.306246826427582,-1236.45068359375,320.357421875,26.684208185961904,4.352848529815674,True,-6.377961359534321
1194,1195,-1249.2528076171875,343.77008056640625,-1249.3751347787013,351.7691452658293,8.000000000000007,11.547787701871727,-1255.2833251953125,356.698486328125,12.777257667264356,-1252.3819580078125,361.29937744140625,17.081696081111826,1.7818466424942017,True,-4.304438413847469
1195,1196,-1252.54345703125,344.21844482421875,-1257.8565473570363,338.2375526508022,8.0,5.883083652061201,-1250.1256103515625,333.2298889160156,12.784921729668266,-1254.2568359375,326.82659912109375,17.910793776901826,4.127894401550293,True,-5.12587204723356
1196,1197,-1255.8385009765625,344.66741943359375,-1247.880758909741,345.48860223780986,8.000000000000085,6.775611909016748,-1239.478515625,346.9168395996094,19.87222447748648,-1248.7281494140625,347.3408203125,10.771394216734267,3.4392640590667725,True,9.100830260752213
1197,1198,-1259.270263671875,345.1302185058594,-1265.6927560257861,349.90008139319184,7.999999999999915,7.779510339065614,-1259.48779296875,354.3021545410156,9.221465160496741,-1254.1029052734375,355.7835693359375,13.171900112869436,1.845642328262329,True,-3.950434952372694
1198,1199,-1262.3984375,345.5520935058594,-1260.8846876038813,337.6966138100037,7.9999999999999885,9.178169108678691,-1250.3052978515625,341.7275085449219,16.102128222067286,-1252.3822021484375,343.4611511230469,13.684390749141519,0.8434445858001709,True,2.417737472925767
1199,1200,-1265.8262939453125,346.0143737792969,-1261.636185716586,352.82928339216465,7.9999999999999805,14.554050169284675,-1253.2232666015625,360.1604309082031,21.091361775327343,-1250.41552734375,365.9602355957031,27.11677276666266,4.1142425537109375,True,-6.025410991335317
1200,1201,-1269.2608642578125,346.46221923828125,-1276.9539249612171,344.267494423246,8.000000000000005,8.499409340398401,-1278.6849365234375,343.8121643066406,6.974260753658619,-1273.220458984375,338.325927734375,8.585552531706997,2.758664608001709,True,-1.6112917780483773
1201,1202,-1272.418701171875,346.87396240234375,-1265.263562320886,343.29569633858245,7.999999999999905,13.204207961259867,-1250.0733642578125,332.0875549316406,29.671932573260115,-1250.4931640625,337.0572204589844,27.071444272524253,12.22092342376709,False,2.6004883007358615
1202,1203,-1275.558837890625,347.2834167480469,-1278.4177306013173,354.755145628885,7.999999999999989,3.112739070799703,-1278.3360595703125,360.92987060546875,13.158670946382966,-1272.41357421875,353.975830078125,9.593606435217243,2.375199794769287,True,3.5650645111657226
1203,1204,-1279.799072265625,347.852783203125,-1282.738094095355,340.4122085825483,7.999999999999998,12.068388249157,-1288.2384033203125,331.80682373046875,17.140584288403577,-1285.833251953125,333.0906982421875,15.435678213000713,7.7053375244140625,False,1.7049060754028638
1204,1205,-1284.0147705078125,348.41888427734375,-1276.8215913386484,351.92005171697093,8.000000000000089,12.85289497497171,-1269.4610595703125,359.0881652832031,19.55902588635278,-1272.1175537109375,352.498779296875,14.418538847644674,2.3982954025268555,True,5.140487038708107
1205,1206,-1286.021484375,348.6810607910156,-1293.6905154528354,350.9583315977478,7.999999999999964,7.875395993428671,-1303.763916015625,352.9743957519531,16.240799671669567,-1307.6773681640625,350.55194091796875,19.711836844636277,5.784519672393799,True,-3.47103717296671
1206,1207,-1288.03125,348.94366455078125,-1283.9146194855414,342.0841198714728,8.000000000000037,16.693424354159855,-1275.5986328125,344.3155822753906,15.43904506646582,-1273.2467041015625,338.78448486328125,19.942741179362404,1.6668263673782349,True,-4.503696112896584
1207,1208,-1290.234130859375,349.23150634765625,-1288.6360502293583,357.0702650695436,7.99999999999999,4.7217007566532265,-1288.3765869140625,350.4580383300781,3.142524956021655,-1286.65576171875,341.314453125,9.567542090067946,2.3493969440460205,True,-6.425017134046291
1208,1209,-1291.4052734375,349.619873046875,-1297.878653794427,344.91930427761395,8.000000000000052,10.072589637942102,-1297.594970703125,336.4864807128906,14.423096418707614,-1292.51513671875,337.493896484375,12.513781408823673,4.609127998352051,True,1.9093150098839402
1209,1210,-1292.5743408203125,350.0075378417969,-1284.6258830280065,349.10088535934955,7.999999999999911,18.65696461944675,-1274.1583251953125,348.48773193359375,19.797170383197138,-1271.412109375,340.8254699707031,24.41740505103037,4.937640190124512,True,-4.620234667833234
1210,1211,-1293.859619140625,350.4337463378906,-1299.1081295932295,356.4713897547299,8.000000000000068,0.8970492729478816,-1303.320068359375,354.7760009765625,9.73270535520313,-1305.46826171875,351.5809326171875,11.277712898337006,1.229143738746643,True,-1.5450075431338757
1211,1212,-1294.1920166015625,351.39898681640625,-1294.4002978658302,343.40169859383013,7.999999999999977,8.08552777045833,-1281.3712158203125,345.96270751953125,14.701095026444317,-1273.701904296875,340.5519104003906,24.01684737065172,2.3485302925109863,True,-9.315752344207404
1212,1213,-1294.5579833984375,352.4612731933594,-1289.0023127015174,358.21753266522,8.00000000000009,11.069040359468088,-1287.5238037109375,379.3092346191406,26.83191307166522,-1287.0313720703125,376.9444885253906,24.720218112467702,11.132766723632812,False,2.111694959197518
1213,1214,-1294.921630859375,353.5173034667969,-1302.9065069326282,353.0256185119859,7.999999999999922,6.041212069773475,-1309.7835693359375,347.63653564453125,16.78795754307746,-1304.9019775390625,342.9387512207031,15.869836008681753,3.5841848850250244,True,0.9181215343957074
1214,1215,-1294.774169921875,355.15673828125,-1288.5542423953366,350.1255851763833,7.999999999999999,10.428741115680364,-1277.041748046875,344.5155944824219,21.52677792610813,-1271.746337890625,338.8148498535156,29.186064433428946,6.035181999206543,True,-7.6592865073208145
1215,1216,-1294.6126708984375,356.9520263671875,-1295.8005567891284,364.8633427627501,8.000000000000023,4.6958665822343315,-1292.8736572265625,369.9799499511719,11.352005876551347,-1290.97607421875,360.73828125,4.010207095814111,1.3709148168563843,True,7.3417987807372365
1216,1217,-1294.451904296875,358.7381896972656,-1298.9200116504057,352.10222581269505,8.000000000000027,13.856811224519008,-1287.9930419921875,340.3446960449219,21.642412130467847,-1286.927734375,342.6514892578125,19.812908661423812,10.789643287658691,False,1.8295034690440346
1217,1218,-1294.2373046875,361.0667419433594,-1286.4601321839962,362.9417320368649,7.999999999999996,20.747742523360596,-1274.2332763671875,366.26629638671875,19.99780566168026,-1270.41455078125,369.39581298828125,24.36050736483957,5.3141703605651855,True,-4.36270170315931
1218,1219,-1294.023193359375,363.3902893066406,-1301.0243759329046,367.26113450789893,7.999999999999941,11.193841522115276,-1304.431396484375,367.0562438964844,10.701627369027332,-1304.058349609375,369.1363525390625,10.755996398440894,1.3912255764007568,True,-0.054369029413562586
1219,1220,-1293.7880859375,365.9405517578125,-1291.2403501620736,358.35708009777363,8.000000000000018,14.150278645158581,-1284.99560546875,349.74005126953125,21.14126453406785,-1280.8450927734375,345.8565979003906,26.462593637245384,9.27929973602295,False,-5.321329103177533
1220,1221,-1293.5167236328125,369.0880126953125,-1290.272783200015,376.40079947385743,7.999999999999978,13.31747909713757,-1277.87158203125,399.07769775390625,31.189230516127097,-1269.8809814453125,396.2841796875,33.748490762644806,11.646679878234863,False,-2.5592602465177094
1221,1222,-1293.26953125,371.9544372558594,-1300.6012284603958,368.75346615085493,7.999999999999895,14.97703385820839,-1307.77587890625,365.67987060546875,17.357504176565723,-1314.730224609375,357.51373291015625,27.764687009844113,5.262936115264893,True,-10.40718283327839
1222,1223,-1293.022216796875,374.8238525390625,-1285.4538265367933,372.2316587054341,8.000000000000083,20.17043228515735,-1271.25732421875,369.65447998046875,23.501041240452547,-1270.7823486328125,360.30242919921875,29.217072438098224,8.432693481445312,False,-5.716031197645677
1223,1224,-1292.35595703125,380.0056457519531,-1296.1856506907247,387.0294229746859,8.000000000000023,7.405801750704194,-1289.8055419921875,393.92047119140625,9.369947360618319,-1284.428955078125,390.8849792480469,9.546074872935215,2.054213523864746,True,-0.17612751231689572
1224,1225,-1291.74560546875,384.7535705566406,-1293.6662018946906,376.98753492907207,8.000000000000004,19.56775501012132,-1281.843505859375,360.3998718261719,29.224323218292103,-1277.7957763671875,350.7279052734375,39.69157801068075,18.867189407348633,False,-10.467254792388648
1225,1226,-1291.2833251953125,388.0576171875,-1284.6212554721637,392.48670592040025,7.999999999999962,17.002089211205785,-1275.1220703125,385.75860595703125,16.668946311151018,-1268.8917236328125,382.67279052734375,23.588011847615142,2.7701306343078613,True,-6.9190655364641245
1226,1227,-1290.821044921875,391.36181640625,-1298.72525425081,392.59610765404256,7.999999999999964,1.3645052033605956,-1304.8197021484375,399.9076843261719,15.320377163577914,-1307.513916015625,398.7962646484375,17.617913742305397,3.5867507457733154,True,-2.297536578727483
1227,1228,-1290.31591796875,394.9726867675781,-1285.3213517619529,388.72334212946447,7.999999999999977,19.27242786183792,-1270.9849853515625,386.529296875,22.25158609290383,-1268.3228759765625,389.427978515625,23.317876207884126,6.04429817199707,True,-1.0662901149802977
1228,1229,-1289.9229736328125,398.2120056152344,-1289.3844396646655,406.1938588565031,7.999999999999998,4.296565700582946,-1290.9351806640625,401.3999328613281,1.4835551209289557,-1284.97119140625,395.97088623046875,7.3387436471212135,1.239958643913269,True,-5.855188526192258
1229,1230,-1289.49365234375,401.75054931640625,-1295.2824149263465,396.2287536155196,7.9999999999999725,6.853827108296182,-1290.2669677734375,392.1001281738281,12.943954925656719,-1284.1109619140625,391.19793701171875,14.668218932608728,2.441943407058716,True,-1.7242640069520085
1230,1231,-1289.1005859375,404.9914245605469,-1281.102213163665,405.15277192115906,8.000000000000039,21.129775563491627,-1268.7662353515625,391.53582763671875,26.19196160543395,-1268.393310546875,390.96295166015625,26.84795018266512,7.667482376098633,False,-0.6559885772311702
1231,1232,-1288.712890625,408.51080322265625,-1294.7196303597932,413.7946538789918,8.000000000000083,9.951619140308761,-1297.8328857421875,407.8570861816406,10.226624900681768,-1290.5921630859375,400.6141052246094,11.319124025849781,0.4430646300315857,True,-1.092499125168013
1232,1233,-1288.3602294921875,411.71099853515625,-1287.5002363877168,403.7573571137529,8.000000000000016,16.145268138948275,-1277.9473876953125,408.27288818359375,12.052528744040531,-1269.8857421875,396.39288330078125,25.909326098667762,2.0285139083862305,True,-13.856797354627231
1233,1234,-1288.0078125,414.9100036621094,-1283.2693370664044,421.35568830884864,7.999999999999938,12.31332865401635,-1294.609130859375,439.9607849121094,22.972020761866055,-1293.38427734375,428.9485778808594,12.300409739976857,8.361191749572754,False,10.671611021889198
1234,1235,-1287.64208984375,418.07073974609375,-1295.490091576765,416.51868665467146,8.000000000000048,5.470641623726377,-1293.23388671875,423.51849365234375,6.311303650920182,-1293.443359375,421.13818359375,6.215782314343214,1.2354741096496582,True,0.09552133657696871
1235,1236,-1287.2406005859375,421.54034423828125,-1280.4053315534732,417.3835308850221,7.999999999999981,25.082998878833116,-1261.1873779296875,410.1580810546875,29.520528662465146,-1269.548583984375,398.0624084472656,31.781542589488026,12.986406326293945,False,-2.26101392702288
1236,1237,-1286.874267578125,424.70611572265625,-1289.1064951607734,432.38837841142595,7.999999999999964,6.029026831219629,-1291.2449951171875,422.6785583496094,6.848577601225076,-1293.6646728515625,425.5243225097656,7.433516032967306,2.281231641769409,True,-0.5849384317422306
1237,1238,-1286.5443115234375,427.6591796875,-1290.0876302594359,420.48667020091705,7.9999999999999645,6.932654718828633,-1294.932373046875,429.16888427734375,8.918536851318454,-1296.5997314453125,425.3587646484375,11.79722415963141,2.2440147399902344,True,-2.8786873083129567
1238,1239,-1286.1826171875,430.895751953125,-1278.7249236827774,433.7910598106109,8.000000000000028,5.1769453230452,-1274.15087890625,442.6239929199219,14.628839192185817,-1272.575439453125,443.3779602050781,16.345119140464476,2.9986627101898193,True,-1.7162799482786593
1239,1240,-1285.85302734375,433.845458984375,-1293.3078507930102,436.74814865782656,8.000000000000107,13.682976389447193,-1301.5316162109375,435.3893737792969,15.937950891335369,-1312.6541748046875,424.3005676269531,29.572837729214392,7.502384662628174,False,-13.634886837879023
1240,1241,-1285.618896484375,436.28582763671875,-1282.0826803829918,429.1098137233879,7.9999999999999645,3.6485398587565436,-1281.1939697265625,433.50146484375,6.696219911992947,-1273.623779296875,439.64251708984375,11.797045123258325,2.6037380695343018,True,-5.100825211265378
1241,1242,-1285.385009765625,438.7239685058594,-1283.1451777150037,446.4040174891023,8.000000000000048,15.496069992985747,-1284.4683837890625,453.562255859375,12.176079172742986,-1280.75048828125,460.1239318847656,19.22487629792144,1.690963864326477,True,-7.048797125178455
1242,1243,-1285.1279296875,441.404052734375,-1291.967310681384,437.2540084429852,8.000000000000014,11.856251571088155,-1311.551025390625,437.8998718261719,27.210657300271052,-1317.6029052734375,443.1508483886719,32.77862131035126,17.864152908325195,False,-5.56796401008021
1243,1244,-1284.8245849609375,443.0103759765625,-1276.9781236311378,441.45055399955453,7.9999999999999405,15.475074036505886,-1269.504638671875,445.61932373046875,15.050015499595727,-1262.346435546875,448.63067626953125,22.535117591193927,1.2143840789794922,True,-7.4851020915982005
1244,1245,-1284.521240234375,444.61700439453125,-1289.2533320157697,451.0673770482976,8.000000000000018,13.072641422885063,-1278.0738525390625,456.18634033203125,11.556415990569423,-1271.2061767578125,458.4217834472656,17.70707866225595,1.1511626243591309,True,-6.150662671686526
1245,1246,-1284.1883544921875,446.3800354003906,-1285.056221406366,438.427249283609,8.000000000000007,8.238422484439823,-1271.373291015625,438.6015319824219,14.757713530210122,-1261.8515625,443.18359375,21.96168424484891,1.664040446281433,True,-7.203970714638789
1246,1247,-1283.4691162109375,447.0561828613281,-1277.4571483238847,452.334084160618,8.0,14.850403050149232,-1273.8875732421875,463.59332275390625,18.07768499552738,-1264.795654296875,472.88641357421875,30.81046289254182,2.5156729221343994,True,-12.73277789701444
1247,1248,-1282.6800537109375,447.79791259765625,-1290.678262828597,447.96717839510694,7.999999999999985,7.6292380716989285,-1284.8575439453125,457.6364440917969,9.610182998044511,-1284.0264892578125,464.0606689453125,15.723943462990785,2.3198964595794678,True,-6.1137604649462745
1248,1249,-1281.9620361328125,448.47283935546875,-1276.1787430524164,442.9453153938524,8.000000000000016,18.445750489648415,-1266.9395751953125,438.9917907714844,16.595416704175207,-1261.623779296875,439.5546875,20.924188300489174,2.352210283279419,True,-4.328771596313967
1249,1250,-1280.5360107421875,448.5072937011719,-1281.0666422851075,456.48967618797735,8.000000000000027,9.913352673404658,-1273.8074951171875,455.2028503417969,8.597507478606692,-1265.883056640625,449.95574951171875,13.431291202616876,1.6388022899627686,True,-4.833783724010184
1250,1251,-1279.2393798828125,448.53863525390625,-1284.240130592257,442.294238378147,8.000000000000075,2.6595850177503184,-1270.7418212890625,441.73345947265625,9.839757219339576,-1263.5872802734375,448.9781799316406,14.234282718886929,1.8532272577285767,True,-4.394525499547353
1251,1252,-1277.8157958984375,448.5730285644531,-1269.9103684751728,449.7994939147564,7.99999999999996,14.041289797785884,-1249.222900390625,452.889892578125,25.841835464958034,-1259.0665283203125,455.228271484375,17.049432529256446,10.169418334960938,False,8.792402935701588
1252,1253,-1274.6600341796875,448.3343811035156,-1281.3177157698876,452.77006322056474,7.999999999999936,13.576421390218133,-1288.21533203125,463.4603576660156,22.484257048933053,-1288.69482421875,467.36566162109375,25.624755731460034,7.328804969787598,True,-3.1404986825269816
1253,1254,-1271.7802734375,448.1166076660156,-1269.8673664512276,440.3486744233912,7.999999999999997,8.57774418197713,-1255.3106689453125,443.4814147949219,14.343554415731582,-1259.59814453125,451.18072509765625,9.97658241960035,2.2911713123321533,True,4.366971996131232
1254,1255,-1268.9866943359375,447.80621337890625,-1265.1500489024093,454.8261957020597,7.9999999999999964,11.38598488083513,-1266.1485595703125,467.9532165527344,20.433858790458114,-1263.212158203125,465.2411804199219,18.00826451736038,7.496873378753662,True,2.425594273097733
1255,1256,-1266.42138671875,447.52117919921875,-1273.9923395828328,444.9364794623366,8.000000000000098,3.419020834717646,-1268.9818115234375,450.1688537597656,5.89663548519153,-1264.5367431640625,453.42022705078125,6.219362574088033,2.115588665008545,True,-0.32272708889650303
1256,1257,-1263.8656005859375,447.2371826171875,-1256.5370759807208,444.02895458434233,7.999999999999985,5.1031107007380845,-1245.5467529296875,449.1075134277344,15.234851279302447,-1256.39404296875,449.90362548828125,5.250812071766671,1.6517993211746216,True,9.984039207535776
1257,1258,-1260.599609375,446.75970458984375,-1263.8363084431533,454.07569933712284,7.999999999999964,5.197402212949319,-1270.0426025390625,458.4748229980469,17.374620023953273,-1265.001220703125,458.0683288574219,13.869228091472454,2.548161268234253,True,3.505391932480819
1258,1259,-1257.6229248046875,446.3245544433594,-1260.1781670887815,438.7436087985484,8.000000000000028,4.936526622450468,-1265.939208984375,442.3614501953125,12.104005256759555,-1261.27099609375,449.0838928222656,7.643310630279998,1.0591434240341187,True,4.460694626479557
1259,1260,-1254.3475341796875,445.845703125,-1247.342522839053,449.7096151474949,8.000000000000007,8.420256524635244,-1246.1943359375,454.1380920410156,9.965631040086901,-1255.351318359375,453.62786865234375,9.417093025829875,0.43504729866981506,True,0.5485380142570264
1260,1261,-1250.87744140625,445.34136962890625,-1258.6527538284954,447.2240583276764,8.000000000000036,11.535531528181798,-1273.186279296875,451.1741943359375,26.238159414397963,-1265.406005859375,455.235595703125,20.49921461019111,16.9549560546875,False,5.738944804206852
1261,1262,-1247.7138671875,444.8815612792969,-1243.2523317331356,438.2411771496362,7.999999999999975,6.360523359197487,-1235.8651123046875,442.78887939453125,8.52123274640394,-1246.183837890625,450.32037353515625,6.254733730805708,1.6933273077011108,True,2.2664990155982325
1262,1263,-1244.2371826171875,444.37628173828125,-1243.0414649799247,452.28641823090504,7.999999999999991,15.895072728598487,-1252.8968505859375,455.6632080078125,16.722227463112503,-1260.2325439453125,459.3906555175781,24.69098830929258,4.915634632110596,True,-7.9687608461800785
1263,1264,-1240.97802734375,443.9339904785156,-1247.2029327434882,438.9089976661515,8.000000000000055,16.29791497954719,-1255.3948974609375,441.2055358886719,18.13030346077552,-1258.5906982421875,448.58099365234375,21.799466504180383,8.508225440979004,False,-3.6691630434048648
1264,1265,-1237.4039306640625,443.448974609375,-1229.419545279828,442.9493847415603,7.999999999999965,11.15883337862908,-1231.43115234375,449.69622802734375,7.219564715007976,-1244.19287109375,456.00872802734375,16.430423403135194,2.9852805137634277,True,-9.210858688127217
1265,1266,-1234.147216796875,443.0070495605469,-1239.6971859829728,448.7688064135706,8.000000000000027,21.938355724159845,-1242.4576416015625,462.84857177734375,23.263389214996398,-1252.8564453125,468.4013671875,33.82151260437857,7.224324703216553,True,-10.558123389382171
1266,1267,-1230.9583740234375,442.6260070800781,-1230.7580103034277,434.6285165749444,8.000000000000016,9.97078544889085,-1238.0928955078125,433.6356201171875,13.656956133144348,-1243.8682861328125,442.1316223144531,16.406795022744372,2.0222055912017822,True,-2.7498388896000243
1267,1268,-1227.461669921875,442.2082214355469,-1222.2071846786398,448.2406657849481,7.9999999999999325,14.619196817937324,-1232.5535888671875,455.5083923339844,15.992753063710843,-1242.9315185546875,456.9812927246094,24.03827423488427,2.672764301300049,True,-8.045521171173426
1268,1269,-1224.271728515625,441.8270568847656,-1232.2210800130017,440.9282739459236,7.999999999999929,20.458663376449948,-1248.7838134765625,451.2650451660156,29.37663589892694,-1250.799072265625,455.2322692871094,32.74767647166203,19.961637496948242,False,-3.371040572735094
1269,1270,-1221.1033935546875,441.42730712890625,-1214.6346700077809,436.7203319140048,8.000000000000043,4.789775465887792,-1210.43212890625,430.6864929199219,12.571407127648282,-1221.8916015625,431.2507019042969,10.628570753269873,0.8073709607124329,True,1.942836374378409
1270,1271,-1217.6351318359375,440.98974609375,-1219.2254511873234,448.8300830993007,7.999999999999995,16.842805478980168,-1226.0760498046875,451.45184326171875,15.889095306645135,-1238.871337890625,456.1473388671875,28.9313122571126,2.9250478744506836,True,-13.042216950467466
1271,1272,-1214.47802734375,440.5914001464844,-1218.6014468988212,433.73593435830804,7.999999999999993,12.586954376614298,-1223.57373046875,426.7576904296875,19.247308964304352,-1226.5634765625,412.556396484375,32.23522047853003,5.481466293334961,True,-12.98791151422568
1272,1273,-1209.53955078125,439.9296569824219,-1201.8682689275258,442.19933421073495,8.000000000000037,9.782789278520722,-1185.433837890625,445.9882507324219,20.303325544858833,-1192.4051513671875,436.70172119140625,12.454134555115779,6.195319175720215,True,7.849190989743054
1273,1274,-1204.59228515625,439.2667236328125,-1211.781994588985,442.77501071810656,8.000000000000046,24.147399534653488,-1227.5108642578125,446.57757568359375,27.447343405299364,-1237.64794921875,450.6604919433594,38.33911506721414,16.260822296142578,False,-10.891771661914774
1274,1275,-1201.1785888671875,438.83367919921875,-1198.2469347646618,431.39019854678577,8.000000000000002,6.373259371313808,-1186.961669921875,416.02203369140625,25.019578048954866,-1187.7288818359375,405.00634765625,34.9964876889513,12.61756420135498,False,-9.976909639996432
1275,1276,-1198.07177734375,438.4395446777344,-1195.2054889040012,445.9084395478047,8.000000000000009,3.0583202623756094,-1190.3232421875,446.3385009765625,9.398447860401307,-1197.308837890625,435.38714599609375,3.715469556838303,2.2761969566345215,True,5.6829783035630035
1276,1277,-1194.676025390625,438.0087890625,-1201.8347032752836,434.43760845327563,7.999999999999993,13.131553072679642,-1199.99755859375,421.4156188964844,18.253797609988382,-1201.4630126953125,410.42138671875,28.928692141662232,7.385373592376709,True,-10.67489453167385
1277,1278,-1191.5596923828125,437.6021423339844,-1183.8688082618917,435.39980234239175,8.00000000000002,12.393808069096997,-1195.189697265625,438.6105651855469,7.168362626485091,-1201.6424560546875,426.67059326171875,17.07451330791367,2.0565102100372314,True,-9.906150681428578
1278,1279,-1188.169677734375,437.1597900390625,-1192.353037041064,443.97884458578227,8.000000000000064,10.331581127010285,-1181.3494873046875,441.3249206542969,5.744370482825556,-1192.675048828125,430.6004638671875,9.987368123518944,1.5394434928894043,True,-4.242997640693388
1279,1280,-1184.7801513671875,436.7174987792969,-1186.3016775709648,428.8635215695503,7.999999999999969,19.648229532131854,-1185.3203125,413.0389099121094,23.561141096415348,-1184.51171875,401.99957275390625,34.428023031493204,15.472936630249023,False,-10.866881935077856
1280,1281,-1181.596923828125,436.3039855957031,-1175.169712381744,441.0674877761905,7.99999999999999,3.1053189033067703,-1177.5087890625,438.34161376953125,2.561612944069919,-1187.5166015625,440.1595764160156,10.35086626500503,1.5804699659347534,True,-7.78925332093511
1281,1282,-1178.1053466796875,435.8504333496094,-1186.0622718626905,436.67949404225675,8.000000000000039,13.158113642986104,-1188.0042724609375,434.6451416015625,13.103191692557624,-1196.40478515625,435.01263427734375,21.483934184667252,4.637999057769775,True,-8.380742492109627
1282,1283,-1174.925048828125,435.43731689453125,-1169.617882284218,429.4511676084514,8.000000000000007,2.4918635824519337,-1141.757568359375,431.3624267578125,29.982502767436845,-1135.81201171875,435.73858642578125,35.716175551339255,15.619423866271973,False,-5.73367278390241
1283,1284,-1171.520263671875,434.9862976074219,-1171.390017369383,442.98523728094654,7.999999999999976,11.537551515578903,-1179.4664306640625,449.1529541015625,18.28766496379237,-1177.8564453125,455.6584777832031,23.0966350638578,1.774359107017517,True,-4.80897010006543
1284,1285,-1168.4232177734375,434.5760498046875,-1173.9224634572292,428.7658607450012,8.000000000000036,13.320749479583553,-1172.7481689453125,427.428466796875,10.233513658300643,-1176.7528076171875,412.3295593261719,24.75699225939107,1.0762429237365723,True,-14.523478601090426
1285,1286,-1165.0087890625,434.1237487792969,-1157.0290901247229,434.69331428249984,8.000000000000018,11.402673661162913,-1142.5855712890625,436.84539794921875,19.29808593825521,-1136.5731201171875,437.2516174316406,25.302875068255727,5.888876438140869,True,-6.004789130000518
1286,1287,-1161.6248779296875,433.6956481933594,-1167.8935955521988,438.6658775008679,8.000000000000032,16.882694407725925,-1191.6817626953125,447.2030944824219,36.23145940783501,-1197.26171875,443.28173828125,40.28857012606752,26.128103256225586,False,-4.057110718232508
1287,1288,-1158.2376708984375,433.2671203613281,-1156.9726552756129,425.367770041586,8.0,4.998538255480958,-1141.1768798828125,426.33831787109375,15.430660191339852,-1137.378662109375,432.1934509277344,17.788162071804372,2.32672119140625,True,-2.35750188046452
1288,1289,-1155.1536865234375,432.8769836425781,-1150.750535202034,439.55622450070126,7.999999999999977,13.165107250673712,-1142.08984375,448.31671142578125,18.114976695508133,-1141.30029296875,456.1947021484375,25.633090320594206,2.8738112449645996,True,-7.518113625086073
1289,1290,-1150.478759765625,432.26123046875,-1158.2372688881946,430.3104521125538,8.000000000000005,4.528279235008562,-1159.8648681640625,425.6878356933594,15.66759582823258,-1174.1229248046875,411.62469482421875,35.01909336768669,5.991297721862793,True,-19.351497539454115
1290,1291,-1145.3497314453125,431.5856628417969,-1138.311116432177,427.7833084794495,7.999999999999952,10.897445308519579,-1123.5614013671875,429.31915283203125,18.6751780124537,-1126.3380126953125,434.1761474609375,16.095605082011364,5.227509498596191,True,2.5795729304423354
1291,1292,-1142.1466064453125,431.1501159667969,-1144.768208633665,438.7083698634337,7.999999999999988,10.420330271319271,-1141.167236328125,444.5266418457031,13.990166893392487,-1138.262939453125,445.31134033203125,14.612678689905273,2.00335693359375,True,-0.6225117965127858
1292,1293,-1138.942626953125,430.7144775390625,-1142.1150662374744,423.3703895094215,7.999999999999959,0.11640907274574457,-1147.0059814453125,423.0277099609375,13.626704783730737,-1152.8236083984375,408.9278869628906,27.499376068315083,1.5622832775115967,True,-13.872671284584346
1293,1294,-1135.443603515625,430.23870849609375,-1128.1434853355279,433.5110585013066,8.000000000000057,8.662580976636253,-1112.0390625,436.3138122558594,21.204223149675336,-1109.650634765625,432.8363342285156,22.776446158858533,4.695784091949463,True,-1.5722230091831975
1294,1295,-1132.2279052734375,429.8307800292969,-1139.8212258936828,432.3490099548912,8.000000000000096,5.636006835163196,-1138.36474609375,432.275146484375,9.7556158014865,-1132.1566162109375,432.56707763671875,4.428954867949706,1.6560087203979492,True,5.326660933536795
1295,1296,-1129.0345458984375,429.4256896972656,-1125.136507465256,422.4396109420954,8.000000000000043,25.761351775316847,-1109.515625,404.6521301269531,29.124895387329147,-1107.842041015625,403.9437255859375,30.653307334107577,13.400307655334473,False,-1.52841194677843
1296,1297,-1125.52734375,428.9808044433594,-1123.682607582117,436.7652086254985,8.00000000000001,5.576779032269282,-1133.5562744140625,437.2317810058594,14.192830098720568,-1131.398193359375,433.8073425292969,10.484417336978225,1.6325098276138306,True,3.708412761742343
1297,1298,-1122.3232421875,428.5567932128906,-1128.9417826976062,424.0629172114767,8.000000000000039,7.48596553592462,-1128.83349609375,416.14990234375,15.424094217402748,-1121.468017578125,403.9779357910156,24.26890782481977,2.983494758605957,True,-8.844813607417022
1298,1299,-1119.12255859375,428.13323974609375,-1111.2066831807272,426.976124174726,8.000000000000068,8.890973441349157,-1108.4400634765625,420.31988525390625,10.259614889657742,-1101.6304931640625,406.2195129394531,25.596363862572023,3.248976230621338,True,-15.33674897291428
1299,1300,-1115.600830078125,427.6672058105469,-1120.6561299126356,433.86752383329355,8.000000000000009,6.345042378414393,-1116.853759765625,430.8297119140625,5.642573153033761,-1113.81591796875,425.1859130859375,2.464408677609253,2.156430959701538,True,3.1781644754245084
1300,1301,-1112.4842529296875,427.2595520019531,-1112.9448868080651,419.27282448499784,7.999999999999996,21.32968655311005,-1112.26904296875,404.77545166015625,22.268588023396447,-1109.374267578125,403.47998046875,23.3342487816619,11.066624641418457,False,-1.0656607582654516
1301,1302,-1109.0638427734375,426.8121643066406,-1103.3292287667186,432.3901749012831,7.999999999999989,8.58027103298607,-1099.924560546875,430.3566589355469,6.974483115229271,-1098.0792236328125,424.48516845703125,7.794477397107619,2.063084602355957,True,-0.8199942818783486
1302,1303,-1105.6436767578125,426.3647766113281,-1113.640094672128,426.1254013001224,8.000000000000085,9.209005446880177,-1120.998291015625,432.7192077636719,19.931683338185866,-1129.4840087890625,431.99798583984375,27.89229924548902,11.134196281433105,False,-7.960615907303154
1303,1304,-1102.26171875,425.92120361328125,-1096.2037133444705,420.6962088279656,7.999999999999978,19.640640439185436,-1088.9405517578125,403.8378601074219,23.81701884147433,-1100.20068359375,404.849365234375,20.67096918456393,9.793119430541992,False,3.1460496569103995
1304,1305,-1098.886962890625,425.4785461425781,-1099.824514274845,433.4234185394104,8.000000000000023,1.5979269845846271,-1096.09716796875,434.7257995605469,9.656922770694358,-1094.133544921875,426.09893798828125,1.9556889461076037,1.3502880334854126,True,7.701233824586755
1305,1306,-1095.798828125,425.073486328125,-1100.4741911058834,418.58187782198536,7.999999999999961,19.817187457230155,-1098.612548828125,405.7590026855469,19.831182980255104,-1101.9832763671875,401.87677001953125,24.646386274014358,9.184603691101074,False,-4.815203293759254
1306,1307,-1092.4891357421875,424.6211242675781,-1084.6566500463216,426.2496720329376,8.00000000000008,1.8685521604058941,-1080.9091796875,419.80755615234375,9.337930609869389,-1093.539306640625,419.8600158691406,6.1374235085428,1.127453088760376,True,3.200507101326589
1307,1308,-1089.1669921875,424.1670837402344,-1096.0424915868666,428.25701136909385,7.999999999999923,5.8304018586499105,-1094.973388671875,427.925537109375,10.0370249592044,-1094.4564208984375,425.6739196777344,8.814702257007834,1.6528363227844238,True,1.222322702196566
1308,1309,-1085.862060546875,423.7153625488281,-1083.5549876860625,416.05524408924134,7.999999999999976,21.75572710196506,-1087.5860595703125,398.2153625488281,25.692001328994092,-1099.7010498046875,403.02740478515625,27.35324160608172,17.03019142150879,False,-1.6612402770876287
1309,1310,-1081.0892333984375,423.0723571777344,-1077.6160614531154,430.27909545785997,7.999999999999989,16.210555120835938,-1068.407958984375,427.2877197265625,8.932657911708905,-1061.2215576171875,426.69134521484375,15.267262482866483,2.089329242706299,True,-6.334604571157579
1310,1311,-1075.864013671875,422.368408203125,-1083.293104334078,419.4004776222712,7.999999999999899,27.89613175010705,-1100.0250244140625,403.4515380859375,33.0472202975696,-1102.2637939453125,404.3022766113281,34.47928743780807,20.432674407958984,False,-1.4320671402384662
1311,1312,-1072.665283203125,421.98699951171875,-1065.1824946549855,419.1571805168302,8.000000000000009,10.545044779215843,-1052.87744140625,414.64544677734375,17.995958768895438,-1054.677734375,419.26531982421875,14.978980853439824,3.643439292907715,True,3.0169779154556142
1312,1313,-1069.47265625,421.6062927246094,-1073.0787163810749,428.74746422031455,7.999999999999985,9.43125363823087,-1066.4765625,427.9326171875,6.763338659925678,-1062.479736328125,434.781494140625,14.03355777812638,0.9543351531028748,True,-7.270219118200702
1313,1314,-1065.9681396484375,421.18841552734375,-1068.1329351703098,413.48687929432623,8.000000000000002,3.3753691069662386,-1072.238525390625,415.6568908691406,11.009897755090037,-1064.8448486328125,420.14447021484375,2.4414611085450395,1.2450358867645264,True,8.568436646544997
1314,1315,-1062.4818115234375,420.75830078125,-1055.6832457018988,424.97487554878415,7.999999999999958,14.115251099589907,-1051.1480712890625,426.9584655761719,10.488075866011348,-1052.33740234375,430.7066345214844,12.468983250997642,2.062859535217285,True,-1.9809073849862937
1315,1316,-1059.3055419921875,420.36639404296875,-1067.1668481750544,421.8495882646463,7.99999999999992,5.953616856608588,-1075.34033203125,416.8708801269531,19.45601343042734,-1074.1259765625,421.04974365234375,18.02449975853926,9.964159965515137,False,1.43151367188808
1316,1317,-1056.133544921875,419.97503662109375,-1051.338745702832,413.5711393351384,8.00000000000006,1.8960890637871508,-1036.232421875,417.0921630859375,16.744417105727848,-1034.774658203125,420.87591552734375,18.079908223367084,1.1124716997146606,True,-1.3354911176392363
1317,1318,-1052.8023681640625,419.5030517578125,-1052.0121334227083,427.46392665028236,8.000000000000009,15.863767506544905,-1044.91357421875,443.59844970703125,24.987211078452503,-1046.42626953125,437.0413818359375,18.2663180103131,10.87018871307373,False,6.720893068139404
1318,1319,-1049.485595703125,419.0330810546875,-1055.4457839314694,413.6967755646781,7.999999999999944,9.283317370637725,-1052.7491455078125,405.9107360839844,14.26554359304305,-1058.9610595703125,414.0542297363281,13.575083656509083,3.3614845275878906,True,0.6904599365339674
1319,1320,-1046.156005859375,418.561279296875,-1038.1565259865893,418.470055588908,7.9999999999999645,13.791908059737727,-1034.6854248046875,420.4863586425781,8.282953167766372,-1032.4896240234375,426.3685302734375,13.08211858010609,2.021294116973877,True,-4.799165412339718
1320,1321,-1042.6112060546875,418.08026123046875,-1048.4481528243555,423.5510977668737,8.000000000000032,12.365094777742604,-1044.44921875,424.9749450683594,8.91452749107926,-1040.3433837890625,430.9043884277344,13.29746848459678,2.8565824031829834,True,-4.38294099351752
1321,1322,-1039.3802490234375,417.641845703125,-1038.7717631143175,409.66502021309435,8.000000000000014,4.758360447908303,-1026.6470947265625,415.1712646484375,9.715467131024713,-1024.370361328125,419.35296630859375,11.971941406042927,2.473843574523926,True,-2.2564742750182134
1322,1323,-1036.147705078125,417.20318603515625,-1031.2081154527257,423.49607522317217,8.000000000000016,13.837661671410157,-1034.7203369140625,430.4752502441406,13.890399342927001,-1032.89404296875,433.06402587890625,16.32448637588467,1.5095725059509277,True,-2.4340870329576703
1323,1324,-1032.6400146484375,416.74151611328125,-1040.5330998780535,415.4379803224349,7.999999999999944,11.51060811339554,-1047.5303955078125,414.619384765625,18.16232341111457,-1052.1783447265625,419.9681396484375,23.021018418946046,8.349544525146484,False,-4.858695007831475
1324,1325,-1029.447998046875,416.3214111328125,-1022.7473568715973,411.95089539205924,7.999999999999955,7.326612530470579,-1021.1417236328125,411.42718505859375,6.791615589103117,-1021.021484375,417.7982177734375,5.563891120345224,2.1240427494049072,True,1.2277244687578923
1325,1326,-1026.2518310546875,415.9007568359375,-1028.2404343567114,423.6496572035496,7.999999999999972,14.142002439721068,-1028.8404541015625,428.40625,15.106467582465019,-1029.15869140625,432.52667236328125,18.9213354546315,2.2283453941345215,True,-3.814867872166481
1326,1327,-1021.3148193359375,415.3077697753906,-1025.0827921397029,408.25068957533017,8.000000000000043,2.2919366618120156,-1025.67578125,411.9579772949219,9.652202179704968,-1023.379638671875,417.69146728515625,7.560310417474673,2.38936448097229,True,2.0918917622302953
1327,1328,-1016.4274291992188,414.72076416015625,-1008.8820541393108,417.3792064117987,7.999999999999958,6.9704364331191835,-1008.4411010742188,424.1041564941406,10.871597602708015,-1006.1123046875,431.9259033203125,18.97346993982203,1.2519521713256836,True,-8.101872337114017
1328,1329,-1013.157958984375,414.3091125488281,-1020.5174356658188,417.44568758782935,8.000000000000007,9.476480407439858,-1015.19921875,419.3548583984375,7.615242033313991,-1010.66943359375,427.3140869140625,13.439390380297398,1.3443711996078491,True,-5.824148346983407
1329,1330,-1009.8880615234375,413.8974304199219,-1006.580138455666,406.61336253324583,8.000000000000009,8.394112370612252,-999.3336181640625,409.1391296386719,8.478214960110042,-994.0313720703125,418.5829772949219,13.575388759610659,2.56781005859375,True,-5.0971737995006166
1330,1331,-1006.6132202148438,413.485107421875,-1004.1320625759041,421.0906223137631,8.000000000000016,14.210542387768822,-1012.8395385742188,428.700439453125,18.46708419211667,-1010.29736328125,430.830078125,19.21903364151025,2.5795817375183105,True,-0.7519494493935817
1331,1332,-1003.1040649414062,413.0079650878906,-1010.0710448582985,409.0758930084877,7.999999999999981,9.855956049322117,-1003.6214599609375,410.95074462890625,4.055632843955584,-1006.3295288085938,418.0603942871094,8.44959633844809,2.2623510360717773,True,-4.393963494492507
1332,1333,-999.9043579101562,412.5728759765625,-992.1110472192706,410.7661362400957,8.00000000000001,15.525887073859373,-984.1380004882812,416.6474304199219,13.353545786712091,-981.5291748046875,421.45574951171875,17.80979042988687,2.402712821960449,True,-4.456244643174779
1333,1334,-996.7071533203125,412.1381530761719,-1001.2332629247267,418.7346924604877,7.999999999999976,14.472773708865583,-983.458984375,428.0007629394531,19.03924243688963,-983.0030517578125,429.06109619140625,20.183634901295502,3.862362861633301,True,-1.1443924644058718
1334,1335,-993.2549438476562,411.6749572753906,-994.373429816409,403.75353132183255,8.000000000000016,6.15164762948673,-992.85986328125,406.97027587890625,5.22733425038107,-986.9459228515625,414.66864013671875,4.485775353954409,1.1581295728683472,True,0.7415588964266604
1335,1336,-989.8049926757812,411.2120666503906,-983.6294095835159,416.297553202386,7.999999999999961,13.165196919483442,-990.6277465820312,417.3082275390625,7.625554944240603,-985.59912109375,421.3481140136719,10.610916457826258,1.1063042879104614,True,-2.985361513585655
1336,1337,-986.6682739257812,410.79119873046875,-994.6571535094748,411.2128656573724,8.000000000000023,7.784144602411636,-992.7897338867188,412.1610107421875,9.736022044682398,-985.7498168945312,418.4971923828125,8.545731660891416,2.242875337600708,True,1.1902903837909822
1337,1338,-983.2269897460938,410.33233642578125,-977.6210704868973,404.62500173615854,8.000000000000002,10.910500114511162,-967.4456176757812,402.809814453125,14.507733671439478,-964.070556640625,406.41522216796875,16.401655665793808,0.9359332323074341,True,-1.8939219943543293
1338,1339,-980.0945434570312,409.9146728515625,-980.3729246628403,417.909827878468,7.999999999999979,16.983716118682885,-975.1404418945312,421.9399108886719,12.575471270691914,-975.045166015625,427.1790466308594,17.79618797386992,0.8085047602653503,True,-5.220716703178006
1339,1340,-976.6498413085938,409.4553527832031,-981.8452212929791,403.3719304883227,8.000000000000021,4.734965828993473,-988.531982421875,404.9315490722656,15.819575039311614,-985.5587768554688,414.3646240234375,13.432079677338344,7.83518648147583,False,2.3874953619732704
1340,1341,-973.2445068359375,408.9999694824219,-965.3043026095748,409.9762670004216,7.999999999999986,8.861288439332002,-957.1668090820312,413.9264221191406,13.769300565478158,-965.08349609375,420.70257568359375,13.055400672709366,2.314805507659912,True,0.7138998927687918
1341,1342,-969.8408813476562,408.5448303222656,-976.3552203274825,413.18846980610977,7.999999999999974,13.629235605775527,-978.1714477539062,414.9415283203125,13.303429418970818,-974.5892944335938,421.06982421875,15.13193581407519,1.972629189491272,True,-1.8285063951043714
1342,1343,-966.7437133789062,408.1306457519531,-965.0769759553162,400.3061977611486,8.000000000000016,2.126524666865529,-965.3289794921875,404.1993713378906,3.995075185979707,-962.1976318359375,412.7881164550781,5.21671978533995,2.726992607116699,True,-1.2216445993602427
1343,1344,-963.4463500976562,407.7230529785156,-959.3900117259975,414.61842236779484,7.9999999999999885,11.664689332271005,-943.630126953125,419.7281799316406,20.661234362067297,-944.29931640625,421.6448669433594,21.36553399796712,3.4467153549194336,True,-0.7042996358998224
1344,1345,-960.1469116210938,407.315185546875,-967.795684393116,404.9707719566627,8.000000000000016,5.633589966780916,-977.2620849609375,406.7372131347656,20.42513694668484,-972.0344848632812,412.6409606933594,16.242912409475167,10.108116149902344,False,4.182224537209674
1345,1346,-956.837646484375,406.9061279296875,-949.6140508608697,403.46815377794115,8.000000000000036,11.919886681974944,-931.2998046875,409.1336669921875,22.190644871190877,-935.11865234375,412.380126953125,19.148866060430695,10.239212989807129,False,3.0417788107601815
1346,1347,-953.3284301757812,406.45703125,-956.3325666049501,413.87155512648326,7.999999999999981,13.92623556420573,-950.3973388671875,420.4310302734375,14.386484456491464,-952.596435546875,420.9858093261719,15.141705697380278,2.373324394226074,True,-0.7552212408888135
1347,1348,-950.125244140625,406.047119140625,-952.9185263473893,398.55061498779656,7.999999999999992,2.9080529793856975,-948.7291259765625,394.1520690917969,11.626423844573614,-943.0250854492188,401.80780029296875,5.462976206455882,1.060370922088623,True,6.163447638117732
1348,1349,-946.9213256835938,405.6370849609375,-939.797830520509,409.2779387978154,8.000000000000005,9.347674371986342,-939.5572509765625,414.0753479003906,9.784618549125987,-941.2169799804688,416.4831237792969,11.535691205167453,0.5610636472702026,True,-1.7510726560414653
1349,1350,-943.7275390625,405.22393798828125,-951.439544128536,407.3511375232181,8.000000000000025,12.726361283812748,-945.6132202148438,405.2702941894531,5.1020577648172365,-946.4798583984375,409.74127197265625,7.7259501443213505,2.1261584758758545,True,-2.623892379504114
1350,1351,-940.5319213867188,404.8105163574219,-936.2822315032489,398.03260105149377,8.000000000000023,1.287370183928309,-923.9947509765625,393.140625,17.19315965073438,-935.6614379882812,398.78607177734375,5.735419311136289,4.203434944152832,True,11.457740339598091
1351,1352,-937.0254516601562,404.35693359375,-935.5806247172302,412.22538166849733,8.000000000000005,7.610301671023076,-943.25439453125,417.8743896484375,17.88972475814511,-945.8643798828125,422.8236083984375,23.421783550947893,1.9839705228805542,True,-5.532058792802783
1352,1353,-932.3201293945312,403.71514892578125,-938.7005601218466,398.8891667735214,8.00000000000001,6.910887258764475,-940.08544921875,397.5943298339844,14.023399086696378,-939.4010009765625,400.7580261230469,12.45628667175755,2.778413772583008,True,1.567112414938828
1353,1354,-927.1499633789062,403.00994873046875,-919.1853282277184,402.2585587461971,8.000000000000053,7.759052368171122,-911.6539916992188,411.36468505859375,14.960013171699385,-908.9049072265625,417.5038757324219,21.065429159090765,2.2918035984039307,True,-6.10541598739138
1354,1355,-923.739990234375,402.5481872558594,-929.1053076785287,408.4822725875226,8.000000000000002,13.770713680475541,-928.7265014648438,421.4736328125,20.97419368476903,-936.4830322265625,422.288330078125,25.650004782883066,3.1269211769104004,True,-4.6758110981140355
1355,1356,-920.6265869140625,402.1265869140625,-920.678785856591,394.12675721147514,8.000000000000007,2.039358011889058,-912.657958984375,403.1416015625,4.779508724844995,-909.7188110351562,413.8397521972656,14.292884913076403,2.711078643798828,True,-9.513376188231408
1356,1357,-917.2030029296875,401.6629943847656,-911.7607057341556,407.5265599583314,7.999999999999986,18.60532426680396,-900.1212158203125,414.871826171875,19.359603668357376,-898.4595947265625,418.0897216796875,22.83095115551423,1.3602458238601685,True,-3.471347487156855
1357,1358,-913.8905639648438,401.2630310058594,-921.8643261767916,400.61563917140904,7.999999999999992,17.21236809555087,-923.7495727539062,397.73822021484375,13.54795711052486,-936.8365478515625,400.8705749511719,26.269959997149122,4.284721851348877,True,-12.722002886624262
1358,1359,-910.5665893554688,400.8616943359375,-904.2496783584261,395.95286194366315,8.000000000000032,5.792854401198749,-902.5516357421875,400.64862060546875,4.697972861935486,-895.0995483398438,407.6420593261719,14.11042924097004,1.9177672863006592,True,-9.412456379034555
1359,1360,-907.245849609375,400.4607238769531,-908.587874547047,408.3473561789352,8.000000000000014,17.558522904929937,-909.3690185546875,414.57049560546875,15.46639791967163,-909.0745239257812,418.63067626953125,19.25323001173597,1.2764387130737305,True,-3.786832092064339
1360,1361,-904.0799560546875,400.03656005859375,-908.4177322064414,393.31467802621063,8.000000000000009,4.899843729730125,-899.3970336914062,394.9269714355469,4.801607832894799,-891.8616943359375,404.78802490234375,10.187854221366054,0.5982376933097839,True,-5.386246388471255
1361,1362,-900.613037109375,399.5720520019531,-892.8739299029556,401.59843292555746,7.999999999999979,18.12140018638729,-885.9620361328125,404.4020690917969,12.625365800983031,-884.9816284179688,413.33795166015625,18.884792792616036,1.8484684228897095,True,-6.2594269916330045
1362,1363,-897.4418334960938,399.14715576171875,-904.5172109405905,402.880657337707,8.000000000000043,15.36069534875501,-913.7838745117188,408.0513000488281,21.805090936381703,-909.6546020507812,418.1618957519531,24.931893835040793,11.353344917297363,False,-3.12680289865909
1363,1364,-894.0945434570312,398.6815490722656,-891.3993244069922,391.1492324118811,8.000000000000009,2.512769142041769,-869.2777709960938,388.5542297363281,23.82939782505052,-863.9832763671875,394.64007568359375,27.29973915848213,9.524261474609375,False,-3.470341333431609
1364,1365,-891.0423583984375,398.2569580078125,-887.941722248146,405.6316482022211,8.00000000000003,15.81181733208913,-885.7664184570312,413.7480773925781,16.07317699997072,-886.7633056640625,413.77130126953125,16.008432868364878,2.614879846572876,True,0.06474413160584191
1365,1366,-887.6787109375,397.7890625,-894.9465551864781,394.4456450907321,7.9999999999999964,7.124109689923778,-896.5264282226562,398.54937744140625,12.46212149427913,-888.498779296875,407.79925537109375,11.362117315344928,3.059582233428955,True,1.100004178934201
1366,1367,-884.1258544921875,397.3123474121094,-876.5083263226451,394.86832110573965,7.999999999999974,7.357673352366303,-860.7738037109375,398.07501220703125,20.14368238414169,-866.299072265625,407.46246337890625,18.019622449630653,4.2154130935668945,True,2.1240599345110383
1367,1368,-880.8818359375,396.8771057128906,-884.8478480887329,403.824820993202,7.999999999999979,17.026270770343373,-901.113525390625,412.5841064453125,28.488165020640203,-906.5425415039062,416.52081298828125,35.19257738127788,14.000874519348145,False,-6.704412360637676
1368,1369,-877.639892578125,396.4421081542969,-879.4085928868682,388.64007641776493,7.999999999999992,3.1801016957213455,-886.4622192382812,395.3420715332031,14.077433844387919,-889.7196044921875,404.2269287109375,19.279916037552066,4.624353885650635,True,-5.202482193164148
1369,1370,-872.3914184570312,395.774169921875,-865.8170371811688,400.3324054181596,8.000000000000028,11.225121584991262,-846.0731201171875,409.7220764160156,25.972451138948692,-835.5509033203125,403.7001037597656,33.148149152756815,9.518876075744629,False,-7.175698013808123
1370,1371,-867.58056640625,395.16192626953125,-875.5073543883905,396.24175601823885,8.000000000000028,12.84955973368442,-896.5694580078125,403.3790588378906,33.53608204026671,-904.1810302734375,413.724609375,44.29084097928784,22.292837142944336,False,-10.75475893902113
1371,1372,-864.1651611328125,394.74017333984375,-859.0496088863638,388.5894721429189,7.9999999999999485,11.859460016964888,-853.23193359375,379.9483642578125,16.230206701823434,-851.1148681640625,388.9178466796875,11.065453839816465,4.411346435546875,True,5.164752862006969
1372,1373,-860.7714233398438,394.32110595703125,-860.3887333991332,402.3119474902666,8.000000000000025,11.862870262044925,-859.4962768554688,417.2345886230469,23.3691023071874,-856.5327758789062,406.94757080078125,13.059270584797707,10.72870922088623,False,10.309831722389694
1373,1374,-857.6642456054688,393.9374084472656,-863.3441651563846,388.3037139316637,7.999999999999975,2.6453450683759296,-863.3964233398438,380.68048095703125,15.740429213782148,-857.159423828125,389.2156066894531,5.172040682051946,3.282719850540161,True,10.568388531730204
1374,1375,-854.2758178710938,393.5091857910156,-846.2821159981363,393.82656626659104,7.999999999999989,13.638974859277518,-827.9482421875,395.91290283203125,23.403930698921542,-827.5822143554688,395.1998596191406,23.694129695815448,7.569356441497803,False,-0.29019899689390627
1375,1376,-851.1847534179688,393.1185302734375,-857.2934478305633,398.28417181864137,8.000000000000012,7.873350300651878,-865.552001953125,408.63525390625,23.862088899493422,-874.5052490234375,411.64373779296875,32.74817441498385,10.551989555358887,False,-8.886085515490429
1376,1377,-847.7990112304688,392.6906433105469,-846.7839908123499,384.75529621348795,7.99999999999998,5.8874064128802885,-838.9462280273438,380.0981140136719,13.412516461237399,-831.502197265625,388.0950622558594,13.752404402214609,2.0844573974609375,True,-0.33988794097721
1377,1378,-844.6099853515625,392.2561340332031,-839.9981798728377,398.7930484602401,8.000000000000002,14.507709558561585,-828.6327514648438,401.2460632324219,15.878387484721662,-828.8377685546875,398.24053955078125,14.117352015777481,2.7292325496673584,True,1.761035468944181
1378,1379,-841.4107055664062,391.8201904296875,-849.2269296480506,390.11530301243,8.000000000000002,2.9878775755611886,-846.3053588867188,383.9684143066406,11.172303865277332,-841.8284912109375,390.7868957519531,3.9545507197123286,1.6517189741134644,True,7.217753145565004
1379,1380,-837.913330078125,391.3436584472656,-830.9982547930681,387.3210058644547,8.000000000000002,11.752548834442736,-815.2857055664062,385.2867736816406,20.101543645024307,-820.9591064453125,389.6405029296875,13.688474069897058,4.934454917907715,True,6.413069575127249
1380,1381,-834.5903930664062,390.89044189453125,-836.972091594301,398.5276869555611,8.000000000000032,9.29774273165721,-836.2313842773438,402.36279296875,12.91411825333599,-830.9959716796875,401.1698303222656,10.735318905936781,1.587336540222168,True,2.1787993473992096
1381,1382,-831.27392578125,390.4381103515625,-834.6766203234379,383.19782928985194,7.999999999999985,1.9290184743969672,-823.8999633789062,378.078125,12.579348105032894,-823.69384765625,384.3955993652344,7.029592252918272,4.871636390686035,True,5.549755852114622
1382,1383,-827.9561767578125,389.9855651855469,-820.5563961158851,393.02583597140756,8.000000000000043,6.3645736326374855,-804.6117553710938,389.19561767578125,19.854768797094167,-813.3443603515625,391.9374084472656,11.372643267274674,4.265227317810059,True,8.482125529819493
1383,1384,-824.46337890625,389.54901123046875,-831.9734202639894,392.30569017533054,8.000000000000032,3.785132654237573,-834.0791015625,392.5120849609375,13.242032594393656,-829.9244384765625,392.73150634765625,9.365335824713295,3.8411011695861816,True,3.876696769680361
1384,1385,-821.27099609375,389.14996337890625,-817.5954351951211,382.0443140714558,8.000000000000034,1.4862231770181227,-813.7078247070312,384.0660705566406,6.400899986207935,-821.8299560546875,390.1937255859375,4.027165588411949,2.5815768241882324,True,2.373734397795986
1385,1386,-818.0704956054688,388.74993896484375,-815.9809426799903,396.4722293356874,8.000000000000012,7.255464411391563,-820.7337646484375,404.9254150390625,18.42090638664647,-826.6022338867188,399.4677734375,17.605410345894533,3.031832218170166,True,0.8154960407519383
1386,1387,-813.112548828125,388.1549987792969,-819.8696523194444,383.8722949128593,8.000000000000036,11.750552121656147,-822.8140869140625,384.8982238769531,14.909415973728162,-825.1615600585938,390.62298583984375,17.291245036632272,7.715138912200928,False,-2.38182906290411
1387,1388,-808.1439819335938,387.5588073730469,-800.2685792181655,386.1523820924768,8.00000000000004,11.086397567281333,-795.6447143554688,391.3388366699219,10.01997332313419,-795.2473754882812,391.81036376953125,10.582862373087321,2.2467634677886963,True,-0.5628890499531316
1388,1389,-804.7203369140625,387.0923156738281,-809.5773871521236,393.4491280027357,8.00000000000003,12.43605595145512,-826.9608154296875,402.6942138671875,30.00238224850656,-828.07568359375,399.9334716796875,29.615286833346147,14.332798957824707,False,0.3870954151604131
1389,1390,-801.5980834960938,386.6669006347656,-802.3106108419037,378.69869476509376,8.000000000000004,4.0889374254542865,-799.4963989257812,375.561279296875,10.720984522859654,-796.2745361328125,384.28759765625,2.697733364976381,1.833878517150879,True,8.023251157883273
1390,1391,-798.1765747070312,386.2007141113281,-792.2687334898103,391.5949158272547,7.9999999999999805,8.670691865895751,-780.0646362304688,391.06085205078125,15.817585835576141,-791.093505859375,393.92974853515625,9.051064065016055,1.726314663887024,True,6.766521770560086
1391,1392,-794.963134765625,385.7475891113281,-802.9631239202294,385.7607620461982,8.00000000000002,4.716241166548775,-799.2186889648438,389.4286193847656,8.547122659104724,-796.3101806640625,392.86083984375,8.841458954999087,0.1647726595401764,True,-0.2943362958943627
1392,1393,-791.73876953125,385.29290771484375,-785.8487246933323,379.87927937450496,8.000000000000005,2.9657271856986682,-783.5046997070312,380.7356872558594,6.231210147683955,-790.9536743164062,386.3662109375,3.143165377625674,1.145166277885437,True,3.0880447700582807
1393,1394,-788.2296142578125,384.798095703125,-788.9158966111409,392.7686048795522,7.999999999999992,10.067668599399823,-788.0117797851562,395.73431396484375,11.704370244124725,-791.1366577148438,394.608642578125,11.845572687423097,2.148439884185791,True,-0.14120244329837206
1394,1395,-785.1560668945312,384.3836669921875,-790.0340252346115,378.0428845142561,7.999999999999994,7.612234984415824,-792.3330688476562,375.8512268066406,13.292131062978104,-792.7872314453125,383.85247802734375,11.011305787576275,1.3828613758087158,True,2.2808252754018294
1395,1396,-781.7761840820312,383.92791748046875,-773.8961923916273,385.3083996278234,7.99999999999999,11.490224397159896,-759.4414672851562,390.3747253417969,20.180487523874667,-756.3113403320312,392.6412048339844,23.920452258299143,5.684356689453125,True,-3.7399647344244755
1396,1397,-778.4052124023438,383.473388671875,-785.1481753263027,387.77832200540223,7.9999999999999725,16.59818126241345,-791.0347900390625,386.9851989746094,16.280021189575823,-792.8169555664062,390.56298828125,19.11523387270586,7.482470512390137,True,-2.835212683130038
1397,1398,-775.2340087890625,383.0641784667969,-773.1698984671397,375.3350485947523,7.99999999999999,1.6994923382325735,-768.3902587890625,371.8123474121094,11.448653865428916,-770.2236938476562,379.133056640625,3.9744167821322676,2.4971189498901367,True,7.474237083296648
1398,1399,-772.06494140625,382.6552429199219,-768.3659999069032,389.74874923093694,8.00000000000003,12.008855173345136,-753.4514770507812,394.8020935058594,19.679727206946346,-751.4270629882812,392.982421875,20.250145512811578,1.9256278276443481,True,-0.5704183058652319
1399,1400,-768.5706176757812,382.204345703125,-776.0896966846054,379.47241399478025,7.999999999999989,19.64641166712998,-793.0313110351562,384.4916687011719,28.000457834584278,-793.685791015625,389.1507568359375,29.45960890188833,17.343351364135742,False,-1.4591510673040524
1400,1401,-765.1620483398438,381.7843017578125,-757.7723201333527,378.719678284335,7.999999999999975,14.407739734088409,-750.5490112304688,383.4356384277344,11.677955435579193,-749.656494140625,388.2415771484375,14.154704342442674,1.8558666706085205,True,-2.476748906863481
1401,1402,-762.0482788085938,381.40057373046875,-765.4271109936177,388.6520213835547,7.999999999999977,11.96250865419891,-754.6356811523438,397.620849609375,17.114583228468945,-750.85546875,395.9232177734375,16.84660552963631,4.025539875030518,True,0.26797769883263456
1402,1403,-758.6338500976562,380.9798278808594,-761.0406869091753,373.35046771353757,7.999999999999986,7.512499200199346,-756.1620483398438,371.1903076171875,9.469285854003132,-747.409912109375,377.7356262207031,6.955934838204136,0.2653859257698059,True,2.513351015798996
1403,1404,-753.8468017578125,380.3721923828125,-746.9185164539338,384.3720502237936,8.000000000000016,10.035169492477465,-734.5557250976562,389.8000793457031,17.321783422532203,-741.0986328125,386.3248596191406,10.027753591428047,0.8405609726905823,True,7.294029831104156
1404,1405,-748.6358642578125,379.7107849121094,-756.4464313693487,381.4414037020772,8.000000000000053,7.098286682144063,-756.0413208007812,388.12017822265625,13.819559507958683,-747.5374755859375,388.8342590332031,9.79873402101534,1.220847725868225,True,4.020825486943343
1405,1406,-745.43212890625,379.2643737792969,-740.841875993751,372.7123070672361,7.999999999999992,1.8513511467170432,-736.2438354492188,369.69451904296875,10.915803749110333,-736.7978515625,378.415771484375,5.452547844239086,2.705597162246704,True,5.4632559048712475
1406,1407,-742.2354736328125,378.8189392089844,-741.1943258016465,386.7509005801497,8.000000000000007,8.220465179078033,-746.6874389648438,386.5191650390625,11.418435874015646,-744.019287109375,387.3126220703125,10.423982566604632,2.125272035598755,True,0.994453307411014
1407,1408,-738.729736328125,378.3304138183594,-744.855409256985,373.18491761598665,8.000000000000034,6.661587081329681,-748.767333984375,378.2168884277344,13.334876572674867,-744.052001953125,386.86932373046875,12.436911763874654,4.958077907562256,True,0.8979648088002126
1408,1409,-735.4362182617188,377.90020751953125,-727.4436049428282,377.5565036721656,8.000000000000048,10.546000707557706,-729.6212158203125,383.5477294921875,6.578896409899278,-728.3765258789062,384.56732177734375,8.03315855144189,2.7522764205932617,True,-1.4542621415426114
1409,1410,-732.1383666992188,377.46942138671875,-737.7997024020871,383.12179062973786,7.999999999999992,12.732704707317984,-736.8300170898438,382.77252197265625,9.830943257693242,-730.3739624023438,384.66546630859375,7.778285172186125,2.3502275943756104,True,2.052658085507117
1410,1411,-728.8440551757812,377.03912353515625,-728.4876829833743,369.04706504810304,8.000000000000016,3.4503553923195733,-731.1089477539062,368.82183837890625,9.467701378007574,-724.41943359375,379.5879821777344,3.246196450979804,1.3494793176651,True,6.22150492702777
1411,1412,-725.7504272460938,376.627197265625,-720.6146470706124,382.7610184228754,8.000000000000012,8.787169546153203,-708.1970825195312,383.89599609375,16.138660689809072,-714.087158203125,382.9073181152344,10.672550436960952,1.6789164543151855,True,5.46611025284812
1412,1413,-722.3701171875,376.1770935058594,-730.3004183120102,375.123374342803,7.999999999999949,7.445402538181934,-742.8872680664062,379.8974609375,24.269706349702098,-743.4625244140625,387.4922180175781,27.164426946101475,16.191282272338867,False,-2.8947205963993774
1413,1414,-718.9788208007812,375.7255554199219,-712.419486490256,371.14569369681647,8.000000000000018,4.752343292795216,-689.4594116210938,376.6089172363281,26.345913774546254,-680.0170288085938,378.0991516113281,35.86562417633931,13.727426528930664,False,-9.519710401793056
1414,1415,-715.77197265625,375.2836608886719,-717.5149694947252,383.0914750527684,8.00000000000002,8.780688332560347,-718.5079345703125,381.1301574707031,8.661486460330055,-719.235107421875,383.07177734375,10.60215351369619,1.101798415184021,True,-1.9406670533661359
1415,1416,-712.5533447265625,374.84014892578125,-716.5422157905268,367.9055323080389,8.000000000000002,4.152311237473477,-705.099853515625,368.68988037109375,6.902862691774077,-702.73681640625,379.1874084472656,7.943261016087131,2.4033498764038086,True,-1.0403983243130543
1416,1417,-709.0420532226562,374.3563232421875,-701.4165176217122,376.7752500287469,8.000000000000014,8.368002531505025,-706.72265625,379.2918701171875,5.433040514287128,-704.9091186523438,380.55450439453125,6.680261112424047,1.558109998703003,True,-1.247220598136919
1417,1418,-705.8125,373.93560791015625,-713.0692941976645,377.30294186638076,7.9999999999999645,6.501181581982512,-712.6493530273438,374.58221435546875,10.425763180062466,-705.3380737304688,379.2762451171875,6.556110629191006,1.6707730293273926,True,3.86965255087146
1418,1419,-702.282470703125,373.4757385253906,-699.2061379121147,366.0908772159986,8.000000000000014,0.9689781935406319,-687.0431518554688,367.06304931640625,13.413121500270151,-681.256591796875,374.236572265625,17.826752022860177,2.679403781890869,True,-4.413630522590026
1419,1420,-699.0440673828125,373.0538635253906,-696.3240573025535,380.5772633661069,8.000000000000007,7.06871104360381,-694.8093872070312,373.8128662109375,1.374732749133662,-699.8741455078125,378.84442138671875,7.574910829748744,2.930145502090454,True,-6.200178080615082
1420,1421,-695.527587890625,372.6406555175781,-702.6152222441198,368.930475027203,7.9999999999999645,9.40933068777368,-701.694091796875,369.4443664550781,9.799322001606587,-703.7380981445312,377.7598876953125,12.682780617049918,1.974100112915039,True,-2.883458615443331
1421,1422,-692.3087158203125,372.2624206542969,-684.5763239176398,370.2105640648926,8.000000000000009,15.691602714611795,-667.9138793945312,375.7188720703125,21.527369303818794,-669.1198120117188,377.0580139160156,20.63618870662728,6.167136192321777,True,0.8911805971915143
1422,1423,-689.0971069335938,371.885009765625,-693.4127228643703,378.62114063861344,8.000000000000004,13.690710229636661,-695.546142578125,376.0654602050781,10.660171750079412,-701.8612060546875,379.0010070800781,17.62405744031356,2.312074661254883,True,-6.963885690234148
1423,1424,-685.9144287109375,371.4971618652344,-687.282418859423,363.6149919258302,7.999999999999996,6.425042334932094,-673.1432495117188,370.509765625,9.60802264447477,-672.6819458007812,377.5166320800781,11.919205776941107,0.9533554911613464,True,-2.3111831324663363
1424,1425,-682.7325439453125,371.109375,-676.3995012925141,375.9973777370938,8.000000000000057,10.405489329761586,-665.60400390625,377.6672058105469,15.31343040388804,-667.07080078125,376.6723327636719,13.556051473946804,0.9345004558563232,True,1.7573789299412361
1425,1426,-679.2318725585938,370.6827697753906,-687.2034595215405,371.3564175262056,8.00000000000002,6.551437166882138,-702.3982543945312,375.7273864746094,26.816176238900344,-703.6851806640625,379.1888732910156,28.950130813820817,16.469417572021484,False,-2.133954574920473
1426,1427,-676.1434936523438,370.2689208984375,-670.7205360343986,364.38746438886693,7.999999999999956,8.829007705986644,-657.9584350585938,367.75616455078125,14.925365179164697,-663.4183349609375,376.6168212890625,11.541713866370317,1.0191036462783813,True,3.3836513127943793
1427,1428,-672.7413940429688,369.8130187988281,-672.7672474292431,377.8129770238702,8.000000000000002,7.548157810303983,-679.7728271484375,374.28106689453125,11.530425090386963,-673.1679077148438,376.8002624511719,8.366113316391756,0.8945725560188293,True,3.164311773995207
1428,1429,-669.34619140625,369.3580627441406,-674.7310220593318,363.4416788115658,7.99999999999997,4.723886287186516,-661.8153686523438,368.56439208984375,2.569391077480109,-664.139404296875,376.590087890625,7.920416823089731,1.4682344198226929,True,-5.351025745609622
1429,1430,-664.3824462890625,368.67340087890625,-656.4153798281786,369.3985574191508,8.000000000000004,8.169620115804669,-644.1744384765625,368.5169677734375,15.254384580749175,-651.4143676757812,374.4261779785156,10.272508497850636,2.1157050132751465,True,4.981876082898539
1430,1431,-659.419677734375,367.98883056640625,-665.7841807969678,372.8357987699585,7.999999999999981,10.826046317017797,-661.5755615234375,369.8908996582031,6.060597215148967,-662.6786499023438,376.673095703125,11.33953636018415,2.5038304328918457,True,-5.278939145035183
1431,1432,-656.0038452148438,367.5061950683594,-654.5849387101474,359.63303151544557,7.999999999999998,1.3583228877330602,-639.8323974609375,360.50738525390625,14.614346265445507,-642.5602416992188,365.9327087402344,10.393932120980754,2.5836286544799805,True,4.220414144464753
1432,1433,-652.8921508789062,367.0664978027344,-648.6201628112453,373.83038115106046,8.00000000000001,9.64486029601689,-641.87353515625,371.5687255859375,9.104024088267643,-648.1392822265625,374.5604248046875,8.088318619588334,1.4189817905426025,True,1.0157054686793092
1433,1434,-649.4931030273438,366.5862121582031,-657.2120716292702,364.48442155910124,7.999999999999978,14.00468024707911,-664.7696533203125,369.73779296875,18.758427597138738,-667.6199951171875,377.3828125,24.041123966311034,8.481472969055176,False,-5.282696369172296
1434,1435,-646.353515625,366.170654296875,-639.2420492568123,362.5063609005796,7.999999999999967,3.408326068070747,-616.6107177734375,357.8923645019531,27.441197787609624,-612.3983154296875,361.5907287597656,30.792381678862938,11.791476249694824,False,-3.3511838912533136
1435,1436,-642.9132080078125,365.7153015136719,-645.6817873606907,373.2209639339261,7.9999999999999964,14.105110922718,-647.696044921875,372.03887939453125,10.646844770183494,-653.717041015625,375.613037109375,17.59850448541819,1.1130577325820923,True,-6.951659715234696
1436,1437,-639.4849243164062,365.2615051269531,-642.5134621819889,357.8569147671336,7.999999999999983,1.8386224359965422,-646.1837768554688,361.6794738769531,10.423712858830047,-647.2859497070312,366.90576171875,11.198372736411311,0.5018454194068909,True,-0.7746598775812643
1437,1438,-636.2691650390625,364.89727783203125,-629.0342865498596,368.3114443842764,7.999999999999983,9.255819244975948,-620.1561279296875,372.3655700683594,15.085362026242283,-632.8541259765625,368.3858642578125,3.8582877841068104,2.0160911083221436,True,11.227074242135473
1438,1439,-633.0484008789062,364.532470703125,-640.6894114825567,366.9020607425415,8.000000000000023,13.868933861635933,-637.8761596679688,363.7688903808594,8.325959334903416,-643.5860595703125,371.7288818359375,15.950255059035934,1.882373571395874,True,-7.6242957241325175
1439,1440,-629.558349609375,364.1371765136719,-625.5247412661813,357.22848606368655,8.000000000000014,5.258689127196528,-624.8302612304688,362.8930969238281,1.8255767487478038,-635.513427734375,369.5782470703125,10.783125374438908,1.3970346450805664,True,-8.957548625691105
1440,1441,-626.4474487304688,363.7401123046875,-624.7549526440745,371.5590289174632,7.99999999999998,11.588908940631642,-628.1909790039062,366.718505859375,6.14940601298069,-636.0093994140625,370.012451171875,14.569830736934634,2.2790141105651855,True,-8.420424723953943
1441,1442,-623.0730590820312,363.30938720703125,-629.6026553059779,358.68722611591585,7.999999999999982,16.377670101560355,-643.1957397460938,360.1055603027344,23.655608711804533,-649.6588745117188,367.18792724609375,30.263847487999662,16.327863693237305,False,-6.60823877619513
1442,1443,-619.7033081054688,362.8792724609375,-611.7663621079511,361.87683132426787,7.999999999999966,11.140110536670369,-603.11083984375,363.08941650390625,13.411408215787137,-600.482421875,361.862548828125,16.03304989532772,2.1550064086914062,True,-2.621641679540584
1443,1444,-616.5056762695312,362.42291259765625,-621.6809939767003,368.5234114813429,7.999999999999974,19.069927102703776,-615.7122802734375,378.01953125,16.325000696858606,-619.4249267578125,368.1645202636719,8.960840257170648,3.2226178646087646,True,7.364160439687957
1444,1445,-612.9962158203125,361.92205810546875,-613.3009253949621,353.92786320697417,7.9999999999999964,4.86816324149826,-600.0130615234375,354.35125732421875,12.097224325439488,-603.5066528320312,361.0732421875,6.3028073284465185,2.5879404544830322,True,5.794416996992969
1445,1446,-609.7972412109375,361.46551513671875,-604.1725567893704,367.15435729991685,7.999999999999973,4.531511450595163,-599.4140625,360.2159118652344,5.205509064174901,-605.088623046875,362.1820983886719,1.5061494149658996,1.8908860683441162,True,3.6993596492090015
1446,1447,-604.5910034179688,360.7605285644531,-612.5812283262703,360.3651731360637,7.99999999999999,4.098398364721375,-619.6289672851562,363.6708068847656,20.09514600352459,-633.558349609375,368.4898986816406,34.732019859451704,12.39008617401123,False,-14.636873855927114
1447,1448,-599.8502807617188,360.1185607910156,-593.6914788308303,355.01276420516496,7.999999999999973,2.525380681284588,-578.4298706054688,354.6802978515625,18.69093189783598,-589.888671875,360.4128723144531,6.596840228182126,3.169875144958496,True,12.094091669653855
1448,1449,-596.4432373046875,359.667236328125,-597.5356301365576,367.59230275692414,8.000000000000027,6.678115743740898,-590.8141479492188,363.8340759277344,5.229733790097895,-594.1524658203125,362.06707763671875,2.9245978957358916,0.913425087928772,True,2.3051358943620035
1449,1450,-593.3433837890625,359.2566223144531,-597.8911927662373,352.6750242177042,8.000000000000021,9.975681812770453,-607.0262451171875,346.4388732910156,21.09661395818865,-607.33740234375,354.34527587890625,17.965769693508914,8.808839797973633,False,3.1308442646797374
1450,1451,-589.9339599609375,358.80499267578125,-582.1347415226396,360.5860574561064,8.000000000000023,3.1303545645415904,-583.8889770507812,360.3263854980469,3.284857702353996,-590.94677734375,361.32928466796875,5.297296517210111,2.6895463466644287,True,-2.0124388148561154
1451,1452,-586.541015625,358.3880920410156,-593.4950085472962,362.34308666005813,8.00000000000001,15.233966474221292,-599.3338623046875,360.07720947265625,16.31527891664213,-598.5640258789062,361.3304138183594,15.77078602148176,5.843895435333252,True,0.5444928951603689
1452,1453,-583.1549682617188,357.9720458984375,-580.6988707814604,350.358401228014,7.999999999999994,7.707147302783362,-590.20166015625,352.9306640625,11.162827806722856,-592.1251220703125,357.4631042480469,12.067334682798958,2.4449472427368164,True,-0.9045068760761019
1453,1454,-580.0584716796875,357.59161376953125,-576.7265784443294,364.8647484079231,8.00000000000002,11.382328008081869,-578.1309814453125,368.2381286621094,11.179256172643248,-591.5845336914062,361.3760070800781,15.523815391368093,2.905172348022461,True,-4.344559218724845
1454,1455,-576.6447143554688,357.1581115722656,-584.0144805893924,354.045789985842,7.999999999999975,15.704935169980706,-593.46826171875,358.64642333984375,20.30842799416043,-593.8796997070312,360.07647705078125,20.899103778040022,10.718857765197754,False,-0.5906757838795933
1455,1456,-573.250732421875,356.72711181640625,-565.7141531380174,354.04383533081466,7.9999999999999964,2.346508451866623,-556.489501953125,353.5814208984375,13.937354108716146,-558.5469970703125,357.7948303222656,11.697027435726394,1.1682974100112915,True,2.2403266729897524
1456,1457,-570.1524047851562,356.33367919921875,-573.8971165734054,363.4031299291516,7.999999999999985,14.900990284349952,-565.8572387695312,365.8554382324219,10.019378562278789,-565.4060668945312,360.94512939453125,5.285639991317808,2.131260395050049,True,4.7337385709609805
1457,1458,-566.9794921875,355.89910888671875,-568.9936036113018,348.1567994655892,8.000000000000018,4.260321464986637,-558.6452026367188,346.41748046875,10.416542511458392,-557.6033325195312,352.33074951171875,6.951003130745413,1.1707450151443481,True,3.465539380712979
1458,1459,-563.8077392578125,355.4647216796875,-557.0927413077765,359.81314697294164,8.00000000000003,5.526181995725434,-558.3765258789062,356.2340393066406,2.3074099423029084,-556.9248046875,352.82733154296875,4.021821818082566,0.23540030419826508,True,-1.7144118757796578
1459,1460,-560.3177490234375,354.9867248535156,-568.2064986090683,356.31624731485675,8.000000000000005,8.55195012915835,-576.9156494140625,354.1966552734375,20.008056396833105,-592.6160888671875,359.11077880859375,35.99655021047151,12.79631519317627,False,-15.988493813638406
1460,1461,-556.9105834960938,354.5425720214844,-551.991744583335,348.23344975683216,7.99999999999997,2.4910468634778806,-536.484375,351.76373291015625,17.490187428069035,-531.6475219726562,349.5747375488281,22.63004662612023,3.212599992752075,True,-5.1398591980511945
1461,1462,-553.8125610351562,354.13873291015625,-553.1778089106233,362.1135112607062,7.9999999999999725,1.6011112007600286,-553.8782958984375,357.09844970703125,4.857790727515185,-554.4762573242188,351.08685302734375,4.82962834702797,1.4890154600143433,True,0.0281623804872142
1462,1463,-550.4116821289062,353.6954040527344,-556.2666139655144,348.24381958684995,7.999999999999967,5.302549469254831,-552.3843383789062,344.43646240234375,10.245752238189686,-552.648193359375,348.13751220703125,7.490684685232579,2.1797735691070557,True,2.755067552957107
1463,1464,-547.1904907226562,353.2681884765625,-539.1907538080196,353.33306756872935,8.000000000000021,3.4622176506674345,-525.2822265625,357.8719177246094,19.35154081835916,-520.5770874023438,351.2518005371094,23.44514608866342,3.4869277477264404,True,-4.093605270304259
1464,1465,-543.9683227539062,352.8408203125,-549.9109049846328,358.1967251315808,8.0,8.703223336835352,-552.5479125976562,361.90582275390625,15.424330943972432,-553.0751342773438,352.9601745605469,12.664969435663766,2.236743450164795,True,2.7593615083086664
1465,1466,-540.4238891601562,352.3707275390625,-539.6598756900748,344.4072933918158,8.000000000000025,6.627936164177759,-512.4409790039062,340.65887451171875,25.494340172149403,-506.9239501953125,347.9359436035156,28.738063814106873,8.409568786621094,False,-3.2437236419574695
1466,1467,-535.4121704101562,351.7171630859375,-530.596307689971,358.1052352724684,7.9999999999999805,10.578467039906185,-523.2578125,355.32861328125,8.347352884849048,-518.5528564453125,349.6767578125,11.964434251999556,1.6395606994628906,True,-3.617081367150508
1467,1468,-530.4360961914062,351.0682678222656,-538.3022442434121,349.61097072698107,8.000000000000046,3.49398253271389,-540.8622436523438,338.8140869140625,17.86414625795839,-535.4428100585938,345.13995361328125,9.669388955543988,4.337057113647461,True,8.1947573024144
1468,1469,-527.5535888671875,350.73077392578125,-520.7689460595617,346.4918327876039,8.000000000000036,8.859590887547993,-514.66455078125,348.1860046386719,9.96067063011509,-508.29656982421875,347.6171875,16.32064936990628,1.9884032011032104,True,-6.359978739791192
1469,1470,-524.3851318359375,350.3597717285156,-526.5245526943739,358.0683953663959,7.999999999999982,4.248200463006821,-513.9418334960938,351.67498779296875,7.465338164105011,-510.6895446777344,348.5318603515625,10.624946265444144,1.2082196474075317,True,-3.159608101339133
1470,1471,-521.2141723632812,349.98846435546875,-524.8437304546617,342.85920716686246,7.999999999999975,2.2922092785154953,-512.8280639648438,340.197021484375,11.106695271851192,-509.559814453125,347.9605712890625,9.207776673343304,1.0558072328567505,True,1.8989185985078887
1471,1472,-518.6050415039062,349.6830749511719,-511.1129742899472,352.48823606268047,8.000000000000012,8.538731661145787,-507.70672607421875,353.244140625,9.151558611981173,-508.74456787109375,349.1302490234375,7.261381044481768,1.8502298593521118,True,1.8901775674994052
1472,1473,-516.001708984375,349.37835693359375,-523.4209852850832,352.370737118956,7.999999999999985,2.3629199303518598,-525.6782836914062,353.4029846191406,12.817021187467445,-519.6424560546875,350.3228454589844,6.159583833159917,4.205834865570068,True,6.657437354307528
1473,1474,-513.6058959960938,349.0979309082031,-510.15647632604015,341.8797937565658,7.99999999999999,8.714620516658849,-499.2344055175781,345.2063903808594,13.257959948391644,-500.9544677734375,348.0115966796875,11.035800983743975,1.5435065031051636,True,2.2221589646476687
1474,1475,-511.9492492675781,348.96221923828125,-509.61696239112734,356.6146984395555,7.999999999999994,6.06807816946297,-512.9838256835938,349.2707824707031,2.8959493446789653,-508.72857666015625,349.271240234375,1.4691297364890077,2.3172123432159424,True,1.4268196081899576
1475,1476,-510.12432861328125,348.812744140625,-517.0132597982255,344.7454812859397,7.999999999999983,5.161942037265333,-516.5731201171875,339.2260437011719,12.546806314217731,-516.3862915039062,349.163330078125,8.096083960531365,1.455552101135254,True,4.450722353686366
1476,1477,-508.3056335449219,348.6637878417969,-500.47855350337045,347.0094547365404,8.000000000000009,10.700905806914603,-489.0665588378906,343.6229553222656,18.992706315990656,-493.73333740234375,347.5850830078125,13.614748899501071,3.934314727783203,True,5.3779574164895845
1477,1478,-507.2699890136719,349.041259765625,-511.9239482864636,355.5482301118918,7.999999999999993,5.565470760272216,-509.2791748046875,356.6033935546875,7.803136952677117,-505.478759765625,347.5447998046875,2.0205935537916067,2.092529535293579,True,5.78254339888551
1478,1479,-506.23565673828125,349.41827392578125,-507.1993673246314,341.47653218320636,7.999999999999988,3.053698432202622,-496.00213623046875,328.5025634765625,23.188865427522728,-493.33111572265625,312.450927734375,39.19022141138881,14.104179382324219,False,-16.001355983866084
1479,1480,-505.0989074707031,349.8326416015625,-499.02372781021296,355.0376576527161,8.000000000000012,8.443562048820842,-498.1116027832031,352.01763916015625,6.440020262319071,-496.53973388671875,347.58935546875,8.860269322082502,1.7033406496047974,True,-2.4202490597634307
1480,1481,-504.5246887207031,351.42926025390625,-512.5202749551127,351.69496830444353,7.999999999999967,15.656661280239385,-520.283935546875,352.8157653808594,16.394227625928163,-527.2379150390625,349.6849670410156,23.604766837516244,9.178342819213867,False,-7.210539211588081
1481,1482,-503.8938293457031,353.183349609375,-498.1776161037032,347.58648386397925,7.9999999999999725,7.989178530191609,-476.9361877441406,349.5105895996094,27.253772216004325,-474.51190185546875,351.003662109375,29.39260128080721,14.381659507751465,False,-2.1388290648028843
1482,1483,-503.6318664550781,354.99774169921875,-504.06619571088845,362.9859428795564,8.00000000000001,3.3495974583594545,-497.0188293457031,375.5501708984375,19.610979453878485,-499.3922424316406,380.3761291503906,23.720293510707986,2.616091251373291,True,-4.109314056829501
1483,1484,-503.3445739746094,356.9874267578125,-508.42026546446243,350.8037906187893,8.000000000000014,8.294426723047785,-515.6748046875,350.7041931152344,15.09184028044845,-520.4619140625,349.95599365234375,19.60712898851953,5.132392406463623,True,-4.515288708071081
1484,1485,-503.0564270019531,358.98309326171875,-495.1367838674536,360.1141337659333,7.999999999999983,10.569544453605262,-487.88165283203125,354.08538818359375,16.677421768736377,-495.3006286621094,349.0107421875,14.815509208612632,2.424971342086792,True,1.861912560123745
1485,1486,-502.6187744140625,361.8926696777344,-509.2224796699427,366.4083176814499,7.999999999999967,13.993974495312282,-528.42822265625,378.4717102050781,29.678647222315906,-521.0068359375,383.7857360839844,26.89125836531529,15.360555648803711,False,2.7873888570006145
1486,1487,-502.2197570800781,364.5455322265625,-500.4006667432011,356.7550951177553,8.000000000000002,14.948893781664234,-489.8769226074219,350.0846252441406,20.869553901608267,-496.491943359375,347.08489990234375,20.807501161732272,7.761688232421875,False,0.06205273987599469
1487,1488,-501.8207092285156,367.198486328125,-497.8996851742877,374.17169006573124,7.999999999999979,11.766262595456194,-504.980224609375,391.3149108886719,21.341822916939083,-501.47271728515625,398.04754638671875,27.77967666369578,8.569186210632324,False,-6.437853746756698
1488,1489,-501.44525146484375,370.26788330078125,-509.0468240172891,367.7746735763679,8.000000000000002,21.611313904000426,-525.0442504882812,352.39105224609375,31.838648513905564,-522.5969848632812,349.9413146972656,31.79603681134697,21.445354461669922,False,0.042611702558595255
1489,1490,-501.0693359375,373.341064453125,-493.78003394247276,370.044691230128,7.999999999999978,18.267923807128973,-490.23187255859375,367.9557800292969,13.616866789311423,-484.21331787109375,369.9396667480469,17.78483924367459,2.819770336151123,True,-4.167972454363166
1490,1491,-500.656494140625,376.7162780761719,-503.8047304562743,384.07077385092265,7.999999999999998,11.713205935985957,-521.081787109375,401.795654296875,30.159341668785068,-525.9976196289062,407.752685546875,37.868950361946176,14.882035255432129,False,-7.709608693161108
1491,1492,-500.3695068359375,379.87335205078125,-503.0159858709733,372.3237726772588,7.9999999999999964,24.541775969613546,-518.2508544921875,368.3799743652344,23.55392788192783,-521.4400634765625,356.47735595703125,34.33263050658628,9.239034652709961,False,-10.778702624658447
1492,1493,-500.0547180175781,383.336181640625,-493.00361914808457,387.11533561110923,8.000000000000004,12.267148699621334,-478.3367919921875,412.0058288574219,33.32187180722112,-471.914306640625,419.274658203125,43.0192164238904,12.661325454711914,False,-9.697344616669277
1493,1494,-499.76800537109375,386.4901428222656,-507.52004806129355,388.4664611491857,8.000000000000021,10.59283393555263,-522.6829833984375,386.1943664550781,23.473882640791953,-520.1736450195312,387.3470458984375,20.835623872369165,13.308804512023926,False,2.638258768422787
1494,1495,-499.4681701660156,389.6722412109375,-495.08703899293346,382.97853598555986,8.000000000000016,14.884158706636486,-473.74029541015625,372.7669677734375,32.405698744082,-469.2204284667969,380.2193298339844,32.504512626742745,13.900237083435059,False,-0.09881388266074254
1495,1496,-499.168212890625,392.85552978515625,-497.87718975604434,400.7506712826835,7.999999999999982,15.546104967633832,-511.3645324707031,417.1865539550781,24.309097100927776,-509.1186218261719,412.00714111328125,18.72773531212528,7.443234920501709,True,5.5813617888024964
1496,1497,-498.8386535644531,396.3530578613281,-505.1237052981731,391.40349983010316,7.9999999999999964,7.55555499018947,-504.80194091796875,378.3089599609375,22.353013002445234,-502.8445129394531,380.04302978515625,20.179628919117846,11.610513687133789,False,2.173384083327388
1497,1498,-498.4209289550781,399.7318420410156,-490.4431489985442,399.13600064842416,7.999999999999997,0.7944056741067429,-489.20025634765625,398.29656982421875,9.924124477918896,-499.15728759765625,396.734130859375,6.173257644517623,0.551925539970398,True,3.7508668334012736
1498,1499,-498.0408935546875,402.80560302734375,-503.52097513317784,408.6338708569043,7.999999999999984,2.813157643810183,-510.193115234375,421.56915283203125,19.868204163398126,-505.7403259277344,414.50244140625,11.623478831118874,5.579184532165527,True,8.244725332279252
1499,1500,-497.6233825683594,406.18255615234375,-497.51947931427515,398.1832309236891,7.999999999999995,9.529266582940476,-488.4786682128906,383.11474609375,27.67237121039461,-497.32293701171875,382.1999206542969,27.168076601455407,16.534975051879883,False,0.5042946089392011
1500,1501,-497.2271423339844,409.3678283691406,-491.90029080727965,415.3364674780534,7.99999999999998,4.126364030081612,-500.6171875,411.96258544921875,3.9224427076380612,-500.38507080078125,403.5690002441406,9.944811172362542,1.812449336051941,True,-6.02236846472448
1501,1502,-496.79486083984375,412.8431396484375,-504.75447316180015,412.04028743030534,7.999999999999992,9.901844857983003,-507.8870849609375,411.6334228515625,12.303237230309152,-500.53485107421875,403.4535827636719,13.24347840391715,2.0243232250213623,True,-0.9402411736079976
1502,1503,-496.39788818359375,416.0343322753906,-489.98639889473975,411.2496896451715,7.999999999999993,13.359709775714869,-496.38226318359375,404.945068359375,15.934655460712996,-500.29638671875,401.8105163574219,19.57967574490932,4.777342796325684,True,-3.645020284196324
1503,1504,-495.8108825683594,420.8694763183594,-497.30653557386984,428.72842167299234,7.999999999999971,8.382644571035925,-506.61932373046875,435.6632995605469,15.131879544418393,-508.9170837402344,428.2098083496094,13.920295218233687,3.072874069213867,True,1.2115843261847061
1504,1505,-495.22344970703125,425.7080078125,-499.42924303854977,418.90276700467,8.000000000000014,18.688964362365596,-500.5400085449219,406.5387268066406,22.857292888799442,-501.1282043457031,402.73687744140625,26.688822350479043,12.108704566955566,False,-3.831529461679601
1505,1506,-494.86932373046875,428.6814270019531,-487.1712285043761,430.8584272063649,7.99999999999999,14.226082987542869,-482.98968505859375,442.1630554199219,15.795326928791479,-478.9381103515625,431.83148193359375,15.614061546684725,1.1538712978363037,True,0.18126538210675314
1506,1507,-494.54608154296875,431.3954162597656,-501.6929598918583,434.9901526709888,8.000000000000004,7.91963791743878,-516.4004516601562,431.9795227050781,22.336604121450325,-514.32421875,424.940673828125,22.230464930128502,13.540868759155273,False,0.10613919132182303
1507,1508,-494.1919860839844,434.36865234375,-491.3503099703112,426.89035863027635,8.000000000000018,10.070082414240717,-485.3088073730469,418.4371643066406,20.056251282520474,-479.42254638671875,422.23101806640625,20.39770040064695,10.377429008483887,False,-0.3414491181264765
1508,1509,-493.9743347167969,436.5247802734375,-491.01818342350964,443.9585659531028,8.000000000000021,15.27378033307502,-484.6478271484375,446.8419189453125,12.075240975404283,-476.9072570800781,440.5876770019531,16.913643203244906,1.5697842836380005,True,-4.838402227840623
1509,1510,-493.73553466796875,438.8905029296875,-500.9367587067639,435.4059122301822,7.9999999999999964,13.001204810943069,-510.2816162109375,433.44158935546875,18.510774589003066,-514.2913818359375,432.62298583984375,22.51174502844487,9.431921005249023,False,-4.000970439441804
1510,1511,-493.4975280761719,441.2481994628906,-485.83376238890503,438.9532712525381,8.000000000000027,17.715511745835524,-472.84368896484375,436.9033203125,21.480996329389733,-468.37640380859375,430.5478210449219,27.920654435802923,5.330955505371094,True,-6.439658106413191
1511,1512,-493.5469665527344,442.631103515625,-497.64778712728935,449.50011149460613,7.9999999999999885,6.093575862160086,-508.5004577636719,447.5788879394531,15.288603446855513,-501.648193359375,437.4670104980469,10.460378851656333,4.660160541534424,True,4.828224595199179
1512,1513,-493.60125732421875,444.1502990722656,-495.21738807896537,436.3152418686734,8.000000000000007,13.119264956913504,-498.5679626464844,429.3597717285156,16.905169703931243,-490.199462890625,433.58319091796875,12.439171004042237,5.107052326202393,True,4.465998699889006
1513,1514,-493.6507263183594,445.53399658203125,-487.16653670089363,450.2196432828346,8.000000000000007,9.31517323195831,-481.9241027832031,455.0095520019531,15.276010891065416,-475.9223937988281,451.14129638671875,19.087634456630685,1.2978503704071045,True,-3.8116235655652684
1514,1515,-494.3319091796875,446.0987243652344,-502.27825767189654,447.02368146714105,8.000000000000028,9.452665700867552,-497.43743896484375,436.21209716796875,10.76703791289893,-489.9974670410156,435.0057067871094,12.766389759109796,2.2654078006744385,True,-1.9993518462108657
1515,1516,-495.0782775878906,446.7174987792969,-489.84368706031734,440.66778291748653,7.999999999999978,14.474629238397107,-492.3820495605469,438.3416442871094,9.632436412052114,-488.059326171875,434.4666748046875,15.032494461155784,3.1347873210906982,True,-5.40005804910367
1516,1517,-495.82598876953125,447.3373718261719,-495.5992885663545,455.33415911969666,7.999999999999994,16.4543573787083,-483.5234680175781,467.0065002441406,23.853776962912818,-481.44659423828125,466.8340148925781,24.993696688085194,7.09169340133667,True,-1.1399197251723763
1517,1518,-497.48919677734375,447.6684265136719,-503.0581106538702,441.9249782257675,8.000000000000012,12.248210414149918,-500.03753662109375,431.5399475097656,16.462831052351497,-491.85546875,433.52532958984375,16.11826846133134,7.555872917175293,False,0.34456259102015707
1518,1519,-499.0064697265625,447.970458984375,-491.02048237524104,448.44375173155595,8.000000000000021,12.85400294815596,-486.3099670410156,439.92633056640625,16.48297431981452,-474.790771484375,448.8429260253906,25.739263123470725,2.9579551219940186,True,-9.256288803656204
1519,1520,-500.5237121582031,448.2724609375,-506.73203534885977,453.31792654142146,7.999999999999974,11.13603915841644,-526.6012573242188,447.7784729003906,23.712047712129994,-531.3531494140625,440.6879577636719,29.55814147826349,14.191267967224121,False,-5.846093766133496
1520,1521,-502.90802001953125,448.7227783203125,-501.7383587591684,440.8087469496389,7.99999999999999,13.911965953084145,-488.76312255859375,442.99200439453125,17.444748976281435,-480.30975341796875,446.167724609375,24.9577527045853,2.4153966903686523,True,-7.513003728303865
1521,1522,-505.0904846191406,449.135009765625,-500.6071050510548,455.7606650274441,8.000000000000007,7.412756680380378,-501.949462890625,450.6954345703125,5.639165926847842,-503.72747802734375,437.1951904296875,12.946137571272184,0.4604202210903168,True,-7.306971644424341
1522,1523,-507.4784240722656,449.5860290527344,-515.2598944568659,447.7289564495255,8.000000000000037,24.649938664200743,-526.8657836914062,437.0384216308594,20.185711300262824,-531.8905029296875,437.063720703125,24.18452301132441,7.344664096832275,True,-3.9988117110615846
1523,1524,-511.6558532714844,450.3094787597656,-504.6636046649854,446.42251858182277,8.0,16.11244168680814,-504.4249267578125,443.7311096191406,13.907927470514949,-509.0553894042969,436.3248291015625,16.420735422896847,1.2906540632247925,True,-2.5128079523818982
1524,1525,-516.2202758789062,451.0999755859375,-518.7505385147437,458.689295120236,7.999999999999988,15.806409849567743,-530.4354248046875,445.0286865234375,12.607623082128088,-532.0397338867188,438.48773193359375,17.990425664319392,2.5498783588409424,True,-5.382802582191305
1525,1526,-519.61376953125,451.49737548828125,-522.8745442956871,444.1920796054569,7.999999999999999,17.606465707756854,-532.7969360351562,434.44610595703125,20.123349174343733,-533.0746459960938,436.61968994140625,18.429581381596172,6.556177616119385,True,1.6937677927475612
1526,1527,-522.7125244140625,451.86029052734375,-515.3734741187869,455.04436665134193,7.999999999999981,11.493956902266435,-514.852294921875,447.1259460449219,12.368496727676977,-526.899169921875,438.3201904296875,13.960053471955387,2.1367571353912354,True,-1.5915567442784102
1527,1528,-526.10595703125,452.2576904296875,-533.6683568315883,454.86730903397483,7.99999999999997,12.667419698857866,-545.528076171875,447.89361572265625,16.919087530862235,-546.3318481445312,439.4749755859375,21.505894463014826,7.086246013641357,True,-4.586806932152591
1528,1529,-529.2655029296875,452.56097412109375,-525.4519967122527,445.52839491218424,8.000000000000007,15.836045750163073,-523.7088623046875,438.61181640625,16.893378855150033,-513.235107421875,445.32269287109375,20.915153544961765,3.0972602367401123,True,-4.021774689811732
1529,1530,-532.7318725585938,452.8936767578125,-530.7933943604446,460.6552682360662,8.000000000000005,15.018904892575003,-520.9257202148438,474.1275329589844,25.885251377437964,-520.27880859375,480.4768981933594,31.558785525189133,6.513397693634033,True,-5.67353414775117
1530,1531,-536.1959228515625,453.2261657714844,-542.8681760572944,448.81243297954944,8.000000000000053,0.9805172950003734,-544.8104858398438,449.77734375,6.594409692959278,-541.9933471679688,452.6612243652344,2.7314723591084284,1.8928159475326538,True,3.8629373338508497
1531,1532,-539.4191284179688,453.57464599609375,-531.5177828949879,452.32215291169314,8.000000000000023,14.833190722734455,-528.5800170898438,447.746337890625,15.35579539526315,-521.9857788085938,452.369140625,20.711487509609434,2.255706787109375,True,-5.355692114346283
1532,1533,-542.638916015625,453.9227294921875,-547.6190753770722,460.1835611250131,8.000000000000032,1.8975977639710138,-550.33740234375,479.222900390625,25.260771361651344,-546.9566650390625,484.6578369140625,30.36170815192882,10.280097007751465,False,-5.100936790277476
1533,1534,-546.1837158203125,454.30596923828125,-546.7406323012901,446.3253775288141,8.000000000000018,4.972542555813555,-549.076416015625,428.1593017578125,26.568901527691168,-553.447509765625,421.2333679199219,33.71128152851871,18.703176498413086,False,-7.1423800008275435
1534,1535,-549.5901489257812,454.7232360839844,-543.7886838028104,460.2316843615806,8.000000000000016,5.165632685960941,-535.64404296875,479.85528564453125,30.052719972342,-533.7855834960938,486.04302978515625,36.257178440986365,9.834803581237793,False,-6.204458468644365
1535,1536,-552.6871948242188,455.1025695800781,-560.6859180011121,454.959644636738,7.999999999999976,0.9663868492209796,-568.5416259765625,454.82025146484375,12.471452873741725,-580.5895385742188,459.9367980957031,24.89481675449908,3.517855405807495,True,-12.423363880757353
1536,1537,-556.0897827148438,455.51934814453125,-550.0952287678072,450.22167667717247,7.999999999999959,7.267536099711443,-538.779296875,439.21551513671875,26.356131044338426,-533.0450439453125,449.7817687988281,26.81627965023444,7.044947147369385,True,-0.4601486058960127
1537,1538,-559.1427612304688,455.9479675292969,-559.984433090588,463.9035686052611,8.0,5.250628525730408,-564.923828125,469.10174560546875,12.913990512713319,-576.7227172851562,461.0317687988281,14.958016861227154,2.218743085861206,True,-2.0440263485138352
1538,1539,-562.493896484375,456.4184265136719,-567.2472051609991,449.9836727013858,8.00000000000002,18.718942880059668,-578.9622192382812,439.0016174316406,22.1825359476505,-586.8727416992188,436.7359313964844,29.127158992136753,7.22810697555542,True,-6.944623044486253
1539,1540,-565.8427124023438,456.8885803222656,-557.9911567701399,458.42255364485254,7.999999999999998,9.36048856509602,-554.7542114257812,449.757080078125,17.973447843396276,-553.8933715820312,455.2923278808594,17.190762606952497,3.027963161468506,True,0.7826852364437791
1540,1541,-570.929443359375,457.59332275390625,-577.7551202181262,461.7658681904363,7.999999999999969,12.90680228023979,-581.7174682617188,452.2367248535156,8.592957639795413,-585.353759765625,459.8750915527344,9.92511041052689,2.5119550228118896,True,-1.3321527707314775
1541,1542,-575.5650024414062,458.2355651855469,-573.3504746986849,450.5481815684299,8.000000000000028,6.376313529792388,-587.1036987304688,456.82598876953125,8.561729522222812,-586.09130859375,459.99365234375,7.462505844807213,1.346945881843567,True,1.0992236774155995
1542,1543,-578.7452392578125,458.6805419921875,-575.1854100733087,465.84487142187976,7.999999999999961,3.1820673567113977,-593.3456420898438,459.205322265625,11.103999788310293,-589.2227172851562,459.9686279296875,7.026577287293738,1.2976570129394531,True,4.077422501016556
1543,1544,-582.24169921875,459.1697692871094,-589.7060414653274,456.29164579671493,8.000000000000043,4.5906429720068145,-595.2454223632812,454.96392822265625,10.861802904837019,-594.2130737304688,459.9647521972656,8.78976211820392,2.5526440143585205,True,2.0720407866330994
1544,1545,-585.4302368164062,459.61590576171875,-577.9821186650073,456.69605371019253,8.000000000000018,2.153180868257236,-571.0576171875,454.4890441894531,18.664802576915164,-581.3018798828125,460.0234680175781,7.567152123424662,5.656741619110107,True,11.097650453490502
1545,1546,-588.868896484375,460.0687561035156,-592.3885752879812,467.25289565668726,7.999999999999997,1.1551337722007509,-609.005615234375,455.38348388671875,17.720812543154704,-598.7667236328125,460.04840087890625,6.745696685649218,5.383856773376465,True,10.975115857505486
1546,1547,-592.0352172851562,460.4857177734375,-594.2927322153328,452.81084798040325,7.999999999999964,2.8613277845415035,-590.9061279296875,443.1070556640625,18.4131376143858,-595.9068603515625,435.9913330078125,24.95276936308689,10.523873329162598,False,-6.53963174870109
1547,1548,-595.4895629882812,460.94061279296875,-588.6406416820563,465.0748934971709,8.000000000000007,8.020256679053793,-590.630126953125,455.4955139160156,10.07269065764403,-589.7105102539062,459.996337890625,9.205850518203304,1.8805168867111206,True,0.8668401394407255
1548,1549,-598.8135375976562,461.368408203125,-606.6563855067153,462.9462981471225,8.000000000000028,0.9682872901575449,-599.5700073242188,450.76177978515625,11.32686753364169,-594.5928344726562,459.6260681152344,7.844011708527564,1.6449440717697144,True,3.482855825114127
1549,1550,-602.1309204101562,461.79534912109375,-597.4136977890977,455.3340945414186,7.999999999999979,7.580257146550033,-588.975830078125,453.21319580078125,18.764095059433572,-586.4642333984375,460.03680419921875,19.097581096478084,3.89428973197937,True,-0.3334860370445121
1550,1551,-605.4365234375,462.2207946777344,-604.5503418319123,470.17156081452384,8.000000000000007,4.764842072649359,-597.3531494140625,468.4755859375,12.704301019142786,-594.9921264648438,460.4639892578125,13.810280100173552,2.9240622520446777,True,-1.1059790810307657
1551,1552,-608.6317749023438,462.6282043457031,-614.655882995974,457.3641639130832,7.999999999999954,4.862799352110599,-610.543212890625,464.7852478027344,2.329426505056039,-606.030517578125,462.8253479003906,6.097514381581982,1.9736719131469727,True,-3.7680878765259433
1552,1553,-612.1229858398438,463.0733642578125,-604.1251877925861,462.88567729694284,7.999999999999948,15.343572212153582,-584.2750244140625,456.59979248046875,31.78014374690596,-585.7108764648438,460.1338806152344,29.77932281223115,17.980066299438477,False,2.0008209346748096
1553,1554,-615.3017578125,463.47869873046875,-621.0723044652765,469.0195282106215,7.999999999999984,5.239053673869024,-631.9652099609375,461.4328308105469,13.695327304520905,-642.6306762695312,465.6346740722656,24.19718830451309,2.774858236312866,True,-10.501860999992186
1554,1555,-618.4952392578125,463.9070739746094,-617.9829942825573,455.923490500672,7.99999999999999,3.8680668487361736,-602.0598754882812,453.70855712890625,22.323944195905515,-595.939453125,460.3334655761719,26.061670608700318,5.430290222167969,True,-3.737726412794803
1555,1556,-621.6919555664062,464.33587646484375,-616.6768359190401,470.56873896313465,7.999999999999966,6.974922671474767,-613.011962890625,472.7476501464844,14.529457466027953,-608.521484375,468.08721923828125,16.97639035191614,0.6405110359191895,True,-2.446932885888188
1556,1557,-625.17724609375,464.80340576171875,-633.0854773646191,463.5951515804937,8.000000000000009,18.49311886723625,-652.9790649414062,461.87646484375,23.31025967119389,-646.97705078125,466.1194152832031,17.04434145154681,14.748157501220703,False,6.26591821964708
1557,1558,-629.945556640625,465.457763671875,-623.2981090484219,461.0067592336708,8.000000000000023,9.291463942554339,-616.6753540039062,470.2939758300781,18.933430796422343,-615.5836181640625,468.788818359375,19.74525202233874,4.782934188842773,True,-0.8118212259163968
1558,1559,-635.15478515625,466.1726379394531,-637.0497958316753,473.9449564185187,8.0,8.033591592625736,-653.4998168945312,471.1776428222656,15.545091516097768,-665.2029418945312,473.3793640136719,27.41297037869033,6.237954616546631,True,-11.86787886259256
1559,1560,-638.629150390625,466.64849853515625,-642.4819541914585,459.6373714594085,8.000000000000028,5.43300109444877,-638.1209106445312,459.900390625,8.075089212853829,-643.1358032226562,465.819580078125,1.832753262097091,2.678150177001953,True,6.242335950756738
1560,1561,-641.80908203125,467.0840148925781,-634.2321961236718,469.6512702253299,7.999999999999994,1.0572086511183836,-628.9152221679688,466.82086181640625,16.08939814569865,-642.9461059570312,467.0262451171875,2.1020488078853545,2.361609935760498,True,13.987349337813294
1561,1562,-644.9894409179688,467.51959228515625,-652.3105568391321,470.74469099200047,8.000000000000002,21.2998206145897,-666.7655029296875,470.2748718261719,18.615509896110037,-666.4754638671875,473.99688720703125,19.156194625357514,10.760162353515625,False,-0.5406847292474772
1562,1563,-648.2939453125,467.96429443359375,-645.0741051539391,460.64086427052683,8.000000000000004,4.452939391450822,-648.5368041992188,458.65789794921875,10.224612929781685,-645.290771484375,465.8140869140625,6.830058116695364,2.7069568634033203,True,3.3945548130863212
1563,1564,-651.608154296875,468.4103088378906,-649.0354582263308,475.9853490970976,7.999999999999994,2.5193401426834274,-652.7916870117188,479.0364074707031,10.400223429056808,-663.917236328125,475.2919006347656,11.065763470664832,1.3877054452896118,True,-0.6655400416080237
1564,1565,-654.9159545898438,468.8554382324219,-661.929846778752,465.0076705208297,7.99999999999995,12.15103648989699,-674.43505859375,455.3763732910156,21.253244134246952,-682.38232421875,446.3325500488281,33.22074188898725,6.5957136154174805,True,-11.967497754740297
1565,1566,-658.3579711914062,469.2770080566406,-650.5870156333552,467.3764161186391,8.000000000000021,12.682429752946042,-644.8268432617188,460.6220703125,19.227026375701968,-653.203369140625,468.5616455078125,8.649399778854551,2.9414448738098145,True,10.577626596847416
1566,1567,-661.778076171875,469.6958923339844,-666.2243055458398,476.34653473559433,7.999999999999979,6.323229395805588,-666.830078125,471.3941345214844,2.3234992382159465,-665.1876220703125,475.1885681152344,5.1159377269060045,1.3276406526565552,True,-2.792438488690058
1567,1568,-664.9139404296875,470.0799560546875,-666.1278736574199,462.17259454033854,7.9999999999999885,0.609038201816744,-662.92529296875,461.9281921386719,9.97592856579177,-665.0149536132812,469.37371826171875,3.264460320035138,0.43930941820144653,True,6.711468245756633
1568,1569,-668.0928955078125,470.46136474609375,-661.8564329694577,475.47200692127416,7.999999999999943,5.268285759681428,-664.9072875976562,470.2884216308594,6.694393903187795,-664.6913452148438,475.1081848144531,8.079396642423433,1.6607310771942139,True,-1.385002739235638
1569,1570,-671.5755615234375,470.87921142578125,-679.5587750658735,471.3971897418008,8.000000000000032,5.154682093442138,-673.481689453125,472.997802734375,2.1506499700131148,-665.69482421875,475.169189453125,9.86170312687314,2.04951548576355,True,-7.711053156860025
1570,1571,-674.7485961914062,471.2599182128906,-669.2119123032697,465.4853938582057,7.999999999999966,9.918202044437054,-673.9960327148438,467.0100402832031,6.079431281359314,-665.8251953125,474.475341796875,12.42671713382081,1.511653184890747,True,-6.347285852461496
1571,1572,-677.9260864257812,471.64837646484375,-678.1080296570844,479.64630723852406,7.9999999999999725,10.95769297000716,-676.8261108398438,484.7664489746094,13.495015348445905,-669.653564453125,482.6094055175781,15.787445827548435,2.1965484619140625,True,-2.2924304791025296
1572,1573,-681.4119262695312,472.0744934082031,-686.6802916049879,466.0541672798145,8.000000000000004,17.691156617616716,-697.2146606445312,469.6515808105469,12.940384239955852,-693.7268676757812,464.5531311035156,12.089665712638713,3.490277051925659,True,0.8507185273171398
1573,1574,-684.5831909179688,472.4621887207031,-676.6317904132408,473.3426601929338,8.000000000000032,15.216393622744798,-660.7597045898438,480.4130859375,28.37139555980846,-664.1622314453125,478.34600830078125,24.569728223668132,15.235087394714355,False,3.8016673361403264
1574,1575,-688.1329345703125,472.9537048339844,-694.5907997735011,477.67556643905556,7.999999999999963,6.426036635428483,-700.3043823242188,472.4761962890625,8.971210881885144,-693.7828369140625,464.2397766113281,9.473205685412005,1.6848626136779785,True,-0.5019948035268609
1575,1576,-691.3812255859375,473.40350341796875,-689.808968451353,465.5595243573932,7.9999999999999885,17.325496545285127,-689.654052734375,445.3470153808594,28.93806895704456,-691.6273803710938,439.9653625488281,34.021266606312416,17.996017456054688,False,-5.083197649267856
1576,1577,-694.6322631835938,473.8536682128906,-690.4930649391636,480.69961868695236,8.000000000000005,3.313907894978971,-688.27587890625,485.58758544921875,14.840566287339506,-683.2963256835938,491.8196105957031,22.81382604143284,1.4612594842910767,True,-7.973259754093334
1577,1578,-697.9788208007812,474.3583679199219,-705.6553098666443,472.10636533962014,8.00000000000004,11.78051097665644,-704.5595092773438,466.5863342285156,8.88596716836102,-700.0004272460938,454.80377197265625,20.10318383016066,0.204648956656456,True,-11.21721666179964
1578,1579,-701.3262329101562,474.8631896972656,-694.1446228944346,471.33835245533703,7.9999999999999885,12.724253017891217,-689.1315307617188,462.6873779296875,20.056618387074558,-693.421875,452.9938049316406,25.04263138445266,6.017179012298584,True,-4.986012997378101
1579,1580,-704.671142578125,475.36761474609375,-707.5856449524393,482.81782789137463,8.0,5.378496682884988,-708.5625,483.3355407714844,7.481314870040516,-705.1695556640625,475.46832275390625,2.9396993242492133,2.0964813232421875,True,4.541615545791303
1580,1581,-708.0817260742188,475.86968994140625,-710.9652093981308,468.4074165665746,7.999999999999995,14.067172869678464,-712.1747436523438,460.4822082519531,15.90317678064679,-703.42041015625,451.95623779296875,25.71068899006455,6.046016216278076,True,-9.80751220941776
1581,1582,-711.4822387695312,476.37030029296875,-704.3153546681957,479.9249834403145,8.00000000000001,15.218276914620242,-701.7587280273438,478.1127014160156,12.882969237357859,-692.9803466796875,468.68768310546875,23.079377109438063,1.972912311553955,True,-10.196407872080204
1582,1583,-714.5772705078125,476.8258972167969,-722.2630617621387,479.04594514306393,7.999999999999989,6.102816520325587,-724.92724609375,474.6814270019531,6.084128680056244,-719.2847900390625,469.7635192871094,7.644859354497765,2.390669584274292,True,-1.5607306744415208
1583,1584,-719.4871215820312,477.40570068359375,-715.3194791346734,470.57702903890464,7.999999999999984,19.23151979689619,-705.0086669921875,470.1501770019531,20.896392258027383,-700.5487060546875,460.65081787109375,29.468895458297816,4.517649173736572,True,-8.572503200270432
1584,1585,-724.3812255859375,477.983642578125,-722.841614002891,485.8340945506772,7.9999999999999885,3.436283980208842,-726.7325439453125,487.91265869140625,9.62270170587264,-729.91845703125,479.3580017089844,2.5830559826994257,2.77003812789917,True,7.039645723173214
1585,1586,-727.551025390625,478.3248291015625,-733.9891911693177,473.57614281943444,8.000000000000046,8.37132736757645,-745.1309814453125,475.5610046386719,14.440851741584092,-738.0241088867188,469.5776062011719,11.491678181408764,3.7047343254089355,True,2.9491735601753284
1586,1587,-731.035400390625,478.6999206542969,-723.0804058194378,477.852535634142,8.000000000000016,16.706126578121623,-703.067138671875,466.8826904296875,33.42804309041838,-694.3870849609375,455.3862609863281,46.314910786550946,19.00787353515625,False,-12.886867696132569
1587,1588,-734.2056274414062,479.0411682128906,-739.4989925068644,485.0395251782426,7.999999999999975,2.5530780921654643,-740.5280151367188,476.7641906738281,4.097683921007779,-734.4921264648438,471.7408752441406,8.238429702155612,1.9044195413589478,True,-4.1407457811478325
1588,1589,-737.4244384765625,479.4397888183594,-737.5731077285978,471.4411703468045,7.999999999999991,11.509697279742571,-736.0471801757812,472.24462890625,8.877893889288607,-731.473876953125,465.14208984375,17.323800686632353,1.4316542148590088,True,-8.445906797343746
1589,1590,-740.645751953125,479.8387145996094,-735.1331387285106,485.6362222913513,8.000000000000012,7.689632283847051,-732.5947265625,482.0234069824219,11.719381539811536,-733.8170166015625,467.76092529296875,16.25134066638669,0.2989305555820465,True,-4.531959126575153
1590,1591,-744.1832275390625,480.2768249511719,-752.1642171444543,479.7256399381064,7.999999999999953,10.718717075247286,-759.1536865234375,472.1158447265625,14.425955604266026,-751.1119384765625,469.241943359375,12.042826139735997,1.2685474157333374,True,2.383129464530029
1591,1592,-747.60693359375,480.763427734375,-741.3496801157994,475.7787733920284,7.999999999999964,19.28475087581807,-720.901123046875,463.637451171875,34.617764629786606,-714.623046875,454.64239501953125,44.82541357093522,17.257946014404297,False,-10.207648941148612
1592,1593,-750.7288818359375,481.2071533203125,-751.975700184322,489.10939629342664,8.000000000000007,4.75843219957265,-760.2694091796875,480.51983642578125,6.249854612820138,-750.2813110351562,472.330078125,10.120913582764004,1.7070155143737793,True,-3.8710589699438662
1593,1594,-754.1301879882812,481.6905822753906,-758.5487113728004,475.0215005469623,7.9999999999999805,11.39249148308095,-744.0050048828125,459.9634094238281,25.84287710343451,-737.4022216796875,458.0497741699219,31.238140345837362,11.490364074707031,False,-5.3952632424028515
1594,1595,-757.329833984375,482.106201171875,-749.5668523743791,484.03910482256856,7.999999999999943,15.022369314679466,-744.2239379882812,473.42877197265625,18.92875473286232,-737.2447509765625,465.70843505859375,28.96591627652246,3.569912910461426,True,-10.03716154366014
1595,1596,-760.8058471679688,482.5577392578125,-767.8356858640603,486.37629499355006,8.000000000000057,7.575901324947827,-761.9065551757812,478.9384765625,4.536516733522225,-753.944091796875,470.9226989746094,15.683736339814008,2.2822721004486084,True,-11.147219606291783
1596,1597,-763.9852294921875,482.9707336425781,-761.3810425573663,475.4064616744039,8.0,17.04812114104946,-760.7091674804688,463.79913330078125,20.697297041444298,-754.2346801757812,467.7085876464844,20.460516554969253,7.931967735290527,False,0.23678048647504468
1597,1598,-767.3713989257812,483.3948669433594,-764.1820530265604,490.7316286769257,7.999999999999998,13.955365524409137,-773.0908813476562,495.957275390625,12.454619934349877,-775.623291015625,496.27239990234375,13.512904860939463,2.2252702713012695,True,-1.058284926589586
1598,1599,-770.4658203125,483.7824401855469,-777.7734560623455,480.5269126173056,7.999999999999969,9.236787635962894,-780.3314819335938,479.66009521484375,7.916589853820978,-774.9976196289062,488.6156311035156,4.556025690442794,1.7309831380844116,True,3.360564163378184
1599,1600,-773.8504638671875,484.2063903808594,-766.262963417871,481.6706780683873,8.00000000000004,8.567508441402259,-757.1461181640625,474.50665283203125,22.44739343510464,-757.4625244140625,481.2566223144531,20.001525327512216,4.8706207275390625,True,2.4458681075924247
1600,1601,-777.1756591796875,484.6408996582031,-781.0575968173044,491.6359379123983,8.000000000000036,20.816395885477835,-791.8304443359375,491.388916015625,12.969454893415406,-798.447021484375,497.37054443359375,21.75348362477462,1.2808854579925537,True,-8.784028731359214
1601,1602,-780.5014038085938,485.0754699707031,-782.364064256671,477.2953352639536,8.000000000000012,9.322545912571263,-779.8320922851562,471.2130432128906,14.841012588488416,-773.484375,464.5130615234375,23.400918740351546,5.56727409362793,True,-8.55990615186313
1602,1603,-783.81787109375,485.5088195800781,-777.1889977664539,489.9874397259112,7.999999999999976,10.682452602785517,-773.9368896484375,485.97283935546875,14.662253801670621,-766.6103515625,489.8064880371094,22.284859972178705,2.3445005416870117,True,-7.622606170508083
1603,1604,-788.5977172851562,486.1773376464844,-796.5109066136223,487.3526821286901,8.000000000000023,13.54614295436958,-805.5831909179688,490.3115539550781,12.219279132702324,-810.8680419921875,497.8889465332031,20.254350199496503,2.7561185359954834,True,-8.03507106679418
1604,1605,-793.8464965820312,486.91143798828125,-788.8054908350227,480.699492958049,7.999999999999995,16.15099956657555,-777.8234252929688,484.7687683105469,19.392570873270284,-773.13232421875,490.2181396484375,24.079914206882794,6.210038185119629,True,-4.68734333361251
1605,1606,-797.0420532226562,487.3603210449219,-796.5630253983063,495.34596643796925,8.000000000000014,10.067925561731391,-810.639404296875,492.354248046875,11.063981681840211,-819.162109375,498.05926513671875,21.24242087148668,2.1047565937042236,True,-10.178439189646468
1606,1607,-800.533447265625,487.85076904296875,-806.2808934314519,482.28598130479565,7.9999999999999885,2.4873815203745298,-809.7694702148438,486.1314392089844,6.396708734668905,-817.44873046875,494.80438232421875,15.16086958864012,2.357614517211914,True,-8.764160853971216
1607,1608,-803.7526245117188,488.3029479980469,-795.7556764738459,488.52390518748086,8.000000000000023,9.18807101198511,-786.759033203125,489.5666198730469,20.3195180627881,-796.30810546875,496.85272216796875,13.486871507182059,6.501801013946533,True,6.83264655560604
1608,1609,-807.060546875,488.71142578125,-813.1065019146469,493.9503596096705,7.999999999999993,22.29089943335692,-840.5051879882812,500.0625915527344,32.061161687003484,-836.8782348632812,500.97027587890625,29.03718298141101,18.724781036376953,False,3.023978705592473
1609,1610,-810.3692016601562,489.1199951171875,-809.4499515290363,481.17298440897554,7.999999999999978,9.080528273607262,-813.2858276367188,479.6783447265625,9.856567288324984,-811.8497314453125,489.0445556640625,1.8821581350398582,1.307958960533142,True,7.974409153285126
1610,1611,-813.6688842773438,489.5274658203125,-808.9785821134114,496.00828873187334,7.999999999999993,10.850601913485706,-801.6380615234375,498.6134033203125,17.602803705397978,-801.027099609375,498.14056396484375,17.915419896372736,2.0832619667053223,True,-0.312616190974758
1611,1612,-816.9529418945312,489.9350891113281,-824.7891577145854,488.3245855808963,7.999999999999986,14.21325309161351,-838.421875,492.5679016113281,18.313993898082323,-834.3348999023438,500.43048095703125,17.329612943768197,8.825907707214355,False,0.9843809543141262
1612,1613,-820.2434692382812,490.343505859375,-813.3774080669878,486.2377533105655,7.999999999999997,6.2204779669527674,-824.0833740234375,488.70501708984375,2.1193599238069694,-827.7434692382812,498.88385009765625,9.156711776917579,1.033290982246399,True,-7.037351853110609
1613,1614,-823.5341796875,490.7519836425781,-825.8236035128335,498.41739547417563,7.999999999999993,10.900128641826731,-827.8518676757812,497.49774169921875,6.459364615703314,-829.62890625,500.45123291015625,9.755574199873077,2.5463433265686035,True,-3.2962095841697634
1614,1615,-826.7283325195312,491.1368408203125,-830.2180939357609,483.9381211245753,7.9999999999999964,3.7771827664435986,-828.33251953125,486.9162902832031,4.8718367942325305,-829.0064086914062,494.87786865234375,3.478859413224895,1.6340745687484741,True,1.3929773810076354
1615,1616,-829.9218139648438,491.5216064453125,-822.4859072190178,494.47241834500716,7.999999999999962,8.176213859717125,-835.2928466796875,503.40234375,11.6113174767682,-833.1964111328125,502.73187255859375,10.791101559473733,1.8239158391952515,True,0.8202159172944672
1616,1617,-833.4198608398438,491.9430847167969,-840.8961118529436,494.7901306927381,7.999999999999971,12.47605817931197,-862.3070068359375,496.58843994140625,25.819742694661755,-858.3107299804688,503.6275634765625,24.238952357233057,16.03563690185547,False,1.5807903374286987
1617,1618,-836.8294067382812,492.3990478515625,-833.2398038405845,485.2495897576335,7.999999999999998,7.014310427223458,-821.85546875,489.0827941894531,18.454275977136174,-827.2943115234375,498.9448547363281,14.04355626740838,6.510026454925537,True,4.410719709727793
1618,1619,-839.9287109375,492.8135070800781,-837.7461828472428,500.5100368913137,7.999999999999958,10.586708790316488,-845.041259765625,501.11553955078125,8.033026176526159,-839.4559326171875,502.343505859375,9.866379722958952,1.7113198041915894,True,-1.833353546432793
1619,1620,-843.325927734375,493.2677917480469,-850.1341872106465,489.0668867379616,7.99999999999998,6.101296093094037,-850.572509765625,489.798583984375,5.455835155688127,-847.1240234375,499.5201416015625,5.744903262517972,1.6577787399291992,True,-0.28906810682984485
1620,1621,-846.844482421875,493.78204345703125,-838.9866132087634,492.280746874196,7.999999999999996,15.32549313286412,-830.53271484375,497.30047607421875,19.790853400973987,-834.2750244140625,501.29815673828125,17.310144770442363,6.8948516845703125,True,2.4807086305316233
1621,1622,-850.0880126953125,494.256103515625,-854.8680496305576,500.6710272796064,8.000000000000039,9.559021493174743,-865.466064453125,500.0252380371094,13.266817034739557,-864.9877319335938,504.1490478515625,15.010431625094915,4.1357340812683105,True,-1.7436145903553584
1622,1623,-853.3035278320312,494.72607421875,-854.1120961009136,486.7670405239755,7.999999999999972,10.896163777123755,-856.9463500976562,467.24609375,28.181206799054404,-852.6005249023438,461.2767028808594,34.61794627558649,19.37462043762207,False,-6.436739476532086
1623,1624,-858.532470703125,495.38262939453125,-852.5600076133288,500.7051931227568,7.999999999999987,9.363682179307864,-840.4851684570312,501.6139221191406,23.520530100790705,-843.8896484375,501.7324523925781,20.264740433612108,10.670308113098145,False,3.255789667178597
1624,1625,-863.3219604492188,495.9839782714844,-871.3212089961107,496.0936262766948,8.000000000000002,15.726828413466693,-890.4263305664062,493.6328430175781,23.87308918726749,-891.6060791015625,501.46417236328125,25.398360774002217,14.41700267791748,False,-1.5252715867347284
1625,1626,-866.7154541015625,496.4111022949219,-860.8911233383759,490.9268365135252,8.000000000000021,5.040057921231116,-853.0215454101562,497.5120544433594,16.815349610485438,-853.0092163085938,501.7514343261719,17.52605460008748,3.3790910243988037,True,-0.7107049896020428
1626,1627,-869.8218994140625,496.80206298828125,-870.4120113479864,504.7802687956944,8.000000000000005,14.520765199534475,-891.400146484375,512.451904296875,23.70456718783039,-895.52783203125,511.2882080078125,26.360766679497377,8.290754318237305,False,-2.656199491666989
1627,1628,-873.2280883789062,497.23077392578125,-878.1821587927766,490.9492783765976,7.999999999999973,13.077819238413182,-887.1709594726562,485.1989440917969,16.47617002329941,-882.1793212890625,481.7653503417969,16.912616772016825,2.4703369140625,True,-0.4364467487174153
1628,1629,-876.3859252929688,497.6547546386719,-868.4898586730517,498.9401074827698,7.999999999999945,11.038522752235282,-850.202392578125,504.4935302734375,30.324553059545686,-851.5682983398438,502.8531799316406,28.674625757464167,17.80769157409668,False,1.6499273020815188
1629,1630,-879.8495483398438,498.1197814941406,-886.5401054954933,502.50571867414976,8.00000000000001,12.439304961139568,-892.1839599609375,501.8936462402344,9.7646795704007,-890.4118041992188,507.709228515625,11.779529365924834,2.4245717525482178,True,-2.0148497955241336
1630,1631,-883.0116577148438,498.5443420410156,-881.0409070876004,490.79088204142704,8.00000000000001,14.38983849398969,-873.5162963867188,486.2478332519531,18.104266021289536,-877.13037109375,482.1942443847656,19.170558766314464,3.782973289489746,True,-1.0662927450249278
1631,1632,-886.3829956054688,498.9841003417969,-882.5987788077842,506.0324833640313,7.999999999999998,10.472420072791516,-897.1214599609375,511.100830078125,14.002695065989704,-899.6312255859375,513.1922607421875,17.15365251601683,1.244075059890747,True,-3.1509574500271267
1632,1633,-889.4530639648438,499.3845520019531,-897.0045419811146,496.74349543879913,8.00000000000003,4.960236208919833,-907.797119140625,492.7219543457031,16.570658461671133,-905.6160278320312,488.5953369140625,17.020118214928836,7.157506465911865,True,-0.4494597532577025
1633,1634,-892.8258056640625,499.82452392578125,-885.4735727163655,496.6710067333753,8.000000000000043,11.435677574910956,-883.1055908203125,486.85101318359375,18.603879116467123,-882.2243041992188,483.39556884765625,21.773989746840357,4.990566253662109,True,-3.170110630373234
1634,1635,-896.0244140625,500.2378845214844,-899.3155515662567,507.5295519529685,8.00000000000001,15.357341129543592,-905.9017944335938,512.6019287109375,13.687782229335912,-902.7230224609375,514.3745727539062,14.161059050390582,0.9370147585868835,True,-0.47327682105466984
1635,1636,-899.227294921875,500.6517639160156,-901.7259631320788,493.05198384187423,7.999999999999989,8.30936081667375,-888.733154296875,482.30987548828125,23.43523674941001,-890.7257690429688,477.8393859863281,26.180559080014373,10.695831298828125,False,-2.7453223306043633
1636,1637,-902.73193359375,501.10467529296875,-895.7559157402974,505.0206904753079,8.000000000000025,11.457540949458634,-906.8307495117188,510.2824401855469,8.795027994877024,-903.133056640625,513.123779296875,11.969744551350148,1.9522123336791992,True,-3.1747165564731237
1637,1638,-906.0712890625,501.520263671875,-913.8604177684056,503.34494830293823,8.000000000000032,11.265482541187499,-912.6203002929688,508.9318542480469,7.693721212473935,-906.828369140625,513.3868408203125,11.739189664374585,1.7858996391296387,True,-4.04546845190065
1638,1639,-909.4171142578125,501.9366455078125,-904.9062099211027,495.32969900696565,7.999999999999986,9.111115008495863,-906.0047607421875,493.96722412109375,10.76098452662223,-901.571533203125,503.6871337890625,11.25834369006006,2.595313549041748,True,-0.4973591634378298
1639,1640,-912.7503662109375,502.3514709472656,-911.6136384447886,510.2702997739083,8.000000000000025,13.555764792730162,-907.16162109375,511.6250915527344,13.679508092893577,-903.9986572265625,512.7635498046875,16.888222214275803,2.2625865936279297,True,-3.2087141213822257
1640,1641,-917.7728271484375,502.991943359375,-923.9601068403585,497.9206940050303,7.999999999999992,6.630607049674941,-926.3773193359375,501.30792236328125,4.274809514665773,-921.1397094726562,506.75103759765625,3.528672663972581,1.5917454957962036,True,0.7461368506931922
1641,1642,-922.7892456054688,503.63165283203125,-914.8013584020403,503.19158689912564,8.000000000000053,19.188671785322814,-915.9498901367188,507.75732421875,10.792199968273096,-905.8173828125,512.84619140625,22.09176332184371,2.4245500564575195,True,-11.299563353570615
1642,1643,-926.1004638671875,504.09161376953125,-931.6932230260828,509.81184497033007,7.999999999999988,16.923397959037025,-949.4090576171875,508.9676208496094,20.479781255077608,-958.400634765625,519.32421875,32.53655755572163,8.405891418457031,False,-12.056776300644021
1643,1644,-929.4110717773438,504.551513671875,-929.1511058880584,496.55573867901734,7.999999999999991,14.90809046643886,-928.8065185546875,500.2226867675781,6.188652340675695,-922.085693359375,502.05438232421875,11.043666529840939,0.34544146060943604,True,-4.855014189165244
1644,1645,-932.7259521484375,505.0119934082031,-927.5165745017841,511.0834334791046,7.99999999999999,12.337908787409784,-934.7503662109375,516.6860961914062,11.289017477778973,-940.403076171875,518.9511108398438,14.264678134137785,2.0238616466522217,True,-2.975660656358812
1645,1646,-935.8081665039062,505.4467468261719,-943.7505982947897,504.4887399122287,7.999999999999948,20.11510920318974,-946.0072631835938,509.7595520019531,7.812321484969998,-958.42919921875,519.30029296875,23.422861013754503,1.6322160959243774,True,-15.610539528784503
1646,1647,-939.2006225585938,505.92523193359375,-932.6969961675323,501.2666008293433,8.000000000000005,10.69057602998707,-932.4371337890625,496.7498474121094,14.010678096510851,-943.8013305664062,493.5024108886719,12.957719295280176,1.2878001928329468,True,1.052958801230675
1647,1648,-942.5912475585938,506.40350341796875,-944.2399591585453,514.2317695133557,8.000000000000014,18.46826841743908,-946.9241333007812,516.2239379882812,9.4057800605384,-957.5764770507812,520.8124389648438,18.134857539687125,2.140852928161621,True,-8.729077479148726
1648,1649,-945.9857788085938,506.8650817871094,-950.0579879541932,499.9790733152517,7.999999999999974,16.383665612598048,-953.4068603515625,499.4158935546875,8.973344266011246,-960.9249267578125,498.7146301269531,14.605476352387933,2.82243013381958,True,-5.6321320863766875
1649,1650,-949.1009521484375,507.28863525390625,-941.446799970504,509.6154258411823,8.000000000000028,13.087258018509386,-949.9796142578125,518.3565673828125,10.900842881479573,-959.995361328125,521.3658447265625,15.54347030392342,2.248358964920044,True,-4.642627422443848
1650,1651,-952.497314453125,507.7504577636719,-959.7129725156925,511.20506030580367,7.999999999999939,15.632905477279957,-960.0408935546875,517.6046142578125,10.39045605347355,-963.0447998046875,520.9515380859375,14.74704767593239,2.057457208633423,True,-4.35659162245884
1651,1652,-955.6939697265625,508.1671447753906,-952.7069185241115,500.74572138671806,7.999999999999998,10.367678921192905,-951.2697143554688,507.483154296875,7.699557843427044,-959.89599609375,514.5660400390625,6.066202353706577,2.592823028564453,True,1.6333554897204676
1652,1653,-958.8901977539062,508.58380126953125,-956.0796568791664,516.0738520030989,8.000000000000028,12.382909938807952,-967.1331787109375,518.203857421875,10.310872646056797,-963.3114013671875,520.5626220703125,11.556566298161812,1.3639329671859741,True,-1.2456936521050146
1653,1654,-962.4034423828125,509.0417785644531,-969.535304328464,505.41734134080485,7.9999999999999565,5.317630816772144,-969.9754638671875,506.37249755859375,5.335959336461644,-964.7711791992188,514.0765991210938,4.711355212281367,0.8009381890296936,True,0.6246041241802773
1654,1655,-965.6096801757812,509.4404602050781,-957.9025949675721,507.29550389004424,8.0,7.610158297450173,-951.1248779296875,504.4002685546875,18.507861875626805,-959.8018798828125,514.4429931640625,10.121363970801626,2.66345477104187,True,8.386497904825179
1655,1656,-968.8155517578125,509.839111328125,-973.0496193586233,516.6267966148604,7.999999999999991,11.310051097915972,-966.130615234375,518.5072631835938,10.309649747835355,-964.370361328125,520.565185546875,13.013683081777648,1.4673789739608765,True,-2.7040333339422933
1656,1657,-972.3401489257812,510.27740478515625,-973.803094780955,502.41230533093255,7.9999999999999964,13.171640808369832,-962.89794921875,501.8937072753906,15.329627917649955,-964.7404174804688,498.0289611816406,16.579806001029592,0.6113570928573608,True,-1.2501780833796374
1657,1658,-975.4639892578125,510.6739196777344,-969.072460169164,515.4851935120697,8.00000000000003,14.202451940501653,-962.365478515625,518.775146484375,18.22708475176225,-963.6022338867188,520.499755859375,17.95168628109676,3.4382150173187256,True,0.2753984706654897
1658,1659,-978.9026489257812,511.1103820800781,-986.8655323372109,511.880114355599,7.999999999999983,8.622548138645453,-999.0377807617188,512.3916625976562,16.720960678132858,-992.839111328125,518.5771484375,12.637245705243476,7.602933883666992,False,4.083714972889382
1659,1660,-982.3381958007812,511.54644775390625,-976.9865600747211,505.600020670728,7.999999999999977,15.920224627621925,-964.4398803710938,503.7962951660156,22.63710505227504,-962.86962890625,513.967529296875,22.78487000172366,5.519860744476318,True,-0.1477649494486215
1660,1661,-985.5635986328125,511.9342956542969,-985.4929744838006,519.9339839125714,7.999999999999956,14.982233148893465,-976.7037963867188,517.8198852539062,13.283710976803397,-968.3336181640625,520.947021484375,22.20622784546086,2.380013942718506,True,-8.922516868657462
1661,1662,-988.796875,512.3231201171875,-994.2526628251045,506.4721048884053,7.99999999999999,11.495497212047885,-992.64794921875,495.64447021484375,17.107089181733905,-988.224609375,492.21282958984375,20.943441695172755,7.641024589538574,False,-3.8363525134388503
1662,1663,-992.336181640625,512.7487182617188,-984.3609494943756,513.3777430731768,7.999999999999948,18.6386790994588,-973.0217895507812,516.0527954101562,24.11570751037783,-965.8953247070312,520.4671630859375,31.90011773325241,12.032683372497559,False,-7.78441022287458
1663,1664,-996.9798583984375,513.2999267578125,-1003.2854465335212,518.2232953475782,7.999999999999956,8.785301696002483,-998.9564819335938,521.7862548828125,8.47967913108639,-993.7265014648438,522.3075561523438,11.853780501349902,2.1942734718322754,True,-3.374101370263512
1664,1665,-1002.089111328125,513.9064331054688,-1000.7652545767932,506.0167307472075,8.000000000000027,14.849438850706168,-1003.2115478515625,500.05072021484375,14.41354108516046,-997.71728515625,497.5299072265625,18.364732923297836,4.223978519439697,True,-3.951191838137376
1665,1666,-1005.1173706054688,514.3377075195312,-1000.7641240053171,521.0495808823315,7.999999999999985,14.124585516010185,-1007.6318359375,522.8074340820312,8.036714576350393,-1013.9845581054688,523.8584594726562,10.603165569629738,0.3506743907928467,True,-2.5664509932793447
1666,1667,-1008.45263671875,514.812744140625,-1016.1963905931862,512.8041934362227,7.999999999999992,19.38201844281357,-1031.13232421875,507.8687438964844,20.72463726694414,-1036.0601806640625,501.1617431640625,28.08927791113344,11.126235008239746,False,-7.364640644189301
1667,1668,-1011.78076171875,515.2868041992188,-1004.7140021058865,511.53701639535564,7.999999999999958,15.702713778316285,-993.4143676757812,512.5366821289062,21.758478630799328,-988.135986328125,518.7880249023438,26.98023202599518,6.263579368591309,True,-5.221753395195851
1668,1669,-1014.9401245117188,515.7105102539062,-1017.6179878520553,523.2490146102413,8.000000000000025,18.046469560523494,-1027.72998046875,525.8768310546875,13.451848944983851,-1040.26220703125,532.93896484375,27.54049601138076,1.093291997909546,True,-14.08864706639691
1669,1670,-1018.4108276367188,516.176025390625,-1021.5284410757602,508.80849619524963,8.0,18.79412774544783,-1029.2548828125,510.6739501953125,9.701032421545152,-1034.785400390625,506.743408203125,16.482912268193378,1.9774715900421143,True,-6.781879846648225
1670,1671,-1021.5745239257812,516.600341796875,-1014.2989983377889,519.9270109145465,8.00000000000001,9.248754341150828,-1012.380859375,517.630859375,12.644811819373656,-1023.1181030273438,525.9661254882812,9.125178856476701,2.837165117263794,True,3.5196329628969547
1671,1672,-1025.0118408203125,517.0396118164062,-1032.6237196617672,519.5011764617112,8.000000000000028,15.197762272843965,-1035.085205078125,519.5482177734375,7.252976237494759,-1043.864013671875,528.4884033203125,19.213079554641112,2.328118324279785,True,-11.960103317146352
1672,1673,-1028.1453857421875,517.4400024414062,-1024.1953862073967,510.4831710020832,8.000000000000039,12.217308263039131,-1035.3245849609375,499.5368347167969,18.719418783238275,-1038.74072265625,496.8655700683594,22.1972801465433,7.484581470489502,True,-3.477861363305024
1673,1674,-1031.593017578125,517.8805541992188,-1029.8063521874274,525.678491540701,7.999999999999975,17.393052141797305,-1039.6649169921875,528.8372192382812,11.409837910476304,-1050.73046875,534.2975463867188,22.283958440396397,2.510470390319824,True,-10.874120529920093
1674,1675,-1035.162841796875,518.3531494140625,-1041.7477042409457,513.8100682357579,7.999999999999936,20.154610856260412,-1055.759765625,513.5170288085938,18.118412146789478,-1059.733642578125,512.9140625,22.10349886419071,8.206428527832031,False,-3.9850867174012308
1675,1676,-1038.424072265625,518.784912109375,-1030.4997923909534,517.6868281108232,8.00000000000004,5.810156504877374,-1028.7994384765625,523.9326171875,13.719532623457125,-1039.45458984375,532.5932006835938,13.561150499634264,0.8076278567314148,True,0.15838212382286088
1676,1677,-1041.682861328125,519.2163696289062,-1046.7842336055846,525.3788367393067,8.000000000000085,16.420886630196684,-1043.43505859375,525.8468627929688,6.3616890238330095,-1047.597412109375,533.3228759765625,13.917542706140182,1.6479240655899048,True,-7.5558536823071725
1677,1678,-1044.9300537109375,519.663330078125,-1045.3311472798287,511.67339115789576,7.999999999999985,18.02002042639368,-1042.1893310546875,516.9300537109375,6.771008553469065,-1053.077392578125,513.9683837890625,7.862020438138491,1.6357773542404175,True,-1.0910118846694257
1678,1679,-1048.167724609375,520.1089477539062,-1042.47484450212,525.7295452385533,8.000000000000012,13.20902618050182,-1047.0040283203125,528.6178588867188,9.300487983915339,-1049.438720703125,535.0274047851562,14.608552581669532,0.6873350143432617,True,-5.308064597754193
1679,1680,-1051.7115478515625,520.5967407226562,-1059.7059595181133,520.2977723201175,8.000000000000039,7.646745849270142,-1066.8800048828125,529.857177734375,14.623306030610152,-1075.041015625,536.3528442382812,25.051881559364688,1.2230098247528076,True,-10.428575528754536
1680,1681,-1055.2119140625,521.0426025390625,-1049.1151334468334,515.8629050455373,7.999999999999934,11.316360116034353,-1060.5233154296875,518.1627807617188,3.912495402651057,-1059.31787109375,522.002685546875,1.0726438386870056,2.6737918853759766,True,2.839851563964052
1681,1682,-1058.3994140625,521.4486083984375,-1059.3961549608769,529.3862722601478,7.999999999999971,14.991741007288258,-1068.2159423828125,534.4851684570312,14.264406663114013,-1079.1998291015625,538.968505859375,24.558008101433654,1.9233680963516235,True,-10.29360143831964
1682,1683,-1061.5870361328125,521.8546142578125,-1066.2138853125375,515.3283391587933,8.000000000000043,10.726801218808133,-1072.7391357421875,505.856689453125,17.733249445415943,-1066.591064453125,501.8634033203125,20.599858630520483,7.1324005126953125,True,-2.86660918510454
1683,1684,-1066.5186767578125,522.463134765625,-1058.698546682053,524.1500151995032,8.00000000000006,10.058981267075248,-1060.134033203125,536.798583984375,17.774672574318505,-1064.151611328125,537.358642578125,16.03358489734599,2.266712188720703,True,1.7410876769725157
1684,1685,-1071.421630859375,523.0679931640625,-1078.3274227604288,527.1065619971197,8.000000000000085,13.556202743332708,-1090.153076171875,530.8890380859375,17.21798822507956,-1084.1954345703125,538.3489990234375,17.6927605492997,5.240472793579102,True,-0.47477232422014026
1685,1686,-1074.612548828125,523.4761352539062,-1072.2484468512398,515.8334248810812,7.999999999999993,15.578654728887983,-1055.7894287109375,505.6922607421875,28.541718874428792,-1060.10888671875,502.08807373046875,28.060364442889313,11.338093757629395,False,0.4813544315394793
1686,1687,-1077.7841796875,523.8818359375,-1074.3648182311633,531.114260650618,8.000000000000059,14.785292293597948,-1073.02001953125,529.662109375,9.813762004298573,-1082.1827392578125,537.981201171875,13.686669435515142,1.770719051361084,True,-3.8729074312165697
1687,1688,-1081.2562255859375,524.325927734375,-1088.6629890044292,521.3027083142047,8.000000000000085,9.741000849626218,-1096.7794189453125,507.25396728515625,21.361415888318366,-1093.603759765625,504.3587646484375,22.330991039584955,10.300087928771973,False,-0.9695751512665893
1688,1689,-1084.5648193359375,524.7786254882812,-1077.0611471281047,522.0046565992345,8.000000000000073,10.344277279861112,-1066.4964599609375,528.77001953125,21.669764834828175,-1076.0447998046875,536.6953125,16.47365026310822,8.255027770996094,False,5.196114571719956
1689,1690,-1087.8753662109375,525.2315063476562,-1091.5345515071601,532.3456024229077,8.000000000000039,14.760844283866051,-1099.6739501953125,534.77734375,12.441430058149617,-1090.204833984375,540.2570190429688,14.605771831643798,2.184486150741577,True,-2.164341773494181
1690,1691,-1091.1827392578125,525.6840209960938,-1093.2900727525325,517.9665638020414,7.999999999999976,10.421271288978309,-1090.1510009765625,502.9894104003906,23.57345042475897,-1086.2388916015625,500.5052185058594,26.95253863223771,15.341815948486328,False,-3.379088207478741
1691,1692,-1094.5169677734375,526.155029296875,-1087.7500182077379,530.4221587272153,7.999999999999941,16.564717537499376,-1083.40576171875,534.634033203125,16.517807473003057,-1083.5145263671875,539.8076782226562,19.47647121263067,1.6510049104690552,True,-2.958663739627614
1692,1693,-1097.8526611328125,526.626220703125,-1105.7248036566377,528.0507810158473,8.000000000000057,11.913609821287176,-1096.1298828125,533.6478271484375,8.277587337069148,-1089.877685546875,540.6232299804688,17.633202558727742,2.850539207458496,True,-9.355615221658594
1693,1694,-1101.1910400390625,527.0977783203125,-1096.3486438030309,520.7297960108782,8.000000000000083,14.743109035572445,-1082.84130859375,512.9522705078125,26.0232530156161,-1082.409423828125,510.5346374511719,27.79136733980932,9.22623062133789,False,-1.7681143241932205
1694,1695,-1104.3963623046875,527.53271484375,-1103.6654843404087,535.4992584732879,7.999999999999957,15.45127357340464,-1100.0982666015625,537.7550048828125,12.333071065962969,-1090.78662109375,541.03759765625,21.29783820650762,2.015042543411255,True,-8.964767140544652
1695,1696,-1107.6026611328125,527.9678344726562,-1113.5229106979086,522.5872541055418,7.999999999999915,11.112123198585603,-1110.306884765625,510.8481140136719,17.61531283140343,-1102.537841796875,506.636474609375,23.4352919133666,8.154553413391113,False,-5.819979081963172
1696,1697,-1111.1175537109375,528.4447631835938,-1103.1176161156989,528.4131645714748,8.000000000000021,16.850951607250824,-1096.312255859375,534.02587890625,18.86482246030978,-1090.146240234375,540.4962158203125,26.950458288335195,2.0682883262634277,True,-8.085635828025413
1697,1698,-1114.4571533203125,528.8640747070312,-1120.3347137738117,534.2912547404798,7.999999999999991,14.961544819848154,-1135.9073486328125,539.5989990234375,20.84442787421074,-1143.1895751953125,549.0275268554688,32.16749518948613,9.14692211151123,False,-11.323067315275392
1698,1699,-1117.7945556640625,529.2831420898438,-1117.1266329444327,521.3110733971766,8.000000000000046,16.32892598749655,-1108.1973876953125,511.5498046875,22.291986123622845,-1101.6070556640625,504.7071533203125,31.71991997473079,9.248866081237793,False,-9.427933851107944
1699,1700,-1121.135986328125,529.70263671875,-1116.2434367274586,536.0321673810519,8.000000000000007,18.827773627488767,-1111.026123046875,541.7649536132812,17.777315075205152,-1106.503662109375,543.6144409179688,22.45761132200283,2.2552552223205566,True,-4.680296246797678
1700,1701,-1124.43115234375,530.0885620117188,-1132.3143026833516,528.726232857938,8.000000000000075,15.325014803671765,-1138.031494140625,521.964111328125,13.364282983763868,-1142.5751953125,519.1566772460938,18.66961038973936,0.9157726168632507,True,-5.305327405975493
1701,1702,-1127.727294921875,530.4745483398438,-1120.9942650792718,526.1540959169351,8.000000000000107,9.677012749028872,-1110.04248046875,522.3484497070312,22.640168705021978,-1103.843017578125,516.5509643554688,30.715403331349098,8.883445739746094,False,-8.07523462632712
1702,1703,-1131.0216064453125,530.8604125976562,-1133.0679094279271,538.5942760631787,7.999999999999985,21.921634257089746,-1153.6591796875,546.3558349609375,24.717485227008915,-1157.19873046875,552.113525390625,31.13007690683191,11.787550926208496,False,-6.412591679822995
1703,1704,-1134.0947265625,531.25,-1137.8099961361054,524.1650319693422,8.000000000000078,10.579588227516854,-1136.4725341796875,515.8336791992188,15.876993860062742,-1142.7943115234375,514.0205078125,18.441380591072665,6.403317451477051,True,-2.5643867310099235
1704,1705,-1137.4775390625,531.6788330078125,-1129.9521877653897,534.3934393982639,7.999999999999979,13.526998452150822,-1126.5447998046875,534.5423583984375,14.517104186419553,-1127.7442626953125,544.0877075195312,17.761081739189656,1.9682197570800781,True,-3.2439775527701027
1705,1706,-1140.856201171875,532.107177734375,-1148.2388512844607,535.18881322793,7.9999999999999725,12.624629298518157,-1168.0723876953125,541.4429321289062,25.271114902992817,-1175.2010498046875,549.3817749023438,35.072329987043446,15.7942533493042,False,-9.801215084050629
1706,1707,-1144.3873291015625,532.6311645507812,-1141.0252075371486,525.3719539472719,7.999999999999973,9.005678533907174,-1133.876953125,531.5074462890625,13.823180791084525,-1127.8681640625,539.2216796875,20.663738275951765,2.571636199951172,True,-6.84055748486724
1707,1708,-1147.6070556640625,533.10888671875,-1145.182653163296,540.7326831820797,8.000000000000043,16.39628415749446,-1138.4892578125,543.7654418945312,15.999235515379866,-1144.86767578125,550.2188720703125,17.66892797958071,1.4160194396972656,True,-1.6696924642008462
1708,1709,-1150.8338623046875,533.5877075195312,-1157.7713417730906,529.6038176333165,7.999999999999966,22.584565967562266,-1177.193603515625,530.9320678710938,21.677751748208408,-1191.598876953125,533.127197265625,35.8458037121154,13.716750144958496,False,-14.16805196390699
1709,1710,-1155.7705078125,534.2450561523438,-1147.9639474086482,532.4964525205811,8.000000000000009,12.823040791052037,-1132.3807373046875,547.2847290039062,30.90758222851232,-1141.9466552734375,552.1917114257812,25.507100447023664,14.895442008972168,False,5.400481781488658
1710,1711,-1160.6990966796875,534.9013061523438,-1165.2742465845631,541.4639278348664,7.999999999999948,16.806244391093376,-1171.246826171875,548.2188110351562,14.920471279167522,-1176.3558349609375,553.9849853515625,22.519677040193933,0.9476776123046875,True,-7.599205761026411
1711,1712,-1163.808837890625,535.2844848632812,-1164.8682519896845,527.3549425204525,8.000000000000023,15.351034939172484,-1172.0809326171875,531.0805053710938,6.702970379877872,-1184.46923828125,531.3419799804688,17.783294847703296,2.314802885055542,True,-11.080324467825424
1712,1713,-1167.229736328125,535.7060546875,-1161.0922284519668,540.8374284869905,8.000000000000087,13.642595603784219,-1168.772216796875,541.6167602539062,5.798611749638226,-1174.691162109375,549.381103515625,13.861770644991356,1.5658246278762817,True,-8.06315889535313
1713,1714,-1170.6358642578125,536.1257934570312,-1178.6276647524355,536.4879051168026,7.999999999999946,20.383437177444115,-1197.53173828125,530.9998168945312,24.401069442050613,-1200.1220703125,529.349365234375,27.316981643877426,14.681544303894043,False,-2.9159122018268135
1714,1715,-1173.7647705078125,536.5264282226562,-1168.1164684548785,530.8610346865619,7.999999999999904,8.102223270032884,-1166.3419189453125,534.3546142578125,11.16098538777923,-1173.797607421875,541.7471923828125,5.86475261979744,2.508606195449829,True,5.296232767981789
1715,1716,-1177.1932373046875,536.9654541015625,-1177.5312011056997,544.9583121929592,7.999999999999988,15.396825982358967,-1183.817626953125,545.9085693359375,9.079133769902755,-1182.7674560546875,551.7506713867188,14.502523714393702,2.830845355987549,True,-5.423389944490946
1716,1717,-1180.6339111328125,537.4059448242188,-1185.7838052081745,531.2839687533286,7.9999999999999964,16.854535500360097,-1197.529296875,533.2899169921875,14.492581834209373,-1199.12060546875,533.2647094726562,16.019662824888965,5.085740089416504,True,-1.5270809906795915
1717,1718,-1183.7562255859375,537.7996215820312,-1175.8235185517776,538.8350727446604,7.99999999999997,13.048472113278478,-1172.313720703125,547.4270629882812,17.480091093555064,-1182.1953125,556.80517578125,19.231071036556475,2.0976290702819824,True,-1.7509799430014112
1718,1719,-1187.179443359375,538.231201171875,-1193.7282118558173,542.8261583185745,8.000000000000009,16.183232160101735,-1193.298583984375,544.671630859375,6.58131944701468,-1195.5291748046875,552.0006713867188,14.214571255459276,2.6041109561920166,True,-7.633251808444596
1719,1720,-1190.6114501953125,538.6638793945312,-1188.8864410714427,530.8520714397383,7.999999999999998,12.193805947467489,-1197.4578857421875,533.6573486328125,6.564093907114726,-1201.326904296875,533.5813598632812,9.336141636942976,1.1391640901565552,True,-2.77204772982825
1720,1721,-1193.80419921875,539.110595703125,-1189.7993668069983,546.0360066912024,8.00000000000001,13.340931213450741,-1198.6116943359375,551.3842163085938,11.859342203107474,-1196.7381591796875,556.348876953125,16.759446559389936,0.6798407435417175,True,-4.900104356282462
1721,1722,-1197.2916259765625,539.5985717773438,-1204.922712665127,537.1972146711196,7.999999999999916,7.46947993543259,-1203.3961181640625,524.7640991210938,15.556545834872152,-1202.6697998046875,524.384033203125,15.813037654086399,5.192123889923096,True,-0.25649181921424713
1722,1723,-1200.4766845703125,540.0442504882812,-1193.2276653219353,536.6602114907728,8.000000000000062,6.1989093179281465,-1202.23291015625,544.7928466796875,5.306908009658047,-1196.436279296875,552.6802978515625,15.090956659601476,1.7972886562347412,True,-9.78404864994343
1723,1724,-1205.586669921875,540.6799926757812,-1208.6459856139961,548.0719198599425,7.999999999999994,17.465167524868452,-1208.4404296875,555.4148559570312,14.26983690756835,-1202.77294921875,562.4393310546875,22.45587537204112,2.1190569400787354,True,-8.18603846447277
1724,1725,-1210.2296142578125,541.2576293945312,-1212.966945147011,533.7405142827986,8.000000000000014,10.069016943880586,-1209.498291015625,536.3301391601562,6.543578575809594,-1202.472900390625,533.548583984375,13.537752136504826,2.0098114013671875,True,-6.994173560695232
1725,1726,-1213.3311767578125,541.6336669921875,-1206.2350158522913,545.3275132806723,7.999999999999997,17.13681711143019,-1197.5169677734375,563.601806640625,28.889582394212788,-1201.135986328125,565.6890869140625,28.333682105435482,8.974559783935547,False,0.5559002887773055
1726,1727,-1216.754150390625,542.0486450195312,-1224.4817959125587,544.1183055441916,7.999999999999959,10.591575621126974,-1228.2415771484375,534.8347778320312,11.121281206556263,-1224.8365478515625,531.92138671875,11.535279844140588,2.644954204559326,True,-0.4139986375843243
1727,1728,-1220.1458740234375,542.4598999023438,-1215.8457843115696,535.7138470957103,7.999999999999955,16.6022363871515,-1213.7666015625,534.02392578125,13.092372434889487,-1204.966796875,533.4168701171875,20.718106706120324,2.80025053024292,True,-7.6257342712308365
1728,1729,-1223.382568359375,542.908935546875,-1221.9964274903982,550.7879338011807,7.999999999999956,15.098376432491923,-1225.6915283203125,574.5387573242188,31.193512493720547,-1219.0946044921875,566.708251953125,24.53424976202061,15.886627197265625,False,6.659262731699936
1729,1730,-1226.6282958984375,543.3593139648438,-1232.9725798851427,538.4859105651612,8.000000000000101,11.98476094295273,-1225.7474365234375,524.69384765625,19.66241209572597,-1224.25634765625,524.6417236328125,20.100649698517067,8.413474082946777,False,-0.4382376027910979
1730,1731,-1230.174560546875,543.8513793945312,-1222.204546284881,543.1593731347236,8.00000000000008,19.309203768568395,-1213.9703369140625,545.6670532226562,19.461912881090385,-1203.8233642578125,552.2369995117188,30.604861624562176,7.235520362854004,True,-11.142948743471791
1731,1732,-1233.38525390625,544.3153686523438,-1238.7946508688137,550.2092998108665,7.999999999999918,23.256353196126206,-1243.1693115234375,551.8367309570312,9.412808417843712,-1254.80224609375,555.4631958007812,20.832352260417423,1.2667592763900757,True,-11.419543842573711
1732,1733,-1236.892578125,544.8222045898438,-1236.8851504482582,536.8222080379934,7.999999999999963,8.91358912750644,-1224.1510009765625,537.60595703125,17.71261788413882,-1223.369140625,534.75537109375,19.779402965356436,0.35267937183380127,True,-2.066785081217617
1733,1734,-1240.111328125,545.2874145507812,-1234.7128850377626,551.1913803563953,8.000000000000052,15.899497880182281,-1246.5164794921875,553.7030639648438,8.523235210252468,-1254.6131591796875,556.764404296875,15.667919055310199,1.7512481212615967,True,-7.144683845057731
1734,1735,-1243.4815673828125,545.7384643554688,-1251.4502829047622,545.0316596227188,7.999999999999946,14.220899162334899,-1244.7261962890625,547.2776489257812,2.1490272345470793,-1255.041015625,553.7086181640625,11.363865875018002,1.8022983074188232,True,-9.214838640470923
1735,1736,-1246.5555419921875,546.14990234375,-1240.2022194311337,541.2882881637472,7.999999999999964,6.9915184873054015,-1244.2879638671875,540.5914306640625,8.239938138857184,-1257.3914794921875,548.4585571289062,7.693568218124689,1.4932228326797485,True,0.546369920732495
1736,1737,-1249.925537109375,546.6009521484375,-1251.3263062452565,554.4773628682998,7.999999999999998,11.70281755950129,-1247.3135986328125,559.056396484375,13.234893636241189,-1256.6531982421875,555.3369140625,9.261059228952433,2.615062713623047,True,3.9738344072887557
1737,1738,-1252.6943359375,546.9646606445312,-1256.981891366216,540.2106345529553,7.999999999999997,8.699701169927245,-1259.2523193359375,539.0970458984375,8.990884218301032,-1259.2073974609375,547.0361328125,3.5121126728383922,2.4975645542144775,True,5.47877154546264
1738,1739,-1255.7103271484375,547.36083984375,-1247.986538140219,549.4448464072047,8.000000000000005,11.508338168589,-1256.1392822265625,557.2779541015625,9.867866840067357,-1261.3037109375,564.3018798828125,16.740853949859908,2.232887029647827,True,-6.87298710979255
1739,1740,-1258.7388916015625,547.7586669921875,-1265.8418994438557,551.4393299205636,8.000000000000076,10.500866970709685,-1266.010986328125,554.27587890625,8.056903562012062,-1261.6025390625,562.43310546875,14.434687320851026,2.542151689529419,True,-6.377783758838964
1740,1741,-1260.9417724609375,548.0135498046875,-1258.1904876218473,540.5015306530751,7.999999999999976,0.8810704965765015,-1257.8223876953125,536.199462890625,13.304426868840457,-1262.6201171875,536.6189575195312,11.698787612644917,3.165299654006958,True,1.6056392561955395
1741,1742,-1263.365966796875,548.2939453125,-1260.3203825847247,555.6915406519803,7.999999999999975,10.997511181345748,-1267.9700927734375,556.980224609375,8.765829135775336,-1262.73046875,559.0091552734375,10.838921049558015,2.1095998287200928,True,-2.0730919137826795
1742,1743,-1265.571044921875,548.549072265625,-1272.813767788173,545.1515782653354,7.999999999999972,1.6109004753660652,-1273.2867431640625,548.7434692382812,5.612312999245917,-1267.8140869140625,550.2330932617188,1.1323579204983876,1.366046667098999,True,4.47995507874753
1743,1744,-1267.686279296875,549.1079711914062,-1260.0507466407144,546.7207885304639,7.999999999999971,9.771237620711796,-1260.7095947265625,543.2313842773438,10.958729036137512,-1257.4317626953125,553.2989501953125,12.727346135204163,0.9572666883468628,True,-1.7686170990666508
1744,1745,-1269.6151123046875,549.6177368164062,-1273.6327977347983,556.5356992176249,7.999999999999982,4.272283626691818,-1274.2822265625,560.66357421875,10.918023786593746,-1267.341064453125,552.9749755859375,3.699097565918749,1.5235307216644287,True,7.218926220674998
1745,1746,-1270.1434326171875,550.5604248046875,-1271.853932877208,542.7454271168779,8.000000000000027,4.707208791922182,-1270.0587158203125,536.756103515625,14.673819632561393,-1267.7081298828125,539.7344970703125,12.042995976396558,6.464323997497559,True,2.6308236561648357
1746,1747,-1270.6246337890625,551.4190063476562,-1264.084409043589,556.0261161009284,8.000000000000025,7.143124831715157,-1257.390380859375,558.082763671875,14.893488446664206,-1265.098388671875,553.3671875,6.105700263626896,3.2667083740234375,True,8.78778818303731
1747,1748,-1271.106201171875,552.2782592773438,-1279.0408172777575,553.2989782652498,8.000000000000094,4.6597665098568255,-1280.768310546875,555.6209106445312,9.903170859199674,-1280.861572265625,556.0262451171875,10.076527210298906,2.589359760284424,True,-0.17335635109923153
1748,1749,-1271.03369140625,553.8015747070312,-1265.8724381997695,547.6891721238734,8.000000000000021,5.209341834697289,-1261.2850341796875,552.7861938476562,10.003484888374775,-1266.1827392578125,551.5853881835938,6.067357086416902,2.3324482440948486,True,3.9361278019578725
1749,1750,-1270.961181640625,555.3242797851562,-1270.6380605074198,563.3177516674659,7.99999999999995,1.1018937353514697,-1277.4686279296875,557.5393676757812,6.609348167428094,-1278.4608154296875,558.2243041992188,7.677873356429033,3.1348931789398193,True,-1.0685251890009386
1750,1751,-1270.8814697265625,556.9982299804688,-1276.5192418679874,551.3223577760077,7.999999999999983,8.437312238864658,-1284.5762939453125,542.1887817382812,21.925468895310026,-1288.005615234375,534.110107421875,30.44866914112427,9.549572944641113,False,-8.523200245814245
1751,1752,-1270.6866455078125,559.153564453125,-1262.6955312034465,559.5305156098501,7.999999999999921,5.323467228187564,-1260.0614013671875,560.6746215820312,10.445585429357097,-1264.890380859375,557.6466064453125,6.796449919814501,2.706603765487671,True,3.649135509542596
1752,1753,-1270.472412109375,561.5238037109375,-1276.6194379463618,566.6437718123436,7.999999999999982,5.087826292030282,-1283.2010498046875,573.7706298828125,16.283669975230286,-1274.4942626953125,577.1932373046875,13.962374228088812,3.140238046646118,True,2.3212957471414732
1753,1754,-1270.258544921875,563.8888549804688,-1269.1844081363695,555.9612935542782,8.000000000000028,6.955601802908587,-1265.7767333984375,556.4331665039062,11.016717034177635,-1265.940185546875,556.7259521484375,10.68378682859949,2.709041118621826,True,0.332930205578144
1754,1755,-1269.9805908203125,566.6162719726562,-1265.4176350561925,573.1873780207036,8.000000000000036,12.323466438510021,-1264.921142578125,588.2125854492188,19.200753120296678,-1264.1845703125,586.6377563476562,17.89141345191995,4.309244632720947,True,1.3093396683767295
1755,1756,-1269.6754150390625,569.6097412109375,-1277.4787149695926,567.8466444483664,7.999999999999982,5.445543536042396,-1282.0889892578125,556.7481689453125,20.327713129473075,-1283.204345703125,562.559814453125,17.096670548086916,9.227596282958984,False,3.231042581386159
1756,1757,-1269.3701171875,572.605224609375,-1262.425251921454,568.634223924854,7.999999999999889,6.448585013543366,-1258.036865234375,576.6201782226562,10.968857881499124,-1260.3604736328125,582.5150756835938,10.946650134027708,2.017127275466919,True,0.022207747471416184
1757,1758,-1268.9716796875,575.7566528320312,-1271.4102347762264,583.3759342337939,8.000000000000012,7.609390356686741,-1278.9453125,589.2957153320312,14.496096431903597,-1273.057373046875,584.7523803710938,7.154913828557144,0.6719956398010254,True,7.341182603346453
1758,1759,-1268.5352783203125,579.2077026367188,-1271.883914326541,571.9422613632798,7.999999999999926,1.0108655126402868,-1259.1939697265625,565.8441162109375,18.797196638379017,-1261.104248046875,571.230712890625,13.17983175785551,8.612908363342285,False,5.617364880523507
1759,1760,-1268.1343994140625,582.3790283203125,-1260.7574843753207,585.4743674796267,7.999999999999937,6.837502595754546,-1263.7406005859375,592.4779663085938,7.990403781988834,-1264.4620361328125,587.5338134765625,3.799825050144542,2.387538433074951,True,4.190578731844292
1760,1761,-1267.692626953125,585.5333251953125,-1275.2230060784868,588.2339529423956,8.000000000000025,1.4450929474966265,-1277.3475341796875,576.6321411132812,15.981194361608317,-1274.59619140625,582.4041748046875,9.893721851235336,1.5853699445724487,True,6.087472510372981
1761,1762,-1267.2091064453125,588.9857177734375,-1263.4806870697112,581.9076609101705,8.000000000000002,5.897889917737005,-1259.4566650390625,574.0736694335938,19.754429924352348,-1263.80029296875,579.9304809570312,12.849149511654852,9.322877883911133,False,6.905280412697495
1762,1763,-1266.72509765625,592.4423217773438,-1264.6931593548782,600.1799717267417,7.999999999999955,6.63971773148735,-1262.967041015625,621.0582885742188,24.00907257142329,-1259.8994140625,611.4078979492188,15.447247517597209,10.094986915588379,False,8.56182505382608
1763,1764,-1266.0828857421875,597.2522583007812,-1272.807881249008,592.9193106397489,8.000000000000098,11.973387995632132,-1272.000244140625,567.359375,35.79768291500993,-1268.137451171875,577.7630615234375,24.929250880180298,24.083139419555664,False,10.868432034829631
1764,1765,-1265.376953125,602.5390014648438,-1257.491286642483,601.1913130266253,8.000000000000068,8.115391798133626,-1250.4586181640625,603.0007934570312,14.81486695339645,-1257.3572998046875,594.6727905273438,13.408605374347484,1.9657822847366333,True,1.4062615790489659
1765,1766,-1265.0313720703125,605.668212890625,-1269.935666657718,611.9886475750392,8.000000000000043,6.604640203766411,-1274.1568603515625,606.3280639648438,9.899399878454194,-1267.802734375,598.171630859375,11.37043459959603,2.279858112335205,True,-1.4710347211418355
1766,1767,-1264.652587890625,609.0969848632812,-1265.3057059777764,601.1236896370755,8.000000000000007,14.32339680544608,-1253.857177734375,587.3661499023438,27.229512803520993,-1248.85986328125,578.7831420898438,37.095369003374664,14.996513366699219,False,-9.86585619985367
1767,1768,-1264.2740478515625,612.5243530273438,-1258.4065753618008,617.9624378539984,8.000000000000082,8.931073347612722,-1262.7586669921875,604.462158203125,11.341021798861098,-1261.66748046875,595.1087646484375,20.757581664665814,3.9418540000915527,True,-9.416559865804716
1768,1769,-1263.9576416015625,615.7396240234375,-1271.9575067282694,615.6931702345893,8.000000000000009,12.892950946888261,-1276.7269287109375,604.52978515625,19.732564333869952,-1271.0750732421875,594.5473022460938,25.826729389165887,8.806583404541016,False,-6.094165055295935
1769,1770,-1263.610107421875,619.2716674804688,-1257.679876765121,613.9020898101398,8.000000000000002,20.746502143763333,-1263.35400390625,600.093505859375,22.3940631253441,-1259.3448486328125,593.9442138671875,28.81513357209097,10.678825378417969,False,-6.421070446746871
1770,1771,-1263.293701171875,622.4874877929688,-1264.0393710974045,630.4526605068627,7.999999999999973,6.724457399200443,-1263.785400390625,638.7896118164062,13.284263757659664,-1257.033203125,637.5546875,13.412029120017792,0.7787681221961975,True,-0.12776536235812763
1771,1772,-1262.9739990234375,625.5301513671875,-1267.8045620873881,619.1531881020278,8.000000000000036,18.142709318654404,-1265.2303466796875,598.9818115234375,29.707949371307997,-1261.462158203125,590.7027587890625,37.89380264727054,21.545148849487305,False,-8.185853275962543
1772,1773,-1262.65380859375,628.5778198242188,-1254.7843249343211,630.0169956070829,8.00000000000002,16.153864309127602,-1242.71044921875,630.356689453125,19.65449753707854,-1241.97119140625,627.9561767578125,20.713844188968586,3.713623523712158,True,-1.0593466518900456
1773,1774,-1262.302978515625,631.9161987304688,-1269.0778401256928,636.1707551308976,8.000000000000037,12.837543832966196,-1279.420654296875,642.3162231445312,19.022110434112832,-1289.94287109375,638.1277465820312,28.144559972723258,6.252944469451904,True,-9.122449538610425
1774,1775,-1262.014892578125,634.6428833007812,-1259.893232028448,626.9293525585113,8.000000000000005,21.50077996461013,-1248.680419921875,623.2177734375,19.241416956767576,-1255.9190673828125,614.9401245117188,23.159918190258118,6.747312068939209,True,-3.9185012334905416
1775,1776,-1261.7279052734375,637.3597412109375,-1258.0819365817215,644.4806198294106,8.000000000000005,7.742026667074363,-1266.8309326171875,656.372802734375,17.379559746200428,-1276.434326171875,656.6705322265625,22.522377416597028,2.0293078422546387,True,-5.1428176703965995
1776,1777,-1261.465576171875,639.8421630859375,-1268.964084408986,637.0542652725343,8.000000000000075,14.527152754499204,-1275.3055419921875,625.6412963867188,21.37424358528705,-1284.9969482421875,621.8717041015625,30.970465654193,6.511970043182373,True,-9.596222068905949
1777,1778,-1261.223388671875,641.7208251953125,-1253.81102415147,638.7113647425667,7.9999999999999165,5.2295718944754634,-1246.761962890625,654.43701171875,17.997848157774012,-1236.939453125,655.198486328125,26.786312922793183,2.8664135932922363,True,-8.788464765019171
1778,1779,-1261.0028076171875,643.4315185546875,-1264.4355932007156,650.6575813234102,7.999999999999957,10.346226905071612,-1272.184326171875,652.853759765625,13.690560038559841,-1284.226318359375,656.6785888671875,26.075131371917855,2.6426594257354736,True,-12.384571333358014
1779,1780,-1260.760986328125,645.3079833984375,-1263.1108923397155,637.6608962577877,8.000000000000025,12.137357896317685,-1262.114501953125,626.3419189453125,19.888456899932187,-1259.842529296875,617.864990234375,28.271089316920214,10.657054901123047,False,-8.382632416988027
1780,1781,-1260.1617431640625,646.13427734375,-1253.2634624618272,650.185662705965,8.000000000000117,8.050187269914309,-1251.7740478515625,658.2848510742188,13.744523126424898,-1250.5382080078125,661.5836181640625,17.183913433334084,2.073817729949951,True,-3.4393903069091856
1781,1782,-1259.5628662109375,646.9602661132812,-1267.3861152035026,648.6326222955369,8.000000000000004,7.28318916538381,-1270.5738525390625,653.8615112304688,13.116391774233808,-1270.626953125,652.9803466796875,12.785767245473155,4.89150857925415,True,0.3306245287606533
1782,1783,-1258.9124755859375,647.857177734375,-1254.2735156230212,641.3395055684509,8.000000000000085,11.137705876079067,-1249.932861328125,629.2847290039062,19.95714618683737,-1254.396484375,622.7111206054688,25.351544692954583,7.760045528411865,False,-5.394398506117213
1783,1784,-1257.0726318359375,647.9210205078125,-1256.0906322499795,655.8605215508994,7.999999999999995,4.510310165766369,-1257.7701416015625,666.1010131835938,18.31153724738652,-1253.23193359375,664.2100830078125,16.32226077423535,2.1647045612335205,True,1.9892764731511718
1784,1785,-1255.0623779296875,647.9907836914062,-1261.149529758541,642.7997739040443,8.000000000000057,5.268703885303681,-1263.60302734375,635.8677978515625,15.975182176691623,-1255.010498046875,626.7334594726562,21.190096282902825,2.917078733444214,True,-5.214914106211202
1785,1786,-1253.013916015625,647.8292846679688,-1245.0189629721117,647.5451617508791,7.999999999999889,16.771951612710154,-1229.8206787109375,647.03955078125,21.33291471726878,-1235.44775390625,643.9548950195312,16.13257917427106,7.017985820770264,True,5.200335542997717
1786,1787,-1251.1439208984375,647.681884765625,-1256.847228181553,653.2919013462031,7.999999999999926,2.9996911749234574,-1255.2237548828125,655.111328125,9.635046202028754,-1246.8955078125,655.7364501953125,8.539427551614088,2.257513999938965,True,1.095618650414666
1787,1788,-1249.27197265625,647.5343627929688,-1248.8560431143935,639.5451824460113,8.000000000000039,13.358850207952182,-1245.6876220703125,632.9926147460938,14.282429304721685,-1240.7822265625,633.39453125,15.013772962524405,7.303325176239014,True,-0.7313436578027197
1788,1789,-1246.5703125,647.2477416992188,-1241.4803922161666,653.4196710170431,7.999999999999929,11.381237997372638,-1236.3548583984375,658.55126953125,13.913170266098355,-1234.8873291015625,655.9599609375,12.852628350771981,2.0192031860351562,True,1.0605419153263735
1789,1790,-1244.0865478515625,646.9841918945312,-1252.00877501182,645.8713950481664,8.000000000000108,8.626443532419808,-1251.733154296875,653.8316040039062,12.368379478822577,-1247.1502685546875,654.353271484375,9.429029724050032,3.3358092308044434,True,2.939349754772545
1790,1791,-1241.612548828125,646.7217407226562,-1235.019261605878,642.1908949291035,8.000000000000025,6.677319832068637,-1222.8472900390625,638.1549072265625,17.834641208570222,-1234.855712890625,644.3128051757812,4.339416373417707,3.9496898651123047,True,13.495224835152515
1791,1792,-1238.7255859375,646.276123046875,-1240.5267283810724,654.07072925232,7.9999999999999885,3.765364709144381,-1240.01025390625,660.5228271484375,15.395834960389493,-1235.129150390625,655.7796630859375,10.00219315175868,1.0044022798538208,True,5.393641808630813
1792,1793,-1235.5526123046875,645.7864379882812,-1239.489686761177,638.8222837162925,8.000000000000014,2.0930201776173116,-1243.869140625,632.200927734375,17.421000448972116,-1243.5859375,629.0823974609375,19.7096241802816,5.761754035949707,True,-2.2886237313094853
1793,1794,-1232.3804931640625,645.2968139648438,-1224.7731983707006,647.7725090039974,8.000000000000068,3.807351171315108,-1233.3892822265625,653.199951171875,9.40748370276638,-1234.8221435546875,648.2091674804688,6.593825933337843,1.095347285270691,True,2.813657769428536
1794,1795,-1229.188720703125,644.7823486328125,-1236.4704111006185,648.0955019578265,8.000000000000073,6.135094724594635,-1242.231201171875,639.4376831054688,17.204494821094695,-1235.4168701171875,644.1614990234375,9.712094888015436,9.33082103729248,False,7.492399933079259
1795,1796,-1225.7049560546875,644.2207641601562,-1222.5736670902247,636.8590368206636,7.999999999999979,8.589111256127076,-1223.6895751953125,629.9196166992188,13.836140645812037,-1230.154541015625,637.5579833984375,9.813290777506248,3.973428249359131,True,4.022849868305789
1796,1797,-1222.5050048828125,643.7049560546875,-1219.841144546654,651.2484199877517,7.999999999999943,13.06243586481699,-1230.252685546875,658.9320068359375,19.3148913681424,-1232.2354736328125,663.3861083984375,24.113893888901536,2.4134042263031006,True,-4.799002520759135
1797,1798,-1219.0736083984375,643.1810302734375,-1226.1333927777666,639.4181265386362,8.000000000000066,13.296135099184099,-1239.3662109375,633.4418334960938,25.452083673553215,-1235.066162109375,639.6782836914062,19.652326219615727,14.808258056640625,False,5.799757453937488
1798,1799,-1215.640869140625,642.6568603515625,-1207.8933989022646,640.6626926289973,8.000000000000052,0.4112225794709168,-1185.0904541015625,647.6263427734375,27.962315769299007,-1187.6998291015625,638.84912109375,25.03989580593308,15.493091583251953,False,2.9224199633659254
1799,1800,-1212.5172119140625,642.1798706054688,-1216.882914409942,648.8836487728511,8.000000000000043,19.84116532020665,-1234.6763916015625,654.7899169921875,28.567254312021714,-1231.9583740234375,656.5247802734375,27.088652702790792,16.373863220214844,False,1.478601609230921
1800,1801,-1209.2781982421875,641.7124633789062,-1210.5874021777224,633.8203163291371,8.000000000000016,11.142878375408708,-1215.5382080078125,642.361083984375,9.565956507804703,-1224.1546630859375,643.1734619140625,18.219426851638815,1.3807461261749268,True,-8.653470343834112
1801,1802,-1206.03759765625,641.244873046875,-1199.7411626861228,646.1799421109266,7.999999999999974,4.073918202580592,-1194.3685302734375,644.5943603515625,8.99146998286996,-1196.7310791015625,640.7391967773438,5.757449924124511,0.9471504092216492,True,3.2340200587454486
1802,1803,-1202.488525390625,640.7327270507812,-1210.4649118347184,641.3469414225486,8.00000000000011,18.64062807685846,-1232.5428466796875,642.6739501953125,33.345911562374354,-1227.481689453125,645.4590454101562,28.670334479980863,21.561216354370117,False,4.675577082393492
1803,1804,-1199.282958984375,640.2802734375,-1193.8163157077022,634.4393992490237,8.000000000000028,18.891038846341058,-1182.908935546875,623.1681518554688,21.231847746789796,-1182.6707763671875,624.06494140625,20.689205800201126,9.468868255615234,False,0.5426419465886703
1804,1805,-1196.072265625,639.8270263671875,-1196.1577444204597,647.8265696901233,7.999999999999978,4.154816719622997,-1202.16162109375,643.4695434570312,10.463378965529209,-1200.539794921875,643.86962890625,9.187725940994776,0.5958662033081055,True,1.2756530245344333
1805,1806,-1192.5518798828125,639.330078125,-1197.8924643524751,633.373723743132,7.999999999999983,2.3187563724186058,-1194.7193603515625,628.0740356445312,12.062791584251034,-1188.61865234375,634.6444091796875,4.243061673297528,1.8723796606063843,True,7.819729910953506
1806,1807,-1189.2720947265625,638.8368530273438,-1181.3106543737513,639.6213704004012,7.999999999999996,3.602913917403181,-1178.2930908203125,635.332275390625,8.267653843870681,-1185.871337890625,635.8302612304688,2.516360764683074,2.3191559314727783,True,5.751293079187607
1807,1808,-1185.9927978515625,638.3436889648438,-1192.3932500635801,643.1430859563084,8.000000000000059,8.169013552885167,-1186.1685791015625,641.5061645507812,5.035191718569203,-1192.12353515625,639.4566650390625,9.552662974340153,2.029092788696289,True,-4.517471255770951
1808,1809,-1182.70703125,637.8495483398438,-1181.2294830692695,629.9871790166932,7.999999999999958,5.771114826796503,-1188.478515625,621.81201171875,18.697119745534,-1183.49560546875,627.8603515625,10.905435827034617,6.870997905731201,True,7.791683918499382
1809,1810,-1177.806884765625,637.1644897460938,-1173.5854286422662,643.9600256483282,8.000000000000043,3.589270476952906,-1166.9354248046875,647.3668823242188,12.419764505143116,-1172.2567138671875,639.6792602539062,3.2655830431939616,1.5771348476409912,True,9.154181461949154
1810,1811,-1172.9132080078125,636.4803466796875,-1180.6162969196146,634.3210826344923,8.000000000000043,13.705617097909482,-1192.4044189453125,630.180419921875,23.41796629923982,-1189.754150390625,635.156494140625,20.04493219694444,13.325617790222168,False,3.373034102295378
1811,1812,-1169.7281494140625,636.0274658203125,-1162.5895694801538,632.4162781310339,8.000000000000044,2.9142646719419316,-1171.2412109375,625.8098754882812,10.83613993628202,-1176.922119140625,626.9793701171875,13.475921578162907,2.3520925045013428,True,-2.6397816418808873
1812,1813,-1166.543212890625,635.5746459960938,-1169.3676573327027,643.0594648712314,8.000000000000034,7.051213386216495,-1179.786865234375,634.4379272460938,16.751113346626433,-1180.8607177734375,632.8953857421875,17.94592821605676,5.779309272766113,True,-1.1948148694303278
1813,1814,-1163.0479736328125,635.0776977539062,-1166.0212387078275,627.6507404500236,7.999999999999988,12.83019716808918,-1164.659912109375,620.113037109375,15.291176970031778,-1174.1064453125,626.9888916015625,16.2039723116131,4.4395856857299805,True,-0.9127953415813224
1814,1815,-1159.808837890625,634.6143188476562,-1152.5996071833658,638.0823143219197,8.000000000000034,7.643178368122878,-1155.676025390625,639.1895141601562,5.116927158124942,-1166.885009765625,633.5238037109375,10.341121792755324,2.079416036605835,True,-5.224194634630382
1815,1816,-1156.5628662109375,634.1500244140625,-1164.2213258527638,636.4625978538733,8.000000000000036,15.968056545788889,-1179.276123046875,633.0169067382812,26.274396584786253,-1174.93701171875,627.6453857421875,22.732932595986448,15.87695598602295,False,3.541463988799805
1816,1817,-1153.0091552734375,633.6416625976562,-1148.924166392892,626.7632277578239,8.000000000000043,10.867288100176681,-1153.02001953125,614.7283325195312,18.716563070374075,-1166.9705810546875,620.5136108398438,21.235807624878937,7.811760425567627,False,-2.519244554504862
1817,1818,-1149.93212890625,633.1884155273438,-1148.2979566000397,641.0197296490998,7.999999999999987,13.245397585031583,-1161.0137939453125,648.0109252929688,21.065219286645615,-1165.39111328125,639.8994140625,20.16789528905215,4.004988193511963,True,0.8973239975934639
1818,1819,-1146.555419921875,632.6910400390625,-1153.0503844024493,628.0203402632175,8.000000000000004,20.279649765778398,-1169.9505615234375,610.471435546875,34.47178712267936,-1176.83447265625,600.1958618164062,46.43513515382144,19.933366775512695,False,-11.963348031142083
1819,1820,-1143.1846923828125,632.1945190429688,-1135.2404953446205,631.2512622283194,8.000000000000044,9.345151864059895,-1138.4991455078125,632.5634155273438,1.5663197034485459,-1153.64501953125,628.0830078125,14.300389472958045,1.7604011297225952,True,-12.7340697695095
1820,1821,-1139.81201171875,631.7091674804688,-1145.0326545527457,637.7709236946239,7.99999999999996,15.7080200675511,-1155.1190185546875,638.1268920898438,19.916927932893728,-1165.947509765625,626.0574951171875,29.95948916923351,8.833756446838379,False,-10.042561236339782
1821,1822,-1136.436767578125,631.2234497070312,-1136.6818855176189,623.2272057640454,7.9999999999999964,13.426459334438928,-1128.4202880859375,615.5625610351562,15.999933099816388,-1138.472412109375,622.4102783203125,9.808065831673119,5.992172718048096,True,6.19186726814327
1822,1823,-1133.3603515625,630.78076171875,-1127.7782240484266,636.5113683547552,8.000000000000089,6.845399819918415,-1139.5635986328125,641.6704711914062,14.839126733391044,-1143.66748046875,633.2518920898438,13.971365697218399,1.041778802871704,True,0.8677610361726451
1823,1824,-1130.0076904296875,630.3177490234375,-1137.9947466948822,629.8628509946285,8.000000000000037,12.967374134042144,-1130.2681884765625,620.4973754882812,10.029028120776573,-1140.0770263671875,624.4280395507812,14.47122526533306,0.4102449119091034,True,-4.442197144556488
1824,1825,-1126.6622314453125,629.855712890625,-1120.465545524556,624.7959615529111,7.999999999999906,8.297936647276815,-1120.5921630859375,622.8826904296875,7.2116932077754115,-1128.44482421875,621.8001708984375,9.037278425640155,2.1307828426361084,True,-1.8255852178647434
1825,1826,-1123.607421875,629.4337768554688,-1124.758852300186,637.3504812187728,8.000000000000036,16.083067251738726,-1136.9560546875,660.0820922851562,36.44424117891269,-1133.4820556640625,667.34033203125,41.473525481121214,17.38859748840332,False,-5.029284302208524
1826,1827,-1118.4461669921875,628.6883544921875,-1122.9447949913297,622.0730430010078,7.99999999999999,13.81061311022661,-1123.7496337890625,609.1576538085938,21.34288836901842,-1129.4215087890625,611.38232421875,22.85354476873386,7.794166564941406,False,-1.5106563997154403
1827,1828,-1113.7421875,628.0089111328125,-1105.9564605135713,629.8480563942851,8.000000000000075,2.7079287007410957,-1108.1873779296875,620.0205078125,7.783847759168039,-1113.782470703125,618.330078125,9.793580885548694,2.9479267597198486,True,-2.009733126380655
1828,1829,-1110.3431396484375,627.4998779296875,-1117.326417195308,631.4029324647117,7.999999999999993,15.316197651963005,-1130.208251953125,639.5181884765625,26.41963516124053,-1139.7939453125,629.4147338867188,32.93596110852295,14.734314918518066,False,-6.5163259472824215
1829,1830,-1106.947265625,626.9912719726562,-1104.4344895513402,619.3961448240403,7.999999999999974,9.73760660839883,-1082.356201171875,623.6758422851562,21.688648579604216,-1075.56640625,620.144287109375,29.001430471634183,6.122919082641602,True,-7.312781892029967
1830,1831,-1103.8564453125,626.5283813476562,-1100.5788535142276,633.8261475815046,8.000000000000014,3.73728817721055,-1085.1036376953125,646.1702880859375,25.48956029174729,-1074.917724609375,653.2744140625,37.5294999392334,4.728335380554199,True,-12.039939647486115
1831,1832,-1100.7366943359375,626.03759765625,-1108.0830587837838,622.8704334042069,8.000000000000014,16.9243345516131,-1123.4439697265625,623.4046020507812,26.214660261410412,-1129.2598876953125,621.6683349609375,32.175623643615786,14.800389289855957,False,-5.9609633822053745
1832,1833,-1097.3131103515625,625.4990234375,-1089.7567411281113,622.8719939060941,7.9999999999999165,12.213625028226785,-1086.1732177734375,615.0653686523438,12.540192827782658,-1084.9818115234375,610.3671264648438,17.09015760525924,0.6986910700798035,True,-4.549964777476582
1833,1834,-1093.87890625,624.958740234375,-1097.6762047954355,632.000084122926,8.000000000000039,7.258311772907556,-1099.3341064453125,644.3311767578125,21.772351957169473,-1088.647216796875,653.5086059570312,29.111595013932913,5.672262668609619,True,-7.33924305676344
1834,1835,-1090.451904296875,624.4530029296875,-1092.408253983969,616.6958967745671,7.999999999999934,13.465979836805637,-1095.597412109375,605.324951171875,20.416566987102488,-1093.8226318359375,601.89208984375,23.034382634581483,8.598980903625488,False,-2.617815647478995
1835,1836,-1087.3284912109375,623.9920654296875,-1080.6460899176939,628.3904188666064,8.000000000000032,14.924093357680277,-1057.5758056640625,639.6317749023438,30.898022991780728,-1051.7830810546875,648.5181884765625,40.73497937632597,14.462656021118164,False,-9.836956384545239
1836,1837,-1083.9217529296875,623.4893188476562,-1091.8201927315267,624.7600071244265,7.999999999999964,12.809189543808898,-1100.918212890625,618.197021484375,20.75644621383362,-1108.8623046875,618.3299560546875,28.520045465419265,12.609230995178223,False,-7.763599251585646
1837,1838,-1080.7320556640625,623.0291137695312,-1075.7663295668042,616.7568283545484,7.999999999999958,17.595570966033936,-1067.2281494140625,603.4796142578125,21.698188719264444,-1066.1173095703125,602.1580200195312,23.39158407027583,7.310146808624268,True,-1.693395351011386
1838,1839,-1077.54345703125,622.5690307617188,-1076.968160991774,630.5483186038111,8.000000000000005,5.550729541953823,-1080.3421630859375,638.3447875976562,17.455303711963147,-1070.5643310546875,648.5587768554688,26.722145338392355,2.8455183506011963,True,-9.266841626429208
1839,1840,-1074.0462646484375,622.064453125,-1079.8604015360836,616.569381492008,8.000000000000023,13.534481557458749,-1073.6900634765625,616.9027099609375,5.5011614841725205,-1068.0369873046875,612.0087890625,10.010471846253601,1.983271598815918,True,-4.509310362081081
1840,1841,-1070.85205078125,621.6152954101562,-1062.8530196330548,621.7397971780264,7.99999999999996,7.344513012683139,-1062.90478515625,634.499755859375,14.0943503394695,-1063.4390869140625,628.4130859375,8.269559722332417,2.4337189197540283,True,5.824790617137083
1841,1842,-1067.340087890625,621.1214599609375,-1073.3224242498954,626.4329241361485,7.999999999999923,1.0610346225784582,-1069.0814208984375,622.01806640625,5.111196936795812,-1066.27587890625,619.0003662109375,2.70468408902822,0.8943857550621033,True,2.406512847767592
1842,1843,-1064.150390625,620.6729736328125,-1063.3270444741468,612.7154551052893,8.000000000000023,12.56010540634393,-1061.5953369140625,598.7723388671875,21.354931420156188,-1064.3084716796875,597.942626953125,22.632284783826922,9.50190258026123,False,-1.2773533636707342
1843,1844,-1059.2139892578125,619.9940795898438,-1054.4458725535862,626.4178684324878,7.999999999999985,1.7698890427470055,-1060.10205078125,631.5665283203125,13.566817474420988,-1059.83642578125,623.7354736328125,7.1043780678828625,1.2978938817977905,True,6.462439406538126
1844,1845,-1054.27490234375,619.3148803710938,-1062.129970224084,617.798994954796,7.999999999999944,5.813049894452556,-1066.8782958984375,604.564453125,21.365330746192118,-1063.931884765625,601.949462890625,21.276977883630767,5.676855087280273,True,0.08835286256135078
1845,1846,-1050.958740234375,618.8138427734375,-1044.1426917583003,614.6255873882203,8.00000000000005,7.0628510626324195,-1031.858642578125,608.8229370117188,18.41884407934676,-1027.57666015625,614.1474609375,20.495540634697978,2.404527425765991,True,-2.0766965553512193
1846,1847,-1047.6444091796875,618.3131103515625,-1049.841225334812,626.005574116871,8.000000000000002,11.078262443422947,-1048.6846923828125,627.9150390625,11.002407380174485,-1058.1666259765625,623.6314697265625,15.012560005647735,2.6655540466308594,True,-4.01015262547325
1847,1848,-1044.327880859375,617.81201171875,-1047.9042016081478,610.6559003514013,7.999999999999976,10.220838738665659,-1050.522216796875,615.2625732421875,9.93597455882399,-1057.2918701171875,614.6566772460938,16.70307156883897,2.195020914077759,True,-6.767097010014979
1848,1849,-1040.805419921875,617.3380126953125,-1033.3344685304044,620.1989365506925,7.999999999999943,13.408795248516965,-1030.448486328125,614.4841918945312,7.554385427729887,-1027.618896484375,617.1369018554688,9.987505871122924,2.0949766635894775,True,-2.4331204433930367
1849,1850,-1037.603759765625,616.9071655273438,-1045.0451331082631,619.8441644676694,7.999999999999984,9.111138844747178,-1054.8133544921875,626.318115234375,22.660816275077664,-1059.2486572265625,621.8941040039062,25.431113744621133,11.596549987792969,False,-2.7702974695434683
1850,1851,-1034.4013671875,616.4761962890625,-1030.8982443529267,609.2839692065872,7.999999999999977,5.003099064116412,-1019.5884399414062,598.1691284179688,21.298795165797728,-1023.74462890625,592.4793701171875,24.684631440318288,10.411040306091309,False,-3.3858362745205604
1851,1852,-1031.2393798828125,615.9987182617188,-1028.964194048779,623.6683681507693,7.999999999999981,5.555983189740886,-1021.274658203125,623.05078125,10.143105822997875,-1027.4781494140625,620.3961181640625,4.91188140742096,1.1509451866149902,True,5.231224415576914
1852,1853,-1028.0694580078125,615.5199584960938,-1034.927883294113,611.401463310685,7.999999999999992,3.988290471020537,-1036.7078857421875,595.4500122070312,22.99339412753139,-1034.080810546875,592.0916137695312,24.78972524219275,9.740020751953125,False,-1.7963311146613599
1853,1854,-1024.597412109375,614.9956665039062,-1016.7582192259246,613.3997169633319,7.999999999999964,2.295383115640401,-1004.7320556640625,627.929443359375,21.482233087494134,-999.8505249023438,638.53271484375,32.33891292121253,4.01654052734375,True,-10.856679833718399
1854,1855,-1021.5248413085938,614.5321044921875,-1026.2271697453111,621.0042067220073,7.99999999999998,7.841023373251979,-1034.2783203125,607.0614013671875,17.562053376187468,-1032.64453125,606.937255859375,16.12935162072777,8.910772323608398,False,1.4327017554596964
1855,1856,-1018.1553344726562,614.0238037109375,-1019.0598260686262,606.0750997314941,7.999999999999969,8.241969381854217,-1018.2599487304688,604.5478515625,9.617690111385782,-1026.855224609375,611.8778686523438,12.182542815048311,2.4713759422302246,True,-2.5648527036625293
1856,1857,-1014.783203125,613.51513671875,-1008.7469867815739,618.7652883599272,8.000000000000009,6.731624956997634,-1008.227783203125,631.1903076171875,18.44816607291521,-1007.7097778320312,636.487060546875,23.75526534749697,2.3077173233032227,True,-5.307099274581759
1857,1858,-1011.5759887695312,613.0485229492188,-1019.5733333195378,613.2546300778662,7.999999999999946,15.600220873386474,-1023.78759765625,612.10400390625,15.741458732310749,-1026.872314453125,615.674072265625,19.080105988982666,5.307251453399658,True,-3.3386472566719174
1858,1859,-1008.0520629882812,612.5358276367188,-1002.2942933748191,606.9817220311066,8.000000000000021,11.84361461726216,-982.7373657226562,605.309326171875,23.109344748225087,-983.6104736328125,602.9918212890625,23.0848792607318,6.482226848602295,True,0.024465487493287696
1859,1860,-1004.8363037109375,612.0679321289062,-1005.3301594011587,620.0526742385323,7.999999999999945,3.4994532475271236,-991.2483520507812,636.5900268554688,26.99504465095405,-985.7450561523438,646.3984375,38.17929462806796,13.015036582946777,False,-11.184249977113907
1860,1861,-1001.4046020507812,611.578369140625,-1006.4340640317868,605.3570740839973,8.000000000000005,9.003071000256014,-999.6101684570312,595.28857421875,15.884716045701419,-990.6779174804688,591.555419921875,20.849962179249857,5.736976146697998,True,-4.965246133548439
1861,1862,-997.9705200195312,611.0884399414062,-990.059526852771,612.2784765439831,7.999999999999995,14.549335229823521,-986.2312622070312,609.1649780273438,8.743035266199831,-983.9727172851562,604.0645141601562,12.710582416506655,1.0711534023284912,True,-3.9675471503068245
1862,1863,-994.8484497070312,610.64306640625,-1001.4856280377451,615.1093695538547,8.000000000000027,9.046661883604555,-1010.0889282226562,621.81396484375,21.792234948934603,-1020.362548828125,622.593505859375,31.272668045523645,6.990540027618408,True,-9.480433096589042
1863,1864,-991.6530151367188,610.1942138671875,-989.7759108248276,602.4175513824014,8.000000000000012,14.358790488093657,-971.0840454101562,591.7689208984375,24.999586718391683,-983.14697265625,595.8176879882812,14.905626442400644,10.00932788848877,False,10.093960275991039
1864,1865,-988.457275390625,609.7453002929688,-984.5883336608963,616.7475349285664,8.0,7.317399970471956,-979.7365112304688,627.824462890625,19.28867079322401,-973.905517578125,629.78173828125,23.30878609798001,5.5948805809021,True,-4.0201153047560005
1865,1866,-984.9423828125,609.2515869140625,-992.5251615695875,606.7017896042624,8.000000000000021,10.556632216606356,-989.2434692382812,599.1979370117188,12.224821572474113,-984.7537841796875,597.5714111328125,11.623255637577229,2.3001973628997803,True,0.6015659348968843
1866,1867,-981.6387329101562,608.7694702148438,-974.3250645102239,605.5275179425498,8.000000000000039,8.113800033389873,-974.5377807617188,603.5321044921875,6.085221982146175,-983.159423828125,600.6182861328125,9.060336057278867,2.2276322841644287,True,-2.9751140751326925
1867,1868,-978.3348999023438,608.2872924804688,-981.5378640706484,615.6181192098736,8.000000000000027,6.0776562598861235,-987.2807006835938,629.5679931640625,24.976554387651785,-982.6710205078125,620.1309814453125,14.504789953358985,8.399608612060547,False,10.4717644342928
1868,1869,-975.0260620117188,607.804443359375,-977.6161982210402,600.2353486699711,8.000000000000007,13.176810384283757,-976.3284301757812,579.12646484375,28.576550239178868,-987.5136108398438,578.3719482421875,32.94427846346928,16.471176147460938,False,-4.367728224290413
1869,1870,-971.8385009765625,607.3480834960938,-964.8157651467881,611.1796864850793,8.00000000000003,4.876010521056706,-977.4104614257812,618.44580078125,14.7192887256471,-981.036376953125,617.272216796875,16.422240281556753,2.5334341526031494,True,-1.702951555909653
1870,1871,-968.3466186523438,606.8482055664062,-976.1131761227073,608.7666906613553,8.000000000000059,14.428036739521648,-987.625732421875,598.6456909179688,23.77220451639166,-985.4334716796875,600.0408935546875,21.253607076527967,14.639554023742676,False,2.5185974398636937
1871,1872,-965.1505737304688,606.3906860351562,-960.7196740233364,599.7298206420309,8.000000000000043,9.738881698195792,-968.6617431640625,595.1248779296875,13.59009083259816,-976.3739624023438,597.3043823242188,18.3457984796956,0.9242402911186218,True,-4.75570764709744
1872,1873,-960.0160522460938,605.6102294921875,-958.7839098675772,613.5147740811606,7.999999999999985,16.156113717267125,-971.9368896484375,636.2599487304688,35.48359244469303,-973.36376953125,645.78271484375,44.68181218453966,20.022607803344727,False,-9.198219739846628
1873,1874,-955.33642578125,604.8989868164062,-961.5844123749359,599.9027218589484,8.000000000000005,17.71330062575932,-968.2904052734375,596.82080078125,17.60325504703928,-982.29248046875,596.607177734375,30.869834152342836,8.40129280090332,False,-13.266579105303556
1874,1875,-952.4466552734375,604.4921875,-944.4646559222815,603.9558234835481,7.999999999999942,8.725218749685705,-938.969482421875,601.6461181640625,10.873677330350096,-945.0079345703125,597.1416015625,8.307076382637744,2.058196783065796,True,2.5666009477123524
1875,1876,-949.5657348632812,604.086669921875,-955.0891040823633,609.873931145433,8.000000000000025,21.44787505991136,-960.9662475585938,601.5881958007812,14.709746080065413,-973.3131103515625,602.9625244140625,26.921210928540443,5.167604923248291,True,-12.21146484847503
1876,1877,-946.4004516601562,603.6410522460938,-946.2369298827424,595.6427236314198,8.00000000000003,12.614724220831299,-949.7504272460938,584.8167724609375,19.36172316186782,-948.7357177734375,580.3991088867188,23.403872915771963,8.122201919555664,False,-4.042149753904145
1877,1878,-944.13525390625,603.3463745117188,-938.8530364262793,609.3545504823684,7.999999999999948,7.415474874961776,-937.7700805664062,617.3959350585938,14.918309723502574,-937.382568359375,628.7322998046875,26.069687711089625,1.9872649908065796,True,-11.15137798758705
1878,1879,-941.8670043945312,603.0512084960938,-949.8204117258924,602.1890531612211,7.999999999999947,9.460120079369261,-965.6614379882812,597.7432861328125,26.74558692398717,-975.5537109375,594.4706420898438,37.0998478287105,16.876956939697266,False,-10.354260904723333
1879,1880,-939.384521484375,602.728271484375,-932.9375488826948,597.9915485377393,8.000000000000002,5.220276147227149,-932.9913940429688,605.2526245117188,5.5737354764778,-940.8486938476562,604.1617431640625,3.412225784604389,2.3703978061676025,True,2.1615096918734116
1880,1881,-937.8533935546875,602.5272827148438,-939.4075801319283,610.374862219578,7.99999999999998,8.881562566927999,-945.7333374023438,625.3614501953125,24.957337994943614,-939.3944091796875,631.943115234375,29.81050207239291,7.521050930023193,False,-4.853164077449296
1881,1882,-936.1751708984375,602.3069458007812,-940.3301258745436,595.4705469573454,7.999999999999983,12.809965966574824,-945.5371704101562,580.2335205078125,24.43763264238355,-948.2471923828125,578.4093627929688,27.326722268979967,11.668535232543945,False,-2.889089626596416
1882,1883,-934.6356811523438,602.1048583984375,-926.9540255967038,604.339174384261,8.00000000000005,5.217957974054524,-936.8570556640625,623.9595947265625,22.196928087177994,-937.1143798828125,632.2567138671875,30.46243146144438,7.8777666091918945,False,-8.265503374266384
1883,1884,-933.7686157226562,601.9785766601562,-940.9420882242413,605.5199453601087,7.999999999999985,11.108660647473005,-942.87548828125,618.7562255859375,19.57886641027864,-937.5338134765625,628.7574462890625,27.27722418167674,3.16277813911438,True,-7.698357771398101
1884,1885,-932.977783203125,601.8634033203125,-930.0804480179283,594.4064972041929,8.00000000000005,10.072342017037379,-937.2803344726562,597.9150390625,6.427299903563812,-944.482666015625,595.946533203125,13.657904102756664,1.5566004514694214,True,-7.230604199192852
1885,1886,-932.1132202148438,601.7374877929688,-929.2125573031142,609.1931000865712,7.999999999999997,9.659668739479635,-943.154296875,623.0598754882812,24.147181034027906,-937.4752807617188,632.488525390625,31.30386085129243,8.0711030960083,False,-7.156679817264525
1886,1887,-931.9306030273438,601.6796264648438,-939.1056553263561,598.141459636324,7.999999999999975,14.087252713236772,-944.4664306640625,583.6026611328125,22.055290113432843,-949.4140625,579.3824462890625,28.401785722800664,12.200946807861328,False,-6.346495609367821
1887,1888,-931.7485961914062,601.6218872070312,-924.067938575386,599.3841431230326,8.000000000000009,5.080174989667807,-930.5023193359375,602.8179931640625,1.638565747731192,-942.87744140625,603.907958984375,11.566867702088599,1.6194517612457275,True,-9.928301954357407
1888,1889,-931.551513671875,601.5593872070312,-935.7034171513181,608.3976397248451,8.000000000000004,16.882430667831215,-936.7467651367188,624.4899291992188,23.51769310627146,-937.4196166992188,632.4415283203125,31.44263714261163,8.234387397766113,False,-7.924944036340172
1889,1890,-931.604736328125,601.541259765625,-933.1624251230876,593.6943746754731,7.999999999999998,14.432356364542139,-950.4894409179688,588.1477661132812,23.09890148485744,-949.6051025390625,580.6448364257812,27.532520520882304,11.919844627380371,False,-4.433619036024865
1890,1891,-931.6572265625,601.5233764648438,-925.208140604778,606.2572216576984,8.000000000000025,6.453527498335336,-921.6170654296875,601.17822265625,10.10314519676204,-936.97412109375,604.1820678710938,5.9018848399838015,1.4850945472717285,True,4.201260356778238
1891,1892,-931.7149658203125,601.5037231445312,-939.6679875798989,602.3694279969754,7.999999999999975,13.05843449326311,-944.1390380859375,591.6437377929688,15.863251357295793,-946.572021484375,585.8665161132812,21.57298447554007,1.490100622177124,True,-5.709733118244278
1892,1893,-931.7185668945312,601.5115966796875,-926.4390313878564,595.5010638552401,8.00000000000001,8.467784847928897,-936.78857421875,596.4287109375,7.181960693740222,-944.4680786132812,591.8297119140625,16.01075959991411,1.4947080612182617,True,-8.828798906173887
1893,1894,-931.7218627929688,601.518798828125,-931.5547713800494,609.5170536665087,7.999999999999951,12.41364898977226,-937.8328247070312,608.1737060546875,9.027489516147304,-942.1215209960938,609.6073608398438,13.167867192912462,1.4993432760238647,True,-4.1403776767651586
1894,1895,-931.7251586914062,601.5260009765625,-937.2511102134482,595.741205407483,7.999999999999987,16.067761117716067,-951.1942138671875,599.9754028320312,19.56765389353431,-947.99951171875,593.61376953125,18.122170293390035,10.312429428100586,False,1.445483600144275
1895,1896,-931.6865844726562,601.5068969726562,-923.704346537333,602.0396985716454,7.999999999999957,6.221117545715547,-921.4799194335938,598.6116333007812,10.57072022579289,-937.0072631835938,604.31982421875,6.057779424039342,1.5060619115829468,True,4.5129408017535475
1896,1897,-931.6513671875,601.4894409179688,-937.8971233273055,606.4884938524837,8.000000000000018,11.699775550883315,-936.1995849609375,624.5419921875,23.52317873579019,-937.2196044921875,632.3382568359375,31.372995007850925,8.30420970916748,False,-7.849816272060735
1897,1898,-931.61279296875,601.4703369140625,-930.3841785089517,593.5652432075227,8.000000000000032,15.057716554358018,-943.2698974609375,591.2682495117188,15.542607044614044,-946.036865234375,586.4530029296875,20.839083145994735,1.5094226598739624,True,-5.296476101380691
1898,1899,-931.3216552734375,601.2086791992188,-926.8877832652514,607.8675664196951,7.999999999999956,10.116168389303166,-940.7132568359375,617.3381958007812,19.037292017970014,-937.5499877929688,628.583984375,28.395353051894855,4.2684245109558105,True,-9.358061033924841
1899,1900,-931.0307006835938,600.9471435546875,-938.7981135998258,599.0321248631988,7.99999999999998,12.373576987034648,-936.8236083984375,601.0896606445312,6.425972460304894,-942.8311767578125,599.2959594726562,12.465476309321522,2.0579957962036133,True,-6.0395038490166275
1900,1901,-930.4243774414062,600.5040283203125,-923.4033523543649,596.669291467915,8.00000000000002,7.099211579608119,-922.52197265625,597.6907958984375,7.733106385092381,-937.169189453125,602.3001098632812,7.623332143142724,2.1411898136138916,True,0.10977424194965746
1901,1902,-929.8704833984375,600.0991821289062,-932.4572412649909,607.6694320415461,7.99999999999996,12.66226496520707,-945.6747436523438,611.2788696289062,20.109959780679304,-940.3657836914062,607.4920043945312,13.588863403369132,7.9526143074035645,False,6.521096377310172
1902,1903,-929.263916015625,599.6558227539062,-932.4701516108299,592.3264262365905,7.999999999999992,19.329525512508088,-942.6493530273438,580.9371337890625,23.12862216774678,-947.2736206054688,578.1678466796875,28.245563112303945,9.343247413635254,False,-5.1169409445571645
1903,1904,-928.1654663085938,598.9690551757812,-920.8503517546632,602.2077430370721,7.999999999999975,10.800352189783679,-929.0258178710938,602.1653442382812,4.455024375240087,-939.195556640625,603.7743530273438,13.43622532678874,2.118459463119507,True,-8.981200951548654
1904,1905,-926.9625244140625,598.2169189453125,-934.5441644421521,600.7701001931814,8.000000000000014,15.207048589690165,-946.73876953125,590.4888916015625,22.030948939616774,-946.4639892578125,585.3236694335938,23.945333385925146,11.542614936828613,False,-1.9143844463083717
1905,1906,-925.8631591796875,597.5296020507812,-921.9973429306041,590.5256414049521,8.000000000000034,11.307812746120975,-932.4710083007812,599.3990478515625,8.723352315858499,-941.6881713867188,602.309814453125,18.386215649726598,1.6252009868621826,True,-9.6628633338681
1906,1907,-924.2528076171875,596.4736328125,-922.3722327699803,604.2494567716732,8.0,16.012780444442413,-933.2723999023438,611.1753540039062,19.175416178869774,-940.7911376953125,606.859130859375,21.635624147651463,0.5459578633308411,True,-2.4602079687816882
1907,1908,-922.49072265625,595.318115234375,-929.1298936357831,590.8547747023828,7.999999999999954,17.639163554154962,-945.8237915039062,587.7976684570312,25.883392832093886,-947.586669921875,581.4224243164062,29.721629449580366,16.541149139404297,False,-3.83823661748648
1908,1909,-920.7365112304688,594.1677856445312,-912.826049964576,592.9742184864668,7.9999999999999805,2.3367236450766433,-909.3368530273438,603.3097534179688,13.993054406229398,-915.1612548828125,602.8270874023438,10.633298260364898,2.121210813522339,True,3.3597561458645
1909,1910,-918.4950561523438,592.7299194335938,-923.5217410702381,598.9534585180868,7.99999999999996,22.074297181008514,-935.221923828125,604.16064453125,23.170986398364423,-940.89404296875,604.825927734375,28.36151633940017,11.758140563964844,False,-5.190529941035745
1910,1911,-916.0435791015625,591.1573486328125,-916.5409983307374,583.1728277260551,7.999999999999971,17.16197148488311,-923.2772216796875,573.913330078125,18.428969568763723,-929.6293334960938,557.9944458007812,35.45524316884952,8.658300399780273,False,-17.026273600085798
1911,1912,-913.8124389648438,589.7261352539062,-908.0521911290522,595.2776706154308,7.999999999999934,4.958209803255243,-911.9061889648438,608.81005859375,20.873678365521002,-917.65234375,605.63720703125,18.865961689943717,7.696073532104492,False,2.007716675577285
1912,1913,-911.0809936523438,587.9526977539062,-919.078429391434,587.7501598583885,7.9999999999999645,11.743616512885177,-925.968505859375,590.5670166015625,18.159846760661843,-938.7718505859375,592.9251708984375,31.16398160720257,10.017095565795898,False,-13.004134846540726
1913,1914,-908.3471069335938,586.1776733398438,-902.3132343325125,580.924828259897,7.999999999999985,11.481541122584458,-894.7120971679688,583.6077270507812,11.18552379529173,-893.581298828125,580.7427978515625,12.855707403405992,2.078686237335205,True,-1.6701836081142627
1914,1915,-905.85693359375,584.5609130859375,-906.7578775953098,592.5100199480984,7.999999999999977,6.362978435099911,-914.6685791015625,606.8257446289062,26.510249217431372,-917.9092407226562,601.81103515625,23.92625777567996,7.677439212799072,False,2.5839914417514116
1915,1916,-903.2526245117188,582.8994140625,-907.9578409775116,576.4294111250948,8.000000000000012,16.75023220307418,-917.1005859375,565.1557006835938,23.078285045059143,-924.6917724609375,554.2478637695312,36.19627642469856,9.815702438354492,False,-13.117991379639417
1916,1917,-900.39013671875,581.0732421875,-892.5502323441912,582.6656929395717,8.00000000000004,8.234737550446857,-888.0160522460938,578.4783935546875,9.549005262948189,-891.2377319335938,576.594482421875,6.833508275693425,2.5909695625305176,True,2.715496987254764
1917,1918,-897.5337524414062,579.2509765625,-904.3903389614318,583.3725322509997,8.000000000000009,1.476752361070096,-910.1694946289062,585.0361328125,18.655677984724043,-907.065673828125,582.3002319335938,14.69254967673043,6.0168280601501465,True,3.963128307993614
1918,1919,-893.4937133789062,576.67236328125,-891.2219507340315,569.001698741241,8.000000000000055,23.07208787106409,-875.3180541992188,556.1600341796875,22.391533173020726,-885.2880859375,547.53857421875,26.570964134010424,7.268597602844238,True,-4.1794309609896985
1919,1920,-889.0574340820312,573.8408203125,-885.551101707434,581.031483235962,8.00000000000001,18.72232209649006,-873.736328125,593.9613037109375,25.21354250530971,-873.499267578125,593.62451171875,25.03948203894366,8.929855346679688,False,0.17406046636605055
1920,1921,-886.1267700195312,572.0022583007812,-893.5694534028638,569.0685807357676,7.999999999999955,8.032408571818953,-896.7862548828125,571.6702270507812,13.666320994183225,-894.8678588867188,572.067626953125,11.818777156399715,2.445155382156372,True,1.84754383778351
1921,1922,-883.2027587890625,570.1679077148438,-875.7330849711416,567.3036498609022,7.999999999999958,12.731862859630045,-868.2939453125,564.2799072265625,12.952195374902011,-868.5493774414062,575.5704956054688,13.921481912053375,1.912853479385376,True,-0.9692865371513637
1922,1923,-880.5402221679688,568.4974975585938,-884.113348790097,575.6552043241883,7.999999999999958,13.171687065992078,-885.1951904296875,576.89111328125,12.668377524887491,-876.6651611328125,581.4624633789062,14.806987872100684,1.7911182641983032,True,-2.138610347213193
1923,1924,-877.682861328125,566.6904907226562,-879.8831104088601,558.99900816188,8.00000000000001,23.444298509040436,-878.9500732421875,547.7042236328125,17.76033422708722,-888.1878051757812,540.612060546875,27.72508101732305,8.043331146240234,False,-9.964746790235829
1924,1925,-875.0636596679688,565.0341186523438,-868.2457426535262,569.2193316199447,7.999999999999983,16.460765979400087,-861.8461303710938,582.16162109375,21.58428195074771,-865.843017578125,586.939208984375,24.5545082487026,3.4633474349975586,True,-2.9702262979548912
1925,1926,-872.1965942382812,563.220947265625,-880.0509847970844,564.7403382455191,7.999999999999994,15.270003429932894,-885.6144409179688,557.9217529296875,16.471410239932144,-890.3186645507812,546.35107421875,25.726017291532614,6.392037868499756,True,-9.25460705160047
1926,1927,-869.541015625,561.5206909179688,-864.7757663307762,555.0947747059489,8.000000000000021,17.416193101848584,-860.43115234375,559.0946655273438,6.220896169041609,-856.1930541992188,543.9371337890625,18.86559905361131,2.0907533168792725,True,-12.6447028845697
1927,1928,-866.6267700195312,559.6549072265625,-865.799872512423,567.61205750243,8.000000000000052,15.339747117740908,-860.5191040039062,571.0266723632812,13.52598488063396,-857.2392578125,577.8404541015625,20.998955963392522,2.406716823577881,True,-7.472971082758562
1928,1929,-863.9551391601562,557.9443969726562,-869.9398454285897,552.6356032414426,8.000000000000005,23.19827983132923,-883.0216674804688,534.8590087890625,30.564736643581767,-887.848876953125,524.283447265625,41.59571144731554,16.84551429748535,False,-11.03097480373377
1929,1930,-860.9951782226562,556.0494995117188,-852.9962034362019,555.9214277909238,8.000000000000007,13.121373910062204,-848.279541015625,545.154541015625,13.578491069920418,-847.3739624023438,537.7567138671875,19.841892070318483,2.486501693725586,True,-6.263401000398066
1930,1931,-858.29638671875,554.32177734375,-864.1080705784457,559.8194432771214,7.999999999999994,5.6815153710048385,-868.7176513671875,554.4854736328125,13.262678142699688,-875.9539184570312,544.3402709960938,21.970452935270043,1.531107783317566,True,-8.707774792570355
1931,1932,-855.5911254882812,552.5899658203125,-855.0193906599925,544.6104220184325,8.00000000000002,16.60806271024236,-848.6807250976562,530.0584716796875,21.04552872015169,-844.7999877929688,520.3738403320312,31.353998663528486,12.86130428314209,False,-10.308469943376796
1932,1933,-852.6944580078125,550.7177124023438,-847.7259330858986,556.9877809905109,7.999999999999999,5.975619203637309,-847.593505859375,561.30810546875,12.645890158607937,-852.5086059570312,553.6073608398438,5.456107693235986,2.663058042526245,True,7.189782465371951
1933,1934,-849.8198852539062,548.8597412109375,-857.7188913769425,547.5925781321523,7.999999999999985,10.9922539453796,-863.9337158203125,538.4346313476562,18.882945250445815,-859.6492309570312,529.236572265625,21.82855818655871,5.178788185119629,True,-2.9456129361128944
1934,1935,-847.186279296875,547.1575317382812,-840.505841653034,542.756196385601,8.000000000000002,16.027110388170485,-834.3651733398438,545.0691528320312,8.61292339844493,-834.4266967773438,541.7918090820312,8.937483607874023,1.9024388790130615,True,-0.3245602094290927
1935,1936,-842.95654296875,544.460205078125,-844.9094304667391,552.2181835790102,7.9999999999999405,5.036227829890996,-851.58544921875,547.227294921875,13.97943571920712,-853.2786254882812,551.890380859375,17.73710726904453,4.282973766326904,True,-3.7576715498374096
1936,1937,-838.7200927734375,541.758544921875,-842.5205334904729,534.7188964678469,8.000000000000043,14.665723857194896,-844.1991577148438,523.8475952148438,18.119985001024567,-837.9865112304688,517.9230346679688,22.097149038554324,7.301375865936279,True,-3.9771640375297572
1937,1938,-835.8197631835938,539.9136962890625,-828.2622222701623,542.5373531534048,8.000000000000046,10.281565146123706,-817.2412109375,557.7228393554688,25.176312658947325,-826.1423950195312,558.0372924804688,21.015533325906492,4.272080421447754,True,4.160779333040832
1938,1939,-833.1817626953125,538.2357788085938,-840.5267129070148,541.4062214255819,8.000000000000028,6.611963853177285,-852.8230590820312,533.5728149414062,22.71420161593416,-848.8467407226562,531.0426635742188,19.31782376543159,12.75131607055664,False,3.396377850502571
1939,1940,-830.2846069335938,536.3929443359375,-827.010272452735,529.0937160405998,7.99999999999994,15.378373162252313,-817.7276000976562,527.8391723632812,12.049532057997343,-815.8931884765625,519.0866088867188,19.53102511781928,2.0862231254577637,True,-7.481493059821936
1940,1941,-827.6398315429688,534.6903686523438,-825.1236660164697,542.2843735932993,7.999999999999965,17.250644908473525,-824.857666015625,554.7713623046875,21.950408274405014,-833.8726806640625,558.6965942382812,27.44090451104266,9.645751953125,False,-5.490496236637647
1941,1942,-824.7363891601562,532.8212890625,-831.7214079436781,528.9213515509688,8.000000000000052,15.400822964794019,-833.62548828125,530.3818969726562,11.810459381089807,-835.745849609375,521.9944458007812,16.549323225274605,2.9804773330688477,True,-4.738863844184799
1942,1943,-821.8286743164062,530.949462890625,-814.0437689153799,529.1068430445714,7.99999999999996,14.528974692578371,-810.1219482421875,521.025634765625,11.867912385862079,-812.8192138671875,518.025390625,12.565061206118285,1.0138012170791626,True,-0.6971488202562064
1943,1944,-818.8846435546875,529.029541015625,-823.3803186941683,535.6468595843697,7.999999999999972,5.314906226459192,-831.2842407226562,524.7180786132812,15.296820092151394,-835.05810546875,518.3472290039062,20.86394315786318,7.938407897949219,False,-5.567123065711785
1944,1945,-816.2036743164062,527.2811279296875,-817.35863784983,519.3649382378937,8.000000000000023,9.80124526694795,-817.0692138671875,519.5515747070312,6.953211859096245,-815.6492919921875,517.6188354492188,8.192071394003902,2.4632818698883057,True,-1.2388595349076565
1945,1946,-813.5157470703125,525.5281982421875,-807.3168036011131,530.5851834968298,8.000000000000007,4.276773090703715,-807.3798828125,538.653564453125,15.327586591934582,-807.9049682617188,545.23095703125,21.730025142226626,0.764780580997467,True,-6.402438550292045
1946,1947,-810.6072998046875,523.6696166992188,-818.5941522535763,524.1280793036683,8.00000000000002,6.588689119525963,-821.2166748046875,528.04833984375,14.58739121389563,-817.1652221679688,520.16796875,9.386529129413312,2.3879480361938477,True,5.200862084482319
1947,1948,-807.9541015625,521.97412109375,-802.3745321724707,516.2410237265454,7.999999999999974,3.825328741797175,-796.82177734375,509.9866027832031,13.05153159146358,-806.7569580078125,515.2149658203125,5.1918553559227965,1.5987300872802734,True,7.859676235540783
1948,1949,-805.049560546875,520.1180419921875,-805.2911097405545,528.1143945348805,7.999999999999989,4.50024759295264,-802.315673828125,537.5811157226562,19.19476378921561,-803.2960815429688,536.5673828125,18.20718621108431,5.212469577789307,True,0.987577578131301
1949,1950,-802.3204956054688,518.3863525390625,-807.5438432796044,512.3269269000186,8.00000000000003,8.101923336069744,-803.87548828125,505.9578857421875,11.522576352448374,-811.4205322265625,512.679443359375,12.479818312988739,3.0593738555908203,True,-0.9572419605403653
1950,1951,-799.590576171875,516.6541137695312,-791.6459589496106,517.5938249973563,7.999999999999985,3.70959809525411,-790.295166015625,521.7987060546875,9.450950638888974,-800.7160034179688,520.231201171875,6.856441368218165,1.3120921850204468,True,2.5945092706708097
1951,1952,-796.5936279296875,514.75244140625,-803.0865072314368,519.4260394177306,8.000000000000036,15.159441263185355,-816.3884887695312,528.6001586914062,27.373910097439598,-814.3097534179688,519.8023681640625,21.52898062629711,11.408374786376953,False,5.844929471142489
1952,1953,-793.8734130859375,513.0308837890625,-792.2427360557473,505.19884111660406,7.9999999999999964,5.33781435074871,-777.2305297851562,495.2764587402344,21.235693314193185,-775.1760864257812,495.2918701171875,22.62506083987747,7.144688129425049,True,-1.3893675256842855
1953,1954,-791.1544799804688,511.31011962890625,-787.0664216632435,518.186730654329,8.000000000000027,8.659962542470554,-792.4398193359375,520.7587280273438,12.116372853091411,-798.6839599609375,520.518310546875,15.288726207718042,1.8813477754592896,True,-3.1723533546266314
1954,1955,-788.1683349609375,509.4202575683594,-795.8278259409145,507.1111023272266,8.00000000000002,19.74733558849848,-802.6945190429688,512.9112548828125,19.927296041745866,-810.416748046875,518.615234375,29.210833156598408,7.66124153137207,False,-9.283537114852543
1955,1956,-783.7976684570312,506.5862121582031,-776.5899862331447,503.114999551711,7.9999999999999964,5.874491776213819,-772.3873901367188,507.5393981933594,8.23227255930175,-771.7171630859375,514.3570556640625,13.145040556207599,1.8387413024902344,True,-4.912767996905849
1956,1957,-779.8247680664062,504.0101318359375,-782.7947181963715,511.4384153675159,7.999999999999978,14.280087333034691,-786.3111572265625,515.3059692382812,16.1722585315018,-786.4760131835938,517.4369506835938,18.03774986216813,1.946967601776123,True,-1.8654913306663303
1957,1958,-776.934814453125,502.1292419433594,-779.7625990864445,494.6456843623982,7.999999999999988,0.8908918926148974,-775.6727294921875,487.60546875,12.88338595321142,-773.1396484375,494.5489196777344,5.980881333524158,2.360466957092285,True,6.902504619687262
1958,1959,-774.3021240234375,500.4157409667969,-767.1619331284314,504.02374235023234,7.999999999999989,10.195150552437175,-762.493408203125,505.7305603027344,11.458692706935976,-770.4566650390625,505.50531005859375,7.036937521213258,1.1137038469314575,True,4.421755185722717
1959,1960,-771.40966796875,498.533203125,-779.1117924344594,500.6959048415388,7.999999999999945,4.551272501339335,-795.42529296875,501.807373046875,27.373948066080047,-802.3499755859375,504.5671081542969,34.72157697714725,18.036956787109375,False,-7.347628911067204
1960,1961,-768.5348510742188,496.6851501464844,-764.3164282170268,489.88773088635924,7.999999999999989,11.058220645368564,-758.0536499023438,494.4585266113281,7.8815475940956645,-767.3234252929688,495.36505126953125,1.4530870451251656,1.687058687210083,True,6.428460548970499
1961,1962,-765.9164428710938,495.0019226074219,-764.4353858643241,502.8636317182131,7.999999999999983,9.908062826962764,-765.0045776367188,509.05169677734375,16.015486807488656,-767.7945556640625,511.770263671875,19.21003947036625,1.337674856185913,True,-3.1945526628775944
1962,1963,-763.045654296875,493.1564636230469,-769.4482478409759,488.35992362956847,8.000000000000028,5.95271790364373,-768.9937133789062,487.9859619140625,9.286092985605155,-769.3739013671875,490.8803405761719,9.00275460613078,2.918410062789917,True,0.28333837947437424
1963,1964,-760.391357421875,491.4832458496094,-752.4302679918376,490.6951753661204,8.000000000000004,5.196034148296982,-754.4168090820312,495.4327392578125,6.545553241049395,-759.3841552734375,488.39532470703125,2.2783685036102814,0.6137101054191589,True,4.267184737439113
1964,1965,-757.4818115234375,489.6491394042969,-762.8197371419518,495.6078766942945,7.999999999999954,8.33755393207413,-767.3974609375,502.30615234375,19.354797147446003,-770.068115234375,504.52691650390625,22.793912688753682,3.9903242588043213,True,-3.439115541307679
1965,1966,-754.5693359375,487.8131408691406,-754.6583849183545,479.8136364920552,8.00000000000001,5.685347707310648,-746.24951171875,470.4747619628906,16.475425591032504,-743.1649169921875,463.7681884765625,23.83610991570647,6.108162879943848,True,-7.360684324673965
1966,1967,-751.740478515625,486.00823974609375,-746.2712290028919,491.8466735915243,7.9999999999999885,3.6214319856113293,-753.011474609375,495.66400146484375,12.173302368587443,-754.616943359375,485.368896484375,5.824787590549992,0.7075189352035522,True,6.348514778037451
1967,1968,-748.91015625,484.202392578125,-756.8868160234105,483.59173812652756,8.000000000000025,8.428576689892887,-764.2164306640625,466.05010986328125,24.418337233507987,-755.3707275390625,465.29522705078125,19.461558688904116,10.182188987731934,False,4.956778544603871
1968,1969,-746.072509765625,482.3918762207031,-739.7782779424934,477.4539975510031,8.00000000000002,18.22944744695408,-728.2630004882812,471.8448791503906,17.26172795376939,-735.7354125976562,462.513671875,19.48455687878128,0.8885790705680847,True,-2.222828925011889
1969,1970,-743.1885375976562,480.51641845703125,-744.4942191398238,488.4091490181516,8.00000000000001,5.391790554946924,-763.201171875,480.9823913574219,23.025277447165504,-754.3836059570312,471.7862548828125,15.664418612686836,13.213500022888184,False,7.360858834478668
1970,1971,-740.2958374023438,478.63525390625,-744.6645313577292,471.9334248182936,7.9999999999999885,15.825410875119347,-731.0242919921875,463.8632507324219,14.65510362735945,-735.4609375,460.0540771484375,17.015708537155028,2.2834935188293457,True,-2.360604909795578
1971,1972,-737.6676635742188,476.92608642578125,-729.9193041109554,478.91679625598204,8.000000000000037,10.56175757883591,-733.6873168945312,472.8153991699219,2.771549281219855,-734.50537109375,462.6827392578125,12.561415901048521,0.5156455039978027,True,-9.789866619828667
1972,1973,-735.043212890625,475.2326354980469,-742.101317183989,478.99868963785923,8.000000000000028,8.992657601559293,-761.1505737304688,475.50787353515625,29.077001481601695,-753.9507446289062,469.5731506347656,22.126026850821404,21.396419525146484,False,6.950974630780291
1973,1974,-732.1524658203125,473.36737060546875,-729.4919723952581,465.8227185435614,8.000000000000028,13.64715255306995,-720.6134033203125,451.43359375,21.873886044804493,-714.1843872070312,447.2921142578125,28.544158391125556,10.57817554473877,False,-6.670272346321063
1974,1975,-729.283203125,471.5159606933594,-726.1486289355651,478.87628980630865,8.000000000000023,5.086004411404465,-730.31982421875,471.399658203125,5.606293537189857,-725.695068359375,460.3531494140625,8.605335807725783,1.504328966140747,True,-2.9990422705359263
1975,1976,-725.27783203125,468.9483642578125,-732.5610003629331,465.6384610791125,7.99999999999999,11.411097842592612,-739.7346801757812,462.8896179199219,19.1324011889938,-735.8535766601562,458.8816223144531,16.6363707013893,8.9887056350708,False,2.4960304876045
1976,1977,-720.8783569335938,466.12811279296875,-713.272167799849,463.64902286686635,7.999999999999999,17.999700931236205,-706.4215698242188,461.5768737792969,11.872517901418908,-698.4090576171875,453.8260498046875,22.1908558055576,2.6781301498413086,True,-10.318337904138692
1977,1978,-717.9815063476562,464.28326416015625,-721.9154723119766,471.24917485378194,7.999999999999978,6.738415653436331,-727.9286499023438,468.06756591796875,14.008803027289987,-721.3817138671875,455.5334167480469,9.342640515716964,5.548884868621826,True,4.666162511573024
1978,1979,-715.0971069335938,462.44635009765625,-716.9017279283247,454.6525485178509,8.000000000000004,13.578977578100195,-705.679443359375,441.480224609375,20.437430149252105,-699.9849853515625,440.1293640136719,24.107670743481016,9.55059814453125,False,-3.670240594228911
1979,1980,-712.4530639648438,460.76251220703125,-705.8577552840458,465.290414967139,8.000000000000032,14.884877130896399,-698.0860595703125,457.9738464355469,11.594868861794891,-693.9996337890625,451.1600341796875,17.47380176026104,2.3010523319244385,True,-5.878932898466148
1980,1981,-709.6395263671875,458.95281982421875,-717.56125609754,460.06915224749173,8.000000000000043,5.826605362276072,-716.7769165039062,455.4493713378906,10.096887506343604,-708.55224609375,450.11590576171875,7.234903340995646,1.229041337966919,True,2.861984165347958
1981,1982,-706.82275390625,457.14105224609375,-701.7355886596279,450.96685191296876,8.000000000000046,14.50431559935614,-690.4197998046875,453.7355651855469,13.68076710345972,-693.8965454101562,450.6446533203125,11.14366814353585,2.3650667667388916,True,2.5370989599238705
1982,1983,-704.00732421875,455.3301086425781,-703.5878291493949,463.31910256464283,8.000000000000005,9.618589514469985,-692.5256958007812,462.2669982910156,12.337311382806112,-693.9779052734375,454.34521484375,7.371139231646628,2.3590290546417236,True,4.966172151159483
1983,1984,-701.3118896484375,453.6060485839844,-707.0177001123536,447.9985779465343,7.999999999999979,9.36759323091698,-707.9963989257812,443.1221923828125,12.835651142887158,-699.650146484375,435.801513671875,16.110841875904253,1.8976083993911743,True,-3.2751907330170944
1984,1985,-698.611572265625,451.87884521484375,-690.6164932143655,452.1593999583626,7.999999999999959,6.555266549389489,-681.26123046875,451.439453125,14.465398810413593,-692.4517822265625,447.63507080078125,3.9726039875769477,1.710625171661377,True,10.492794822836645
1985,1986,-695.6535034179688,449.9867858886719,-701.7383378944019,455.18051185318046,7.999999999999983,0.7308801554514271,-692.2693481445312,454.1411437988281,5.947772853577807,-693.34326171875,450.50396728515625,2.3067338401377335,1.9675886631011963,True,3.6410390134400736
1986,1987,-692.9450073242188,448.23187255859375,-691.9665512331222,440.2919340400789,7.99999999999998,10.593098258370397,-686.9495239257812,422.9927673339844,23.51611614894598,-693.2845458984375,422.164794921875,24.37239019014188,14.320182800292969,False,-0.8562740411958991
1987,1988,-689.9825439453125,446.3124694824219,-685.3406756091662,452.8280706327289,8.000000000000004,3.0678570008003527,-683.0960693359375,462.419677734375,18.346198473586266,-692.323486328125,453.1933288574219,10.008904929257607,1.8624612092971802,True,8.33729354432866
1988,1989,-687.2691040039062,444.55438232421875,-695.0930985894302,442.8855178223213,8.000000000000055,10.282046280333912,-703.9126586914062,422.919677734375,27.831484234236136,-696.8883056640625,419.56964111328125,26.295943244323286,13.145685195922852,False,1.5355409899128496
1989,1990,-684.2781982421875,442.644775390625,-677.3817263590978,438.5903117311809,7.99999999999997,10.940102849414815,-672.7879028320312,429.33709716796875,14.503870140424224,-681.9782104492188,429.2144470214844,11.692891490224111,4.2020721435546875,True,2.810978650200113
1990,1991,-681.5444946289062,440.8992919921875,-683.8909875136449,448.54742713363675,7.999999999999987,10.3201660377598,-691.4111328125,446.85723876953125,14.765738102565509,-692.7137451171875,443.3674621582031,14.524718775368108,4.532231330871582,True,0.24101932719740127
1991,1992,-678.8131713867188,439.1553955078125,-682.2491816181265,431.93086550997447,8.000000000000021,14.464174925417796,-689.08984375,436.1228942871094,13.099670896446828,-692.3516845703125,433.1081848144531,16.85633989516288,2.0229268074035645,True,-3.7566689987160515
1992,1993,-676.0535888671875,437.4103088378906,-668.6398819636466,440.41646085473707,7.999999999999955,7.114837567617943,-677.9413452148438,440.5791320800781,7.061831620963718,-689.017333984375,438.41546630859375,16.24678295840618,1.3256759643554688,True,-9.18495133744246
1993,1994,-673.0341186523438,435.5008850097656,-680.531381904665,438.2921291276088,8.000000000000004,18.305271606837586,-685.6181030273438,428.6820983886719,16.159941310072107,-690.0689086914062,427.42718505859375,20.780702511039717,7.927948474884033,False,-4.6207612009676104
1994,1995,-670.2755126953125,433.75640869140625,-666.6327224128114,426.6339035873213,8.000000000000036,11.725505352974464,-672.227783203125,418.6092834472656,14.167116946806175,-680.0477294921875,423.237548828125,15.342707297970659,4.8178839683532715,True,-1.1755903511644838
1995,1996,-667.4051513671875,431.9302978515625,-665.2800484822359,439.6428809291293,7.999999999999984,13.588973254757226,-672.6762084960938,444.0634460449219,16.16101469233829,-682.1591186523438,439.65869140625,20.048798843809283,2.012768030166626,True,-3.887784151470992
1996,1997,-664.5337524414062,430.1035461425781,-671.310512184068,425.8520137846819,7.999999999999964,17.24378014468141,-681.6893310546875,435.7378845214844,21.082928992444835,-684.921142578125,433.2984924316406,23.517950882692794,11.468535423278809,False,-2.4350218902479597
1997,1998,-661.9114990234375,428.4353332519531,-654.0426584514863,426.9926454641021,7.999999999999966,6.486812650416001,-659.8062133789062,429.68780517578125,4.649913245847981,-671.7459716796875,427.6904296875,14.349775398522427,2.23405385017395,True,-9.699862152674445
1998,1999,-657.5457153320312,425.62432861328125,-662.3734318780022,432.0034471222728,8.000000000000005,18.046122348043863,-671.4053955078125,426.4144592285156,18.138323228364147,-682.329833984375,428.9156188964844,29.339992422319646,10.329337120056152,False,-11.2016691939555
1999,2000,-653.578125,423.0697326660156,-654.3273497055815,415.1048935376624,8.000000000000005,15.330999675476837,-669.7125244140625,410.44866943359375,21.74632953677343,-678.7957763671875,405.68109130859375,31.99882162363841,9.068122863769531,False,-10.25249208686498
2000,2001,-650.890625,421.3408203125,-644.9579984928574,426.70775078780423,7.999999999999997,6.849555709330596,-647.6788940429688,427.46771240234375,8.023488390249495,-659.9445190429688,428.69976806640625,15.14790450828758,2.545956611633301,True,-7.124416118038084
2001,2002,-647.9495849609375,419.44879150390625,-655.9494285586113,419.4988156256566,7.999999999999978,21.203045882944135,-678.5513916015625,423.7562255859375,33.84001426396217,-683.9060668945312,424.4221496582031,39.22870803598979,23.397111892700195,False,-5.388693772027622
2002,2003,-645.2549438476562,417.71527099609375,-639.3898989579612,412.2745680597203,8.00000000000001,8.752257571291562,-643.9310302734375,406.157958984375,9.952319689768826,-654.8726196289062,394.9117431640625,24.417801259515578,2.800452470779419,True,-14.465481569746752
2003,2004,-642.59912109375,416.020751953125,-643.2486806364666,423.99433787167294,8.00000000000001,13.98448807987654,-654.5363159179688,424.04107666015625,17.85034186869242,-668.1929931640625,426.8053894042969,31.199040950606673,5.510860443115234,True,-13.348699081914251
2004,2005,-639.6740112304688,414.1543884277344,-644.5811261376531,407.83614315806585,7.999999999999963,25.262966726037273,-648.2620849609375,398.3051452636719,18.111545859914926,-661.7581176757812,388.2304992675781,34.69941384575369,5.543757438659668,True,-16.587867985838763
2005,2006,-636.7581787109375,412.29400634765625,-628.8719115408013,413.63817528094995,7.99999999999999,8.691426410705244,-623.769287109375,401.3661804199219,13.559799212219176,-621.4901733398438,391.6869812011719,22.448474274065894,2.9075520038604736,True,-8.888675061846719
2006,2007,-633.8692626953125,410.41375732421875,-640.5923237390675,414.7497059173116,8.000000000000009,19.19794541082069,-642.9505004882812,417.7517395019531,14.807391045428565,-651.560546875,424.4306945800781,25.704229684997145,4.41177225112915,True,-10.89683863956858
2007,2008,-631.2333374023438,408.69818115234375,-629.2048526143057,400.9596251200663,8.000000000000002,19.84297060168031,-631.8218383789062,392.3275451660156,14.901285874933462,-638.4059448242188,381.8624572753906,26.907143173463062,4.223347187042236,True,-12.0058572985296
2008,2009,-628.3430786132812,406.81707763671875,-624.6115006742302,413.8934698025606,8.000000000000025,8.025721478877877,-606.8927001953125,424.66717529296875,27.099972431551787,-601.93212890625,427.0695495605469,32.32189407563829,8.716327667236328,False,-5.221921644086503
2009,2010,-625.6209716796875,405.0799255371094,-633.1525553444806,402.3826588650463,7.999999999999985,21.49898449031968,-645.9254760742188,388.9825134277344,27.271374467894496,-651.9401245117188,379.70660400390625,37.541953011802335,13.827775955200195,False,-10.270578543907838
2010,2011,-622.6394653320312,403.1772155761719,-615.2639324769575,400.07858441003935,8.000000000000002,19.064049098050415,-616.1140747070312,388.7963562011719,13.203730383232697,-617.2843627929688,376.770751953125,24.80974401900442,3.3964474201202393,True,-11.606013635771722
2011,2012,-619.9177856445312,401.4403381347656,-623.2631787528913,408.70727317992305,8.000000000000023,15.045536075552025,-634.1898803710938,405.0369567871094,17.981372556630884,-643.7643432617188,393.576904296875,27.397821344494385,9.224016189575195,False,-9.416448787863501
2012,2013,-617.0423583984375,399.6247253417969,-619.4843137274313,392.0065330252956,8.000000000000021,23.009708608485116,-609.1940307617188,381.8048095703125,16.98877331538475,-610.0107421875,373.5623779296875,24.802384076681374,4.932532787322998,True,-7.813610761296623
2013,2014,-614.4209594726562,397.9695129394531,-607.4743226417862,401.9374137371042,7.9999999999999964,6.32766381249175,-610.1475219726562,407.844970703125,11.77534077682517,-608.7222900390625,401.5731506347656,6.11074299173572,2.2474136352539062,True,5.664597785089449
2014,2015,-611.5435791015625,396.1526794433594,-619.3460913853637,397.91925864088523,7.9999999999999885,23.0456255074,-628.08349609375,387.0464172363281,20.639465442132312,-635.2918701171875,380.6881103515625,29.82317339784827,8.016502380371094,False,-9.183707955715956
2015,2016,-608.7725830078125,394.3317565917969,-604.2125603808837,387.7586147523188,7.999999999999984,14.886199250718581,-591.977783203125,379.77197265625,18.619556234389638,-604.2291259765625,368.67059326171875,23.70608534114596,3.8679161071777344,True,-5.086529106756323
2016,2017,-605.7254638671875,392.32940673828125,-604.6477891202424,400.2564879880097,8.000000000000002,8.799149484566264,-610.634765625,399.81439208984375,12.065455987616804,-607.453857421875,401.39154052734375,11.776060732461804,1.7678816318511963,True,0.2893952551550001
2017,2018,-602.9548950195312,390.5087585449219,-609.1042052846312,385.39153436930326,7.99999999999998,2.2326284158250953,-607.8184204101562,390.4568786621094,9.49309021484774,-604.87255859375,395.17181396484375,9.624584781217875,1.2891275882720947,True,-0.1314945663701348
2018,2019,-598.711181640625,387.77789306640625,-590.7202363653021,387.39737551517595,8.000000000000009,9.78109002977526,-579.2274169921875,399.26959228515625,20.848885161197444,-586.5451049804688,400.5498962402344,17.408574553697672,1.7120033502578735,True,3.4403106074997716
2019,2020,-594.478515625,385.0541076660156,-600.1137540648004,390.73249544130846,7.999999999999979,11.813273246404947,-608.9544067382812,404.2193298339844,26.960551752145754,-604.1445922851562,403.7354736328125,23.779775464315666,8.062164306640625,False,3.1807762878300885
2020,2021,-591.8435668945312,383.3844909667969,-591.524013277739,375.3908756717007,8.000000000000021,20.986552488553105,-584.72607421875,362.15618896484375,19.8524827243995,-591.02099609375,361.71435546875,19.946380704975066,11.90516471862793,False,-0.09389798057556575
2021,2022,-588.9536743164062,381.5533142089844,-583.7896936604111,387.66341271756085,8.00000000000003,14.756626014056982,-581.734375,401.4095153808594,22.115429438417426,-591.18359375,403.33416748046875,24.161007332671605,9.252296447753906,False,-2.04557789425418
2022,2023,-586.0634155273438,379.721923828125,-593.9984863895987,378.7047461587905,8.00000000000004,18.04857850593596,-596.263427734375,374.4535827636719,13.579639174557038,-603.4169311523438,364.355224609375,24.368436232972233,5.519331455230713,True,-10.788797058415195
2023,2024,-583.1085205078125,377.82330322265625,-576.5703525654625,373.2132750277721,8.000000000000007,8.600957431915301,-576.3370971679688,378.5620422363281,4.769493259088048,-577.95263671875,371.9477844238281,4.825454748560324,2.2283360958099365,True,-0.05596148947227597
2024,2025,-580.4191284179688,376.0952453613281,-582.1261406763873,383.9110056666093,8.000000000000005,7.036001996883188,-587.8168334960938,381.44146728515625,12.320102322213764,-592.5789184570312,368.162353515625,16.09324454655569,1.297977089881897,True,-3.773142224341928
2025,2026,-577.7300415039062,374.3674621582031,-581.750814018539,367.4512935378199,8.000000000000012,19.454197066158674,-580.7907104492188,361.58746337890625,12.424519101073175,-592.5,361.1141357421875,21.027473371089567,2.948470115661621,True,-8.602954270016392
2026,2027,-574.8062744140625,372.47576904296875,-567.1696771193936,374.8595437301098,7.999999999999968,8.959920167960147,-547.34375,381.5365295410156,27.044355401830344,-552.351806640625,389.084716796875,26.977793511619073,12.081039428710938,False,0.0665618902112719
2027,2028,-572.1458740234375,370.7545166015625,-579.3870798678151,374.15524268864317,7.999999999999999,21.066990055403018,-602.8667602539062,361.1746520996094,34.29127371370909,-600.1072998046875,361.3206481933594,31.57563389882429,23.77294158935547,False,2.715639814884799
2028,2029,-569.4885864257812,369.0352478027344,-566.4463040616466,361.6362939566237,8.000000000000014,5.889078728853249,-559.7543334960938,355.5634765625,13.646704722899894,-556.6806640625,357.829833984375,13.814369179427311,3.1407508850097656,True,-0.16766445652741702
2029,2030,-566.7642822265625,367.27215576171875,-564.0096450494686,374.7829462675558,7.999999999999987,5.154009819349014,-551.4964599609375,382.1834411621094,20.845391030978938,-556.14453125,387.98455810546875,23.89945741064673,4.313848972320557,True,-3.054066379667791
2030,2031,-563.7696533203125,365.3341369628906,-570.8743031340252,361.65664447146236,7.999999999999985,13.848954015007156,-585.7373046875,363.5512390136719,24.694464728585682,-592.9984130859375,360.7683410644531,32.07809970173776,13.371970176696777,False,-7.3836349731520805
2031,2032,-561.0428466796875,363.5694580078125,-553.3199885322304,361.48200452707204,8.000000000000043,5.321015514932241,-545.3458862304688,357.0095520019531,13.909711790630121,-552.6005859375,357.44415283203125,7.275357970158048,2.6243438720703125,True,6.634353820472073
2032,2033,-558.3824462890625,361.8601379394531,-562.6669869708453,368.61607689315514,8.000000000000005,13.648804637462888,-566.236328125,377.4226989746094,20.501199463772913,-568.85595703125,373.31524658203125,18.900334331843123,4.706780910491943,True,1.6008651319297904
2033,2034,-555.4598388671875,359.9823303222656,-556.8641231034259,352.10654554969517,8.000000000000014,3.5389617471111126,-554.8196411132812,358.9231262207031,2.426321627525304,-554.9613037109375,358.17962646484375,2.426604163795637,2.547515630722046,True,-0.0002825362703329226
2034,2035,-552.535888671875,358.1036682128906,-546.1803970065306,362.96244642266083,7.9999999999999964,2.255409991310263,-540.64013671875,354.9388732910156,9.101044968597384,-538.4718017578125,353.1076965332031,11.607361760947425,1.5680269002914429,True,-2.5063167923500416
2035,2036,-549.6467895507812,356.2462463378906,-557.6151888323618,356.9566074357175,7.999999999999961,3.1638393419065824,-559.2582397460938,351.439453125,12.63180396891037,-553.78515625,354.845458984375,6.774583125936538,3.789947509765625,True,5.857220842973832
2036,2037,-547.0167846679688,354.555419921875,-541.6209770566353,348.6490453806293,7.99999999999998,7.900414033956469,-516.4424438476562,347.61474609375,28.140450236984083,-518.2459106445312,348.3438720703125,26.237929425799173,12.493428230285645,False,1.9025208111849103
2037,2038,-544.1207885742188,352.69354248046875,-544.109790502033,360.69353492061566,7.999999999999971,5.485146020101563,-535.9876098632812,361.48345947265625,12.149309021117235,-531.6985473632812,353.0263977050781,8.53681525757077,1.7411423921585083,True,3.612493763546464
2038,2039,-539.640869140625,349.89642333984375,-545.0528960242611,344.0049069806371,8.000000000000005,9.426877515946298,-558.4379272460938,338.3935852050781,24.566141415781367,-567.427001953125,331.15228271484375,35.74498691253188,15.356016159057617,False,-11.178845496750512
2039,2040,-535.562744140625,347.3502197265625,-527.5924218301817,348.0386689023558,8.000000000000039,16.435196612162287,-515.6123657226562,350.4973449707031,17.771757398283196,-517.3568115234375,347.5663146972656,15.451561607912101,0.7758079767227173,True,2.320195790371095
2040,2041,-532.6717529296875,345.51611328125,-539.0138612860002,350.3923476477247,8.000000000000004,12.924201322911703,-547.7342529296875,340.2601318359375,18.27157460276571,-546.8623046875,345.4999084472656,17.17171825471575,7.086828708648682,True,1.0998563480499612
2041,2042,-529.7866821289062,343.685791015625,-528.4040577926554,335.8061749117271,8.0,10.839605384645896,-516.7943115234375,339.8584289550781,10.586143245712291,-518.434814453125,346.8744812011719,9.983810812618252,1.2993581295013428,True,0.6023324330940394
2042,2043,-527.1578369140625,342.01800537109375,-522.8547368689947,348.7621383770581,8.000000000000009,10.081200883058976,-513.388671875,349.25543212890625,14.268230362781022,-517.4312744140625,348.60601806640625,10.905330930792113,2.067559242248535,True,3.362899431988909
2043,2044,-524.493408203125,340.2962341308594,-532.2219766443521,338.2300226583166,7.999999999999964,2.753358038486669,-525.5510864257812,339.0942687988281,4.034788663933899,-519.183837890625,346.3139343261719,8.257420802649802,2.446308135986328,True,-4.222632138715904
2044,2045,-521.57470703125,338.41021728515625,-514.4801953949981,334.7132043499496,7.999999999999956,6.461206517332911,-503.6202087402344,338.460205078125,15.388623612667464,-513.4102172851562,347.0888366699219,11.76558811064335,1.3868544101715088,True,3.6230355020241145
2045,2046,-518.9061889648438,336.685791015625,-521.6401646950925,344.20412704871177,8.000000000000002,11.373537072032633,-518.5275268554688,349.2027282714844,14.649786147150218,-517.9318237304688,348.02923583984375,13.396853823009117,2.0871593952178955,True,1.252932324141101
2046,2047,-516.0077514648438,334.7712707519531,-519.070365867287,327.38070967569195,7.999999999999985,4.977615266519337,-521.0094604492188,300.4261474609375,33.48470522379061,-526.7091064453125,303.92999267578125,32.010104723349286,20.947189331054688,False,1.4746005004413263
2047,2048,-513.3672485351562,333.027099609375,-506.1167197130803,336.40790303463433,7.9999999999999805,10.487026443798984,-502.7300109863281,344.14068603515625,15.142041544255832,-513.2052001953125,347.9161376953125,16.825649652829046,2.3513431549072266,True,-1.683608108573214
2048,2049,-510.7157897949219,331.2756652832031,-518.3458039984982,333.6804279020955,7.999999999999955,13.48612321322297,-519.1728515625,347.0201416015625,21.030652074923704,-518.6207885742188,348.64727783203125,22.138296451864427,1.8175578117370605,True,-1.1076443769407227
2049,2050,-507.7536315917969,329.3597412109375,-503.751890387852,322.43254355700486,8.000000000000014,16.66006708750171,-494.6868896484375,304.1509704589844,25.638069241974332,-491.6352233886719,296.93524169921875,33.47183794503115,15.640090942382812,False,-7.8337687030568155
2050,2051,-505.0410461425781,327.605224609375,-503.31255078283164,335.4162619150941,8.000000000000023,16.51438235740253,-509.336181640625,345.86016845703125,21.439425658454027,-515.8927612304688,345.57989501953125,24.220077741763333,5.5780229568481445,True,-2.780652083309306
2051,2052,-502.0760192871094,325.68743896484375,-508.6268378594192,321.0954049892856,7.999999999999973,17.980516522586683,-514.5491333007812,303.8900146484375,25.23277173634645,-518.4802856445312,300.2256164550781,30.549066622339463,12.691511154174805,False,-5.316294885993013
2052,2053,-499.10321044921875,323.8428649902344,-491.17096632665084,322.8038735658294,8.000000000000012,17.605667003110355,-476.0023498535156,306.983642578125,25.128384209234696,-469.5865478515625,315.3414306640625,27.382171441395496,8.514220237731934,False,-2.2537872321608
2053,2054,-496.14495849609375,322.00732421875,-501.2921198223857,328.13159807620644,7.9999999999999964,14.851883958761976,-515.773193359375,333.3807067871094,25.859731708973477,-521.5880126953125,339.1129455566406,33.83243282950983,14.99533462524414,False,-7.97270112053635
2054,2055,-493.44647216796875,320.3329772949219,-493.78800314562045,312.3402708326962,7.999999999999981,11.616495478882447,-479.1150817871094,296.4657287597656,25.060841842217943,-474.38238525390625,292.5144348144531,30.848180459996062,11.549273490905762,False,-5.7873386177781185
2055,2056,-490.7530517578125,318.660400390625,-485.10222180387507,324.32327252688975,8.000000000000014,14.410521908497744,-472.2444763183594,330.9505310058594,21.09262619883794,-463.8677978515625,332.09844970703125,28.516832150977425,3.2987208366394043,True,-7.424205952139484
2056,2057,-488.0473327636719,316.9802551269531,-496.03929407270874,316.621710241538,7.999999999999977,4.9887215645709295,-491.1111755371094,318.9731140136719,7.132535923079903,-482.3992919921875,316.720703125,3.120206007491704,1.5494658946990967,True,4.012329915588198
2057,2058,-485.0926818847656,315.1454772949219,-478.95746475052306,310.01136483845033,7.9999999999999885,11.855174099624412,-469.9165344238281,319.8942565917969,13.31145178845752,-464.9408874511719,314.59783935546875,16.162474239673696,1.0770444869995117,True,-2.851022451216176
2058,2059,-480.9620361328125,312.46514892578125,-482.01791117386574,320.39516329510496,7.999999999999986,7.942846666939754,-482.1604309082031,317.2369384765625,9.150868844448661,-473.9269104003906,316.62957763671875,7.433551684223972,2.546247959136963,True,1.717317160224689
2059,2060,-476.8409729003906,309.791015625,-481.4190512458139,303.23043648416444,7.999999999999994,12.390060846782326,-475.9703063964844,308.4297790527344,1.8991156772723223,-473.333251953125,316.3259582519531,8.357812552793959,1.5473138093948364,True,-6.458696875521637
2060,2061,-474.1192626953125,308.00518798828125,-466.31192266762486,309.7503073802045,8.000000000000018,9.81802154215533,-472.9403076171875,317.1417236328125,11.231693564796586,-474.56488037109375,316.551513671875,11.039967195166437,1.1244367361068726,True,0.19172636963014966
2061,2062,-471.14593505859375,306.0542907714844,-478.08163582715565,310.0412764560548,7.999999999999972,11.125339612748098,-477.7626037597656,316.9802551269531,15.771356973074445,-475.0655517578125,316.3009033203125,13.741837975036272,2.982131242752075,True,2.0295189980381725
2062,2063,-468.4259033203125,304.2695617675781,-466.00490355919453,296.6446840533674,8.000000000000012,9.213819985099494,-466.9727478027344,296.7608642578125,5.787922870732559,-473.41729736328125,294.47283935546875,11.158964693879886,0.4129796624183655,True,-5.371041823147327
2063,2064,-465.5291748046875,302.3658752441406,-462.1638137914873,309.62358461079566,8.0,15.131988893408566,-473.31292724609375,325.71099853515625,27.166044254155562,-477.002197265625,316.38592529296875,21.158837343358417,11.547908782958984,False,6.007206910797144
2064,2065,-462.8830871582031,300.62689208984375,-470.26711186858006,297.5485517778343,7.999999999999979,14.530700222281217,-476.7314147949219,292.0190124511719,18.03451759561778,-478.1177062988281,290.1612548828125,20.048745031156745,6.092909336090088,True,-2.0142274355389667
2065,2066,-459.9903869628906,298.7258605957031,-452.4662479433022,296.0078959134625,8.000000000000005,5.228790450986838,-460.3393249511719,303.962646484375,7.627931822247952,-470.2757568359375,298.3187255859375,13.094711852550814,0.8804503083229065,True,-5.466780030302862
2066,2067,-457.2487487792969,296.9888610839844,-460.9608559636802,304.0754865327893,7.999999999999988,13.094711852550814,-465.7405090332031,311.63372802734375,19.864399227630848,-475.2490539550781,315.77020263671875,29.176913984015894,2.9648277759552,True,-9.312514756385045
2067,2068,-454.5061950683594,295.25128173828125,-456.55594946824215,287.5183323074262,8.000000000000021,13.94188913004484,-463.57177734375,280.21160888671875,17.83898015184116,-474.15228271484375,282.1893615722656,25.248603006280714,5.456987380981445,True,-7.409622854439554
2068,2069,-451.50384521484375,293.34912109375,-444.7688878261103,297.6665681370784,8.000000000000025,11.762408246297909,-444.0343322753906,299.4549560546875,9.155144955407463,-434.5769348144531,287.8067321777344,14.528627272897346,1.9041506052017212,True,-5.3734823174898825
2069,2070,-448.6200866699219,291.5310974121094,-456.5026282173134,292.8969446779657,8.000000000000018,19.66052703474144,-462.04962158203125,298.845703125,18.393002427805154,-470.73175048828125,294.31494140625,25.134330847795777,6.158721446990967,True,-6.741328419990623
2070,2071,-445.99273681640625,289.87469482421875,-441.1030125707271,283.54298124879404,7.999999999999999,13.65881634362802,-419.6774597167969,277.02301025390625,25.8876169448267,-412.694580078125,285.271484375,30.53111171364703,10.201278686523438,False,-4.643494768820329
2071,2072,-443.0989685058594,288.0503234863281,-442.42748792076117,296.02209329132353,8.000000000000018,7.795054387588994,-439.3252258300781,293.8515319824219,7.578479065071277,-434.35260009765625,289.62255859375,6.933837923129374,2.4040091037750244,True,0.6446411419419027
2072,2073,-440.47100830078125,286.36016845703125,-446.35099031782545,280.9356121176394,7.9999999999999805,20.296453096273567,-450.0353698730469,288.1324157714844,12.966754567717519,-461.6643371582031,286.85101318359375,24.19200453034987,5.013745307922363,True,-11.22524996263235
2073,2074,-437.58636474609375,284.5048828125,-429.5864138451311,284.53291105160076,7.999999999999994,7.423501571552607,-419.42706298828125,281.4057922363281,15.32793983592857,-423.5107727050781,288.10040283203125,12.449419580311359,1.8114092350006104,True,2.878520255617211
2074,2075,-434.7043151855469,282.65130615234375,-440.6221628095516,288.0345281892898,7.999999999999985,17.883917040000625,-439.3712463378906,298.1734313964844,20.302641731154505,-438.2960510253906,301.5684814453125,23.01617179028964,3.8352723121643066,True,-2.7135300591351346
2075,2076,-430.4891357421875,279.9167785644531,-429.7618133168521,271.94990953768956,8.00000000000002,10.539958781160445,-427.35052490234375,247.6079559326172,29.596993157414826,-432.90899658203125,243.0418243408203,34.78146558980393,18.101293563842773,False,-5.184472432389104
2076,2077,-426.2790222167969,277.185546875,-421.43378443433903,283.55136739017655,7.999999999999979,14.928619299797194,-422.789306640625,292.7403259277344,17.322453518493738,-433.8441467285156,295.2110595703125,22.2922831469058,2.7718801498413086,True,-4.969829628412061
2077,2078,-423.5559387207031,275.4348449707031,-431.4287162413901,274.0137981348225,8.00000000000001,12.902932681843277,-436.37286376953125,252.72711181640625,26.08929702924805,-451.5458984375,253.16082763671875,36.9348174875976,12.271676063537598,False,-10.845520458349547
2078,2079,-420.8418884277344,273.68994140625,-414.07684395461484,269.4197923132188,8.000000000000014,15.163121589074056,-413.3899841308594,258.509033203125,14.000441434752119,-419.8555603027344,247.55593872070312,24.301203122456677,3.26143217086792,True,-10.300761687704558
2079,2080,-417.8639221191406,271.775390625,-419.967811105039,279.49378755279633,8.000000000000025,14.688037712572225,-427.42010498046875,286.3620910644531,20.337860322852947,-435.77532958984375,293.16680908203125,30.9041977591463,4.886926174163818,True,-10.566337436293352
2080,2081,-415.2197570800781,270.09002685546875,-418.88211703092605,262.9775645820767,8.000000000000007,16.491265902449086,-428.1719055175781,257.4217224121094,19.193541115185386,-429.84417724609375,258.1073913574219,20.244668034645237,6.524270534515381,True,-1.0511269194598505
2081,2082,-412.3179931640625,268.240478515625,-404.81308368200797,271.0110982416372,8.000000000000004,7.19949033365152,-398.7900390625,282.0849609375,18.953491855642874,-397.9792175292969,284.091064453125,21.07379936246421,2.2023632526397705,True,-2.1203075068213373
2082,2083,-409.4284362792969,266.398681640625,-416.8338496981709,269.42520639610944,7.999999999999999,20.94145242132353,-423.95550537109375,263.8421630859375,17.36030406404113,-433.4867248535156,266.60711669921875,26.949148438475717,7.551544666290283,False,-9.588844374434586
2083,2084,-406.61199951171875,264.6056823730469,-403.1958662250127,257.37173232017403,8.000000000000002,18.999969932404575,-393.2145080566406,257.7423095703125,11.732630755003614,-391.5195617675781,258.7345275878906,12.935139140405022,1.3252335786819458,True,-1.2025083854014085
2084,2085,-403.79510498046875,262.8123779296875,-401.42759229956846,270.4540324433237,7.999999999999996,9.909650112915116,-392.93609619140625,263.9291076660156,8.555664115893135,-390.5531005859375,261.86334228515625,10.463480579124877,2.242565393447876,True,-1.9078164632317414
2085,2086,-400.9826965332031,261.0219421386719,-407.89029015861763,256.9864557607822,8.000000000000027,21.411934792408776,-415.2325134277344,258.7555847167969,17.036887054196512,-424.58447265625,267.1610412597656,27.553752299522277,6.495612621307373,True,-10.516865245325764
2086,2087,-398.2017822265625,259.2135314941406,-390.38240578387985,257.5231611064388,7.999999999999976,7.775425165912246,-377.98822021484375,276.3817443847656,25.76608830638909,-380.72882080078125,273.0105895996094,21.43085492984086,8.024500846862793,False,4.335233376548231
2087,2088,-395.4093017578125,257.3976135253906,-400.0332378020228,263.9259529359186,8.0,8.127508088695171,-397.1348571777344,261.7709655761719,7.649408140613027,-395.1109313964844,266.3117980957031,11.005769889320934,2.5124149322509766,True,-3.356361748707907
2088,2089,-392.62890625,255.5895538330078,-393.62918962622774,247.65233560700176,8.000000000000014,6.046282971544935,-382.9131774902344,244.2356719970703,11.899277708832207,-379.98974609375,244.11605834960938,13.90829002661817,0.7045772671699524,True,-2.009012317785963
2089,2090,-389.9232177734375,253.8508758544922,-383.824126067443,259.02785184070933,8.0,11.277035925704084,-390.10772705078125,267.189453125,15.354314542173514,-394.0696105957031,267.1376037597656,16.5171475202661,2.5036678314208984,True,-1.1628329780925863
2090,2091,-387.2144470214844,252.11019897460938,-395.2087244623451,252.41273525102065,7.999999999999986,8.699359433435179,-396.6824035644531,256.8808898925781,14.117878577698423,-395.19488525390625,265.5838623046875,18.881825343376406,1.7692903280258179,True,-4.763946765677982
2091,2092,-384.24444580078125,250.20169067382812,-378.5540747315473,244.5785530181749,8.000000000000005,9.403945007554926,-372.9272155761719,253.49102783203125,9.210433008749696,-374.8472595214844,249.0478515625,5.253889955438638,2.355529546737671,True,3.9565430533110586
2092,2093,-379.8360595703125,247.40005493164062,-380.23358719179623,255.39017206408352,7.999999999999994,6.124992156586321,-376.1493835449219,255.86903381347656,11.026766069116807,-379.6687316894531,251.31277465820312,7.524807990928019,0.6297453045845032,True,3.501958078188788
2093,2094,-375.81915283203125,244.8472137451172,-380.92327490875334,238.6870239894426,8.000000000000004,4.439220693238507,-378.50506591796875,247.66639709472656,7.389812770759012,-378.53472900390625,247.328369140625,7.201709719291491,2.0020759105682373,True,0.18810305146752082
2094,2095,-372.8261413574219,242.93785095214844,-364.90137219736755,244.03239823749166,8.000000000000021,9.638316624734218,-347.5185852050781,253.82179260253906,25.868882615663857,-351.3121337890625,247.3258819580078,19.760099939274912,7.994874954223633,False,6.108782676388945
2095,2096,-370.09783935546875,241.19735717773438,-376.6806735679053,245.74337672581987,8.000000000000014,7.661318816971584,-387.5728759765625,242.89894104003906,20.490189132490716,-383.2528076171875,245.5186767578125,16.996165306793962,9.06350040435791,False,3.494023825696754
2096,2097,-367.3734436035156,239.4593505859375,-365.5902586079671,231.66061663281084,7.999999999999998,4.414541147873642,-360.1187438964844,236.8429412841797,4.613346391638051,-357.3738098144531,239.95668029785156,7.623086349956006,3.116746664047241,True,-3.0097399583179554
2097,2098,-364.653076171875,237.693115234375,-360.6999721985807,244.6481830971873,7.999999999999977,9.028014254256457,-369.0492858886719,256.2290344238281,21.513729758824372,-361.8179931640625,247.57138061523438,11.645351779470237,3.837611675262451,True,9.868377979354134
2098,2099,-361.93231201171875,235.9265899658203,-369.5452886906926,233.4684227450233,8.000000000000025,10.111014443858068,-383.97430419921875,232.08627319335938,25.108078553086344,-382.9693298339844,237.93592834472656,24.354432924957138,17.55597496032715,False,0.7536456281292061
2099,2100,-358.93792724609375,233.98243713378906,-351.6638870741637,230.65252128242764,8.000000000000002,7.191510207066129,-346.5580139160156,230.36476135253906,9.646893695789183,-348.18475341796875,233.1787109375,7.926165098671322,2.4555017948150635,True,1.7207285971178612
2100,2101,-356.04156494140625,232.13247680664062,-359.15588994378004,239.50139665825995,7.999999999999991,8.062264398167676,-350.85760498046875,243.65914916992188,13.57242891937794,-352.50152587890625,241.7947998046875,11.532291233060455,0.32594770193099976,True,2.0401376863174843
2101,2102,-353.14166259765625,230.28028869628906,-355.822890103648,222.74298022037317,8.00000000000001,1.3825707474320306,-352.4061584472656,221.59193420410156,7.2567969744062015,-349.266845703125,229.49026489257812,1.5260927108510365,2.8163747787475586,True,5.730704263555165
2102,2103,-350.50244140625,228.59457397460938,-343.4340089679496,232.34120751222449,7.999999999999996,8.659217279429937,-336.7298889160156,235.72059631347656,14.198885949345906,-340.5435791015625,233.15892028808594,9.625457617376522,1.5423187017440796,True,4.573428331969383
2103,2104,-347.8619079589844,226.90660095214844,-355.60476464659916,228.91860749166534,7.999999999999991,8.792521090034205,-366.33544921875,228.7748260498047,21.70666565915111,-363.9182434082031,236.80307006835938,22.315171531364925,12.649603843688965,False,-0.608505872213815
2104,2105,-344.9514465332031,225.04605102539062,-340.6011958737667,218.33223547832105,8.000000000000009,7.828892732236012,-334.75079345703125,214.3805389404297,11.4490654963831,-332.9456787109375,218.56451416015625,10.220442014195394,2.546103000640869,True,1.2286234821877056
2105,2106,-342.05670166015625,223.19557189941406,-340.72932386875317,231.08468263503502,8.0,7.956025565979533,-343.8016357421875,233.00234985351562,12.382371486189031,-344.4175109863281,234.17913818359375,13.702886013203212,1.088896632194519,True,-1.320514527014181
2106,2107,-339.3371276855469,221.4528350830078,-345.64491249064395,216.53228116575553,8.000000000000014,2.3037421682524175,-344.38568115234375,227.88314819335938,11.279353836099459,-342.7413635253906,231.24960327148438,13.066962722661183,2.2562954425811768,True,-1.7876088865617241
2107,2108,-336.6144104003906,219.70811462402344,-328.6394597820026,219.07553053137462,8.000000000000016,8.067588793147305,-321.00030517578125,233.74349975585938,20.343275636082865,-329.2574768066406,232.17039489746094,15.02456950180731,2.764212131500244,True,5.318706134275555
2108,2109,-333.63140869140625,217.7965850830078,-339.0845846667312,223.650034645628,7.9999999999999805,12.768940642233034,-349.89361572265625,225.9613800048828,21.617640088430388,-346.732421875,230.39234924316406,21.558248358933774,7.987407207489014,False,0.059391729496613976
2109,2110,-330.7435302734375,215.9315948486328,-330.6764763900514,207.93187586752336,8.0,14.393784761587762,-309.2359619140625,196.0621337890625,25.91363304148974,-308.78778076171875,193.5692138671875,28.0077548925088,8.520161628723145,False,-2.094121851019061
2110,2111,-327.8666076660156,214.07366943359375,-322.5123185842224,220.01770749105856,8.00000000000002,11.669302405561254,-313.5423889160156,238.10792541503906,28.265264298543215,-325.2601013183594,236.33712768554688,23.961818623931837,12.885761260986328,False,4.303445674611378
2111,2112,-325.23675537109375,212.3753204345703,-333.19998152078153,211.60914206830802,7.999999999999981,6.83033790467963,-331.277099609375,212.0445098876953,10.520511682048541,-326.9886474609375,210.65921020507812,6.044907822923859,1.701188087463379,True,4.475603859124682
2112,2113,-321.0184020996094,209.71206665039062,-314.6290209176446,204.89794075760858,8.000000000000009,10.872203343513902,-296.1317138671875,222.70143127441406,25.9227830321751,-298.8453369140625,214.8515625,19.57090271542309,7.475299835205078,True,6.351880316752009
2113,2114,-316.7910461425781,207.04312133789062,-318.2504816604073,214.9088729211342,7.999999999999993,3.245016635722546,-325.22076416015625,213.05606079101562,13.79191705443147,-319.0970764160156,208.65818786621094,6.254919882272911,1.5669909715652466,True,7.53699717215856
2114,2115,-313.8865051269531,205.19784545898438,-318.12360164809394,198.41205051140923,7.999999999999993,10.409696897039492,-311.4046630859375,185.13232421875,18.22855902377163,-308.150634765625,186.2913360595703,17.298971208914665,6.776552677154541,True,0.9295878148569656
2115,2116,-310.9875183105469,203.35610961914062,-303.27947657650685,205.49762605062028,8.000000000000005,11.731964061832608,-292.6356201171875,215.1435546875,20.69128492364156,-295.3623046875,209.47940063476562,15.146895903180784,2.6665806770324707,True,5.544389020460777
2116,2117,-308.3453369140625,201.67752075195312,-315.4755805641402,205.30514056259022,8.000000000000021,4.1086823704734226,-329.3011474609375,206.47091674804688,24.830002148784565,-324.497802734375,202.86859130859375,19.35538267387498,14.597311973571777,False,5.474619474909584
2117,2118,-305.39154052734375,199.77317810058594,-302.5843427400205,192.28187376937316,7.999999999999997,9.468884284968315,-296.4601745605469,190.81509399414062,9.520692655426773,-298.5541687011719,190.8262176513672,8.296051522089186,2.2402172088623047,True,1.2246411333375864
2118,2119,-302.6788330078125,198.0242462158203,-299.6884699237049,205.4443357452806,7.999999999999989,8.4785121799442,-302.5335693359375,223.08766174316406,26.931327516544403,-301.70269775390625,215.56541442871094,19.36447208253674,14.566202163696289,False,7.566855434007664
2119,2120,-299.9710998535156,196.2785186767578,-307.18829898559443,192.82713682481494,7.999999999999977,7.962517875069616,-301.49615478515625,180.5321044921875,14.540362249015383,-301.3562316894531,182.27456665039062,12.843207317294437,2.7579445838928223,True,1.6971549317209451
2120,2121,-297.098876953125,194.39161682128906,-289.44576398345737,192.0614104198076,8.000000000000005,3.82203359138986,-280.1882629394531,201.59921264648438,16.853617585043477,-290.7792053222656,200.30661010742188,8.484342518109486,2.0360939502716064,True,8.36927506693399
2121,2122,-294.4847412109375,192.6742401123047,-298.55387672735804,199.5620653241553,8.0,6.266969028061799,-301.97271728515625,192.39743041992188,10.479379065583098,-300.9971923828125,190.82420349121094,9.379973947081302,0.932790994644165,True,1.099405118501796
2122,2123,-291.6172790527344,190.7904815673828,-293.26948424141403,182.96295207114326,8.000000000000009,9.841745253350613,-294.8802795410156,180.1876983642578,10.675379792890546,-298.2603759765625,181.319580078125,12.164207827324145,2.793210029602051,True,-1.488828034433599
2123,2124,-288.7930603027344,188.95750427246094,-282.2873554136448,193.61323234614346,7.999999999999995,2.053847529684481,-286.9334716796875,201.61007690429688,14.51095366085596,-291.49786376953125,200.2435760498047,14.227322808577522,0.9109522104263306,True,0.28363085227843854
2124,2125,-285.97821044921875,187.13059997558594,-293.9202138908893,188.09215149916307,7.999999999999995,8.903397821200624,-297.6617126464844,196.4677276611328,18.300942871746212,-296.8286437988281,194.81019592285156,16.64910343794446,4.049520969390869,True,1.6518394338017508
2125,2126,-283.1613464355469,185.30242919921875,-277.9546789896796,179.22866478922177,7.999999999999989,8.113986649130364,-283.6600036621094,181.2511444091797,4.098536695226329,-288.8908996582031,180.85699462890625,9.073221665528951,2.3585305213928223,True,-4.974684970302622
2126,2127,-280.1915283203125,183.4346466064453,-279.9279939448182,191.4303047802877,7.999999999999998,12.09875466443914,-279.7806701660156,190.7646484375,9.330911014896536,-289.9454345703125,191.0631561279297,15.582659252084106,0.3935660719871521,True,-6.25174823718757
2127,2128,-277.47149658203125,181.72398376464844,-283.0668081214905,176.00624918035774,7.99999999999999,11.623372908264894,-292.210205078125,180.99679565429688,17.502353547449484,-294.48736572265625,181.9987335205078,19.85182179096716,7.733353137969971,False,-2.349468243517677
2128,2129,-274.7360534667969,180.0036163330078,-266.7479706575955,180.44011723030528,8.000000000000012,6.6204189143711565,-276.0100402832031,193.98561096191406,16.21230250577928,-287.1736145019531,189.8297119140625,19.069255547895672,1.198060154914856,True,-2.856953042116391
2129,2130,-272.002685546875,178.27638244628906,-278.1877013254511,183.35039267674432,7.999999999999986,14.195670894702953,-287.4876403808594,191.82334899902344,24.0761638866369,-290.3572082519531,189.7733154296875,25.196071129030816,8.50981616973877,False,-1.1199072423939178
2130,2131,-269.0116882324219,176.3863525390625,-267.87849475052906,168.46701717979175,8.000000000000018,10.789607904548156,-280.2408142089844,162.55723571777344,18.476595988259653,-287.9645690917969,169.59600830078125,22.267961882463144,6.81355619430542,True,-3.7913658942034907
2131,2132,-266.2801208496094,174.6602783203125,-261.76626828380586,181.2652109478409,8.000000000000012,11.662526018708462,-273.2878112792969,196.43017578125,26.929769414454867,-281.8230285644531,188.2095184326172,25.583008467934935,10.147592544555664,False,1.3467609465199324
2132,2133,-262.07513427734375,171.9457244873047,-269.8650765637471,170.1245163238854,8.000000000000004,17.23585715137397,-282.1678466796875,159.8818359375,26.03794522539931,-286.8508605957031,163.57240295410156,29.532383516831242,14.99748420715332,False,-3.4944382914319334
2133,2134,-257.86505126953125,169.22789001464844,-250.89078182729332,165.30876182752996,8.000000000000014,3.940343151920865,-249.96165466308594,165.64720153808594,5.505791026422257,-254.70550537109375,170.52398681640625,3.07953484625069,1.3021526336669922,True,2.4262561801715665
2134,2135,-255.1543731689453,167.4773406982422,-257.6496493506224,175.07823517041814,7.99999999999999,18.754777644081532,-263.1490783691406,179.31764221191406,17.29570192267316,-277.1059265136719,178.4669647216797,27.75323057032136,2.4230594635009766,True,-10.4575286476482
2135,2136,-252.4481964111328,165.7296905517578,-255.74258785621828,158.4394926801944,7.9999999999999964,8.26428199072528,-256.2933044433594,162.81944274902344,6.893952606992848,-259.841552734375,166.93899536132812,10.833863270504194,0.9519066214561462,True,-3.9399106635113466
2136,2137,-249.47039794921875,163.80662536621094,-242.1167583199196,166.95686094508454,8.000000000000005,5.984496551466963,-239.28298950195312,173.692626953125,13.81817961457941,-238.7258758544922,173.03497314453125,13.580429838333123,2.3461430072784424,True,0.23774977624628768
2137,2138,-246.604248046875,161.97335815429688,-254.15454660828885,164.61778467691232,8.000000000000007,4.345721077024692,-249.61801147460938,162.3087615966797,5.979062203251199,-246.92681884765625,163.9095458984375,4.656033995157646,2.2360575199127197,True,1.323028208093553
2138,2139,-243.98678588867188,160.29916381835938,-240.20571515919707,153.2490926032078,7.9999999999999964,10.125462503911354,-221.34860229492188,144.03541564941406,24.473196670932165,-218.89410400390625,140.30718994140625,28.696400787451804,7.978659629821777,False,-4.223204116519639
2139,2140,-241.11659240722656,158.4633026123047,-239.14238160926323,166.21588229426894,7.9999999999999964,11.34106823617483,-225.39381408691406,178.42723083496094,25.3077281294293,-219.83367919921875,175.3453369140625,26.29970681960742,6.266145706176758,True,-0.9919786901781187
2140,2141,-238.39752197265625,156.71583557128906,-245.09003590449453,152.33288482183377,8.000000000000007,9.139471079920035,-250.1783447265625,132.0648651123047,27.107212471598938,-250.6097869873047,131.26174926757812,28.015830028228525,11.840059280395508,False,-0.9086175566295864
2141,2142,-235.41026306152344,154.79600524902344,-227.51477088059758,153.50712852065146,8.00000000000001,12.504461100753883,-221.6146697998047,160.64016723632812,13.423744475036273,-216.32049560546875,162.24554443359375,18.771604188611217,2.368736982345581,True,-5.347859713574945
2142,2143,-232.6810760498047,153.0420379638672,-237.63234254061817,159.32574388767898,7.999999999999992,15.058034467222054,-238.1236114501953,172.645751953125,23.03460963857894,-246.2281951904297,173.08087158203125,27.389465372851788,6.872369289398193,True,-4.354855734272849
2143,2144,-229.79331970214844,151.17019653320312,-230.38699224828264,143.19225488714136,8.00000000000001,14.287899952923915,-212.39419555664062,135.81243896484375,19.804248127734315,-213.93460083007812,135.330810546875,19.05543017392307,5.715677261352539,True,0.748817953811244
2144,2145,-226.90037536621094,149.29498291015625,-221.07359755682504,154.77664874820658,8.000000000000002,10.033627432327735,-213.083740234375,145.9580841064453,11.300340983974046,-209.89358520507812,142.85281372070312,15.132173602957975,1.6079120635986328,True,-3.8318326189839294
2145,2146,-224.26600646972656,147.58738708496094,-232.2653031558331,147.4813091530197,7.999999999999993,4.405471683610895,-219.94424438476562,150.57029724121094,5.014020225274844,-217.52487182617188,144.82785034179688,3.9449508967790106,2.1179146766662598,True,1.069069328495833
2146,2147,-221.35816955566406,145.759765625,-215.38808251935,140.43453691828375,7.999999999999995,10.235741061689472,-200.80398559570312,142.5139617919922,17.97112938874495,-198.3994140625,145.0098876953125,20.32693533104741,2.5705301761627197,True,-2.35580594230246
2147,2148,-218.7056427001953,144.09262084960938,-219.51065877407888,152.05201461551826,8.000000000000007,4.193402252424463,-210.53384399414062,156.66558837890625,15.331992518397326,-206.19497680664062,153.63296508789062,14.881344309252366,1.4437607526779175,True,0.4506482091449602
2148,2149,-215.7998504638672,142.2663116455078,-220.58274990170685,135.85352184952097,7.999999999999991,8.048097980631445,-216.427001953125,138.5720672607422,3.8842293278995017,-213.75033569335938,138.901611328125,1.7826395628165284,2.334428310394287,True,2.1015897650829736
2149,2150,-213.08804321289062,140.55665588378906,-205.22950475412023,142.05444535231484,8.000000000000009,12.377072266031883,-191.84336853027344,157.42140197753906,26.23843166820357,-195.85281372070312,152.5458526611328,19.964240952730652,6.004439353942871,True,6.274190715472919
2150,2151,-210.37478637695312,138.84609985351562,-217.1811703124702,143.05004296948846,8.000000000000005,4.829106939378374,-213.3883819580078,141.42308044433594,7.468130084502282,-205.73602294921875,145.18968200683594,8.38787609769194,1.987127661705017,True,-0.9197460131896582
2151,2152,-207.39498901367188,136.96749877929688,-205.21589609984005,129.2699956729066,8.00000000000001,11.541387835600148,-191.22479248046875,126.6232681274414,14.16637634535282,-197.5142822265625,125.96873474121094,10.013602832296593,1.1519943475723267,True,4.152773513056227
2152,2153,-203.17758178710938,134.22702026367188,-199.58478844579867,141.37487560682436,8.000000000000007,14.091425387752631,-194.6665496826172,145.714599609375,14.865437531747975,-191.41525268554688,145.04537963867188,15.51759900086573,2.737114906311035,True,-0.652161469117754
2153,2154,-198.9492645263672,131.4794464111328,-206.42678543070286,128.63573736743254,7.999999999999984,3.88028483723504,-195.3846893310547,120.86451721191406,8.675584375315244,-190.72579956054688,122.22189331054688,8.992079398507368,1.3815759420394897,True,-0.3164950231921235
2154,2155,-195.9793243408203,129.5196990966797,-188.54473528205853,126.56556884780112,7.99999999999999,11.221655891483545,-175.21649169921875,133.85546875,19.067807461488886,-176.04225158691406,132.5264892578125,17.886811018038504,5.597528457641602,True,1.1809964434503826
2155,2156,-193.27549743652344,127.73553466796875,-196.76204571865085,134.93581112629965,7.999999999999991,4.968561376420159,-192.9440460205078,137.21629333496094,11.517840370099954,-187.670654296875,140.41549682617188,14.755249419818862,2.539222002029419,True,-3.2374090497189076
2156,2157,-190.5648193359375,125.94686889648438,-192.85766400437808,118.28247959749886,8.0,4.229831896633919,-191.86395263671875,112.43077087402344,12.360280021969945,-187.5611572265625,116.56111907958984,7.506686878369067,4.382382392883301,True,4.853593143600879
2157,2158,-187.69459533691406,124.06661987304688,-180.82670245322973,128.1693076918113,7.999999999999993,8.31879627391376,-168.32830810546875,143.2497100830078,26.755088718302687,-172.78189086914062,146.86952209472656,27.46275046565014,7.186345100402832,True,-0.7076617473474514
2158,2159,-184.83367919921875,122.19246673583984,-192.66917547158423,123.8064674067649,7.999999999999986,3.7020625027992216,-193.3667755126953,125.7645034790039,12.33440380402648,-187.37802124023438,124.7645263671875,6.70375096003163,1.2804793119430542,True,5.6306528439948496
2159,2160,-182.2212371826172,120.48108673095703,-177.5338278752206,113.99817118431201,7.999999999999991,2.6316205060954263,-166.7355194091797,110.20016479492188,15.259486042212203,-173.63949584960938,116.03203582763672,6.353328727682264,1.3024709224700928,True,8.906157314529938
2160,2161,-179.39874267578125,118.71454620361328,-178.47594588759793,126.66114585929738,8.000000000000002,6.364995465082237,-173.38803100585938,145.4903106689453,28.721875905001163,-174.5995635986328,146.97801208496094,30.097242355967428,12.339730262756348,False,-1.3753664509662649
2161,2162,-176.57225036621094,116.94548797607422,-182.62054293840689,111.70925297742114,8.000000000000002,5.235246121566512,-187.4169158935547,114.95034790039062,13.663803185131824,-184.57955932617188,120.48020935058594,12.05145002143989,4.758730411529541,True,1.6123531636919335
2162,2163,-173.7550811767578,115.1822738647461,-165.7582325484455,114.95774766168856,7.999999999999991,6.059560317470044,-158.91563415527344,109.276123046875,12.803833813356272,-158.96435546875,114.22587585449219,12.068750274633954,2.3781888484954834,True,0.7350835387223178
2163,2164,-171.00997924804688,113.47909545898438,-176.7549412782924,119.04644772653825,7.999999999999996,12.450038590261293,-185.86203002929688,128.572021484375,24.316404353451944,-183.65478515625,127.93002319335938,22.301744159840133,10.68719482421875,False,2.0146601936118103
2164,2165,-168.27346801757812,111.78125,-167.79800423219731,103.7953916122754,8.000000000000004,2.603811969224815,-171.11044311523438,108.77586364746094,5.952301682310814,-172.86065673828125,115.43010711669922,9.382768422683506,0.9345927238464355,True,-3.430466740372692
2165,2166,-165.26852416992188,109.91686248779297,-160.22474653565723,116.1265570999371,8.000000000000007,8.259533222561597,-152.4819793701172,126.58457946777344,21.002394440654378,-154.716796875,123.37738037109375,17.130032617983307,2.892932891845703,True,3.8723618226710705
2166,2167,-162.27099609375,108.00298309326172,-170.18470919003514,106.8311703822515,7.999999999999999,9.811881536255266,-178.38633728027344,110.44649505615234,19.30842441785782,-178.8719482421875,116.40751647949219,21.83640122707206,9.612532615661621,False,-2.5279768092142376
2167,2168,-159.5377197265625,106.2578353881836,-152.91084586634338,101.7762572241052,7.999999999999987,7.5184194358774485,-154.47357177734375,105.4527816772461,2.5189436307809836,-152.24732971191406,111.20965576171875,8.100718397841842,2.0253076553344727,True,-5.581774767060859
2168,2169,-156.81259155273438,104.51786804199219,-158.6717795434049,112.29883327873155,7.999999999999998,9.889600457736941,-166.45901489257812,113.10601043701172,16.130502859658257,-168.00306701660156,118.47811126708984,20.999481338567524,2.4397406578063965,True,-4.868978478909266
2169,2170,-154.10044860839844,102.7397689819336,-157.98550774298795,95.74646393204891,8.0,2.5519490994347853,-158.28045654296875,100.736083984375,7.163109666610165,-159.3294219970703,109.24642944335938,11.791786823616883,0.9810104966163635,True,-4.6286771570067184
2170,2171,-151.1175079345703,100.78411865234375,-143.52887655322408,103.31644441299285,7.999999999999992,12.827157878191581,-142.91168212890625,111.36913299560547,13.528304886554851,-142.12713623046875,112.56336975097656,14.94007472459939,2.2866692543029785,True,-1.4117698380445383
2171,2172,-148.40771484375,99.00755310058594,-155.71389692478863,102.26634174035838,7.999999999999993,10.787028214992779,-161.3397674560547,115.23401641845703,23.829627700598245,-161.1645050048828,117.10282897949219,25.160777961503047,5.509006500244141,True,-1.3311502609048027
2172,2173,-145.69259643554688,97.26133728027344,-142.50652524862815,89.92315287322245,7.999999999999997,10.685535472388956,-136.5051727294922,99.48690795898438,7.597328051463048,-137.3894500732422,108.30818176269531,13.958964636324557,2.2107858657836914,True,-6.361636584861509
2173,2174,-142.9842987060547,95.51950073242188,-140.37673609816298,103.0826096993696,8.000000000000004,15.096070182175273,-146.27545166015625,109.54156494140625,17.119527433722567,-144.7922821044922,112.92512512207031,19.89901227316125,2.1326074600219727,True,-2.779484839438684
2174,2175,-140.0130615234375,93.60855865478516,-147.04460373975132,89.79314071434973,8.0,6.716626992321609,-145.70672607421875,100.31043243408203,13.817399968392436,-143.75973510742188,108.59349060058594,19.5194964115252,0.43068817257881165,True,-5.702096443132763
2175,2176,-135.6444549560547,90.8409423828125,-127.88233677353648,88.9045743081376,7.999999999999997,18.118142575862567,-117.640625,99.55270385742188,17.962178191193228,-118.3577651977539,105.69863891601562,21.886789016381965,2.3021795749664307,True,-3.9246108251887364
2176,2177,-131.6490478515625,88.30975341796875,-136.06459438675955,94.9808064679384,7.999999999999998,16.535193958118096,-140.7442169189453,105.8231201171875,22.726593160381153,-142.207763671875,110.5823974609375,27.572994835432137,4.990241050720215,True,-4.846401675050984
2177,2178,-128.79266357421875,86.49287414550781,-130.0430085672197,78.5911884140656,7.999999999999999,16.548754124785212,-126.40904235839844,59.48859405517578,25.34905458018922,-135.34808349609375,43.63228225708008,42.21011587058708,17.884422302246094,False,-16.86106129039786
2178,2179,-126.18891143798828,84.8366928100586,-119.92943393339664,89.81855404553184,7.99999999999999,17.41883114097427,-117.65734100341797,100.14372253417969,18.038815162249882,-118.23512268066406,105.78162384033203,23.32416619165734,3.2692177295684814,True,-5.285351029407458
2179,2180,-123.33609008789062,83.02207946777344,-131.3168329047275,83.57682633933427,7.999999999999999,7.629384165131202,-127.03472137451172,95.86512756347656,16.034684374887863,-122.98785400390625,102.7122573852539,21.641415029218496,1.4166440963745117,True,-5.606730654330633
2180,2181,-120.52458190917969,81.21148681640625,-115.0145566596057,75.41151942433781,8.000000000000002,4.237846909257298,-105.06291198730469,65.22034454345703,19.00332941331078,-113.96888732910156,56.602081298828125,23.104440023671245,3.0204546451568604,True,-4.101110610360465
2181,2182,-117.71334075927734,79.40107727050781,-117.85844021535976,87.39976129651137,7.999999999999995,16.25904006171297,-117.75716400146484,95.2513198852539,17.89115600059506,-116.93524169921875,102.03382110595703,24.52867106869299,4.265528202056885,True,-6.63751506809793
2182,2183,-114.90058135986328,77.58968353271484,-120.19662296314938,71.5936895920689,8.000000000000005,18.882943946581754,-121.79916381835938,58.01658630371094,20.2256163063387,-128.0247344970703,43.805015563964844,35.70260196207285,8.851410865783691,False,-15.476985655734147
2183,2184,-111.98926544189453,75.70391082763672,-104.03389347526573,76.54774545158662,8.000000000000005,8.523673570268711,-85.66336822509766,73.64157104492188,23.64764928853505,-77.03665161132812,72.42588806152344,32.30892460962911,11.22882080078125,False,-8.66127532109406
2184,2185,-109.30876922607422,73.9676513671875,-115.74481502624516,78.71921052793694,7.9999999999999964,9.68044039763248,-118.8125991821289,77.0720443725586,13.385018476597743,-118.6539535522461,69.03179931640625,12.633459957334216,1.4937634468078613,True,0.7515585192635275
2185,2186,-106.39358520507812,72.0793685913086,-104.85747742984462,64.2282302723852,8.0,24.007381771947447,-100.75497436523438,55.84098815917969,14.627354417291082,-106.2753677368164,43.2448616027832,27.116009303437654,3.4221510887145996,True,-12.488654886146572
2186,2187,-103.46590423583984,70.21493530273438,-99.29521456933679,77.04174624970842,8.000000000000002,12.151270923619863,-89.42124938964844,89.57080078125,23.9329791913772,-102.05839538574219,99.59841918945312,31.11622472474361,8.139859199523926,False,-7.18324553336641
2187,2188,-100.78590393066406,68.50822448730469,-108.47268522630655,66.29160694858477,7.999999999999998,21.03468533743725,-109.20728302001953,54.857948303222656,16.3647051819688,-121.4803237915039,38.52480697631836,36.72634169740873,4.6463751792907715,True,-20.361636515439926
2188,2189,-97.84574127197266,66.63584899902344,-90.68044433847454,63.077967627363826,7.999999999999996,21.81383758201738,-72.85353088378906,62.57905578613281,22.488423532597754,-65.77558135986328,57.07340621948242,30.48061381532281,6.537574768066406,True,-7.992190282725055
2189,2190,-95.21379089355469,64.97654724121094,-98.0939435198129,72.44010677064848,8.000000000000004,16.441851104655786,-104.37814331054688,79.81059265136719,20.56055519084562,-114.302490234375,90.43373107910156,35.031787055403186,3.8320717811584473,True,-14.471231864557566
2190,2191,-92.32366943359375,63.15447998046875,-95.24149654565016,55.705568318746046,7.999999999999998,23.748255313184952,-97.97010040283203,51.27030944824219,13.194195572705706,-108.65159606933594,39.219520568847656,29.295675027929136,0.7995729446411133,True,-16.10147945522343
2191,2192,-89.44087219238281,61.337039947509766,-82.25768975803251,64.85867168788826,7.999999999999998,13.254970382129192,-73.45353698730469,68.61517333984375,16.05260243742137,-65.6189956665039,56.91008758544922,21.27176260609729,3.2577450275421143,True,-5.21916016867592
2192,2193,-86.72245025634766,59.580684661865234,-94.39793348958645,61.83611303276734,7.9999999999999964,20.739016850302068,-101.36902618408203,56.344913482666016,17.433765948400676,-111.63218688964844,43.583953857421875,31.085896905615485,9.725687026977539,False,-13.652130957214808
2193,2194,-83.997802734375,57.820308685302734,-79.8616602479223,50.9725115700429,8.000000000000004,20.8021386188128,-71.33473205566406,50.358646392822266,11.151394058211977,-61.368370056152344,50.46918487548828,20.382252134714506,1.956586241722107,True,-9.230858076502528
2194,2195,-81.01557922363281,55.893516540527344,-79.43982148001402,63.73679312199668,7.999999999999997,10.221957653922042,-68.72877502441406,74.43821716308594,22.77139129162426,-61.60125732421875,74.957763671875,26.58961327872488,8.963577270507812,False,-3.818221987100621
2195,2196,-76.81578826904297,53.151214599609375,-83.27576019457176,48.432235608198226,7.999999999999996,27.364763720498946,-95.82344055175781,34.02693557739258,28.40927756768064,-103.30623626708984,28.22283172607422,37.87194880406618,13.920310974121094,False,-9.462671236385539
2196,2197,-72.61071014404297,50.40546417236328,-64.65970338537569,49.521444080042286,7.999999999999995,16.283282973914666,-53.83810806274414,47.49074172973633,15.93339640539119,-50.22074890136719,52.81898880004883,19.983306111977424,1.028108835220337,True,-4.049909706586234
2197,2198,-69.73775482177734,48.527252197265625,-75.00343276271124,54.54992899602896,8.000000000000002,7.354480045476346,-71.35647583007812,65.66511535644531,19.333695591928034,-62.9815559387207,62.923492431640625,16.637145065119128,5.7657389640808105,True,2.696550526808906
2198,2199,-67.1033935546875,46.805023193359375,-67.28890624209436,38.80717441741899,8.0,11.220256867721963,-53.72052001953125,32.4632453918457,16.28688579356589,-53.24944305419922,40.81889343261719,11.707454961753902,2.447288990020752,True,4.5794308318119885
2199,2200,-64.21605682373047,44.917415618896484,-58.676796318426234,50.6894683780435,8.0,12.976092845244196,-53.240135192871094,61.97430419921875,20.58738527811765,-47.05162048339844,55.033267974853516,18.647004591454543,4.516783714294434,True,1.940380686663108
2200,2201,-61.33393096923828,43.044673919677734,-69.31737489018704,42.53025856117218,8.000000000000005,1.7410419071875611,-72.24166107177734,42.08086013793945,13.55384924926834,-63.18429946899414,43.180397033691406,4.840290083450168,2.4239792823791504,True,8.713559165818172
2201,2202,-58.70815658569336,41.33850860595703,-52.4739309166149,36.32508359833966,8.000000000000002,12.591163633463111,-38.79668426513672,39.106727600097656,17.028437831541332,-44.50236511230469,46.00397491455078,13.073179574815127,4.824399948120117,True,3.9552582567262053
2202,2203,-55.8213996887207,39.46276092529297,-57.03180374236622,47.370663430187584,8.000000000000002,12.323418148817431,-55.16588592529297,56.30329895019531,18.81043943503148,-50.10591125488281,51.90206527709961,14.542180679342978,5.332626819610596,True,4.268258755688501
2203,2204,-52.89684295654297,37.63021469116211,-57.34604006751063,30.981557302804895,7.9999999999999964,2.984651907127132,-55.39949417114258,38.6583137512207,5.832095049627665,-53.06549835205078,46.510013580322266,10.92549699210955,2.220043659210205,True,-5.0934019424818855
2204,2205,-50.22969436645508,35.958961486816406,-42.45789134868695,37.85608506028498,7.999999999999998,10.388942032089794,-40.947998046875,59.37852096557617,26.044069676355985,-47.135841369628906,56.70374298095703,22.584873740419276,13.32609748840332,False,3.459195935936709
2205,2206,-47.293983459472656,34.119422912597656,-54.30615769222106,37.97032053907117,8.000000000000002,13.156350966555932,-53.377197265625,46.88131332397461,17.21660886999735,-50.009273529052734,49.00255584716797,17.700304242475113,2.4068875312805176,True,-0.4836953724777615
2206,2207,-44.31330871582031,32.2437744140625,-41.74399363980305,24.667586715744143,7.999999999999999,10.930845470615438,-37.61500930786133,10.543730735778809,20.36576252100613,-48.33957290649414,0.7694199085235596,30.510630999610353,11.68538761138916,False,-10.144868478604224
2207,2208,-41.5751838684082,30.520750045776367,-38.352075585719845,37.84274246574415,7.999999999999999,15.504260805608203,-39.22776412963867,55.42229461669922,26.626793521982165,-43.57130432128906,53.420780181884766,25.073244688543923,13.921497344970703,False,1.5535488334382421
2208,2209,-38.838050842285156,28.79835319519043,-46.16060539495922,25.576522221487387,7.9999999999999964,11.471785640747758,-44.10565185546875,8.68175220489502,19.998513934022235,-49.03861618041992,1.0503603219985962,29.011399900688225,8.224515914916992,False,-9.01288596666599
2209,2210,-35.954036712646484,26.94350814819336,-28.378297324987518,24.372871509095457,8.0,4.309164289824114,-34.16792678833008,14.61146354675293,10.67481122180458,-46.248043060302734,6.992336273193359,22.37058189785216,1.9427515268325806,True,-11.695770676047578
2210,2211,-33.32551574707031,25.25298309326172,-37.17519010018165,32.265828975996975,8.000000000000002,15.279711430615974,-35.6268310546875,30.78274917602539,9.021224158552169,-47.13398361206055,33.570926666259766,19.5457555594336,1.9739290475845337,True,-10.524531400881433
2211,2212,-30.443395614624023,23.399356842041016,-32.341874884846504,15.627884879758998,8.0,24.954952753029026,-31.72903823852539,12.674373626708984,9.715725301450592,-46.06313705444336,10.995087623596191,22.17094899205597,2.452998161315918,True,-12.455223690605377
2212,2213,-26.065792083740234,20.568862915039062,-19.41635867155631,25.016900155995124,7.999999999999997,6.3258162109429685,-23.011384963989258,32.880069732666016,14.932377425840516,-36.46927261352539,25.085803985595703,16.067883220171794,1.1829519271850586,True,-1.1355057943312783
2213,2214,-22.058950424194336,17.978097915649414,-29.96664166397197,19.189881417907163,7.999999999999999,17.37301399436332,-37.986106872558594,14.975921630859375,18.92554210061852,-48.049476623535156,4.274755001068115,31.264534177180177,8.89460277557373,False,-12.338992076561656
2214,2215,-19.091703414916992,16.06112289428711,-14.0793659917709,9.826022770269116,8.0,5.349803167557504,5.689929008483887,22.93450355529785,23.69933356195575,8.854909896850586,19.319963455200195,25.732275822192914,7.581401348114014,False,-2.0329422602371636
2215,2216,-16.385499954223633,14.312795639038086,-15.869691958952256,22.296149703089995,8.0,17.775719628760015,-20.575284957885742,31.344257354736328,20.00072134965863,-35.894649505615234,25.600322723388672,25.751178993861327,6.094274997711182,True,-5.750457644202697
2216,2217,-13.68471908569336,12.567970275878906,-19.457738034388267,7.029716740872628,8.0,21.203750438223253,-16.310707092285156,3.3610212802886963,9.183213678041973,-32.531490325927734,0.7692919373512268,23.701837690562645,2.9152309894561768,True,-14.518624012520672
2217,2218,-11.121628761291504,10.9376220703125,-3.12374774591106,11.121739597498474,8.0,16.29854340700513,1.8866276741027832,5.211556434631348,10.928669509745351,0.5658109188079834,-0.47148895263671875,13.087771453098213,0.5402097702026367,True,-2.159101943352862
2218,2219,-8.3084135055542,9.148173332214355,-14.330171659489135,14.41490179830392,8.0,20.83497029440714,-22.204570770263672,9.029096603393555,16.534713838029415,-30.437240600585938,0.09236344695091248,25.788842303340953,8.007010459899902,False,-9.254128465311538
2219,2220,-5.739412307739258,7.514065742492676,-4.856779215071262,-0.43709510506457416,8.0,10.127052373445016,2.197850227355957,-3.3522558212280273,10.950494946295672,0.4514496922492981,-0.43695688247680664,7.552130335500578,1.8582584857940674,True,3.3983646107950936
2220,2221,-3.4314727783203125,6.040510654449463,1.2886330290184906,12.499659295526435,7.999999999999999,7.503632277862627,0.3664921522140503,5.020699977874756,1.723344714849167,-0.6450533866882324,-0.35331854224205017,5.095276623463288,1.9521820545196533,True,-3.3719319086141213
2221,2222,-1.326034665107727,4.69624662399292,-9.16958600491682,3.1218570979292544,7.999999999999999,5.09455221055971,-3.6869559288024902,-0.3190115690231323,5.8637825895624465,-0.5835243463516235,-0.25320786237716675,3.810664975974266,1.152205228805542,True,2.0531176135881806
2222,2223,0.9906103014945984,3.2171332836151123,7.837685797324228,-0.9202036804729499,8.0,3.806314581725678,2.778217315673828,-1.7449924945831299,3.90706439921568,-2.2666077613830566,0.33948779106140137,5.252498806729977,2.9777631759643555,True,-1.345434407514297
2223,2224,2.6601991653442383,2.1602890491485596,0.40610975220118606,9.836165606099982,8.0,5.14787227250046,-4.128347873687744,3.842430353164673,8.730088781333093,-2.800196409225464,2.0615248680114746,7.0437778554691715,2.0097475051879883,True,1.6863109258639213
2224,2225,4.189719200134277,1.1921076774597168,0.6668344676248221,-5.990460328584624,7.999999999999999,7.083088708084381,0.5176558494567871,-4.235775947570801,6.903108537926531,-1.2107282876968384,0.45113885402679443,7.079815473780016,0.8513858914375305,True,-0.17670693585348474
2225,2226,5.861961841583252,0.13358338177204132,13.311382380350608,3.0501110494945802,8.0,5.245478152581669,7.644573211669922,2.8837029933929443,3.403671683565049,-1.8195158243179321,1.0783604383468628,8.75401875732306,1.5228561162948608,True,-5.3503470737580106
2226,2227,6.806169033050537,-0.41509366035461426,-0.6568879644470309,2.4663608772188295,8.0,8.771051361485325,-5.3172926902771,-2.772937297821045,13.276690564344888,-3.739593744277954,3.0663702487945557,12.281312116473124,2.6108145713806152,True,0.9953784478717633
2227,2228,7.84283447265625,-1.01749849319458,11.399465864445654,-8.18341596013056,8.0,11.368240863062573,2.2302796840667725,-15.951252937316895,15.808236803504556,-4.266865253448486,-18.18590545654297,21.134333126417193,3.8984029293060303,True,-5.326096322912637
2228,2229,8.792943000793457,-1.5696048736572266,11.010901400082435,6.116789634759803,7.999999999999999,13.085500098558102,2.918959617614746,13.174823760986328,16.185780745095936,-3.0540332794189453,3.5544419288635254,13.291000806337038,1.5395210981369019,True,2.894779938758898
2229,2230,9.121515274047852,-1.7753535509109497,2.2939768892370846,-5.9448522742511525,7.999999999999999,13.05056163862471,0.6230471134185791,-6.598356246948242,9.945177337102063,-3.2949156761169434,2.0421769618988037,13.333184400743116,1.558660626411438,True,-3.3880070636410533
2230,2231,9.422272682189941,-1.9636845588684082,17.273142920587343,-3.5011618757241436,7.999999999999999,3.5383993929057067,44.264949798583984,-1.9991977214813232,34.512460690402285,37.4794921875,6.692328453063965,29.10870777779107,19.249732971191406,False,5.403752912611214
2231,2232,9.752915382385254,-2.1707301139831543,5.002479007945901,4.2661444577638745,8.0,11.954721834609577,-0.46794676780700684,7.739989280700684,14.221401445005801,-0.30773690342903137,0.09809655696153641,10.257449616535006,1.727934718132019,True,3.9639518284707957
2232,2233,9.684682846069336,-2.218543291091919,8.839460487281837,-10.173767936832961,7.999999999999999,9.897278304492547,1.5234200954437256,-4.706575393676758,8.445368953970808,-2.2259023189544678,0.7351570129394531,12.211620834144371,1.7948075532913208,True,-3.766251880173563
2233,2234,9.609941482543945,-2.2709176540374756,15.606859181840331,3.0240779179970962,7.999999999999998,9.37978977448047,2.872748851776123,7.616786956787109,11.968649313684649,-0.800397515296936,0.27352243661880493,10.680594356858517,1.8406081199645996,True,1.288054956826132
2234,2235,9.563813209533691,-2.3068325519561768,1.5651546166083303,-2.160337794980778,8.0,10.659489099580222,-3.8652994632720947,-1.2127543687820435,13.426368239026242,-0.35562625527381897,-0.12341640144586563,10.116006436165513,4.6162943840026855,True,3.3103618028607293
2235,2236,9.51313304901123,-2.346292018890381,15.31213917530854,-7.857328940120929,8.0,9.148605210251175,2.4169869422912598,2.903756618499756,8.811580118798398,-0.7959481477737427,-0.12290216237306595,10.508663783275892,1.9389840364456177,True,-1.6970836644774945
2236,2237,9.46696662902832,-2.382237195968628,8.913611939315668,5.598602270364035,8.0,10.480154571006777,2.6536242961883545,3.0847668647766113,8.739097103723285,-1.7614266872406006,-0.1865314245223999,11.43482672646972,1.9590073823928833,True,-2.695729622746434
2237,2238,9.457083702087402,-2.400190591812134,4.4741306292503324,-8.658798957407765,8.0,11.259795397986874,-2.096200466156006,-6.276334285736084,12.171016458226891,-0.7350033521652222,-0.310336172580719,10.398049243498383,4.585681438446045,True,1.7729672147285083
2238,2239,9.447144508361816,-2.418248176574707,17.349048231739857,-1.1692815851623348,7.999999999999999,4.266506465097855,11.285017013549805,-2.010481357574463,1.8974540544890868,-0.14202558994293213,-0.3986537754535675,9.793027483774855,2.001091957092285,True,-7.895573429285768
2239,2240,9.436328887939453,-2.437896966934204,2.766046194395332,1.9788132101326346,8.0,9.83349994948161,-0.8795019388198853,11.19922161102295,17.03920993276948,-3.337937593460083,1.4308891296386719,13.33295767026094,1.918799638748169,True,3.7062522625085403
2240,2241,9.44626522064209,-2.354862928390503,11.381279229674753,-10.117318775920157,7.999999999999999,12.530135917403584,0.23378199338912964,-6.295407772064209,10.065622917210975,-2.362504005432129,-0.22731295228004456,11.993861853919233,1.8294432163238525,True,-1.928238936708258
2241,2242,9.457070350646973,-2.2645621299743652,13.2737148263838,4.7663144118109875,8.0,9.121139161636053,1.5515984296798706,3.796370029449463,9.919289960197148,0.23124705255031586,-0.23731037974357605,9.438209446169989,1.7477515935897827,True,0.481080514027159
2242,2243,9.46696662902832,-2.1818621158599854,1.9034029098045968,-4.7881053633797945,8.0,9.416503677387588,0.1692134141921997,-3.3771777153015137,9.332026634492488,-0.9094661474227905,-0.31729087233543396,10.461975551277806,1.6492303609848022,True,-1.1299489167853185
2243,2244,9.407139778137207,-2.0552709102630615,16.74476829023791,-5.242622133207722,8.0,9.008422731961913,2.2003934383392334,-0.053403615951538086,7.38933907170673,0.3255741596221924,-0.3860167860984802,9.153117019107354,1.5575603246688843,True,-1.7637779474006239
2244,2245,9.347637176513672,-1.9293670654296875,6.090123088288863,5.377383372693739,7.999999999999999,9.15317436752797,0.5340816974639893,0.8148330450057983,9.145396915747433,-0.21670129895210266,-0.31614795327186584,9.627369030164786,1.480420708656311,True,-0.48197211441735277
2245,2246,9.293354034423828,-1.8145077228546143,6.759704539435531,-9.402697245826847,8.0,9.570661163581926,-0.17399287223815918,-2.89056396484375,9.37781032302474,0.3231416642665863,-0.42320311069488525,8.902237790377704,1.4893404245376587,True,0.4755725326470355
2246,2247,9.130449295043945,-1.7198024988174438,16.12443195439012,2.1640366534602427,8.000000000000002,8.674729049834802,4.3832597732543945,0.9066919684410095,5.253622256389777,-0.06354700773954391,-0.34676891565322876,9.1365682699883,1.517940878868103,True,-3.8829460135985236
2247,2248,8.981963157653809,-1.6334800720214844,1.2013223589968591,0.22706521425212678,8.0,9.137411294377578,1.1825196743011475,-1.8931626081466675,7.6590842390764085,-0.034752532839775085,-0.38933178782463074,8.943829120739327,1.5648585557937622,True,-1.2847448816629186
2248,2249,8.833792686462402,-1.5473408699035645,13.314214779989655,-8.174996402882996,8.0,8.348903443496086,3.950742244720459,-3.4782309532165527,5.221223007034515,-0.5526575446128845,-0.392301082611084,9.425504303585411,1.5891733169555664,True,-4.204281296550896
2249,2250,8.801807403564453,-1.5473408699035645,9.975000577382819,6.3661676931110724,7.999999999999999,9.421558683314526,5.311394214630127,1.671075463294983,4.722024805419285,-2.146620750427246,-0.34993934631347656,10.978838630155513,1.6161490678787231,True,-6.256813824736228
2250,2251,8.766725540161133,-1.5473408699035645,2.556151177944,-6.590035198471503,8.0,10.986930892189344,-5.543917179107666,0.7557237148284912,14.460167778135878,-1.1191153526306152,-0.405598908662796,9.916729131693389,3.6041111946105957,True,4.543438646442489
2251,2252,8.731668472290039,-1.5473408699035645,16.717443797855122,-2.024197713826259,8.0,8.253185019149107,2.724412202835083,0.4699375331401825,6.459873469540287,-1.995283842086792,-0.3835899233818054,10.902669301784968,1.6103647947311401,True,-4.442795832244681
2252,2253,8.837142944335938,-1.619198203086853,3.2707929217578204,4.126734917490221,7.999999999999999,10.895945183607477,-5.0676703453063965,2.970414161682129,14.777464891754555,0.14682631194591522,-0.41673922538757324,8.898880905661843,3.860659599304199,True,5.878583986092712
2253,2254,8.952970504760742,-1.6981079578399658,9.176101721471136,-9.694995631186975,8.0,8.883076450228335,3.702143907546997,-5.535719871520996,6.547594462768636,-1.002325415611267,-0.3898318409919739,10.155016054086289,1.5727483034133911,True,-3.607421591317653
2254,2255,9.058466911315918,-1.7699799537658691,14.295756904034183,4.277399109280626,8.0,8.6167910096799,3.187133550643921,-2.0611648559570312,6.038164005413395,0.33904510736465454,-0.40172362327575684,9.00162191929435,1.554726481437683,True,-2.963457913880954
2255,2256,9.221914291381836,-1.8590610027313232,1.2751537824725228,-2.780471559453674,8.0,9.001803244661481,-1.470304012298584,-1.0657503604888916,10.891369608535896,0.3907521963119507,-0.4371560215950012,9.120537738186176,1.5588737726211548,True,1.7708318703497206
2256,2257,9.385266304016113,-1.9480910301208496,15.867364072921603,-6.636631156252912,7.999999999999999,8.957155495013044,2.319929838180542,-3.135195732116699,7.156157327320647,0.2034543752670288,-0.423279345035553,9.309114466446934,1.587399959564209,True,-2.1529571391262863
2257,2258,9.381864547729492,-1.977756381034851,7.769230737731997,5.858021320945531,8.0,9.307848012640857,3.247131586074829,1.0225756168365479,6.839158401225755,0.16401489078998566,-0.41189900040626526,9.351563746187642,1.6159693002700806,True,-2.512405344961887
2258,2259,9.378463745117188,-2.0074167251586914,5.274577942664483,-8.874593824988512,7.999999999999999,9.332226648953343,-0.16351759433746338,-4.644221305847168,9.888437369194369,0.3736414909362793,-0.44403591752052307,9.141303800597305,1.6446516513824463,True,0.7471335685970644
2259,2260,9.375054359436035,-2.03714656829834,17.039843509261125,0.254361077057343,7.999999999999998,8.96405797215247,2.2543771266937256,-0.5020395517349243,7.224798789503067,0.48098403215408325,-0.4421467185020447,8.9753469695358,1.6890530586242676,True,-1.750548180032732
2260,2261,9.309885025024414,-2.0568790435791016,2.110216875248745,1.4309252131282308,7.999999999999999,8.9753469695358,-1.7533175945281982,-0.6714998483657837,11.092985347752856,0.1432340294122696,-0.4046489894390106,9.259191772230542,1.73082435131073,True,1.8337935755223143
2261,2262,9.250542640686035,-2.0748472213745117,12.2033759431359,-9.509951490175524,8.0,9.23597419295196,3.937751054763794,-0.5318567752838135,5.480474676587744,0.1588205248117447,-0.3908766508102417,9.191353673142268,1.773757815361023,True,-3.7108789965545244
2262,2263,9.191229820251465,-2.092806339263916,12.036243211272598,5.384218390193011,8.0,9.189379601283784,3.6739308834075928,3.312433958053589,7.693156788062165,-0.6302329301834106,-0.3952096998691559,9.951389731496459,1.7491204738616943,True,-2.258232943434294
2263,2264,9.181015968322754,-2.0594069957733154,2.0325340013677957,-5.650953399221247,7.999999999999999,9.95210652596484,-4.921700954437256,-3.871368408203125,14.212817035471303,-1.6960914134979248,-0.387112557888031,10.989799481893323,4.177102088928223,True,3.2230175535779804
2264,2265,9.170812606811523,-2.0260419845581055,16.867935471666176,-4.206477629866565,8.0,8.763188836056422,5.575329303741455,3.0306665897369385,6.171507633088435,-0.46002763509750366,-0.3909916877746582,9.753026887707795,1.7009344100952148,True,-3.5815192546193604
2265,2266,9.160592079162598,-1.9926189184188843,4.9578363435383555,4.814498256030042,8.0,9.753026887707795,-3.5699610710144043,0.6960475444793701,13.044653070077775,-0.5376840233802795,-0.4029431939125061,9.861259647379095,4.187150955200195,True,3.18339342269868
2266,2267,9.194601058959961,-1.9926189184188843,7.695440757329698,-9.850895980855398,7.999999999999999,9.827858379825411,-3.8235511779785156,-6.238990306854248,13.72563557389842,-0.9514389038085938,-0.3822787404060364,10.306722741070418,4.219009876251221,True,3.4189128328280027
2267,2268,9.228705406188965,-1.9926189184188843,15.642329441153265,2.789161789448034,8.0,8.821268683770576,3.8380370140075684,1.695048451423645,6.559424232424733,-0.4186251163482666,-0.35194143652915955,9.819379438443217,1.6518969535827637,True,-3.2599552060184847
2268,2269,9.262717247009277,-1.9926189184188843,1.303464030480768,-1.186214407530848,7.999999999999999,9.821043450680845,-3.0644757747650146,-2.2265987396240234,12.37508671636006,-0.4097907245159149,-0.41637563705444336,9.85034046277742,4.304203510284424,True,2.5247462535826415
2269,2270,9.30890941619873,-2.0213911533355713,14.633096610460765,-7.992407040138769,8.0,8.891320909554624,2.72611665725708,2.3000435829162598,7.934175761043013,-0.22775068879127502,-0.32779183983802795,9.741292787426454,1.6652590036392212,True,-1.807117026383441
2270,2271,9.359565734863281,-2.052943706512451,9.467039075171872,5.946334353482896,8.0,9.736726034376249,2.9261491298675537,2.096092700958252,7.7096176408851775,-0.10260695219039917,-0.40000858902931213,9.655865224375644,1.6743212938308716,True,-1.9462475834904662
2271,2272,9.405691146850586,-2.081674575805664,3.9230089598605646,-7.907496066073137,8.0,9.632184499146966,-0.728763222694397,-2.140869617462158,10.145242982402152,-0.018321024253964424,-0.3741472363471985,9.596546659362202,1.7143663167953491,True,0.54869632303995
2272,2273,9.416472434997559,-2.128678560256958,17.39451752085453,-1.5363977079297797,8.0,4.07187593996776,25.18680191040039,-0.7570947408676147,15.8237575309388,26.691856384277344,-3.1219091415405273,17.291516151052235,1.751772403717041,True,-1.467758620113436
2273,2274,9.426443099975586,-2.172153949737549,3.1436009785327634,2.7802086053490482,7.999999999999999,9.45488915624111,-0.700570285320282,-0.6134275794029236,10.262679239389007,0.2739735245704651,-0.4250807464122772,9.33560335411029,1.7891846895217896,True,0.9270758852787164
2274,2275,9.436328887939453,-2.2152578830718994,10.723828294542187,-10.110974777565875,7.999999999999999,9.320596792854932,1.7813854217529297,-3.8554418087005615,7.82868844573613,-0.2800977826118469,-0.4140041172504425,9.881976643014625,1.7891846895217896,True,-2.053288197278494
