frame_id,reference_x,reference_y,search_center_error_m,visual_error_m,final_error_m
0,-37.63298034667969,0.8348962068557739,8.0,3.437595371551043,5.573846488527621
1,-47.69226837158203,1.7922438383102417,8.000000000000004,5.86543248507312,1.8635896873145892
2,-50.9120979309082,2.1374623775482178,8.000000000000002,3.3345037608298567,3.0721126592320105
3,-54.1414794921875,2.4837052822113037,8.0,1.323990644704336,5.806589692348303
4,-57.659645080566406,2.8609108924865723,7.999999999999999,3.2510280628853185,3.3987266885357332
5,-60.85377502441406,3.1642963886260986,8.000000000000002,7.326561933460215,7.7927472856962465
6,-64.02477264404297,3.465484857559204,8.0,5.945338781905327,2.3046943268134426
7,-67.50447845458984,3.795994520187378,8.0,10.337939874370484,5.402840116529851
8,-70.70535278320312,4.076558589935303,8.0,6.359749173849196,4.9764355364491
9,-73.90149688720703,4.35670804977417,8.0,5.044542703163245,3.3609405046890055
10,-77.41057586669922,4.6642866134643555,7.999999999999997,9.034810562725909,7.27723399660425
11,-80.71418762207031,4.9646830558776855,8.0,11.276229970374594,1.569639988193708
12,-84.01985931396484,5.2652668952941895,8.0,10.967689184602873,5.409700697272527
13,-87.32689666748047,5.565974712371826,8.0,10.763844520859337,4.308219807963472
14,-90.52931213378906,5.903904438018799,8.000000000000002,16.821932052630608,10.199361109096234
15,-93.73101806640625,6.241759300231934,7.999999999999999,7.0372266861414845,7.023076235858132
16,-97.24320983886719,6.612377643585205,8.0,9.25480200117832,7.557758765616775
17,-100.48795318603516,6.946656227111816,8.0,10.018734752190001,7.349182905722535
18,-103.73233032226562,7.28089714050293,7.999999999999997,3.5966479197555152,1.891121996916946
19,-107.29228973388672,7.647648811340332,8.000000000000004,6.499663118964068,2.8971870582263852
20,-110.61548614501953,7.9523024559021,8.000000000000002,7.562892789501619,5.65260206877924
21,-113.93445587158203,8.25656795501709,7.999999999999998,2.3200822487870374,3.881674039556336
22,-117.24945068359375,8.560468673706055,7.999999999999998,6.602656102484765,5.691701458589029
23,-120.81004333496094,8.859625816345215,7.999999999999995,6.865081548958155,5.154222098663357
24,-124.06947326660156,9.133479118347168,8.000000000000004,5.338781314079791,1.9810464575225117
25,-127.31895446777344,9.40649700164795,8.0,10.107972688280846,5.214139907406708
26,-130.83126831054688,9.741641998291016,7.999999999999995,1.949172876057215,4.116199781533574
27,-134.03652954101562,10.047489166259766,7.999999999999998,9.40015845668474,4.002303821880252
28,-137.2352752685547,10.352712631225586,8.000000000000005,7.693430871753433,5.2904815587350615
29,-140.4192352294922,10.665609359741211,8.0,8.709312803894404,3.156676624219359
30,-143.60858154296875,10.979033470153809,8.000000000000007,13.571852553667217,6.432085103884581
31,-147.09031677246094,11.321191787719727,7.999999999999995,4.113602122982992,4.457128883965416
32,-150.38534545898438,11.621426582336426,8.00000000000001,7.145809110554611,3.131880967547401
33,-153.68882751464844,11.922432899475098,7.999999999999997,7.9073515197008515,4.872014675640855
34,-156.9862060546875,12.222880363464355,7.999999999999995,6.894071749694451,0.6989959793179517
35,-161.97410583496094,12.701958656311035,7.999999999999997,13.424066971969742,4.951634927499423
36,-166.95358276367188,13.180227279663086,8.0,8.428324029118146,5.26369933593077
37,-170.4643096923828,13.542064666748047,8.000000000000004,9.325559354672372,0.9293579939909311
38,-173.6732940673828,13.872800827026367,8.0,11.553124874937284,6.570901709333901
39,-176.89031982421875,14.204366683959961,7.999999999999994,6.980936998576512,2.2640732473467065
40,-180.07899475097656,14.495210647583008,7.9999999999999964,8.475378387025497,6.237365879078706
41,-183.2713623046875,14.786392211914062,7.999999999999999,9.3217410026865,5.308931895493271
42,-186.7760009765625,15.10605525970459,8.000000000000002,7.061497151045473,4.413747267196416
43,-190.19520568847656,15.40483283996582,8.000000000000009,13.780507802419006,4.892485626088132
44,-193.5978240966797,15.702159881591797,8.0,9.565684016091565,7.176509196937101
45,-196.71273803710938,15.974347114562988,8.000000000000004,10.312767699507543,3.4984714663802556
46,-199.96063232421875,16.28047752380371,7.999999999999999,10.168569945058408,6.343247295921435
47,-203.51315307617188,16.61532211303711,8.0,6.14383113418387,1.7029955253152746
48,-206.75160217285156,16.920562744140625,7.999999999999987,9.454343276263664,5.852316263303346
49,-210.1930389404297,17.253925323486328,8.0,10.48830429900934,4.791790440182445
50,-213.3181915283203,17.556650161743164,7.999999999999997,4.021366038213476,2.7866261865905617
51,-216.74961853027344,17.889041900634766,7.999999999999997,13.53575866800057,6.90857392603239
52,-219.85296630859375,18.18168067932129,8.0,5.995316339752861,3.904712680594547
53,-223.26548767089844,18.50347328186035,8.00000000000001,15.265184070675076,4.476707898443161
54,-226.6659393310547,18.824125289916992,7.9999999999999964,17.071731542026093,9.568059356430705
55,-229.90402221679688,19.161306381225586,8.000000000000004,4.160182107915589,5.333881287019083
56,-233.15289306640625,19.499608993530273,8.000000000000007,16.567324043253453,4.950349873852186
57,-236.7150115966797,19.870529174804688,8.000000000000012,1.7094110204332478,6.014213883947489
58,-241.94894409179688,20.40029525756836,8.000000000000002,4.625200793099305,1.9300141496200491
59,-246.72323608398438,20.88353729248047,8.000000000000002,12.755073456980066,6.960564802757414
60,-250.1058349609375,21.189523696899414,8.00000000000001,4.879357883329544,5.2617535052980635
61,-253.18551635742188,21.468109130859375,7.999999999999986,7.948364010684371,4.008771039831723
62,-256.56805419921875,21.774091720581055,7.999999999999992,13.104624926014218,6.186888957656712
63,-259.78179931640625,22.02918815612793,8.000000000000002,5.444468012618201,2.2577059062326494
64,-262.99114990234375,22.283937454223633,7.999999999999987,11.749321224840456,7.634389020654771
65,-266.5252380371094,22.56446075439453,7.99999999999999,2.9345716861462394,4.906022537263503
66,-269.7339172363281,22.84096336364746,8.0,3.4772164957204708,2.9836367992635138
67,-272.9421081542969,23.117422103881836,8.0,12.184293796563773,2.7964981998040397
68,-276.4721984863281,23.421621322631836,7.99999999999999,6.361684516593662,6.246030167519175
69,-279.8583984375,23.757869720458984,8.000000000000014,10.611870442371767,3.326925985111453
70,-282.95196533203125,24.0650577545166,7.999999999999979,15.428236614523643,9.074054648077116
71,-286.3374328613281,24.40123176574707,7.999999999999991,6.450912289077354,3.1506235012282295
72,-289.56787109375,24.758047103881836,7.999999999999993,13.065565382530863,7.1393945361132145
73,-292.791015625,25.11405372619629,8.00000000000002,3.3827750510431303,2.7328910721754403
74,-296.3150329589844,25.5032958984375,8.000000000000012,8.265687337822976,4.448519640498449
75,-299.6627502441406,25.858945846557617,8.000000000000009,7.895916941466654,2.6991221936065646
76,-303.0234375,26.21597671508789,8.000000000000007,7.270595050704737,2.8629168500241335
77,-306.37432861328125,26.571962356567383,7.999999999999986,11.694285980011012,1.8381066472819385
78,-309.93170166015625,26.87871551513672,7.999999999999986,7.0538926654969245,1.771949063798686
79,-313.1907958984375,27.159746170043945,7.999999999999997,9.298929280053203,1.8767598864787642
80,-316.4438171386719,27.44025421142578,8.0,9.654708077421066,2.8689323793555137
81,-321.592041015625,27.871477127075195,7.999999999999981,5.944128664293869,2.1455398373939003
82,-326.2784423828125,28.264019012451172,8.000000000000005,10.606467819008337,1.8374559216719433
83,-329.66363525390625,28.562585830688477,7.999999999999991,5.5153981100871246,2.3636816983333566
84,-332.744140625,28.834280014038086,8.0,6.363598228291761,2.6047074261373555
85,-336.1232604980469,29.13231086730957,8.000000000000014,13.185773841108581,7.6553784366384665
86,-339.6257019042969,29.462242126464844,8.000000000000012,7.085634426301968,2.7130190156884746
87,-342.8448791503906,29.765491485595703,7.999999999999987,10.059900325212169,7.178824354310312
88,-346.0498046875,30.067394256591797,8.000000000000005,12.408657740518136,5.139499269026877
89,-349.5847473144531,30.437746047973633,7.999999999999986,7.085246792757043,2.967483435393346
90,-352.80938720703125,30.775583267211914,7.999999999999985,10.962604922168426,4.561174448667175
91,-356.03759765625,31.113798141479492,8.000000000000025,4.769646170425822,1.2300028121491124
92,-359.28173828125,31.43756103515625,8.000000000000007,5.805128104637952,3.7110623807995435
93,-362.83331298828125,31.792009353637695,8.0,8.748489949262202,2.933091114863139
94,-366.0764465332031,32.11567306518555,8.000000000000021,5.277754898647591,1.5988570625108336
95,-369.61279296875,32.450355529785156,8.000000000000016,8.787883273492591,0.6406494820605364
96,-372.840576171875,32.75583267211914,8.00000000000001,10.989306726148625,2.5001180548548585
97,-376.074462890625,33.0618896484375,7.999999999999999,5.8388148912979085,2.1007183121830764
98,-379.28497314453125,33.342430114746094,7.999999999999995,15.067247455679592,6.114661887672115
99,-382.8072509765625,33.650211334228516,7.999999999999992,9.402304674282503,2.7442664014304867
100,-386.01123046875,33.930179595947266,8.000000000000014,10.765853473038616,4.58508824394132
101,-389.1904296875,34.22496032714844,7.999999999999997,12.8007962751294,5.82679606020935
102,-392.3679504394531,34.51958084106445,8.000000000000002,3.9642395727672612,1.1073295665865597
103,-395.8560485839844,34.84300231933594,7.999999999999981,9.993425722221348,4.987596445657146
104,-399.0557861328125,35.11958312988281,7.999999999999997,9.8926300213189,4.630169554360042
105,-402.5732727050781,35.42363357543945,7.999999999999999,9.416033194383013,5.903379752113133
106,-405.7723693847656,35.70016098022461,7.999999999999995,12.799056372694613,6.383728448824728
107,-410.9620056152344,36.18172073364258,7.999999999999981,7.816027620010783,2.906601035576853
108,-415.7295227050781,36.62411117553711,8.000000000000004,13.851667074580899,3.2926858647490898
109,-418.8456726074219,36.940486907958984,7.999999999999992,10.043285454996361,4.109231896395208
110,-422.2717590332031,37.288333892822266,8.0,5.234229050800753,4.591148900286721
111,-425.7071228027344,37.63711929321289,8.000000000000014,12.093398176888039,6.8286451805457
112,-429.1660461425781,37.977447509765625,7.999999999999974,8.196256549278008,4.307015312421529
113,-432.6162414550781,38.31691360473633,7.999999999999993,10.194431486947071,5.2362196501426315
114,-435.776611328125,38.627864837646484,8.000000000000002,8.202832105050645,4.3602175114905934
115,-439.2908630371094,38.962501525878906,8.000000000000009,3.719898764829824,2.9706882416344214
116,-442.5021057128906,39.26829147338867,7.999999999999983,10.992827257401498,3.5582181087114257
117,-445.7133483886719,39.57407760620117,7.99999999999998,7.560296458768593,2.2863499160818725
118,-449.110595703125,39.88394546508789,7.999999999999997,8.224747768574586,2.069506719067475
119,-452.206787109375,40.16635513305664,8.000000000000002,8.674040605897233,6.439881273948337
120,-455.5990295410156,40.475765228271484,8.000000000000004,4.832923649984682,2.8775055352377534
121,-459.1404724121094,40.788551330566406,7.9999999999999885,13.811498708839133,8.276391569966012
122,-462.3484802246094,41.07188034057617,8.0,6.873861562826697,5.6828004192621995
123,-465.55621337890625,41.35519027709961,8.000000000000007,4.1932633739457,1.6045715019855114
124,-468.9824523925781,41.67662048339844,8.00000000000001,11.257321176363575,7.5174524596156935
125,-472.1073913574219,41.96978759765625,7.999999999999979,7.788470128969706,2.1538194403660915
126,-475.5235900878906,42.29027557373047,7.999999999999997,5.196400062845009,3.9014420228830042
127,-480.710693359375,42.825992584228516,8.0,5.643016774492912,3.3343248707274427
128,-485.43988037109375,43.314414978027344,8.000000000000009,6.243652010985747,2.885123702500909
129,-488.66900634765625,43.66962432861328,8.000000000000023,9.261921631305418,3.6003450480771275
130,-491.9098205566406,44.02613067626953,7.99999999999999,8.267592111388621,5.300599088926251
131,-495.4583435058594,44.41647720336914,8.0,2.9631275978766425,0.9263543207106737
132,-498.7073974609375,44.71101379394531,8.000000000000002,9.776768913427473,3.7397170564259863
133,-502.27886962890625,45.03477096557617,8.000000000000005,7.665609641684931,2.3929572988773073
134,-505.52783203125,45.32929611206055,7.999999999999988,6.826570393521534,3.854273823347338
135,-509.0766296386719,45.60560607910156,7.999999999999997,7.323978812102284,4.35060032768979
136,-512.3068237304688,45.85710525512695,7.999999999999997,3.4547582083288315,1.7440274710222696
137,-515.5360717773438,46.1085319519043,8.000000000000021,12.172545893100171,3.8205889402127147
138,-518.6881713867188,46.37449264526367,8.000000000000032,10.508946164597036,5.873491312865189
139,-522.1470947265625,46.66633605957031,7.999999999999993,7.498017861184601,2.3285804876190133
140,-525.2991943359375,46.93229675292969,8.000000000000023,9.632323567927203,1.5629624338293462
141,-528.637451171875,47.26866149902344,7.999999999999947,10.367407904743969,2.8464533406692927
142,-531.6807861328125,47.5753059387207,8.000000000000048,9.227905790506497,1.9835924865413497
143,-535.021484375,47.91190719604492,7.99999999999999,8.330797198170654,3.103333624063911
144,-538.438232421875,48.356380462646484,8.000000000000009,5.048076183464044,3.8891667791192397
145,-541.8419799804688,48.799163818359375,8.000000000000044,9.67373680231369,5.093144625156477
146,-544.947998046875,49.203216552734375,7.999999999999953,7.993736336567792,3.4720073332763164
147,-550.000732421875,49.84299087524414,8.000000000000014,8.59409350359259,3.027207902438728
148,-555.058349609375,50.48339080810547,8.00000000000001,15.10616852979553,5.904567200296501
149,-558.309814453125,50.90394973754883,8.000000000000005,3.0543214819837265,3.3296366195649765
150,-561.8694458007812,51.3643684387207,7.999999999999989,13.044177338685891,7.110735205588581
151,-565.1278686523438,51.78582763671875,8.000000000000027,8.465885181717658,5.207508450062692
152,-568.2388916015625,52.20448684692383,7.999999999999998,6.546103450855443,4.638455071742493
153,-571.646484375,52.663055419921875,7.9999999999999964,10.04600833566132,4.004710831691815
154,-575.0543823242188,53.12166213989258,8.000000000000009,4.4844311329199815,2.013496331207037
155,-578.2078857421875,53.51676940917969,8.000000000000012,11.54502835811355,2.9011744265367274
156,-581.67431640625,53.951080322265625,7.999999999999999,7.850645552951103,3.4775369774582656
157,-584.8276977539062,54.34617614746094,8.000000000000002,2.5726614808968598,1.2355297113834178
158,-588.2053833007812,54.762908935546875,7.999999999999963,10.604740508016357,6.492460918411827
159,-591.295654296875,55.14418411254883,7.999999999999955,5.211415694826704,3.1571626264432266
160,-594.662353515625,55.5595588684082,7.999999999999991,7.403329681741186,4.615377678826788
161,-597.8855590820312,55.9515380859375,7.9999999999999964,7.149328508408103,4.413072951451955
162,-601.1062622070312,56.34321212768555,8.000000000000032,3.354744981011345,0.8875114538587524
163,-604.6399536132812,56.77294158935547,8.00000000000002,12.164373191772508,4.57169641729412
164,-607.7582397460938,57.214786529541016,7.999999999999996,7.878614006915812,4.2990589951731275
165,-611.1880493164062,57.70076370239258,7.999999999999987,4.299346600985451,1.379935709110867
166,-614.6174926757812,58.18669891357422,8.000000000000009,11.3007639021326,6.684765522689548
167,-619.5903930664062,58.86009979248047,8.000000000000025,8.197894397322791,2.697503291095733
168,-624.564453125,59.53366470336914,8.000000000000023,7.773882411276436,2.3086692563559597
169,-627.834228515625,59.956024169921875,7.999999999999999,11.702340407907123,5.532894409721791
170,-631.1049194335938,60.378509521484375,7.999999999999994,6.8436708196023375,2.192985632384755
171,-634.3888549804688,60.80270767211914,7.9999999999999565,7.355134102982477,4.008543182098936
172,-637.7803955078125,61.230003356933594,8.000000000000023,6.10592466189188,2.517876350679067
173,-640.8805541992188,61.62059020996094,8.000000000000002,3.9282596242918397,2.136273500502961
174,-644.2847900390625,62.04948425292969,8.000000000000018,7.094136560527881,0.9755223515316166
175,-647.5017700195312,62.45146942138672,8.000000000000053,7.662717375746517,5.204493222098082
176,-651.04150390625,62.893795013427734,7.999999999999994,9.670035482200909,5.26632921283403
177,-654.2623291015625,63.296260833740234,7.999999999999993,9.896176105754149,5.072591725622472
178,-657.6737060546875,63.72810745239258,8.000000000000012,10.951525749771518,6.81940471349148
179,-661.0394287109375,64.15418243408203,7.999999999999972,13.627085261253072,7.5489368747994865
180,-664.1990966796875,64.5541763305664,7.999999999999974,11.499836827402648,10.62136159413546
181,-667.5989379882812,65.00929260253906,7.99999999999999,7.600948964264948,5.341021706423232
182,-670.9974365234375,65.46422576904297,8.000000000000012,14.416595103382088,9.93068496201013
183,-674.094970703125,65.87887573242188,7.9999999999999885,7.923840060289468,4.921365802312679
184,-677.2904663085938,66.33273315429688,8.000000000000043,9.782807010669739,8.070833530771537
185,-680.7816772460938,66.82859802246094,7.999999999999994,9.3249992031575,8.713448081573809
186,-683.970458984375,67.28150177001953,8.000000000000002,2.0141398233485566,4.114901684464924
187,-689.15234375,68.00431823730469,8.000000000000037,19.49746012060366,8.386023478133803
188,-693.8663330078125,68.661865234375,8.000000000000039,11.51630492926352,6.458761270538967
189,-697.0919189453125,69.0860824584961,7.999999999999995,13.45265258918313,3.0300059932086625
190,-700.6299438476562,69.5513916015625,8.0,17.034475467768942,11.133529262663279
191,-703.8541259765625,69.97543334960938,7.999999999999995,1.3199063018928707,5.59553116360769
192,-707.1878662109375,70.38829040527344,7.999999999999988,12.824051212397494,6.265386360177786
193,-710.510009765625,70.7997055053711,7.9999999999999645,14.790060318402304,3.829446572273994
194,-713.8317260742188,71.21107482910156,8.00000000000001,10.792843456728406,5.64465538510436
195,-717.2101440429688,71.64702606201172,8.000000000000032,10.720496852398202,4.687523057006714
196,-720.5869750976562,72.082763671875,8.000000000000034,2.6131525982817396,4.29053514486285
197,-723.6663208007812,72.48011779785156,7.999999999999998,6.5526248622534045,7.355894803500257
198,-726.9491577148438,72.90656280517578,8.000000000000002,6.238636109358038,2.708220027081425
199,-730.236328125,73.33356475830078,7.999999999999982,7.40316148370827,3.856533588066592
200,-733.5213623046875,73.76029205322266,8.000000000000044,12.31279696587948,4.969787882218369
201,-736.914306640625,74.20057678222656,8.000000000000032,9.053967519792472,2.2658295494367615
202,-739.9992065429688,74.60089111328125,8.000000000000034,8.765266039932786,1.2882585266185758
203,-743.3866577148438,75.04046630859375,7.999999999999987,11.074776305104095,4.208678158627239
204,-748.1880493164062,75.66339874267578,8.0,7.351554033981945,1.0526982798707138
205,-752.99658203125,76.28724670410156,7.999999999999992,7.969323137886953,4.762195380290838
206,-755.71923828125,76.63848114013672,7.999999999999993,6.945207083461952,5.940591437116043
207,-758.19677734375,76.9581069946289,8.000000000000004,8.528589851842368,1.1671181815258693
208,-760.6763916015625,77.27799224853516,8.000000000000023,7.669364569875651,4.372632348867215
209,-761.981689453125,77.4145278930664,7.99999999999997,6.6460631255241625,3.1236994847935016
210,-763.4113159179688,77.5640640258789,7.99999999999996,7.27268956218444,5.269725380171565
211,-764.7205200195312,77.70100402832031,8.000000000000007,7.5014450278234905,5.737300706659113
212,-764.672607421875,77.7253646850586,7.999999999999986,1.8711945122519629,2.5631803566804905
213,-764.6199951171875,77.75212860107422,7.999999999999993,5.9070545943839825,6.0337715429351375
214,-764.5673217773438,77.7789306640625,7.999999999999978,8.690391018554054,3.0345875613546154
215,-763.9747924804688,77.8553695678711,7.999999999999981,4.379223363328639,2.370701643736706
216,-763.4349975585938,77.92499542236328,8.000000000000007,6.725223065231034,3.3216183557569017
217,-762.8414306640625,78.0015640258789,8.000000000000044,3.28426417911648,1.4671074188544615
218,-762.160400390625,77.88436126708984,7.999999999999999,7.212417533249969,2.849522260887728
219,-761.5316162109375,77.77613830566406,7.999999999999987,6.613209347184758,1.4644202383872433
220,-760.9010620117188,77.66761016845703,8.000000000000002,7.302469411083741,3.5970912007406657
221,-760.08837890625,77.45402526855469,7.99999999999996,6.725473602118934,1.3988031157127716
222,-759.1974487304688,77.2198715209961,8.000000000000037,6.908937257689642,2.173874775509896
223,-758.3172607421875,76.98856353759766,8.00000000000002,8.074549842197666,1.8059020631028768
224,-756.294921875,76.8119888305664,8.000000000000005,7.1640992179270775,1.2695108338695102
225,-754.1097412109375,76.62120819091797,8.000000000000028,8.821599750726639,5.139611084810653
226,-751.9635009765625,76.39805603027344,7.999999999999963,9.299344299879976,4.413036293001473
227,-749.6152954101562,76.1539077758789,7.999999999999997,7.314481561982533,2.42128361015886
228,-747.4716186523438,75.93102264404297,7.999999999999997,8.827623455867514,5.6924516059727726
229,-744.6644897460938,75.68321990966797,8.000000000000002,10.234604143126502,6.053632407779814
230,-741.8558959960938,75.4352798461914,7.999999999999991,9.092459489150825,2.0594655128850565
231,-738.7706298828125,75.16291809082031,8.00000000000005,10.902672694147938,5.749786846200209
232,-735.8690185546875,74.86968231201172,8.000000000000002,6.809882067300004,2.9105363483291233
233,-732.69189453125,74.54859161376953,7.999999999999983,12.153640569214167,5.18386554995847
234,-729.5181274414062,74.22783660888672,7.999999999999968,11.413066492836174,4.961804516006903
235,-726.4802856445312,73.93629455566406,8.000000000000012,3.2360606501719027,3.2038298907423703
236,-723.4462280273438,73.6451187133789,7.9999999999999805,9.968358205741858,5.597539624295859
237,-720.1226196289062,73.3261489868164,8.000000000000002,7.017470287578341,4.901060977058195
238,-716.9819946289062,72.999755859375,7.999999999999956,5.662901714708568,2.2956949709828924
239,-713.8432006835938,72.67355346679688,8.000000000000016,15.044050712798148,8.597347348010041
240,-710.696533203125,72.3465347290039,8.000000000000004,15.268395963400177,5.422049602645302
241,-707.4120483398438,72.00265502929688,7.999999999999995,12.977364501249884,8.124940675771214
242,-704.1277465820312,71.65879821777344,7.9999999999999645,7.904659458899916,5.525506650706897
243,-701.12744140625,71.34465789794922,7.9999999999999565,3.232871183417728,5.4023093200408425
244,-697.9862670898438,71.02423095703125,8.000000000000002,9.611076538462445,3.326225660503337
245,-694.5553588867188,70.67423248291016,8.000000000000004,18.998834626489288,11.732672697163377
246,-691.4153442382812,70.35391998291016,8.000000000000025,7.563847936298626,9.084956901003908
247,-688.242919921875,70.04118347167969,7.999999999999988,11.132910598063349,8.595266225776554
248,-684.7593994140625,69.69778442382812,8.000000000000002,5.497026241777764,4.1592503314684315
249,-681.5909423828125,69.38543701171875,8.000000000000014,2.7566881826417324,1.1674466530071832
250,-678.333251953125,69.0370101928711,8.000000000000025,7.19749923291996,4.8233781435734295
251,-675.073974609375,68.68840789794922,8.000000000000004,4.758184747665914,2.059858263182167
252,-671.807373046875,68.33903503417969,8.000000000000044,8.21165640466813,3.9502116795405313
253,-666.7041015625,67.77984619140625,8.0,5.436178529877706,2.4694448430614684
254,-662.0545043945312,67.27037048339844,8.000000000000009,2.4989191432785747,0.6597694176725235
255,-658.7772216796875,66.92166900634766,7.999999999999974,10.390422252598661,2.09890072453187
256,-655.4989624023438,66.57286071777344,8.000000000000032,4.730044859301148,2.67509166614121
257,-652.2198486328125,66.22396850585938,7.999999999999983,8.721601345021458,5.491816562512428
258,-648.8101196289062,65.86872100830078,8.000000000000004,13.092733231267287,6.179132487498584
259,-645.6875,65.54338073730469,7.999999999999982,3.071446916114318,3.159514155740763
260,-642.2831420898438,65.18869018554688,7.999999999999995,13.097897227779898,9.302542310315248
261,-639.0567626953125,64.85752868652344,8.000000000000002,7.645090642134705,6.983417718538242
262,-635.5276489257812,64.49528503417969,8.000000000000005,4.966574787300391,2.50748315068795
263,-632.3055419921875,64.16455078125,7.999999999999995,11.111337737719474,7.2317774844308635
264,-628.9029541015625,63.80475997924805,8.000000000000036,8.872705001015195,6.897181905535575
265,-625.507568359375,63.44573211669922,8.000000000000037,10.627666791048133,3.51118851372569
266,-622.40966796875,63.1181526184082,7.999999999999985,9.374428959137624,3.0582105286066166
267,-619.0294189453125,62.75886917114258,7.999999999999985,3.656155945432877,1.767278921542602
268,-615.9420776367188,62.43071746826172,7.999999999999978,10.052823901288072,3.7252743790113954
269,-612.5648193359375,62.071746826171875,7.999999999999986,8.919053917704785,3.5507792336071624
270,-609.4505004882812,61.757423400878906,8.00000000000002,9.344227398037273,5.0768364313381635
271,-606.0428466796875,61.413490295410156,8.000000000000002,9.935615440018772,7.040410968091379
272,-602.6383056640625,61.06987380981445,7.999999999999989,4.671394792741041,2.6271586660830253
273,-599.4192504882812,60.74597930908203,7.9999999999999485,13.56681928110991,7.362886412697534
274,-596.2077026367188,60.42283630371094,8.000000000000007,7.228886182925412,3.454528158131241
275,-592.6810913085938,60.067996978759766,7.999999999999999,6.667968344998517,2.011897679153945
276,-587.6744995117188,59.57238006591797,8.000000000000021,11.245151852309666,4.31945024046207
277,-582.6729125976562,59.07725524902344,7.9999999999999885,3.202382964736109,3.219375819815473
278,-579.3577270507812,58.73963165283203,7.999999999999976,8.920818642320471,5.393735803926496
279,-576.0430908203125,58.402069091796875,8.000000000000004,10.021350682888782,5.177610645003875
280,-572.7259521484375,58.064247131347656,8.000000000000039,5.281027590658571,1.9499164440989594
281,-569.2215576171875,57.68186569213867,8.000000000000012,11.578102151752125,4.812871772417878
282,-566.0326538085938,57.333900451660156,7.9999999999999964,9.501338678953227,3.9984601423639465
283,-562.8300170898438,56.98444747924805,7.999999999999995,5.226587730101061,3.5836239209931096
284,-559.4182739257812,56.62862014770508,8.000000000000012,9.714610703523782,2.605932205425856
285,-556.011962890625,56.27336502075195,7.999999999999948,6.293240211576804,2.740648767157296
286,-552.9035034179688,55.94917678833008,8.00000000000003,12.90275123995912,4.95386462828898
287,-549.3648681640625,55.597801208496094,8.000000000000004,12.529272421792573,4.915684491456557
288,-546.1435546875,55.27793502807617,7.999999999999985,8.378063843489866,4.2857299457647615
289,-542.9259033203125,54.958431243896484,8.000000000000036,10.198859407891774,2.3814098060343865
290,-539.5918579101562,54.609130859375,8.000000000000044,7.272784105672124,2.7442390078509074
291,-536.2509765625,54.25911331176758,7.999999999999982,7.109652664273837,1.9718929921326842
292,-532.9381103515625,53.91202926635742,7.99999999999999,11.706584607451536,1.5218828827925346
293,-529.7330932617188,53.587547302246094,7.999999999999964,4.762381400752352,1.2938179907146476
294,-526.2388916015625,53.23379135131836,8.000000000000027,9.109838697900557,1.4232421647691342
295,-523.042236328125,52.910152435302734,8.00000000000003,9.68344474065582,1.4425058003313165
296,-519.6348266601562,52.55824279785156,8.000000000000004,3.7076127764220894,1.904979841824656
297,-516.5357055664062,52.23817443847656,8.00000000000001,14.26956216234995,5.291084219887794
298,-513.1259155273438,51.88601303100586,8.000000000000004,6.116447081006242,3.853707587779209
299,-508.12420654296875,51.36145782470703,7.999999999999978,7.052305556249297,4.037314746261397
300,-503.1483154296875,50.8396110534668,8.000000000000002,12.715071029374695,7.64857487937876
301,-500.5922546386719,50.55217742919922,8.00000000000001,3.5079159460381604,3.4590351896899163
302,-498.04425048828125,50.265647888183594,8.00000000000001,11.484575812643937,4.857731117625827
303,-495.7238464355469,50.00471496582031,8.000000000000023,13.345985467742016,8.312770018828168
304,-494.8492431640625,49.900848388671875,7.9999999999999964,8.268217184657344,1.3812273830466604
305,-493.9747619628906,49.7969970703125,7.999999999999989,11.566577785280074,9.149538882090543
306,-493.0992431640625,49.69301986694336,7.999999999999989,6.926000916494194,7.203669676357012
307,-492.9938049316406,49.718162536621094,7.999999999999982,10.759358482269809,1.1973505026032216
308,-492.8882141113281,49.74333953857422,8.000000000000002,11.116995880557477,8.021140668707087
309,-492.7724609375,49.77094268798828,8.0,7.541217031734931,4.5852678242012175
310,-492.80548095703125,49.76734161376953,8.0,14.297931858487932,4.115867583656108
311,-492.83843994140625,49.76374816894531,8.000000000000023,7.331304118635252,4.510585560865909
312,-492.87457275390625,49.75981140136719,7.999999999999987,5.617382045643687,2.5186290325195366
313,-492.7349548339844,49.67990493774414,8.000000000000002,11.405560313525203,4.854853019771384
314,-492.6062927246094,49.60628128051758,8.000000000000007,6.1981373185100335,8.920495164323587
315,-492.466064453125,49.52604293823242,8.000000000000009,11.161827038995812,2.6246819474216414
316,-492.15093994140625,49.391788482666016,8.000000000000007,10.808174708989519,8.246115344684585
317,-491.8645324707031,49.2697868347168,7.999999999999997,2.5870121654777853,3.9065471975715016
318,-491.5776062011719,49.14755630493164,7.999999999999995,12.068138420783223,7.040152257260558
319,-491.0691833496094,49.08921813964844,8.000000000000023,9.03222666281499,9.710358789999459
320,-490.607421875,49.03623580932617,7.999999999999976,8.003494065126578,1.7876999637467672
321,-490.22491455078125,49.04342269897461,8.000000000000002,11.505184684995605,8.830919633590208
322,-489.8061828613281,49.051292419433594,7.999999999999992,3.8378143027836273,5.1324986001854525
323,-489.4227600097656,49.05849838256836,7.999999999999994,12.589924729503656,6.677957858034785
324,-488.71112060546875,49.00653839111328,8.000000000000009,10.247963876462663,9.515129234298376
325,-488.00054931640625,48.954654693603516,7.9999999999999964,4.798664907448087,1.7196140151995005
326,-487.2883605957031,48.902652740478516,7.999999999999999,11.222654079674578,8.17192054046521
327,-486.0506286621094,48.768524169921875,7.99999999999998,6.3893194710791725,5.74364676440316
328,-484.9228210449219,48.64630889892578,7.999999999999978,6.704686214048765,2.13699954919297
329,-483.7956848144531,48.524166107177734,7.999999999999999,12.29882446890715,6.735609064828355
330,-483.37109375,48.4775276184082,7.999999999999995,2.5883345299051608,4.964005335242721
331,-482.90374755859375,48.426185607910156,7.9999999999999885,12.01274025700492,3.590085904162356
332,-482.478271484375,48.379451751708984,8.000000000000016,6.126250038145908,5.034149005924277
333,-482.8835754394531,48.53030014038086,8.000000000000004,4.235130323440103,2.485294616436539
334,-483.2887878417969,48.681129455566406,8.0,9.542048362665742,5.398409988078797
335,-483.7344055175781,48.84699249267578,8.000000000000004,4.499857706020374,6.175643313099421
336,-484.56103515625,48.915199279785156,8.000000000000004,11.238868014858078,5.004758531750091
337,-485.4703674316406,48.990230560302734,7.999999999999974,10.001061212308617,7.506861171092097
338,-486.2977294921875,49.05849838256836,8.00000000000001,2.024546075903029,4.357685148258218
339,-487.18817138671875,49.01536178588867,8.000000000000009,11.069628555640117,7.096760780275486
340,-488.1614074707031,48.96821212768555,7.999999999999975,6.457166035835462,7.092857082048012
341,-489.05511474609375,48.9249153137207,7.999999999999989,7.509861410782714,3.758661861658691
342,-490.20257568359375,49.10414123535156,8.00000000000001,10.681038367423529,9.596060097896272
343,-491.2519836425781,49.2680549621582,7.999999999999994,5.137593217159674,7.08096494588819
344,-492.4048156738281,49.448116302490234,8.000000000000009,14.313772965535813,7.330702234985536
345,-493.2138671875,49.64497375488281,7.999999999999998,11.42759906279823,8.629658143960492
346,-493.953369140625,49.82489776611328,8.000000000000016,9.525487836770843,3.5226947401718465
347,-494.6924133300781,50.00471496582031,7.999999999999997,11.853169277652057,7.565766737080763
348,-494.6389465332031,49.91730499267578,8.000000000000012,7.892050680377279,4.88407692664569
349,-494.59027099609375,49.83773422241211,7.999999999999993,8.996128582661804,3.4249311099748945
350,-494.1343688964844,49.72277069091797,7.9999999999999885,12.04302445422038,5.212086133187492
351,-493.67791748046875,49.607669830322266,8.000000000000004,9.064838711030283,1.797178118412753
352,-493.2218017578125,49.492645263671875,8.000000000000005,13.906309318181567,4.3364589791197785
353,-492.5882873535156,49.437400817871094,7.999999999999978,6.928554979015578,3.755584291615792
354,-492.0122375488281,49.387168884277344,8.000000000000012,11.687832375395907,4.673247087690824
355,-491.43463134765625,49.33679962158203,7.999999999999992,10.31883987731209,3.7228103489671773
356,-490.5656433105469,49.16110610961914,7.99999999999999,4.212340749449203,1.1050696234034298
357,-489.7735900878906,49.0009651184082,8.00000000000002,11.727227489943886,5.857217041170947
358,-488.90191650390625,48.824729919433594,7.999999999999976,10.167919137911097,5.331619929861709
359,-487.5537109375,48.620399475097656,8.000000000000002,5.242680882300673,0.42144624901792216
360,-486.31463623046875,48.432613372802734,7.999999999999991,10.935689283659208,5.063400035581504
361,-485.08245849609375,48.24586868286133,8.000000000000005,5.9750279856564426,6.850669666297634
362,-482.9926452636719,48.07215881347656,7.999999999999984,8.397528961799935,4.299656020645655
363,-481.0910339355469,47.914093017578125,7.999999999999996,9.41883026618814,6.395342860121375
364,-479.1898498535156,47.75606155395508,8.000000000000002,3.457514291241437,2.0014359951993876
365,-476.6076354980469,47.51880645751953,8.000000000000007,11.11221309382998,5.603797758992028
366,-473.7763366699219,47.2586669921875,7.999999999999991,7.3391541269467515,3.875058586356444
367,-471.1934814453125,47.02135467529297,7.999999999999987,9.719192178420446,3.9120040614000486
368,-466.7788391113281,46.553951263427734,7.999999999999999,10.397050654416988,6.1977484878365185
369,-461.94097900390625,46.04174041748047,7.9999999999999885,2.9512328950088573,2.1131149799967575
370,-458.90576171875,45.689697265625,8.000000000000004,14.640551892788434,8.80501554056696
371,-455.58038330078125,45.30400085449219,7.999999999999984,10.38975991050981,5.130770895038805
372,-452.5352783203125,44.950809478759766,7.999999999999999,8.625091977130351,2.225929127664483
373,-449.3984375,44.6478385925293,7.999999999999984,12.85613238668413,5.934538478366594
374,-445.98248291015625,44.31790542602539,7.999999999999974,4.6415767937946315,2.8220873418170864
375,-442.8538513183594,44.01572799682617,8.000000000000012,11.140732643127713,6.918390105494256
376,-439.480712890625,43.75991439819336,8.000000000000002,12.472226705833638,6.225472885808195
377,-436.3991394042969,43.52621078491211,7.999999999999999,4.3490807008072725,1.3153084873984306
378,-433.0192565917969,43.2698860168457,8.000000000000021,12.749035620749773,4.396548943330967
379,-429.57183837890625,42.875160217285156,8.000000000000018,6.916207247928582,4.079103314429537
380,-426.43426513671875,42.51591110229492,7.999999999999994,8.389144845777292,3.3189079245048303
381,-423.2969665527344,42.15669250488281,7.999999999999994,12.917609718547437,5.500409419903565
382,-420.17681884765625,41.7580451965332,8.000000000000021,0.9711426952376758,1.2349675382881236
383,-417.0514831542969,41.358734130859375,8.00000000000001,13.329816174188698,6.453680958079678
384,-413.6257629394531,40.921043395996094,8.000000000000014,10.557569919606978,7.5444923427008925
385,-410.409912109375,40.60945510864258,7.9999999999999964,9.047508584504328,5.6444515999278115
386,-407.1916809082031,40.29763412475586,7.999999999999991,12.589531196009572,5.906975725477206
387,-403.9749755859375,39.9859619140625,7.999999999999996,4.008649100277632,2.451045644974989
388,-401.7965087890625,39.81899642944336,7.999999999999991,7.095299861757891,1.6363922319263313
389,-399.6197814941406,39.65216827392578,8.000000000000002,13.993337332928787,4.009742453416903
390,-397.43896484375,39.485023498535156,7.999999999999987,4.087613781589613,5.154635651839725
391,-396.7904357910156,39.443233489990234,8.000000000000002,15.119867232512172,4.636581745268777
392,-396.0765686035156,39.39723587036133,8.0,9.662282771742367,6.194676549764155
393,-395.3658447265625,39.3514404296875,7.999999999999992,6.440181146628778,2.8690760073597947
394,-395.610595703125,39.41072463989258,8.000000000000005,14.283183124691455,4.8881808642497635
395,-395.8563232421875,39.470252990722656,8.000000000000018,7.0099278259830875,8.152761432118048
396,-396.10113525390625,39.5295524597168,7.999999999999981,8.353424536106356,2.6836788028752023
397,-396.5494079589844,39.551109313964844,7.99999999999999,13.42931365350029,5.691670414765459
398,-397.04034423828125,39.5747184753418,8.000000000000002,7.4311557977412335,2.618787366195074
399,-397.49005126953125,39.596343994140625,7.999999999999977,14.664804417349314,4.941055697350308
400,-398.0521545410156,39.57963180541992,8.00000000000002,2.61093141406306,1.6271151280518434
401,-398.6134033203125,39.56294631958008,8.000000000000007,6.5272797003795135,3.4112744416713445
402,-399.29058837890625,39.66740036010742,8.0,15.536187129699805,5.516165313512918
403,-400.033935546875,39.78206253051758,7.999999999999997,5.593218947235184,2.294931957778822
404,-400.7784423828125,39.89690399169922,8.000000000000005,13.408429540652063,4.9853420181409565
405,-402.04217529296875,39.900394439697266,7.999999999999989,7.058038076997443,0.2046620126728183
406,-403.4256286621094,39.90420913696289,8.000000000000004,8.90054154668669,4.06378207363066
407,-404.8123779296875,39.90803909301758,7.99999999999999,14.29023815421736,8.959454530653767
408,-406.7642822265625,40.04542541503906,8.000000000000002,6.397063589302362,2.7144689118091936
409,-408.7123718261719,40.18254089355469,7.999999999999995,11.29552425334646,1.680945660777001
410,-410.66412353515625,40.31991958618164,8.000000000000007,14.049643009592236,5.565287335877563
411,-414.7387390136719,41.05551528930664,7.999999999999998,7.556663971483407,3.994095163921667
412,-418.803466796875,41.789337158203125,7.999999999999997,12.006809667734254,4.834137651832295
413,-421.87646484375,42.42189025878906,7.999999999999992,4.157871303320657,1.249525549751922
414,-424.9527893066406,43.05513000488281,7.999999999999994,8.92093572651277,1.9888643438713152
415,-428.3215026855469,43.748558044433594,8.000000000000007,12.665138044742463,6.203331300035559
416,-431.564697265625,44.14375305175781,7.999999999999996,4.539206770621676,2.577312541143467
417,-434.81207275390625,44.53945541381836,8.000000000000012,16.089234319070858,8.083407943609165
418,-438.3705749511719,44.97307586669922,7.99999999999999,9.561070409843918,5.62536691286192
419,-441.7141418457031,45.21406936645508,7.999999999999995,7.250151385980813,1.7301676965582908
420,-445.0566101074219,45.454986572265625,8.00000000000001,14.407930131650499,6.522947654639874
421,-448.4094543457031,45.696651458740234,7.999999999999981,7.4346034529932465,3.805750004368724
422,-451.7923889160156,45.97942352294922,7.9999999999999805,7.208652237963837,3.574323605091474
423,-455.1790466308594,46.262508392333984,8.000000000000002,9.857795262531189,6.162004045173409
424,-458.2644958496094,46.520416259765625,8.00000000000001,5.920386140641928,1.4017079144769278
425,-461.3623352050781,46.86849594116211,7.999999999999991,13.458726656463698,3.0188815295503235
426,-464.4605407714844,47.21662139892578,8.000000000000012,11.93858683630754,7.039094886467499
427,-467.8744201660156,47.600215911865234,8.000000000000002,6.906925341074408,3.29054996695833
428,-470.9468994140625,48.043270111083984,7.999999999999986,12.88261214926704,7.0787835832610915
429,-474.31005859375,48.52824783325195,7.99999999999999,3.7087627002396477,5.001679544161578
430,-477.67840576171875,49.013973236083984,8.000000000000018,9.237489156810604,5.129962344841406
431,-480.89501953125,49.441471099853516,7.999999999999998,10.867005937617375,7.701814958459249
432,-484.1122741699219,49.869056701660156,8.000000000000005,6.4568252161772435,4.216582878834045
433,-487.6457824707031,50.33867263793945,8.000000000000018,14.321441969039387,4.369825208158019
434,-490.85565185546875,50.7122688293457,7.99999999999999,9.667365879473444,7.251380095532843
435,-494.0801086425781,51.087562561035156,7.999999999999985,10.140395690016506,2.783417788486152
436,-497.5927429199219,51.496395111083984,7.999999999999999,12.859595707316439,2.8037525957949008
437,-502.5533142089844,52.07494354248047,7.999999999999984,4.781758731132016,4.599687014171794
438,-507.5192565917969,52.654117584228516,8.000000000000012,7.524548686358656,4.426485639175425
439,-510.8130798339844,53.07411193847656,7.999999999999992,11.973854564770654,5.515102830621671
440,-514.106201171875,53.494014739990234,8.000000000000002,2.4618202984233704,2.128473747659896
441,-517.384521484375,53.91202926635742,7.999999999999986,14.744297414508647,8.031018264017007
442,-520.5798950195312,54.30464172363281,7.999999999999963,6.135591658306755,2.8092363598886436
443,-523.7677612304688,54.69633102416992,7.999999999999996,7.52223008253082,1.3074933657914025
444,-527.260009765625,55.12541198730469,7.999999999999996,12.238196091886143,3.2923040958002683
445,-530.6104736328125,55.52003479003906,7.999999999999974,4.773721100134429,5.150549388311376
446,-533.94384765625,55.91264724731445,7.999999999999984,11.732453752939268,2.1349497285562085
447,-537.2784423828125,56.305397033691406,7.999999999999998,9.601422382644321,2.7271036475921897
448,-540.4957885742188,56.66831588745117,7.99999999999998,8.552317075758262,0.7343218140166358
449,-543.7133178710938,57.03125762939453,8.000000000000014,11.076695219328334,2.8211156148009233
450,-547.2457885742188,57.429725646972656,8.000000000000044,5.45358028085633,3.9023022435866768
451,-550.5067749023438,57.833740234375,7.999999999999996,11.751968048847075,6.979685960306743
452,-553.7797241210938,58.23923110961914,7.999999999999989,10.528641899600805,2.2513032450662855
453,-557.03955078125,58.64310836791992,8.00000000000001,5.973434984599464,3.086662294830622
454,-560.0980224609375,59.04023742675781,8.00000000000003,11.8869135733245,8.280199663914132
455,-563.4530639648438,59.47587966918945,8.000000000000048,1.9369600821725765,1.3889330490643679
456,-566.8129272460938,59.91215133666992,8.0,7.498089506530397,6.917087192705659
457,-571.9577026367188,60.5113410949707,8.000000000000004,11.537553017973627,4.5141459023827375
458,-576.65771484375,61.05874252319336,8.000000000000023,2.5311512421913505,1.5214699141912158
459,-580.2291259765625,61.46540451049805,8.000000000000002,15.02706190190237,3.809367448649081
460,-583.4779663085938,61.83534622192383,7.999999999999999,9.878475990126075,5.280717684302723
461,-586.7272338867188,62.20532989501953,7.999999999999994,4.545026807221495,2.245156380650321
462,-590.1856689453125,62.6106071472168,7.9999999999999885,11.1389600293224,4.038389704903379
463,-593.3360595703125,62.97978210449219,7.999999999999945,5.4591035860587755,5.0170408395142685
464,-596.7967529296875,63.385318756103516,8.000000000000034,8.765496567680623,3.500329562931145
465,-600.1932983398438,63.81617736816406,7.999999999999996,10.064649284080271,7.263471941830075
466,-603.2990112304688,64.21014404296875,7.999999999999991,3.3144063704637357,2.772035595040176
467,-606.7130737304688,64.64322662353516,7.999999999999966,11.829619532875615,5.254941711274759
468,-610.1902465820312,65.0831298828125,8.000000000000034,9.33680451390109,6.17522003819423
469,-613.3834838867188,65.48711395263672,8.000000000000002,9.535678470038935,0.8285503807538639
470,-616.568115234375,65.89000701904297,7.999999999999998,11.854634575203157,4.294585238904065
471,-620.0184326171875,66.31086730957031,8.000000000000016,2.080777903106853,4.2158509377733555
472,-623.1597900390625,66.69403839111328,8.000000000000055,12.847565731268107,5.018069692751716
473,-626.6069946289062,67.11451721191406,8.000000000000012,8.543780974374501,5.78368234053116
474,-631.3349609375,67.62935638427734,8.000000000000002,6.780948156601443,2.8110744976493156
475,-636.5232543945312,68.19432067871094,8.000000000000007,10.499052288705842,1.6387283999727555
476,-640.0193481445312,68.58922576904297,7.999999999999967,5.460095704342644,0.4692115934882444
477,-643.1995239257812,68.94844055175781,8.000000000000023,4.233981800591353,2.698025129717524
478,-646.3782958984375,69.3075180053711,7.999999999999994,9.935940490319803,5.098484740425115
479,-649.6551513671875,69.70439147949219,8.000000000000021,5.263361936938532,3.3168506453135884
480,-652.9340209960938,70.10150909423828,8.000000000000028,11.110887525333467,9.566963907437323
481,-656.2129516601562,70.4986343383789,7.99999999999999,13.209315673802704,9.332717604604156
482,-659.6201171875,70.93849182128906,8.000000000000005,8.862385978233952,6.340642208460557
483,-662.7206420898438,71.33876037597656,7.999999999999998,16.086266182317843,9.68142470686787
484,-666.1292724609375,71.77880859375,8.000000000000014,14.590619284281827,13.91333612086891
485,-669.2618408203125,72.16944885253906,7.999999999999975,10.746422978437916,3.413854372521993
486,-672.70361328125,72.59864807128906,7.999999999999998,15.920425653830339,11.531008095268291
487,-676.1272583007812,73.02558898925781,7.999999999999985,1.8371873436958104,9.061009462076361
488,-679.365478515625,73.39656829833984,8.00000000000003,11.786285128674818,12.167783945804286
489,-682.907470703125,73.80236053466797,7.999999999999979,11.198498696100803,12.323265446092302
490,-686.135498046875,74.17218017578125,7.99999999999997,10.4652317809355,7.958568355242307
491,-689.63525390625,74.60263061523438,8.0,15.33817026066838,9.4676262219081
492,-692.81494140625,74.99372100830078,8.000000000000009,11.948860044587107,7.516286414915614
493,-696.000732421875,75.38555908203125,7.999999999999993,13.5168725252316,1.2690417475766056
494,-699.5145874023438,75.7957992553711,7.999999999999973,9.759935934276818,6.534473841733392
495,-702.7139282226562,76.1693115234375,8.000000000000004,12.39001495692599,4.650567847860904
496,-705.9170532226562,76.54328155517578,7.999999999999977,9.355654514368336,5.913345247875224
497,-709.013427734375,76.92333221435547,8.00000000000004,5.571230325297283,6.976462067186061
498,-712.4081420898438,77.34000396728516,8.000000000000027,9.398910725904809,7.485322796166152
499,-715.802734375,77.75666809082031,7.999999999999984,7.829401509902453,0.7713550748997883
500,-720.8231201171875,78.341796875,7.999999999999984,6.798292696303934,4.87346416590233
501,-725.8314208984375,78.92552185058594,8.000000000000032,5.324569450692879,1.7774086510682472
502,-729.2422485351562,79.33480072021484,7.9999999999999485,4.6489627587014555,2.6814556232636106
503,-732.3546142578125,79.70825958251953,8.000000000000007,1.0634004567415127,1.430397625372733
504,-735.7579345703125,80.11663818359375,7.999999999999983,8.481204060271086,2.4075888781319477
505,-738.9482421875,80.51222229003906,8.0,10.43130027308983,8.771098513572106
506,-742.4500732421875,80.9464340209961,7.9999999999999885,10.087412629872286,3.093754475547357
507,-745.6333618164062,81.34114837646484,8.00000000000002,7.2010835875481,5.583327618244525
508,-748.9249267578125,81.73445129394531,8.000000000000002,5.108507744799774,3.4416183842491086
509,-752.21435546875,82.12748718261719,8.000000000000009,13.529176120536162,2.360612343691916
510,-755.5088500976562,82.5211410522461,7.99999999999996,8.925737125654944,2.296121290770887
511,-758.73681640625,82.91249084472656,8.000000000000009,13.84235129626233,5.734182530047627
512,-761.9700927734375,83.30448913574219,7.999999999999996,9.750400742736822,3.3213283053020617
513,-765.51708984375,83.7345199584961,8.000000000000021,9.559330914381968,7.201102805127292
514,-768.8599243164062,84.16539001464844,8.000000000000005,7.857932543904911,6.844618954907453
515,-772.1983032226562,84.5956802368164,8.000000000000007,10.103194230678582,4.244933817117139
516,-775.5355224609375,85.02582550048828,8.000000000000007,10.982676982781413,9.839200417863243
517,-778.75,85.43509674072266,7.999999999999966,7.249795582446979,4.837204139078177
518,-782.2817993164062,85.88475799560547,8.000000000000005,11.03289709547384,9.69374802792683
519,-785.5029296875,86.29486846923828,7.999999999999955,13.101751763161708,10.801119250687766
520,-788.888916015625,86.66548919677734,7.999999999999996,6.807954642217373,3.771365635870879
521,-791.9781494140625,87.00361633300781,7.999999999999995,10.004544881211952,10.769894754638889
522,-795.3681640625,87.37467193603516,8.000000000000025,8.191142289949454,7.943536243856734
523,-800.046630859375,87.89310455322266,8.000000000000036,6.67868928035383,3.2088041115603585
524,-805.2129516601562,88.4655990600586,7.999999999999986,9.059722609060719,9.632648258584261
525,-808.7314453125,88.91055297851562,8.000000000000007,11.322516714786476,1.36389709367161
526,-811.9453735351562,89.3169937133789,7.999999999999974,11.650462563699596,7.507110507408203
527,-815.159912109375,89.7235107421875,8.000000000000025,10.547016317628893,2.3830719209084794
528,-818.3681640625,90.09294891357422,8.0,3.891725071056365,1.9433802058580718
529,-821.5830078125,90.46314239501953,7.999999999999993,8.300430581851648,5.635159631731888
530,-825.1171264648438,90.87010192871094,8.0,13.93559770750475,7.117906764542809
531,-828.6018676757812,91.27427673339844,7.999999999999985,4.278758274128781,2.670522320234183
532,-831.8092651367188,91.64629364013672,7.999999999999982,12.253065494833132,7.604249563837649
533,-835.0028076171875,92.01669311523438,8.0,7.716158285794044,10.56503963944888
534,-838.4090576171875,92.437744140625,7.999999999999988,4.001927959863125,3.3025421439064164
535,-841.5066528320312,92.82064819335938,7.9999999999999485,15.255093653661552,7.985510114850071
536,-844.9088745117188,93.24120330810547,8.000000000000014,4.74596425570158,2.523042258143095
537,-848.1234741210938,93.64689636230469,7.999999999999993,12.807478360183294,4.150326502928752
538,-851.3408813476562,94.05294036865234,8.000000000000023,8.166608291669466,7.269821960097039
539,-854.8762817382812,94.49911499023438,8.000000000000009,10.02982105624814,4.4149110220680665
540,-858.0994873046875,94.91182708740234,7.999999999999972,6.542273015282667,2.084034426002866
541,-861.3253173828125,95.32487487792969,8.0,2.074919151555504,3.330599638378204
542,-864.874267578125,95.77928924560547,8.0,10.151752636582218,6.504892560147357
543,-869.8644409179688,96.3421859741211,8.000000000000005,4.61319240764553,3.3516070906554
544,-874.8416748046875,96.90361785888672,7.999999999999991,12.189443386606163,4.7009631169457835
545,-878.0565795898438,97.2630386352539,7.999999999999983,9.85970114333737,4.569089934368809
546,-881.5836181640625,97.65735626220703,8.000000000000007,2.6015154708949053,2.3350314136065684
547,-884.798828125,98.01681518554688,8.000000000000002,11.595407105540742,4.887338780029992
548,-888.1559448242188,98.4212875366211,7.999999999999945,15.587051655899021,3.2807784935246596
549,-891.2242431640625,98.79096221923828,8.00000000000001,9.567993692144688,5.0171009963032285
550,-894.5925903320312,99.1968002319336,7.999999999999992,9.540614803399002,3.551664298513583
551,-897.966796875,99.63601684570312,8.00000000000003,14.47826812207884,5.884355588127958
552,-901.052734375,100.0377197265625,8.000000000000039,8.186527919756683,2.423197513046147
553,-904.4271850585938,100.47697448730469,8.000000000000014,7.542134047551196,4.427630036694469
554,-907.7351684570312,100.85946655273438,7.999999999999994,11.868034263835817,7.650638549983579
555,-911.0386352539062,101.24142456054688,7.999999999999997,7.488555048335785,2.1653728169917814
556,-914.343505859375,101.62356567382812,8.000000000000036,12.898344792900254,7.245411135625113
557,-917.4921875,101.99253845214844,7.999999999999988,8.467441151219036,1.2728926268028793
558,-920.9600830078125,102.39891815185547,8.0,10.428036401865992,5.059602449212572
559,-924.4130249023438,102.80355072021484,7.999999999999985,11.328451159569221,6.387071471433989
560,-927.5686645507812,103.18769073486328,8.00000000000002,0.351470970534052,3.6475626849597127
561,-931.0220336914062,103.60806274414062,7.999999999999957,13.256179524114696,6.796529717554206
562,-934.4722900390625,104.02806091308594,7.999999999999971,12.076964282420247,7.185419205560899
563,-939.4464111328125,104.6528091430664,7.999999999999998,10.053849410068711,3.022374713722026
564,-944.3988647460938,105.27484130859375,8.00000000000004,14.600282766009045,7.117332615891513
565,-947.5548706054688,105.6239013671875,8.000000000000012,4.04448079966955,3.6754864436207795
566,-951.0125732421875,106.0063247680664,8.000000000000037,8.871936986677367,3.504552579870009
567,-954.1619873046875,106.35464477539062,8.000000000000007,14.98353347638684,10.25035093325005
568,-957.5895385742188,106.74481201171875,8.000000000000007,5.444613964440115,2.641129593290588
569,-960.7161865234375,107.10072326660156,7.999999999999986,7.609043040799835,5.666072662474724
570,-963.8433837890625,107.45670318603516,7.9999999999999805,13.802887757824077,6.828783413333001
571,-967.2383422851562,107.90827941894531,8.000000000000009,4.984429235844361,3.534817630209798
572,-970.6275024414062,108.35908508300781,8.000000000000014,17.62102104080001,11.873442165504708
573,-973.7188720703125,108.77027130126953,7.9999999999999725,10.925866647632366,8.26300002082014
574,-977.2118530273438,109.20694732666016,8.00000000000003,4.560332553920628,2.8765734788280213
575,-980.3840942382812,109.60352325439453,7.9999999999999885,16.762829681924185,11.488098864459802
576,-983.8700561523438,110.03931427001953,7.999999999999998,7.5304765683520065,4.894504967563388
577,-987.0606689453125,110.40101623535156,7.999999999999955,9.287373324746362,7.021276208325364
578,-990.5753784179688,110.7994613647461,8.00000000000005,8.791066480645547,6.211355884952989
579,-994.08251953125,111.19703674316406,8.0,10.136673964372092,3.2762872121916504
580,-998.8058471679688,111.76438903808594,8.000000000000012,12.936376344893262,4.246818220385218
581,-1003.9988403320312,112.3881607055664,7.999999999999966,1.3217616953133107,2.466041510877172
582,-1007.0537719726562,112.75003051757812,8.000000000000034,8.312475392940144,2.6503708215243695
583,-1010.4085693359375,113.1474380493164,7.999999999999966,10.670506605552951,5.853319137605997
584,-1013.772216796875,113.54588317871094,7.999999999999995,2.879251463327476,2.759960695460674
585,-1016.8726196289062,113.92255401611328,7.999999999999992,14.392234631298255,8.198706497587631
586,-1020.2666015625,114.33488464355469,7.9999999999999485,10.231326836747678,7.376562153496545
587,-1023.6680908203125,114.74813079833984,8.00000000000006,12.501565298092562,7.453284442160243
588,-1027.07763671875,115.1801986694336,7.999999999999989,12.822502863573012,9.43307629750866
589,-1030.489501953125,115.61255645751953,7.99999999999997,2.4968828751281835,7.418141690346907
590,-1033.5946044921875,116.00604248046875,8.00000000000004,11.597495013057767,6.81734684765748
591,-1036.8675537109375,116.4144058227539,8.000000000000087,9.377409726940753,8.55420734091414
592,-1040.1373291015625,116.8223648071289,7.999999999999959,14.028093638036452,8.460536531047614
593,-1043.4088134765625,117.23055267333984,7.9999999999999645,11.432858034242715,9.669037527293554
594,-1046.894287109375,117.64918518066406,7.99999999999993,3.194375500598742,6.7506374084364795
595,-1050.0638427734375,118.0298843383789,8.000000000000012,13.471942693722315,8.519987266022
596,-1053.233154296875,118.4105453491211,7.999999999999966,8.659543755909926,4.44303885718678
597,-1056.390869140625,118.7763442993164,8.000000000000004,2.9809485925188675,1.1736424528803397
598,-1059.8594970703125,119.17814636230469,8.000000000000052,13.007208826196615,5.649794153654259
599,-1063.3231201171875,119.57939910888672,7.999999999999933,5.863777318830653,2.5142497782292517
600,-1066.690185546875,119.97277069091797,7.999999999999934,9.958422787804029,0.4250070868701758
601,-1070.0577392578125,120.36619567871094,7.9999999999999964,10.72489637214056,3.681565831833995
602,-1073.4232177734375,120.75938415527344,8.000000000000057,2.525087673435881,0.9542639969226817
603,-1078.150390625,121.32188415527344,8.000000000000105,10.447026666956557,2.2126872747530175
604,-1083.339599609375,121.93936920166016,7.999999999999918,7.857401988895555,3.4276331461388927
605,-1086.4246826171875,122.29830932617188,7.999999999999975,3.969171691964615,1.390168543706908
606,-1089.806396484375,122.69175720214844,7.9999999999999885,12.432087897327605,4.439297264961622
607,-1093.194580078125,123.0859603881836,7.999999999999894,5.501885662898406,3.7294231298775
608,-1096.380126953125,123.43822479248047,8.000000000000028,4.439344577144327,1.2624516178204825
609,-1099.8731689453125,123.82450103759766,7.999999999999992,10.9766859610605,2.0482863520388404
610,-1103.0599365234375,124.17689514160156,8.00000000000001,3.291831755965407,4.832963061693985
611,-1106.2470703125,124.5609130859375,7.999999999999957,9.607022232415627,2.0880880928337295
612,-1109.7498779296875,124.98295593261719,7.999999999999936,11.349252556119168,5.127285444076428
613,-1112.945556640625,125.36801147460938,8.000000000000037,0.9926610760038188,4.687638127979012
614,-1116.3902587890625,125.82833862304688,7.999999999999998,12.005982031193424,7.096170296257331
615,-1119.86865234375,126.29315185546875,7.9999999999999245,5.536056673771777,6.815793069285662
616,-1123.0252685546875,126.71497344970703,7.999999999999892,8.073286782062294,2.0511228640747388
617,-1126.539306640625,127.19230651855469,7.999999999999943,12.129223914150192,6.743245594393584
618,-1129.741943359375,127.6273193359375,7.999999999999998,4.753635755373513,8.95782314954934
619,-1132.941650390625,128.0619354248047,8.00000000000002,15.648110851360762,4.546553893012157
620,-1136.119873046875,128.46043395996094,7.999999999999899,5.526324327454847,2.6858109899281275
621,-1139.302490234375,128.85948181152344,7.999999999999972,12.062286596353445,8.17899537602488
622,-1142.796630859375,129.29759216308594,8.0,11.968530727637892,9.817641882804676
623,-1146.016357421875,129.68194580078125,7.9999999999999725,5.147166269778391,9.16366422480887
624,-1149.2388916015625,130.06666564941406,7.999999999999904,15.643929888118555,11.655802412161501
625,-1152.774169921875,130.48870849609375,8.00000000000007,6.623772234848948,8.725153036751424
626,-1157.5660400390625,130.9765625,7.999999999999987,7.588769510068487,2.558355813620014
627,-1162.83349609375,131.51284790039062,8.000000000000012,7.687829883793496,3.95891517126333
628,-1166.059814453125,131.87962341308594,8.000000000000014,3.846688514878748,2.9290865021413395
629,-1169.593994140625,132.28140258789062,7.999999999999959,9.09396523745489,4.142849709705796
630,-1172.8212890625,132.64830017089844,8.00000000000002,8.037187987174294,6.239318877378983
631,-1176.306640625,133.05859375,7.999999999999985,5.406283850164226,2.0912385199472587
632,-1179.4820556640625,133.43240356445312,7.999999999999977,10.960143256718894,4.67187415698791
633,-1182.6558837890625,133.8060302734375,8.000000000000014,7.270950032118488,5.6731536441357004
634,-1185.9276123046875,134.1812286376953,8.000000000000032,9.32079866288526,4.972987220558021
635,-1189.1968994140625,134.55615234375,8.000000000000007,10.77030109969511,7.787572397835477
636,-1192.4599609375,134.93035888671875,8.000000000000064,2.1095513623296522,4.439925539993545
637,-1195.830322265625,135.3661651611328,8.000000000000066,16.051679259942237,9.17518137127601
638,-1198.9063720703125,135.763916015625,7.999999999999942,11.452815819063419,6.402673473095273
639,-1202.2740478515625,136.19940185546875,8.000000000000009,11.946717586298501,5.555028595948182
640,-1205.513671875,136.6173858642578,8.00000000000007,14.133340849187833,6.668703254019957
641,-1209.05029296875,137.07369995117188,8.000000000000007,4.4026419192779,2.948287916484303
642,-1212.2823486328125,137.49070739746094,8.00000000000006,6.628637672720827,5.983392828532
643,-1217.07568359375,138.0948028564453,8.000000000000009,12.13918905403433,5.579246616931726
644,-1222.351806640625,138.75975036621094,7.999999999999976,8.70426205426708,3.4109999399819926
645,-1225.7900390625,139.18380737304688,8.000000000000016,13.772824963566569,3.137559435010043
646,-1228.926513671875,139.57064819335938,8.000000000000005,16.255074372227078,7.771695738629741
647,-1232.3702392578125,139.99539184570312,7.999999999999961,8.19230187545822,3.121570317428237
648,-1235.4542236328125,140.3231964111328,7.999999999999992,14.758926387247502,9.130942296057057
649,-1238.84326171875,140.68341064453125,7.999999999999988,2.2759570550504056,3.724941040983973
650,-1242.215087890625,141.0417938232422,8.000000000000025,4.394860601269277,2.656407096412396
651,-1245.4859619140625,141.40354919433594,7.999999999999956,4.464141711688936,1.3248855928858096
652,-1248.7310791015625,141.76246643066406,8.000000000000016,5.8339625071981605,6.022220505347416
653,-1251.978271484375,142.12159729003906,8.0,10.129719876132615,5.595053345133605
654,-1255.0576171875,142.5076904296875,7.999999999999912,9.676054789258082,4.776674045898727
655,-1258.449462890625,142.93296813964844,7.99999999999997,5.051883641396323,2.852842934137802
656,-1261.833251953125,143.35723876953125,7.999999999999987,8.154410275567335,1.0834275517738992
657,-1264.9708251953125,143.75038146972656,7.999999999999957,4.921306837138339,1.941561690831906
658,-1268.41943359375,144.18252563476562,7.999999999999956,11.646113717173426,4.718789323531795
659,-1271.8720703125,144.6151580810547,8.000000000000094,7.083889433564673,3.1564542462635763
660,-1275.4356689453125,145.05332946777344,7.999999999999986,7.931906643671501,6.111042350144723
661,-1278.6759033203125,145.45175170898438,7.999999999999948,5.639008056006565,3.744240255652055
662,-1281.9212646484375,145.85079956054688,7.999999999999937,4.065374725546646,3.8414165616939564
663,-1287.15234375,146.4442901611328,8.000000000000046,7.2273438307082065,6.681553450922163
664,-1291.929443359375,146.9862518310547,8.00000000000002,6.747726498398173,5.787179337193533
665,-1295.079345703125,147.35333251953125,8.000000000000018,13.080010232703648,10.737111078950223
666,-1298.24267578125,147.72198486328125,8.000000000000044,11.80384704538868,6.810856686726162
667,-1301.38623046875,148.08831787109375,8.00000000000008,7.350719206924507,7.514967149704878
668,-1303.9444580078125,148.41761779785156,7.999999999999958,9.209098152914581,1.2446472823034953
669,-1306.722412109375,148.77520751953125,8.000000000000002,12.572898862169714,4.049468978846533
670,-1309.515380859375,149.1347198486328,8.000000000000096,7.425757395812865,0.8838960489303882
671,-1311.37646484375,149.42196655273438,7.999999999999913,6.055690453737451,3.070216768632666
672,-1313.2392578125,149.70947265625,7.99999999999998,9.624922634601846,5.722038439122742
673,-1315.285400390625,150.02528381347656,7.999999999999987,8.246700246730875,2.8647330325921065
674,-1316.1864013671875,150.5006103515625,8.000000000000062,12.133947385219424,7.751677933069336
675,-1317.1728515625,151.02105712890625,8.000000000000094,5.864835877398625,6.7909139105147895
676,-1318.155029296875,151.5392303466797,7.999999999999999,1.3991640151888804,5.289710215115113
677,-1318.270751953125,152.68544006347656,8.000000000000016,13.42331438873744,8.72538416527265
678,-1318.3973388671875,153.93800354003906,7.999999999999968,1.6445661817026802,3.4916573360794776
679,-1318.5125732421875,155.0791778564453,8.000000000000007,7.590517940864117,0.9702964065932533
680,-1318.345703125,156.9526824951172,8.000000000000004,6.769261391401992,5.213626083001584
681,-1318.178955078125,158.82598876953125,8.000000000000007,1.7367484806281375,3.746196095557229
682,-1318.0120849609375,160.70082092285156,8.000000000000023,9.988661579414543,5.561034398288626
683,-1317.7344970703125,164.33676147460938,8.000000000000075,4.210347237292551,1.9880120441426472
684,-1317.429931640625,168.32620239257812,7.999999999999896,5.850770130343808,3.679736908280521
685,-1317.1402587890625,171.25146484375,7.999999999999963,12.231852774010243,6.411727048625784
686,-1316.8477783203125,174.20419311523438,7.999999999999998,13.028186575807437,4.5473986185964534
687,-1316.53125,177.39874267578125,8.000000000000053,8.732975370853065,0.49876496027855005
688,-1316.0787353515625,180.78321838378906,8.000000000000076,7.530774578115533,7.5758183707505955
689,-1315.6666259765625,183.8644256591797,7.999999999999988,7.538856348433495,4.445202976215909
690,-1315.2138671875,187.25051879882812,7.999999999999998,9.700587745731486,3.3202272118104936
691,-1314.7470703125,190.73597717285156,7.999999999999974,11.865063234682482,9.958824308485225
692,-1314.2811279296875,194.21517944335938,8.00000000000011,5.9467542601510965,7.241387434565315
693,-1313.8555908203125,197.3917236328125,7.999999999999926,4.021644925373255,3.6614709558315712
694,-1313.488037109375,200.5451202392578,7.9999999999999964,3.4930667365406025,4.041381170206115
695,-1313.083740234375,204.0124969482422,7.999999999999988,2.0920316269368193,2.090507575304841
696,-1312.68115234375,207.4661407470703,7.999999999999923,5.232952078263991,1.9311099938765746
697,-1312.3173828125,210.70709228515625,7.999999999999993,6.509464422045309,3.860081613079318
698,-1311.955322265625,213.93289184570312,8.000000000000025,11.22504867870915,6.814426562631148
699,-1311.557861328125,217.4737548828125,7.99999999999995,7.315144905986653,6.056924993353056
700,-1311.2078857421875,220.6290740966797,8.000000000000048,4.1594089896102036,3.6738397734275856
701,-1310.824462890625,224.08761596679688,7.999999999999946,6.782374981161843,2.9906367471384137
702,-1310.475341796875,227.23648071289062,7.999999999999983,10.799083449360268,5.453374182369219
703,-1309.9725341796875,231.8890838623047,8.000000000000012,12.180409192312618,4.61643134902907
704,-1309.515380859375,236.11976623535156,7.999999999999954,11.844641565598103,5.656809463102508
705,-1309.2618408203125,238.41241455078125,7.999999999999996,5.370845041585642,0.5064495909690717
706,-1309.0076904296875,240.71124267578125,7.999999999999962,9.065997224404704,6.1284468754766
707,-1308.72900390625,243.23309326171875,8.000000000000004,4.426498788013612,5.096488558099492
708,-1308.31494140625,244.74012756347656,8.000000000000073,13.205898924618928,7.872860572142434
709,-1307.9373779296875,246.1139678955078,8.000000000000002,10.344928739220581,7.685757701507488
710,-1307.52392578125,247.61907958984375,8.000000000000016,18.736029464491047,10.228858822946288
711,-1306.6920166015625,248.06166076660156,8.000000000000007,15.694157588322303,6.530321061018588
712,-1305.861328125,248.50364685058594,8.000000000000007,7.285531843685054,2.120365823182045
713,-1304.9503173828125,248.98831176757812,8.000000000000089,14.914296313239806,5.790552595055185
714,-1303.3963623046875,248.9347686767578,7.9999999999999165,10.642275709258397,7.397263910735343
715,-1301.979248046875,248.88595581054688,8.000000000000036,2.4494996008702326,7.4543789551377175
716,-1300.42626953125,248.83245849609375,7.999999999999991,7.715785743146849,6.088004109522267
717,-1298.364013671875,248.7283172607422,8.000000000000103,3.8173045677401083,5.1553682601319215
718,-1296.296875,248.62393188476562,8.000000000000083,8.834037873584553,6.6493014974446165
719,-1294.033203125,248.50962829589844,7.999999999999999,10.581910175540958,6.227085231059651
720,-1291.376953125,248.23370361328125,7.9999999999999885,6.971011031552592,6.357522341836037
721,-1288.4647216796875,247.93118286132812,7.99999999999998,14.22323706747818,9.022724956601309
722,-1285.781494140625,247.6524658203125,7.999999999999953,11.564948633999828,7.890786274844021
723,-1281.015869140625,246.943603515625,8.000000000000037,11.135282721980873,7.160845024210227
724,-1276.2022705078125,246.2275848388672,7.9999999999999964,15.93026853501513,12.06786536965764
725,-1272.9423828125,245.7168731689453,8.000000000000044,2.4855087796850266,7.279181523521549
726,-1269.3646240234375,245.1563720703125,8.000000000000012,14.278139525865337,10.832030572660791
727,-1266.1123046875,244.6468505859375,8.000000000000044,12.990437406388015,10.386242692248489
728,-1262.7342529296875,244.1944580078125,7.999999999999994,5.236918712430267,7.376038180124442
729,-1259.3560791015625,243.74205017089844,7.99999999999999,16.783381986009015,11.552511787940622
730,-1255.9713134765625,243.2887420654297,7.999999999999897,6.53290092201609,7.725186673437468
731,-1252.4781494140625,242.8521270751953,7.999999999999973,15.00775842102879,7.199050121601521
732,-1249.275390625,242.45179748535156,8.000000000000009,14.24774514471023,10.01227233133367
733,-1246.0855712890625,242.0531005859375,7.999999999999966,1.8531120956901954,7.348812676839302
734,-1242.6258544921875,241.62266540527344,8.000000000000085,17.11470624831403,10.181914126997897
735,-1239.47900390625,241.2311553955078,7.9999999999999964,14.746841474935042,10.667356883255632
736,-1236.332763671875,240.8397216796875,7.999999999999986,6.765175428937103,7.940462816690875
737,-1233.1434326171875,240.44107055664062,7.999999999999995,17.970441902995773,13.157384987143972
738,-1229.9393310546875,240.04058837890625,8.000000000000083,3.4551355456631665,7.875565668814759
739,-1226.447021484375,239.60406494140625,7.999999999999948,9.850777206812234,7.395485193836799
740,-1223.0186767578125,239.1536407470703,8.000000000000009,15.165594501752585,8.847152172356955
741,-1219.8787841796875,238.74110412597656,8.0,2.7079768093093866,6.584788103436399
742,-1216.448974609375,238.29049682617188,7.999999999999931,15.522406453141706,8.782343377879203
743,-1213.281494140625,237.8629608154297,7.999999999999999,10.725809800820855,4.693397985976015
744,-1209.8184814453125,237.39552307128906,7.999999999999993,8.276827869379957,6.480422446636344
745,-1206.634765625,236.96580505371094,7.9999999999999885,8.727989373944794,6.480823824740139
746,-1203.2822265625,236.51808166503906,7.999999999999961,2.9669631744788956,2.8952243570096257
747,-1200.229736328125,236.11044311523438,7.99999999999998,10.365543342184738,3.813256300110134
748,-1196.8819580078125,235.66336059570312,7.999999999999932,10.506572382188677,6.13082028151994
749,-1192.1932373046875,235.04371643066406,8.00000000000001,10.500146789791764,2.9055546918136113
750,-1187.02685546875,234.36093139648438,7.999999999999962,9.656775902837667,5.06800556831414
751,-1183.5159912109375,233.8721923828125,8.0,12.476226991365875,5.231428387379358
752,-1180.3145751953125,233.42657470703125,8.000000000000028,8.16292301205747,7.858608787305408
753,-1177.110595703125,232.98056030273438,7.999999999999986,12.521155876263611,11.771961810973574
754,-1173.68408203125,232.5596160888672,7.999999999999987,9.973004365879227,6.6033434543777005
755,-1170.2581787109375,232.13873291015625,8.00000000000006,9.669527388762953,11.608069215022631
756,-1167.1431884765625,231.75604248046875,8.00000000000009,10.020275303288514,11.921709469418893
757,-1163.7342529296875,231.33509826660156,7.999999999999976,10.732249865138424,3.3582631522672926
758,-1160.6282958984375,230.95155334472656,8.000000000000018,12.180002002476126,7.771073304433035
759,-1157.226806640625,230.5315399169922,8.000000000000039,9.564567714066662,7.06342056914901
760,-1153.9388427734375,230.0895538330078,8.000000000000021,15.194843766080584,10.752256482528322
761,-1150.658203125,229.64859008789062,7.999999999999972,9.766605756923425,9.100473602026092
762,-1147.371826171875,229.2068328857422,8.000000000000007,4.106979984879299,3.760992185123171
763,-1143.99365234375,228.74940490722656,8.000000000000052,9.537685123793048,7.215396399768151
764,-1140.892578125,228.32948303222656,7.99999999999994,6.78619761654934,7.580329683695753
765,-1137.506591796875,227.87100219726562,7.999999999999942,6.28826214106101,7.18410543640388
766,-1134.2083740234375,227.43319702148438,8.0,10.870499230644768,7.030174570558172
767,-1130.9107666015625,226.9954833984375,8.000000000000071,4.638181615143934,3.3909269722497473
768,-1127.6107177734375,226.55743408203125,8.00000000000005,13.072839168936929,8.819077976401205
769,-1124.068115234375,226.0994110107422,7.999999999999999,12.741559592472568,11.125166316476893
770,-1120.8477783203125,225.6830596923828,7.999999999999994,11.764909195624522,9.46769867603645
771,-1117.6229248046875,225.26612854003906,7.999999999999982,15.917389831554352,12.187208886253657
772,-1114.1829833984375,224.83421325683594,7.999999999999937,11.31927902926312,7.636579146657986
773,-1111.0517578125,224.44105529785156,7.999999999999951,11.096684827178532,8.468515654842056
774,-1107.6044921875,224.00820922851562,8.00000000000002,15.549090971789694,12.153945414229081
775,-1102.8763427734375,223.40843200683594,7.999999999999982,2.5697201783050265,9.24287382871477
776,-1097.6881103515625,222.75030517578125,8.000000000000032,13.678996866626667,10.908455214590697
777,-1094.186767578125,222.27764892578125,7.999999999999999,11.428266991079253,11.837652922407543
778,-1090.988037109375,221.8458709716797,8.000000000000037,9.518463837051682,6.235542939986215
779,-1087.792236328125,221.4144744873047,8.000000000000007,14.108062761271128,14.086827429467016
780,-1084.2808837890625,220.9576873779297,7.99999999999996,11.467429091185947,11.256671081697037
781,-1081.0731201171875,220.5404052734375,8.000000000000105,18.514039102881128,8.661675172019573
782,-1077.86572265625,220.12315368652344,8.000000000000052,12.46972164426861,13.00484141167535
783,-1074.579833984375,219.7078857421875,8.000000000000002,3.1841856318883788,5.0319224470816755
784,-1071.2928466796875,219.29248046875,7.9999999999999805,16.622420437113476,7.783620408684216
785,-1068.00048828125,218.8763885498047,7.999999999999928,7.119890905085188,7.792030176744103
786,-1064.617431640625,218.43783569335938,8.000000000000057,9.315912931004924,7.227184722506626
787,-1061.5162353515625,218.03582763671875,8.000000000000007,9.754145253485902,9.770593891605813
788,-1058.125,217.59620666503906,8.000000000000009,2.0460685136360452,7.858554710554805
789,-1054.9334716796875,217.15821838378906,8.000000000000078,15.261258591208135,12.195566239497452
790,-1051.4322509765625,216.67770385742188,8.000000000000083,6.582877113539932,8.606226220337547
791,-1048.2291259765625,216.2381134033203,8.000000000000028,11.32358095873203,6.567143891324411
792,-1045.0203857421875,215.787841796875,7.999999999999979,18.011089960881893,11.420530296971464
793,-1041.8194580078125,215.33868408203125,7.999999999999958,6.955775434125495,6.458546745720004
794,-1038.312744140625,214.84661865234375,8.000000000000055,17.83369163553066,8.10714371358711
795,-1035.0870361328125,214.4287109375,7.999999999999969,14.256488143474844,8.388240484485195
796,-1031.5635986328125,213.9722442626953,8.000000000000005,3.0786033708865133,4.1604165574467
797,-1028.3453369140625,213.55531311035156,7.999999999999929,6.501713900535415,5.251689461746309
798,-1023.3436279296875,212.92471313476562,7.999999999999992,5.301804366696088,5.420495604851075
799,-1018.3677978515625,212.29739379882812,7.999999999999972,15.69767988182697,11.659874494711154
800,-1015.2728881835938,211.9093475341797,8.00000000000001,10.296544590426372,9.341703932714728
801,-1011.8992919921875,211.48635864257812,8.000000000000009,5.688214798499732,5.921735341131931
802,-1008.5127563476562,211.06175231933594,8.00000000000001,13.985855265019444,11.271149867819682
803,-1005.0172729492188,210.60516357421875,7.999999999999988,7.683131934969798,7.112913606005851
804,-1001.8306274414062,210.18890380859375,7.999999999999987,13.463261115421801,10.33558350552314
805,-998.6270751953125,209.77044677734375,8.00000000000002,15.605315167246621,9.399180791573562
806,-995.1105346679688,209.3169403076172,7.999999999999977,12.692394486704291,5.2627355772578
807,-991.9036254882812,208.9033660888672,7.999999999999971,15.217094935155925,5.88192848585288
808,-988.7005615234375,208.4902801513672,7.999999999999984,6.806399263281984,4.473815391319938
809,-985.6278076171875,208.08291625976562,7.999999999999992,6.26263145629554,6.693034785888382
810,-982.2459106445312,207.6345672607422,7.999999999999978,2.417278287937765,3.9040794642400924
811,-978.8761596679688,207.18783569335938,7.999999999999955,3.6747149467408353,5.877878502662359
812,-975.357177734375,206.7058868408203,7.999999999999994,1.3381746109923558,1.4695752911962332
813,-972.1574096679688,206.26766967773438,7.999999999999993,9.69009725248803,1.6520377145833258
814,-968.9598388671875,205.82974243164062,8.000000000000039,2.057758306770526,4.120720659363187
815,-965.7357788085938,205.41290283203125,8.000000000000048,10.575105536933883,5.499059153024888
816,-962.515869140625,204.99661254882812,8.000000000000037,5.340324256950085,7.776522291281126
817,-958.9720458984375,204.53843688964844,7.999999999999986,8.032472910944074,8.879295274516943
818,-955.5660400390625,204.06813049316406,8.000000000000028,12.768112929162152,12.12163616895351
819,-952.4555053710938,203.63864135742188,7.999999999999948,9.453232011516926,7.80927148223149
820,-949.0557250976562,203.16920471191406,7.999999999999977,12.762435600393493,8.613848702788745
821,-944.3060913085938,202.5406951904297,8.000000000000005,14.213099830799825,9.428014274763171
822,-939.1292114257812,201.8556365966797,7.999999999999987,3.7796837613910563,6.092441859369762
823,-935.9391479492188,201.4608917236328,7.99999999999996,12.714822246347282,7.037912016027442
824,-932.447021484375,201.02877807617188,7.99999999999996,12.555116169324037,11.872195010596448
825,-929.2332763671875,200.63111877441406,7.9999999999999885,10.055088723520887,10.0028215788124
826,-925.8334350585938,200.18838500976562,8.000000000000009,21.15456034898587,16.6329653075845
827,-922.427490234375,199.74485778808594,7.9999999999999725,1.5754255758685498,12.32282524244684
828,-919.3170166015625,199.33981323242188,7.999999999999951,17.138855009112635,14.94292910974426
829,-915.7903442382812,198.8750457763672,7.999999999999983,17.293306012605907,17.33814412002916
830,-912.5764770507812,198.4514923095703,8.000000000000014,7.279574888671712,11.546340767190285
831,-909.349609375,198.0262451171875,8.0,14.421391070649236,14.257510716105505
832,-905.9432373046875,197.57745361328125,7.999999999999963,11.682728652317524,11.746780491599075
833,-902.5552978515625,197.13108825683594,8.000000000000032,6.210367241826087,6.3477009311167185
834,-899.4639282226562,196.7238006591797,8.000000000000004,16.89566774514734,11.557963223156344
835,-896.0448608398438,196.2862548828125,7.999999999999974,5.202744022719061,9.842734604834698
836,-892.9456176757812,195.88961791992188,7.999999999999958,15.955771188845745,11.016752229679707
837,-889.547607421875,195.4547576904297,8.00000000000001,14.136018992433197,13.555190472965723
838,-884.8340454101562,194.8502960205078,8.000000000000002,11.18894185217431,8.887820899286915
839,-879.6517333984375,194.1857147216797,7.999999999999999,19.524722855084192,15.276402877552123
840,-876.2372436523438,193.7534637451172,8.000000000000032,7.915278717065748,12.058354086049736
841,-872.8424072265625,193.32371520996094,7.99999999999998,14.567188483647307,7.376053450386449
842,-869.7149658203125,192.9278106689453,7.999999999999989,17.42125314236293,13.191747918108298
843,-866.3060302734375,192.45855712890625,7.99999999999999,5.8667557598950095,8.652349407474592
844,-863.181396484375,192.0284423828125,7.999999999999964,15.636457217134438,10.185497643901773
845,-859.7680053710938,191.55857849121094,7.999999999999979,13.107522854107298,8.701674879257075
846,-856.57373046875,191.12693786621094,7.999999999999966,14.314917158896508,8.544936857278495
847,-853.3815307617188,190.69558715820312,7.999999999999995,19.98749735117258,14.81964881428429
848,-849.8823852539062,190.22274780273438,7.999999999999993,7.707283721895641,9.230035322089197
849,-846.4835815429688,189.77587890625,7.999999999999944,7.829208357488708,8.150824178997444
850,-843.3818359375,189.36807250976562,7.999999999999976,16.160378318120213,9.562634851246592
851,-839.9762573242188,188.92030334472656,8.000000000000002,2.367587487387213,6.917738809852033
852,-836.5715942382812,188.47695922851562,7.999999999999994,14.609632794157115,9.526101337176323
853,-833.4663696289062,188.0725860595703,7.999999999999957,11.13341770435501,7.054012637282616
854,-830.0599365234375,187.62899780273438,7.999999999999984,3.366008995955377,3.2356052276570733
855,-825.2949829101562,187.01763916015625,8.000000000000007,9.776856666189172,4.113620754262676
856,-820.0823364257812,186.3488311767578,8.00000000000002,5.563647939525163,3.0822618586554773
857,-816.8784790039062,185.9428253173828,7.999999999999996,7.462773655591491,2.4962110014286973
858,-813.6657104492188,185.53570556640625,7.999999999999959,9.089542836797357,3.7580622800186103
859,-810.1558227539062,185.09091186523438,7.999999999999986,10.102302315677303,4.742321607179759
860,-806.9735717773438,184.68875122070312,7.999999999999993,15.33460552475044,9.490262863352337
861,-803.786865234375,184.2860107421875,8.000000000000032,2.4056835918697663,7.565097402258008
862,-800.2905883789062,183.84413146972656,7.9999999999999645,14.156732104165604,10.122797057466208
863,-797.1046752929688,183.42669677734375,7.999999999999981,9.432732549014347,6.376535542636789
864,-793.6173095703125,182.96974182128906,8.0,10.053015200139008,6.5864363200886515
865,-790.435546875,182.55282592773438,8.000000000000043,11.883725520614638,9.543524616255382
866,-787.017578125,182.07899475097656,8.00000000000003,6.111833391050165,2.8644457361425006
867,-783.9031372070312,181.64724731445312,8.000000000000012,17.73255132823322,8.726800515990057
868,-780.4783325195312,181.17247009277344,7.999999999999988,16.02523961267011,10.14720004226986
869,-777.38525390625,180.75494384765625,8.000000000000016,6.67898023978284,1.9290641727384061
870,-773.9856567382812,180.2960205078125,8.000000000000005,16.645225908125266,5.254922486003764
871,-770.5824584960938,179.83663940429688,7.999999999999975,5.292676591398003,3.8614580483978234
872,-767.3694458007812,179.41995239257812,8.000000000000002,6.28568860895483,0.4083526522267491
873,-763.8470458984375,178.96315002441406,7.999999999999989,12.532512156287703,4.0269120144346005
874,-760.6253051757812,178.5453338623047,8.000000000000007,8.550152401536302,4.044340548267676
875,-755.6627807617188,177.92140197753906,7.999999999999977,4.114195125875535,3.4633871935125846
876,-750.708984375,177.29855346679688,7.9999999999999885,11.716454033059216,3.9263235885917944
877,-747.311279296875,176.8675537109375,8.000000000000007,10.84736953129948,5.379260054500495
878,-744.1982421875,176.47265625,8.000000000000018,10.82644859574229,3.2594961670129545
879,-740.7926635742188,176.0406494140625,8.000000000000046,16.598896756397632,7.874023338161389
880,-737.4717407226562,175.59373474121094,7.99999999999997,8.636563714972976,3.4152541880963874
881,-734.1699829101562,175.1494140625,7.999999999999995,17.452513384796138,13.028842730156304
882,-730.8661499023438,174.70480346679688,8.000000000000025,12.397968696361694,7.881742269503308
883,-727.6627807617188,174.2880859375,8.000000000000048,7.787425698841761,5.816781958966353
884,-724.46484375,173.87208557128906,7.999999999999983,14.784909562954594,10.473303177554705
885,-720.9396362304688,173.4134979248047,8.000000000000005,7.052900483001698,8.862324803910136
886,-717.4668579101562,172.9767303466797,7.999999999999965,15.854265808103802,5.832033396565271
887,-714.292236328125,172.5774383544922,7.999999999999961,9.909736483457591,8.8598360160036
888,-711.115234375,172.1778564453125,8.000000000000036,2.9862932573656846,2.3397969240130556
889,-707.6015014648438,171.72030639648438,7.99999999999999,9.531122547806191,2.4625152234954646
890,-704.397705078125,171.3031005859375,8.000000000000021,6.475006626494089,4.165444150932797
891,-701.1989135742188,170.8865509033203,8.000000000000037,8.406449315804624,0.853269599535911
892,-696.4530639648438,170.23924255371094,8.000000000000014,11.420811039010017,2.5629249175384707
893,-691.2417602539062,169.52845764160156,7.999999999999989,2.7969379578212825,1.80246614757587
894,-687.8297119140625,169.08030700683594,7.9999999999999964,11.534166668437315,3.174993721807519
895,-684.7233276367188,168.67230224609375,8.000000000000044,6.867243773216396,3.1365500436831755
896,-681.325439453125,168.22601318359375,7.999999999999974,8.390812435547911,2.8370611203565033
897,-678.1338500976562,167.80465698242188,8.000000000000005,8.427683098342538,2.022206086461176
898,-674.637451171875,167.34304809570312,8.000000000000004,5.487586882046427,1.306809487233368
899,-671.4601440429688,166.923583984375,8.00000000000003,10.721450668329943,4.2150740103461315
900,-668.0560913085938,166.45306396484375,7.999999999999974,5.632221014286847,1.0759433535729082
901,-664.9556274414062,166.02450561523438,7.9999999999999725,9.828717755339449,6.736996727444326
902,-661.5540771484375,165.55435180664062,8.000000000000009,12.094585425731932,4.369052212911563
903,-658.3427124023438,165.1442108154297,8.000000000000025,3.2147565306365435,2.5150860303845133
904,-654.8316040039062,164.69580078125,7.9999999999999885,9.88727304216261,6.842280417413254
905,-651.6173095703125,164.28530883789062,8.000000000000014,11.038797851867423,5.78115087662597
906,-648.3925170898438,163.879150390625,7.999999999999992,3.6604837228615184,5.452046609566836
907,-645.1710815429688,163.4734344482422,8.000000000000023,13.89687862359736,7.387627749707704
908,-641.6295166015625,163.0273895263672,8.00000000000001,3.2664364994010606,3.0227143899342663
909,-638.200927734375,162.5870361328125,8.000000000000021,12.00897328026156,2.578535668265663
910,-634.7903442382812,162.1490020751953,7.999999999999998,10.117956961375812,7.170288709651744
911,-631.6621704101562,161.74722290039062,7.999999999999992,2.564665182749089,2.500310340307045
912,-626.4857177734375,161.0703582763672,8.000000000000004,11.217133638792667,4.90780922237061
913,-621.7866821289062,160.45591735839844,7.999999999999988,9.800058022141227,3.854068987327202
914,-618.3961181640625,159.98915100097656,8.00000000000001,7.706102663598308,2.929271748328895
915,-615.3017578125,159.56317138671875,7.999999999999994,11.462785323298831,4.269764519629152
916,-611.9214477539062,159.09780883789062,8.000000000000044,6.625640975898523,5.073409718073259
917,-608.7020874023438,158.67800903320312,8.000000000000009,13.36171496269322,4.080157148894506
918,-605.4775390625,158.25750732421875,7.9999999999999885,13.66450321379386,9.384594407253916
919,-601.93359375,157.79537963867188,7.999999999999995,6.9009865250742415,5.839305496946979
920,-598.6334228515625,157.368896484375,7.999999999999988,16.259168529895312,8.21565781480177
921,-595.3250732421875,156.94134521484375,7.999999999999983,10.770761655190112,8.946077284332638
922,-592.0275268554688,156.51519775390625,7.999999999999996,16.56833616387549,9.148982360843746
923,-588.8370971679688,156.12680053710938,7.999999999999991,18.348782645599517,13.302680616778783
924,-585.654296875,155.73931884765625,8.00000000000002,5.843894525531467,8.772111540973462
925,-582.1520385742188,155.31295776367188,7.999999999999992,17.66408014766508,11.077960995649631
926,-578.8421020507812,154.86752319335938,8.000000000000027,13.395225166308773,11.239274116360189
927,-575.53173828125,154.4220428466797,7.999999999999995,9.13206303052735,7.760612367077857
928,-572.2255249023438,153.9771270751953,7.999999999999967,20.944805512234844,13.56368166692194
929,-567.457275390625,153.34469604492188,7.9999999999999805,7.798895862152863,12.234297270119896
930,-562.2377319335938,152.6524200439453,7.99999999999998,16.78519310719282,14.008111759724047
931,-558.7525634765625,152.18739318847656,8.000000000000014,16.247903787405253,15.487986152582359
932,-555.5858764648438,151.76487731933594,8.00000000000002,2.166810904652241,5.741969739769079
933,-552.3928833007812,151.33885192871094,7.99999999999998,20.357694588892926,15.827909794937339
934,-549.3807983398438,150.944091796875,8.000000000000012,13.838711644782734,12.370106356182689
935,-546.6036376953125,150.5801239013672,8.000000000000023,12.226886965185269,12.681058157063617
936,-543.55908203125,150.18112182617188,8.0,19.44949368821171,15.574392576034857
937,-541.2498168945312,149.89344787597656,7.999999999999967,3.163890926431982,10.287766523295621
938,-538.9402465820312,149.60572814941406,8.000000000000021,16.422599404363815,13.519600344953625
939,-536.4103393554688,149.2905731201172,7.9999999999999805,12.825937718189392,12.113416760344261
940,-534.8042602539062,149.26890563964844,8.0,2.767634717664519,4.940395575687623
941,-533.0557861328125,149.24533081054688,8.000000000000032,12.529938599030958,7.860722746256208
942,-531.4573364257812,149.22377014160156,8.000000000000055,2.7229545948797176,4.369671017364692
943,-530.642333984375,149.77406311035156,7.99999999999999,11.030628047604907,0.6716692021586724
944,-529.7490234375,150.377197265625,8.000000000000002,18.05510961252912,10.89035422693902
945,-528.934814453125,150.92697143554688,7.999999999999967,5.560117501000985,3.0861766965428297
946,-528.600830078125,152.222412109375,8.000000000000039,13.475811349971279,4.530107370545171
947,-528.2972412109375,153.39964294433594,7.999999999999995,3.626473706380848,0.9890459597328476
948,-527.9646606445312,154.68955993652344,8.000000000000004,5.89065595704151,5.450712633025678
949,-527.4818115234375,157.70904541015625,8.000000000000012,5.49275804205923,1.8003641931941439
950,-526.95361328125,161.01251220703125,8.000000000000025,7.4128312072443325,1.621618194156742
951,-526.5199584960938,163.783935546875,7.999999999999989,4.780638013580879,1.989615675098138
952,-526.0477294921875,166.8014373779297,7.999999999999989,5.395634985154311,2.444224837251443
953,-525.6157836914062,169.5618438720703,7.9999999999999725,11.293049782017679,6.408898744335416
954,-525.2650146484375,172.85757446289062,7.999999999999959,6.869626688917879,8.480630223636501
955,-524.9450073242188,175.8642578125,8.000000000000037,1.2621526784833863,6.028376040625171
956,-524.5945434570312,179.1575927734375,8.000000000000007,11.924188978341348,11.262066768442216
957,-524.3521118164062,182.2623748779297,8.000000000000007,11.617861565054893,8.552051344648877
958,-524.0846557617188,185.6880340576172,8.000000000000012,6.595251247502951,5.508633180634091
959,-523.818359375,189.09841918945312,8.000000000000046,18.98030368501951,13.878361876972997
960,-523.4819946289062,192.2259063720703,8.000000000000046,3.181324802365716,9.236778037894497
961,-523.145751953125,195.352294921875,7.999999999999997,6.807351884390725,4.980830182443268
962,-522.7767333984375,198.78321838378906,7.99999999999999,11.61634975060178,4.340163939088112
963,-522.39013671875,201.86178588867188,8.000000000000004,7.155267528283153,0.33843579302654064
964,-521.9644775390625,205.25128173828125,7.999999999999988,10.660685234540745,8.54377290064993
965,-521.541015625,208.6238555908203,7.999999999999991,11.9058929747536,5.175766531927847
966,-521.0849609375,212.15879821777344,7.999999999999998,7.054275916865459,4.344209304117806
967,-520.6695556640625,215.37869262695312,7.9999999999999964,14.163214060595715,11.181400679341799
968,-520.2542114257812,218.59808349609375,8.000000000000052,14.210814589808546,7.688803096065473
969,-519.6613159179688,223.44525146484375,8.000000000000025,10.554750152369468,2.4893479138709718
970,-519.069580078125,228.2828826904297,7.99999999999999,10.664279507441622,5.158306241607167
971,-518.7904052734375,231.05148315429688,7.9999999999999964,5.019555405756237,4.07479202702981
972,-518.5115356445312,233.81707763671875,8.00000000000003,11.734219333947387,6.246476060085763
973,-518.232177734375,236.58731079101562,8.000000000000023,5.226958988244281,5.454640697122334
974,-518.051513671875,238.63043212890625,8.000000000000002,8.609724444677397,6.10279124258618
975,-517.8709716796875,240.6731719970703,7.999999999999987,7.9800383195838265,6.877623080398878
976,-517.69091796875,242.7098846435547,7.999999999999971,12.13657809470247,2.9797639846299666
977,-517.8472900390625,243.9736785888672,8.00000000000003,13.075083120923404,6.120754259934871
978,-518.0042724609375,245.24192810058594,8.0,10.774189058802325,4.196317660314399
979,-518.16064453125,246.50587463378906,8.000000000000032,2.7108214430210453,1.595063411135575
980,-519.0594482421875,247.0860137939453,8.000000000000046,12.124205181814066,6.378220606746429
981,-519.9502563476562,247.66099548339844,8.000000000000036,9.974657548333289,3.6523586321657593
982,-520.7648315429688,248.18679809570312,8.0,11.258278897511493,4.453010077102017
983,-522.4957275390625,248.53414916992188,7.999999999999994,10.453427924234509,4.311826465991431
984,-524.0712280273438,248.85031127929688,8.000000000000044,2.7034529958304465,1.427310344520325
985,-525.6464233398438,249.16641235351562,8.00000000000002,8.996466874080483,5.587173364067386
986,-528.2562255859375,249.64382934570312,7.999999999999983,8.45297408080772,1.0684276821365155
987,-530.6328735351562,250.07859802246094,8.000000000000005,4.311714395401685,3.7979949466824645
988,-533.0095825195312,250.5133819580078,7.999999999999968,5.988970183783406,3.1542070700790643
989,-536.2267456054688,251.0026092529297,7.9999999999999645,2.8841606040308267,0.4393167774289774
990,-539.2073974609375,251.45587158203125,8.000000000000005,17.44695360888928,10.882248912836047
991,-542.1599731445312,251.90487670898438,8.000000000000016,7.102485940098084,10.426025833908803
992,-546.8526000976562,252.40948486328125,7.99999999999999,4.8124999852923604,7.031544427535264
993,-551.99462890625,252.96241760253906,8.000000000000016,4.7567858399666605,4.816148396111499
994,-555.5509033203125,253.31015014648438,7.9999999999999885,10.823281417922896,3.970308115339401
995,-558.78271484375,253.62615966796875,8.000000000000023,7.53747900827254,0.5080959125245549
996,-562.0130615234375,253.9420166015625,8.0,7.282444244089753,1.5804944948601847
997,-565.5612182617188,254.36781311035156,8.000000000000053,10.931615532459391,6.78127265391598
998,-568.7978515625,254.7562255859375,8.000000000000052,10.451988672530414,7.562566099353361
999,-572.031494140625,255.14427185058594,7.999999999999996,14.422512571892273,4.984427386625365
1000,-575.412353515625,255.59678649902344,7.9999999999999964,8.514185962475455,6.49010753581192
1001,-578.7808837890625,256.0476379394531,8.000000000000012,5.856741489187343,4.091505004742813
1002,-581.845703125,256.4578552246094,7.999999999999969,9.424912374511893,5.501994973099024
1003,-585.3081665039062,256.9237060546875,8.000000000000016,2.6591561542650637,5.829084312696556
1004,-588.458984375,257.3476257324219,7.999999999999995,14.845947868358323,0.7969857611067802
1005,-591.6088256835938,257.77142333984375,8.0,8.463806605086472,8.12420031298484
1006,-594.8023071289062,258.2281188964844,8.000000000000034,12.312463821326816,2.8304228051165805
1007,-598.3035888671875,258.7288513183594,7.9999999999999885,17.226111560016747,4.59385387312238
1008,-601.4945068359375,259.1851806640625,8.000000000000023,4.993789211809733,1.3413953808597965
1009,-605.0093994140625,259.64288330078125,7.9999999999999565,5.593288120522163,4.921133621801156
1010,-608.211181640625,260.059814453125,8.000000000000028,1.1475168173961128,1.3306785830186032
1011,-611.4108276367188,260.4764709472656,7.999999999999993,7.8234993944491995,4.196475381512216
1012,-614.6166381835938,260.896240234375,7.99999999999999,11.20622403061554,5.557439963464894
1013,-617.8286743164062,261.31683349609375,8.000000000000007,6.991781854117869,3.126570678955935
1014,-621.3577270507812,261.7789001464844,7.999999999999988,8.26151334831895,3.3247368948899623
1015,-624.5689697265625,262.1638488769531,7.99999999999997,8.097506425194227,4.206124037451434
1016,-628.0838012695312,262.5851745605469,8.000000000000007,13.118278339241506,9.81515986009348
1017,-631.2944946289062,262.97003173828125,8.000000000000016,13.275560942149816,4.040616393707061
1018,-636.2056884765625,263.5716552734375,8.000000000000014,9.809598837241838,7.4261291900608155
1019,-641.1087036132812,264.1722717285156,8.000000000000059,10.738138821837872,7.318611866863859
1020,-644.251953125,264.578125,8.000000000000007,12.49294972883506,1.0554566298663528
1021,-647.6988525390625,265.0231628417969,8.000000000000023,9.245761578553712,7.199218089530054
1022,-650.8513793945312,265.4302062988281,7.999999999999944,13.918318520582595,9.574945430228167
1023,-654.1315307617188,265.8473205566406,7.9999999999999885,6.992728401086255,0.7264735362233736
1024,-657.3931884765625,266.2621154785156,7.999999999999999,10.233007110343541,4.942652894505743
1025,-660.6553955078125,266.6769714355469,7.999999999999988,7.179839839100024,1.247550264468821
1026,-663.78076171875,267.1202697753906,7.999999999999953,12.231156557714044,3.7510803320528683
1027,-667.2107543945312,267.6067810058594,8.000000000000018,4.5013875084674595,1.8832215027148815
1028,-670.6227416992188,268.0907287597656,8.0,8.276959825300867,5.191035884292617
1029,-674.087158203125,268.5827941894531,8.000000000000014,7.95315457626157,4.136422429444901
1030,-677.2631225585938,269.0339050292969,8.000000000000046,14.646353992458433,3.6902775047925824
1031,-680.7330932617188,269.5267639160156,8.000000000000043,9.035908448426806,3.329422660403123
1032,-685.8041381835938,270.20654296875,8.000000000000014,13.759927921272071,10.57430623494447
1033,-690.8638916015625,270.8848571777344,8.000000000000004,9.644330464751308,9.533361116126683
1034,-694.037353515625,271.26202392578125,7.999999999999965,3.4773890177176368,7.045104843317184
1035,-697.209228515625,271.6390075683594,8.000000000000052,20.865985823911423,13.188271541795546
1036,-700.698486328125,272.0537109375,8.000000000000009,7.610142238571933,10.160599412945782
1037,-703.9252319335938,272.4674987792969,8.000000000000005,17.587590192254797,10.510080742600213
1038,-707.1751708984375,272.88427734375,8.000000000000027,14.609583012992042,9.759735891576657
1039,-710.4207763671875,273.30047607421875,8.000000000000018,6.395245255358021,7.299675016240239
1040,-713.5922241210938,273.7209167480469,7.999999999999978,17.69636044988616,15.41991180002247
1041,-717.0750732421875,274.1826477050781,8.000000000000007,11.688957647030339,10.7722183085145
1042,-720.2451782226562,274.6029052734375,7.999999999999991,9.69208361593867,5.2193602305827875
1043,-723.6806030273438,275.0738830566406,7.999999999999967,16.97504749123348,10.580856580908515
1044,-727.10986328125,275.54400634765625,8.000000000000023,8.87583788322633,9.370891241490924
1045,-730.2329711914062,275.9721374511719,7.999999999999983,14.894819835855454,10.503040597818632
1046,-733.3509521484375,276.4074401855469,7.999999999999965,14.487326729959884,9.68737532493135
1047,-736.769287109375,276.8846435546875,8.000000000000016,2.539048347433702,6.711011669486812
1048,-740.2003784179688,277.3636474609375,7.999999999999979,18.724494837936547,9.108465382593876
1049,-745.4420166015625,278.07855224609375,7.99999999999998,14.66951922972695,8.630573647211586
1050,-750.2391967773438,278.7328796386719,8.000000000000012,12.772792156093349,10.924977450796257
1051,-753.653564453125,279.1732177734375,8.000000000000009,14.876755764065171,13.139107584267792
1052,-757.0562133789062,279.6120300292969,8.000000000000052,2.818483164230524,14.467489444630978
1053,-760.165771484375,280.0130615234375,7.999999999999975,10.57472086015706,12.886720358765217
1054,-763.2543334960938,280.3863525390625,8.00000000000001,11.04571256379165,12.644622418409643
1055,-766.6630859375,280.79833984375,7.999999999999997,5.6054625803551295,4.676313558392941
1056,-770.0208129882812,281.20416259765625,7.999999999999989,10.751517663118495,8.514109213306313
1057,-773.1937866210938,281.5900573730469,8.000000000000034,6.412439152864496,5.89868803763249
1058,-776.659423828125,282.0115661621094,7.999999999999961,7.035540381288214,2.677808005331345
1059,-779.8145751953125,282.3952941894531,7.999999999999994,10.92747010502936,5.986792139113523
1060,-783.226318359375,282.8505859375,7.9999999999999964,4.5791626090456825,3.9800831007310946
1061,-786.3276977539062,283.26446533203125,8.000000000000032,8.608722907468026,2.135775361546944
1062,-789.7410888671875,283.7200012207031,7.9999999999999805,11.307491934545725,8.31156755762197
1063,-794.7310180664062,284.35400390625,8.000000000000012,0.7715334798178518,4.656175696917021
1064,-799.7288818359375,284.989013671875,8.00000000000005,11.791636145766926,7.55086480908257
1065,-803.2737426757812,285.4498596191406,7.999999999999996,8.941992075149612,8.409473259457041
1066,-806.5119018554688,285.870849609375,8.000000000000023,5.759674767239704,8.341572779124125
1067,-809.747314453125,286.2914733886719,7.999999999999996,10.79428175868903,9.313956237479017
1068,-812.9500732421875,286.7332458496094,7.99999999999997,10.64610200421702,8.33141165274774
1069,-816.4637451171875,287.2178955078125,7.999999999999986,13.16991763377924,7.481401948015171
1070,-819.673828125,287.66070556640625,8.000000000000023,17.317404232298006,13.711595211155275
1071,-823.1801147460938,288.1172790527344,8.000000000000004,3.4426201132559036,9.850127548857332
1072,-826.3926391601562,288.5356140136719,7.999999999999964,10.680775813719412,5.845766102852752
1073,-829.5901489257812,288.9519958496094,7.999999999999943,9.281573546685257,6.840231624721118
1074,-832.8850708007812,289.3601379394531,8.000000000000021,5.669442240713607,5.125085655974361
1075,-836.1798706054688,289.76824951171875,8.00000000000002,9.858433072632499,6.776421695629637
1076,-839.475830078125,290.176513671875,8.000000000000021,3.1682337474878723,3.7019950424369936
1077,-842.8385620117188,290.597412109375,8.00000000000003,13.70310139327805,5.739470015635775
1078,-845.8959350585938,290.9800720214844,7.999999999999987,11.165273929335436,8.82690600808124
1079,-849.2593994140625,291.4010314941406,7.999999999999989,10.41936072207823,5.715189358487871
1080,-854.4178466796875,292.11773681640625,8.000000000000036,12.693902312965669,7.627892462488547
1081,-859.1144409179688,292.770263671875,7.999999999999973,3.106540869736434,5.190478085573049
1082,-862.5338134765625,293.2342529296875,7.999999999999995,9.95146623050689,8.618915498085446
1083,-865.939208984375,293.69635009765625,7.9999999999999565,10.598088666438683,6.905430156066056
1084,-869.0409545898438,294.1172180175781,7.999999999999991,3.5506040353952226,4.169349576307053
1085,-872.4600219726562,294.5491638183594,7.999999999999949,12.908884578703416,7.615834102462091
1086,-875.572998046875,294.94244384765625,8.000000000000023,3.778078865703553,3.5330034567800666
1087,-878.9981079101562,295.3751220703125,7.999999999999991,11.510583121138495,7.867219205582191
1088,-882.3956909179688,295.7874755859375,7.9999999999999725,10.372456710367855,8.387294334052303
1089,-885.5015869140625,296.1644287109375,8.000000000000005,2.321125845653508,5.584439349260706
1090,-888.9042358398438,296.577392578125,8.000000000000043,7.955834913045268,5.206139734035425
1091,-892.020263671875,296.9745178222656,8.00000000000002,8.248328611562876,6.8605629629776095
1092,-895.447265625,297.4112854003906,7.999999999999965,0.8006244249996947,3.0764953892754123
1093,-898.8613891601562,297.846435546875,7.99999999999998,9.54049273007814,5.9778359063200925
1094,-902.1046142578125,298.29241943359375,7.99999999999998,10.895251971765575,8.201847501746327
1095,-905.6054077148438,298.7738037109375,7.999999999999952,9.076005312518154,6.115793919557358
1096,-908.8185424804688,299.2156677246094,8.000000000000012,11.958919283902967,8.225761119424526
1097,-913.5447387695312,299.84765625,7.999999999999995,2.8316994900241306,2.630080793218762
1098,-918.7246704101562,300.5403747558594,7.999999999999955,12.169412227760786,4.3157330554416236
1099,-922.111083984375,301.0141906738281,7.999999999999954,8.81411801193961,5.057751812425688
1100,-925.2088012695312,301.4476318359375,8.000000000000012,11.294356705717755,7.082442189977464
1101,-928.5899047851562,301.92071533203125,7.999999999999979,9.002349337076861,6.0963994312656435
1102,-931.7897338867188,302.3522033691406,7.999999999999998,3.513842902572184,5.751710298930635
1103,-935.2999877929688,302.8255615234375,7.999999999999964,17.56445349510156,13.144640108000686
1104,-938.4960327148438,303.2565612792969,7.999999999999987,9.556035577016708,13.004767983360672
1105,-941.70751953125,303.6622619628906,7.9999999999999805,11.148412571655625,11.648588179887232
1106,-944.9290161132812,304.0692443847656,8.000000000000032,13.975421234589357,14.161315981793932
1107,-948.4531860351562,304.51446533203125,8.00000000000003,1.8367424559756944,4.55777658339503
1108,-951.8549194335938,304.90740966796875,8.00000000000002,7.000858392953988,5.261563183471411
1109,-954.9683837890625,305.26702880859375,8.000000000000014,12.694757593938851,8.045686336621962
1110,-958.3796997070312,305.66107177734375,8.00000000000004,5.292079787542104,4.800218139897914
1111,-961.5794067382812,306.0605773925781,7.99999999999997,7.06858506491962,3.0217870167406455
1112,-964.777587890625,306.4599304199219,8.000000000000032,8.084689484045704,4.311130175362663
1113,-968.275634765625,306.8966979980469,7.99999999999997,0.443396150853459,1.5640120735861753
1114,-971.4708862304688,307.36328125,8.000000000000009,12.800713796644503,6.728416970682741
1115,-974.9241333007812,307.86749267578125,7.999999999999978,8.971424908859685,8.012524410612695
1116,-978.1102294921875,308.3327331542969,7.999999999999988,5.084013935886867,3.666211254609017
1117,-981.3295288085938,308.78125,8.000000000000002,18.09403241685324,8.96867766630473
1118,-984.5541381835938,309.2304992675781,8.000000000000002,5.170369742150258,6.8143772819810735
1119,-988.0980224609375,309.7242126464844,7.9999999999999805,14.912056813556493,7.789097942981411
1120,-993.0588989257812,310.3374328613281,8.00000000000003,11.339122746996017,6.991502850860822
1121,-998.004150390625,310.94873046875,7.9999999999999645,9.710334217616081,3.3871947442676413
1122,-1001.4414672851562,311.3778076171875,7.999999999999975,6.67783749522519,3.815275583604155
1123,-1004.563232421875,311.76751708984375,7.9999999999999885,2.1159330167062316,3.1028679399342805
1124,-1007.991943359375,312.1955261230469,8.000000000000052,15.728903026823955,10.292330685007991
1125,-1011.1024780273438,312.6106262207031,7.999999999999983,7.346418122101691,5.853527417201274
1126,-1014.516845703125,313.0662536621094,7.9999999999999885,8.326088529364718,5.769473542487877
1127,-1017.91845703125,313.52020263671875,8.000000000000027,15.38445213115787,11.428693648136754
1128,-1021.011474609375,313.92449951171875,8.000000000000016,2.2723165631384354,5.704294122845987
1129,-1024.3590087890625,314.3620910644531,7.999999999999896,11.988644395848771,11.802550042857838
1130,-1027.7122802734375,314.8003845214844,8.000000000000016,9.643174163071038,8.3890469770311
1131,-1030.82763671875,315.1929016113281,7.999999999999963,6.423312675465016,7.877122043491056
1132,-1034.2225341796875,315.6206359863281,8.000000000000092,5.790482609424296,5.768584800814042
1133,-1037.608154296875,316.04718017578125,7.999999999999925,5.286798490668017,3.929001505724458
1134,-1040.8140869140625,316.4633483886719,7.99999999999999,1.5437860050809642,0.9706962017219233
1135,-1044.037109375,316.88177490234375,7.999999999999964,13.333567424360833,3.7753462575455585
1136,-1047.5550537109375,317.3384704589844,7.99999999999999,4.518514352688103,2.297730304657278
1137,-1052.29833984375,317.9920654296875,8.000000000000082,12.189715393808699,7.930754501687651
1138,-1057.4918212890625,318.70770263671875,7.999999999999946,6.812052034014439,3.4118732273506343
1139,-1060.5850830078125,319.0982360839844,8.000000000000021,5.607751878789129,5.028203888521578
1140,-1063.97998046875,319.5268249511719,8.000000000000053,9.74587770367825,9.19473880790749
1141,-1067.3673095703125,319.9544677734375,8.000000000000012,9.562671405839254,1.7559168515011365
1142,-1070.587646484375,320.3657531738281,7.999999999999959,4.438428351850724,2.040044299712884
1143,-1074.0977783203125,320.8140563964844,7.9999999999999964,10.427359995334875,3.4396203442875897
1144,-1077.303955078125,321.2235107421875,8.000000000000052,5.95578506723854,2.8780088205075716
1145,-1080.6295166015625,321.66131591796875,7.999999999999901,8.405894839440096,3.894307369356209
1146,-1083.95361328125,322.09893798828125,7.999999999999965,8.863660042689167,2.5475157943793754
1147,-1087.2816162109375,322.5370788574219,7.999999999999969,1.6331922603415503,0.8928445818988211
1148,-1090.677734375,323.01129150390625,7.9999999999999725,9.650774665151824,4.099732677918976
1149,-1094.0728759765625,323.4853820800781,7.999999999999914,7.500843974152077,5.278374079431322
1150,-1097.167236328125,323.9174499511719,8.000000000000101,12.25999642815474,4.192568992894288
1151,-1100.553955078125,324.3746337890625,8.000000000000044,13.838434480978366,2.0219735710033273
1152,-1103.6607666015625,324.79400634765625,7.999999999999986,4.2996945217600135,1.1316500322650775
1153,-1107.063232421875,325.2532958984375,8.00000000000007,11.99962401002827,6.190025790693231
1154,-1110.615234375,325.73876953125,7.99999999999996,4.292147607343694,7.648834072358336
1155,-1113.8463134765625,326.18035888671875,8.000000000000025,7.79789421915463,7.74796320891926
1156,-1117.0816650390625,326.6225280761719,7.999999999999983,2.3934833731157594,5.48541781037585
1157,-1122.319091796875,327.2924499511719,8.00000000000003,12.843151803136045,5.054741598618042
1158,-1127.08984375,327.9026794433594,8.000000000000004,6.879440567660757,1.4815533198801605
1159,-1130.270751953125,328.2547912597656,7.9999999999999645,11.372020890033099,7.622941072432489
1160,-1133.4552001953125,328.6073303222656,8.000000000000007,10.482055200313933,4.802718449989311
1161,-1136.94482421875,328.9936218261719,8.00000000000004,13.970006665538689,0.5488007053299898
1162,-1140.09765625,329.3922424316406,7.999999999999949,5.604377722231806,5.098401242568423
1163,-1143.5587158203125,329.829833984375,7.999999999999895,10.123239953659667,5.550574840520602
1164,-1146.71826171875,330.2292785644531,8.000000000000052,8.365089248301915,1.5900844375968795
1165,-1150.083251953125,330.6872863769531,8.00000000000003,14.976528264476954,9.704958139784496
1166,-1153.4630126953125,331.1473083496094,8.000000000000075,6.174103890393485,4.153975918799738
1167,-1156.532470703125,331.5650939941406,8.000000000000039,12.428213470429212,6.277180717940984
1168,-1159.7401123046875,332.0107116699219,7.999999999999972,9.151107210468671,7.992536261482315
1169,-1162.9468994140625,332.4561767578125,7.999999999999977,7.646057351808101,1.466254575981177
1170,-1166.4691162109375,332.9454650878906,8.00000000000002,9.087607836233138,5.277007681076577
1171,-1169.7039794921875,333.3763427734375,8.00000000000005,6.792249134792484,2.122812611105582
1172,-1172.9459228515625,333.8081970214844,8.000000000000055,16.283793406587563,7.834465377533201
1173,-1176.497802734375,334.28131103515625,7.99999999999997,9.830452534233931,5.272471458200584
1174,-1179.730712890625,334.69842529296875,8.000000000000037,9.404388616288706,1.9811141640765721
1175,-1183.274658203125,335.1556701660156,8.000000000000036,6.948843768436356,2.579463588116732
1176,-1186.5059814453125,335.5726013183594,7.999999999999941,18.285136772933633,12.377951229498061
1177,-1189.923583984375,336.0243835449219,8.000000000000004,16.290846450261352,7.947531179895467
1178,-1193.3272705078125,336.4743347167969,8.000000000000037,14.628566898979678,10.969543048658588
1179,-1196.4427490234375,336.88616943359375,8.000000000000115,11.036492654172624,9.459077645187959
1180,-1201.5894775390625,337.545166015625,7.999999999999915,1.7643938902213767,3.075289327783989
1181,-1206.2672119140625,338.1440734863281,8.000000000000016,8.228442853929076,5.083787076820643
1182,-1209.4635009765625,338.56793212890625,8.000000000000021,17.27227462456813,7.8527362046450495
1183,-1212.97705078125,339.0338439941406,7.999999999999958,8.808365415047568,2.0463906108115597
1184,-1216.17333984375,339.4576416015625,8.00000000000009,11.239787137921807,4.520987900321631
1185,-1219.50439453125,339.87677001953125,7.999999999999996,12.405306775178087,4.158564977368968
1186,-1222.8397216796875,340.29638671875,8.000000000000027,7.912273575779356,2.3150171616716433
1187,-1226.1712646484375,340.715576171875,8.000000000000105,12.045374830429912,3.467323648432223
1188,-1229.704833984375,341.18719482421875,7.999999999999898,3.608377987903055,1.82832375285572
1189,-1232.9510498046875,341.6204833984375,7.999999999999984,5.182145924901015,2.5740066581683982
1190,-1236.1795654296875,342.0513916015625,8.000000000000009,9.379361841497412,4.102327473579457
1191,-1239.64599609375,342.50152587890625,7.9999999999999885,6.257972023808226,3.150781244821357
1192,-1242.7999267578125,342.9110412597656,7.999999999999997,12.818908271076644,5.467415539954232
1193,-1245.952880859375,343.3204345703125,8.000000000000078,8.387823558008606,4.025276756365029
1194,-1249.2528076171875,343.77008056640625,8.000000000000007,10.683628179897433,6.08130864297218
1195,-1252.54345703125,344.21844482421875,8.0,4.5840871284973215,7.377777882698808
1196,-1255.8385009765625,344.66741943359375,8.000000000000085,4.5668621986906235,1.4486917044400505
1197,-1259.270263671875,345.1302185058594,7.999999999999915,2.866235229935128,1.1633654822198916
1198,-1262.3984375,345.5520935058594,7.9999999999999885,12.44991952593062,4.368434646041181
1199,-1265.8262939453125,346.0143737792969,7.9999999999999805,12.252263697540739,8.441022777055638
1200,-1269.2608642578125,346.46221923828125,8.000000000000005,8.268826929271214,4.720449686349531
1201,-1272.418701171875,346.87396240234375,7.999999999999905,8.191297074937903,4.172835329248736
1202,-1275.558837890625,347.2834167480469,7.999999999999989,3.5086953045511944,2.0331286216079723
1203,-1279.799072265625,347.852783203125,7.999999999999998,10.83303241267859,3.542401387694458
1204,-1284.0147705078125,348.41888427734375,8.000000000000089,11.098188082725235,6.073873199741164
1205,-1286.021484375,348.6810607910156,7.999999999999964,6.62229751015179,3.383362215678745
1206,-1288.03125,348.94366455078125,8.000000000000037,11.817543031220948,6.910477835081935
1207,-1290.234130859375,349.23150634765625,7.99999999999999,2.09296801272668,5.3530774415593125
1208,-1291.4052734375,349.619873046875,8.000000000000052,12.202359352563445,5.8677488775462745
1209,-1292.5743408203125,350.0075378417969,7.999999999999911,7.532125481493951,5.461181358219044
1210,-1293.859619140625,350.4337463378906,8.000000000000068,6.324573094067365,1.7991485002351058
1211,-1294.1920166015625,351.39898681640625,7.999999999999977,8.239804928943954,3.388809465149011
1212,-1294.5579833984375,352.4612731933594,8.00000000000009,9.751357042953469,2.495356924293662
1213,-1294.921630859375,353.5173034667969,7.999999999999922,6.172972532133175,4.098671583256323
1214,-1294.774169921875,355.15673828125,7.999999999999999,8.702629589760011,1.8132706680876605
1215,-1294.6126708984375,356.9520263671875,8.000000000000023,5.87026770150794,2.584447460422908
1216,-1294.451904296875,358.7381896972656,8.000000000000027,12.89332606919684,4.843110004663637
1217,-1294.2373046875,361.0667419433594,7.999999999999996,10.545741567814689,6.138200253555136
1218,-1294.023193359375,363.3902893066406,7.999999999999941,13.67039972169259,3.2831679870760744
1219,-1293.7880859375,365.9405517578125,8.000000000000018,12.611723405363005,5.7167682901944366
1220,-1293.5167236328125,369.0880126953125,7.999999999999978,5.039980591909903,5.147309338865378
1221,-1293.26953125,371.9544372558594,7.999999999999895,12.710805630578689,9.132092587886055
1222,-1293.022216796875,374.8238525390625,8.000000000000083,12.753766200186089,7.9096799250228065
1223,-1292.35595703125,380.0056457519531,8.000000000000023,7.20918627337117,4.58992302400023
1224,-1291.74560546875,384.7535705566406,8.000000000000004,14.779129515647176,9.671565734189508
1225,-1291.2833251953125,388.0576171875,7.999999999999962,8.687814467181516,6.108896566033478
1226,-1290.821044921875,391.36181640625,7.999999999999964,7.933885426761425,1.176984817326338
1227,-1290.31591796875,394.9726867675781,7.999999999999977,10.666123866616655,7.326407169193184
1228,-1289.9229736328125,398.2120056152344,7.999999999999998,5.003860551687228,7.131922322201523
1229,-1289.49365234375,401.75054931640625,7.9999999999999725,6.548418498759759,3.5192512842499104
1230,-1289.1005859375,404.9914245605469,8.000000000000039,14.80452781559045,8.373208256406025
1231,-1288.712890625,408.51080322265625,8.000000000000083,2.041936613892854,6.804313104714622
1232,-1288.3602294921875,411.71099853515625,8.000000000000016,13.49066459620901,5.24231769979959
1233,-1288.0078125,414.9100036621094,7.999999999999938,9.319785258322188,2.8210798286975547
1234,-1287.64208984375,418.07073974609375,8.000000000000048,5.841271545820726,4.285526151109775
1235,-1287.2406005859375,421.54034423828125,7.999999999999981,10.44355056328002,2.490367899475189
1236,-1286.874267578125,424.70611572265625,7.999999999999964,5.6531420188830035,2.544088601233963
1237,-1286.5443115234375,427.6591796875,7.9999999999999645,7.175388283889856,4.5776424089523555
1238,-1286.1826171875,430.895751953125,8.000000000000028,0.869802897727243,5.433459508654746
1239,-1285.85302734375,433.845458984375,8.000000000000107,8.955470635226652,7.013858804625781
1240,-1285.618896484375,436.28582763671875,7.9999999999999645,6.99327361339755,4.719863548733741
1241,-1285.385009765625,438.7239685058594,8.000000000000048,7.924302460991214,3.7979601823424343
1242,-1285.1279296875,441.404052734375,8.000000000000014,11.760289323090989,8.614280546915369
1243,-1284.8245849609375,443.0103759765625,7.9999999999999405,6.355614758381135,1.3315552370648405
1244,-1284.521240234375,444.61700439453125,8.000000000000018,9.62916218265647,6.749068497529571
1245,-1284.1883544921875,446.3800354003906,8.000000000000007,5.335025548238195,4.5182545292020615
1246,-1283.4691162109375,447.0561828613281,8.0,8.579465982375533,6.424811838241427
1247,-1282.6800537109375,447.79791259765625,7.999999999999985,10.16448226604541,5.636303861950355
1248,-1281.9620361328125,448.47283935546875,8.000000000000016,14.526839430882454,8.609929528665964
1249,-1280.5360107421875,448.5072937011719,8.000000000000027,4.454245384552309,4.533349379650041
1250,-1279.2393798828125,448.53863525390625,8.000000000000075,7.428012118549556,3.18311448731588
1251,-1277.8157958984375,448.5730285644531,7.99999999999996,11.655716723421188,5.709793499715899
1252,-1274.6600341796875,448.3343811035156,7.999999999999936,9.856372445578991,6.31453668680366
1253,-1271.7802734375,448.1166076660156,7.999999999999997,10.033561816393407,2.016392821252824
1254,-1268.9866943359375,447.80621337890625,7.9999999999999964,8.573899159525418,4.497477191096857
1255,-1266.42138671875,447.52117919921875,8.000000000000098,4.543415740090433,4.32437474702544
1256,-1263.8656005859375,447.2371826171875,7.999999999999985,5.067529114210018,2.3755982990016977
1257,-1260.599609375,446.75970458984375,7.999999999999964,7.0619382319029,6.41974852994946
1258,-1257.6229248046875,446.3245544433594,8.000000000000028,6.54145268568758,6.756824501186153
1259,-1254.3475341796875,445.845703125,8.000000000000007,5.154367399437903,3.1586130804451185
1260,-1250.87744140625,445.34136962890625,8.000000000000036,10.73439385153574,6.991842252383309
1261,-1247.7138671875,444.8815612792969,7.999999999999975,2.255121871812016,2.7592125965879633
1262,-1244.2371826171875,444.37628173828125,7.999999999999991,11.940484344371054,6.610883386492349
1263,-1240.97802734375,443.9339904785156,8.000000000000055,11.117987820791093,6.140754843402565
1264,-1237.4039306640625,443.448974609375,7.999999999999965,4.346836053100796,4.163919522553177
1265,-1234.147216796875,443.0070495605469,8.000000000000027,15.047312108274777,10.962536621809072
1266,-1230.9583740234375,442.6260070800781,8.000000000000016,6.150886105324782,9.221076456999244
1267,-1227.461669921875,442.2082214355469,7.9999999999999325,8.230762417213468,6.256690428655222
1268,-1224.271728515625,441.8270568847656,7.999999999999929,14.890770896726506,8.262438657126857
1269,-1221.1033935546875,441.42730712890625,8.000000000000043,4.886773321821279,2.4059089987586297
1270,-1217.6351318359375,440.98974609375,7.999999999999995,13.150952286243431,9.174922428116632
1271,-1214.47802734375,440.5914001464844,7.999999999999993,12.27652354209505,10.988962249998279
1272,-1209.53955078125,439.9296569824219,8.000000000000037,7.525254990894689,5.3991555897028505
1273,-1204.59228515625,439.2667236328125,8.000000000000046,17.494007394157048,11.26606924445775
1274,-1201.1785888671875,438.83367919921875,8.000000000000002,5.571335326210797,2.547586455942037
1275,-1198.07177734375,438.4395446777344,8.000000000000009,2.7540195402894216,2.0396600309979602
1276,-1194.676025390625,438.0087890625,7.999999999999993,10.005087902644197,7.377251387493326
1277,-1191.5596923828125,437.6021423339844,8.00000000000002,4.017153619677521,6.149557056630312
1278,-1188.169677734375,437.1597900390625,8.000000000000064,9.392242338828078,7.007141646783945
1279,-1184.7801513671875,436.7174987792969,7.999999999999969,14.646532104706662,11.459145100423639
1280,-1181.596923828125,436.3039855957031,7.99999999999999,3.4274575955839275,7.09325713708099
1281,-1178.1053466796875,435.8504333496094,8.000000000000039,10.567241666392501,6.676863770636614
1282,-1174.925048828125,435.43731689453125,8.000000000000007,1.3968215548662073,2.2731655638647212
1283,-1171.520263671875,434.9862976074219,7.999999999999976,8.01884608778178,4.758900659287148
1284,-1168.4232177734375,434.5760498046875,8.000000000000036,11.552734493181449,6.414307672740606
1285,-1165.0087890625,434.1237487792969,8.000000000000018,8.359385557257145,1.0173801753097278
1286,-1161.6248779296875,433.6956481933594,8.000000000000032,17.61494631586729,8.419242667845406
1287,-1158.2376708984375,433.2671203613281,8.0,3.4433026777025613,5.181950044164622
1288,-1155.1536865234375,432.8769836425781,7.999999999999977,6.423530429708036,0.6886570687089854
1289,-1150.478759765625,432.26123046875,8.000000000000005,5.388856127673233,1.5159402991249162
1290,-1145.3497314453125,431.5856628417969,7.999999999999952,9.96611404289796,4.718968304363003
1291,-1142.1466064453125,431.1501159667969,7.999999999999988,9.84151241968673,2.208509444939223
1292,-1138.942626953125,430.7144775390625,7.999999999999959,1.2378691279289278,1.7126819446506196
1293,-1135.443603515625,430.23870849609375,8.000000000000057,6.586638604774768,4.316565991375889
1294,-1132.2279052734375,429.8307800292969,8.000000000000096,8.284210691581753,3.6369599018851577
1295,-1129.0345458984375,429.4256896972656,8.000000000000043,8.32622855841876,1.614947698354473
1296,-1125.52734375,428.9808044433594,8.00000000000001,5.971186534468782,6.328222231132672
1297,-1122.3232421875,428.5567932128906,8.000000000000039,8.271272267005664,3.2462649392067737
1298,-1119.12255859375,428.13323974609375,8.000000000000068,8.440089416750942,0.42580884879022357
1299,-1115.600830078125,427.6672058105469,8.000000000000009,12.769556678895146,1.348616943500805
1300,-1112.4842529296875,427.2595520019531,7.999999999999996,14.283587789239565,4.707592702062898
1301,-1109.0638427734375,426.8121643066406,7.999999999999989,3.7987885413032063,3.8978990114102054
1302,-1105.6436767578125,426.3647766113281,8.000000000000085,7.02343403669745,3.7453809607968287
1303,-1102.26171875,425.92120361328125,7.999999999999978,9.476482457257688,4.426901285984163
1304,-1098.886962890625,425.4785461425781,8.000000000000023,2.313032954128663,4.138522800395373
1305,-1095.798828125,425.073486328125,7.999999999999961,6.398919526365994,4.243147932862594
1306,-1092.4891357421875,424.6211242675781,8.00000000000008,3.1482287249255685,5.72035992943506
1307,-1089.1669921875,424.1670837402344,7.999999999999923,5.725013523744348,4.221930719413112
1308,-1085.862060546875,423.7153625488281,7.999999999999976,10.476237608889605,7.881662424054259
1309,-1081.0892333984375,423.0723571777344,7.999999999999989,8.548503779158033,3.4185088533370207
1310,-1075.864013671875,422.368408203125,7.999999999999899,17.509866678336717,12.151417799809522
1311,-1072.665283203125,421.98699951171875,8.000000000000009,9.45952430289222,4.967805961024742
1312,-1069.47265625,421.6062927246094,7.999999999999985,5.503452240420309,2.7304781837191263
1313,-1065.9681396484375,421.18841552734375,8.000000000000002,4.861501752696142,2.7916499752404467
1314,-1062.4818115234375,420.75830078125,7.999999999999958,10.513378648213934,5.456328087400999
1315,-1059.3055419921875,420.36639404296875,7.99999999999992,4.618830279778069,0.7899877698961142
1316,-1056.133544921875,419.97503662109375,8.00000000000006,3.70451643963955,4.865395632873459
1317,-1052.8023681640625,419.5030517578125,8.000000000000009,11.175082872619035,3.5598543031587817
1318,-1049.485595703125,419.0330810546875,7.999999999999944,11.38793171937467,1.569010835597403
1319,-1046.156005859375,418.561279296875,7.9999999999999645,9.648200043756304,4.455493856701621
1320,-1042.6112060546875,418.08026123046875,8.000000000000032,12.195655818532348,3.9201687554257623
1321,-1039.3802490234375,417.641845703125,8.000000000000014,4.194232606447654,2.662265305629769
1322,-1036.147705078125,417.20318603515625,8.000000000000016,9.83771571541962,3.9650247208396174
1323,-1032.6400146484375,416.74151611328125,7.999999999999944,11.219571946332405,1.446910217664494
1324,-1029.447998046875,416.3214111328125,7.999999999999955,6.889089902086586,4.144905768329832
1325,-1026.2518310546875,415.9007568359375,7.999999999999972,10.40729540311459,2.1748216120485746
1326,-1021.3148193359375,415.3077697753906,8.000000000000043,2.392996169956592,0.9891124460376253
1327,-1016.4274291992188,414.72076416015625,7.999999999999958,4.720689987101993,3.6236620292098447
1328,-1013.157958984375,414.3091125488281,8.000000000000007,9.655623119193828,5.218830005594989
1329,-1009.8880615234375,413.8974304199219,8.000000000000009,4.623849542141513,1.1062423207567407
1330,-1006.6132202148438,413.485107421875,8.000000000000016,8.59954535252333,2.556952778190217
1331,-1003.1040649414062,413.0079650878906,7.999999999999981,8.488163004807323,2.9263538626605716
1332,-999.9043579101562,412.5728759765625,8.00000000000001,13.06409028277684,6.490316208594141
1333,-996.7071533203125,412.1381530761719,7.999999999999976,10.697254297956718,8.021929601300332
1334,-993.2549438476562,411.6749572753906,8.000000000000016,1.7716299512932483,3.5763003250972973
1335,-989.8049926757812,411.2120666503906,7.999999999999961,8.348861401445246,6.25460928349377
1336,-986.6682739257812,410.79119873046875,8.000000000000023,8.67187543199942,4.302118247754875
1337,-983.2269897460938,410.33233642578125,8.000000000000002,10.806490934497962,6.3754609072982005
1338,-980.0945434570312,409.9146728515625,7.999999999999979,11.728624105785574,7.667424536637477
1339,-976.6498413085938,409.4553527832031,8.000000000000021,2.4388305819942895,2.0704913880778366
1340,-973.2445068359375,408.9999694824219,7.999999999999986,5.120072923305601,4.683715810867473
1341,-969.8408813476562,408.5448303222656,7.999999999999974,10.528157812121819,6.175345040867414
1342,-966.7437133789062,408.1306457519531,8.000000000000016,5.990988030441303,0.9054824789387164
1343,-963.4463500976562,407.7230529785156,7.9999999999999885,9.350959260674239,7.181744395077712
1344,-960.1469116210938,407.315185546875,8.000000000000016,8.060281498678965,2.1430701125176577
1345,-956.837646484375,406.9061279296875,8.000000000000036,9.787618760143049,3.1394873862540655
1346,-953.3284301757812,406.45703125,7.999999999999981,9.602889864311777,6.082039472602573
1347,-950.125244140625,406.047119140625,7.999999999999992,4.9849580488968925,1.9473297898674358
1348,-946.9213256835938,405.6370849609375,8.000000000000005,8.124645015637096,1.3831673334576389
1349,-943.7275390625,405.22393798828125,8.000000000000025,12.27991161048491,3.3103500410377267
1350,-940.5319213867188,404.8105163574219,8.000000000000023,2.5961420120152257,3.3769275808829917
1351,-937.0254516601562,404.35693359375,8.000000000000005,4.754733339280528,2.927618679263486
1352,-932.3201293945312,403.71514892578125,8.00000000000001,6.949412767211762,8.251260879474774
1353,-927.1499633789062,403.00994873046875,8.000000000000053,5.249185848828466,1.5528112476441325
1354,-923.739990234375,402.5481872558594,8.000000000000002,11.10861009081744,6.0836922968868645
1355,-920.6265869140625,402.1265869140625,8.000000000000007,4.529622999724223,2.168260477388086
1356,-917.2030029296875,401.6629943847656,7.999999999999986,14.458285106671747,8.772153533941422
1357,-913.8905639648438,401.2630310058594,7.999999999999992,7.890732133546443,5.911059605214293
1358,-910.5665893554688,400.8616943359375,8.000000000000032,5.398331734274016,4.551163374938963
1359,-907.245849609375,400.4607238769531,8.000000000000014,13.446775090482562,11.75630618823749
1360,-904.0799560546875,400.03656005859375,8.000000000000009,8.366860506257995,8.706789228835218
1361,-900.613037109375,399.5720520019531,7.999999999999979,13.684737454728019,8.587306963642021
1362,-897.4418334960938,399.14715576171875,8.000000000000043,12.068395686183717,8.354664538025357
1363,-894.0945434570312,398.6815490722656,8.000000000000009,9.777155690560171,2.5966513606359505
1364,-891.0423583984375,398.2569580078125,8.00000000000003,11.511571521136297,5.4392404395698595
1365,-887.6787109375,397.7890625,7.9999999999999964,9.665836460135726,1.752126680078961
1366,-884.1258544921875,397.3123474121094,7.999999999999974,8.780159178756113,7.113205692250282
1367,-880.8818359375,396.8771057128906,7.999999999999979,12.406026095195806,7.7213009856849455
1368,-877.639892578125,396.4421081542969,7.999999999999992,5.881951334918747,2.726226384915696
1369,-872.3914184570312,395.774169921875,8.000000000000028,7.2881718045491874,4.340824335416082
1370,-867.58056640625,395.16192626953125,8.000000000000028,7.4469897322019545,3.626268896970359
1371,-864.1651611328125,394.74017333984375,7.9999999999999485,8.96610675986159,8.389002670675826
1372,-860.7714233398438,394.32110595703125,8.000000000000025,12.300660488163382,5.0270364992764485
1373,-857.6642456054688,393.9374084472656,7.999999999999975,5.289441567466718,2.1586399786258585
1374,-854.2758178710938,393.5091857910156,7.999999999999989,6.376055707263567,2.730536329916136
1375,-851.1847534179688,393.1185302734375,8.000000000000012,10.728883298474562,1.1739446265632087
1376,-847.7990112304688,392.6906433105469,7.99999999999998,5.149669324023448,3.8900851029248877
1377,-844.6099853515625,392.2561340332031,8.000000000000002,12.054539348944422,5.758585895397899
1378,-841.4107055664062,391.8201904296875,8.000000000000002,7.89538391289725,3.5802472793108806
1379,-837.913330078125,391.3436584472656,8.000000000000002,9.767499014906495,7.379661873317716
1380,-834.5903930664062,390.89044189453125,8.000000000000032,8.901349054591154,2.948902646865345
1381,-831.27392578125,390.4381103515625,7.999999999999985,1.9443739739323052,2.264885132113182
1382,-827.9561767578125,389.9855651855469,8.000000000000043,5.978926592475342,4.192326120032811
1383,-824.46337890625,389.54901123046875,8.000000000000032,4.870084678705096,2.213763587523322
1384,-821.27099609375,389.14996337890625,8.000000000000034,5.180982368894355,3.260870084742016
1385,-818.0704956054688,388.74993896484375,8.000000000000012,4.605702465054673,1.5071404903977383
1386,-813.112548828125,388.1549987792969,8.000000000000036,11.807027427862282,7.696949181867627
1387,-808.1439819335938,387.5588073730469,8.00000000000004,7.2389802642176955,1.7281714859210635
1388,-804.7203369140625,387.0923156738281,8.00000000000003,12.038431495929846,5.093959440290933
1389,-801.5980834960938,386.6669006347656,8.000000000000004,1.8850585149087056,3.15368041651987
1390,-798.1765747070312,386.2007141113281,7.9999999999999805,6.835399347648337,3.6718387968480184
1391,-794.963134765625,385.7475891113281,8.00000000000002,6.837289557942989,1.0284838157027718
1392,-791.73876953125,385.29290771484375,8.000000000000005,1.55503024613506,0.8999107953449355
1393,-788.2296142578125,384.798095703125,7.999999999999992,9.980129939830592,2.8902226743179003
1394,-785.1560668945312,384.3836669921875,7.999999999999994,7.943281081868776,6.126355683590193
1395,-781.7761840820312,383.92791748046875,7.99999999999999,8.073370181645215,2.9109605639371234
1396,-778.4052124023438,383.473388671875,7.9999999999999725,15.330485707184316,9.069527910405922
1397,-775.2340087890625,383.0641784667969,7.99999999999999,4.991379335611951,4.456027073286587
1398,-772.06494140625,382.6552429199219,8.00000000000003,9.612850865524795,2.759233377680518
1399,-768.5706176757812,382.204345703125,7.999999999999989,10.937702662940493,3.877889694933704
1400,-765.1620483398438,381.7843017578125,7.999999999999975,10.884770836923865,9.616038228067797
1401,-762.0482788085938,381.40057373046875,7.999999999999977,8.416841028708212,8.427415331418661
1402,-758.6338500976562,380.9798278808594,7.999999999999986,4.510106742620373,4.581117645531212
1403,-753.8468017578125,380.3721923828125,8.000000000000016,9.6321154684587,8.012699624431782
1404,-748.6358642578125,379.7107849121094,8.000000000000053,6.922735630638136,5.1306537663939045
1405,-745.43212890625,379.2643737792969,7.999999999999992,4.5013585441701025,1.3488304306223784
1406,-742.2354736328125,378.8189392089844,8.000000000000007,8.333724139209055,5.039114468790772
1407,-738.729736328125,378.3304138183594,8.000000000000034,5.448248858002461,6.084284737032057
1408,-735.4362182617188,377.90020751953125,8.000000000000048,8.296284873049453,2.994251644971501
1409,-732.1383666992188,377.46942138671875,7.999999999999992,14.619599748586642,8.542134531227843
1410,-728.8440551757812,377.03912353515625,8.000000000000016,4.461765009209927,6.71977835543641
1411,-725.7504272460938,376.627197265625,8.000000000000012,8.49192015338707,5.128995469705335
1412,-722.3701171875,376.1770935058594,7.999999999999949,5.4963104002681975,5.797060264662749
1413,-718.9788208007812,375.7255554199219,8.000000000000018,4.178021291485834,1.096839406126776
1414,-715.77197265625,375.2836608886719,8.00000000000002,8.9880437363664,4.023279493085709
1415,-712.5533447265625,374.84014892578125,8.000000000000002,7.754496025169243,5.883465957317481
1416,-709.0420532226562,374.3563232421875,8.000000000000014,8.66493183586838,2.737045556853278
1417,-705.8125,373.93560791015625,7.9999999999999645,7.729870651688666,3.4395817582859505
1418,-702.282470703125,373.4757385253906,8.000000000000014,5.022886955863218,3.0646923792652787
1419,-699.0440673828125,373.0538635253906,8.000000000000007,7.013963206294871,1.8938813680247697
1420,-695.527587890625,372.6406555175781,7.9999999999999645,9.531277177969299,9.484522540331016
1421,-692.3087158203125,372.2624206542969,8.000000000000009,13.320606465640717,5.556071745072264
1422,-689.0971069335938,371.885009765625,8.000000000000004,12.608113980964252,6.18170167492073
1423,-685.9144287109375,371.4971618652344,7.999999999999996,6.05250273703199,1.9517585478111035
1424,-682.7325439453125,371.109375,8.000000000000057,8.369254792056797,6.379547538046543
1425,-679.2318725585938,370.6827697753906,8.00000000000002,10.545417028823099,3.558358741081128
1426,-676.1434936523438,370.2689208984375,7.999999999999956,4.1499143354101475,1.9169144393615496
1427,-672.7413940429688,369.8130187988281,8.000000000000002,7.558029374102388,5.064736561819288
1428,-669.34619140625,369.3580627441406,7.99999999999997,4.586247095875101,1.2408197073002027
1429,-664.3824462890625,368.67340087890625,8.000000000000004,7.083864180252767,2.074877812948882
1430,-659.419677734375,367.98883056640625,7.999999999999981,10.640771316449758,5.883703810283938
1431,-656.0038452148438,367.5061950683594,7.999999999999998,4.933017466471053,4.086986004345472
1432,-652.8921508789062,367.0664978027344,8.00000000000001,9.06944244551633,3.618065520603605
1433,-649.4931030273438,366.5862121582031,7.999999999999978,11.23579147970513,4.961156518580738
1434,-646.353515625,366.170654296875,7.999999999999967,5.383399887729706,2.7839735851985994
1435,-642.9132080078125,365.7153015136719,7.9999999999999964,11.942340243760666,4.3332950209054335
1436,-639.4849243164062,365.2615051269531,7.999999999999983,8.344304105501381,3.4198734732350253
1437,-636.2691650390625,364.89727783203125,7.999999999999983,4.460961215800463,0.6235747216501304
1438,-633.0484008789062,364.532470703125,8.000000000000023,9.305534687157717,2.0337207368473535
1439,-629.558349609375,364.1371765136719,8.000000000000014,7.550078058394373,4.664569175557761
1440,-626.4474487304688,363.7401123046875,7.99999999999998,9.693347431293104,6.567686968783341
1441,-623.0730590820312,363.30938720703125,7.999999999999982,12.174447463108201,7.418882632596471
1442,-619.7033081054688,362.8792724609375,7.999999999999966,10.442815107785092,0.9116022019147643
1443,-616.5056762695312,362.42291259765625,7.999999999999974,13.306919017160117,4.398145151840224
1444,-612.9962158203125,361.92205810546875,7.9999999999999964,5.241501305605631,3.8171506877255017
1445,-609.7972412109375,361.46551513671875,7.999999999999973,3.240714366443004,2.329960637835803
1446,-604.5910034179688,360.7605285644531,7.99999999999999,4.77157143143736,1.752255851634671
1447,-599.8502807617188,360.1185607910156,7.999999999999973,4.749635171839811,0.8078153296823212
1448,-596.4432373046875,359.667236328125,8.000000000000027,7.874677594951569,1.938832723774882
1449,-593.3433837890625,359.2566223144531,8.000000000000021,11.737891234362612,4.482025831258157
1450,-589.9339599609375,358.80499267578125,8.000000000000023,2.2831319540073496,3.296561381177064
1451,-586.541015625,358.3880920410156,8.00000000000001,8.613502033857527,5.2510341601576505
1452,-583.1549682617188,357.9720458984375,7.999999999999994,3.9774183825854625,4.1961876820557045
1453,-580.0584716796875,357.59161376953125,8.00000000000002,6.197854275057146,3.4008513532345326
1454,-576.6447143554688,357.1581115722656,7.999999999999975,15.449135563966442,8.45666796700197
1455,-573.250732421875,356.72711181640625,7.9999999999999964,8.222539395297114,6.11423980560661
1456,-570.1524047851562,356.33367919921875,7.999999999999985,10.589457799308269,6.638360231945865
1457,-566.9794921875,355.89910888671875,8.000000000000018,9.020179829711285,6.691433562789754
1458,-563.8077392578125,355.4647216796875,8.00000000000003,5.981343451819851,3.882325977607629
1459,-560.3177490234375,354.9867248535156,8.000000000000005,10.682422112417719,3.1031907045355864
1460,-556.9105834960938,354.5425720214844,7.99999999999997,6.2825791322129145,2.7009680039059685
1461,-553.8125610351562,354.13873291015625,7.9999999999999725,2.8183274726621805,0.2232349575637486
1462,-550.4116821289062,353.6954040527344,7.999999999999967,6.728840626935631,4.16726783831264
1463,-547.1904907226562,353.2681884765625,8.000000000000021,3.8888640086848962,5.02192780739393
1464,-543.9683227539062,352.8408203125,8.0,8.843623489394986,4.047776413186598
1465,-540.4238891601562,352.3707275390625,8.000000000000025,10.793203514459355,6.864371363522427
1466,-535.4121704101562,351.7171630859375,7.9999999999999805,5.512982952175552,1.2970110110262973
1467,-530.4360961914062,351.0682678222656,8.000000000000046,4.415163411884964,2.2711998623160214
1468,-527.5535888671875,350.73077392578125,8.000000000000036,7.63109363550753,4.892553450851506
1469,-524.3851318359375,350.3597717285156,7.999999999999982,0.811668917748207,2.9750314971564777
1470,-521.2141723632812,349.98846435546875,7.999999999999975,7.160507753602551,3.801405837837571
1471,-518.6050415039062,349.6830749511719,8.000000000000012,4.523302048732992,3.0447460512852453
1472,-516.001708984375,349.37835693359375,7.999999999999985,3.48430127174909,0.4085411390291513
1473,-513.6058959960938,349.0979309082031,7.99999999999999,7.89859102710249,4.255671069065772
1474,-511.9492492675781,348.96221923828125,7.999999999999994,4.848784007858459,5.378045768950057
1475,-510.12432861328125,348.812744140625,7.999999999999983,7.496450343652839,3.795534904566634
1476,-508.3056335449219,348.6637878417969,8.000000000000009,8.103415698094796,2.668398312361498
1477,-507.2699890136719,349.041259765625,7.999999999999993,9.472415530203836,3.3975230038887254
1478,-506.23565673828125,349.41827392578125,7.999999999999988,6.782705634206097,5.180960831874353
1479,-505.0989074707031,349.8326416015625,8.000000000000012,5.7379595914372405,1.6597022193052358
1480,-504.5246887207031,351.42926025390625,7.999999999999967,13.784185753347026,6.396056827568711
1481,-503.8938293457031,353.183349609375,7.9999999999999725,6.886615973988797,5.4368393370935655
1482,-503.6318664550781,354.99774169921875,8.00000000000001,2.48405944946525,3.9250619487919236
1483,-503.3445739746094,356.9874267578125,8.000000000000014,8.482583267361658,5.1781470207363105
1484,-503.0564270019531,358.98309326171875,7.999999999999983,9.07655061068481,8.718366216098989
1485,-502.6187744140625,361.8926696777344,7.999999999999967,13.597655789772,8.438031651659317
1486,-502.2197570800781,364.5455322265625,8.000000000000002,14.477701905446002,11.45022821242724
1487,-501.8207092285156,367.198486328125,7.999999999999979,7.823981044910791,1.4863777628566492
1488,-501.44525146484375,370.26788330078125,8.000000000000002,17.071104797536073,4.524522838935789
1489,-501.0693359375,373.341064453125,7.999999999999978,1.3353295141823875,1.0309762198442156
1490,-500.656494140625,376.7162780761719,7.999999999999998,5.461320852449171,6.01078161703916
1491,-500.3695068359375,379.87335205078125,7.9999999999999964,8.549338295250758,6.202049145033632
1492,-500.0547180175781,383.336181640625,8.000000000000004,3.3829384824637754,1.948259638466753
1493,-499.76800537109375,386.4901428222656,8.000000000000021,12.200310448645482,8.3067935272072
1494,-499.4681701660156,389.6722412109375,8.000000000000016,11.078862534420555,5.174177281142822
1495,-499.168212890625,392.85552978515625,7.999999999999982,10.265610543595402,5.688904016258127
1496,-498.8386535644531,396.3530578613281,7.9999999999999964,6.870515305981621,1.5111469005348583
1497,-498.4209289550781,399.7318420410156,7.999999999999997,1.2363367524832827,0.6328344061674399
1498,-498.0408935546875,402.80560302734375,7.999999999999984,2.6333691867323377,1.543245012262539
1499,-497.6233825683594,406.18255615234375,7.999999999999995,9.47503045728366,5.2807290568688625
1500,-497.2271423339844,409.3678283691406,7.99999999999998,4.509645291297041,3.300353330603966
1501,-496.79486083984375,412.8431396484375,7.999999999999992,7.934693107065616,1.9889551205373293
1502,-496.39788818359375,416.0343322753906,7.999999999999993,12.398922554725964,8.597662343157802
1503,-495.8108825683594,420.8694763183594,7.999999999999971,8.53482639288579,5.515428257684033
1504,-495.22344970703125,425.7080078125,8.000000000000014,15.251380631983913,10.00052847555459
1505,-494.86932373046875,428.6814270019531,7.99999999999999,9.138135985633383,4.43364332450761
1506,-494.54608154296875,431.3954162597656,8.000000000000004,11.147719905232956,5.036533028114209
1507,-494.1919860839844,434.36865234375,8.000000000000018,9.422190065526925,2.073647467108808
1508,-493.9743347167969,436.5247802734375,8.000000000000021,7.548519938113428,5.01289885893762
1509,-493.73553466796875,438.8905029296875,7.9999999999999964,14.073235534344512,1.3815415476552189
1510,-493.4975280761719,441.2481994628906,8.000000000000027,14.634471569686045,7.709055927303113
1511,-493.5469665527344,442.631103515625,7.9999999999999885,9.143200026020878,5.079272998838628
1512,-493.60125732421875,444.1502990722656,8.000000000000007,11.01354045014931,3.663547363879363
1513,-493.6507263183594,445.53399658203125,8.000000000000007,5.81476560719784,4.469537947285807
1514,-494.3319091796875,446.0987243652344,8.000000000000028,7.626628788366118,6.399887694533202
1515,-495.0782775878906,446.7174987792969,7.999999999999978,12.72237449178961,9.201138917001167
1516,-495.82598876953125,447.3373718261719,7.999999999999994,10.258057560321351,4.218730970622343
1517,-497.48919677734375,447.6684265136719,8.000000000000012,11.78849619933731,5.775122810545854
1518,-499.0064697265625,447.970458984375,8.000000000000021,7.890749640530828,7.280386283225092
1519,-500.5237121582031,448.2724609375,7.999999999999974,3.4260301524012107,2.277492046639683
1520,-502.90802001953125,448.7227783203125,7.99999999999999,12.003563572090085,7.1751226807330895
1521,-505.0904846191406,449.135009765625,8.000000000000007,4.235896680049338,5.690072540317885
1522,-507.4784240722656,449.5860290527344,8.000000000000037,18.13859414336812,9.786172481407359
1523,-511.6558532714844,450.3094787597656,8.0,14.256863807704809,9.858896966055736
1524,-516.2202758789062,451.0999755859375,7.999999999999988,7.095641633084147,6.831429904342661
1525,-519.61376953125,451.49737548828125,7.999999999999999,16.40432344750833,11.231798178270202
1526,-522.7125244140625,451.86029052734375,7.999999999999981,6.487238169129098,8.599707513927603
1527,-526.10595703125,452.2576904296875,7.99999999999997,11.474484289258582,9.934814008078538
1528,-529.2655029296875,452.56097412109375,8.000000000000007,13.737364356047705,9.003961953096345
1529,-532.7318725585938,452.8936767578125,8.000000000000005,7.650039656096974,6.197793652019276
1530,-536.1959228515625,453.2261657714844,8.000000000000053,5.7064137187528,2.3861241304258836
1531,-539.4191284179688,453.57464599609375,8.000000000000023,9.636563581068655,7.495155172841989
1532,-542.638916015625,453.9227294921875,8.000000000000032,5.7214766969497095,1.439692944731559
1533,-546.1837158203125,454.30596923828125,8.000000000000018,11.942095572229976,3.2006258759288357
1534,-549.5901489257812,454.7232360839844,8.000000000000016,1.1060805199166384,2.851422974034031
1535,-552.6871948242188,455.1025695800781,7.999999999999976,5.434233883917655,0.5173516299743005
1536,-556.0897827148438,455.51934814453125,7.999999999999959,6.057890623493253,4.425794444965144
1537,-559.1427612304688,455.9479675292969,8.0,2.488323619278197,2.6597219189963273
1538,-562.493896484375,456.4184265136719,8.00000000000002,15.648696052784715,5.9306084926124285
1539,-565.8427124023438,456.8885803222656,7.999999999999998,6.4027593573346495,3.3279141921228863
1540,-570.929443359375,457.59332275390625,7.999999999999969,11.335965685773232,5.877596035015291
1541,-575.5650024414062,458.2355651855469,8.000000000000028,5.158599531074998,3.9859702899620437
1542,-578.7452392578125,458.6805419921875,7.999999999999961,2.663879143510261,3.5978373323785258
1543,-582.24169921875,459.1697692871094,8.000000000000043,6.282036369417949,3.3191845116638206
1544,-585.4302368164062,459.61590576171875,8.000000000000018,3.428928254818053,1.0924293514973342
1545,-588.868896484375,460.0687561035156,7.999999999999997,4.553357715904681,3.654120597609328
1546,-592.0352172851562,460.4857177734375,7.999999999999964,12.66737365809963,4.1294274068901515
1547,-595.4895629882812,460.94061279296875,8.000000000000007,6.717895061136687,0.6755179246357247
1548,-598.8135375976562,461.368408203125,8.000000000000028,7.717090546309237,3.211730765792549
1549,-602.1309204101562,461.79534912109375,7.999999999999979,6.5414698621167675,4.255106996448637
1550,-605.4365234375,462.2207946777344,8.000000000000007,0.7654911722269718,3.5891555239529964
1551,-608.6317749023438,462.6282043457031,7.999999999999954,8.316694650010135,2.7694153662260343
1552,-612.1229858398438,463.0733642578125,7.999999999999948,13.255345124955472,8.325474987366418
1553,-615.3017578125,463.47869873046875,7.999999999999984,6.071823695519334,3.4980659735939406
1554,-618.4952392578125,463.9070739746094,7.99999999999999,5.498707606673068,7.894356231835137
1555,-621.6919555664062,464.33587646484375,7.999999999999966,6.201934362452074,7.721741128148551
1556,-625.17724609375,464.80340576171875,8.000000000000009,18.11018870587224,9.006245545304514
1557,-629.945556640625,465.457763671875,8.000000000000023,9.412597848201877,3.5211898936587844
1558,-635.15478515625,466.1726379394531,8.0,7.806161376478787,6.1234252348119
1559,-638.629150390625,466.64849853515625,8.000000000000028,5.145862926280703,7.318732685896581
1560,-641.80908203125,467.0840148925781,7.999999999999994,0.96713578083205,4.439997066583959
1561,-644.9894409179688,467.51959228515625,8.000000000000002,18.372423491917875,8.090123838803047
1562,-648.2939453125,467.96429443359375,8.000000000000004,5.215365527066612,0.7249695796431918
1563,-651.608154296875,468.4103088378906,7.999999999999994,5.551349829979577,3.9186583185042236
1564,-654.9159545898438,468.8554382324219,7.99999999999995,9.744709294589633,2.208224413959946
1565,-658.3579711914062,469.2770080566406,8.000000000000021,13.274502864871204,9.040622544669459
1566,-661.778076171875,469.6958923339844,7.999999999999979,6.389296860083323,3.4798321693008125
1567,-664.9139404296875,470.0799560546875,7.9999999999999885,15.966789582743715,3.451183249989682
1568,-668.0928955078125,470.46136474609375,7.999999999999943,5.087790416821667,4.647284688972207
1569,-671.5755615234375,470.87921142578125,8.000000000000032,4.057017394835917,3.0630989475833794
1570,-674.7485961914062,471.2599182128906,7.999999999999966,9.521752660835215,8.199845991318425
1571,-677.9260864257812,471.64837646484375,7.9999999999999725,6.075418396756729,8.113543020423306
1572,-681.4119262695312,472.0744934082031,8.000000000000004,13.406588074289749,2.5536130454226584
1573,-684.5831909179688,472.4621887207031,8.000000000000032,10.137543016568006,5.68103172664361
1574,-688.1329345703125,472.9537048339844,7.999999999999963,5.48385085144351,2.553438537722855
1575,-691.3812255859375,473.40350341796875,7.9999999999999885,9.681775706868526,2.555885133375907
1576,-694.6322631835938,473.8536682128906,8.000000000000005,1.6360542014017707,3.0272379445998427
1577,-697.9788208007812,474.3583679199219,8.00000000000004,9.976089277793351,6.925584461376922
1578,-701.3262329101562,474.8631896972656,7.9999999999999885,10.697906031348122,6.841395046765232
1579,-704.671142578125,475.36761474609375,8.0,1.1760302090758954,4.470309355261169
1580,-708.0817260742188,475.86968994140625,7.999999999999995,8.544852003629302,5.56648642373488
1581,-711.4822387695312,476.37030029296875,8.00000000000001,9.477062893382694,10.95782744584131
1582,-714.5772705078125,476.8258972167969,7.999999999999989,3.4405944487268156,2.4055836797297006
1583,-719.4871215820312,477.40570068359375,7.999999999999984,10.808294991278556,8.064264888418942
1584,-724.3812255859375,477.983642578125,7.9999999999999885,5.25082400822041,4.291022076404394
1585,-727.551025390625,478.3248291015625,8.000000000000046,7.873731658849159,3.1985943475152676
1586,-731.035400390625,478.6999206542969,8.000000000000016,5.263321397044189,4.624131089662314
1587,-734.2056274414062,479.0411682128906,7.999999999999975,3.040292214196695,4.623579934612681
1588,-737.4244384765625,479.4397888183594,7.999999999999991,9.247687760453127,4.637228358479677
1589,-740.645751953125,479.8387145996094,8.000000000000012,7.0798985886665715,4.5589369781124836
1590,-744.1832275390625,480.2768249511719,7.999999999999953,9.954607570372508,6.021218501558607
1591,-747.60693359375,480.763427734375,7.999999999999964,15.762612334285226,9.395086538713166
1592,-750.7288818359375,481.2071533203125,8.000000000000007,2.93217200153072,6.792880501374072
1593,-754.1301879882812,481.6905822753906,7.9999999999999805,10.288802598561407,9.320501201099146
1594,-757.329833984375,482.106201171875,7.999999999999943,10.175763291619502,9.28805810171943
1595,-760.8058471679688,482.5577392578125,8.000000000000057,7.469976888275603,9.21005080071751
1596,-763.9852294921875,482.9707336425781,8.0,11.229217694840008,7.023153259057309
1597,-767.3713989257812,483.3948669433594,7.999999999999998,4.2894303892780385,4.938021048760856
1598,-770.4658203125,483.7824401855469,7.999999999999969,9.792027587042925,7.423550685206079
1599,-773.8504638671875,484.2063903808594,8.00000000000004,12.085196005952934,8.517607171670205
1600,-777.1756591796875,484.6408996582031,8.000000000000036,10.798508749297845,3.1560111026243782
1601,-780.5014038085938,485.0754699707031,8.000000000000012,12.779441102049342,4.378653619937202
1602,-783.81787109375,485.5088195800781,7.999999999999976,10.48457607500721,7.2552396201561145
1603,-788.5977172851562,486.1773376464844,8.000000000000023,8.437192724292977,4.405253389364063
1604,-793.8464965820312,486.91143798828125,7.999999999999995,11.922847614542324,4.456547847564156
1605,-797.0420532226562,487.3603210449219,8.000000000000014,9.249775778553442,6.79425304363481
1606,-800.533447265625,487.85076904296875,7.9999999999999885,9.08157056337364,1.9118069449998945
1607,-803.7526245117188,488.3029479980469,8.000000000000023,8.02068834114412,7.359251817302027
1608,-807.060546875,488.71142578125,7.999999999999993,17.369509714620722,10.719629988618037
1609,-810.3692016601562,489.1199951171875,7.999999999999978,10.660975604939324,6.23173227360853
1610,-813.6688842773438,489.5274658203125,7.999999999999993,9.235085056701504,10.182050181418234
1611,-816.9529418945312,489.9350891113281,7.999999999999986,11.690572016530487,6.953921862611922
1612,-820.2434692382812,490.343505859375,7.999999999999997,6.763513853753601,3.2103025204172817
1613,-823.5341796875,490.7519836425781,7.999999999999993,10.08282788469433,6.399019725230756
1614,-826.7283325195312,491.1368408203125,7.9999999999999964,12.553125973949058,6.936079115562149
1615,-829.9218139648438,491.5216064453125,7.999999999999962,7.385094235041914,5.58629552562464
1616,-833.4198608398438,491.9430847167969,7.999999999999971,13.323409279202835,10.094880103543067
1617,-836.8294067382812,492.3990478515625,7.999999999999998,9.7140491662602,6.222237084944913
1618,-839.9287109375,492.8135070800781,7.999999999999958,9.402541898266723,8.581666519827563
1619,-843.325927734375,493.2677917480469,7.99999999999998,3.0318336270613573,4.90924619231623
1620,-846.844482421875,493.78204345703125,7.999999999999996,11.02830048103039,4.624740791165358
1621,-850.0880126953125,494.256103515625,8.000000000000039,9.916383954717856,5.892559964146001
1622,-853.3035278320312,494.72607421875,7.999999999999972,11.25216337188653,0.5866137996440466
1623,-858.532470703125,495.38262939453125,7.999999999999987,8.48274170647861,4.388078346509901
1624,-863.3219604492188,495.9839782714844,8.000000000000002,10.153605181900746,2.840945041609191
1625,-866.7154541015625,496.4111022949219,8.000000000000021,9.666516485137162,5.1402769499934005
1626,-869.8218994140625,496.80206298828125,8.000000000000005,12.059456783907581,4.245209946835451
1627,-873.2280883789062,497.23077392578125,7.999999999999973,13.53148230814126,5.948007882438162
1628,-876.3859252929688,497.6547546386719,7.999999999999945,9.889628007405687,0.30339416009012665
1629,-879.8495483398438,498.1197814941406,8.00000000000001,12.068479199554693,7.076922626993418
1630,-883.0116577148438,498.5443420410156,8.00000000000001,13.383402780763971,2.101987662791049
1631,-886.3829956054688,498.9841003417969,7.999999999999998,9.698598923362672,6.131252010711628
1632,-889.4530639648438,499.3845520019531,8.00000000000003,11.301176585921374,5.3178264709567555
1633,-892.8258056640625,499.82452392578125,8.000000000000043,10.888314209311185,1.3100877976121603
1634,-896.0244140625,500.2378845214844,8.00000000000001,14.489271144811958,8.362985441142657
1635,-899.227294921875,500.6517639160156,7.999999999999989,8.69649303696124,6.81136440795602
1636,-902.73193359375,501.10467529296875,8.000000000000025,8.964462721171772,7.490597988451662
1637,-906.0712890625,501.520263671875,8.000000000000032,8.549538914652487,7.209049965907072
1638,-909.4171142578125,501.9366455078125,7.999999999999986,7.657314512878596,3.7877858341273867
1639,-912.7503662109375,502.3514709472656,8.000000000000025,12.552554081516362,11.038442440565078
1640,-917.7728271484375,502.991943359375,7.999999999999992,8.182052148681004,8.507888342002197
1641,-922.7892456054688,503.63165283203125,8.000000000000053,13.993196547322315,12.543084071036715
1642,-926.1004638671875,504.09161376953125,7.999999999999988,11.509947352331679,12.818574838340133
1643,-929.4110717773438,504.551513671875,7.999999999999991,12.96463053508734,7.329776219239881
1644,-932.7259521484375,505.0119934082031,7.99999999999999,10.166261420681856,7.31816879367398
1645,-935.8081665039062,505.4467468261719,7.999999999999948,14.915622685182946,5.3536782298293275
1646,-939.2006225585938,505.92523193359375,8.000000000000005,8.651850986657164,6.171486299458212
1647,-942.5912475585938,506.40350341796875,8.000000000000014,14.583937262748536,6.178657817597161
1648,-945.9857788085938,506.8650817871094,7.999999999999974,14.863659130811886,10.623319511365713
1649,-949.1009521484375,507.28863525390625,8.000000000000028,8.422917069995842,7.020050560322207
1650,-952.497314453125,507.7504577636719,7.999999999999939,10.903139681628888,8.844510387204068
1651,-955.6939697265625,508.1671447753906,7.999999999999998,9.752837627891596,3.070868926581871
1652,-958.8901977539062,508.58380126953125,8.000000000000028,11.089340305523761,6.380055742125854
1653,-962.4034423828125,509.0417785644531,7.9999999999999565,11.917303845136933,5.374592946633444
1654,-965.6096801757812,509.4404602050781,8.0,8.27205186071543,1.8909155461310054
1655,-968.8155517578125,509.839111328125,7.999999999999991,9.692904986481341,7.5414673771935234
1656,-972.3401489257812,510.27740478515625,7.9999999999999964,12.476875340554654,2.1112938824328484
1657,-975.4639892578125,510.6739196777344,8.00000000000003,11.754856651394617,9.26165929001546
1658,-978.9026489257812,511.1103820800781,7.999999999999983,7.963327194234022,1.6934394666239196
1659,-982.3381958007812,511.54644775390625,7.999999999999977,12.788119636424241,6.4430000188922625
1660,-985.5635986328125,511.9342956542969,7.999999999999956,11.54539326868014,8.036656836090623
1661,-988.796875,512.3231201171875,7.99999999999999,10.632762656911362,0.7346353399152061
1662,-992.336181640625,512.7487182617188,7.999999999999948,10.30929184216225,4.978140146755684
1663,-996.9798583984375,513.2999267578125,7.999999999999956,12.236143794425722,5.883202543981128
1664,-1002.089111328125,513.9064331054688,8.000000000000027,12.299646440944066,3.4628574920549484
1665,-1005.1173706054688,514.3377075195312,7.999999999999985,11.681409795904488,7.1071132525816205
1666,-1008.45263671875,514.812744140625,7.999999999999992,13.890936748773829,1.7674128586871687
1667,-1011.78076171875,515.2868041992188,7.999999999999958,12.03337496563759,4.170862366527723
1668,-1014.9401245117188,515.7105102539062,8.000000000000025,13.877858265156185,5.337049480789827
1669,-1018.4108276367188,516.176025390625,8.0,15.78292237121668,7.547358690136924
1670,-1021.5745239257812,516.600341796875,8.00000000000001,7.678892930071956,6.021054123210672
1671,-1025.0118408203125,517.0396118164062,8.000000000000028,9.302993211983631,5.198659356602653
1672,-1028.1453857421875,517.4400024414062,8.000000000000039,10.973945897393776,1.6774031308771933
1673,-1031.593017578125,517.8805541992188,7.999999999999975,7.066818122237199,4.775447506556081
1674,-1035.162841796875,518.3531494140625,7.999999999999936,8.774312331555093,0.963337778952693
1675,-1038.424072265625,518.784912109375,8.00000000000004,5.44965230249343,6.142144606049177
1676,-1041.682861328125,519.2163696289062,8.000000000000085,14.444968654925406,5.120372116142254
1677,-1044.9300537109375,519.663330078125,7.999999999999985,16.241510981994317,5.327844513085371
1678,-1048.167724609375,520.1089477539062,8.000000000000012,9.03657729872613,3.6176700893197196
1679,-1051.7115478515625,520.5967407226562,8.000000000000039,9.084967076154856,4.748355411765823
1680,-1055.2119140625,521.0426025390625,7.999999999999934,7.937420293640574,6.5870274066717025
1681,-1058.3994140625,521.4486083984375,7.999999999999971,10.957817054898806,2.219638704406442
1682,-1061.5870361328125,521.8546142578125,8.000000000000043,10.540304414244792,1.8146230876721625
1683,-1066.5186767578125,522.463134765625,8.00000000000006,9.166058712363602,6.200592529687974
1684,-1071.421630859375,523.0679931640625,8.000000000000085,8.82155829776483,2.705203246930883
1685,-1074.612548828125,523.4761352539062,7.999999999999993,12.920058341974338,7.345262218571839
1686,-1077.7841796875,523.8818359375,8.000000000000059,10.340241471918231,7.379615138006241
1687,-1081.2562255859375,524.325927734375,8.000000000000085,10.099491854935387,3.9246846598552563
1688,-1084.5648193359375,524.7786254882812,8.000000000000073,10.626070746470775,4.339724227897229
1689,-1087.8753662109375,525.2315063476562,8.000000000000039,13.877384048095875,6.28796047275697
1690,-1091.1827392578125,525.6840209960938,7.999999999999976,8.502476151185672,4.592437569635681
1691,-1094.5169677734375,526.155029296875,7.999999999999941,9.089241174455218,5.884919335161686
1692,-1097.8526611328125,526.626220703125,8.000000000000057,8.072657215220243,3.6667568862740425
1693,-1101.1910400390625,527.0977783203125,8.000000000000083,11.605348723801061,5.061206864767079
1694,-1104.3963623046875,527.53271484375,7.999999999999957,11.721306837896455,2.6378861647435015
1695,-1107.6026611328125,527.9678344726562,7.999999999999915,9.227571299037686,1.437616613053307
1696,-1111.1175537109375,528.4447631835938,8.000000000000021,7.984431635409413,5.213123862650356
1697,-1114.4571533203125,528.8640747070312,7.999999999999991,11.212652863548385,5.637917915150795
1698,-1117.7945556640625,529.2831420898438,8.000000000000046,13.476991416629303,5.336908641648397
1699,-1121.135986328125,529.70263671875,8.000000000000007,12.499660865236311,10.997408125498872
1700,-1124.43115234375,530.0885620117188,8.000000000000075,13.369136926359301,4.272246543518687
1701,-1127.727294921875,530.4745483398438,8.000000000000107,5.566938408293174,2.811620670848689
1702,-1131.0216064453125,530.8604125976562,7.999999999999985,13.739832726378337,8.80321581522499
1703,-1134.0947265625,531.25,8.000000000000078,10.676347793581865,8.248259578439992
1704,-1137.4775390625,531.6788330078125,7.999999999999979,8.726276949058597,6.843147429846617
1705,-1140.856201171875,532.107177734375,7.9999999999999725,11.529264483308598,4.779032038501344
1706,-1144.3873291015625,532.6311645507812,7.999999999999973,9.713744107221478,4.772374489369911
1707,-1147.6070556640625,533.10888671875,8.000000000000043,11.829833156800982,6.728891978375501
1708,-1150.8338623046875,533.5877075195312,7.999999999999966,15.917245196063492,6.224156681029979
1709,-1155.7705078125,534.2450561523438,8.000000000000009,10.579610219006138,5.944924122560351
1710,-1160.6990966796875,534.9013061523438,7.999999999999948,12.854101735582331,4.3548178391683035
1711,-1163.808837890625,535.2844848632812,8.000000000000023,14.26435659816067,7.220910391284725
1712,-1167.229736328125,535.7060546875,8.000000000000087,8.85333490934134,4.91750212281942
1713,-1170.6358642578125,536.1257934570312,7.999999999999946,13.993801313147953,11.164613861132679
1714,-1173.7647705078125,536.5264282226562,7.999999999999904,7.887125415954783,2.4110193986820834
1715,-1177.1932373046875,536.9654541015625,7.999999999999988,12.721247011421237,10.358858061280396
1716,-1180.6339111328125,537.4059448242188,7.9999999999999964,14.222698167211615,10.061091668966045
1717,-1183.7562255859375,537.7996215820312,7.99999999999997,7.914710984440519,5.685491449904297
1718,-1187.179443359375,538.231201171875,8.000000000000009,13.916835735582762,11.758196958326904
1719,-1190.6114501953125,538.6638793945312,7.999999999999998,11.127809128520413,5.396827474229132
1720,-1193.80419921875,539.110595703125,8.00000000000001,8.273927643461404,3.735815174029806
1721,-1197.2916259765625,539.5985717773438,7.999999999999916,7.670997567753427,6.371790332708746
1722,-1200.4766845703125,540.0442504882812,8.000000000000062,6.019038353171876,5.227899776607897
1723,-1205.586669921875,540.6799926757812,7.999999999999994,10.576535512778744,5.49224523701171
1724,-1210.2296142578125,541.2576293945312,8.000000000000014,9.360312474805461,3.80953597566942
1725,-1213.3311767578125,541.6336669921875,7.999999999999997,10.234896610886931,6.330901265730999
1726,-1216.754150390625,542.0486450195312,7.999999999999959,8.80130853631084,5.136466995930593
1727,-1220.1458740234375,542.4598999023438,7.999999999999955,13.827275532557914,10.961215461780567
1728,-1223.382568359375,542.908935546875,7.999999999999956,12.039193479430718,6.936405174163428
1729,-1226.6282958984375,543.3593139648438,8.000000000000101,11.979014589978755,8.86978128282914
1730,-1230.174560546875,543.8513793945312,8.00000000000008,10.54675485613174,9.459600288941107
1731,-1233.38525390625,544.3153686523438,7.999999999999918,17.11785689750864,5.417426601312295
1732,-1236.892578125,544.8222045898438,7.999999999999963,11.680822785007681,8.585141906332298
1733,-1240.111328125,545.2874145507812,8.000000000000052,0.4374556050595968,9.621482881520583
1734,-1243.4815673828125,545.7384643554688,7.999999999999946,14.754797386160982,9.495104620922373
1735,-1246.5555419921875,546.14990234375,7.999999999999964,5.076881576307471,8.734598420515168
1736,-1249.925537109375,546.6009521484375,7.999999999999998,10.191395053733094,6.234249767740297
1737,-1252.6943359375,546.9646606445312,7.999999999999997,11.070043805562507,7.929314500276185
1738,-1255.7103271484375,547.36083984375,8.000000000000005,5.173529698775324,4.115839824938905
1739,-1258.7388916015625,547.7586669921875,8.000000000000076,6.244483789172692,4.452835235872305
1740,-1260.9417724609375,548.0135498046875,7.999999999999976,7.418744204879657,4.102356069179818
1741,-1263.365966796875,548.2939453125,7.999999999999975,9.27144197788192,4.548792430251177
1742,-1265.571044921875,548.549072265625,7.999999999999972,6.77790183811915,1.6242673441859354
1743,-1267.686279296875,549.1079711914062,7.999999999999971,9.575699279688276,6.741949112844973
1744,-1269.6151123046875,549.6177368164062,7.999999999999982,3.4058363804444025,2.6217887805418303
1745,-1270.1434326171875,550.5604248046875,8.000000000000027,10.914327484442039,4.515590327700651
1746,-1270.6246337890625,551.4190063476562,8.000000000000025,5.7112008870962025,3.318944063928899
1747,-1271.106201171875,552.2782592773438,8.000000000000094,7.879330436888861,2.0529239759346685
1748,-1271.03369140625,553.8015747070312,8.000000000000021,5.943734250576782,1.3648096728315042
1749,-1270.961181640625,555.3242797851562,7.99999999999995,1.4785772144485867,1.8972095631230925
1750,-1270.8814697265625,556.9982299804688,7.999999999999983,13.576514457630147,5.0266806962551085
1751,-1270.6866455078125,559.153564453125,7.999999999999921,5.2872732015198345,1.940429976434019
1752,-1270.472412109375,561.5238037109375,7.999999999999982,9.710258220943155,3.007342096180525
1753,-1270.258544921875,563.8888549804688,8.000000000000028,6.954307569439743,3.3822795809353736
1754,-1269.9805908203125,566.6162719726562,8.000000000000036,10.036000331164981,2.587907842182971
1755,-1269.6754150390625,569.6097412109375,7.999999999999982,11.875535381947273,6.772955700239592
1756,-1269.3701171875,572.605224609375,7.999999999999889,5.556145376450327,0.7126125054460994
1757,-1268.9716796875,575.7566528320312,8.000000000000012,6.142137881029808,3.589426035544787
1758,-1268.5352783203125,579.2077026367188,7.999999999999926,3.4173486141576435,2.021506932266357
1759,-1268.1343994140625,582.3790283203125,7.999999999999937,6.469848643176765,5.278241633870726
1760,-1267.692626953125,585.5333251953125,8.000000000000025,8.1650274427441,2.2520095606379895
1761,-1267.2091064453125,588.9857177734375,8.000000000000002,6.943317041925288,2.392356061945476
1762,-1266.72509765625,592.4423217773438,7.999999999999955,7.286265262994586,5.2840679233020555
1763,-1266.0828857421875,597.2522583007812,8.000000000000098,11.149011775585516,3.8478128164164693
1764,-1265.376953125,602.5390014648438,8.000000000000068,7.454325634239662,4.95716251713524
1765,-1265.0313720703125,605.668212890625,8.000000000000043,3.3080627782115197,2.8432139930342335
1766,-1264.652587890625,609.0969848632812,8.000000000000007,11.791757226502567,6.280651570810182
1767,-1264.2740478515625,612.5243530273438,8.000000000000082,8.118732027330541,9.136510390172445
1768,-1263.9576416015625,615.7396240234375,8.000000000000009,10.412344792326664,4.567099513300333
1769,-1263.610107421875,619.2716674804688,8.000000000000002,15.218500557902606,10.223654270104054
1770,-1263.293701171875,622.4874877929688,7.999999999999973,3.6797264976824207,7.206490629486721
1771,-1262.9739990234375,625.5301513671875,8.000000000000036,14.817143265777728,9.353947593645707
1772,-1262.65380859375,628.5778198242188,8.00000000000002,12.142182856687601,10.416754969242458
1773,-1262.302978515625,631.9161987304688,8.000000000000037,11.57559854227836,5.070659680301992
1774,-1262.014892578125,634.6428833007812,8.000000000000005,13.244942065355842,5.527734985591447
1775,-1261.7279052734375,637.3597412109375,8.000000000000005,5.699397294448706,1.8433262137946456
1776,-1261.465576171875,639.8421630859375,8.000000000000075,12.252207781521225,4.69098939242665
1777,-1261.223388671875,641.7208251953125,7.9999999999999165,7.160079294884797,1.343029949309472
1778,-1261.0028076171875,643.4315185546875,7.999999999999957,9.52432952236305,5.294237600243499
1779,-1260.760986328125,645.3079833984375,8.000000000000025,13.465462972790938,5.682287894654763
1780,-1260.1617431640625,646.13427734375,8.000000000000117,7.240948130956765,4.179673986769606
1781,-1259.5628662109375,646.9602661132812,8.000000000000004,10.38590716852844,4.256175913074903
1782,-1258.9124755859375,647.857177734375,8.000000000000085,10.948435484204243,3.0524550595087847
1783,-1257.0726318359375,647.9210205078125,7.999999999999995,4.485785661185179,2.3999273537528842
1784,-1255.0623779296875,647.9907836914062,8.000000000000057,9.46630739820133,1.4871465256992742
1785,-1253.013916015625,647.8292846679688,7.999999999999889,8.862885532312957,2.393924023176518
1786,-1251.1439208984375,647.681884765625,7.999999999999926,6.132118843114947,0.6912346777890608
1787,-1249.27197265625,647.5343627929688,8.000000000000039,12.79645048620423,4.871242727404425
1788,-1246.5703125,647.2477416992188,7.999999999999929,11.016979648948753,9.800999032166976
1789,-1244.0865478515625,646.9841918945312,8.000000000000108,9.436949066476789,5.121457086661637
1790,-1241.612548828125,646.7217407226562,8.000000000000025,7.258566112012002,8.67538572356179
1791,-1238.7255859375,646.276123046875,7.9999999999999885,3.3210722671097535,4.946653556385697
1792,-1235.5526123046875,645.7864379882812,8.000000000000014,3.0395930447378627,3.7502878798809935
1793,-1232.3804931640625,645.2968139648438,8.000000000000068,2.126835826830548,2.953001014690244
1794,-1229.188720703125,644.7823486328125,8.000000000000073,6.095580844453254,1.9123050406448556
1795,-1225.7049560546875,644.2207641601562,7.999999999999979,7.527798083163798,1.2405624631522993
1796,-1222.5050048828125,643.7049560546875,7.999999999999943,7.022770410794457,8.082974990459158
1797,-1219.0736083984375,643.1810302734375,8.000000000000066,13.243370935143428,9.977626694489231
1798,-1215.640869140625,642.6568603515625,8.000000000000052,7.244210729365206,2.230464565353343
1799,-1212.5172119140625,642.1798706054688,8.000000000000043,11.254658778809477,6.754504295907224
1800,-1209.2781982421875,641.7124633789062,8.000000000000016,7.189569680363227,6.890481380773813
1801,-1206.03759765625,641.244873046875,7.999999999999974,2.882311532575712,6.863167825325019
1802,-1202.488525390625,640.7327270507812,8.00000000000011,13.520101780992373,6.742359861997476
1803,-1199.282958984375,640.2802734375,8.000000000000028,7.958296531488965,0.7335805552538085
1804,-1196.072265625,639.8270263671875,7.999999999999978,5.6714707620004,3.3726157248056903
1805,-1192.5518798828125,639.330078125,7.999999999999983,4.251294396487458,2.786283482282583
1806,-1189.2720947265625,638.8368530273438,7.999999999999996,2.7921050230043725,1.0408813576058058
1807,-1185.9927978515625,638.3436889648438,8.000000000000059,7.675958722855952,3.091352213309441
1808,-1182.70703125,637.8495483398438,7.999999999999958,8.19864517252967,5.924299519124239
1809,-1177.806884765625,637.1644897460938,8.000000000000043,3.6684437247209765,6.767830118219007
1810,-1172.9132080078125,636.4803466796875,8.000000000000043,11.302540374193095,10.612970363765706
1811,-1169.7281494140625,636.0274658203125,8.000000000000044,7.82569671037574,8.362660787231244
1812,-1166.543212890625,635.5746459960938,8.000000000000034,4.7749795814802845,5.876646938442549
1813,-1163.0479736328125,635.0776977539062,7.999999999999988,10.545679908612716,10.508620788372678
1814,-1159.808837890625,634.6143188476562,8.000000000000034,2.9268180152370507,6.272855434754445
1815,-1156.5628662109375,634.1500244140625,8.000000000000036,13.0289709999391,13.008959319993144
1816,-1153.0091552734375,633.6416625976562,8.000000000000043,9.990571493276082,10.987898371399899
1817,-1149.93212890625,633.1884155273438,7.999999999999987,6.449472844324497,5.416517917412388
1818,-1146.555419921875,632.6910400390625,8.000000000000004,15.777350371766218,11.354465383371874
1819,-1143.1846923828125,632.1945190429688,8.000000000000044,3.9554473087702364,7.558752965112757
1820,-1139.81201171875,631.7091674804688,7.99999999999996,13.59388892716635,9.430038437124379
1821,-1136.436767578125,631.2234497070312,7.9999999999999964,8.725259864021325,8.879577015597713
1822,-1133.3603515625,630.78076171875,8.000000000000089,3.1176664371693983,2.7568877705462245
1823,-1130.0076904296875,630.3177490234375,8.000000000000037,11.482069847633587,10.430381114090974
1824,-1126.6622314453125,629.855712890625,7.999999999999906,7.864629573270302,8.334186063614165
1825,-1123.607421875,629.4337768554688,8.000000000000036,9.428256884743954,6.863629961355302
1826,-1118.4461669921875,628.6883544921875,7.99999999999999,12.59058880117879,9.026254896938653
1827,-1113.7421875,628.0089111328125,8.000000000000075,3.476778722854153,6.085750928633958
1828,-1110.3431396484375,627.4998779296875,7.999999999999993,13.051766664078862,7.843243442949415
1829,-1106.947265625,626.9912719726562,7.999999999999974,8.575414324849193,8.589696171643388
1830,-1103.8564453125,626.5283813476562,8.000000000000014,5.754382362077718,0.9148435292133745
1831,-1100.7366943359375,626.03759765625,8.000000000000014,11.974328489031574,7.416497897013154
1832,-1097.3131103515625,625.4990234375,7.9999999999999165,8.395238557202736,0.7025389560235934
1833,-1093.87890625,624.958740234375,8.000000000000039,7.1166758934410845,3.1057746808490734
1834,-1090.451904296875,624.4530029296875,7.999999999999934,13.239851885863041,7.472917120488365
1835,-1087.3284912109375,623.9920654296875,8.000000000000032,11.812206491729421,5.113333964822876
1836,-1083.9217529296875,623.4893188476562,7.999999999999964,11.2464757617916,2.609118052783404
1837,-1080.7320556640625,623.0291137695312,7.999999999999958,15.602221572930153,8.887895066305408
1838,-1077.54345703125,622.5690307617188,8.000000000000005,1.9936136199456673,5.389111072689693
1839,-1074.0462646484375,622.064453125,8.000000000000023,8.2524010503965,7.40473438500853
1840,-1070.85205078125,621.6152954101562,7.99999999999996,6.487401887761846,3.104693596142302
1841,-1067.340087890625,621.1214599609375,7.999999999999923,5.420358510686715,2.8566044748419204
1842,-1064.150390625,620.6729736328125,8.000000000000023,14.24601811952967,4.2006875968966355
1843,-1059.2139892578125,619.9940795898438,7.999999999999985,1.6803371426235219,4.4435581276007445
1844,-1054.27490234375,619.3148803710938,7.999999999999944,7.087410703490527,6.63015075093851
1845,-1050.958740234375,618.8138427734375,8.00000000000005,5.754178292602029,3.956036240179914
1846,-1047.6444091796875,618.3131103515625,8.000000000000002,7.036807069629708,7.8412031699546025
1847,-1044.327880859375,617.81201171875,7.999999999999976,9.37772877160259,5.744665409528231
1848,-1040.805419921875,617.3380126953125,7.999999999999943,12.662120728029418,6.556547531862474
1849,-1037.603759765625,616.9071655273438,7.999999999999984,10.66096346054036,0.9154752345196491
1850,-1034.4013671875,616.4761962890625,7.999999999999977,6.303978080023528,3.9104937508739153
1851,-1031.2393798828125,615.9987182617188,7.999999999999981,5.310211386049904,5.308651333651673
1852,-1028.0694580078125,615.5199584960938,7.999999999999992,11.984914661824972,2.510928393758701
1853,-1024.597412109375,614.9956665039062,7.999999999999964,1.8045192656605036,1.5617487877804725
1854,-1021.5248413085938,614.5321044921875,7.99999999999998,7.512177804190207,6.687936156412952
1855,-1018.1553344726562,614.0238037109375,7.999999999999969,12.217917617936244,3.501853853170709
1856,-1014.783203125,613.51513671875,8.000000000000009,7.637104101775774,3.374601717027395
1857,-1011.5759887695312,613.0485229492188,7.999999999999946,15.488098925278628,9.414851886054732
1858,-1008.0520629882812,612.5358276367188,8.000000000000021,9.716102399113804,5.4041392972366955
1859,-1004.8363037109375,612.0679321289062,7.999999999999945,4.1706952889820705,1.6525941934013129
1860,-1001.4046020507812,611.578369140625,8.000000000000005,11.159217850598248,7.197247341603797
1861,-997.9705200195312,611.0884399414062,7.999999999999995,11.801190280012918,7.67899654303129
1862,-994.8484497070312,610.64306640625,8.000000000000027,12.170554937880832,2.943214833786605
1863,-991.6530151367188,610.1942138671875,8.000000000000012,14.500866844003138,9.721647016316135
1864,-988.457275390625,609.7453002929688,8.0,5.118260651455661,7.723753965929794
1865,-984.9423828125,609.2515869140625,8.000000000000021,8.639571201716127,4.204527132689428
1866,-981.6387329101562,608.7694702148438,8.000000000000039,9.841016751170704,4.28325560590231
1867,-978.3348999023438,608.2872924804688,8.000000000000027,5.759370606278965,1.9397550897159683
1868,-975.0260620117188,607.804443359375,8.000000000000007,13.356789710347677,8.397452757345972
1869,-971.8385009765625,607.3480834960938,8.00000000000003,2.4790751236789292,4.279720176643059
1870,-968.3466186523438,606.8482055664062,8.000000000000059,12.891510465583421,7.5510140874992
1871,-965.1505737304688,606.3906860351562,8.000000000000043,8.755635252072548,7.490829257642958
1872,-960.0160522460938,605.6102294921875,7.999999999999985,10.186931405918552,9.00425913899096
1873,-955.33642578125,604.8989868164062,8.000000000000005,16.444982348342464,14.595271260219915
1874,-952.4466552734375,604.4921875,7.999999999999942,8.162759734662984,4.025797380092679
1875,-949.5657348632812,604.086669921875,8.000000000000025,16.555723047654865,2.566435752042978
1876,-946.4004516601562,603.6410522460938,8.00000000000003,11.305673064779965,6.79597504264675
1877,-944.13525390625,603.3463745117188,7.999999999999948,5.762018996352217,3.496447563915199
1878,-941.8670043945312,603.0512084960938,7.999999999999947,10.301615430264006,4.484490880316302
1879,-939.384521484375,602.728271484375,8.000000000000002,3.2683877027543913,5.022891113161729
1880,-937.8533935546875,602.5272827148438,7.99999999999998,6.294038164920279,0.7086820483263367
1881,-936.1751708984375,602.3069458007812,7.999999999999983,13.410641371433032,5.604252699956207
1882,-934.6356811523438,602.1048583984375,8.00000000000005,3.818443247173963,1.1851208359664582
1883,-933.7686157226562,601.9785766601562,7.999999999999985,9.85878704244162,7.168714930651042
1884,-932.977783203125,601.8634033203125,8.00000000000005,6.206996609139211,5.412665948707968
1885,-932.1132202148438,601.7374877929688,7.999999999999997,6.90600357247123,3.574530904719606
1886,-931.9306030273438,601.6796264648438,7.999999999999975,12.628479505391297,9.655725750572836
1887,-931.7485961914062,601.6218872070312,8.000000000000009,11.893587475872504,3.58671144940899
1888,-931.551513671875,601.5593872070312,8.000000000000004,14.214099010698657,5.931269842924605
1889,-931.604736328125,601.541259765625,7.999999999999998,13.345145340457577,8.091039804256646
1890,-931.6572265625,601.5233764648438,8.000000000000025,10.399673478917949,1.275895735771641
1891,-931.7149658203125,601.5037231445312,7.999999999999975,12.880313310768681,5.01531157932954
1892,-931.7185668945312,601.5115966796875,8.00000000000001,6.548697892124795,3.985134710550196
1893,-931.7218627929688,601.518798828125,7.999999999999951,8.596858937835387,5.702306762551315
1894,-931.7251586914062,601.5260009765625,7.999999999999987,15.225982969249362,7.2125642544092425
1895,-931.6865844726562,601.5068969726562,7.999999999999957,11.085917160641895,5.243922948670601
1896,-931.6513671875,601.4894409179688,8.000000000000018,9.820103764686522,1.7055158894306715
1897,-931.61279296875,601.4703369140625,8.000000000000032,13.116191592758554,9.979427809283173
1898,-931.3216552734375,601.2086791992188,7.999999999999956,7.964144274477203,5.83004414789724
1899,-931.0307006835938,600.9471435546875,7.99999999999998,11.681852802772694,9.626995212147945
1900,-930.4243774414062,600.5040283203125,8.00000000000002,11.83596287227341,4.593022591388367
1901,-929.8704833984375,600.0991821289062,7.99999999999996,11.539656131495763,4.995189570762946
1902,-929.263916015625,599.6558227539062,7.999999999999992,14.2683454201482,8.5644939165003
1903,-928.1654663085938,598.9690551757812,7.999999999999975,5.563500983004,4.2821733778083395
1904,-926.9625244140625,598.2169189453125,8.000000000000014,12.55404392202908,8.176514664190565
1905,-925.8631591796875,597.5296020507812,8.000000000000034,10.275977784648799,5.8552235840845555
1906,-924.2528076171875,596.4736328125,8.0,6.677984210124775,3.6608915313068455
1907,-922.49072265625,595.318115234375,7.999999999999954,14.95539423399364,10.787280575880247
1908,-920.7365112304688,594.1677856445312,7.9999999999999805,2.652288693346794,5.273577270421596
1909,-918.4950561523438,592.7299194335938,7.99999999999996,6.397172363788467,4.112664404241747
1910,-916.0435791015625,591.1573486328125,7.999999999999971,15.819047929238018,6.502162020436692
1911,-913.8124389648438,589.7261352539062,7.999999999999934,5.293625902012786,3.2703560372209886
1912,-911.0809936523438,587.9526977539062,7.9999999999999645,11.127065139067414,6.505757975525338
1913,-908.3471069335938,586.1776733398438,7.999999999999985,10.342267580279909,5.575363470693052
1914,-905.85693359375,584.5609130859375,7.999999999999977,8.812160523661564,5.259099330267651
1915,-903.2526245117188,582.8994140625,8.000000000000012,12.203943448730113,8.092818715210644
1916,-900.39013671875,581.0732421875,8.00000000000004,8.460628198304763,6.648777528869164
1917,-897.5337524414062,579.2509765625,8.000000000000009,4.745770620013206,3.6929172874627203
1918,-893.4937133789062,576.67236328125,8.000000000000055,13.54243566128443,7.246497212665359
1919,-889.0574340820312,573.8408203125,8.00000000000001,4.481779206190724,0.6328378012979752
1920,-886.1267700195312,572.0022583007812,7.999999999999955,7.319691710576552,2.835368186642853
1921,-883.2027587890625,570.1679077148438,7.999999999999958,5.448625028047923,3.2510649983325535
1922,-880.5402221679688,568.4974975585938,7.999999999999958,11.597309053709688,7.715228683429407
1923,-877.682861328125,566.6904907226562,8.00000000000001,21.361532294647557,10.952995306327372
1924,-875.0636596679688,565.0341186523438,7.999999999999983,12.30894490809165,4.438938190723012
1925,-872.1965942382812,563.220947265625,7.999999999999994,10.20538021991168,2.717574398416012
1926,-869.541015625,561.5206909179688,8.000000000000021,14.024241456281228,8.434359934202577
1927,-866.6267700195312,559.6549072265625,8.000000000000052,10.715688011077898,1.133292709709722
1928,-863.9551391601562,557.9443969726562,8.000000000000005,18.992466878817233,10.68957772348736
1929,-860.9951782226562,556.0494995117188,8.000000000000007,9.443949527900084,7.839377505100087
1930,-858.29638671875,554.32177734375,7.999999999999994,0.9807047844785144,7.288645588276289
1931,-855.5911254882812,552.5899658203125,8.00000000000002,12.354592465747638,8.826618682161204
1932,-852.6944580078125,550.7177124023438,7.999999999999999,3.856842730058293,6.083144266775487
1933,-849.8198852539062,548.8597412109375,7.999999999999985,9.158414058489345,6.34677880898426
1934,-847.186279296875,547.1575317382812,8.000000000000002,14.40428457602283,11.821996272195141
1935,-842.95654296875,544.460205078125,7.9999999999999405,7.76078579982678,3.806451906328383
1936,-838.7200927734375,541.758544921875,8.000000000000043,10.332534986161459,2.724778802450845
1937,-835.8197631835938,539.9136962890625,8.000000000000046,7.9371866050281,7.007429094362424
1938,-833.1817626953125,538.2357788085938,8.000000000000028,4.927863568771858,2.969976753953069
1939,-830.2846069335938,536.3929443359375,7.99999999999994,13.330241973484792,4.870544758277305
1940,-827.6398315429688,534.6903686523438,7.999999999999965,6.041815265144866,2.981947289025174
1941,-824.7363891601562,532.8212890625,8.000000000000052,15.577383619667158,7.4550424966717825
1942,-821.8286743164062,530.949462890625,7.99999999999996,11.908597963240164,10.28598086524571
1943,-818.8846435546875,529.029541015625,7.999999999999972,8.945980770436051,2.5110300263351815
1944,-816.2036743164062,527.2811279296875,8.000000000000023,10.188204907861907,6.186682713662937
1945,-813.5157470703125,525.5281982421875,8.000000000000007,4.590334982861423,3.237899394811001
1946,-810.6072998046875,523.6696166992188,8.00000000000002,8.190534521186793,6.3242201931759165
1947,-807.9541015625,521.97412109375,7.999999999999974,4.181815675138794,4.955787668786569
1948,-805.049560546875,520.1180419921875,7.999999999999989,4.225403597295963,3.920044852391407
1949,-802.3204956054688,518.3863525390625,8.00000000000003,8.072160904512199,7.2166255171774
1950,-799.590576171875,516.6541137695312,7.999999999999985,4.252629233345009,1.7028891898877776
1951,-796.5936279296875,514.75244140625,8.000000000000036,14.483876036744949,9.177653986133704
1952,-793.8734130859375,513.0308837890625,7.9999999999999964,7.06341249976687,5.634009339272577
1953,-791.1544799804688,511.31011962890625,8.000000000000027,7.6105548058578005,3.0722156946207586
1954,-788.1683349609375,509.4202575683594,8.00000000000002,11.77106015274233,9.172946349754525
1955,-783.7976684570312,506.5862121582031,7.9999999999999964,5.332364791963211,2.0443628707544588
1956,-779.8247680664062,504.0101318359375,7.999999999999978,11.413219125211597,6.576203670557967
1957,-776.934814453125,502.1292419433594,7.999999999999988,9.485493297739389,2.83085984717205
1958,-774.3021240234375,500.4157409667969,7.999999999999989,6.0145332785592975,3.3833337707331577
1959,-771.40966796875,498.533203125,7.999999999999945,2.892148710441038,2.546059027422172
1960,-768.5348510742188,496.6851501464844,7.999999999999989,6.818910147069523,3.4770545488039017
1961,-765.9164428710938,495.0019226074219,7.999999999999983,8.143174893543538,2.2964014496554874
1962,-763.045654296875,493.1564636230469,8.000000000000028,7.530324852441018,2.8978447933070393
1963,-760.391357421875,491.4832458496094,8.000000000000004,5.8370510996782965,5.101197216880334
1964,-757.4818115234375,489.6491394042969,7.999999999999954,8.638859151329912,4.615381430205387
1965,-754.5693359375,487.8131408691406,8.00000000000001,6.74179583520537,5.838008313493933
1966,-751.740478515625,486.00823974609375,7.9999999999999885,1.5605535602545744,2.4322933071765362
1967,-748.91015625,484.202392578125,8.000000000000025,7.838818812883393,5.603738060465745
1968,-746.072509765625,482.3918762207031,8.00000000000002,15.920143868147324,9.7258669870728
1969,-743.1885375976562,480.51641845703125,8.00000000000001,5.179956344672878,3.0023666455658744
1970,-740.2958374023438,478.63525390625,7.9999999999999885,13.8637000698093,8.727712883519676
1971,-737.6676635742188,476.92608642578125,8.000000000000037,5.218508157026889,8.39327703175383
1972,-735.043212890625,475.2326354980469,8.000000000000028,13.015343280677952,4.691007556002238
1973,-732.1524658203125,473.36737060546875,8.000000000000028,10.76329349278621,7.202560337572723
1974,-729.283203125,471.5159606933594,8.000000000000023,4.846598831077233,4.30749565133373
1975,-725.27783203125,468.9483642578125,7.99999999999999,10.401597861308232,4.330256184098843
1976,-720.8783569335938,466.12811279296875,7.999999999999999,14.801006375330086,4.943245299107099
1977,-717.9815063476562,464.28326416015625,7.999999999999978,0.708923340500607,4.866959308553166
1978,-715.0971069335938,462.44635009765625,8.000000000000004,10.800330208893927,7.293255445834867
1979,-712.4530639648438,460.76251220703125,8.000000000000032,9.184210018126292,9.940114197210852
1980,-709.6395263671875,458.95281982421875,8.000000000000043,6.48284233871182,6.8162087258846595
1981,-706.82275390625,457.14105224609375,8.000000000000046,10.147450373975145,8.440864670561433
1982,-704.00732421875,455.3301086425781,8.000000000000005,6.600427828073394,6.255777488289279
1983,-701.3118896484375,453.6060485839844,7.999999999999979,8.936364915434131,5.730301908847935
1984,-698.611572265625,451.87884521484375,7.999999999999959,5.266274463448815,4.973554627537829
1985,-695.6535034179688,449.9867858886719,7.999999999999983,3.7284425311919485,2.6496782049908982
1986,-692.9450073242188,448.23187255859375,7.99999999999998,11.337839483955694,2.5356461803916477
1987,-689.9825439453125,446.3124694824219,8.000000000000004,3.7257278066648816,0.7368918045983548
1988,-687.2691040039062,444.55438232421875,8.000000000000055,11.049983928775806,2.7210504949539565
1989,-684.2781982421875,442.644775390625,7.99999999999997,11.512115919538383,6.447868492396699
1990,-681.5444946289062,440.8992919921875,7.999999999999987,9.684777923355846,1.51404783563628
1991,-678.8131713867188,439.1553955078125,8.000000000000021,12.822761138680686,5.125087726383
1992,-676.0535888671875,437.4103088378906,7.999999999999955,1.4916175282987374,3.999865559464427
1993,-673.0341186523438,435.5008850097656,8.000000000000004,16.03334191311399,4.539103290322054
1994,-670.2755126953125,433.75640869140625,8.000000000000036,8.494544645743314,3.716275764453649
1995,-667.4051513671875,431.9302978515625,7.999999999999984,10.06238098552652,1.328872738395474
1996,-664.5337524414062,430.1035461425781,7.999999999999964,16.495202568428997,6.642799122517795
1997,-661.9114990234375,428.4353332519531,7.999999999999966,3.1241914461599714,6.258881565993065
1998,-657.5457153320312,425.62432861328125,8.000000000000005,14.420663608125198,8.306844603688779
1999,-653.578125,423.0697326660156,8.000000000000005,10.915540109668315,5.1256241306604045
2000,-650.890625,421.3408203125,7.999999999999997,6.377100759961641,0.9529323485779633
2001,-647.9495849609375,419.44879150390625,7.999999999999978,11.070808402902479,3.234184951341392
2002,-645.2549438476562,417.71527099609375,8.00000000000001,5.68533679158942,2.896067626801606
2003,-642.59912109375,416.020751953125,8.00000000000001,12.275660840522294,4.617607797596401
2004,-639.6740112304688,414.1543884277344,7.999999999999963,14.12183244011045,7.682132089871585
2005,-636.7581787109375,412.29400634765625,7.99999999999999,5.281947975848632,4.121135171912598
2006,-633.8692626953125,410.41375732421875,8.000000000000009,14.391922938937787,5.735861108610107
2007,-631.2333374023438,408.69818115234375,8.000000000000002,16.433775915887836,12.177918457989307
2008,-628.3430786132812,406.81707763671875,8.000000000000025,3.3421984051744515,8.326569990169745
2009,-625.6209716796875,405.0799255371094,7.999999999999985,17.06239077424801,12.277065558108195
2010,-622.6394653320312,403.1772155761719,8.000000000000002,9.968820066788757,11.237756281338479
2011,-619.9177856445312,401.4403381347656,8.000000000000023,5.429057413786883,5.738937777932946
2012,-617.0423583984375,399.6247253417969,8.000000000000021,13.063755267869476,7.31398629511942
2013,-614.4209594726562,397.9695129394531,7.9999999999999964,5.028695497945821,4.8342424744762384
2014,-611.5435791015625,396.1526794433594,7.9999999999999885,12.54298198916658,3.2137756433144533
2015,-608.7725830078125,394.3317565917969,7.999999999999984,13.013641126552853,9.666100498799207
2016,-605.7254638671875,392.32940673828125,8.000000000000002,7.165374814868215,4.9040645665310745
2017,-602.9548950195312,390.5087585449219,7.99999999999998,11.699787215279711,3.171803868399345
2018,-598.711181640625,387.77789306640625,8.000000000000009,8.84478551389674,2.4374696513038105
2019,-594.478515625,385.0541076660156,7.999999999999979,9.492371454585498,3.5688584082625856
2020,-591.8435668945312,383.3844909667969,8.000000000000021,15.505258443096128,2.1187763360255385
2021,-588.9536743164062,381.5533142089844,8.00000000000003,10.236630156396846,3.9191208668677184
2022,-586.0634155273438,379.721923828125,8.00000000000004,9.73441944525478,6.076638686010763
2023,-583.1085205078125,377.82330322265625,8.000000000000007,9.071219318444976,2.9058238033905024
2024,-580.4191284179688,376.0952453613281,8.000000000000005,9.442877207294018,5.597379803070347
2025,-577.7300415039062,374.3674621582031,8.000000000000012,18.9470870932007,10.271919389840397
2026,-574.8062744140625,372.47576904296875,7.999999999999968,8.756821380208349,6.642679197444809
2027,-572.1458740234375,370.7545166015625,7.999999999999999,10.130320998764969,7.314613129491683
2028,-569.4885864257812,369.0352478027344,8.000000000000014,8.755963128587982,5.133019206288171
2029,-566.7642822265625,367.27215576171875,7.999999999999987,5.031954103067845,1.7820089672456505
2030,-563.7696533203125,365.3341369628906,7.999999999999985,12.371842471743866,5.389970035085407
2031,-561.0428466796875,363.5694580078125,8.000000000000043,7.078144714768008,6.363416013540524
2032,-558.3824462890625,361.8601379394531,8.000000000000005,9.628365634236443,2.0803005995001036
2033,-555.4598388671875,359.9823303222656,8.000000000000014,7.470345077972711,3.5166099715615635
2034,-552.535888671875,358.1036682128906,7.9999999999999964,1.9075542311065006,1.1382365126481266
2035,-549.6467895507812,356.2462463378906,7.999999999999961,3.4702159893130076,2.3107158942891415
2036,-547.0167846679688,354.555419921875,7.99999999999998,3.433977564558805,0.06960668222547153
2037,-544.1207885742188,352.69354248046875,7.999999999999971,6.7214636947398825,2.829107335894234
2038,-539.640869140625,349.89642333984375,8.000000000000005,10.617145092109661,6.991599157091431
2039,-535.562744140625,347.3502197265625,8.000000000000039,12.684122712477986,8.034705357564556
2040,-532.6717529296875,345.51611328125,8.000000000000004,16.657507211357544,7.201701270559048
2041,-529.7866821289062,343.685791015625,8.0,7.4816041493108,4.834896079217629
2042,-527.1578369140625,342.01800537109375,8.000000000000009,9.964619136605645,7.793211072486127
2043,-524.493408203125,340.2962341308594,7.999999999999964,4.961481572995585,6.006981536112791
2044,-521.57470703125,338.41021728515625,7.999999999999956,3.365995024049962,5.748138592915392
2045,-518.9061889648438,336.685791015625,8.000000000000002,11.009410455357266,7.5658364150928685
2046,-516.0077514648438,334.7712707519531,7.999999999999985,15.078068715970087,2.9984828757750868
2047,-513.3672485351562,333.027099609375,7.9999999999999805,7.609014108021439,8.324413809690492
2048,-510.7157897949219,331.2756652832031,7.999999999999955,11.574546317284435,8.768543842541359
2049,-507.7536315917969,329.3597412109375,8.000000000000014,15.485473801991077,7.510027509198183
2050,-505.0410461425781,327.605224609375,8.000000000000023,10.522610890189613,8.586878026539383
2051,-502.0760192871094,325.68743896484375,7.999999999999973,16.38554055527348,9.052412663661915
2052,-499.10321044921875,323.8428649902344,8.000000000000012,13.699882556539855,2.4485425116304107
2053,-496.14495849609375,322.00732421875,7.9999999999999964,12.288310715639238,5.725521232129402
2054,-493.44647216796875,320.3329772949219,7.999999999999981,12.637886047176746,4.391804391322176
2055,-490.7530517578125,318.660400390625,8.000000000000014,7.955520318179413,4.077956059695492
2056,-488.0473327636719,316.9802551269531,7.999999999999977,4.415222035290962,1.6722241712755062
2057,-485.0926818847656,315.1454772949219,7.9999999999999885,9.077989071051595,7.602153558150873
2058,-480.9620361328125,312.46514892578125,7.999999999999986,6.170980611185503,7.837159972625739
2059,-476.8409729003906,309.791015625,7.999999999999994,12.234947573102774,5.313217025816562
2060,-474.1192626953125,308.00518798828125,8.000000000000018,9.584719082301943,6.479589663421311
2061,-471.14593505859375,306.0542907714844,7.999999999999972,11.512188208251105,9.195413697951095
2062,-468.4259033203125,304.2695617675781,8.000000000000012,9.287204966268755,6.4689478847538515
2063,-465.5291748046875,302.3658752441406,8.0,11.860057354839466,8.157678910578895
2064,-462.8830871582031,300.62689208984375,7.999999999999979,13.310695665413684,7.092656343303164
2065,-459.9903869628906,298.7258605957031,8.000000000000005,3.1579176970482465,2.45187226164106
2066,-457.2487487792969,296.9888610839844,7.999999999999988,10.32576798981647,6.626577237155437
2067,-454.5061950683594,295.25128173828125,8.000000000000021,11.778876313801309,9.753944495912519
2068,-451.50384521484375,293.34912109375,8.000000000000025,3.953614740794269,4.756299449487211
2069,-448.6200866699219,291.5310974121094,8.000000000000018,16.00979537587056,12.538683031778296
2070,-445.99273681640625,289.87469482421875,7.999999999999999,9.32405029012054,3.3330400536892113
2071,-443.0989685058594,288.0503234863281,8.000000000000018,5.252789420595251,4.280339264782355
2072,-440.47100830078125,286.36016845703125,7.9999999999999805,9.609199288649712,3.7563254390313903
2073,-437.58636474609375,284.5048828125,7.999999999999994,5.460464334334811,2.6095450143906183
2074,-434.7043151855469,282.65130615234375,7.999999999999985,11.77752493858139,3.4512026090014456
2075,-430.4891357421875,279.9167785644531,8.00000000000002,11.240717378375402,3.29308118336941
2076,-426.2790222167969,277.185546875,7.999999999999979,7.884887232597439,6.200908357097412
2077,-423.5559387207031,275.4348449707031,8.00000000000001,13.873420110723679,5.0073473156564186
2078,-420.8418884277344,273.68994140625,8.000000000000014,11.971224766172215,4.91819056413307
2079,-417.8639221191406,271.775390625,8.000000000000025,13.59261792654631,5.98695392449146
2080,-415.2197570800781,270.09002685546875,8.000000000000007,13.578782656785167,8.75341915617472
2081,-412.3179931640625,268.240478515625,8.000000000000004,1.4821189814688511,6.631905656610162
2082,-409.4284362792969,266.398681640625,7.999999999999999,14.626513865647729,7.370006191584952
2083,-406.61199951171875,264.6056823730469,8.000000000000002,9.514800000767492,4.727943543468877
2084,-403.79510498046875,262.8123779296875,7.999999999999996,7.22484341362463,1.9650163624461559
2085,-400.9826965332031,261.0219421386719,8.000000000000027,14.25365639984041,5.962729496610944
2086,-398.2017822265625,259.2135314941406,7.999999999999976,6.977727944118008,5.552000879302964
2087,-395.4093017578125,257.3976135253906,8.0,9.110118887938944,8.979510462349761
2088,-392.62890625,255.5895538330078,8.000000000000014,10.014762610403555,6.716555715252217
2089,-389.9232177734375,253.8508758544922,8.0,4.548818480374745,6.281086151014498
2090,-387.2144470214844,252.11019897460938,7.999999999999986,5.3732062026348295,5.763764462184637
2091,-384.24444580078125,250.20169067382812,8.000000000000005,10.238968059585824,2.2849118079572404
2092,-379.8360595703125,247.40005493164062,7.999999999999994,6.501266366519696,3.5716511656506356
2093,-375.81915283203125,244.8472137451172,8.000000000000004,6.490018360082879,3.3379292752668825
2094,-372.8261413574219,242.93785095214844,8.000000000000021,3.412220482253707,3.4923149385724024
2095,-370.09783935546875,241.19735717773438,8.000000000000014,7.422331323461379,6.921088731867057
2096,-367.3734436035156,239.4593505859375,7.999999999999998,8.340248629024197,5.9591884935979165
2097,-364.653076171875,237.693115234375,7.999999999999977,7.071887923868674,3.610464242927549
2098,-361.93231201171875,235.9265899658203,8.000000000000025,11.759685948693878,7.368594799824386
2099,-358.93792724609375,233.98243713378906,8.000000000000002,8.153054133658303,0.6132701042097924
2100,-356.04156494140625,232.13247680664062,7.999999999999991,7.806385867638784,4.154879287428314
2101,-353.14166259765625,230.28028869628906,8.00000000000001,9.198226399324104,4.1416096233000745
2102,-350.50244140625,228.59457397460938,7.999999999999996,5.275247566638645,2.475628258317062
2103,-347.8619079589844,226.90660095214844,7.999999999999991,8.389500528272718,7.313831477429876
2104,-344.9514465332031,225.04605102539062,8.000000000000009,9.359405348964199,4.197551652868729
2105,-342.05670166015625,223.19557189941406,8.0,7.45994405387811,7.862862670896622
2106,-339.3371276855469,221.4528350830078,8.000000000000014,6.196138253341947,4.372156614620633
2107,-336.6144104003906,219.70811462402344,8.000000000000016,4.457098428159749,2.8457828109989105
2108,-333.63140869140625,217.7965850830078,7.9999999999999805,12.039157812990496,11.057416317927885
2109,-330.7435302734375,215.9315948486328,8.0,10.479944761966163,5.428196829710979
2110,-327.8666076660156,214.07366943359375,8.00000000000002,4.490594920039889,7.142077833601616
2111,-325.23675537109375,212.3753204345703,7.999999999999981,7.834946255576237,5.095087618831953
2112,-321.0184020996094,209.71206665039062,8.000000000000009,7.510039237113912,3.921354985052314
2113,-316.7910461425781,207.04312133789062,7.999999999999993,6.139999360885887,2.6537470309461124
2114,-313.8865051269531,205.19784545898438,7.999999999999993,10.887876638103016,4.586475646302162
2115,-310.9875183105469,203.35610961914062,8.000000000000005,7.920484891428004,2.3652414982119083
2116,-308.3453369140625,201.67752075195312,8.000000000000021,8.078621480366387,5.720822853768383
2117,-305.39154052734375,199.77317810058594,7.999999999999997,11.258391582501966,2.790593140828473
2118,-302.6788330078125,198.0242462158203,7.999999999999989,5.3997993526033286,3.5102066671493652
2119,-299.9710998535156,196.2785186767578,7.999999999999977,10.073912796318718,6.052101014738554
2120,-297.098876953125,194.39161682128906,8.000000000000005,6.513486567242665,3.163552813333172
2121,-294.4847412109375,192.6742401123047,8.0,7.029099136567186,3.5844537344818836
2122,-291.6172790527344,190.7904815673828,8.000000000000009,11.465695835405162,0.33647473931327354
2123,-288.7930603027344,188.95750427246094,7.999999999999995,1.184206196773584,1.8082318655183878
2124,-285.97821044921875,187.13059997558594,7.999999999999995,6.731180902538211,2.837047514837854
2125,-283.1613464355469,185.30242919921875,7.999999999999989,7.6279821012530284,2.629760383967517
2126,-280.1915283203125,183.4346466064453,7.999999999999998,8.981220296930164,4.513353399190874
2127,-277.47149658203125,181.72398376464844,7.99999999999999,10.033105130737663,9.063482789690074
2128,-274.7360534667969,180.0036163330078,8.000000000000012,3.5102200716749095,5.692332232544733
2129,-272.002685546875,178.27638244628906,7.999999999999986,11.266278384901073,10.501098917113314
2130,-269.0116882324219,176.3863525390625,8.000000000000018,9.402733123964017,10.644633920725612
2131,-266.2801208496094,174.6602783203125,8.000000000000012,6.630142246311155,7.370742872195076
2132,-262.07513427734375,171.9457244873047,8.000000000000004,15.049242362567735,14.441069713611085
2133,-257.86505126953125,169.22789001464844,8.000000000000014,5.27309911138916,8.860691223197774
2134,-255.1543731689453,167.4773406982422,7.99999999999999,14.936803526822706,12.353012950125786
2135,-252.4481964111328,165.7296905517578,7.9999999999999964,8.848523653284026,7.04744528746389
2136,-249.47039794921875,163.80662536621094,8.000000000000005,4.017955464778383,4.260888563665209
2137,-246.604248046875,161.97335815429688,8.000000000000007,5.4579674191924585,4.60312079228749
2138,-243.98678588867188,160.29916381835938,7.9999999999999964,9.489214959982172,2.082470493700802
2139,-241.11659240722656,158.4633026123047,7.9999999999999964,9.508212458956926,3.982868490975086
2140,-238.39752197265625,156.71583557128906,8.000000000000007,9.885978204638437,6.671478586137432
2141,-235.41026306152344,154.79600524902344,8.00000000000001,9.081582715253981,2.3187757386228367
2142,-232.6810760498047,153.0420379638672,7.999999999999992,14.010208322559356,3.5598549075294095
2143,-229.79331970214844,151.17019653320312,8.00000000000001,10.609805251771316,3.91208824418875
2144,-226.90037536621094,149.29498291015625,8.000000000000002,8.70672654543016,4.995410227197157
2145,-224.26600646972656,147.58738708496094,7.999999999999993,6.398000823399958,1.3941779564006143
2146,-221.35816955566406,145.759765625,7.999999999999995,8.656057901162793,4.286781387800679
2147,-218.7056427001953,144.09262084960938,8.000000000000007,4.591138085269548,3.472566668091972
2148,-215.7998504638672,142.2663116455078,7.999999999999991,10.101593169770034,3.6076728981821353
2149,-213.08804321289062,140.55665588378906,8.000000000000009,6.688649568344127,5.105343352896985
2150,-210.37478637695312,138.84609985351562,8.000000000000005,6.318358698731376,4.699233922602908
2151,-207.39498901367188,136.96749877929688,8.00000000000001,9.743698158338058,0.6027930793092189
2152,-203.17758178710938,134.22702026367188,8.000000000000007,12.624982064245161,6.845329090108971
2153,-198.9492645263672,131.4794464111328,7.999999999999984,9.76262290187129,5.062839060751402
2154,-195.9793243408203,129.5196990966797,7.99999999999999,9.87252498451469,1.2406917697285254
2155,-193.27549743652344,127.73553466796875,7.999999999999991,3.1832475345625904,2.081343159804756
2156,-190.5648193359375,125.94686889648438,8.0,5.119549923625443,0.6633526444062782
2157,-187.69459533691406,124.06661987304688,7.999999999999993,4.28286024767225,1.052608535134539
2158,-184.83367919921875,122.19246673583984,7.999999999999986,5.881831146231672,4.1948573099374045
2159,-182.2212371826172,120.48108673095703,7.999999999999991,4.226873850030589,3.83916560175608
2160,-179.39874267578125,118.71454620361328,8.000000000000002,5.0161388594449985,2.6610018729884524
2161,-176.57225036621094,116.94548797607422,8.000000000000002,8.406706113004454,4.367867838752023
2162,-173.7550811767578,115.1822738647461,7.999999999999991,5.6143512683060255,2.8091359804779974
2163,-171.00997924804688,113.47909545898438,7.999999999999996,11.804013305361783,5.379850121422327
2164,-168.27346801757812,111.78125,8.000000000000004,2.1160802094601783,0.2997787928232064
2165,-165.26852416992188,109.91686248779297,8.000000000000007,5.300216511857353,5.131545346250972
2166,-162.27099609375,108.00298309326172,7.999999999999999,7.2146668636097875,4.463842551460551
2167,-159.5377197265625,106.2578353881836,7.999999999999987,6.9740126349212215,5.554479582307618
2168,-156.81259155273438,104.51786804199219,7.999999999999998,8.43229436375532,5.215825387273369
2169,-154.10044860839844,102.7397689819336,8.0,4.193584749187085,1.1803773842014182
2170,-151.1175079345703,100.78411865234375,7.999999999999992,9.63931061370888,6.482008645041653
2171,-148.40771484375,99.00755310058594,7.999999999999993,7.402485733271536,7.68791407793204
2172,-145.69259643554688,97.26133728027344,7.999999999999997,7.774428977527934,5.459316658563872
2173,-142.9842987060547,95.51950073242188,8.000000000000004,13.196901894928557,10.905134380807947
2174,-140.0130615234375,93.60855865478516,8.0,8.124936276710946,7.059440532004887
2175,-135.6444549560547,90.8409423828125,7.999999999999997,11.27628970483216,6.763534867714968
2176,-131.6490478515625,88.30975341796875,7.999999999999998,12.374167413786896,10.447953950762942
2177,-128.79266357421875,86.49287414550781,7.999999999999999,15.603203762451114,6.334569461544353
2178,-126.18891143798828,84.8366928100586,7.99999999999999,12.278504020657378,8.553123200461242
2179,-123.33609008789062,83.02207946777344,7.999999999999999,11.960236278502993,7.977539954099775
2180,-120.52458190917969,81.21148681640625,8.000000000000002,8.493203525004276,2.718055092353876
2181,-117.71334075927734,79.40107727050781,7.999999999999995,11.2198195258669,8.34352773460152
2182,-114.90058135986328,77.58968353271484,8.000000000000005,11.627094582076728,4.0694406767538265
2183,-111.98926544189453,75.70391082763672,8.000000000000005,3.2319942157067856,3.420369403958478
2184,-109.30876922607422,73.9676513671875,7.9999999999999964,9.700827407102112,6.6492941242763015
2185,-106.39358520507812,72.0793685913086,8.0,18.18419034021464,12.949034774278179
2186,-103.46590423583984,70.21493530273438,8.000000000000002,2.7768618386838493,10.031664137553657
2187,-100.78590393066406,68.50822448730469,7.999999999999998,17.058524941348917,14.520289248736702
2188,-97.84574127197266,66.63584899902344,7.999999999999996,17.17817903816455,10.464651365939705
2189,-95.21379089355469,64.97654724121094,8.000000000000004,5.901522513547498,5.625505314288758
2190,-92.32366943359375,63.15447998046875,7.999999999999998,16.003119530430226,8.749676217841252
2191,-89.44087219238281,61.337039947509766,7.999999999999998,8.04631167112461,3.1238731531918202
2192,-86.72245025634766,59.580684661865234,7.9999999999999964,14.202006693863776,8.548904583783468
2193,-83.997802734375,57.820308685302734,8.000000000000004,11.374351669734873,4.03567144001432
2194,-81.01557922363281,55.893516540527344,7.999999999999997,3.4915870981562622,2.7595916547449626
2195,-76.81578826904297,53.151214599609375,7.999999999999996,21.7087302281569,6.668428748968292
2196,-72.61071014404297,50.40546417236328,7.999999999999995,11.972149322913511,7.431657713072973
2197,-69.73775482177734,48.527252197265625,8.000000000000002,5.156590442256929,3.584370767672783
2198,-67.1033935546875,46.805023193359375,8.0,13.653255993917334,4.292347087797539
2199,-64.21605682373047,44.917415618896484,8.0,10.216212763287666,10.836706281612146
2200,-61.33393096923828,43.044673919677734,8.000000000000005,9.207883177169277,6.166968802849855
2201,-58.70815658569336,41.33850860595703,8.000000000000002,5.567291581214904,9.564400334164114
2202,-55.8213996887207,39.46276092529297,8.000000000000002,8.529309858969516,13.20637565179191
2203,-52.89684295654297,37.63021469116211,7.9999999999999964,5.276034236880989,7.69938870067787
2204,-50.22969436645508,35.958961486816406,7.999999999999998,4.294755994733341,8.010580112918404
2205,-47.293983459472656,34.119422912597656,8.000000000000002,9.522633836037576,8.070519252380452
2206,-44.31330871582031,32.2437744140625,7.999999999999999,10.54813950695103,4.385314255987209
2207,-41.5751838684082,30.520750045776367,7.999999999999999,7.528440124147869,6.4761881367829925
2208,-38.838050842285156,28.79835319519043,7.9999999999999964,11.573657611243442,6.1735701910290475
2209,-35.954036712646484,26.94350814819336,8.0,3.6278642129702643,2.84213885465554
2210,-33.32551574707031,25.25298309326172,8.000000000000002,11.914595260839555,5.91098077303572
2211,-30.443395614624023,23.399356842041016,8.0,11.54115857324161,6.44215530291745
2212,-26.065792083740234,20.568862915039062,7.999999999999997,2.41221194073419,3.006483211057018
2213,-22.058950424194336,17.978097915649414,7.999999999999999,15.263371171153844,10.835504593541618
2214,-19.091703414916992,16.06112289428711,8.0,10.515216256667257,6.254853367413374
2215,-16.385499954223633,14.312795639038086,8.0,14.223931391190986,8.201521959072464
2216,-13.68471908569336,12.567970275878906,8.0,13.222644795009382,5.485150624114166
2217,-11.121628761291504,10.9376220703125,8.0,16.29626305780028,7.438492920808151
2218,-8.3084135055542,9.148173332214355,8.0,11.156275263129174,5.643696595718542
2219,-5.739412307739258,7.514065742492676,8.0,10.1415502610483,9.462195392528157
2220,-3.4314727783203125,6.040510654449463,7.999999999999999,4.510128841170284,9.28127122431519
2221,-1.326034665107727,4.69624662399292,7.999999999999999,5.728013706148246,4.126453458661594
2222,0.9906103014945984,3.2171332836151123,8.0,3.647395934599834,3.500782055338143
2223,2.6601991653442383,2.1602890491485596,8.0,5.169893057998783,3.988993459438132
2224,4.189719200134277,1.1921076774597168,7.999999999999999,6.562634098149819,4.149568116671415
2225,5.861961841583252,0.13358338177204132,8.0,3.081843239467784,2.403155530992189
2226,6.806169033050537,-0.41509366035461426,8.0,8.765029759189222,5.516268159476008
2227,7.84283447265625,-1.01749849319458,8.0,11.28912430308685,3.4392480671492462
2228,8.792943000793457,-1.5696048736572266,7.999999999999999,8.98612271924938,5.49387716118055
2229,9.121515274047852,-1.7753535509109497,7.999999999999999,11.777258556573749,10.621798697647664
2230,9.422272682189941,-1.9636845588684082,7.999999999999999,8.040466401242018,8.937342737099618
2231,9.752915382385254,-2.1707301139831543,8.0,11.934833832800662,11.415389879146359
2232,9.684682846069336,-2.218543291091919,7.999999999999999,11.034434971630505,9.539919896683518
2233,9.609941482543945,-2.2709176540374756,7.999999999999998,6.758976694257186,7.173277766263879
2234,9.563813209533691,-2.3068325519561768,8.0,10.634817270963964,9.912299052799696
2235,9.51313304901123,-2.346292018890381,8.0,9.725340410418948,4.880626720645726
2236,9.46696662902832,-2.382237195968628,8.0,9.140552471039392,7.108203364005687
2237,9.457083702087402,-2.400190591812134,8.0,17.882974312435213,12.080846426528783
2238,9.447144508361816,-2.418248176574707,7.999999999999999,4.50701984555527,9.361603637713989
2239,9.436328887939453,-2.437896966934204,8.0,9.826857032428746,8.082464550947282
2240,9.44626522064209,-2.354862928390503,7.999999999999999,10.591995686619065,6.874885963764707
2241,9.457070350646973,-2.2645621299743652,8.0,4.789524165559189,5.543009366049076
2242,9.46696662902832,-2.1818621158599854,8.0,9.330425389905209,9.77428449568228
2243,9.407139778137207,-2.0552709102630615,8.0,3.957377609084255,9.85013515887102
2244,9.347637176513672,-1.9293670654296875,7.999999999999999,9.150216584640766,6.5495529321941355
2245,9.293354034423828,-1.8145077228546143,8.0,17.93826144118017,10.225607457117938
2246,9.130449295043945,-1.7198024988174438,8.000000000000002,4.015036825699674,9.488755076102018
2247,8.981963157653809,-1.6334800720214844,8.0,9.133382083383305,9.855325355781174
2248,8.833792686462402,-1.5473408699035645,8.0,10.346602603389552,6.642241774664644
2249,8.801807403564453,-1.5473408699035645,7.999999999999999,8.327973383037094,5.178295251436885
2250,8.766725540161133,-1.5473408699035645,8.0,10.954275484060421,9.122326766882328
2251,8.731668472290039,-1.5473408699035645,8.0,3.2904495110018104,5.639271160951538
2252,8.837142944335938,-1.619198203086853,7.999999999999999,10.873564889996011,9.312139290296479
2253,8.952970504760742,-1.6981079578399658,8.0,9.878645717751954,10.157516544749665
2254,9.058466911315918,-1.7699799537658691,8.0,4.010961115000898,7.818285720794359
2255,9.221914291381836,-1.8590610027313232,8.0,8.998335627150716,11.635275143516735
2256,9.385266304016113,-1.9480910301208496,7.999999999999999,3.935905694356034,7.148856262262531
2257,9.381864547729492,-1.977756381034851,8.0,8.96392209480072,7.0258093102424315
2258,9.378463745117188,-2.0074167251586914,7.999999999999999,15.590166770136111,8.57284741509461
2259,9.375054359436035,-2.03714656829834,7.999999999999998,4.016502970376022,6.726682222023377
2260,9.309885025024414,-2.0568790435791016,7.999999999999999,8.974224395164184,7.394178338679843
2261,9.250542640686035,-2.0748472213745117,8.0,9.82762405110024,6.70314982777118
2262,9.191229820251465,-2.092806339263916,8.0,8.799742447721297,11.225023394203495
2263,9.181015968322754,-2.0594069957733154,7.999999999999999,9.93277669081352,12.031639425549567
2264,9.170812606811523,-2.0260419845581055,8.0,3.8372265831175225,8.733515825324893
2265,9.160592079162598,-1.9926189184188843,8.0,9.744144794947957,10.677333834365273
2266,9.194601058959961,-1.9926189184188843,7.999999999999999,9.77143753904568,12.220825251007703
2267,9.228705406188965,-1.9926189184188843,8.0,4.210247786304471,5.803107523443924
2268,9.262717247009277,-1.9926189184188843,7.999999999999999,9.81718031873609,9.101413998446414
2269,9.30890941619873,-2.0213911533355713,8.0,8.053108284900189,4.286606329839816
2270,9.359565734863281,-2.052943706512451,8.0,8.963399135272224,7.56120582007693
2271,9.405691146850586,-2.081674575805664,8.0,15.516138499853897,9.626333577680072
2272,9.416472434997559,-2.128678560256958,8.0,6.267003233366403,10.103616523872622
2273,9.426443099975586,-2.172153949737549,7.999999999999999,9.45202250316391,12.012332767233156
2274,9.436328887939453,-2.2152578830718994,7.999999999999999,9.99962971647712,9.757039448732126
2275,9.436328887939453,-2.2152578830718994,8.0,4.34424905080123,6.869925479814854
