frame_id,image_path,reference_x,reference_y,previous_final_x,previous_final_y,previous_final_error_to_current_ref_m,prior_x,prior_y,prior_error_m,ms1_x,ms1_y,ms1_error_m,ms1_support,kalman_x_prime_x,kalman_x_prime_y,kalman_error_m,pred_speed_m_per_frame,pred_acceleration_m_per_frame2,pred_heading_deg,pred_heading_delta_deg,delta_x,delta_y,ms2_x,ms2_y,ms2_support,final_x,final_y,next_prior_x,next_prior_y,error_final_m,tracking_core_latency_ms
0,/yh/study/new_data/model_dataset_flight/vi/vi_000000.jpg,-18.780746459960938,-2.1595981121063232,-18.780745674413577,-2.1595981213156596,7.856013413017934e-07,-18.780746459960938,-2.1595981121063232,0.0,-25.755990982055664,-1.2430986166000366,7.035197756159792,0.38273707032203674,-24.709704185909352,-1.38057354230738,5.979917975727913,0.6577466130256653,0.010181731544435024,171.38656272967998,-2.523446472590003,-0.6553615927696228,0.09927132725715637,-21.890483856201172,-1.5951441526412964,0.3496328294277191,-21.890483856201172,-1.5951441526412964,-21.890483856201172,-1.5951441526412964,3.1605497853903106,1616.9404699467123
1,/yh/study/new_data/model_dataset_flight/vi/vi_000001.jpg,-25.919267654418945,-1.4582853317260742,-21.890483856201172,-1.5951441526412964,4.031107692637885,-25.919267654418945,-1.4582853317260742,0.0,-32.640438079833984,-0.7486943602561951,6.758524338512464,0.5052306652069092,-30.265243611437207,-0.9357168184754892,4.3772805336215,0.6449896097183228,0.007748913019895554,170.67932396188183,-3.230677129538504,-0.6402973532676697,0.10508998483419418,-27.219432830810547,-1.0389004945755005,0.5193246603012085,-27.219432830810547,-1.0389004945755005,-27.859730184078217,-0.9338105097413063,1.3661307139264594,30.114302993752062
2,/yh/study/new_data/model_dataset_flight/vi/vi_000002.jpg,-28.881437301635742,-1.16508948802948,-27.219432830810547,-1.0389004945755005,1.6667880858441082,-28.881437301635742,-1.16508948802948,0.0,-32.63673400878906,-0.6469616889953613,3.7908719016722934,0.5020917654037476,-31.157582620231416,-0.7539774906753814,2.312974402308309,0.5946397185325623,0.006016346160322428,167.172131106107,-3.5071913616709467,-0.5827315449714661,0.13269145786762238,-27.79495620727539,-0.893047034740448,0.5234156250953674,-27.79495620727539,-0.893047034740448,-28.377687752246857,-0.7603555768728256,1.1200215465757712,30.755590996704996
3,/yh/study/new_data/model_dataset_flight/vi/vi_000003.jpg,-31.84273910522461,-0.8719794154167175,-27.79495620727539,-0.893047034740448,4.0478377232189215,-31.84273910522461,-0.8719794154167175,0.0,-37.4322624206543,-1.8087022304534912,5.667470381567291,0.41395699977874756,-34.242206319537985,-1.5056101237039718,2.481719320763208,0.5455445051193237,0.005574319511651993,163.57499831934146,-3.597137909407433,-0.5259546041488647,0.155046284198761,-28.89217758178711,-1.374070644378662,0.4851885735988617,-28.89217758178711,-1.374070644378662,-29.418132185935974,-1.2190243601799011,2.992976596265052,29.571532970294356
4,/yh/study/new_data/model_dataset_flight/vi/vi_000004.jpg,-34.80412292480469,-0.5788613557815552,-28.89217758178711,-1.374070644378662,5.96518696701942,-34.80412292480469,-0.5788613557815552,0.0,-37.53532409667969,-1.3092167377471924,2.8271679867347013,0.4272910952568054,-34.3185019742597,-1.3333541836666851,0.8972664793350491,0.49835851788520813,0.005464285612106323,159.89642235691267,-3.678574254881495,-0.47056058049201965,0.17223402857780457,-29.054424285888672,-1.278608798980713,0.4734876751899719,-29.054424285888672,-1.278608798980713,-29.52498486638069,-1.1063747704029083,5.792122315923279,30.37772700190544
5,/yh/study/new_data/model_dataset_flight/vi/vi_000005.jpg,-38.077056884765625,-0.2521708011627197,-29.054424285888672,-1.278608798980713,9.080830026912832,-38.077056884765625,-0.2521708011627197,0.0,-47.704261779785156,0.8461378216743469,9.689652002094103,0.3173370063304901,-40.333104985245974,0.00635353429697183,2.270812159494014,0.4542791247367859,0.0058379098773002625,156.15649763535882,-3.7399230140065494,-0.41817760467529297,0.18481768667697906,-33.63901901245117,-0.9218907356262207,0.5457493662834167,-33.63901901245117,-0.9218907356262207,-34.057196617126465,-0.7370730489492416,4.488285301394642,34.590157913044095
6,/yh/study/new_data/model_dataset_flight/vi/vi_000006.jpg,-41.34334182739258,0.07385636121034622,-33.63901901245117,-0.9218907356262207,7.768404103655082,-41.34334182739258,0.07385636121034622,0.0,-51.78065872192383,1.5495555400848389,10.541122901446425,0.37869149446487427,-44.419868444113085,0.5467907398949918,3.11266492734627,0.41294345259666443,0.005760601721704006,152.43877102860753,-3.7177270336381234,-0.36863479018211365,0.19240009784698486,-38.789947509765625,-0.9934059977531433,0.4379197359085083,-38.789947509765625,-0.9934059977531433,-39.15858229994774,-0.8010058999061584,2.7674666184346157,35.71622306481004
7,/yh/study/new_data/model_dataset_flight/vi/vi_000007.jpg,-44.61831283569336,0.40075016021728516,-38.789947509765625,-0.9934059977531433,5.992788479938498,-44.61831283569336,0.40075016021728516,0.0,-55.63004684448242,0.9467991590499878,11.025264413584276,0.3642905652523041,-48.73307871528925,0.15217598821270828,4.122267260000779,0.3741903007030487,0.0053740921430289745,148.64778381281866,-3.7909914846570887,-0.3218475878238678,0.19608838856220245,-43.452152252197266,-0.6059640645980835,0.2997722625732422,-43.452152252197266,-0.6059640645980835,-43.77399984002113,-0.40987567603588104,1.5405856149352941,34.401878947392106
8,/yh/study/new_data/model_dataset_flight/vi/vi_000008.jpg,-47.93851089477539,0.7270652055740356,-43.452152252197266,-0.6059640645980835,4.6802116303615,-47.93851089477539,0.7270652055740356,0.0,-55.10599136352539,1.3279893398284912,7.192627203257666,0.3569541871547699,-50.320898979997715,0.5339037499027193,2.3902059192810885,0.338334858417511,0.004429850727319717,144.80410851777233,-3.8436718799517506,-0.27829259634017944,0.1962839663028717,-51.165828704833984,0.8981994986534119,0.4375574588775635,-51.165828704833984,0.8981994986534119,-51.444121301174164,1.0944834649562836,3.231851975785583,33.70326803997159
9,/yh/study/new_data/model_dataset_flight/vi/vi_000009.jpg,-51.25859451293945,1.0533686876296997,-51.165828704833984,0.8981994986534119,0.18078432554018498,-51.25859451293945,1.0533686876296997,0.0,-59.81915283203125,0.5067067742347717,8.57799498613332,0.4995485544204712,-56.26447113107375,0.6675272870334383,5.020724479833336,0.3049495816230774,0.00559055432677269,140.92957442805587,-3.874529393961399,-0.23892444372177124,0.1939639449119568,-55.70603561401367,0.5095785856246948,0.4060834050178528,-55.70603561401367,0.5095785856246948,-55.94496005773544,0.7035425305366516,4.480562467209097,34.742850926704705
10,/yh/study/new_data/model_dataset_flight/vi/vi_000010.jpg,-54.585689544677734,1.3803616762161255,-55.70603561401367,0.5095785856246948,1.4189568372351744,-54.585689544677734,1.3803616762161255,0.0,-61.76587677001953,0.16829952597618103,7.281770612083699,0.5421885848045349,-59.276479955968625,0.30849775591646417,4.811694810178501,0.27417701482772827,0.004645854234695435,136.97949844611907,-3.9500806776918487,-0.20215176045894623,0.18864485621452332,-59.014442443847656,0.25645869970321655,0.42638885974884033,-59.014442443847656,0.25645869970321655,-59.2165942043066,0.44510355591773987,4.569136695538947,34.41666904836893
11,/yh/study/new_data/model_dataset_flight/vi/vi_000011.jpg,-57.930152893066406,1.7030118703842163,-59.014442443847656,0.25645869970321655,1.8078163362301654,-57.930152893066406,1.7030118703842163,0.0,-61.987892150878906,0.2519550323486328,4.309386711772635,0.5076562762260437,-60.766365023326514,0.2538051903768945,3.185011656055975,0.24587565660476685,0.004900072235614061,133.0190132558872,-3.9604787869295466,-0.16941797733306885,0.18155771493911743,-59.79869842529297,0.2785658836364746,0.386055588722229,-59.79869842529297,0.2785658836364746,-59.96811640262604,0.46012359857559204,2.349576296944961,35.48595297615975
12,/yh/study/new_data/model_dataset_flight/vi/vi_000012.jpg,-61.281715393066406,2.0263473987579346,-59.79869842529297,0.2785658836364746,2.292177905683629,-61.281715393066406,2.0263473987579346,0.0,-73.31416320800781,4.77120304107666,12.341557151204915,0.3554947078227997,-67.76163715487827,2.9255036689139153,6.542007951490414,0.2205471247434616,0.005033710040152073,129.03294217702444,-3.9860646755604145,-0.14047835767269135,0.1732725352048874,-74.51766967773438,3.974374532699585,0.3349960744380951,-74.51766967773438,3.974374532699585,-74.65814803540707,4.147647067904472,13.378538617516986,35.039099981077015
13,/yh/study/new_data/model_dataset_flight/vi/vi_000013.jpg,-64.62455749511719,2.3488411903381348,-74.51766967773438,3.974374532699585,10.025768165331643,-64.62455749511719,2.3488411903381348,0.0,-75.64714813232422,11.088113784790039,14.066712118884862,0.4731631875038147,-75.18311172147307,8.165495812878614,12.054730952983528,0.19744130969047546,0.00457958597689867,125.06573608064924,-3.967209938356594,-0.11474868655204773,0.16347858309745789,-76.3314208984375,9.90433120727539,0.36241814494132996,-76.3314208984375,9.90433120727539,-76.44616958498955,10.067809790372849,13.933272413185604,32.798863016068935
14,/yh/study/new_data/model_dataset_flight/vi/vi_000014.jpg,-67.96265411376953,2.678952693939209,-76.3314208984375,9.90433120727539,11.056326340929976,-67.96265411376953,2.678952693939209,0.0,-75.21875,11.148948669433594,11.153105367343295,0.4283459782600403,-75.6758899066011,10.637598627652073,11.08305244479256,0.17659258842468262,0.004715035669505596,121.09898077675928,-3.966761280305489,-0.0924309715628624,0.1532307267189026,-76.05764770507812,12.04792308807373,0.39579489827156067,-76.05764770507812,12.04792308807373,-76.15007867664099,12.201153814792633,12.38170131643856,32.91627496946603
15,/yh/study/new_data/model_dataset_flight/vi/vi_000015.jpg,-71.30087280273438,3.009075880050659,-76.05764770507812,12.04792308807373,10.214091556352619,-71.30087280273438,3.009075880050659,0.0,-76.38887023925781,10.36525821685791,8.944335441296019,0.35590049624443054,-76.25278661557195,11.056585374567907,9.449013677316634,0.15771089494228363,0.004123820457607508,117.17711347609463,-3.921871996419696,-0.0729750469326973,0.1421337127685547,-76.36764526367188,11.71888542175293,0.3687793016433716,-76.36764526367188,11.71888542175293,-76.44062031060457,11.861019134521484,10.076356753491936,35.38280096836388
16,/yh/study/new_data/model_dataset_flight/vi/vi_000016.jpg,-74.64299774169922,3.3395848274230957,-76.36764526367188,11.71888542175293,8.554945208777362,-74.64299774169922,3.3395848274230957,0.0,-77.53494262695312,10.676661491394043,7.886446550401091,0.3255634307861328,-77.05535421869799,11.104863020438188,8.131359614912727,0.14068838953971863,0.0036789015866816044,113.26010243992987,-3.917009755504293,-0.0562850721180439,0.1309434026479721,-76.64960479736328,12.561327934265137,0.37085095047950745,-76.64960479736328,12.561327934265137,-76.70588986948133,12.692271336913109,9.437532400179059,47.39444504957646
17,/yh/study/new_data/model_dataset_flight/vi/vi_000017.jpg,-77.97047424316406,3.6625680923461914,-76.64960479736328,12.561327934265137,8.996256044433116,-77.97047424316406,3.6625680923461914,0.0,-83.76651763916016,9.128713607788086,7.966985994983013,0.24829375743865967,-80.842505978802,10.539016718033462,7.452121308206664,0.12524904310703278,0.0035027514677494764,109.35857544261353,-3.90152785108999,-0.04209798201918602,0.11982014030218124,-81.10625457763672,10.305747985839844,0.2551497220993042,-81.10625457763672,10.305747985839844,-81.1483525596559,10.425568126142025,7.3460844947076245,45.7590400474146
18,/yh/study/new_data/model_dataset_flight/vi/vi_000018.jpg,-81.29307556152344,3.9850776195526123,-81.10625457763672,10.305747985839844,6.323430711194831,-81.29307556152344,3.9850776195526123,0.0,-80.14513397216797,9.247928619384766,5.386591736804104,0.24393709003925323,-80.54001419108681,9.682537908401775,5.747012717112872,0.11146332323551178,0.003656923770904541,105.4836247113577,-3.8749511581426472,-0.03024470806121826,0.10918006300926208,-79.90855407714844,8.04942798614502,0.24384015798568726,-79.90855407714844,8.04942798614502,-79.93879878520966,8.158608049154282,4.293698131345028,46.73922702204436
19,/yh/study/new_data/model_dataset_flight/vi/vi_000019.jpg,-84.62059020996094,4.3080644607543945,-79.90855407714844,8.04942798614502,6.016733793849778,-84.62059020996094,4.3080644607543945,0.0,-85.47297668457031,8.932671546936035,4.702505013677119,0.23463493585586548,-83.18681153533667,8.569787418711813,4.496443467696291,0.0989481508731842,0.003027648199349642,101.61445915032888,-3.8691668416892924,-0.020225519314408302,0.09840496629476547,-84.07719421386719,6.970409393310547,0.2586806118488312,-84.07719421386719,6.970409393310547,-84.0974197331816,7.068814359605312,2.7172338413316846,46.59422906115651
20,/yh/study/new_data/model_dataset_flight/vi/vi_000020.jpg,-87.91920471191406,4.623467922210693,-84.07719421386719,6.970409393310547,4.502130488543257,-87.91920471191406,4.623467922210693,0.0,-91.34324645996094,7.841513633728027,4.698923290902183,0.2950129508972168,-88.35795996331017,7.483616988064412,2.893606547119279,0.08768858760595322,0.00254146009683609,97.72906505983211,-3.885395798044066,-0.011964039877057076,0.08815113455057144,-89.89998626708984,5.9245991706848145,0.3033822178840637,-89.89998626708984,5.9245991706848145,-89.9119503069669,6.012750305235386,2.3699025497012345,44.65465492103249
21,/yh/study/new_data/model_dataset_flight/vi/vi_000021.jpg,-91.22086334228516,4.939162731170654,-89.89998626708984,5.9245991706848145,1.6479688176961567,-91.22086334228516,4.939162731170654,0.0,-92.7706069946289,7.840946197509766,3.2896888414405967,0.3368469178676605,-91.5912010165905,7.053607376414073,2.1466313495354665,0.07764629274606705,0.0019923625513911247,93.82259300555667,-3.9064746155963714,-0.005242885090410709,0.07846751064062119,-92.48371887207031,5.552248954772949,0.41790127754211426,-92.48371887207031,5.552248954772949,-92.48896175716072,5.63071646541357,1.4038086788020192,50.25249009486288
22,/yh/study/new_data/model_dataset_flight/vi/vi_000022.jpg,-94.5164794921875,5.254280090332031,-92.48371887207031,5.552248954772949,2.054483191188339,-94.5164794921875,5.254280090332031,0.0,-93.73109436035156,7.837507724761963,2.6999805215207413,0.3392678499221802,-93.21860515789281,6.898600029808549,2.0948188110146764,0.068680040538311,0.0022838287986814976,89.8743338539391,-3.948257017183455,0.00015313952462747693,0.0698217898607254,-93.72681427001953,5.525962829589844,0.43443071842193604,-93.72681427001953,5.525962829589844,-93.7266611304949,5.595784619450569,0.8350944101790024,37.9564689937979
23,/yh/study/new_data/model_dataset_flight/vi/vi_000023.jpg,-97.71556854248047,5.570963382720947,-93.72681427001953,5.525962829589844,3.989008109274471,-97.71556854248047,5.570963382720947,0.0,-94.904052734375,7.935417652130127,3.673590223657811,0.3758191466331482,-94.42037960513657,6.945483506192491,3.5703747285994805,0.06068316102027893,0.0016331644728779793,85.97018406398148,-3.9041463748630436,0.004321930464357138,0.06134769320487976,-93.98335266113281,5.782268524169922,0.4409029483795166,-93.98335266113281,5.782268524169922,-93.97903073066846,5.843616217374802,3.738192778306977,42.320571024902165
24,/yh/study/new_data/model_dataset_flight/vi/vi_000024.jpg,-101.2225570678711,5.918126583099365,-93.98335266113281,5.782268524169922,7.240479117759751,-101.2225570678711,5.918126583099365,0.0,-95.80207824707031,8.000748634338379,5.806798193071361,0.42317360639572144,-95.05484756755881,7.089277210050128,6.277916395688108,0.05357784405350685,0.0016292731743305922,82.04307117803427,-3.9271098977394496,0.007529477123171091,0.05386881157755852,-93.90955352783203,6.018321514129639,0.47406983375549316,-93.90955352783203,6.018321514129639,-93.90202405070886,6.072190325707197,7.313689889572022,43.4940829873085
25,/yh/study/new_data/model_dataset_flight/vi/vi_000025.jpg,-104.41236877441406,6.233891487121582,-93.90955352783203,6.018321514129639,10.505027297303503,-104.41236877441406,6.233891487121582,0.0,-97.37702941894531,7.702138900756836,7.186915215463033,0.3361113369464874,-95.95240308261893,7.010335793862501,8.495521482982731,0.047279417514801025,0.0020945065189152956,78.06173342026632,-3.9813377577679425,0.009996742010116577,0.047281414270401,-94.24879455566406,5.391037464141846,0.45293816924095154,-94.24879455566406,5.391037464141846,-94.23879781365395,5.438318878412247,10.198462815743008,44.38892693724483
26,/yh/study/new_data/model_dataset_flight/vi/vi_000026.jpg,-107.75296020507812,6.5345540046691895,-94.24879455566406,5.391037464141846,13.552494971970082,-107.75296020507812,6.5345540046691895,0.0,-113.52962493896484,8.460914611816406,6.0893941107879614,0.30326321721076965,-105.60801867061521,7.199643309043869,2.245688751598877,0.04169054329395294,0.001566731370985508,74.10113894700771,-3.960591485050852,0.011635307222604752,0.04084914177656174,-106.20648956298828,5.242171764373779,0.25192496180534363,-106.20648956298828,5.242171764373779,-106.19485425576568,5.283020906150341,2.0153965619393017,45.5415059113875
27,/yh/study/new_data/model_dataset_flight/vi/vi_000027.jpg,-111.09230041503906,6.835103988647461,-106.20648956298828,5.242171764373779,5.138927977034381,-111.09230041503906,6.835103988647461,0.0,-118.11678314208984,8.716291427612305,7.272016485346681,0.49297386407852173,-113.22339139496303,7.288935470706934,2.1788785599068152,0.03679945319890976,0.0015917106065899134,70.15738089005318,-3.943760618275471,0.01276126503944397,0.03536321967840195,-117.24419403076172,5.764603137969971,0.4314543604850769,-117.24419403076172,5.764603137969971,-117.23143276572227,5.799966357648373,6.244338806508693,44.43351598456502
28,/yh/study/new_data/model_dataset_flight/vi/vi_000028.jpg,-114.4308090209961,7.135579586029053,-117.24419403076172,5.764603137969971,3.1296504012919115,-114.4308090209961,7.135579586029053,0.0,-118.34184265136719,8.718191146850586,4.2191045744730795,0.47694823145866394,-117.89086932601082,7.5046977017781025,3.4796933051222627,0.03247363120317459,0.0011303838109597564,66.23334158923247,-3.9240401545943517,0.013315069489181042,0.030236944556236267,-118.6357192993164,6.743171691894531,0.4185446798801422,-118.6357192993164,6.743171691894531,-118.62240422982723,6.7734086364507675,4.223180602828027,37.81457105651498
29,/yh/study/new_data/model_dataset_flight/vi/vi_000029.jpg,-117.76180267333984,7.465998649597168,-118.6357192993164,6.743171691894531,1.1341115817854557,-117.76180267333984,7.465998649597168,0.0,-123.50434875488281,14.259525299072266,8.895439271658981,0.3090684413909912,-121.504052873025,11.171401361064426,5.266350331224891,0.028666462749242783,0.0016588991275057197,62.316624251202015,-3.9167186186909215,0.01370336301624775,0.026119468733668327,-122.9786376953125,9.527911186218262,0.32314473390579224,-122.9786376953125,9.527911186218262,-122.96493433229625,9.55403065495193,5.609532151182991,45.48219800926745
30,/yh/study/new_data/model_dataset_flight/vi/vi_000030.jpg,-121.08988952636719,7.79612922668457,-122.9786376953125,9.527911186218262,2.5625062733700035,-121.08988952636719,7.79612922668457,0.0,-126.41525268554688,14.235199928283691,8.355903558403512,0.2659061551094055,-125.00330567349947,12.301191523766315,5.967446040076367,0.025306763127446175,0.001211880357004702,58.44353816158961,-3.8730890778201723,0.013561117462813854,0.022080859169363976,-126.1144027709961,11.661561012268066,0.2738405168056488,-126.1144027709961,11.661561012268066,-126.10084165353328,11.68364187143743,6.3393450950749255,46.18297901470214
31,/yh/study/new_data/model_dataset_flight/vi/vi_000031.jpg,-124.41860961914062,8.126322746276855,-126.1144027709961,11.661561012268066,3.920921321731469,-124.41860961914062,8.126322746276855,0.0,-126.92706298828125,14.261248588562012,6.627944884765653,0.2730036973953247,-126.59317828811207,13.193156551469153,5.513760396091918,0.02233049087226391,0.0008957877289503813,54.59459679069319,-3.848949908632878,0.013196839950978756,0.01856604963541031,-127.34403991699219,12.540660858154297,0.2615123987197876,-127.34403991699219,12.540660858154297,-127.33084307704121,12.559226907789707,5.295708016267662,46.32863402366638
32,/yh/study/new_data/model_dataset_flight/vi/vi_000032.jpg,-127.7506332397461,8.479126930236816,-127.34403991699219,12.540660858154297,4.08183487879322,-127.7506332397461,8.479126930236816,0.0,-129.69259643554688,14.056219100952148,5.905520987558933,0.22368694841861725,-128.72768259781856,13.433545936050484,5.0498409017787385,0.0197046659886837,0.0009060059674084187,50.77386751616351,-3.8207339702847323,0.01274736039340496,0.015615263022482395,-128.52520751953125,12.630793571472168,0.24145524203777313,-128.52520751953125,12.630793571472168,-128.51246015913785,12.64640883449465,4.223304537308565,45.206353068351746
33,/yh/study/new_data/model_dataset_flight/vi/vi_000033.jpg,-131.07872009277344,8.831513404846191,-128.52520751953125,12.630793571472168,4.577658380244581,-131.07872009277344,8.831513404846191,0.0,-133.62118530273438,14.050008773803711,5.804896490006759,0.21832354366779327,-131.52748245124891,13.466918532361303,4.657077232618959,0.01737825758755207,0.0004135048948228359,46.94803609032383,-3.8258352678210854,0.012004606425762177,0.012849980033934116,-132.08627319335938,12.502608299255371,0.23388510942459106,-132.08627319335938,12.502608299255371,-132.0742685869336,12.515458279289305,3.806849218744746,35.5462150182575
34,/yh/study/new_data/model_dataset_flight/vi/vi_000034.jpg,-134.4064178466797,9.183857917785645,-132.08627319335938,12.502608299255371,4.0493425771149925,-134.4064178466797,9.183857917785645,0.0,-139.18495178222656,14.20372200012207,6.930614834075288,0.2199779748916626,-136.2684312957595,13.504812633219847,4.7050763795487125,0.015349116176366806,0.0005711393896490335,43.21967487903483,-3.7283629188363028,0.011393520049750805,0.010706592351198196,-137.2959442138672,12.17282485961914,0.25557658076286316,-137.2959442138672,12.17282485961914,-137.28455069381744,12.183531451970339,4.1573171644758204,39.82851898763329
35,/yh/study/new_data/model_dataset_flight/vi/vi_000035.jpg,-137.9134521484375,9.491893768310547,-137.2959442138672,12.17282485961914,2.75112841677781,-137.9134521484375,9.491893768310547,0.0,-131.65660095214844,5.917593479156494,7.205817750231449,0.2262447625398636,-133.97354768344817,8.487580307032134,4.065893840442449,0.013547091744840145,0.0006348085589706898,39.41776619076312,-3.8019078344980612,0.01071083266288042,0.008803540840744972,-134.46575927734375,7.939733028411865,0.2546711564064026,-134.46575927734375,7.939733028411865,-134.45504844468087,7.94853656925261,3.780977267304511,37.54244896117598
36,/yh/study/new_data/model_dataset_flight/vi/vi_000036.jpg,-141.10328674316406,9.772066116333008,-134.46575927734375,7.939733028411865,6.885798094963985,-141.10328674316406,9.772066116333008,0.0,-137.12168884277344,6.275076866149902,5.299250480614332,0.23995524644851685,-136.03048955952409,6.959007507519535,5.800566351914724,0.011956172063946724,0.00035383785143494606,35.65760703379311,-3.7601595838568276,0.009858319535851479,0.007072866428643465,-137.1984100341797,5.775919437408447,0.27908939123153687,-137.1984100341797,5.775919437408447,-137.18855171464384,5.782992303837091,5.5872399618996536,38.363669998943806
37,/yh/study/new_data/model_dataset_flight/vi/vi_000037.jpg,-144.29208374023438,10.052149772644043,-137.1984100341797,5.775919437408447,8.28289517789286,-144.29208374023438,10.052149772644043,0.0,-141.04319763183594,6.291892051696777,4.969386186772756,0.2482210248708725,-139.46355127169994,6.079902639697202,6.252477355808307,0.01055391225963831,0.00019201496616005898,31.89436063131826,-3.7632438411539115,0.009042033925652504,0.005626935511827469,-140.34507751464844,5.016440391540527,0.29011470079421997,-140.34507751464844,5.016440391540527,-140.33603548072278,5.022067327052355,6.398220621059273,49.29867491591722
38,/yh/study/new_data/model_dataset_flight/vi/vi_000038.jpg,-147.48928833007812,10.328798294067383,-140.34507751464844,5.016440391540527,8.902858791413129,-147.48928833007812,10.328798294067383,0.0,-141.0076904296875,6.33353328704834,7.614016930547176,0.24696649610996246,-140.7354532636972,5.792400403760281,8.135919980128826,0.009314018301665783,-6.728759035468102e-05,28.162632136768437,-3.7317280676630036,0.008181684650480747,0.0043801129795610905,-141.05917358398438,4.803180694580078,0.2824244499206543,-141.05917358398438,4.803180694580078,-141.0509918993339,4.807560807559639,8.478138091803892,45.847812900319695
39,/yh/study/new_data/model_dataset_flight/vi/vi_000039.jpg,-150.68637084960938,10.605437278747559,-141.05917358398438,4.803180694580078,11.24051193939904,-150.68637084960938,10.605437278747559,0.0,-145.722412109375,6.635589122772217,6.356145117620433,0.2256077527999878,-143.80650191252312,5.882736792089309,8.344848499413661,0.008217672817409039,-0.00016762525774538517,24.439306482445016,-3.7233252274365953,0.00740506686270237,0.0033652144484221935,-144.30862426757812,4.83798885345459,0.2709193825721741,-144.30862426757812,4.83798885345459,-144.30121920071542,4.841354067903012,8.598785542332454,44.45825901348144
40,/yh/study/new_data/model_dataset_flight/vi/vi_000040.jpg,-154.1981964111328,10.909310340881348,-144.30862426757812,4.83798885345459,11.60450696006783,-154.1981964111328,10.909310340881348,0.0,-151.14035034179688,7.861377239227295,4.3174435463491285,0.22926275432109833,-148.33350836353924,6.6192060301403055,7.26633063468941,0.007256816141307354,-0.0003420084249228239,20.733196319924616,-3.706108454973109,0.006626928225159645,0.0025084963999688625,-148.41464233398438,5.605475425720215,0.2515915036201477,-148.41464233398438,5.605475425720215,-148.40801540575922,5.607983922120184,7.847302885105341,38.12595608178526
41,/yh/study/new_data/model_dataset_flight/vi/vi_000041.jpg,-157.47799682617188,11.261993408203125,-148.41464233398438,5.605475425720215,10.683659969186957,-157.47799682617188,11.261993408203125,0.0,-151.29959106445312,7.817422389984131,7.0737378560414355,0.23075386881828308,-150.11429834137994,6.908635133948621,8.55428451940589,0.006410324480384588,1.6809208318591118e-05,17.11201102199686,-3.6211861517014015,0.006134580820798874,0.0018886512843891978,-151.39659118652344,5.93439245223999,0.2614184319972992,-151.39659118652344,5.93439245223999,-151.39045660570264,5.936281103524379,8.084975355554718,38.38004788849503
42,/yh/study/new_data/model_dataset_flight/vi/vi_000042.jpg,-160.7559356689453,11.614477157592773,-151.39659118652344,5.93439245223999,10.948090765088834,-160.7559356689453,11.614477157592773,0.0,-155.7523193359375,7.919750690460205,6.219901934506079,0.23550355434417725,-153.96275100681623,7.104058318667709,8.154215839448689,0.005662521347403526,-0.00022278167307376862,13.460783137004805,-3.6512278849920565,0.00539863808080554,0.001292190863750875,-155.45863342285156,6.257068634033203,0.29084694385528564,-155.45863342285156,6.257068634033203,-155.45323478477076,6.258360824896954,7.534138117580446,37.928755045868456
43,/yh/study/new_data/model_dataset_flight/vi/vi_000043.jpg,-164.03280639648438,11.966845512390137,-155.45863342285156,6.257068634033203,10.301358851258158,-164.03280639648438,11.966845512390137,0.0,-159.89349365234375,7.188469886779785,6.321928789003567,0.23932647705078125,-158.07141359166633,6.805799957334492,7.885086898360475,0.0050047156400978565,-0.0002478351816534996,9.841313924106014,-3.6194692128987893,0.0048089767806231976,0.000834226026199758,-159.0914764404297,5.904154300689697,0.30075228214263916,-159.0914764404297,5.904154300689697,-159.08666746364906,5.904988526715897,7.821314880698332,38.51719992235303
44,/yh/study/new_data/model_dataset_flight/vi/vi_000044.jpg,-167.38104248046875,12.304368019104004,-159.0914764404297,5.904154300689697,10.472804818841396,-167.38104248046875,12.304368019104004,0.0,-164.90234375,5.708439826965332,7.046290947177608,0.23824840784072876,-162.5149256777009,5.788849901174136,8.132101148119844,0.004418554715812206,-0.00021990970708429813,6.215517394714855,-3.62579652939116,0.004283272661268711,0.00046648606075905263,-162.2264404296875,4.8211140632629395,0.27794408798217773,-162.2264404296875,4.8211140632629395,-162.22215715702623,4.8215805493236985,9.086749257546904,37.80480602290481
45,/yh/study/new_data/model_dataset_flight/vi/vi_000045.jpg,-170.73062133789062,12.642024993896484,-162.2264404296875,4.8211140632629395,11.553689484504497,-170.73062133789062,12.642024993896484,0.0,-164.761474609375,11.787249565124512,6.0300376201298365,0.2185455858707428,-163.71994567882894,8.925184936004868,7.935015640344247,0.0039032502099871635,-0.0002241374459117651,2.633538663283442,-3.5819787314314127,0.0037871773820370436,0.00017419620417058468,-164.00042724609375,7.660262107849121,0.25694844126701355,-164.00042724609375,7.660262107849121,-163.9966400687117,7.660436304053292,8.373378885853459,37.97771001700312
46,/yh/study/new_data/model_dataset_flight/vi/vi_000046.jpg,-174.08189392089844,12.979852676391602,-164.00042724609375,7.660262107849121,11.398860211973984,-174.08189392089844,12.979852676391602,0.0,-169.9552764892578,11.213085174560547,4.488924017250305,0.2205096334218979,-167.50870286374547,9.753393609554694,7.322354729443927,0.003448494477197528,-0.00021269544959068298,-0.9442371539308856,-3.5777758172143277,0.003341692965477705,-5.5076245189411566e-05,-168.94422912597656,8.05080509185791,0.24520839750766754,-168.94422912597656,8.05080509185791,-168.94088743301108,8.05075001561272,7.1197689313331685,37.42008097469807
47,/yh/study/new_data/model_dataset_flight/vi/vi_000047.jpg,-179.34275817871094,13.486869812011719,-168.94422912597656,8.05080509185791,11.733720897578133,-179.34275817871094,13.486869812011719,0.0,-174.8441925048828,11.259086608886719,5.019971227195488,0.224004864692688,-172.42016895619412,9.940951317419497,7.777903285204644,0.0030471079517155886,-0.0002892776392400265,-4.498976877508876,-3.554740363908225,0.0028935258742421865,-0.0002276734303450212,-174.23895263671875,8.545584678649902,0.2535462975502014,-174.23895263671875,8.545584678649902,-174.2360591108445,8.545357005219557,7.103881317959406,38.020476000383496
48,/yh/study/new_data/model_dataset_flight/vi/vi_000048.jpg,-184.13096618652344,13.948331832885742,-174.23895263671875,8.545584678649902,11.271273614020867,-184.13096618652344,13.948331832885742,0.0,-179.29598999023438,12.335299491882324,5.096946944181862,0.2301466315984726,-177.21828597001166,10.778280005467687,7.60489160766081,0.002693443326279521,-0.00033434154465794563,-8.033241614945872,-3.534264310550173,0.0025014826096594334,-0.00035304055199958384,-178.72091674804688,9.761560440063477,0.26831579208374023,-178.72091674804688,9.761560440063477,-178.71841526543722,9.761207399511477,6.8408836872523615,38.205637014470994
49,/yh/study/new_data/model_dataset_flight/vi/vi_000049.jpg,-187.249755859375,14.233661651611328,-178.72091674804688,9.761560440063477,9.630201754545336,-187.249755859375,14.233661651611328,0.0,-183.60804748535156,12.603660583496094,3.9898550554486607,0.2296546995639801,-181.6001502778704,11.435972373761928,6.3043721750830555,0.0023809445556253195,-0.0001802956685423851,-11.553908726405842,-3.5206673249033815,0.0022443775087594986,-0.0004588233132380992,-182.528564453125,10.333439826965332,0.27227383852005005,-182.528564453125,10.333439826965332,-182.52632007561624,10.332981003652094,6.123836916173862,37.86939103156328
50,/yh/study/new_data/model_dataset_flight/vi/vi_000050.jpg,-190.67921447753906,14.547411918640137,-182.528564453125,10.333439826965332,9.175546665452423,-190.67921447753906,14.547411918640137,0.0,-183.60443115234375,12.79781723022461,7.287910583438402,0.22919490933418274,-183.16240701648553,11.785317918836645,8.008218133286611,0.002103520091623068,2.476968802511692e-05,-15.048218137858733,-3.4943096248963026,0.0020433454774320126,-0.0005493562784977257,-183.56768798828125,10.68504524230957,0.26115792989730835,-183.56768798828125,10.68504524230957,-183.56564464280382,10.684495886031073,8.092693331014365,44.121782993897796
51,/yh/study/new_data/model_dataset_flight/vi/vi_000051.jpg,-194.10855102539062,14.861151695251465,-183.56768798828125,10.68504524230957,11.337974187367054,-194.10855102539062,14.861151695251465,0.0,-188.38531494140625,12.3113431930542,6.265537061649086,0.22436562180519104,-186.40597364160698,11.643172176284267,8.347759611875974,0.0018607551464810967,0.0001259753480553627,-18.515708811535568,-3.4674913140070704,0.0018241634825244546,-0.0006109126843512058,-187.167236328125,10.528166770935059,0.2585482895374298,-187.167236328125,10.528166770935059,-187.16541216464248,10.527555858250707,8.182701759249754,41.71452403534204
52,/yh/study/new_data/model_dataset_flight/vi/vi_000052.jpg,-197.28343200683594,15.1630220413208,-187.167236328125,10.528166770935059,11.127412025596623,-197.28343200683594,15.1630220413208,0.0,-193.16323852539062,11.738882064819336,5.357306123717395,0.22635731101036072,-190.6997570441114,11.241454844571555,7.663123729486924,0.0016459458274766803,0.0001730266958475113,-21.948075237405615,-3.4323662124266336,0.001606895704753697,-0.0006475346744991839,-190.35133361816406,10.070972442626953,0.24409714341163635,-190.35133361816406,10.070972442626953,-190.3497267224593,10.070324907952454,8.601334616545584,39.4716119626537
53,/yh/study/new_data/model_dataset_flight/vi/vi_000053.jpg,-200.77069091796875,15.494592666625977,-190.35133361816406,10.070972442626953,11.74643192102029,-200.77069091796875,15.494592666625977,0.0,-197.92869567871094,12.396838188171387,4.20392908464802,0.22285166382789612,-194.81550617360745,11.441246945275694,7.203737701794968,0.001457148464396596,8.169584907591343e-05,-25.329647253965568,-3.3815726568901874,0.0013539809733629227,-0.00064088124781847,-194.71542358398438,10.271209716796875,0.2405383586883545,-194.71542358398438,10.271209716796875,-194.714069603011,10.270568835549057,7.996873884624142,38.579932996071875
54,/yh/study/new_data/model_dataset_flight/vi/vi_000054.jpg,-203.94317626953125,15.796236038208008,-194.71542358398438,10.271209716796875,10.755339858781934,-203.94317626953125,15.796236038208008,0.0,-197.90753173828125,12.329507827758789,6.960402961950728,0.22244757413864136,-196.5960413375711,11.483847817557493,8.519218501367028,0.0012897293781861663,2.5918707251548767e-06,-28.697702326158065,-3.368056352852967,0.0011324427323415875,-0.0006199352792464197,-197.33639526367188,10.3805570602417,0.24573498964309692,-197.33639526367188,10.3805570602417,-197.33526282093953,10.379937124962453,8.542782570788654,44.326554983854294
55,/yh/study/new_data/model_dataset_flight/vi/vi_000055.jpg,-207.35537719726562,16.129146575927734,-197.33639526367188,10.3805570602417,11.551029408911283,-207.35537719726562,16.129146575927734,0.0,-202.90866088867188,13.011545181274414,5.4307204296536895,0.2219703495502472,-200.6192732726673,11.930593190198527,7.937439550371842,0.0011417948408052325,0.00025026779621839523,-32.05845251103323,-3.360748050441053,0.0010737309930846095,-0.0006724657723680139,-201.87954711914062,10.827186584472656,0.25148093700408936,-201.87954711914062,10.827186584472656,-201.87847338814754,10.826514118700288,7.622040067822313,44.02314790058881
56,/yh/study/new_data/model_dataset_flight/vi/vi_000056.jpg,-210.75604248046875,16.4609317779541,-201.87954711914062,10.827186584472656,10.513384555163718,-210.75604248046875,16.4609317779541,0.0,-207.7106170654297,12.864908218383789,4.712324415779392,0.2247188240289688,-205.31489865904257,12.02770213606592,7.01851630639698,0.0010111323790624738,0.000289394985884428,-35.35511844602076,-3.296665721544113,0.0009426732431165874,-0.0006688122521154583,-206.8265380859375,10.726375579833984,0.26346173882484436,-206.8265380859375,10.726375579833984,-206.82559541269438,10.725706767581869,6.951700480892302,41.34456894826144
57,/yh/study/new_data/model_dataset_flight/vi/vi_000057.jpg,-213.8697052001953,16.76471519470215,-206.8265380859375,10.726375579833984,9.277270520139473,-213.8697052001953,16.76471519470215,0.0,-207.63482666015625,12.733916282653809,7.424355209606401,0.22402000427246094,-207.3027380670224,11.909110156570964,8.167126643716145,0.0008957624668255448,0.0006024031899869442,-38.68242119453038,-3.327304882943732,0.0009343766723759472,-0.0007481063948944211,-208.2059783935547,10.559526443481445,0.2615106701850891,-208.2059783935547,10.559526443481445,-208.2050440168823,10.558778337086551,8.401319466520457,40.0275670690462
58,/yh/study/new_data/model_dataset_flight/vi/vi_000058.jpg,-217.09425354003906,17.10219955444336,-208.2059783935547,10.559526443481445,11.036666458515265,-217.09425354003906,17.10219955444336,0.0,-212.45303344726562,12.061325073242188,6.852104748527204,0.2249489724636078,-210.70811389410713,11.444305100382064,8.531972177090195,0.6344457268714905,0.0007453765720129013,-41.99108094170044,-3.308661241273948,0.4718281626701355,-0.4247030019760132,-211.80006408691406,10.160030364990234,0.28125131130218506,-211.80006408691406,10.160030364990234,-211.32823592424393,9.735327363014221,8.730530053815304,37.176162004470825
59,/yh/study/new_data/model_dataset_flight/vi/vi_000059.jpg,-220.6431427001953,17.473630905151367,-211.80006408691406,10.160030364990234,11.475573720808796,-220.6431427001953,17.473630905151367,0.0,-216.64114379882812,11.573827743530273,7.129072348659286,0.23293131589889526,-214.65216683929074,10.992963436658808,8.825578882040487,0.5792827010154724,0.0002742856740951538,-45.24428638299918,-3.253203093421206,0.4079611301422119,-0.41145482659339905,-214.54525756835938,9.812681198120117,0.2783261239528656,-214.54525756835938,9.812681198120117,-214.13729643821716,9.401226371526718,9.791545000393349,55.623505963012576
60,/yh/study/new_data/model_dataset_flight/vi/vi_000060.jpg,-223.8677215576172,17.811119079589844,-214.54525756835938,9.812681198120117,12.28345811954999,-223.8677215576172,17.811119079589844,0.0,-218.14947509765625,10.232586860656738,9.493813415601917,0.34738171100616455,-216.66866791216626,10.060066939964418,10.578524597564266,0.5277745723724365,0.0009275972843170166,-48.51305441032178,-3.2687601299163793,0.34993118047714233,-0.3957068920135498,-216.62059020996094,9.209500312805176,0.29825103282928467,-216.62059020996094,9.209500312805176,-216.2706590294838,8.813793420791626,11.247611221023071,47.1484960289672
61,/yh/study/new_data/model_dataset_flight/vi/vi_000061.jpg,-227.08807373046875,18.138076782226562,-216.62059020996094,9.209500312805176,13.758186254823269,-227.08807373046875,18.138076782226562,0.0,-220.23292541503906,10.34734058380127,10.377313185020132,0.40692925453186035,-218.74878304999106,9.879854358140634,11.736354061597568,0.4800252914428711,0.0007737802807241678,-51.76139675693147,-3.2483387180716874,0.29734522104263306,-0.37733498215675354,-217.52432250976562,9.059233665466309,0.3064999580383301,-217.52432250976562,9.059233665466309,-217.226977288723,8.681898683309555,13.186763429676198,39.93369301315397
62,/yh/study/new_data/model_dataset_flight/vi/vi_000062.jpg,-230.62640380859375,18.497316360473633,-217.52432250976562,9.059233665466309,16.147505668644257,-230.62640380859375,18.497316360473633,0.0,-226.99803161621094,10.985099792480469,8.342570499006158,0.28876012563705444,-223.1057203436438,10.193849992491092,11.203045724453178,0.43554389476776123,0.0009955628775060177,-54.968474515670515,-3.207072849540586,0.25029972195625305,-0.35704678297042847,-221.89459228515625,10.07318115234375,0.2846185863018036,-221.89459228515625,10.07318115234375,-221.6442925632,9.716134369373322,12.133036985260096,35.34016397316009
63,/yh/study/new_data/model_dataset_flight/vi/vi_000063.jpg,-233.84530639648438,18.824125289916992,-221.89459228515625,10.07318115234375,14.81210960902007,-233.84530639648438,18.824125289916992,0.0,-231.45677185058594,10.583206176757812,8.580084213257031,0.3071350157260895,-227.52811213614405,10.373660355843004,10.550701442316093,0.3943602442741394,0.001019204268231988,-58.217896032169065,-3.249415753526434,0.20797410607337952,-0.33566197752952576,-225.253173828125,10.295212745666504,0.27974066138267517,-225.253173828125,10.295212745666504,-225.04519972205162,9.959550768136978,12.106489634065492,35.271057044155896
64,/yh/study/new_data/model_dataset_flight/vi/vi_000064.jpg,-237.00657653808594,19.118770599365234,-225.253173828125,10.295212745666504,14.696858455468831,-237.00657653808594,19.118770599365234,0.0,-238.19204711914062,9.73776626586914,9.455611180860739,0.24526232481002808,-232.8760592838508,9.966795381370689,10.04090748778817,0.3563394844532013,0.0012898696586489677,-61.43578939545883,-3.217887173430832,0.17068973183631897,-0.31353291869163513,-233.6892547607422,9.893045425415039,0.26275789737701416,-233.6892547607422,9.893045425415039,-233.51856502890587,9.579512506723404,9.80401085065176,35.6514269951731
65,/yh/study/new_data/model_dataset_flight/vi/vi_000065.jpg,-240.4793701171875,19.44244956970215,-233.6892547607422,9.893045425415039,11.717371124307801,-240.4793701171875,19.44244956970215,0.0,-243.25987243652344,9.16131591796875,10.650488360288342,0.2804994583129883,-239.32774589069888,9.461949912352797,10.046721443803747,0.32161495089530945,0.0009538605809211731,-64.68051857199758,-3.2447266152178087,0.13774751126766205,-0.291150838136673,-241.3551025390625,7.504530906677246,0.3114553689956665,-241.3551025390625,7.504530906677246,-241.21735502779484,7.213380068540573,11.969996210514076,37.85396309103817
66,/yh/study/new_data/model_dataset_flight/vi/vi_000066.jpg,-243.63906860351562,19.73694610595703,-241.3551025390625,7.504530906677246,12.443813024597588,-243.63906860351562,19.73694610595703,0.0,-245.78567504882812,9.070058822631836,10.880735432231681,0.2767154574394226,-243.96535661494732,8.426855417680029,11.31479629703753,0.28954920172691345,0.0012905971379950643,-67.95489076953419,-3.274368995885429,0.10892058163881302,-0.2689779996871948,-244.81455993652344,6.706878662109375,0.33023208379745483,-244.81455993652344,6.706878662109375,-244.70563935488462,6.43790066242218,13.082982743441768,35.9811499947682
67,/yh/study/new_data/model_dataset_flight/vi/vi_000067.jpg,-246.847412109375,19.999595642089844,-244.81455993652344,6.706878662109375,13.44726041491457,-246.847412109375,19.999595642089844,0.0,-246.27883911132812,9.116273880004883,10.898163507269475,0.2779591679573059,-245.67723415658025,8.12636421935215,11.930756089162692,0.2602161765098572,0.0012334277853369713,-71.22137409857942,-3.266484182818884,0.08396536856889725,-0.24694858491420746,-245.84982299804688,5.656494140625,0.3503638803958893,-245.84982299804688,5.656494140625,-245.76585762947798,5.4095455557107925,14.377751726760463,41.360318078659475
68,/yh/study/new_data/model_dataset_flight/vi/vi_000068.jpg,-250.06228637695312,20.262781143188477,-245.84982299804688,5.656494140625,15.201594249284547,-250.06228637695312,20.262781143188477,0.0,-249.24815368652344,8.972509384155273,11.319586937271563,0.2707180380821228,-247.8519359329438,7.610111260318412,12.844286833071713,0.23360778391361237,0.0013568408321589231,-74.51042437264238,-3.289051341280018,0.06256918609142303,-0.22577671706676483,-247.88394165039062,5.377826690673828,0.34541043639183044,-247.88394165039062,5.377826690673828,-247.8213724642992,5.152049973607063,15.043505402703797,37.823518039658666
69,/yh/study/new_data/model_dataset_flight/vi/vi_000069.jpg,-253.5655975341797,20.549577713012695,-247.88394165039062,5.377826690673828,16.20071735034086,-253.5655975341797,20.549577713012695,0.0,-252.9407958984375,9.430524826049805,11.13659347319026,0.2540363073348999,-250.8631671078289,7.765457590039383,13.066631452975082,0.2093639224767685,0.001584834884852171,-77.8057242697959,-3.2953013912574027,0.0443907231092453,-0.2054145783185959,-250.02740478515625,5.653082370758057,0.2955213189125061,-250.02740478515625,5.653082370758057,-249.983014062047,5.447667792439461,15.310923597584052,37.161874934099615
70,/yh/study/new_data/model_dataset_flight/vi/vi_000070.jpg,-258.5731506347656,21.028581619262695,-250.02740478515625,5.653082370758057,17.5907859195342,-258.5731506347656,21.028581619262695,0.0,-256.7391662597656,9.987262725830078,11.192596731510353,0.2955864667892456,-253.98161221700633,8.206547394185737,13.619353388131332,0.1873369663953781,0.0024808344896882772,-81.1688137944618,-3.3630899515527215,0.028951101005077362,-0.186341792345047,-253.61680603027344,6.233999252319336,0.27578404545783997,-253.61680603027344,6.233999252319336,-253.58785492926836,6.047657459974289,15.60272473803054,37.576557020656765
71,/yh/study/new_data/model_dataset_flight/vi/vi_000071.jpg,-263.5738220214844,21.506925582885742,-253.61680603027344,6.233999252319336,18.231962213325776,-263.5738220214844,21.506925582885742,0.0,-260.31158447265625,10.153913497924805,11.812411998667047,0.3146827816963196,-257.56100797660383,8.543401054040883,14.290098003452426,0.16746416687965393,0.0023897888604551554,-84.53835784789337,-3.369542772771091,0.016052858904004097,-0.16789337992668152,-257.3541259765625,7.792386531829834,0.28030872344970703,-257.3541259765625,7.792386531829834,-257.3380731176585,7.6244931519031525,15.058990679130998,35.97345796879381
72,/yh/study/new_data/model_dataset_flight/vi/vi_000072.jpg,-266.9277038574219,21.863229751586914,-257.3541259765625,7.792386531829834,17.01887253480276,-266.9277038574219,21.863229751586914,0.0,-264.8272399902344,9.592649459838867,12.449059769861973,0.37789902091026306,-261.75688121208645,8.853004236458828,14.000120527481306,0.1494990736246109,0.0025507360696792603,-87.90884446743038,-3.3704874733106687,0.005501675885170698,-0.15067404508590698,-260.19085693359375,7.289304256439209,0.26360487937927246,-260.19085693359375,7.289304256439209,-260.1853552577086,7.138630211353302,16.055666003414768,35.04055191297084
73,/yh/study/new_data/model_dataset_flight/vi/vi_000073.jpg,-270.28131103515625,22.219507217407227,-260.19085693359375,7.289304256439209,18.020217102783132,-270.28131103515625,22.219507217407227,0.0,-264.85919189453125,9.383460998535156,13.934254860169307,0.3861438035964966,-262.9411878067538,8.523068326330666,15.539300090580896,0.13339675962924957,0.0031646511051803827,-91.26894236923981,-3.360101103460606,-0.002989167347550392,-0.13494598865509033,-262.5704040527344,6.767745018005371,0.2976688742637634,-262.5704040527344,6.767745018005371,-262.5733932200819,6.632799029350281,17.26890388989488,35.01051606144756
74,/yh/study/new_data/model_dataset_flight/vi/vi_000074.jpg,-273.63311767578125,22.575592041015625,-262.5704040527344,6.767745018005371,19.294342699569764,-273.63311767578125,22.575592041015625,0.0,-268.06036376953125,9.354453086853027,14.34761657366478,0.4372406601905823,-265.8047918650604,8.291693732297139,16.288414161378917,0.11897154897451401,0.0031630373559892178,-94.6456786118674,-3.3767341081934683,-0.009764023125171661,-0.12015701085329056,-264.4869689941406,5.7140607833862305,0.31268298625946045,-264.4869689941406,5.7140607833862305,-264.4967330172658,5.59390377253294,19.182368781219115,40.28581106103957
75,/yh/study/new_data/model_dataset_flight/vi/vi_000075.jpg,-276.9444274902344,22.93913459777832,-264.4869689941406,5.7140607833862305,21.257738357905207,-276.9444274902344,22.93913459777832,0.0,-271.8342590332031,15.050140380859375,9.399470804987784,0.42755669355392456,-268.81559553820443,11.21437474244581,14.267021503087452,0.10612823814153671,0.0035766991786658764,-97.98055945526114,-3.334880203063511,-0.014982826076447964,-0.10687144100666046,-267.5185546875,9.0321044921875,0.31827250123023987,-267.5185546875,9.0321044921875,-267.53353751357645,8.92523305118084,16.800373937836532,33.90127094462514
76,/yh/study/new_data/model_dataset_flight/vi/vi_000076.jpg,-280.2569580078125,23.30280876159668,-267.5185546875,9.0321044921875,19.129033417710417,-280.2569580078125,23.30280876159668,0.0,-272.64581298828125,15.70351791381836,10.755405612874982,0.3899081349372864,-270.5392584110548,12.962541029980652,14.189954975768057,0.09461112320423126,0.004041146952658892,-101.35836803758842,-3.377811783978449,-0.019031131640076637,-0.09473911672830582,-269.3752746582031,10.565495491027832,0.2927718758583069,-269.3752746582031,10.565495491027832,-269.3943057898432,10.470756374299526,16.75261716490218,36.431843996979296
77,/yh/study/new_data/model_dataset_flight/vi/vi_000077.jpg,-283.5698547363281,23.666522979736328,-269.3752746582031,10.565495491027832,19.31639264599368,-283.5698547363281,23.666522979736328,0.0,-277.169921875,16.182151794433594,9.847586134119236,0.37271809577941895,-273.96745989450903,13.87452609068383,13.714561231530803,0.08436547219753265,0.004571835044771433,-104.74785624339641,-3.3894886326948206,-0.022058475762605667,-0.08379670232534409,-272.6758117675781,13.888652801513672,0.24943652749061584,-272.6758117675781,13.888652801513672,-272.69787024334073,13.804856099188328,14.638542189273743,37.98998496495187
78,/yh/study/new_data/model_dataset_flight/vi/vi_000078.jpg,-286.75732421875,23.975204467773438,-272.6758117675781,13.888652801513672,17.32130241721552,-286.75732421875,23.975204467773438,0.0,-286.81878662109375,15.330007553100586,8.645415393164798,0.24060435593128204,-281.0080888435443,14.73782118930849,10.880393248076137,0.07519420981407166,0.004455149173736572,-108.14941339346782,-3.401560351722584,-0.024116579443216324,-0.07356985658407211,-281.7535400390625,14.311173439025879,0.26596370339393616,-281.7535400390625,14.311173439025879,-281.7776566185057,14.237603582441807,10.882616957399838,54.78045903146267
79,/yh/study/new_data/model_dataset_flight/vi/vi_000079.jpg,-290.265380859375,24.314931869506836,-281.7535400390625,14.311173439025879,13.134938785002273,-290.265380859375,24.314931869506836,0.0,-291.80731201171875,15.331191062927246,9.115105625190058,0.27219679951667786,-287.6766795908472,14.912112743008459,9.752660241355752,0.06698089092969894,0.005073309410363436,-111.5498845434612,-3.4004715768802014,-0.02553457021713257,-0.06465813517570496,-289.58258056640625,14.057174682617188,0.29294028878211975,-289.58258056640625,14.057174682617188,-289.6081151366234,13.992516547441483,10.280457127251903,37.60992898605764
80,/yh/study/new_data/model_dataset_flight/vi/vi_000080.jpg,-293.4555358886719,24.623870849609375,-289.58258056640625,14.057174682617188,11.254103732141134,-293.4555358886719,24.623870849609375,0.0,-294.6327209472656,15.421802520751953,9.277059134830239,0.253406286239624,-292.55785057584035,14.86113971618925,9.80391544763234,0.05967183783650398,0.005135183222591877,-114.95842214686436,-3.4085410184977483,-0.02626257762312889,-0.05642715469002724,-293.05413818359375,14.176779747009277,0.2892777919769287,-293.05413818359375,14.176779747009277,-293.0804007612169,14.12035259231925,10.454799501839723,37.137959036044776
81,/yh/study/new_data/model_dataset_flight/vi/vi_000081.jpg,-297.0016174316406,24.93578338623047,-293.05413818359375,14.176779747009277,11.460312025531223,-297.0016174316406,24.93578338623047,0.0,-298.57086181640625,15.542993545532227,9.52297374409079,0.2273271530866623,-296.3042938500091,14.981679142801646,9.978499459665622,0.053099047392606735,0.005141653120517731,-118.40841899852951,-3.4499998398729024,-0.026485135778784752,-0.04896603524684906,-296.2727355957031,14.26990795135498,0.2576521635055542,-296.2727355957031,14.26990795135498,-296.2992207314819,14.220941916108131,10.690751494775286,42.82488895114511
82,/yh/study/new_data/model_dataset_flight/vi/vi_000082.jpg,-300.2271423339844,25.219501495361328,-296.2727355957031,14.26990795135498,11.641775269721952,-300.2271423339844,25.219501495361328,0.0,-304.4591064453125,15.704614639282227,10.413577297142231,0.21726742386817932,-301.09570324374374,15.115159659030887,10.14160352209549,0.04723735526204109,0.0051635392010211945,-121.8403431696508,-3.4319235307910523,-0.026282284408807755,-0.042322415858507156,-301.79571533203125,14.45054817199707,0.2386401742696762,-301.79571533203125,14.45054817199707,-301.82199761644006,14.408225756138563,10.882590543202472,34.87464808858931
83,/yh/study/new_data/model_dataset_flight/vi/vi_000083.jpg,-303.45355224609375,25.5032958984375,-301.79571533203125,14.45054817199707,11.176388304723595,-303.45355224609375,25.5032958984375,0.0,-304.4894104003906,15.692529678344727,9.865299586993634,0.21766099333763123,-303.3826950092351,15.182256609670072,10.321282514702139,0.04202091321349144,0.005748838186264038,-125.31006560763893,-3.4697205169974334,-0.025949547067284584,-0.03663621097803116,-303.84124755859375,14.583150863647461,0.23657181859016418,-303.84124755859375,14.583150863647461,-303.86719710566103,14.54651465266943,10.927024994763396,35.26707703713328
84,/yh/study/new_data/model_dataset_flight/vi/vi_000084.jpg,-306.78228759765625,25.818649291992188,-303.84124755859375,14.583150863647461,11.614049312996118,-306.78228759765625,25.818649291992188,0.0,-310.39111328125,15.946863174438477,10.51074611839198,0.22740231454372406,-307.7000747556158,15.386576517946226,10.472367240996968,0.03734815865755081,0.005436584819108248,-128.78043008340904,-3.470367250534469,-0.025095123797655106,-0.031233878806233406,-308.5141906738281,14.86091136932373,0.250139981508255,-308.5141906738281,14.86091136932373,-308.5392857976258,14.829677490517497,11.093759896768095,37.34950290527195
85,/yh/study/new_data/model_dataset_flight/vi/vi_000085.jpg,-310.1116027832031,26.13405990600586,-308.5141906738281,14.86091136932373,11.38576318817831,-310.1116027832031,26.13405990600586,0.0,-315.1426696777344,16.02666664123535,11.290307024433682,0.22387100756168365,-312.4193325711173,15.547711425814061,10.834961509764844,0.03319412097334862,0.005613370332866907,-132.28998618463672,-3.5095578087749444,-0.02422434091567993,-0.0266315508633852,-313.0885925292969,15.112610816955566,0.2521187663078308,-313.0885925292969,15.112610816955566,-313.11281687021255,15.085979266092181,11.416427110566373,36.90572897903621
86,/yh/study/new_data/model_dataset_flight/vi/vi_000086.jpg,-313.44134521484375,26.44951057434082,-313.0885925292969,15.112610816955566,11.342386458156078,-313.44134521484375,26.44951057434082,0.0,-315.09173583984375,16.044530868530273,10.535055381601808,0.22318153083324432,-314.2687363999618,15.661647788511724,10.81954526119686,0.029492869973182678,0.005833530332893133,-135.81603036252076,-3.5260441778840628,-0.023241130635142326,-0.022588366642594337,-315.523681640625,15.347830772399902,0.2542026937007904,-315.523681640625,15.347830772399902,-315.54692277126014,15.325242405757308,11.29528306041767,37.12220105808228
87,/yh/study/new_data/model_dataset_flight/vi/vi_000087.jpg,-316.7387390136719,26.75737953186035,-315.523681640625,15.347830772399902,11.474064986494588,-316.7387390136719,26.75737953186035,0.0,-326.17626953125,23.304229736328125,10.049439077908911,0.22729893028736115,-321.7996111957642,20.03531140366896,8.414192008952648,0.026183921843767166,0.005937357433140278,-139.36343937212862,-3.547409649938097,-0.022122621536254883,-0.01898588053882122,-322.7832336425781,19.94784164428711,0.25506171584129333,-322.7832336425781,19.94784164428711,-322.8053562641144,19.928855763748288,9.105257907449516,36.63769399281591
88,/yh/study/new_data/model_dataset_flight/vi/vi_000088.jpg,-320.03851318359375,27.06546974182129,-322.7832336425781,19.94784164428711,7.628507071031358,-320.03851318359375,27.06546974182129,0.0,-330.39263916015625,23.265962600708008,11.029242007223214,0.2308051735162735,-327.2662844725869,21.902699336309105,8.882278765385953,0.023253224790096283,0.005988485179841518,-142.93046468503277,-3.567028301111901,-0.02094297483563423,-0.01582155004143715,-327.7852783203125,21.04818344116211,0.27339690923690796,-327.7852783203125,21.04818344116211,-327.80622129514813,21.032361891120672,9.809184701471459,36.54528397601098
89,/yh/study/new_data/model_dataset_flight/vi/vi_000089.jpg,-323.3372497558594,27.373462677001953,-327.7852783203125,21.04818344116211,7.732665486204457,-323.3372497558594,27.373462677001953,0.0,-330.4781799316406,23.2086124420166,8.266732199317985,0.23151090741157532,-329.3717905354795,22.320991547272655,7.870396872943958,0.0206438098102808,0.005840624682605267,-146.5016154321956,-3.5711511740496498,-0.019650155678391457,-0.01300535723567009,-330.26788330078125,21.430099487304688,0.28172457218170166,-330.26788330078125,21.430099487304688,-330.28753345645964,21.417094130069017,9.130019021811773,42.89071599487215
90,/yh/study/new_data/model_dataset_flight/vi/vi_000090.jpg,-326.6502990722656,27.7000789642334,-330.26788330078125,21.430099487304688,7.238753918424926,-326.6502990722656,27.7000789642334,0.0,-334.9830627441406,23.466535568237305,9.34654161158564,0.2240629494190216,-333.04581241342504,22.6298576605017,8.16147872421186,0.018317602574825287,0.006192061118781567,-150.11305063508317,-3.6114292264720382,-0.018565841019153595,-0.01067020557820797,-333.7705383300781,21.7442626953125,0.2771034836769104,-333.7705383300781,21.7442626953125,-333.7891041710973,21.733592489734292,9.282755760960058,37.42666193284094
91,/yh/study/new_data/model_dataset_flight/vi/vi_000091.jpg,-329.9637756347656,28.0267391204834,-333.7705383300781,21.7442626953125,7.3458118850982705,-329.9637756347656,28.0267391204834,0.0,-340.06536865234375,28.269168853759766,10.104501653637332,0.22394400835037231,-337.47911244086873,25.588385064896286,7.901003595086271,0.016243528574705124,0.006053084507584572,-153.74688885844836,-3.6338373695915576,-0.017282336950302124,-0.008523872122168541,-337.31658935546875,25.11563491821289,0.25030815601348877,-337.31658935546875,25.11563491821289,-337.33387169241905,25.107111046090722,7.908122235261487,35.93514196109027
92,/yh/study/new_data/model_dataset_flight/vi/vi_000092.jpg,-333.27398681640625,28.35307502746582,-337.31658935546875,25.11563491821289,5.179155698551087,-333.27398681640625,28.35307502746582,0.0,-344.6715393066406,28.28179168701172,11.397775400589104,0.2242312878370285,-341.64972870611916,26.980963516815304,8.487387242299674,0.014395837672054768,0.006225258111953735,-157.41450919744844,-3.6676224734342027,-0.01616569794714451,-0.006724327802658081,-341.82647705078125,26.326648712158203,0.2606363892555237,-341.82647705078125,26.326648712158203,-341.8426427487284,26.319924384355545,8.789282838801523,36.626358050853014
93,/yh/study/new_data/model_dataset_flight/vi/vi_000093.jpg,-336.57794189453125,28.690593719482422,-341.82647705078125,26.326648712158203,5.756331929627175,-336.57794189453125,28.690593719482422,0.0,-344.5869445800781,28.324094772338867,8.017383955839609,0.22463484108448029,-343.4527954563175,27.503436070553672,6.976600517402108,0.012765313498675823,0.006316398736089468,-161.1053248588699,-3.690811392553219,-0.015065481886267662,-0.005156503524631262,-344.1413879394531,26.807382583618164,0.2758868932723999,-344.1413879394531,26.807382583618164,-344.1564534213394,26.802226080093533,7.794369779314265,35.54717299994081
94,/yh/study/new_data/model_dataset_flight/vi/vi_000094.jpg,-339.88433837890625,29.02836036682129,-344.1413879394531,26.807382583618164,4.801584454576865,-339.88433837890625,29.02836036682129,0.0,-348.92279052734375,28.043556213378906,9.091944591792881,0.2298612892627716,-346.9583321528654,27.53566933402619,7.229765862972317,0.011311369016766548,0.00633405614644289,-164.84698444847294,-3.741660016489848,-0.013975000008940697,-0.003784620203077793,-346.70648193359375,26.704084396362305,0.26834505796432495,-346.70648193359375,26.704084396362305,-346.7204569336027,26.700299776159227,7.207211767918108,35.73725197929889
95,/yh/study/new_data/model_dataset_flight/vi/vi_000095.jpg,-343.1903076171875,29.36608123779297,-346.70648193359375,26.704084396362305,4.410182423340535,-343.1903076171875,29.36608123779297,0.0,-353.9864196777344,27.64635467529297,10.932222787413993,0.21721501648426056,-350.995428142452,27.259219162973768,8.084477361970693,0.010018499568104744,0.006322101689875126,-168.5954469064893,-3.7484611773558885,-0.012919326312839985,-0.0026060615200549364,-350.7119445800781,26.318199157714844,0.25279074907302856,-350.7119445800781,26.318199157714844,-350.72486390639096,26.31559309619479,8.115701311383008,36.3020800286904
96,/yh/study/new_data/model_dataset_flight/vi/vi_000096.jpg,-346.51904296875,29.685148239135742,-350.7119445800781,26.318199157714844,5.377431546673469,-346.51904296875,29.685148239135742,0.0,-353.95123291015625,27.616371154785156,7.714744710609311,0.21745851635932922,-352.62035834554877,27.083011998286455,6.633035680825359,0.008871428668498993,0.006392049603164196,-172.36404476217885,-3.768599990123671,-0.011960444040596485,-0.0016035038279369473,-353.3069763183594,26.094806671142578,0.2535533308982849,-353.3069763183594,26.094806671142578,-353.31893676239997,26.09320316731464,7.678970747020642,41.73960199113935
97,/yh/study/new_data/model_dataset_flight/vi/vi_000097.jpg,-349.849365234375,30.004364013671875,-353.3069763183594,26.094806671142578,5.219167847714456,-349.849365234375,30.004364013671875,0.0,-359.375244140625,27.982023239135742,9.738184181093008,0.2260952591896057,-356.88207203831803,27.206652765033077,7.568761670246107,0.007849754765629768,0.00629496481269598,-176.15484073267095,-3.79079639737892,-0.010972482152283192,-0.000737478316295892,-358.319091796875,26.229360580444336,0.2617289125919342,-358.319091796875,26.229360580444336,-358.3300642790273,26.22862310212804,9.272913186501736,37.784462911076844
98,/yh/study/new_data/model_dataset_flight/vi/vi_000098.jpg,-353.1781005859375,30.323429107666016,-358.319091796875,26.229360580444336,6.572000284275992,-353.1781005859375,30.323429107666016,0.0,-363.3355407714844,28.420873641967773,10.334084788844187,0.2290983498096466,-361.27451264905176,27.52048173659014,8.567870345702206,0.0069432929158210754,0.006348097696900368,-179.96969262941982,-3.8148574462775824,-0.010117340832948685,-5.351703293854371e-06,-362.484375,26.704605102539062,0.28540658950805664,-362.484375,26.704605102539062,-362.49449234083295,26.70459975083577,9.985120462464007,34.87479197792709
99,/yh/study/new_data/model_dataset_flight/vi/vi_000099.jpg,-356.5009460449219,30.624027252197266,-362.484375,26.704605102539062,7.152852021934931,-356.5009460449219,30.624027252197266,0.0,-367.7394714355469,27.930526733398438,11.556790125311283,0.22211536765098572,-365.5803940494162,27.426851928792978,9.625918455654064,0.0061392467468976974,0.006112391594797373,176.1847979423706,-3.8455168848013,-0.009175064042210579,0.0006118522142060101,-365.18280029296875,26.5701904296875,0.26976537704467773,-365.18280029296875,26.5701904296875,-365.19197535701096,26.570802281901706,9.581658842176841,36.54424601700157
100,/yh/study/new_data/model_dataset_flight/vi/vi_000100.jpg,-359.82257080078125,30.924514770507812,-365.18280029296875,26.5701904296875,6.905954001727561,-359.82257080078125,30.924514770507812,0.0,-367.7142333984375,27.953474044799805,8.432403070837053,0.22196358442306519,-366.6741839836352,27.38514643965981,7.711791710677089,0.005425585899502039,0.006130171939730644,172.3255361556383,-3.8592647749400664,-0.008414619602262974,0.001133882673457265,-367.04840087890625,26.477313995361328,0.2720479965209961,-367.04840087890625,26.477313995361328,-367.0568154985085,26.478447878034785,8.48470477108069,36.70897101983428
101,/yh/study/new_data/model_dataset_flight/vi/vi_000101.jpg,-363.1454772949219,31.225116729736328,-367.04840087890625,26.477313995361328,6.146091709937313,-363.1454772949219,31.225116729736328,0.0,-372.9867858886719,26.961511611938477,10.725189202896592,0.22340503334999084,-370.5469766592932,26.762577084819508,8.642710970710716,0.004795323126018047,0.006093917414546013,168.4589660664941,-3.8665683815969256,-0.0076837241649627686,0.0015690028667449951,-370.2001037597656,25.751392364501953,0.2527915835380554,-370.2001037597656,25.751392364501953,-370.2077874839306,25.752961367368698,8.929132823798417,35.875340923666954
102,/yh/study/new_data/model_dataset_flight/vi/vi_000102.jpg,-366.4402160644531,31.518213272094727,-370.2001037597656,25.751392364501953,6.884255868400846,-366.4402160644531,31.518213272094727,0.0,-377.25634765625,26.244564056396484,12.03329043368027,0.23459821939468384,-374.3572616328483,26.041942494545264,9.626481816379634,0.0042335037142038345,0.006026339717209339,164.5542835217812,-3.9046821178260664,-0.006984947249293327,0.001929972437210381,-374.4783020019531,24.92226791381836,0.2647186517715454,-374.4783020019531,24.92226791381836,-374.4852869492024,24.92419788625557,10.397947908505929,36.64057096466422
103,/yh/study/new_data/model_dataset_flight/vi/vi_000103.jpg,-369.7346496582031,31.81128692626953,-374.4783020019531,24.92226791381836,8.364258515390267,-369.7346496582031,31.81128692626953,0.0,-377.2793884277344,26.271209716796875,9.360317226856484,0.23425385355949402,-376.12855086791467,25.716991582507934,8.833029401997088,0.0037370799109339714,0.005819976795464754,160.63442429673253,-3.9198566637277192,-0.006270990706980228,0.0022041304036974907,-376.7311096191406,24.71350860595703,0.2818090319633484,-376.7311096191406,24.71350860595703,-376.7373806098476,24.71571273636073,9.9663889683927,43.29691606108099
104,/yh/study/new_data/model_dataset_flight/vi/vi_000104.jpg,-373.0311584472656,32.10454177856445,-376.7311096191406,24.71350860595703,8.265410457614463,-373.0311584472656,32.10454177856445,0.0,-382.37860107421875,26.22902488708496,11.040669472737655,0.21418997645378113,-380.058306625092,25.60636896230255,9.571157791152192,0.0032962735276669264,0.005818015895783901,156.69983918383335,-3.934584686012382,-0.00569921126589179,0.0024544871412217617,-379.3569030761719,24.68509864807129,0.2623851001262665,-379.3569030761719,24.68509864807129,-379.36260228743777,24.68755313521251,9.750034947463444,36.127521074377
105,/yh/study/new_data/model_dataset_flight/vi/vi_000105.jpg,-376.357666015625,32.4311408996582,-379.3569030761719,24.68509864807129,8.30641881370832,-376.357666015625,32.4311408996582,0.0,-387.4248962402344,26.63188934326172,12.494594969780906,0.23003257811069489,-384.11012898417516,25.83204260075796,10.180804508352457,0.002905852161347866,0.005707962438464165,152.74599293747468,-3.9538436850377026,-0.005120405927300453,0.002637635450810194,-384.22930908203125,24.948490142822266,0.2513323426246643,-384.22930908203125,24.948490142822266,-384.23442948795855,24.951127778273076,10.860608956853158,37.43076103273779
106,/yh/study/new_data/model_dataset_flight/vi/vi_000106.jpg,-379.6834716796875,32.75767517089844,-384.22930908203125,24.948490142822266,9.035928756429879,-379.6834716796875,32.75767517089844,0.0,-387.4465026855469,26.505348205566406,9.967760173647441,0.23065397143363953,-386.12470582770635,25.865706844477607,9.433383526709388,0.002560066757723689,0.005511908326297998,148.76910163285643,-3.9768857550895635,-0.004545648582279682,0.0027562943287193775,-387.1741943359375,24.980335235595703,0.26432013511657715,-387.1741943359375,24.980335235595703,-387.1787399845198,24.983091529924423,10.798052712508483,37.730932934209704
107,/yh/study/new_data/model_dataset_flight/vi/vi_000107.jpg,-383.0087585449219,33.08415222167969,-387.1741943359375,24.980335235595703,9.11167959670539,-383.0087585449219,33.08415222167969,0.0,-391.72052001953125,32.10138702392578,8.767018616633843,0.22525447607040405,-389.8526439312762,29.17567441898689,7.88130483585659,0.0022548255510628223,0.005131968297064304,144.7805443651358,-3.988554279512884,-0.003938356414437294,0.002780208131298423,-390.7337951660156,28.230857849121094,0.2669028043746948,-390.7337951660156,28.230857849121094,-390.73773352243006,28.233638057252392,9.12308374750273,36.12881596200168
108,/yh/study/new_data/model_dataset_flight/vi/vi_000108.jpg,-386.32574462890625,33.470218658447266,-390.7337951660156,28.230857849121094,6.847029372509895,-386.32574462890625,33.470218658447266,0.0,-396.9458923339844,32.38304138183594,10.675649474784013,0.22415973246097565,-394.3936273698093,30.677100172478113,8.537695403188357,0.0019840148743242025,0.005118783563375473,140.76810875607677,-4.012430486417133,-0.003519289195537567,0.002873525721952319,-395.4114990234375,29.196109771728516,0.24593500792980194,-395.4114990234375,29.196109771728516,-395.41501831263304,29.198983297450468,10.040863493408926,38.61567401327193
109,/yh/study/new_data/model_dataset_flight/vi/vi_000109.jpg,-389.6413879394531,33.85612487792969,-395.4114990234375,29.196109771728516,7.416867446000532,-389.6413879394531,33.85612487792969,0.0,-401.20159912109375,33.20744705200195,11.578396498910342,0.23080547153949738,-398.8227133408594,31.559373088716054,9.46423821064139,0.0017450049053877592,0.004937389865517616,136.75161601465078,-4.016496156520583,-0.003069218248128891,0.002887069247663021,-398.8315734863281,30.190235137939453,0.23232662677764893,-398.8315734863281,30.190235137939453,-398.83464270457625,30.193122207187116,9.89435485374139,43.356221984140575
110,/yh/study/new_data/model_dataset_flight/vi/vi_000110.jpg,-392.9556884765625,34.24187469482422,-398.8315734863281,30.190235137939453,7.137352993015111,-392.9556884765625,34.24187469482422,0.0,-401.1940612792969,33.22430419921875,8.300978023724687,0.23001161217689514,-400.2234237217622,31.977744791886927,7.612244071999557,0.0015340945683419704,0.004676008131355047,132.719263573972,-4.032358843981115,-0.0026268579531461,0.002844778820872307,-401.16241455078125,30.805774688720703,0.24072083830833435,-401.16241455078125,30.805774688720703,-401.1650414087344,30.808619467541575,8.897029622812688,36.82463301811367
111,/yh/study/new_data/model_dataset_flight/vi/vi_000111.jpg,-396.2001037597656,34.59049606323242,-401.16241455078125,30.805774688720703,6.2408848947337585,-396.2001037597656,34.59049606323242,0.0,-399.37261962890625,40.33601760864258,6.563221371302465,0.22906234860420227,-400.10796403010363,36.42047919272499,4.315114152222818,0.0013476740568876266,0.004544207826256752,128.67419332105868,-4.045076656215678,-0.002261966932564974,0.002826003823429346,-401.12518310546875,36.493682861328125,0.26936227083206177,-401.12518310546875,36.493682861328125,-401.1274450724013,36.496508865151554,5.280011983880083,36.32699104491621
112,/yh/study/new_data/model_dataset_flight/vi/vi_000112.jpg,-399.4433288574219,34.938987731933594,-401.12518310546875,36.493682861328125,2.2903516448432972,-399.4433288574219,34.938987731933594,0.0,-403.76190185546875,40.42164993286133,6.97923044102581,0.23221969604492188,-402.6785954125644,38.80782895324105,5.0433007126792955,0.0011836120393127203,0.004230119287967682,124.62013453919761,-4.054063050729299,-0.0018740842351689935,0.0027145983185619116,-402.67059326171875,39.05341339111328,0.2674354612827301,-402.67059326171875,39.05341339111328,-402.6724673459539,39.05612798943184,5.229123639784956,36.115115974098444
113,/yh/study/new_data/model_dataset_flight/vi/vi_000113.jpg,-403.0047912597656,35.32167434692383,-402.67059326171875,39.05341339111328,3.746673804299829,-403.0047912597656,35.32167434692383,0.0,-403.77801513671875,40.456451416015625,5.1926689392990735,0.231654554605484,-403.3230264306989,39.8800076326138,4.569428407082011,0.001039284747093916,0.004273285157978535,120.55767462465742,-4.062457780106068,-0.0016146587440744042,0.0027348475996404886,-403.130615234375,39.765865325927734,0.26763689517974854,-403.130615234375,39.765865325927734,-403.1322298931191,39.768600173527375,4.4459717869602144,35.753229982219636
114,/yh/study/new_data/model_dataset_flight/vi/vi_000114.jpg,-406.3310852050781,35.61114501953125,-403.130615234375,39.765865325927734,5.244493193603721,-406.3310852050781,35.61114501953125,0.0,-408.6356201171875,40.374881744384766,5.291887068414165,0.2260892391204834,-406.3738668460922,40.124664913352234,4.513722643309583,0.0009122565970756114,0.003915501292794943,116.46587221744286,-4.091796430799035,-0.0012790608452633023,0.002569230506196618,-406.763427734375,39.942962646484375,0.25535959005355835,-406.763427734375,39.942962646484375,-406.76470679522026,39.94553187699057,4.353339409673983,34.67471001204103
115,/yh/study/new_data/model_dataset_flight/vi/vi_000115.jpg,-409.6596374511719,35.90080642700195,-406.763427734375,39.942962646484375,4.9726308556305545,-409.6596374511719,35.90080642700195,0.0,-415.31146240234375,40.13397216796875,7.061360879404475,0.22487826645374298,-411.79946817467703,40.055495142203256,4.673362156464835,0.6297051310539246,0.0036598292645066977,112.37428154609258,-4.091589817576642,-0.24039717018604279,0.5839912295341492,-412.4226379394531,39.86478042602539,0.24519218504428864,-412.4226379394531,39.86478042602539,-412.66303510963917,40.44877165555954,4.831900409070564,36.26384702511132
116,/yh/study/new_data/model_dataset_flight/vi/vi_000116.jpg,-412.98236083984375,36.18996810913086,-412.4226379394531,39.86478042602539,3.717194545570819,-412.98236083984375,36.18996810913086,0.0,-415.2657470703125,40.15182113647461,4.572759788985982,0.2243177741765976,-414.09764431405904,40.03388931268586,4.002447681981294,0.5703451037406921,0.003327243961393833,108.27851762915941,-4.095761355612227,-0.17940278351306915,0.5431469678878784,-415.69268798828125,39.68753433227539,0.24603813886642456,-415.69268798828125,39.68753433227539,-415.8720907717943,40.23068130016327,4.424798609749245,36.926057073287666
117,/yh/study/new_data/model_dataset_flight/vi/vi_000117.jpg,-416.2857360839844,36.47921371459961,-415.69268798828125,39.68753433227539,3.262671793119959,-416.2857360839844,36.47921371459961,0.0,-421.60076904296875,39.871482849121094,6.30532039123448,0.24590829014778137,-419.17341031472205,39.79590686534897,4.3976261686384985,0.5150398015975952,0.0031108155380934477,104.18049291961097,-4.098025136435264,-0.12655410170555115,0.5008538961410522,-421.4127197265625,39.08244323730469,0.25593870878219604,-421.4127197265625,39.08244323730469,-421.53927382826805,39.58329713344574,5.750023062488268,41.85184394009411
118,/yh/study/new_data/model_dataset_flight/vi/vi_000118.jpg,-419.59210205078125,36.76872634887695,-421.4127197265625,39.08244323730469,2.9441356220736226,-419.59210205078125,36.76872634887695,0.0,-425.82861328125,39.71760559082031,6.898547753790451,0.2543158531188965,-424.0143257547655,39.4566465978091,5.175034082274188,0.4638521075248718,0.002932446077466011,100.07422417173433,-4.106265759668884,-0.08139525353908539,0.45814400911331177,-425.91839599609375,38.651790618896484,0.28063374757766724,-425.91839599609375,38.651790618896484,-425.99979124963284,39.109934628009796,6.600600436893736,36.88044205773622
119,/yh/study/new_data/model_dataset_flight/vi/vi_000119.jpg,-422.898681640625,37.058258056640625,-425.91839599609375,38.651790618896484,3.4143843977492887,-422.898681640625,37.058258056640625,0.0,-428.6027526855469,39.70112609863281,6.286587148278448,0.2576443552970886,-427.4998740047099,39.270002420399585,5.105172308740696,0.41672348976135254,0.002799826208502054,95.96391195186904,-4.110310512318001,-0.04344387352466583,0.4158603250980377,-429.0213928222656,38.357303619384766,0.2914997339248657,-429.0213928222656,38.357303619384766,-429.0648366957903,38.7731639444828,6.259002443510657,38.598785060457885
120,/yh/study/new_data/model_dataset_flight/vi/vi_000120.jpg,-426.19049072265625,37.359130859375,-429.0213928222656,38.357303619384766,3.0017254298816676,-426.19049072265625,37.359130859375,0.0,-428.59075927734375,39.70085906982422,3.3533535671377273,0.25720536708831787,-428.76768679141577,39.14885394001644,3.1376819918867174,0.3735179305076599,0.00251301983371377,91.86300490249084,-4.100907903151832,-0.012183857150375843,0.3745763301849365,-429.74847412109375,38.23455047607422,0.2870568335056305,-429.74847412109375,38.23455047607422,-429.7606579782441,38.609126806259155,3.6640968012402007,37.18619397841394
121,/yh/study/new_data/model_dataset_flight/vi/vi_000121.jpg,-429.4760437011719,37.65943145751953,-429.74847412109375,38.23455047607422,0.6363805616155447,-429.4760437011719,37.65943145751953,0.0,-431.9039306640625,39.63608932495117,3.1307844750882587,0.23630860447883606,-431.0183527235262,39.06026148401471,2.0835167106519927,0.33398014307022095,0.0022288928739726543,87.75345083362342,-4.109551507546483,0.013135585002601147,0.33483704924583435,-431.04302978515625,38.098045349121094,0.278765469789505,-431.04302978515625,38.098045349121094,-431.02989420015365,38.43288239836693,1.6272146549569155,37.96543402131647
122,/yh/study/new_data/model_dataset_flight/vi/vi_000122.jpg,-432.7639465332031,37.95994567871094,-431.04302978515625,38.098045349121094,1.7264489487603232,-432.7639465332031,37.95994567871094,0.0,-437.0208435058594,39.633365631103516,4.5740032983017755,0.23045717179775238,-434.56483483291316,39.00257315337212,2.0809302532643583,0.2980543375015259,0.0021317012142390013,83.65893684130837,-4.0945135654282305,0.03303682059049606,0.297290176153183,-434.4794616699219,38.09207534790039,0.2566201686859131,-434.4794616699219,38.09207534790039,-434.4464248493314,38.389365524053574,1.7205959530904593,35.82675603684038
123,/yh/study/new_data/model_dataset_flight/vi/vi_000123.jpg,-436.27178955078125,38.31903076171875,-434.4794616699219,38.09207534790039,1.8066399730901894,-436.27178955078125,38.31903076171875,0.0,-436.9822082519531,45.069068908691406,6.7873197741494975,0.21656456589698792,-435.953944810025,42.20254320263828,3.8964976784290766,0.2654629349708557,0.00182984524872154,79.55931386749414,-4.099625962021985,0.04827234148979187,0.2619674503803253,-435.7500915527344,40.489994049072266,0.240807443857193,-435.7500915527344,40.489994049072266,-435.7018192112446,40.75196149945259,2.232767429940454,36.586788948625326
124,/yh/study/new_data/model_dataset_flight/vi/vi_000124.jpg,-439.4658203125,38.64599609375,-435.7500915527344,40.489994049072266,4.148128334005842,-439.4658203125,38.64599609375,0.0,-443.72869873046875,45.08393096923828,7.72134300930946,0.21791984140872955,-440.45065606435475,43.19649361403605,4.655848917250301,0.23599673807621002,0.0017916365759447217,75.4538647423179,-4.1054525402708295,0.059497810900211334,0.2292991280555725,-441.4385986328125,42.554874420166016,0.22537173330783844,-441.4385986328125,42.554874420166016,-441.3791008219123,42.78417354822159,4.378491072483747,36.71684302389622
125,/yh/study/new_data/model_dataset_flight/vi/vi_000125.jpg,-442.6598205566406,38.97295379638672,-441.4385986328125,42.554874420166016,3.7843808400178136,-442.6598205566406,38.97295379638672,0.0,-449.7132263183594,45.11109161376953,9.350255007465428,0.23861238360404968,-446.3135624427989,44.060859557243354,6.2639136968851705,0.2095164656639099,0.001552395522594452,71.36975312810878,-4.084114602416887,0.06718001514673233,0.19927330315113068,-448.6308898925781,43.19649124145508,0.24989917874336243,-448.6308898925781,43.19649124145508,-448.5637098774314,43.39576454460621,7.313818261651547,43.57461305335164
126,/yh/study/new_data/model_dataset_flight/vi/vi_000126.jpg,-445.9792785644531,39.30323791503906,-448.6308898925781,43.19649124145508,4.710463257376094,-445.9792785644531,39.30323791503906,0.0,-449.8051452636719,45.090171813964844,6.937280443425025,0.23924998939037323,-449.322697748509,44.31214557775642,6.022259361231572,0.18572747707366943,0.0011841037776321173,67.28249962688145,-4.087251793680037,0.07195433229207993,0.17186488211154938,-450.9750061035156,43.494422912597656,0.25639158487319946,-450.9750061035156,43.494422912597656,-450.90305177122355,43.666287794709206,6.52099113082572,37.981900037266314
127,/yh/study/new_data/model_dataset_flight/vi/vi_000127.jpg,-449.2984313964844,39.63349914550781,-450.9750061035156,43.494422912597656,4.209232125166793,-449.2984313964844,39.63349914550781,0.0,-453.2299499511719,45.00170135498047,6.6539035992144635,0.2542789578437805,-452.30349725364636,44.38242997919032,5.619854523827206,0.16444359719753265,0.0013449611142277718,63.19907103158933,-4.08343499859447,0.07444952428340912,0.1473790556192398,-453.849609375,43.65372085571289,0.27654194831848145,-453.849609375,43.65372085571289,-453.7751598507166,43.80109991133213,6.072512131838834,45.30306800734252
128,/yh/study/new_data/model_dataset_flight/vi/vi_000128.jpg,-452.61700439453125,39.96369552612305,-453.849609375,43.65372085571289,3.8904500987534854,-452.61700439453125,39.96369552612305,0.0,-455.7261962890625,44.930294036865234,5.859537098092761,0.245315819978714,-454.95519305078614,44.40580884026197,5.019910047788636,0.14544904232025146,0.0009438274428248405,59.138926551177775,-4.0601483223929575,0.07485134899616241,0.12526054680347443,-455.2870788574219,43.70353317260742,0.2794257402420044,-455.2870788574219,43.70353317260742,-455.2122275084257,43.828793719410896,4.595180438181122,41.54710203874856
129,/yh/study/new_data/model_dataset_flight/vi/vi_000129.jpg,-455.9490661621094,40.28679656982422,-455.2870788574219,43.70353317260742,3.4802753058294003,-455.9490661621094,40.28679656982422,0.0,-459.0517578125,44.811283111572266,5.48613469975564,0.2386798858642578,-457.50502440852864,44.356159619160515,4.356687008714731,0.12850210070610046,0.0008569371420890093,55.08195810873028,-4.056973138202548,0.07380038499832153,0.1057194173336029,-457.6262512207031,43.574462890625,0.2767665386199951,-457.6262512207031,43.574462890625,-457.5524508357048,43.6801823079586,3.6907586696637136,42.622477980330586
130,/yh/study/new_data/model_dataset_flight/vi/vi_000130.jpg,-459.2764892578125,40.60944366455078,-457.6262512207031,43.574462890625,3.393320584635699,-459.2764892578125,40.60944366455078,0.0,-459.047607421875,44.822021484375,4.218791151846355,0.2386130690574646,-458.4636375424969,44.30945704703784,3.7882485321946415,0.1134394183754921,0.0006897835992276669,51.03471927075547,-4.0472422530693954,0.07155318558216095,0.08847039937973022,-458.1981201171875,43.519805908203125,0.27024179697036743,-458.1981201171875,43.519805908203125,-458.12656693160534,43.608276307582855,3.1037217002704036,50.0675980001688
131,/yh/study/new_data/model_dataset_flight/vi/vi_000131.jpg,-462.60479736328125,40.93217849731445,-458.1981201171875,43.519805908203125,5.110246566343234,-462.60479736328125,40.93217849731445,0.0,-465.1665344238281,44.71649932861328,4.569855678419352,0.21656954288482666,-462.3035335386519,44.22483305115703,3.3064080061254617,0.10005975514650345,0.0006679459474980831,46.99670118816017,-4.038021924576702,0.06847258657217026,0.07341937720775604,-462.39715576171875,43.070823669433594,0.24174624681472778,-462.39715576171875,43.070823669433594,-462.3286831751466,43.14424304664135,2.1487015164810463,59.27547998726368
132,/yh/study/new_data/model_dataset_flight/vi/vi_000132.jpg,-465.93316650390625,41.25896072387695,-462.39715576171875,43.070823669433594,3.973187549354621,-465.93316650390625,41.25896072387695,0.0,-472.8077697753906,44.76047897338867,7.714972468646099,0.23228299617767334,-468.5305273749255,44.06627733468068,3.824566648340224,0.08823313564062119,0.00037921639159321785,42.97994548445113,-4.016752715501282,0.06468941271305084,0.06028153374791145,-469.7694396972656,42.47735595703125,0.2439148724079132,-469.7694396972656,42.47735595703125,-469.7047502845526,42.53763749077916,4.02510608037364,50.60142290312797
133,/yh/study/new_data/model_dataset_flight/vi/vi_000133.jpg,-469.256591796875,41.58525848388672,-469.7694396972656,42.47735595703125,1.029004796162744,-469.256591796875,41.58525848388672,0.0,-462.50701904296875,39.09748458862305,7.193451974833014,0.2758728265762329,-465.4908136118365,40.48611825673218,3.9229063942262745,0.07776481658220291,0.0005055423825979233,38.979046064900274,-4.000898565777213,0.06064900383353233,0.04907587915658951,-467.18817138671875,39.42565155029297,0.2855033278465271,-467.18817138671875,39.42565155029297,-467.1275223828852,39.47472742944956,2.990362035068187,57.97961901407689
134,/yh/study/new_data/model_dataset_flight/vi/vi_000134.jpg,-472.5823974609375,41.91178894042969,-467.18817138671875,39.42565155029297,5.939575242592457,-472.5823974609375,41.91178894042969,0.0,-468.0624694824219,38.80821990966797,5.48287239133573,0.29852059483528137,-467.70326061340836,39.06189416838141,5.650475784273808,0.06850597262382507,0.00045702862553298473,35.00117462813611,-3.9778731443114537,0.05630319193005562,0.03942564129829407,-469.0540466308594,38.75226593017578,0.2927512526512146,-469.0540466308594,38.75226593017578,-468.9977434389293,38.791691571474075,4.736226898327074,47.23381600342691
135,/yh/study/new_data/model_dataset_flight/vi/vi_000135.jpg,-475.81768798828125,42.24217987060547,-469.0540466308594,38.75226593017578,7.610935798141585,-475.81768798828125,42.24217987060547,0.0,-473.2821044921875,39.14126968383789,4.005599537155698,0.29574084281921387,-471.5449900114909,38.98144593598607,5.374786860262181,0.060321178287267685,0.00023194844834506512,31.035577041310464,-3.965597159938825,0.051785413175821304,0.031159596517682076,-473.251953125,38.863407135009766,0.31674179434776306,-473.251953125,38.863407135009766,-473.2001677118242,38.89456673152745,4.242534689011007,43.54640806559473
136,/yh/study/new_data/model_dataset_flight/vi/vi_000136.jpg,-479.06182861328125,42.57347869873047,-473.251953125,38.863407135009766,6.89342325679051,-479.06182861328125,42.57347869873047,0.0,-473.2288818359375,39.219451904296875,6.728503834070642,0.2985789179801941,-473.23836076731294,39.073169486981364,6.794478812306535,0.053127311170101166,0.00012758048251271248,27.101569079396125,-3.9340088156879855,0.04735073819756508,0.024232232943177223,-474.4400939941406,38.973052978515625,0.32002782821655273,-474.4400939941406,38.973052978515625,-474.39274325594306,38.9972852114588,5.858625799327648,45.112428022548556
137,/yh/study/new_data/model_dataset_flight/vi/vi_000137.jpg,-482.61102294921875,42.93592834472656,-474.4400939941406,38.973052978515625,9.081214740168607,-482.61102294921875,42.93592834472656,0.0,-477.3604736328125,39.86019515991211,6.085096773937371,0.3001532256603241,-476.1606239794128,39.495709246926864,7.3104551370307815,0.046792369335889816,0.0001496574841439724,23.194159581657107,-3.907409497739017,0.043079182505607605,0.018458561971783638,-477.2403869628906,39.277217864990234,0.32276445627212524,-477.2403869628906,39.277217864990234,-477.197307780385,39.29567642696202,6.49845314457026,46.08831100631505
138,/yh/study/new_data/model_dataset_flight/vi/vi_000138.jpg,-485.9210510253906,43.2811393737793,-477.2403869628906,39.277217864990234,9.559566727342965,-485.9210510253906,43.2811393737793,0.0,-481.62396240234375,42.802337646484375,4.323681501727375,0.2514877915382385,-479.8229529027462,41.354028086997886,6.395354456559855,0.04119057208299637,-3.938470035791397e-05,19.306812057057712,-3.887347097712574,0.03885549679398537,0.013612188398838043,-480.8897705078125,40.61283493041992,0.31103014945983887,-480.8897705078125,40.61283493041992,-480.8509150110185,40.62644711881876,5.695053313974557,39.57829892169684
139,/yh/study/new_data/model_dataset_flight/vi/vi_000139.jpg,-489.23040771484375,43.62628173828125,-480.8897705078125,40.61283493041992,8.868319495999435,-489.23040771484375,43.62628173828125,0.0,-486.2091369628906,42.553794860839844,3.2059795786766045,0.27269262075424194,-484.02365398221417,41.75634371135978,5.532355073273859,0.036269672214984894,-3.460980951786041e-05,15.443669015329546,-3.863142187954518,0.03494339436292648,0.009653673507273197,-484.08642578125,40.98200225830078,0.3090956211090088,-484.08642578125,40.98200225830078,-484.0514823868871,40.991655931808054,5.783836451818522,34.77500705048442
140,/yh/study/new_data/model_dataset_flight/vi/vi_000140.jpg,-492.5375671386719,43.97119903564453,-484.08642578125,40.98200225830078,8.964211488848793,-492.5375671386719,43.97119903564453,0.0,-486.2247314453125,42.60560607910156,6.458849635524263,0.27527743577957153,-485.3462000119627,41.93854195639312,7.473115545269199,0.03192152827978134,-0.00010067317634820938,11.59954036647705,-3.8441295026261413,0.03122028335928917,0.0064083426259458065,-485.9347839355469,41.1116943359375,0.32432079315185547,-485.9347839355469,41.1116943359375,-485.9035636521876,41.118102678563446,7.195381376627387,36.69576300308108
141,/yh/study/new_data/model_dataset_flight/vi/vi_000141.jpg,-495.8470458984375,44.25697326660156,-485.9347839355469,41.1116943359375,10.399313283705206,-495.8470458984375,44.25697326660156,0.0,-490.1361083984375,42.252525329589844,6.052488633702404,0.27246418595314026,-488.4099774413981,41.78381035356573,7.837507386223399,0.028102802112698555,-0.00011907005682587624,7.7935549090444916,-3.805985884319382,0.027784233912825584,0.0038027826230973005,-487.7406921386719,40.978126525878906,0.3199603855609894,-487.7406921386719,40.978126525878906,-487.71290790475905,40.981929308502,8.744358594408961,35.50265391822904
142,/yh/study/new_data/model_dataset_flight/vi/vi_000142.jpg,-499.1547546386719,44.542598724365234,-487.7406921386719,40.978126525878906,11.957687268351192,-499.1547546386719,44.542598724365234,0.0,-495.8628845214844,42.508785247802734,3.869471039545236,0.24912825226783752,-492.52584929965434,41.8799079906634,7.143690078453629,0.02473621629178524,-0.00019456353038549423,4.005310867981041,-3.788244041063451,0.024578755721449852,0.0017210034420713782,-491.32904052734375,40.963565826416016,0.30267906188964844,-491.32904052734375,40.963565826416016,-491.3044617716223,40.96528682985809,8.60530521462446,33.76220795325935
143,/yh/study/new_data/model_dataset_flight/vi/vi_000143.jpg,-502.4640808105469,44.8283576965332,-491.32904052734375,40.963565826416016,11.78667630453472,-502.4640808105469,44.8283576965332,0.0,-495.8222961425781,42.579891204833984,7.01205427388857,0.251753568649292,-493.97622410414033,41.91581745928564,8.97366157719783,0.021779565140604973,-0.00014165719039738178,0.24764942581314545,-3.7576614421678958,0.02170853316783905,9.38313314691186e-05,-493.7789306640625,40.94526672363281,0.3046320080757141,-493.7789306640625,40.94526672363281,-493.75722213089466,40.94536055496428,9.513686381776418,34.50247703585774
144,/yh/study/new_data/model_dataset_flight/vi/vi_000144.jpg,-505.6778869628906,45.1226806640625,-493.7789306640625,40.94526672363281,12.610945572442924,-505.6778869628906,45.1226806640625,0.0,-500.789794921875,43.01146697998047,5.32453444174188,0.2642946243286133,-497.9093533044987,42.16256034174607,8.313388450214424,0.019181957468390465,-5.025649443268776e-06,-3.4859193778311766,-3.7335688036443218,0.019143957644701004,-0.0011661724420264363,-497.69512939453125,40.92695236206055,0.2814580202102661,-497.69512939453125,40.92695236206055,-497.67598543688655,40.92578618961852,9.0182345489247,33.60472293570638
145,/yh/study/new_data/model_dataset_flight/vi/vi_000145.jpg,-508.8949890136719,45.41730499267578,-497.69512939453125,40.92695236206055,12.06648756829136,-508.8949890136719,45.41730499267578,0.0,-505.1740417480469,43.4001579284668,4.232532437230587,0.2527128756046295,-502.1013006987861,42.38403153094531,7.44009064551328,0.016890648752450943,-0.0001527690328657627,-7.197445026589752,-3.711525221871752,0.016681771725416183,-0.0021066421177238226,-502.0538330078125,40.93324279785156,0.28930962085723877,-502.0538330078125,40.93324279785156,-502.0371512360871,40.93113615573384,8.179745061036902,36.340209073387086
146,/yh/study/new_data/model_dataset_flight/vi/vi_000146.jpg,-512.4314575195312,45.741180419921875,-502.0538330078125,40.93324279785156,11.437279164379305,-512.4314575195312,45.741180419921875,0.0,-505.158203125,43.35411834716797,7.654952307281105,0.25264281034469604,-503.8827602477083,42.359491946440116,9.19326068253004,0.014876045286655426,-4.4772401452064514e-05,-10.88115472995345,-3.6837097033636983,0.01458660326898098,-0.0028039617463946342,-504.5797119140625,41.010765075683594,0.29598021507263184,-504.5797119140625,41.010765075683594,-504.5651253107935,41.0079611139372,9.166609972176344,35.85969400592148
147,/yh/study/new_data/model_dataset_flight/vi/vi_000147.jpg,-515.9639282226562,46.096248626708984,-504.5797119140625,41.010765075683594,12.468461168428192,-515.9639282226562,46.096248626708984,0.0,-510.3392333984375,43.80451202392578,6.073651992181433,0.26261061429977417,-507.9729109637563,42.65668991780422,8.6998230409612,0.013102368451654911,-7.232069037854671e-05,-14.53787323326455,-3.6567197839715697,0.01264785323292017,-0.003279878059402108,-509.2428894042969,41.540985107421875,0.2998078465461731,-509.2428894042969,41.540985107421875,-509.23024155106395,41.53770522936247,8.119284976402882,36.31602099630982
148,/yh/study/new_data/model_dataset_flight/vi/vi_000148.jpg,-519.1793212890625,46.41944122314453,-509.2428894042969,41.540985107421875,11.069417901299902,-519.1793212890625,46.41944122314453,0.0,-514.10546875,44.180049896240234,5.546066453186904,0.2758266031742096,-512.1076585799415,43.09577957390532,7.813778870060023,0.011541350744664669,0.0001924913376569748,-18.164997380675633,-3.627123293637435,0.01105760969221592,-0.0036280732601881027,-511.9307861328125,41.98171615600586,0.30968189239501953,-511.9307861328125,41.98171615600586,-511.9197285231203,41.97808808274567,8.499097933481126,36.51654301211238
149,/yh/study/new_data/model_dataset_flight/vi/vi_000149.jpg,-522.3988647460938,46.7430534362793,-511.9307861328125,41.98171615600586,11.500043589063388,-522.3988647460938,46.7430534362793,0.0,-518.6201171875,45.279273986816406,4.052355288995291,0.25285887718200684,-515.8717787724668,43.92445916480824,7.1096641956063955,0.010169482789933681,4.864693619310856e-05,-21.770840366180245,-3.6058412779573215,0.009466730058193207,-0.0037808341439813375,-514.8854370117188,43.81879806518555,0.29315054416656494,-514.8854370117188,43.81879806518555,-514.8759702816606,43.815017231041566,8.062435475403577,34.78844801429659
150,/yh/study/new_data/model_dataset_flight/vi/vi_000150.jpg,-525.5911865234375,47.084205627441406,-514.8854370117188,43.81879806518555,11.192674352240576,-525.5911865234375,47.084205627441406,0.0,-518.6657104492188,45.189029693603516,7.180105199422545,0.25043731927871704,-517.1125699897807,44.626064549392915,8.827762790446283,0.008963007479906082,0.00019088201224803925,-25.350228321482106,-3.579387528415039,0.008186188526451588,-0.0038783771451562643,-515.6436767578125,44.33387756347656,0.2779795527458191,-515.6436767578125,44.33387756347656,-515.635490569286,44.329999186331406,10.320719693734413,34.56958394963294
151,/yh/study/new_data/model_dataset_flight/vi/vi_000151.jpg,-528.7850341796875,47.42551803588867,-515.6436767578125,44.33387756347656,13.500130210487812,-528.7850341796875,47.42551803588867,0.0,-524.43212890625,45.359107971191406,4.818488858034452,0.2534363269805908,-520.8213581952824,44.93788795819648,8.343167179676383,0.007901486940681934,0.0002204044722020626,-28.908075567689043,-3.557846392433288,0.007013404276221991,-0.0038728967774659395,-519.8659057617188,44.78202819824219,0.2412705421447754,-519.8659057617188,44.78202819824219,-519.8588923574425,44.77815530146472,9.30262813714264,35.54704901762307
152,/yh/study/new_data/model_dataset_flight/vi/vi_000152.jpg,-532.2947387695312,47.80059051513672,-519.8659057617188,44.78202819824219,12.790137153176474,-532.2947387695312,47.80059051513672,0.0,-529.1038818359375,45.14439392089844,4.151740396256292,0.253834068775177,-525.3084224223775,44.99551451461318,7.528417328444353,0.006965310778468847,0.0003898502327501774,-32.44892418059911,-3.540847759136419,0.006042309105396271,-0.003841807134449482,-525.7578735351562,44.902183532714844,0.24057501554489136,-525.7578735351562,44.902183532714844,-525.7518312260509,44.898341725580394,7.150620261776765,36.268129013478756
153,/yh/study/new_data/model_dataset_flight/vi/vi_000153.jpg,-535.4741821289062,48.1633186340332,-525.7578735351562,44.902183532714844,10.2489831123888,-535.4741821289062,48.1633186340332,0.0,-529.0835571289062,48.39904022216797,6.39497088013212,0.22854863107204437,-527.7171867247171,46.96234266707308,7.8494153268780416,0.006142413709312677,0.00036135874688625336,-35.959238432824634,-3.510312971565054,0.005118132568895817,-0.0037129807751625776,-528.9954833984375,46.36900329589844,0.2632383108139038,-528.9954833984375,46.36900329589844,-528.9903652658686,46.365290315123275,6.722581704437892,35.687495954334736
154,/yh/study/new_data/model_dataset_flight/vi/vi_000154.jpg,-538.6561889648438,48.526344299316406,-528.9954833984375,46.36900329589844,9.898654062337018,-538.6561889648438,48.526344299316406,0.0,-534.24853515625,47.68437957763672,4.487350742806288,0.2285844385623932,-532.0902978341434,47.143951971980755,6.709838663253117,0.005416683852672577,0.0006556478329002857,-39.453583702770665,-3.4943448430592103,0.004435562063008547,-0.0036503642331808805,-533.5394287109375,46.28300094604492,0.27247336506843567,-533.5394287109375,46.28300094604492,-533.5349931488745,46.27935058181174,5.5869334072120544,36.62775398697704
155,/yh/study/new_data/model_dataset_flight/vi/vi_000155.jpg,-542.1497802734375,48.9249153137207,-533.5394287109375,46.28300094604492,9.006545706094979,-542.1497802734375,48.9249153137207,0.0,-538.5625,47.36863327026367,3.910318856433656,0.2321852147579193,-536.4987510731911,46.92259688832061,5.995282320185943,0.004778626840561628,0.0007925168611109257,-42.93631082093851,-3.482728398828311,0.003788592526689172,-0.0035250543151050806,-537.5810546875,45.96109390258789,0.2888767421245575,-537.5810546875,45.96109390258789,-537.5772660949733,45.957568848272786,5.445869153467539,37.146914983168244
156,/yh/study/new_data/model_dataset_flight/vi/vi_000156.jpg,-547.12939453125,49.48106002807617,-537.5810546875,45.96109390258789,10.176490323108885,-547.12939453125,49.48106002807617,0.0,-542.588134765625,47.60395050048828,4.913917015726422,0.22530098259449005,-540.53095589178,46.92897629731494,7.074780833896362,0.004214842803776264,0.0008737868629395962,-46.40520339094249,-3.4688925700039808,0.0032076225616037846,-0.003368948120623827,-539.9153442382812,45.93431854248047,0.27269330620765686,-539.9153442382812,45.93431854248047,-539.9121366157196,45.930949594359845,8.03877458292793,36.343000014312565
157,/yh/study/new_data/model_dataset_flight/vi/vi_000157.jpg,-552.1171875,50.03811264038086,-539.9153442382812,45.93431854248047,12.873465150514578,-552.1171875,50.03811264038086,0.0,-555.7294921875,40.928489685058594,9.79969262494844,0.2185015231370926,-549.2321862604148,42.98515448987396,7.620200182751758,0.0037181745283305645,0.0010882667265832424,-49.85547686526901,-3.4502679247978256,0.002747985767200589,-0.0032581959385424852,-548.8551025390625,42.01145935058594,0.25268787145614624,-548.8551025390625,42.01145935058594,-548.8523545532953,42.008201154647395,8.664199981934296,38.76683907583356
158,/yh/study/new_data/model_dataset_flight/vi/vi_000158.jpg,-555.6659545898438,50.476261138916016,-548.8551025390625,42.01145935058594,10.864647945209603,-555.6659545898438,50.476261138916016,0.0,-562.896240234375,41.360572814941406,11.63498191323741,0.22634753584861755,-557.1273826605288,41.62799215106265,8.968145632581686,0.0032825812231749296,0.0011141831055283546,-53.29248611222737,-3.437006899080834,0.0022950887214392424,-0.0030782553367316723,-558.6417236328125,41.07822036743164,0.2470565140247345,-558.6417236328125,41.07822036743164,-558.6394285440911,41.07514211209491,9.857909095724802,42.12492099031806
159,/yh/study/new_data/model_dataset_flight/vi/vi_000159.jpg,-558.8970947265625,50.875186920166016,-558.6417236328125,41.07822036743164,9.800294282873303,-558.8970947265625,50.875186920166016,0.0,-563.04736328125,41.349937438964844,10.390144693658076,0.2267947643995285,-561.2372886131545,41.2383013935053,9.916958711258479,0.002896406687796116,0.001595853827893734,-56.72116935858749,-3.4286828194732926,0.002027132548391819,-0.00308850035071373,-562.9609985351562,40.638465881347656,0.25155603885650635,-562.9609985351562,40.638465881347656,-562.9589714026079,40.63537738099694,11.013889948246678,37.24806092213839
160,/yh/study/new_data/model_dataset_flight/vi/vi_000160.jpg,-562.1253662109375,51.27375793457031,-562.9609985351562,40.638465881347656,10.668070042825,-562.1253662109375,51.27375793457031,0.0,-568.3876953125,41.65252685546875,11.47975841443305,0.24762994050979614,-566.1581152396974,41.235895848933346,10.817658710609795,0.0025573456659913063,0.0016869150567799807,-60.15282032214198,-3.431643493035082,0.0016925400123000145,-0.002949706744402647,-568.1600952148438,41.00322341918945,0.2558310925960541,-568.1600952148438,41.00322341918945,-568.1584026748314,41.00027371244505,11.912255595906968,39.17662100866437
161,/yh/study/new_data/model_dataset_flight/vi/vi_000161.jpg,-565.437255859375,51.707855224609375,-568.1600952148438,41.00322341918945,11.045496650006157,-565.437255859375,51.707855224609375,0.0,-571.8703002929688,41.84982681274414,11.771354418831068,0.2544587254524231,-570.3459476991893,41.50199642286183,11.324963993738233,0.0022567620035260916,0.001843910664319992,-63.57523686993861,-3.422414199919102,0.0014146000612527132,-0.0028466032817959785,-572.1129150390625,41.552696228027344,0.2852676510810852,-572.1129150390625,41.552696228027344,-572.1115004390012,41.54984962474555,12.152846568981563,37.734900950454175
162,/yh/study/new_data/model_dataset_flight/vi/vi_000162.jpg,-568.749267578125,52.1419677734375,-572.1129150390625,41.552696228027344,11.110661371129286,-568.749267578125,52.1419677734375,0.0,-571.7533569335938,41.84172821044922,10.729375000930375,0.25196632742881775,-571.9010828191297,41.722978264607235,10.885278209515109,0.0019927984103560448,0.0022565966937690973,-66.98667047354985,-3.411434884271718,0.0012201779754832387,-0.0028727008029818535,-572.954345703125,41.79972457885742,0.28684359788894653,-572.954345703125,41.79972457885742,-572.9531255251495,41.79685187805444,11.164438021378034,38.334987009875476
163,/yh/study/new_data/model_dataset_flight/vi/vi_000163.jpg,-572.0621337890625,52.576194763183594,-572.954345703125,41.79972457885742,10.813341376894842,-572.0621337890625,52.576194763183594,0.0,-574.4597778320312,41.965057373046875,10.878645764484705,0.24458332359790802,-573.8412650215165,41.89712973337396,10.826252253351406,0.0017595733515918255,0.002285363618284464,-70.39438845425262,-3.4077175538159388,0.0009738338412716985,-0.002733995672315359,-574.041259765625,42.049041748046875,0.29171788692474365,-574.041259765625,42.049041748046875,-574.0402859317837,42.04630775237456,10.711577392485506,38.56413101311773
164,/yh/study/new_data/model_dataset_flight/vi/vi_000164.jpg,-575.3704833984375,53.032535552978516,-574.041259765625,42.049041748046875,11.063632840482324,-575.3704833984375,53.032535552978516,0.0,-577.2186889648438,42.04294967651367,11.143915898457356,0.24448435008525848,-575.9132294715299,42.04545262846581,11.000480193608636,0.0015543088084086776,0.002500742906704545,-73.7971818685638,-3.402793200867771,0.0007826133514754474,-0.0026932782493531704,-576.1063232421875,42.33427810668945,0.291627436876297,-576.1063232421875,42.33427810668945,-576.105540628836,42.3315848284401,10.723533590320375,37.64675592537969
165,/yh/study/new_data/model_dataset_flight/vi/vi_000165.jpg,-578.6788940429688,53.48888397216797,-576.1063232421875,42.33427810668945,11.447416850067093,-578.6788940429688,53.48888397216797,0.0,-578.0802612304688,46.40797424316406,7.106169420616415,0.24700601398944855,-577.2692609140342,44.73427989442944,8.867364778565598,0.00137387088034302,0.0028014294803142548,-77.20102030181799,-3.4038369391503136,0.0006146570667624474,-0.002705646213144064,-577.1378173828125,45.25796890258789,0.2829582393169403,-577.1378173828125,45.25796890258789,-577.1372027257457,45.25526325637475,8.373940539263385,37.484853994101286
166,/yh/study/new_data/model_dataset_flight/vi/vi_000166.jpg,-581.9886474609375,53.94542694091797,-577.1378173828125,45.25796890258789,9.94999897560739,-581.9886474609375,53.94542694091797,0.0,-582.78955078125,46.68549346923828,7.303977008568871,0.22891396284103394,-580.4675135127301,46.098989292235466,7.99252352283378,0.0012135611614212394,0.0030860858969390392,-80.58545416764018,-3.3844317313880725,0.00045091542415320873,-0.002719474257901311,-580.5318603515625,46.30252456665039,0.26981720328330994,-580.5318603515625,46.30252456665039,-580.5314094361383,46.29980509239249,7.780500329967614,37.02426899690181
167,/yh/study/new_data/model_dataset_flight/vi/vi_000167.jpg,-585.4841918945312,54.39555358886719,-580.5318603515625,46.30252456665039,9.488029640864672,-585.4841918945312,54.39555358886719,0.0,-588.7077026367188,46.88037109375,8.177346112273469,0.22479021549224854,-585.3486251379602,46.64296053723277,7.753778264158544,0.0010721322614699602,0.00304935104213655,-83.96890448622189,-3.383453093346057,0.00027284189127385616,-0.002582434331998229,-586.02294921875,46.861488342285156,0.2556917071342468,-586.02294921875,46.861488342285156,-586.0226763768587,46.85890590795316,7.55330381979664,37.99660492222756
168,/yh/study/new_data/model_dataset_flight/vi/vi_000168.jpg,-588.6644897460938,54.805076599121094,-586.02294921875,46.861488342285156,8.371280114280092,-588.6644897460938,54.805076599121094,0.0,-593.4141235351562,46.86692810058594,9.250579588058262,0.23503327369689941,-590.3774300093139,46.864693154133995,8.123044601550944,0.0009469208307564259,0.0027656108140945435,-87.35007352162081,-3.3811703160593916,0.00010771129018394276,-0.002327234949916601,-591.5399169921875,47.09735870361328,0.26913419365882874,-591.5399169921875,47.09735870361328,-591.5398092808973,47.095031468663365,8.226603005147973,39.55529700033367
169,/yh/study/new_data/model_dataset_flight/vi/vi_000169.jpg,-591.8436889648438,55.2144660949707,-591.5399169921875,47.09735870361328,8.12278953403329,-591.8436889648438,55.2144660949707,0.0,-593.3739624023438,46.833160400390625,8.519860441317013,0.2337305247783661,-592.6204375110744,46.941707329821575,8.309144112989209,0.632899284362793,0.0029043934773653746,-90.7609743704768,-3.4108980740916373,-0.008424896746873856,-0.6342955231666565,-593.132568359375,47.05510711669922,0.27116963267326355,-593.132568359375,47.05510711669922,-593.1409932561219,46.42081159353256,8.260529585319983,39.092935039661825
170,/yh/study/new_data/model_dataset_flight/vi/vi_000170.jpg,-595.13671875,55.62977981567383,-593.132568359375,47.05510711669922,8.805772577280363,-595.13671875,55.62977981567383,0.0,-596.881103515625,46.760597229003906,9.039097187564339,0.23732081055641174,-595.3410028559626,46.8815977941341,8.750566877519413,0.5764222741127014,0.0027353749610483646,-94.18780322047725,-3.4268297037741036,-0.04219362884759903,-0.5762472748756409,-595.9473876953125,46.78527069091797,0.27821439504623413,-595.9473876953125,46.78527069091797,-595.9895813241601,46.20902341604233,8.881583518539008,39.63569307234138
171,/yh/study/new_data/model_dataset_flight/vi/vi_000171.jpg,-598.4330444335938,56.045509338378906,-595.9473876953125,46.78527069091797,9.588039905449506,-598.4330444335938,56.045509338378906,0.0,-600.5245361328125,46.8369255065918,9.443111442472333,0.2322184443473816,-598.6439963928522,46.81570291900012,9.232216812246172,0.5240654945373535,0.003718809224665165,-97.60720765484992,-3.419403794042419,-0.06962250918149948,-0.5212962031364441,-598.9228515625,46.73611831665039,0.28039491176605225,-598.9228515625,46.73611831665039,-598.9924740716815,46.21482211351395,9.322267547059937,39.60696898866445
172,/yh/study/new_data/model_dataset_flight/vi/vi_000172.jpg,-601.7293701171875,56.461246490478516,-598.9228515625,46.73611831665039,10.121989152098058,-601.7293701171875,56.461246490478516,0.0,-600.605224609375,46.78050231933594,9.745794520194135,0.2326073944568634,-599.9140149151108,46.76226697433711,9.86740686118889,0.47532472014427185,0.003478746162727475,-101.03407748598539,-3.4268694042486545,-0.09130663424730301,-0.46824485063552856,-599.7804565429688,46.59666061401367,0.27091971039772034,-599.7804565429688,46.59666061401367,-599.871763177216,46.12841576337814,10.055263230464123,39.72732892725617
173,/yh/study/new_data/model_dataset_flight/vi/vi_000173.jpg,-605.0008544921875,56.88426971435547,-599.7804565429688,46.59666061401367,11.536353659178566,-605.0008544921875,56.88426971435547,0.0,-606.6182250976562,46.78368377685547,10.229258230989045,0.21868544816970825,-603.8089005421336,46.70684456248007,10.246986724938944,0.4303399324417114,0.0035967733711004257,-104.47658162013103,-3.4425013593812865,-0.10802777856588364,-0.41841790080070496,-603.8685302734375,46.56830596923828,0.24988561868667603,-603.8685302734375,46.56830596923828,-603.9765580520034,46.149888068437576,10.377922052460214,38.03270310163498
174,/yh/study/new_data/model_dataset_flight/vi/vi_000174.jpg,-608.27197265625,57.307247161865234,-603.8685302734375,46.56830596923828,11.606686122983142,-608.27197265625,57.307247161865234,0.0,-612.9385986328125,46.887306213378906,11.417204884518368,0.22344215214252472,-609.2121247753736,46.7562436873641,10.592807008816294,0.3887184262275696,0.00379262026399374,-107.92808794360273,-3.451507817575594,-0.1202402263879776,-0.3716478943824768,-610.3619995117188,46.80802917480469,0.24728736281394958,-610.3619995117188,46.80802917480469,-610.4822397381067,46.43638128042221,10.705222585093516,38.151629036292434
175,/yh/study/new_data/model_dataset_flight/vi/vi_000175.jpg,-611.5435791015625,57.730289459228516,-610.3619995117188,46.80802917480469,10.985986530477698,-611.5435791015625,57.730289459228516,0.0,-612.920654296875,46.896827697753906,10.920633215655469,0.2238072007894516,-611.8694207461112,46.86034446948723,10.874827670235694,0.35061827301979065,0.004415392410010099,-111.40159430639106,-3.473503161137151,-0.1287471354007721,-0.3284970819950104,-612.6754760742188,46.92693328857422,0.26131564378738403,-612.6754760742188,46.92693328857422,-612.8042232096195,46.59843620657921,10.862490290293596,39.71523395739496
176,/yh/study/new_data/model_dataset_flight/vi/vi_000176.jpg,-614.8861694335938,58.1866569519043,-612.6754760742188,46.92693328857422,11.474691372918926,-614.8861694335938,58.1866569519043,0.0,-616.9765625,51.00481414794922,7.479880295352371,0.2404565066099167,-615.2094439415503,49.3294004890759,8.86315397901954,0.31567439436912537,0.00436130678281188,-114.87742976368637,-3.4758341766348293,-0.13371478021144867,-0.28836122155189514,-615.9605712890625,49.59941101074219,0.2838701009750366,-615.9605712890625,49.59941101074219,-616.094286069274,49.31104978919029,8.654197374744802,39.80343695729971
177,/yh/study/new_data/model_dataset_flight/vi/vi_000177.jpg,-618.2273559570312,58.64283752441406,-615.9605712890625,49.59941101074219,9.32319021789868,-618.2273559570312,58.64283752441406,0.0,-620.6500854492188,51.067527770996094,7.953297181203812,0.23978793621063232,-618.7233798027448,50.46434612891957,8.193519461238491,0.28400370478630066,0.004549586679786444,-118.3721370336584,-3.494708337189102,-0.13603849709033966,-0.2518906593322754,-618.99609375,50.28544998168945,0.2851591110229492,-618.99609375,50.28544998168945,-619.1321322470903,50.03355932235718,8.392668487056245,37.501535029150546
178,/yh/study/new_data/model_dataset_flight/vi/vi_000178.jpg,-621.5722045898438,59.099517822265625,-618.99609375,50.28544998168945,9.182817593605982,-621.5722045898438,59.099517822265625,0.0,-625.0137329101562,51.09579086303711,8.712276534717795,0.23417438566684723,-622.5413617961453,50.762859071311986,8.392803156298745,0.2548690438270569,0.004856702871620655,-121.89696543787021,-3.5248309655327392,-0.13595424592494965,-0.21844540536403656,-622.7689208984375,50.34590530395508,0.2638062834739685,-622.7689208984375,50.34590530395508,-622.9048751443624,50.12745989859104,8.835036052217182,36.45424800924957
179,/yh/study/new_data/model_dataset_flight/vi/vi_000179.jpg,-624.8855590820312,59.540775299072266,-622.7689208984375,50.34590530395508,9.43534797595475,-624.8855590820312,59.540775299072266,0.0,-625.2744140625,51.05952453613281,8.490160345935546,0.23318281769752502,-624.2450221763605,50.76633122076741,8.797792701060041,0.22854815423488617,0.005500516854226589,-125.48789641286939,-3.5909331094332995,-0.1342758983373642,-0.18833200633525848,-624.4364013671875,50.275634765625,0.25179174542427063,-624.4364013671875,50.275634765625,-624.5706772655249,50.08730275928974,9.276021332302506,36.58956103026867
180,/yh/study/new_data/model_dataset_flight/vi/vi_000180.jpg,-628.2006225585938,59.982269287109375,-624.4364013671875,50.275634765625,10.410961286620179,-628.2006225585938,59.982269287109375,0.0,-630.8914184570312,51.078914642333984,9.301080931681629,0.2298044115304947,-628.239348871496,50.74888389260223,9.233466606362361,0.20471103489398956,0.005883866921067238,-129.07459267058317,-3.586693696392837,-0.13089023530483246,-0.16120639443397522,-629.0795288085938,50.33094787597656,0.2593507170677185,-629.0795288085938,50.33094787597656,-629.2104190438986,50.16974148154259,9.691257977026497,42.78993292246014
181,/yh/study/new_data/model_dataset_flight/vi/vi_000181.jpg,-631.5191650390625,60.42422103881836,-629.0795288085938,50.33094787597656,10.383929317785162,-631.5191650390625,60.42422103881836,0.0,-635.2034912109375,51.12316131591797,10.004197684458408,0.2430928647518158,-632.687436767678,50.797677255987814,9.697175054346278,0.18314334750175476,0.005344473756849766,-132.6553330033407,-3.580735850445882,-0.12590613961219788,-0.13665679097175598,-633.3734741210938,50.50112533569336,0.2637498676776886,-633.3734741210938,50.50112533569336,-633.499380260706,50.3644685447216,10.094864561007315,36.58283094409853
182,/yh/study/new_data/model_dataset_flight/vi/vi_000182.jpg,-635.0553588867188,60.91789245605469,-633.3734741210938,50.50112533569336,10.551671602389941,-635.0553588867188,60.91789245605469,0.0,-635.0601806640625,51.10398483276367,9.813908807810794,0.24367405474185944,-634.3671905355981,50.85629759750494,10.085101227904401,0.1635817438364029,0.005976633168756962,-136.2801280562448,-3.6247976142250455,-0.12038476765155792,-0.11512209475040436,-634.5538330078125,50.525550842285156,0.2607491612434387,-634.5538330078125,50.525550842285156,-634.6742177754641,50.41042874753475,10.40443618965,38.23212604038417
183,/yh/study/new_data/model_dataset_flight/vi/vi_000183.jpg,-638.2706298828125,61.366756439208984,-634.5538330078125,50.525550842285156,11.460642120090057,-638.2706298828125,61.366756439208984,0.0,-644.4605712890625,58.5091438293457,6.8177213525383875,0.27771303057670593,-640.3903482483057,55.22905272353137,6.493428435768893,0.14603260159492493,0.0061835842207074165,-139.91470394004037,-3.634572041814157,-0.11409308761358261,-0.09602527320384979,-640.6845092773438,54.95601272583008,0.3038455843925476,-640.6845092773438,54.95601272583008,-640.7986023649573,54.85998745262623,6.850142238666999,36.510951933451
184,/yh/study/new_data/model_dataset_flight/vi/vi_000184.jpg,-641.486572265625,61.815711975097656,-640.6845092773438,54.95601272583008,6.906430252132633,-641.486572265625,61.815711975097656,0.0,-648.796142578125,60.15229797363281,7.496450112796765,0.26903337240219116,-645.4634455973742,58.017383399177845,5.499347367408864,0.13022463023662567,0.006130016874521971,-143.55968903213102,-3.6449812501092564,-0.10722832381725311,-0.0791720524430275,-644.3129272460938,57.482704162597656,0.3424285352230072,-644.3129272460938,57.482704162597656,-644.420155569911,57.40353211015463,5.1733199377968635,37.94147307053208
185,/yh/study/new_data/model_dataset_flight/vi/vi_000185.jpg,-644.7642822265625,62.216407775878906,-644.3129272460938,57.482704162597656,4.755173100612207,-644.7642822265625,62.216407775878906,0.0,-648.670166015625,60.18069076538086,4.404551273454804,0.2717452049255371,-646.8799770421875,59.072212180145044,3.789740162213613,0.11599661409854889,0.005763451103121042,-147.2357378245669,-3.6760517806436446,-0.09996531158685684,-0.06433503329753876,-644.8642578125,59.310325622558594,0.3328334093093872,-644.8642578125,59.310325622558594,-644.9642231240869,59.245990589261055,2.90780133427825,36.694428068585694
186,/yh/study/new_data/model_dataset_flight/vi/vi_000186.jpg,-648.04248046875,62.61715316772461,-644.8642578125,59.310325622558594,4.586524573810709,-648.04248046875,62.61715316772461,0.0,-657.005859375,56.33806610107422,10.94390678905772,0.2808263301849365,-652.0174338177296,57.55923081179959,6.4329489882269755,0.10322172939777374,0.006413990631699562,-150.93931227935795,-3.703567624601864,-0.09302995353937149,-0.05169624090194702,-646.9450073242188,57.06600570678711,0.3241514563560486,-646.9450073242188,57.06600570678711,-647.0380372777581,57.01430946588516,5.658593945145752,35.35595291759819
187,/yh/study/new_data/model_dataset_flight/vi/vi_000187.jpg,-651.3211669921875,63.01796340942383,-646.9450073242188,57.06600570678711,7.387595950885032,-651.3211669921875,63.01796340942383,0.0,-660.7738037109375,55.51902389526367,12.065920386513966,0.34207794070243835,-655.0921874128984,56.15460755904246,7.831107746825014,0.09179838001728058,0.006142768077552319,-154.64594665889715,-3.7066403559547236,-0.08573181182146072,-0.040624238550662994,-652.5064697265625,55.66576385498047,0.25169020891189575,-652.5064697265625,55.66576385498047,-652.592201538384,55.625139616429806,7.447132391764899,36.36281506624073
188,/yh/study/new_data/model_dataset_flight/vi/vi_000188.jpg,-654.587158203125,63.414756774902344,-652.5064697265625,55.66576385498047,8.023475295001495,-654.587158203125,63.414756774902344,0.0,-663.8477172851562,56.801971435546875,11.379230398238104,0.37204864621162415,-659.1881203710758,56.33515600727855,8.443316877853983,0.08154799044132233,0.006062136963009834,-158.36923303963283,-3.723280404320167,-0.07862288504838943,-0.03117785044014454,-660.1387939453125,55.666316986083984,0.35005900263786316,-660.1387939453125,55.666316986083984,-660.2174168303609,55.63513913564384,9.53199761722994,38.7837840244174
189,/yh/study/new_data/model_dataset_flight/vi/vi_000189.jpg,-657.8555908203125,63.81185531616211,-660.1387939453125,55.666316986083984,8.459480551238457,-657.8555908203125,63.81185531616211,0.0,-663.688720703125,56.337799072265625,9.48087131896052,0.4101547300815582,-662.2302190982128,56.06191797184282,8.899376461903389,0.0723736435174942,0.0064468989148736,-162.12710749832547,-3.7578714704848735,-0.07194875925779343,-0.0232012290507555,-661.2633056640625,55.25092315673828,0.3682191073894501,-661.2633056640625,55.25092315673828,-661.3352544233203,55.227721927687526,9.214232463671145,37.479961989447474
190,/yh/study/new_data/model_dataset_flight/vi/vi_000190.jpg,-661.1251220703125,64.2090835571289,-661.2633056640625,55.25092315673828,8.959226108582616,-661.1251220703125,64.2090835571289,0.0,-669.490966796875,57.09186553955078,10.983722060335117,0.32738155126571655,-666.1105993173288,56.335506999484075,9.319237693589088,0.06420530378818512,0.005959136411547661,-165.89100618386607,-3.7638918553514165,-0.06515815854072571,-0.016377471387386322,-664.495361328125,55.61191940307617,0.3384855091571808,-664.495361328125,55.61191940307617,-664.5605194866657,55.595541931688786,9.234161799894444,37.472777999937534
191,/yh/study/new_data/model_dataset_flight/vi/vi_000191.jpg,-664.4630126953125,64.65044403076172,-664.495361328125,55.61191940307617,9.038582514936897,-664.4630126953125,64.65044403076172,0.0,-674.515869140625,57.765106201171875,12.184736342557521,0.3144531846046448,-670.3989034329799,56.88046079439357,9.777905621500304,0.05687848851084709,0.006134620402008295,-169.69374132502733,-3.802738129369041,-0.0589786022901535,-0.010724884457886219,-668.3823852539062,55.87797927856445,0.2952663004398346,-668.3823852539062,55.87797927856445,-668.4413638561964,55.86725439410657,9.608205820110285,37.533016060478985
192,/yh/study/new_data/model_dataset_flight/vi/vi_000192.jpg,-667.8052978515625,65.09236907958984,-668.3823852539062,55.87797927856445,9.2324432993214,-667.8052978515625,65.09236907958984,0.0,-674.4285888671875,58.96757507324219,9.021146573349256,0.28616392612457275,-671.9444819333785,57.6982022854374,8.473874405660347,0.05034758523106575,0.006175776943564415,-173.5177729960207,-3.824038074295726,-0.05309385806322098,-0.006032598204910755,-669.9222412109375,56.54541778564453,0.27236878871917725,-669.9222412109375,56.54541778564453,-669.9753350690007,56.53938518743962,8.805215818358763,52.64697701204568
193,/yh/study/new_data/model_dataset_flight/vi/vi_000193.jpg,-671.1435546875,65.53378295898438,-669.9222412109375,56.54541778564453,9.070959987638672,-671.1435546875,65.53378295898438,0.0,-678.8739013671875,61.9238166809082,8.531712390663593,0.26814502477645874,-675.1960759935272,59.714079986105645,7.091676221341316,0.04453021660447121,0.005955158732831478,-177.3760375751342,-3.8582598833584285,-0.0474579855799675,-0.00217494391836226,-673.6560668945312,60.62812805175781,0.29609695076942444,-673.6560668945312,60.62812805175781,-673.7035248801112,60.62595310783945,5.511639289655764,56.48443603422493
194,/yh/study/new_data/model_dataset_flight/vi/vi_000194.jpg,-674.447265625,65.97511291503906,-673.6560668945312,60.62812805175781,5.405205135723729,-674.447265625,65.97511291503906,0.0,-682.6320190429688,59.04017639160156,10.72769933849092,0.3393908441066742,-678.9442132071724,59.69259268153312,7.726098500615816,0.0393836684525013,0.006011083722114563,178.75200650418995,-3.8719663654753513,-0.04237915575504303,0.0009232315933331847,-677.85595703125,59.50166320800781,0.30966877937316895,-677.85595703125,59.50166320800781,-677.898336187005,59.502586439601146,7.316059609687826,49.61544100660831
195,/yh/study/new_data/model_dataset_flight/vi/vi_000195.jpg,-677.7529907226562,66.4167251586914,-677.85595703125,59.50166320800781,6.915828500078455,-677.7529907226562,66.4167251586914,0.0,-682.4893798828125,61.28106689453125,6.986298596730756,0.302895724773407,-680.5857195747884,60.549991773933485,6.514822588339236,0.03479523956775665,0.005696062929928303,174.87916630138764,-3.8728376414813512,-0.0374930277466774,0.003359905444085598,-678.3374633789062,60.80812454223633,0.30643993616104126,-678.3374633789062,60.80812454223633,-678.3749564066529,60.811484447680414,5.6389723497109125,44.7671499568969
196,/yh/study/new_data/model_dataset_flight/vi/vi_000196.jpg,-681.0598754882812,66.85848236083984,-678.3374633789062,60.80812454223633,6.634633179491413,-681.0598754882812,66.85848236083984,0.0,-686.2675170898438,57.584564208984375,10.636027874053301,0.3594653904438019,-683.0094228097328,58.908976863198184,8.185070092284718,0.03071223385632038,0.005610831081867218,170.96152005763008,-3.9176424017761655,-0.03310146555304527,0.0052655478939414024,-681.3129272460938,58.578407287597656,0.34254536032676697,-681.3129272460938,58.578407287597656,-681.3460287116468,58.5836728354916,8.283940995121743,41.32740304339677
197,/yh/study/new_data/model_dataset_flight/vi/vi_000197.jpg,-684.3595581054688,67.29602813720703,-681.3129272460938,58.578407287597656,9.234656077561315,-684.3595581054688,67.29602813720703,0.0,-698.5261840820312,63.80183029174805,14.591186043054403,0.3459908962249756,-691.45404867368,61.655766061571406,9.063352178101168,0.027093863114714622,0.00528838112950325,167.0654708720281,-3.89604875871517,-0.028983494266867638,0.0066564916633069515,-697.3455810546875,61.42161560058594,0.24594515562057495,-697.3455810546875,61.42161560058594,-697.3745645489544,61.428272092249244,14.252912498435087,45.373925007879734
198,/yh/study/new_data/model_dataset_flight/vi/vi_000198.jpg,-687.6604614257812,67.73373413085938,-697.3455810546875,61.42161560058594,11.560466364573985,-687.6604614257812,67.73373413085938,0.0,-703.0029296875,65.50731658935547,15.503169593053011,0.34683969616889954,-700.6785853774813,63.828689999047036,13.591207484739153,0.02387901581823826,0.00559094175696373,163.12722477773374,-3.9382413985392777,-0.025526193901896477,0.007742203772068024,-703.66064453125,63.91279220581055,0.3647729456424713,-703.66064453125,63.91279220581055,-703.6861707251519,63.920534409582615,16.45008986611087,38.85244601406157
199,/yh/study/new_data/model_dataset_flight/vi/vi_000199.jpg,-690.9660034179688,68.17205810546875,-703.66064453125,63.91279220581055,13.390117960608181,-690.9660034179688,68.17205810546875,0.0,-702.8548583984375,67.89111328125,11.892174012386125,0.3161717355251312,-703.1859188535121,66.25660415775481,12.369126771023264,0.02103019505739212,0.00511747132986784,159.17503143715425,-3.9521907792585593,-0.02204788662493229,0.008386203087866306,-705.0841064453125,66.96234130859375,0.3549952805042267,-705.0841064453125,66.96234130859375,-705.1061543319374,66.97072751168162,14.169835843062343,38.10789599083364
200,/yh/study/new_data/model_dataset_flight/vi/vi_000200.jpg,-694.3814086914062,68.6431655883789,-705.0841064453125,66.96234130859375,10.833877859334818,-694.3814086914062,68.6431655883789,0.0,-705.0059814453125,69.30697631835938,10.645289610352751,0.2809286117553711,-705.0380794139911,68.34367364819849,10.660878308649359,0.018513955175876617,0.0051857829093933105,155.21320752984505,-3.961829029951094,-0.019162360578775406,0.008848893456161022,-706.0604858398438,69.42135620117188,0.34658244252204895,-706.0604858398438,69.42135620117188,-706.0796482004225,69.43020509462804,11.7049743130429,45.852427021600306
201,/yh/study/new_data/model_dataset_flight/vi/vi_000201.jpg,-697.7882080078125,69.11308288574219,-706.0604858398438,69.42135620117188,8.278019869952091,-697.7882080078125,69.11308288574219,0.0,-707.0228271484375,69.32377624511719,9.23702237542393,0.262372225522995,-706.6274453733155,69.36386736029296,8.842794244828937,0.016310367733240128,0.005137855652719736,151.1984086753332,-4.014797573851365,-0.0165438000112772,0.009095629677176476,-706.2981567382812,69.84952545166016,0.34759533405303955,-706.2981567382812,69.84952545166016,-706.3147005382925,69.85862108133733,8.541754799109052,47.65856999438256
202,/yh/study/new_data/model_dataset_flight/vi/vi_000202.jpg,-700.8925170898438,69.5412826538086,-706.2981567382812,69.84952545166016,5.41442089527466,-700.8925170898438,69.5412826538086,0.0,-707.5966186523438,69.39898681640625,6.705611520633817,0.2468416839838028,-707.0631403822894,69.58409241644338,6.170771790712177,0.014358081854879856,0.004663472063839436,147.2119141247419,-3.986500527006826,-0.01403078343719244,0.00903809443116188,-707.1869506835938,69.8482894897461,0.33173492550849915,-707.1869506835938,69.8482894897461,-707.2009814670309,69.85732758417726,6.301916173945897,46.03702109307051
203,/yh/study/new_data/model_dataset_flight/vi/vi_000203.jpg,-704.1041870117188,69.95103454589844,-707.1869506835938,69.8482894897461,3.084475385409321,-704.1041870117188,69.95103454589844,0.0,-713.4393920898438,70.66546630859375,9.362503222653583,0.28142601251602173,-710.8705515340307,70.32972594460925,6.776953299548368,0.012644662521779537,0.004363941494375467,143.23703089573962,-3.9748896323046274,-0.01187788788229227,0.008873828686773777,-710.109375,70.37464904785156,0.2835189700126648,-710.109375,70.37464904785156,-710.1212528878823,70.38352287653834,6.02011063194543,36.67526599019766
204,/yh/study/new_data/model_dataset_flight/vi/vi_000204.jpg,-707.6273193359375,70.40052032470703,-710.109375,70.37464904785156,2.482190492784724,-707.6273193359375,70.40052032470703,0.0,-717.0146484375,71.00746154785156,9.406929643055399,0.3057152032852173,-714.1775892309159,70.74746800155451,6.559451835902963,0.011121834628283978,0.004888063296675682,139.26034449679645,-3.9767047550765584,-0.010278623551130295,0.008853396400809288,-713.7743530273438,70.98162078857422,0.3039941191673279,-713.7743530273438,70.98162078857422,-713.7846316508949,70.99047418497503,6.174439322917523,35.977641004137695
205,/yh/study/new_data/model_dataset_flight/vi/vi_000205.jpg,-710.8394775390625,70.8103256225586,-713.7743530273438,70.98162078857422,2.939870093322905,-710.8394775390625,70.8103256225586,0.0,-717.6915893554688,69.97917938232422,6.90233586673308,0.27459394931793213,-716.082177144691,70.39103644293212,5.2594393780144,0.009777856059372425,0.0034017525613307953,135.27342647447662,-3.9869158878857274,-0.008155331015586853,0.008077863603830338,-716.8274536132812,70.68309020996094,0.32638558745384216,-716.8274536132812,70.68309020996094,-716.8356089442968,70.69116807356477,5.989327701473271,36.816996056586504
206,/yh/study/new_data/model_dataset_flight/vi/vi_000206.jpg,-714.0416870117188,71.22013092041016,-716.8274536132812,70.68309020996094,2.8370597954679915,-714.0416870117188,71.22013092041016,0.0,-723.4489135742188,66.41131591796875,10.565065703814204,0.236037939786911,-720.7284602694751,68.16639146902949,7.3510721148390745,0.008585158735513687,0.0035751156974583864,131.23492686354484,-4.038498757158133,-0.006837156135588884,0.007800420746207237,-722.4004516601562,67.00518035888672,0.2899862825870514,-722.4004516601562,67.00518035888672,-722.4072888162918,67.01298077963293,9.361343636682461,38.249216973781586
207,/yh/study/new_data/model_dataset_flight/vi/vi_000207.jpg,-717.5553588867188,71.66979217529297,-722.4004516601562,67.00518035888672,6.725587511955599,-717.5553588867188,71.66979217529297,0.0,-721.6102905273438,75.28711700439453,5.433922112928783,0.2436218559741974,-721.9349313886827,71.88445021340497,4.384829913837564,0.007529682479798794,0.004024986643344164,127.20943193279277,-4.025500480280775,-0.005770442076027393,0.007599678821861744,-721.9028930664062,70.82212829589844,0.2734747529029846,-721.9028930664062,70.82212829589844,-721.9086635084823,70.8297279747203,4.4294003539961535,34.74055998958647
208,/yh/study/new_data/model_dataset_flight/vi/vi_000208.jpg,-720.7557983398438,72.0793685913086,-721.9028930664062,70.82212829589844,1.7019046601118741,-720.7557983398438,72.0793685913086,0.0,-725.6378173828125,75.51768493652344,5.971275343314949,0.2567277252674103,-724.1033087911309,73.58849671278456,3.67196049931179,0.006599568761885166,0.0032492303289473057,123.12952771511236,-4.07990336390675,-0.004494793247431517,0.006887237075716257,-724.6609497070312,72.66719818115234,0.23838672041893005,-724.6609497070312,72.66719818115234,-724.6654445002787,72.67408541822806,3.9491455819382337,35.737230093218386
209,/yh/study/new_data/model_dataset_flight/vi/vi_000209.jpg,-724.0374145507812,72.50609588623047,-724.6609497070312,72.66719818115234,0.6440109009238949,-724.0374145507812,72.50609588623047,0.0,-727.9452514648438,76.36320495605469,5.490763127601642,0.27491438388824463,-726.5958829534391,74.84468579193454,3.4662318610357508,0.00578168174251914,0.003294113092124462,119.02895534500351,-4.100569381901093,-0.003604806959629059,0.006495499983429909,-729.3408203125,76.41458892822266,0.2755489647388458,-729.3408203125,76.41458892822266,-729.3444251194596,76.42108442820609,6.588052104585465,35.21941904909909
210,/yh/study/new_data/model_dataset_flight/vi/vi_000210.jpg,-727.3179931640625,72.93268585205078,-729.3408203125,76.41458892822266,4.02684475791046,-727.3179931640625,72.93268585205078,0.0,-731.408203125,76.37318420410156,5.344796201448329,0.3724905252456665,-730.5588106288412,76.3901955005878,4.738910297709945,0.005063919350504875,0.003021014155820012,114.91353414363904,-4.115414371175293,-0.0027694774325937033,0.005962640047073364,-731.805419921875,77.8786849975586,0.38440871238708496,-731.805419921875,77.8786849975586,-731.8081893993076,77.88464763760567,6.678316139124863,35.314482054673135
211,/yh/study/new_data/model_dataset_flight/vi/vi_000211.jpg,-730.6006469726562,73.35954284667969,-731.805419921875,77.8786849975586,4.676978045599495,-730.6006469726562,73.35954284667969,0.0,-732.2020263671875,82.44366455078125,9.224190105378268,0.47601228952407837,-732.0390790230673,80.56812444559071,7.350696254900509,0.004434917587786913,0.002947911387309432,110.77131127997146,-4.1422314014040555,-0.002095515839755535,0.005524816922843456,-732.1597900390625,82.03509521484375,0.48125171661376953,-732.1597900390625,82.03509521484375,-732.1618855549023,82.0406200317666,8.814541167541266,33.35075895301998
212,/yh/study/new_data/model_dataset_flight/vi/vi_000212.jpg,-733.6497192382812,73.7457504272461,-732.1597900390625,82.03509521484375,8.422180598061114,-733.6497192382812,73.7457504272461,0.0,-732.450927734375,81.66278076171875,8.00727609033172,0.45802322030067444,-732.331312647971,81.81574764370293,8.176983001755271,0.0038798311725258827,0.0027278168126940727,106.6160290946108,-4.155280477813365,-0.0014994811499491334,0.005024774465709925,-732.4137573242188,81.82594299316406,0.48892903327941895,-732.4137573242188,81.82594299316406,-732.4152568053687,81.83096776762977,8.174173582407523,33.86776801198721
213,/yh/study/new_data/model_dataset_flight/vi/vi_000213.jpg,-736.6962280273438,74.13162994384766,-732.4137573242188,81.82594299316406,8.80579403711015,-736.6962280273438,74.13162994384766,0.0,-733.5841674804688,81.86400604248047,8.335140129483362,0.4034082591533661,-733.1032997872018,81.84836768645138,8.512178024861479,0.003394234227016568,0.0032556913793087006,102.48054079746484,-4.135490431580076,-0.0010853117564693093,0.004903404973447323,-733.1712646484375,82.05136108398438,0.44266438484191895,-733.1712646484375,82.05136108398438,-733.172349960194,82.05626448895782,8.668766241783281,34.517072956077754
214,/yh/study/new_data/model_dataset_flight/vi/vi_000214.jpg,-739.7407836914062,74.51726531982422,-733.1712646484375,82.05136108398438,9.996058195081952,-739.7407836914062,74.51726531982422,0.0,-734.8416748046875,81.66282653808594,8.663735511189877,0.36806774139404297,-734.1553801118772,81.82245751005165,9.195790671952885,0.0029682964086532593,0.0028844568878412247,98.32123563068303,-4.159305166781794,-0.0006383041036315262,0.004364091902971268,-733.429931640625,81.77487182617188,0.42829787731170654,-733.429931640625,81.77487182617188,-733.4305699447286,81.77923591807485,9.617676736500854,43.66902296897024
215,/yh/study/new_data/model_dataset_flight/vi/vi_000215.jpg,-741.8286743164062,74.81880187988281,-733.429931640625,81.77487182617188,10.905310065819087,-741.8286743164062,74.81880187988281,0.0,-734.09228515625,80.67365264892578,9.702112902102622,0.41391319036483765,-733.8201545655463,81.1260929517683,10.194033022577473,0.0025965850800275803,0.0021086130291223526,94.17854148396272,-4.14269500049397,-0.0002660210302565247,0.003641186747699976,-732.9281005859375,79.96578216552734,0.4264287054538727,-732.9281005859375,79.96578216552734,-732.9283666069678,79.96942335227504,10.281615573066514,33.87440100777894
216,/yh/study/new_data/model_dataset_flight/vi/vi_000216.jpg,-743.920654296875,75.12092590332031,-732.9281005859375,79.96578216552734,12.01286266005287,-743.920654296875,75.12092590332031,0.0,-734.0941162109375,80.1511459350586,11.039201253808235,0.3913356065750122,-733.6150540284086,80.0749884890609,11.434514987390108,0.002269701799377799,0.0022634631022810936,90.03161945014615,-4.146922033816562,-1.8771269196804496e-06,0.003401432652026415,-732.697021484375,78.51753997802734,0.4200432598590851,-732.697021484375,78.51753997802734,-732.6970233615019,78.52094141067937,11.726334494731274,32.43177500553429
217,/yh/study/new_data/model_dataset_flight/vi/vi_000217.jpg,-746.2155151367188,75.45235443115234,-732.697021484375,78.51753997802734,13.861638902569554,-746.2155151367188,75.45235443115234,0.0,-747.8416748046875,80.59771728515625,5.396216652905205,0.2572645843029022,-741.6194334232555,79.74306811971294,6.287622052416377,0.0019843389745801687,0.0019444120116531849,85.88359092568405,-4.148027243801635,0.0002122299774782732,0.0029489179141819477,-736.0820922851562,80.36821746826172,0.3161953091621399,-736.0820922851562,80.36821746826172,-736.0818800551788,80.3711663861759,11.262857900559133,34.46228499524295
218,/yh/study/new_data/model_dataset_flight/vi/vi_000218.jpg,-747.0186767578125,75.608154296875,-736.0820922851562,80.36821746826172,11.927576506698164,-747.0186767578125,75.608154296875,0.0,-748.5760498046875,80.64350891113281,5.270693208531508,0.2563309073448181,-743.4428573933687,80.53040432091488,6.083997816098524,0.0017337085446342826,0.0013685818994417787,81.7455481377885,-4.138045776103307,0.00034715101355686784,0.0023929495364427567,-737.77392578125,81.4317398071289,0.280351459980011,-737.77392578125,81.4317398071289,-737.7735786302364,81.43413275666535,10.926095771770104,36.94287093821913
219,/yh/study/new_data/model_dataset_flight/vi/vi_000219.jpg,-747.8226318359375,75.76411437988281,-737.77392578125,81.4317398071289,11.536831079507046,-747.8226318359375,75.76411437988281,0.0,-741.282958984375,82.81417083740234,9.616164363179138,0.32592281699180603,-739.841258659943,82.24619352015296,10.282006990622467,0.0015144692733883858,0.0010565778939053416,77.59473289614503,-4.150816095417115,0.0004388357629068196,0.001995065016672015,-735.5986938476562,83.33181762695312,0.47088778018951416,-735.5986938476562,83.33181762695312,-735.5982550118933,83.3338126919698,14.376883959226491,37.752130068838596
220,/yh/study/new_data/model_dataset_flight/vi/vi_000220.jpg,-748.6256713867188,75.91989135742188,-735.5986938476562,83.33181762695312,14.987954991532577,-748.6256713867188,75.91989135742188,0.0,-740.6507568359375,82.42691040039062,10.292743022043272,0.33489635586738586,-738.5750965535642,82.79869515322628,12.179162374236272,0.0013238139217719436,0.0009722348768264055,73.46287142944836,-4.131864028017622,0.0005151727236807346,0.001735064433887601,-734.572265625,82.64372253417969,0.4478900134563446,-734.572265625,82.64372253417969,-734.5717504522763,82.64545759861358,15.57909237398155,40.38463393226266
221,/yh/study/new_data/model_dataset_flight/vi/vi_000221.jpg,-748.2408447265625,75.89019775390625,-734.572265625,82.64372253417969,15.245988049760452,-748.2408447265625,75.89019775390625,0.0,-744.1802368164062,80.62199401855469,6.2352572112274895,0.2533074617385864,-740.2327634293072,81.45262926426683,9.750385139618995,0.0011566746979951859,0.0006177022587507963,69.31517758425558,-4.147695979626889,0.000517663371283561,0.0013710545608773828,-735.2232666015625,79.72177124023438,0.35679057240486145,-735.2232666015625,79.72177124023438,-735.2227489381912,79.72314229479525,13.56975665299902,43.89044502750039
222,/yh/study/new_data/model_dataset_flight/vi/vi_000222.jpg,-747.8563232421875,75.86051940917969,-735.2232666015625,79.72177124023438,13.20997296696941,-747.8563232421875,75.86051940917969,0.0,-743.3455810546875,80.57234954833984,6.5228934026542476,0.26672330498695374,-740.0084956797814,80.22288604891831,8.978788345248232,0.0010108245769515634,0.0010586816351860762,65.1890329858942,-4.1261416101536215,0.0006462932215072215,0.0013980037765577435,-734.8203125,78.49876403808594,0.37008145451545715,-734.8203125,78.49876403808594,-734.8196662067785,78.5001620418625,13.300297394884844,36.772967083379626
223,/yh/study/new_data/model_dataset_flight/vi/vi_000223.jpg,-747.4716186523438,75.8308334350586,-734.8203125,78.49876403808594,12.929555331213084,-747.4716186523438,75.8308334350586,0.0,-740.343017578125,82.02220153808594,9.441927359524492,0.3290017247200012,-738.073992111001,80.5745831506789,10.52703880371865,0.0008834381005726755,0.000761762959882617,61.073693746799776,-4.115337958433954,0.0006115314899943769,0.0011065863072872162,-733.9622192382812,80.06583404541016,0.4003660976886749,-733.9622192382812,80.06583404541016,-733.9616077067913,80.06694063171744,14.157651736723514,34.90942809730768
224,/yh/study/new_data/model_dataset_flight/vi/vi_000224.jpg,-746.4201049804688,75.57859802246094,-733.9622192382812,80.06583404541016,13.241382265120652,-746.4201049804688,75.57859802246094,0.0,-738.7938232421875,83.3221435546875,10.868425394752823,0.40007492899894714,-736.8087394151793,81.98427577053687,11.550370359509143,0.6283597350120544,0.0009283851832151413,56.96224088534309,-4.1114558496644475,0.34282952547073364,0.5271503329277039,-734.3920288085938,82.91468048095703,0.4813012182712555,-734.3920288085938,82.91468048095703,-734.049199283123,83.44183081388474,14.088744522997116,34.433084074407816
225,/yh/study/new_data/model_dataset_flight/vi/vi_000225.jpg,-745.36767578125,75.32614135742188,-734.3920288085938,82.91468048095703,13.343565958835818,-745.36767578125,75.32614135742188,0.0,-738.67724609375,82.7048110961914,9.96025183000985,0.3818497061729431,-736.9166474351881,82.79103677220823,11.275838933739694,0.5677661299705505,4.734843969345093e-05,52.89180672494692,-4.07043629483029,0.3425600826740265,0.452811062335968,-734.4111328125,82.34325408935547,0.44577756524086,-734.4111328125,82.34325408935547,-734.068572729826,82.79606515169144,13.010984010394049,34.08761403989047
226,/yh/study/new_data/model_dataset_flight/vi/vi_000226.jpg,-744.3159790039062,75.07386779785156,-734.4111328125,82.34325408935547,12.286169261837466,-744.3159790039062,75.07386779785156,0.0,-744.4956665039062,80.62042999267578,5.549472027022887,0.25615838170051575,-740.3523955078674,81.32825916251956,7.4045530231409,0.5116802453994751,0.00022528599947690964,48.82856816884135,-4.063237275445096,0.3369205594062805,0.38524866104125977,-735.6264038085938,80.82831573486328,0.3632318675518036,-735.6264038085938,80.82831573486328,-735.2894832491875,81.21356439590454,10.422206490699017,49.34581893030554
227,/yh/study/new_data/model_dataset_flight/vi/vi_000227.jpg,-743.0457763671875,74.80661010742188,-735.6264038085938,80.82831573486328,9.555523419822352,-743.0457763671875,74.80661010742188,0.0,-734.0469970703125,79.44436645507812,10.123577074043144,0.40163394808769226,-734.6959026449198,80.012967551211,9.840048221950715,0.46004825830459595,-0.0002680851612240076,44.75756368764948,-4.071005761852339,0.3265816271305084,0.3238295018672943,-733.0881958007812,78.00203704833984,0.4083917737007141,-733.0881958007812,78.00203704833984,-732.7616141736507,78.32586655020714,10.457732262360505,46.913170954212546
228,/yh/study/new_data/model_dataset_flight/vi/vi_000228.jpg,-741.7759399414062,74.53942108154297,-733.0881958007812,78.00203704833984,9.352358397029098,-741.7759399414062,74.53942108154297,0.0,-733.75732421875,76.24151611328125,8.197275498889747,0.31408923864364624,-733.482410132325,76.96483317992592,8.640906233787192,0.41284242272377014,0.00020389514975249767,40.737976870529465,-4.019591512875069,0.3128887712955475,0.26948782801628113,-732.5972900390625,75.87122344970703,0.4130207896232605,-732.5972900390625,75.87122344970703,-732.284401267767,76.14071127772331,9.274767467577952,60.95108506269753
229,/yh/study/new_data/model_dataset_flight/vi/vi_000229.jpg,-740.5067138671875,74.2723617553711,-732.5972900390625,75.87122344970703,8.069407909538736,-740.5067138671875,74.2723617553711,0.0,-733.67041015625,76.31903076171875,7.13609854540434,0.318070650100708,-733.2295144646031,76.13504733675848,7.5118059559658095,0.3695712983608246,-0.0002541942521929741,36.72552418599753,-4.0124514038714665,0.296112984418869,0.2209210842847824,-732.3765869140625,75.39012145996094,0.42463934421539307,-732.3765869140625,75.39012145996094,-732.0804739296436,75.61104254424572,8.206604110783848,44.317987048998475
230,/yh/study/new_data/model_dataset_flight/vi/vi_000230.jpg,-738.8037719726562,74.19439697265625,-732.3765869140625,75.39012145996094,6.537466239067763,-738.8037719726562,74.19439697265625,0.0,-732.3857421875,76.84809875488281,6.94501544074203,0.30481815338134766,-732.3819807067955,76.24908295268655,6.742487488962694,0.33018162846565247,-0.00034420937299728394,32.698895443843234,-4.026629595927943,0.2777100205421448,0.1782790869474411,-732.28857421875,75.83546447753906,0.42941412329673767,-732.28857421875,75.83546447753906,-732.0108641982079,76.0137435644865,6.718698112587538,44.242640025913715
231,/yh/study/new_data/model_dataset_flight/vi/vi_000231.jpg,-737.1023559570312,74.11650848388672,-732.28857421875,75.83546447753906,5.111487487211855,-737.1023559570312,74.11650848388672,0.0,-732.1981811523438,76.50758361816406,5.456021518715913,0.2919240891933441,-732.2353195051664,76.23144078137557,5.306692232148216,0.29452693462371826,-0.0006680013611912727,28.73802776301782,-3.960867680825414,0.2579563856124878,0.14144960045814514,-732.120849609375,75.73091125488281,0.40237581729888916,-732.120849609375,75.73091125488281,-731.8628932237625,75.87236085534096,5.236573478787381,38.027751026675105
232,/yh/study/new_data/model_dataset_flight/vi/vi_000232.jpg,-735.4005126953125,74.0385971069336,-732.120849609375,75.73091125488281,3.6905442867699305,-735.4005126953125,74.0385971069336,0.0,-732.2446899414062,76.33338165283203,3.901955069726806,0.2932552993297577,-732.1938096457429,76.08585428050324,3.8044981775328996,0.2622663676738739,-0.0006610897835344076,24.784038082686607,-3.9539892534443886,0.23781004548072815,0.10980328172445297,-732.1907958984375,75.55964660644531,0.4083496332168579,-732.1907958984375,75.55964660644531,-731.9529858529568,75.66944988816977,3.5518830915595125,37.67392609734088
233,/yh/study/new_data/model_dataset_flight/vi/vi_000233.jpg,-732.982421875,73.9236831665039,-732.1907958984375,75.55964660644531,1.8174289707147981,-732.982421875,73.9236831665039,0.0,-730.0670166015625,75.27042388916016,3.211432465808344,0.28184717893600464,-730.9395798188611,75.38925219918349,2.5141790421286583,0.23316867649555206,-0.0008203433826565742,20.84753368663063,-3.9365065304900946,0.21751998364925385,0.0828346535563469,-731.8283081054688,75.01759338378906,0.4072893261909485,-731.8283081054688,75.01759338378906,-731.6107881218195,75.10042803734541,1.5901629339481187,36.77681100089103
234,/yh/study/new_data/model_dataset_flight/vi/vi_000234.jpg,-730.5607299804688,73.80860137939453,-731.8283081054688,75.01759338378906,1.7516894615394654,-730.5607299804688,73.80860137939453,0.0,-730.3916015625,77.27381896972656,3.4693424982424466,0.2925434410572052,-730.9818781911928,76.34683966490242,2.5729398378924584,0.20704390108585358,-0.0006166272796690464,16.939494103940678,-3.908040436463597,0.19776594638824463,0.06023482233285904,-731.993408203125,75.93001556396484,0.38583508133888245,-731.993408203125,75.93001556396484,-731.7956422567368,75.9902503862977,2.5598759798415225,35.98969802260399
235,/yh/study/new_data/model_dataset_flight/vi/vi_000235.jpg,-727.904541015625,73.682373046875,-731.993408203125,75.93001556396484,4.665911675293922,-727.904541015625,73.682373046875,0.0,-724.4067993164062,73.18567657470703,3.53283234528866,0.2589535117149353,-727.5237879170213,74.31319922329315,0.736827379343805,0.18360546231269836,-0.0006305880378931761,13.028526931417732,-3.910966745636124,0.1785719096660614,0.041320230811834335,-730.6282348632812,74.73699188232422,0.3722527027130127,-730.6282348632812,74.73699188232422,-730.4496629536152,74.77831211313605,2.9207411839881967,38.04600809235126
236,/yh/study/new_data/model_dataset_flight/vi/vi_000236.jpg,-723.4256591796875,73.21475219726562,-730.6282348632812,74.73699188232422,7.361678486368667,-723.4256591796875,73.21475219726562,0.0,-719.762939453125,72.24259948730469,3.7895377932980785,0.2702981233596802,-724.226989523646,73.2674305780899,0.8030599802971966,0.162626713514328,-0.000677838921546936,9.167584064375957,-3.860942440154951,0.16021482646465302,0.025856127962470055,-727.4190673828125,73.4065170288086,0.29502803087234497,-727.4190673828125,73.4065170288086,-727.2588525563478,73.43237315677106,3.9980098583423658,38.886915892362595
237,/yh/study/new_data/model_dataset_flight/vi/vi_000237.jpg,-718.9481811523438,72.74728393554688,-727.4190673828125,73.4065170288086,8.496499385087748,-718.9481811523438,72.74728393554688,0.0,-714.9651489257812,72.71488952636719,3.983163957908528,0.3571648597717285,-720.0818911281522,72.99904745162358,1.1613281953327506,0.14392295479774475,-0.0008808176498860121,5.30070405539815,-3.8668800089778075,0.14286895096302032,0.01325532328337431,-722.452880859375,71.96382141113281,0.30108121037483215,-722.452880859375,71.96382141113281,-722.310011908412,71.97707673441619,3.5912022448793084,36.95152001455426
238,/yh/study/new_data/model_dataset_flight/vi/vi_000238.jpg,-715.749267578125,72.34666442871094,-722.452880859375,71.96382141113281,6.714536454637782,-715.749267578125,72.34666442871094,0.0,-708.93115234375,71.5384750366211,6.8658477584856925,0.2992924153804779,-714.4866085789591,71.71323029558626,1.4126381522463418,0.1272594928741455,-0.0003910651430487633,1.4633804093931024,-3.837323646005047,0.12702251970767975,0.0032449630089104176,-716.3634643554688,72.1306381225586,0.3178938925266266,-716.3634643554688,72.1306381225586,-716.2364418357611,72.1338830855675,0.651079907729669,36.70076502021402
239,/yh/study/new_data/model_dataset_flight/vi/vi_000239.jpg,-712.5479736328125,71.94573974609375,-716.3634643554688,72.1306381225586,3.819968175822313,-712.5479736328125,71.94573974609375,0.0,-709.7454833984375,71.15196228027344,2.9127365447309788,0.2940181493759155,-712.4645073405134,71.55405516388583,0.4004790055540414,0.11252094805240631,-0.0007701413705945015,-2.348880711226229,-3.8122611206193313,0.1120416671037674,-0.004595801699906588,-715.3472290039062,71.9305648803711,0.31819066405296326,-715.3472290039062,71.9305648803711,-715.2351873368025,71.92596907867119,2.7992965025425423,37.80110401567072
240,/yh/study/new_data/model_dataset_flight/vi/vi_000240.jpg,-709.3484497070312,71.54503631591797,-715.3472290039062,71.9305648803711,6.011155074245332,-709.3484497070312,71.54503631591797,0.0,-706.5372314453125,69.22716522216797,3.643552459106745,0.3146369755268097,-710.1568541742048,70.33786778287033,1.452850181445604,0.09946964681148529,-0.0008959711994975805,-6.10025795247089,-3.7513768143578377,0.09846094250679016,-0.010522888042032719,-712.2222900390625,70.95525360107422,0.31129908561706543,-712.2222900390625,70.95525360107422,-712.1238290965557,70.94473071303219,2.9337351456356706,36.34456999134272
241,/yh/study/new_data/model_dataset_flight/vi/vi_000241.jpg,-706.1504516601562,71.17790222167969,-712.2222900390625,70.95525360107422,6.075919165674968,-706.1504516601562,71.17790222167969,0.0,-703.5994262695312,70.14419555664062,2.7525043166105325,0.3582019805908203,-707.142164332823,70.4774219976876,1.214152613690626,0.0878540575504303,-0.001165333203971386,-9.830128635566473,-3.7298715368692292,0.08599009364843369,-0.01489963848143816,-711.2318115234375,71.17323303222656,0.3347477316856384,-711.2318115234375,71.17323303222656,-711.1458214297891,71.15833339374512,5.081362008506754,34.69751600641757
242,/yh/study/new_data/model_dataset_flight/vi/vi_000242.jpg,-702.950439453125,70.81053924560547,-711.2318115234375,71.17323303222656,8.289310595568578,-702.950439453125,70.81053924560547,0.0,-703.5564575195312,68.88941955566406,2.014437579050623,0.3465999960899353,-706.7099074064422,69.82773345567786,3.885808347401379,0.07755772769451141,-0.0010020416229963303,-13.55219497376167,-3.7220667650820203,0.0749112069606781,-0.018056780099868774,-710.6138305664062,70.30477905273438,0.32256588339805603,-710.6138305664062,70.30477905273438,-710.5389193594456,70.2867222726345,7.680062286714285,37.02239494305104
243,/yh/study/new_data/model_dataset_flight/vi/vi_000243.jpg,-699.7487182617188,70.4429702758789,-710.6138305664062,70.30477905273438,10.865991082622234,-699.7487182617188,70.4429702758789,0.0,-697.1854248046875,73.27234649658203,3.817832257333933,0.29578378796577454,-702.7025390132485,72.05310954471773,3.364164903393497,0.06848648935556412,-0.0009998353198170662,-17.256845183346982,-3.7046523440194266,0.06492611765861511,-0.020168602466583252,-707.7518310546875,71.29710388183594,0.34233880043029785,-707.7518310546875,71.29710388183594,-707.6869049370289,71.27693527936935,8.048562517232828,34.472213010303676
244,/yh/study/new_data/model_dataset_flight/vi/vi_000244.jpg,-696.5949096679688,70.09808349609375,-707.7518310546875,71.29710388183594,11.221165033758641,-696.5949096679688,70.09808349609375,0.0,-687.3046264648438,72.41134643554688,9.573951505063823,0.27526649832725525,-695.7054422407249,71.95355542640216,2.0576511823655217,0.06047161668539047,-0.0006346330046653748,-20.936845240217718,-3.6799983493234425,0.056182604283094406,-0.021495459601283073,-704.1505737304688,70.83686065673828,0.3850019872188568,-704.1505737304688,70.83686065673828,-704.0943911261857,70.815365197137,7.591696195083415,36.09672503080219
245,/yh/study/new_data/model_dataset_flight/vi/vi_000245.jpg,-693.4392700195312,69.75299835205078,-704.1505737304688,70.83686065673828,10.766001332131905,-693.4392700195312,69.75299835205078,0.0,-686.9744873046875,71.67623138427734,6.74479361036273,0.28979453444480896,-694.0313511013785,71.33137256415161,1.6857713845318167,0.05340658128261566,-0.0008476956281810999,-24.59909534298288,-3.6622483952178717,0.048174161463975906,-0.02205493301153183,-703.326416015625,70.47161865234375,0.3131163716316223,-703.326416015625,70.47161865234375,-703.278241854161,70.44956371933222,9.9132270771967,36.26679291483015
246,/yh/study/new_data/model_dataset_flight/vi/vi_000246.jpg,-690.28173828125,69.40769958496094,-703.326416015625,70.47161865234375,13.087992243871463,-690.28173828125,69.40769958496094,0.0,-681.4107055664062,73.69869995117188,9.854334354518851,0.4108075499534607,-690.4148628472939,72.37284069417045,2.968128020757963,0.04712799936532974,-0.0006947675719857216,-28.207853111715796,-3.608755207411978,0.0412248894572258,-0.022111866623163223,-686.776123046875,71.59247589111328,0.22416161000728607,-686.776123046875,71.59247589111328,-686.7348981574178,71.57036402449012,4.130688281558748,36.260080989450216
247,/yh/study/new_data/model_dataset_flight/vi/vi_000247.jpg,-687.0963745117188,69.0923843383789,-686.776123046875,71.59247589111328,2.5205195442186805,-687.0963745117188,69.0923843383789,0.0,-678.3922119140625,72.22906494140625,9.252092289414648,0.32833603024482727,-681.836775330966,71.96751978431858,5.994146092203087,0.041585635393857956,-0.0002584774047136307,-31.82902987190709,-3.6211759064176463,0.03522241488099098,-0.021863538771867752,-679.1494750976562,71.80741882324219,0.33811306953430176,-679.1494750976562,71.80741882324219,-679.1142526827753,71.78555528447032,8.397893935459278,36.51025902945548
248,/yh/study/new_data/model_dataset_flight/vi/vi_000248.jpg,-683.9093627929688,68.77690887451172,-679.1494750976562,71.80741882324219,5.642740594900823,-683.9093627929688,68.77690887451172,0.0,-678.4901123046875,71.49471282958984,6.0625682835721415,0.3206818699836731,-678.7610141450277,71.62318933762029,5.882754990260063,0.03670848533511162,5.553476512432098e-06,-35.41568856358043,-3.58665997233381,0.029918545857071877,-0.02127433568239212,-677.7300415039062,70.84257507324219,0.323062539100647,-677.7300415039062,70.84257507324219,-677.7001229580492,70.8213007375598,6.515442305633488,36.110617918893695
249,/yh/study/new_data/model_dataset_flight/vi/vi_000249.jpg,-680.722900390625,68.46148681640625,-677.7300415039062,70.84257507324219,3.824498085063372,-680.722900390625,68.46148681640625,0.0,-674.4649658203125,69.03477478027344,6.284139095837017,0.30191776156425476,-675.8064352222377,69.77751676018976,5.089554456423484,0.03238612785935402,-2.3247208446264267e-05,-38.917407022735496,-3.5017173919380045,0.025189058855175972,-0.020337646827101707,-674.7022094726562,68.77320861816406,0.33194512128829956,-674.7022094726562,68.77320861816406,-674.6770204138011,68.75287097133696,6.028755229017224,35.15907097607851
250,/yh/study/new_data/model_dataset_flight/vi/vi_000250.jpg,-677.4625244140625,68.1313247680664,-674.7022094726562,68.77320861816406,2.833964264553592,-677.4625244140625,68.1313247680664,0.0,-670.6357421875,68.3948745727539,6.8318675388549845,0.3028276860713959,-672.3064665337616,68.55031462830132,5.173053775865114,0.028606237843632698,-0.00022411206737160683,-42.455824088301036,-3.538417065565541,0.02102295123040676,-0.01923418790102005,-671.7711791992188,67.8433609008789,0.3588702082633972,-671.7711791992188,67.8433609008789,-671.7501562479883,67.82412671297789,5.698625583711429,36.777999019250274
251,/yh/study/new_data/model_dataset_flight/vi/vi_000251.jpg,-674.2022705078125,67.80116271972656,-671.7711791992188,67.8433609008789,2.431457512935942,-674.2022705078125,67.80116271972656,0.0,-670.9698486328125,67.25128936767578,3.2788583197927412,0.3812917470932007,-671.2990785006109,67.49454432483768,2.919338738612474,0.025244446471333504,0.0002150195650756359,-45.97647241674078,-3.520640857920348,0.017618436366319656,-0.018229437991976738,-671.6177978515625,66.97029113769531,0.4049423336982727,-671.6177978515625,66.97029113769531,-671.6001794151962,66.95206169970334,2.714746120124503,35.34462209790945
252,/yh/study/new_data/model_dataset_flight/vi/vi_000252.jpg,-670.9393310546875,67.47074127197266,-671.6177978515625,66.97029113769531,0.8430703003664842,-670.9393310546875,67.47074127197266,0.0,-673.0489501953125,57.93401336669922,9.767275569866577,0.26436465978622437,-672.4609555315806,61.64660422577119,6.0196273457429585,0.02229616604745388,0.0006499739829450846,-49.44217870349696,-3.4657024447747617,0.01470861490815878,-0.017186425626277924,-672.8736572265625,64.82622528076172,0.4198051393032074,-672.8736572265625,64.82622528076172,-672.8589486116543,64.80903885513544,3.2764435851958384,37.86193602718413
253,/yh/study/new_data/model_dataset_flight/vi/vi_000253.jpg,-667.6696166992188,67.14066314697266,-672.8736572265625,64.82622528076172,5.695494749956956,-667.6696166992188,67.14066314697266,0.0,-672.3085327148438,57.43427276611328,10.757953152234004,0.2903531789779663,-672.5407163804654,60.47128601781556,8.258825787941328,0.019687777385115623,-0.00011136475950479507,-52.82575538057831,-3.3835756098642937,0.011862517334520817,-0.015642885118722916,-673.8988037109375,64.20700073242188,0.3692243695259094,-673.8988037109375,64.20700073242188,-673.886941193603,64.19135784730315,6.885429978549887,36.83447604998946
254,/yh/study/new_data/model_dataset_flight/vi/vi_000254.jpg,-664.3983764648438,66.81043243408203,-673.8988037109375,64.20700073242188,9.85068396018924,-664.3983764648438,66.81043243408203,0.0,-672.03759765625,56.89449691772461,12.517327093904228,0.27106648683547974,-672.8022816069428,59.89886835332971,10.880962258906324,0.017390461638569832,0.0009039090946316719,-56.20609796308766,-3.3803348985465345,0.009924079291522503,-0.014827827922999859,-673.438720703125,62.11136245727539,0.3111734390258789,-673.438720703125,62.11136245727539,-673.4287966238335,62.09653462935239,10.18867423139785,39.040200994350016
255,/yh/study/new_data/model_dataset_flight/vi/vi_000255.jpg,-661.1251220703125,66.4800033569336,-673.438720703125,62.11136245727539,13.065593541824585,-661.1251220703125,66.4800033569336,0.0,-668.4827880859375,58.121978759765625,11.135161622731296,0.2976267337799072,-670.5189528209132,59.761033005778785,11.549399064480767,0.015363568440079689,0.00015373993664979935,-59.632756058358865,-3.4266525457425066,0.007805767469108105,-0.013322054408490658,-672.1973876953125,64.63079833984375,0.40450164675712585,-672.1973876953125,64.63079833984375,-672.1895819278434,64.61747628543526,11.225623602534823,37.38490003161132
256,/yh/study/new_data/model_dataset_flight/vi/vi_000256.jpg,-657.9371337890625,66.1640853881836,-672.1973876953125,64.63079833984375,14.342447860924059,-657.9371337890625,66.1640853881836,0.0,-664.0277099609375,57.91840362548828,10.251165096566224,0.3273019790649414,-667.384254729355,60.67621783732964,10.925419182632261,0.013566574081778526,0.0010241309646517038,-63.04272800148773,-3.409967460817223,0.00638221250846982,-0.012548922561109066,-669.0958251953125,64.43390655517578,0.36511731147766113,-669.0958251953125,64.43390655517578,-669.089442982804,64.42135763261467,11.292028723577792,37.46434999629855
257,/yh/study/new_data/model_dataset_flight/vi/vi_000257.jpg,-654.7457885742188,65.84784698486328,-669.0958251953125,64.43390655517578,14.419527681773651,-654.7457885742188,65.84784698486328,0.0,-663.4674072265625,58.09415817260742,11.669889550214778,0.33334553241729736,-665.7798652575549,60.69886914878905,12.17632214628563,0.011977044865489006,0.001186865265481174,-66.46791760608738,-3.425191525590358,0.005018920172005892,-0.011525074020028114,-667.7266235351562,64.44640350341797,0.3565721809864044,-667.7266235351562,64.44640350341797,-667.7216046149842,64.43487842939794,13.056267464891443,36.66766395326704
258,/yh/study/new_data/model_dataset_flight/vi/vi_000258.jpg,-651.2394409179688,65.5003890991211,-667.7266235351562,64.44640350341797,16.520837638825682,-651.2394409179688,65.5003890991211,0.0,-661.2057495117188,58.15817642211914,12.378828457498848,0.4219886362552643,-663.8848766817886,60.74171966563603,13.511179831312969,0.010567502118647099,0.0014269592938944697,-69.87018509583248,-3.4022681300753264,0.0038823310751467943,-0.010591886937618256,-666.5086059570312,64.45589447021484,0.3558947741985321,-666.5086059570312,64.45589447021484,-666.5047236259561,64.44530258327723,15.304847925410515,36.769261001609266
259,/yh/study/new_data/model_dataset_flight/vi/vi_000259.jpg,-647.942626953125,65.1369400024414,-666.5086059570312,64.45589447021484,18.57846601284545,-647.942626953125,65.1369400024414,0.0,-659.0729370117188,57.94635009765625,13.250976763213774,0.45635583996772766,-662.1279113337852,60.620822435354256,14.886826755220682,0.009326146915555,0.002061509992927313,-73.2587785468592,-3.3885955854608416,0.0029833014123141766,-0.009917929768562317,-663.548828125,63.13487243652344,0.3319507837295532,-663.548828125,63.13487243652344,-663.5458448235877,63.124954506754875,15.734096400986404,37.91960107628256
260,/yh/study/new_data/model_dataset_flight/vi/vi_000260.jpg,-644.6431274414062,64.77320098876953,-663.548828125,63.13487243652344,18.976554976674297,-644.6431274414062,64.77320098876953,0.0,-654.117431640625,58.06193161010742,11.610494250129998,0.4529198110103607,-657.9923586032027,60.14616963577062,14.12838956685125,0.008233945816755295,0.0016914710868149996,-76.66816309371944,-3.4093768628974286,0.0020936881192028522,-0.008834992535412312,-660.6600341796875,63.49784851074219,0.3570011258125305,-660.6600341796875,63.49784851074219,-660.6579404915683,63.489013518206775,16.06760173162161,38.14295295160264
261,/yh/study/new_data/model_dataset_flight/vi/vi_000261.jpg,-641.3435668945312,64.40945434570312,-660.6600341796875,63.49784851074219,19.33796611789478,-641.3435668945312,64.40945434570312,0.0,-653.7265014648438,57.849151611328125,14.01337363161664,0.40746715664863586,-656.5751711085358,60.16994132208102,15.810605225909008,0.0072664725594222546,0.0026525836437940598,-80.10380971793839,-3.435647051105767,0.0014767833054065704,-0.008464910089969635,-659.3963623046875,63.050086975097656,0.3549731969833374,-659.3963623046875,63.050086975097656,-659.3948855213821,63.04162206500769,18.103902942990647,36.65759402792901
262,/yh/study/new_data/model_dataset_flight/vi/vi_000262.jpg,-638.0413818359375,64.03466796875,-659.3963623046875,63.050086975097656,21.377665694686016,-638.0413818359375,64.03466796875,0.0,-647.5028076171875,56.88309097290039,11.860169954164547,0.2980409860610962,-652.3893221239032,59.41682594275481,15.072752087262504,0.006417211145162582,0.002822908340021968,-83.53770098354065,-3.4338901983851926,0.0008811115985736251,-0.007778922561556101,-656.3330688476562,62.08876419067383,0.33738914132118225,-656.3330688476562,62.08876419067383,-656.3321877360577,62.08098526811227,18.394900251107956,37.02722897287458
263,/yh/study/new_data/model_dataset_flight/vi/vi_000263.jpg,-634.7399291992188,63.65995788574219,-656.3330688476562,62.08876419067383,21.650227008148118,-634.7399291992188,63.65995788574219,0.0,-639.0318603515625,56.23940658569336,8.572354088178761,0.23025421798229218,-646.1401310512153,58.64263854978777,12.455444415403601,0.005665694363415241,0.002944495528936386,-86.97586111737415,-3.4381567187389237,0.00037657408392988145,-0.007128001656383276,-650.4501342773438,60.342628479003906,0.2658260464668274,-650.4501342773438,60.342628479003906,-650.4497577032598,60.33550047734752,16.056625361188292,39.49513507541269
264,/yh/study/new_data/model_dataset_flight/vi/vi_000264.jpg,-631.4374389648438,63.28512954711914,-650.4501342773438,60.342628479003906,19.23904611933291,-631.4374389648438,63.28512954711914,0.0,-637.5546875,56.15270233154297,9.39639545923664,0.22225737571716309,-642.8528333784814,57.87415024510521,12.632890667845265,0.005006167571991682,0.0032478433568030596,-90.39743755190287,-3.4215789958496563,-4.598986924975179e-05,-0.0066299294121563435,-644.2837524414062,57.3122673034668,0.27899426221847534,-644.2837524414062,57.3122673034668,-644.2837984312755,57.30563737405464,14.166963447392636,40.02236505039036
265,/yh/study/new_data/model_dataset_flight/vi/vi_000265.jpg,-628.2564697265625,62.93982696533203,-644.2837524414062,57.3122673034668,16.986559951013685,-628.2564697265625,62.93982696533203,0.0,-631.2192993164062,51.05503463745117,12.248536559740899,0.22587908804416656,-636.5868821286932,53.62584370149961,12.495841509419192,0.004423552192747593,0.0036407667212188244,-93.8281664399194,-3.430731662780885,-0.0004168726736679673,-0.006230004131793976,-637.81884765625,53.51337432861328,0.25300318002700806,-637.81884765625,53.51337432861328,-637.8192645289237,53.50714432448149,13.427474855030505,39.57954398356378
266,/yh/study/new_data/model_dataset_flight/vi/vi_000266.jpg,-624.7681884765625,62.56117630004883,-637.81884765625,53.51337432861328,15.880252691272723,-624.7681884765625,62.56117630004883,0.0,-625.3048095703125,51.05305862426758,11.520622146302962,0.23364098370075226,-630.4462521626432,52.063889170413816,11.934548349442853,0.003912180196493864,0.003846998093649745,-97.25270034635874,-3.424534760212979,-0.0007367295329459012,-0.005788988433778286,-630.7181396484375,51.32713317871094,0.25841760635375977,-630.7181396484375,51.32713317871094,-630.7188763779704,51.32134419027716,12.712420847335721,38.53064705617726
267,/yh/study/new_data/model_dataset_flight/vi/vi_000267.jpg,-621.5926513671875,62.21646499633789,-630.7181396484375,51.32713317871094,14.207465777034756,-621.5926513671875,62.21646499633789,0.0,-625.3547973632812,51.06060028076172,11.773149962867272,0.2329782247543335,-627.5583479896085,51.17010638777232,12.55434485346789,0.0034605630207806826,0.0041692135855555534,-100.69343546150934,-3.440729992508726,-0.0010289286728948355,-0.005448873154819012,-628.5687255859375,50.633140563964844,0.2564128041267395,-628.5687255859375,50.633140563964844,-628.5697545146104,50.627691690810025,13.521797824665136,38.79643406253308
268,/yh/study/new_data/model_dataset_flight/vi/vi_000268.jpg,-618.3226928710938,61.89715576171875,-628.5687255859375,50.633140563964844,15.226924337136484,-618.3226928710938,61.89715576171875,0.0,-620.6636962890625,51.02197265625,11.124293441851231,0.2388322651386261,-623.9115091885811,50.862219436161396,12.36950635796427,0.0030603089835494757,0.00459959264844656,-104.14554967181718,-3.452106526345028,-0.001309934537857771,-0.005197576247155666,-624.138427734375,50.33506393432617,0.25147950649261475,-624.138427734375,50.33506393432617,-624.1397376689129,50.329866358079016,12.94236220421308,37.4454059638083
269,/yh/study/new_data/model_dataset_flight/vi/vi_000269.jpg,-615.0549926757812,61.578067779541016,-624.138427734375,50.33506393432617,14.453855123364347,-615.0549926757812,61.578067779541016,0.0,-616.8037109375,50.98460388183594,10.736828810726635,0.23652659356594086,-619.8172086656645,50.71773779683499,11.858560977941748,0.0027065265458077192,0.00449056550860405,-107.61232146808388,-3.466773290370573,-0.0014982930151745677,-0.004719696938991547,-619.695556640625,50.316261291503906,0.27513158321380615,-619.695556640625,50.316261291503906,-619.6970549336402,50.311541594564915,12.180440028414452,39.00436998810619
270,/yh/study/new_data/model_dataset_flight/vi/vi_000270.jpg,-611.7886352539062,61.259117126464844,-619.695556640625,50.316261291503906,13.500574048553972,-611.7886352539062,61.259117126464844,0.0,-616.7767944335938,51.029747009277344,11.380762056923485,0.237807035446167,-617.9759795587356,50.73660854883889,12.206818435313775,0.0023937884252518415,0.004401416052132845,-111.07668903776272,-3.464364368027674,-0.0016522599617019296,-0.004287124145776033,-618.4678955078125,50.428653717041016,0.28912773728370667,-618.4678955078125,50.428653717041016,-618.4695477677742,50.42436659289524,12.724443217771071,43.623297940939665
271,/yh/study/new_data/model_dataset_flight/vi/vi_000271.jpg,-609.2074584960938,61.02897644042969,-618.4678955078125,50.428653717041016,14.07560071499617,-609.2074584960938,61.02897644042969,0.0,-612.0894775390625,51.14393997192383,10.29660039759363,0.23502904176712036,-614.7100760693698,50.85006175361348,11.571045949230761,0.00211653602309525,0.004847582895308733,-114.57228423232687,-3.4955981827719076,-0.001888053840957582,-0.0041291434317827225,-615.575927734375,50.531734466552734,0.28528720140457153,-615.575927734375,50.531734466552734,-615.577815788216,50.52760532312095,12.27800836850418,58.09029005467892
272,/yh/study/new_data/model_dataset_flight/vi/vi_000272.jpg,-606.6270751953125,60.798919677734375,-615.575927734375,50.531734466552734,13.619730317689566,-606.6270751953125,60.798919677734375,0.0,-605.9793090820312,51.158721923828125,9.661936331395204,0.23449614644050598,-609.9221182330567,50.90112161962933,10.431860573244577,0.001871986431069672,0.005350142251700163,-118.03693866995086,-3.464659133379042,-0.0021373021882027388,-0.00401343684643507,-610.9198608398438,50.63066101074219,0.2512951195240021,-610.9198608398438,50.63066101074219,-610.921998142032,50.62664757389575,11.037277422840985,49.30778604466468
273,/yh/study/new_data/model_dataset_flight/vi/vi_000273.jpg,-604.047607421875,60.56893539428711,-610.9198608398438,50.63066101074219,12.08292865010004,-604.047607421875,60.56893539428711,0.0,-605.5459594726562,51.15475845336914,9.532669423775902,0.2368718385696411,-607.7538483400627,50.939430923154745,10.318118922711026,0.0016580384690314531,0.005234206095337868,-121.52931001522676,-3.492371772162723,-0.0022356195840984583,-0.003644014010205865,-608.7025756835938,50.76409149169922,0.25207194685935974,-608.7025756835938,50.76409149169922,-608.7048113031778,50.76044747768901,10.85374098971059,46.46668490022421
274,/yh/study/new_data/model_dataset_flight/vi/vi_000274.jpg,-603.1896362304688,60.42048645019531,-608.7025756835938,50.76409149169922,11.11928347548937,-603.1896362304688,60.42048645019531,0.0,-605.7498779296875,51.168418884277344,9.599770403646628,0.23520785570144653,-606.9630056099742,51.00229935809632,10.145962969376992,0.0014672508696094155,0.005278369877487421,-125.0547667968422,-3.5254572085022646,-0.0023585690651088953,-0.0033615424763411283,-606.3943481445312,50.90009307861328,0.24482391774654388,-606.3943481445312,50.90009307861328,-606.3967067135964,50.89673153613694,10.045300811911867,57.49851802829653
275,/yh/study/new_data/model_dataset_flight/vi/vi_000275.jpg,-602.3318481445312,60.272071838378906,-606.3943481445312,50.90009307861328,10.21459211733381,-602.3318481445312,60.272071838378906,0.0,-606.00390625,51.16466522216797,9.819820059600966,0.2344447523355484,-606.1643208637792,51.05596469894159,9.981206237192325,0.0012982874177396297,0.005408944562077522,-128.60789950497454,-3.5531248107261053,-0.002497671637684107,-0.00312789436429739,-605.6821899414062,50.96231460571289,0.2478298842906952,-605.6821899414062,50.96231460571289,-605.6846876130439,50.95918671134859,9.894259441063024,40.022146073170006
276,/yh/study/new_data/model_dataset_flight/vi/vi_000276.jpg,-601.4740600585938,60.1236572265625,-605.6821899414062,50.96231460571289,10.081594899975656,-601.4740600585938,60.1236572265625,0.0,-600.1117553710938,51.13608932495117,9.090228316585822,0.24389703571796417,-602.4003906909575,51.064693286611956,9.106202068139035,0.001148414914496243,0.0056826276704669,-132.173531459288,-3.5656257644545213,-0.0026786173693835735,-0.002956847194582224,-602.4406127929688,51.086273193359375,0.285300076007843,-602.4406127929688,51.086273193359375,-602.4432914103381,51.08331634616479,9.088923718016483,42.900008033029735
277,/yh/study/new_data/model_dataset_flight/vi/vi_000277.jpg,-601.4366455078125,60.10139465332031,-602.4406127929688,51.086273193359375,9.070852509412346,-601.4366455078125,60.10139465332031,0.0,-600.2266845703125,51.1285400390625,9.054066787851943,0.24227146804332733,-601.1362858342817,51.11117453647659,8.995236166037282,0.0010151687311008573,0.005681333132088184,-135.73584394166483,-3.5623135495938882,-0.0027612773701548576,-0.0026912475004792213,-600.52392578125,51.00114822387695,0.28207916021347046,-600.52392578125,51.00114822387695,-600.5266870586202,50.998456976376474,9.145903037746077,43.25470398180187
278,/yh/study/new_data/model_dataset_flight/vi/vi_000278.jpg,-601.399169921875,60.07913589477539,-600.52392578125,51.00114822387695,9.12008291950695,-601.399169921875,60.07913589477539,0.0,-609.6475219726562,57.444236755371094,8.658984064453564,0.22416307032108307,-605.8990559913648,54.797068065737086,6.938963552934226,0.0008977961260825396,0.005379306618124247,-139.33712948344575,-3.6012851148941,-0.0027212840504944324,-0.0023376073222607374,-605.4168090820312,54.453285217285156,0.2482316792011261,-605.4168090820312,54.453285217285156,-605.4195303660817,54.450947609962896,6.913148361393551,42.222170042805374
279,/yh/study/new_data/model_dataset_flight/vi/vi_000279.jpg,-601.3616943359375,60.05686569213867,-605.4168090820312,54.453285217285156,6.916940779141204,-601.3616943359375,60.05686569213867,0.0,-609.6832885742188,57.75022888183594,8.635363573193619,0.22635343670845032,-607.9303884128321,56.3956663924917,7.520114506280225,0.6338252425193787,0.005521331913769245,-142.9593427248436,-3.6222140951714885,-0.5081281661987305,-0.3834676444530487,-608.9439086914062,55.60262680053711,0.24775107204914093,-608.9439086914062,55.60262680053711,-609.452036857605,55.21915915608406,8.793760210270252,38.363098981790245
280,/yh/study/new_data/model_dataset_flight/vi/vi_000280.jpg,-601.0995483398438,60.101402282714844,-608.9439086914062,55.60262680053711,9.042840823779287,-601.0995483398438,60.101402282714844,0.0,-609.6500244140625,57.37702560424805,8.974010774562345,0.22430135309696198,-609.3599139455912,56.648006759768755,8.95318829124683,0.5778640508651733,0.005938163958489895,-146.61899906327145,-3.659651642672798,-0.48501330614089966,-0.3195766806602478,-610.15185546875,55.67362976074219,0.24453705549240112,-610.15185546875,55.67362976074219,-610.6368687748909,55.35405308008194,10.077173902557353,41.91223194357008
281,/yh/study/new_data/model_dataset_flight/vi/vi_000281.jpg,-600.837646484375,60.145896911621094,-610.15185546875,55.67362976074219,10.33226318254827,-600.837646484375,60.145896911621094,0.0,-609.6508178710938,57.28294372558594,9.266525283897247,0.22299394011497498,-609.8566711717837,56.621750647343816,9.683099359404837,0.5259624719619751,0.005652778781950474,-150.31564770624408,-3.696645227878056,-0.4593942165374756,-0.26186758279800415,-610.576416015625,55.62571334838867,0.24394942820072174,-610.576416015625,55.62571334838867,-611.0358102321625,55.36384576559067,10.736651779214966,41.444813017733395
282,/yh/study/new_data/model_dataset_flight/vi/vi_000282.jpg,-600.5753784179688,60.19044876098633,-610.576416015625,55.62571334838867,10.993523657897725,-600.5753784179688,60.19044876098633,0.0,-609.6699829101562,57.23625564575195,9.56237877473044,0.2225278913974762,-610.0423945764427,56.57455790218197,10.134054551244114,0.4775252640247345,0.006503064185380936,-154.05054540856878,-3.7348806268517873,-0.43230506777763367,-0.21037738025188446,-610.7613525390625,55.565879821777344,0.24466735124588013,-610.7613525390625,55.565879821777344,-611.1936576068401,55.35550244152546,11.18663071121453,40.04493996035308
283,/yh/study/new_data/model_dataset_flight/vi/vi_000283.jpg,-599.8977661132812,60.17464828491211,-610.7613525390625,55.565879821777344,11.80077356689824,-599.8977661132812,60.17464828491211,0.0,-609.6582641601562,57.2220573425293,10.197309223324147,0.2221861630678177,-610.1114724319759,56.54161018493087,10.84060711401621,0.4323987662792206,0.006383790634572506,-157.78542945051515,-3.7348810537386106,-0.40325871109962463,-0.16468647122383118,-610.7984619140625,55.539005279541016,0.24433626234531403,-610.7984619140625,55.539005279541016,-611.2017206251621,55.374318808317184,11.845436041548489,38.96000003442168
284,/yh/study/new_data/model_dataset_flight/vi/vi_000284.jpg,-599.28173828125,60.16028594970703,-610.7984619140625,55.539005279541016,12.409317397304012,-599.28173828125,60.16028594970703,0.0,-609.6558227539062,57.28601837158203,10.764898641253806,0.22277215123176575,-610.1252806223695,56.568251056260166,11.423008587031292,0.39070290327072144,0.006470502819865942,-161.53841349376208,-3.75299001966243,-0.37366458773612976,-0.12474791705608368,-610.8289794921875,55.57576370239258,0.24433633685112,-610.8289794921875,55.57576370239258,-611.2026440799236,55.451015785336494,12.42403412019198,40.13082303572446
285,/yh/study/new_data/model_dataset_flight/vi/vi_000285.jpg,-598.6656494140625,60.14591979980469,-610.8289794921875,55.57576370239258,12.993572462726846,-598.6656494140625,60.14591979980469,0.0,-609.6414794921875,57.26985168457031,11.346392100898914,0.22308211028575897,-610.129368616103,56.573828862287876,12.007359893378771,0.3522093892097473,0.0062232972122728825,-165.31347270840647,-3.775054518889333,-0.343711793422699,-0.09008472412824631,-610.8311157226562,55.56829071044922,0.2444450706243515,-610.8311157226562,55.56829071044922,-611.174827516079,55.47820598632097,12.998202128957798,39.19763001613319
286,/yh/study/new_data/model_dataset_flight/vi/vi_000286.jpg,-597.80810546875,60.045772552490234,-610.8311157226562,55.56829071044922,13.77122506239566,-597.80810546875,60.045772552490234,0.0,-609.6094360351562,57.21996307373047,12.134933141465716,0.22230958938598633,-610.1113680203686,56.54136687809539,12.792620081312132,0.31693556904792786,0.00647094426676631,-169.1110032454202,-3.79752925635326,-0.3144063353538513,-0.06048250570893288,-610.734619140625,55.54180145263672,0.2439257800579071,-610.734619140625,55.54180145263672,-611.0490254759789,55.481318946927786,13.688700134690912,42.671130038797855
287,/yh/study/new_data/model_dataset_flight/vi/vi_000287.jpg,-596.9498291015625,59.94552993774414,-610.734619140625,55.54180145263672,14.471118166595947,-596.9498291015625,59.94552993774414,0.0,-603.7505493164062,58.36374282836914,6.982252208275589,0.23395121097564697,-606.6199823335872,57.20433692896126,10.05116921767009,0.28471657633781433,0.006232402287423611,-172.89711370614165,-3.7861087531741755,-0.28562384843826294,-0.035590942949056625,-606.1378173828125,56.14380645751953,0.24559420347213745,-606.1378173828125,56.14380645751953,-606.4234412312508,56.108215514570475,9.943451617847721,43.01238199695945
288,/yh/study/new_data/model_dataset_flight/vi/vi_000288.jpg,-596.0921020507812,59.845359802246094,-606.1378173828125,56.14380645751953,10.705974672866741,-596.0921020507812,59.845359802246094,0.0,-603.8536376953125,58.4637336730957,7.883547825825643,0.2319471836090088,-604.7921020545544,57.510582298986165,9.007840254765973,0.25528833270072937,0.0063147470355033875,-176.73171850997022,-3.834610353357259,-0.2580253481864929,-0.014734338037669659,-604.6387939453125,56.40367889404297,0.25585198402404785,-604.6387939453125,56.40367889404297,-604.896819293499,56.3889445560053,9.213637165307523,41.28434706944972
289,/yh/study/new_data/model_dataset_flight/vi/vi_000289.jpg,-594.8851928710938,59.681861877441406,-604.6387939453125,56.40367889404297,10.28976275662584,-594.8851928710938,59.681861877441406,0.0,-603.6105346679688,58.194129943847656,8.85126746734774,0.23547160625457764,-604.0329991041634,57.458515969866426,9.414118434697897,0.22853685915470123,0.0063982391729950905,179.39586111649038,-3.8724282570179738,-0.23172308504581451,0.00244342815130949,-603.66748046875,56.3724365234375,0.26912039518356323,-603.66748046875,56.3724365234375,-603.8992035537958,56.37487995158881,9.385141001693617,40.128667023964226
290,/yh/study/new_data/model_dataset_flight/vi/vi_000290.jpg,-593.7744140625,59.53138732910156,-603.66748046875,56.3724365234375,10.385168901422736,-593.7744140625,59.53138732910156,0.0,-603.5591430664062,58.126312255859375,9.8850977557802,0.23692503571510315,-603.6036539214099,57.405725397292734,10.056460354037304,0.2042079120874405,0.006065798923373222,175.51063095053368,-3.885223762654346,-0.2066049575805664,0.01622159034013748,-603.303466796875,56.3237419128418,0.27515339851379395,-603.303466796875,56.3237419128418,-603.5100717544556,56.339963503181934,10.054443551532424,39.25236698705703
291,/yh/study/new_data/model_dataset_flight/vi/vi_000291.jpg,-592.55859375,59.36668395996094,-603.303466796875,56.3237419128418,11.167443444924467,-592.55859375,59.36668395996094,0.0,-599.5989990234375,57.90380096435547,7.190781117032988,0.2441178262233734,-601.1209944226421,57.25462738424794,8.819041232349122,0.18208761513233185,0.006017363630235195,171.61143987791348,-3.8991863768651447,-0.18311604857444763,0.027002865448594093,-600.7246704101562,56.21577835083008,0.2787587344646454,-600.7246704101562,56.21577835083008,-600.9077864587307,56.24278121627867,8.752886048452874,39.05543894506991
292,/yh/study/new_data/model_dataset_flight/vi/vi_000292.jpg,-590.8184204101562,59.179298400878906,-600.7246704101562,56.21577835083008,10.340030954960502,-590.8184204101562,59.179298400878906,0.0,-599.54052734375,57.75330352783203,8.837907599596193,0.24417376518249512,-600.0270372580738,57.12160516016429,9.43571543258032,0.16217318177223206,0.0063284593634307384,167.68882125644012,-3.922612218170996,-0.16153530776500702,0.035253409296274185,-600.0101928710938,56.109771728515625,0.2830645442008972,-600.0101928710938,56.109771728515625,-600.1717281788588,56.1450251378119,9.690752033046694,38.87071809731424
293,/yh/study/new_data/model_dataset_flight/vi/vi_000293.jpg,-589.0809326171875,58.99219512939453,-600.0101928710938,56.109771728515625,11.302968387089704,-589.0809326171875,58.99219512939453,0.0,-599.597412109375,57.851402282714844,10.578173246295213,0.24375706911087036,-599.7670047360732,57.13584640459052,10.846113032700144,0.14420191943645477,0.006026190705597401,163.76430384237753,-3.9245135720811986,-0.14134402573108673,0.041159745305776596,-599.91845703125,56.12405014038086,0.28179773688316345,-599.91845703125,56.12405014038086,-600.0598010569811,56.165209885686636,11.210628488332176,42.62564005330205
294,/yh/study/new_data/model_dataset_flight/vi/vi_000294.jpg,-587.4931640625,58.82122039794922,-599.91845703125,56.12405014038086,12.714662117318712,-587.4931640625,58.82122039794922,0.0,-595.580322265625,56.84004211425781,8.326295406370255,0.23638755083084106,-597.362662282659,56.54587394847649,10.128385684937662,0.12802785634994507,0.00579499825835228,159.81011608656038,-3.9541830600620873,-0.12288051843643188,0.045186594128608704,-597.3464965820312,55.528404235839844,0.273467481136322,-597.3464965820312,55.528404235839844,-597.4693771004677,55.57359082996845,10.388974926233134,42.22284606657922
295,/yh/study/new_data/model_dataset_flight/vi/vi_000295.jpg,-585.1982421875,58.60494613647461,-597.3464965820312,55.528404235839844,12.531767429241942,-585.1982421875,58.60494613647461,0.0,-595.6005859375,56.8283576965332,10.552962710921397,0.23641857504844666,-596.3179003078537,56.29426661858074,11.357201968265025,0.11351177096366882,0.005580708384513855,155.84056040511072,-3.9695586696574323,-0.10611522942781448,0.04759981110692024,-596.6396484375,55.25165557861328,0.2712663412094116,-596.6396484375,55.25165557861328,-596.7457636669278,55.2992553897202,11.922681516461848,41.0856599919498
296,/yh/study/new_data/model_dataset_flight/vi/vi_000296.jpg,-582.7028198242188,58.369781494140625,-596.6396484375,55.25165557861328,14.281383021999591,-582.7028198242188,58.369781494140625,0.0,-590.6051025390625,56.419708251953125,8.139340130207975,0.23456312716007233,-593.0844198541078,55.939809139967544,10.662194184249167,0.10052615404129028,0.0056329392828047276,151.85048683539432,-3.9900923527366063,-0.0911192074418068,0.048754364252090454,-594.2786865234375,54.88234329223633,0.27656227350234985,-594.2786865234375,54.88234329223633,-594.3698057308793,54.93109765648842,12.089785566757712,42.662127991206944
297,/yh/study/new_data/model_dataset_flight/vi/vi_000297.jpg,-580.4057006835938,58.15330123901367,-594.2786865234375,54.88234329223633,14.25338212502882,-580.4057006835938,58.15330123901367,0.0,-590.6442260742188,56.367340087890625,10.39312558414424,0.23373199999332428,-592.1374586843027,55.75722321576512,11.97394403196764,0.08892844617366791,0.005230176728218794,147.86378737912793,-3.9867152510788584,-0.07751777023077011,0.04869510978460312,-592.46533203125,54.65591049194336,0.2651028633117676,-592.46533203125,54.65591049194336,-592.5428498014808,54.70460560172796,12.556530184691404,47.46200691442937
298,/yh/study/new_data/model_dataset_flight/vi/vi_000298.jpg,-577.5111083984375,57.838523864746094,-592.46533203125,54.65591049194336,15.289140994212548,-577.5111083984375,57.838523864746094,0.0,-585.9492797851562,53.23454666137695,9.612457669128212,0.2419053167104721,-588.6264259087217,53.81851967532235,11.819928808474879,0.07852668315172195,0.00507684051990509,143.86895999774922,-3.994826100718248,-0.06547389924526215,0.04779874160885811,-589.9874877929688,53.41944122314453,0.27792370319366455,-589.9874877929688,53.41944122314453,-590.052961692214,53.46723996475339,13.235873004437154,40.27780401520431
299,/yh/study/new_data/model_dataset_flight/vi/vi_000299.jpg,-574.6156005859375,57.523643493652344,-589.9874877929688,53.41944122314453,15.910354885511904,-574.6156005859375,57.523643493652344,0.0,-585.9947509765625,53.220314025878906,12.165677462462511,0.24020345509052277,-587.6351828648837,53.302126231202415,13.68688170166652,0.06921613961458206,0.004670896101742983,139.85634680377177,-4.012614047751077,-0.0546962134540081,0.04612975940108299,-588.1552734375,53.142459869384766,0.26298922300338745,-588.1552734375,53.142459869384766,-588.209969650954,53.18858962878585,14.230864726954895,39.90334703121334
300,/yh/study/new_data/model_dataset_flight/vi/vi_000300.jpg,-571.7047119140625,57.20708465576172,-588.1552734375,53.142459869384766,16.945269224489536,-571.7047119140625,57.20708465576172,0.0,-580.69873046875,53.080596923828125,9.895467182698424,0.22984829545021057,-583.7622809668227,53.10601356240535,12.735923821020734,0.061009518802165985,0.004475216846913099,135.83669851494923,-4.019650423256659,-0.04537076875567436,0.04406464472413063,-584.96630859375,51.93244171142578,0.2762606143951416,-584.96630859375,51.93244171142578,-585.0116793625057,51.97650635614991,14.272063785063862,42.50358301214874
301,/yh/study/new_data/model_dataset_flight/vi/vi_000301.jpg,-568.8550415039062,56.87386703491211,-584.96630859375,51.93244171142578,16.852020990607453,-568.8550415039062,56.87386703491211,0.0,-575.9605712890625,53.341487884521484,7.935127975644566,0.23545736074447632,-579.6606144754176,52.76257562940731,11.561276930496623,0.05371114984154701,0.004388115834444761,131.78447022378572,-4.052233413805382,-0.03725133836269379,0.04168608784675598,-580.2003784179688,51.621429443359375,0.2789338529109955,-580.2003784179688,51.621429443359375,-580.2376297563314,51.66311553120613,12.502190621916844,39.86253391485661
302,/yh/study/new_data/model_dataset_flight/vi/vi_000302.jpg,-566.25830078125,56.570220947265625,-580.2003784179688,51.621429443359375,14.79432547220142,-566.25830078125,56.570220947265625,0.0,-570.9744262695312,60.25726318359375,5.9863277619658914,0.24570539593696594,-574.7649456050993,56.709196355970626,8.50777998794912,0.04735612869262695,0.004514354281127453,127.7173521202316,-4.067117249780487,-0.03035176359117031,0.03924602270126343,-575.5473022460938,55.72609329223633,0.28401100635528564,-575.5473022460938,55.72609329223633,-575.5776540096849,55.76533931493759,9.327277186395534,41.25493101309985
303,/yh/study/new_data/model_dataset_flight/vi/vi_000303.jpg,-563.42236328125,56.23860549926758,-575.5473022460938,55.72609329223633,12.135765886978138,-563.42236328125,56.23860549926758,0.0,-568.0977783203125,60.24295425415039,6.15583582775104,0.250146746635437,-571.1584450165118,58.387183864629414,8.02890712405817,0.04167598858475685,0.0042464034631848335,123.63817190260322,-4.0791742412128515,-0.024262404069304466,0.0364651195704937,-572.2758178710938,58.27295684814453,0.2768072485923767,-572.2758178710938,58.27295684814453,-572.300080275163,58.309421967715025,9.08417544882874,41.86509095598012
304,/yh/study/new_data/model_dataset_flight/vi/vi_000304.jpg,-561.7368774414062,56.00497055053711,-572.2758178710938,58.27295684814453,10.7802146187651,-561.7368774414062,56.00497055053711,0.0,-568.0441284179688,60.27348327636719,7.615879185748809,0.24849781394004822,-569.7827349526782,59.45155899305328,8.752987774684554,0.036626264452934265,0.0038823336362838745,119.56209259085803,-4.076081446179305,-0.01902787946164608,0.03354678303003311,-571.4749145507812,59.12569046020508,0.27762362360954285,-571.4749145507812,59.12569046020508,-571.4939424302429,59.15923724323511,10.225862286289733,44.47244398761541
305,/yh/study/new_data/model_dataset_flight/vi/vi_000305.jpg,-559.8888549804688,55.748802185058594,-571.4749145507812,59.12569046020508,12.0681461206621,-559.8888549804688,55.748802185058594,0.0,-567.9432373046875,60.28536605834961,9.244105494916024,0.24663791060447693,-569.3942410247286,59.80890870120867,10.336190244615926,0.03216680884361267,0.0036811865866184235,115.47569969346611,-4.0863958855996705,-0.014627543278038502,0.030700786039233208,-571.229736328125,59.42014694213867,0.27694448828697205,-571.229736328125,59.42014694213867,-571.244363871403,59.450847728177905,11.920333974640007,51.41080101020634
306,/yh/study/new_data/model_dataset_flight/vi/vi_000306.jpg,-560.1390380859375,55.755977630615234,-571.229736328125,59.42014694213867,11.680313533581668,-560.1390380859375,55.755977630615234,0.0,-567.9757080078125,60.288856506347656,9.053197576905164,0.24722802639007568,-569.3126385563543,59.93194370784753,10.079366957752145,0.028228286653757095,0.0033598989248275757,111.37915030477839,-4.096546400479956,-0.010902686044573784,0.027850206941366196,-571.1802978515625,59.52233123779297,0.27746087312698364,-571.1802978515625,59.52233123779297,-571.1912005376071,59.550181444734335,11.665969171325209,51.336452015675604
307,/yh/study/new_data/model_dataset_flight/vi/vi_000307.jpg,-560.3895874023438,55.76316452026367,-571.1802978515625,59.52233123779297,11.426756600587005,-560.3895874023438,55.76316452026367,0.0,-567.9940185546875,60.280029296875,8.844740841931333,0.24717724323272705,-569.3031141460158,59.96872601920092,9.855846312290993,0.02476525492966175,0.0034823771566152573,107.27606442505498,-4.103082891515658,-0.007871776819229126,0.02531060390174389,-571.2009887695312,59.53541946411133,0.27800852060317993,-571.2009887695312,59.53541946411133,-571.2088605463505,59.56073006801307,11.450602904817144,50.020729075185955
308,/yh/study/new_data/model_dataset_flight/vi/vi_000308.jpg,-560.6649780273438,55.77106475830078,-571.2009887695312,59.53541946411133,11.188292484139321,-560.6649780273438,55.77106475830078,0.0,-567.9708862304688,60.25452423095703,8.57191364372275,0.24577414989471436,-569.2979867761027,59.95907716173617,9.595222141643037,0.02172163873910904,0.0031928655225783587,103.17991118733912,-4.096151957055388,-0.005316741764545441,0.02270384691655636,-571.2152099609375,59.47980880737305,0.27639830112457275,-571.2152099609375,59.47980880737305,-571.220526702702,59.5025126542896,11.183120149321041,51.99743702542037
309,/yh/study/new_data/model_dataset_flight/vi/vi_000309.jpg,-561.0635375976562,55.83820343017578,-571.2152099609375,59.47980880737305,10.785070305502897,-561.0635375976562,55.83820343017578,0.0,-567.93603515625,60.22636795043945,8.1539690059368,0.24514949321746826,-569.2832972384602,59.91964114095588,9.177286218679694,0.01904531754553318,0.0029544068966060877,99.06521398602668,-4.114698481972911,-0.0032334986608475447,0.02026618830859661,-571.2235107421875,59.408695220947266,0.27651774883270264,-571.2235107421875,59.408695220947266,-571.2267442408483,59.42896140925586,10.769097730337615,49.07684097997844
310,/yh/study/new_data/model_dataset_flight/vi/vi_000310.jpg,-561.426025390625,55.899269104003906,-571.2235107421875,59.408695220947266,10.407054861216304,-561.426025390625,55.899269104003906,0.0,-567.964111328125,60.25331115722656,7.855205275953431,0.244862899184227,-569.3032486120134,59.90629732211386,8.83781199281301,0.0166934784501791,0.002546466886997223,94.95179403008903,-4.11341739461671,-0.0015508427750319242,0.017899654805660248,-571.245361328125,59.436763763427734,0.276619553565979,-571.245361328125,59.436763763427734,-571.2469121709,59.454663418233395,10.437108158821154,41.83868505060673
311,/yh/study/new_data/model_dataset_flight/vi/vi_000311.jpg,-561.7883911132812,55.96030807495117,-571.245361328125,59.436763763427734,10.075714852971123,-561.7883911132812,55.96030807495117,0.0,-568.1070556640625,60.254844665527344,7.63993234479843,0.2475496381521225,-569.396441096499,59.91873285532326,8.576220104976484,0.014628207311034203,0.002286140574142337,90.8312433566579,-4.120553661638905,-0.00022880062169861048,0.01576961763203144,-571.3162841796875,59.44706726074219,0.27906179428100586,-571.3162841796875,59.44706726074219,-571.3165129803092,59.46283687837422,10.145848210207479,42.10651700850576
312,/yh/study/new_data/model_dataset_flight/vi/vi_000312.jpg,-561.8179931640625,55.98184585571289,-571.3162841796875,59.44706726074219,10.110652382679161,-561.8179931640625,55.98184585571289,0.0,-567.9888305664062,60.288414001464844,7.525009198676768,0.24426373839378357,-569.3559281901984,59.942743328420384,8.515231837568875,0.012817518785595894,0.0020165941677987576,86.72018664617306,-4.1110596986925865,0.000791006488725543,0.013803170062601566,-571.3014526367188,59.51131057739258,0.27599841356277466,-571.3014526367188,59.51131057739258,-571.30066163023,59.52511374745518,10.118948798718918,40.03877192735672
313,/yh/study/new_data/model_dataset_flight/vi/vi_000313.jpg,-561.8506469726562,56.005558013916016,-571.3014526367188,59.51131057739258,10.080080790162265,-561.8506469726562,56.005558013916016,0.0,-567.8694458007812,60.31449890136719,7.402223375782939,0.24218352138996124,-569.2794995342191,59.984505766442474,8.427329090451746,0.011227486655116081,0.0017082847189158201,82.63087725800555,-4.08931152260162,0.0015496035339310765,0.011981839314103127,-571.2406616210938,59.58734893798828,0.273850679397583,-571.2406616210938,59.58734893798828,-571.2391120175598,59.599330777302384,10.04995528953424,40.2770679211244
314,/yh/study/new_data/model_dataset_flight/vi/vi_000314.jpg,-561.8803100585938,56.027099609375,-571.2406616210938,59.58734893798828,10.014567222575698,-561.8803100585938,56.027099609375,0.0,-568.0139770507812,60.32965850830078,7.492254924238489,0.24415801465511322,-569.3396733102854,60.02467765277756,8.463021347827416,0.009832976385951042,0.0016583895776420832,78.52516858564086,-4.105707391704235,0.0021211053244769573,0.010449057444930077,-571.3004150390625,59.64189910888672,0.27602148056030273,-571.3004150390625,59.64189910888672,-571.298293933738,59.65234816633165,10.089853976382528,44.833744992502034
315,/yh/study/new_data/model_dataset_flight/vi/vi_000315.jpg,-561.5739135742188,56.06791305541992,-571.3004150390625,59.64189910888672,10.362345634844592,-561.5739135742188,56.06791305541992,0.0,-568.07470703125,60.2849006652832,7.74876119600551,0.24590063095092773,-569.4000020661457,60.02072090441874,8.767687892174203,0.0086129792034626,0.001427012262865901,74.41520470542324,-4.109963453330799,0.00250569311901927,0.008983585983514786,-571.335205078125,59.574790954589844,0.2774081826210022,-571.335205078125,59.574790954589844,-571.332699385006,59.58377454057336,10.372126321247674,49.46217604447156
316,/yh/study/new_data/model_dataset_flight/vi/vi_000316.jpg,-561.2676391601562,56.10872268676758,-571.335205078125,59.574790954589844,10.647512045067167,-561.2676391601562,56.10872268676758,0.0,-568.1028442382812,60.223106384277344,7.977981052268795,0.24734199047088623,-569.4308726158223,59.95674339732062,9.024724031268244,0.007547596003860235,0.0014552567154169083,70.32215920377973,-4.0930463554171475,0.0027865255251526833,0.007791957817971706,-571.35546875,59.431983947753906,0.2787711024284363,-571.35546875,59.431983947753906,-571.3526822244748,59.43977590557188,10.621128529610193,39.61454005911946
317,/yh/study/new_data/model_dataset_flight/vi/vi_000317.jpg,-560.961181640625,56.14955139160156,-571.35546875,59.431983947753906,10.900255409751098,-560.961181640625,56.14955139160156,0.0,-568.0950317382812,60.223182678222656,8.21500389988759,0.2463846355676651,-569.4345953233162,59.89811551573725,9.26555300188693,0.00661320798099041,0.0010014688596129417,66.2532652510414,-4.068892245191043,0.0028647459112107754,0.006511636544018984,-571.3716430664062,59.3629264831543,0.2771539092063904,-571.3716430664062,59.3629264831543,-571.368778320495,59.369438119698316,10.89511296759657,38.829584955237806
318,/yh/study/new_data/model_dataset_flight/vi/vi_000318.jpg,-560.7025756835938,56.1977653503418,-571.3716430664062,59.3629264831543,11.128667656806922,-560.7025756835938,56.1977653503418,0.0,-568.022216796875,60.157318115234375,8.321971168251284,0.24704277515411377,-569.398341974358,59.830939136353265,9.424240189158638,0.005797185003757477,0.0008485170546919107,62.18202171322857,-4.071241830265528,0.0029033247847110033,0.005502459593117237,-571.3007202148438,59.218997955322266,0.27768945693969727,-571.3007202148438,59.218997955322266,-571.297816890059,59.22450041491538,11.02036814079554,38.76173205208033
319,/yh/study/new_data/model_dataset_flight/vi/vi_000319.jpg,-560.44384765625,56.246002197265625,-571.3007202148438,59.218997955322266,11.25657077137477,-560.44384765625,56.246002197265625,0.0,-568.1500854492188,60.18682098388672,8.655411811737533,0.24849751591682434,-569.4445363423374,59.78918702219281,9.672980695083409,0.00508103659376502,0.0004733828827738762,58.14554383829112,-4.03648812022121,0.0028065016958862543,0.004516832996159792,-571.369140625,59.22846221923828,0.2784329056739807,-571.369140625,59.22846221923828,-571.3663341233041,59.23297905223444,11.325064866731816,41.299014003016055
320,/yh/study/new_data/model_dataset_flight/vi/vi_000320.jpg,-560.1849975585938,56.29426574707031,-571.369140625,59.22846221923828,11.562636596690478,-560.1849975585938,56.29426574707031,0.0,-568.1210327148438,60.25783920288086,8.87077045925786,0.2470742166042328,-569.4555308391966,59.8349155525835,9.923658012650684,0.004453045781701803,0.0002806528937071562,54.140799022237545,-4.0047495118086305,0.0026907764840871096,0.0037227401044219732,-571.373779296875,59.38277816772461,0.2764548361301422,-571.373779296875,59.38277816772461,-571.3710885203909,59.38650090782903,11.607228168664207,39.716038038022816
321,/yh/study/new_data/model_dataset_flight/vi/vi_000321.jpg,-559.9381713867188,56.76070022583008,-571.373779296875,59.38277816772461,11.732366385695515,-559.9381713867188,56.76070022583008,0.0,-568.000244140625,60.25412368774414,8.786411359225628,0.2463708221912384,-569.3862745506299,59.89612789625784,9.954775741943738,0.003903405973687768,0.0003762883134186268,50.123076846760945,-4.017726444344832,0.0026232588570564985,0.0031399514991790056,-571.29541015625,59.461158752441406,0.27653273940086365,-571.29541015625,59.461158752441406,-571.292786897393,59.464298703940585,11.673874623366979,41.383206960745156
322,/yh/study/new_data/model_dataset_flight/vi/vi_000322.jpg,-559.69091796875,57.22782516479492,-571.29541015625,59.461158752441406,11.817445487221782,-559.69091796875,57.22782516479492,0.0,-562.01416015625,60.28903579711914,3.8429760339136423,0.23458124697208405,-565.8273988352734,59.948899202561215,6.7127223497038075,0.0034292980562895536,-0.0003764512948691845,46.24205407733298,-3.8810231963147883,0.0022415686398744583,0.002340923063457012,-566.743896484375,59.478450775146484,0.2583461105823517,-566.743896484375,59.478450775146484,-566.7416549157351,59.48079169820994,7.403365557625678,39.63915596250445
323,/yh/study/new_data/model_dataset_flight/vi/vi_000323.jpg,-559.4190673828125,57.74142074584961,-566.743896484375,59.478450775146484,7.5279741424752515,-559.4190673828125,57.74142074584961,0.0,-562.1826171875,60.27147674560547,3.7467840723597803,0.23341427743434906,-564.0566370275725,59.94565885426279,5.134755870397368,0.003009191947057843,-0.00020103110000491142,42.28368966083837,-3.9583631358341353,0.0021519046276807785,0.001956963213160634,-564.407470703125,59.33605194091797,0.260734885931015,-564.407470703125,59.33605194091797,-564.4053187984973,59.33800890413113,5.237080898209413,39.21984205953777
324,/yh/study/new_data/model_dataset_flight/vi/vi_000324.jpg,-558.9118041992188,58.914100646972656,-564.407470703125,59.33605194091797,5.511841182093264,-558.9118041992188,58.914100646972656,0.0,-552.941650390625,59.04642105102539,5.971619980172477,0.2163083255290985,-557.6524285188251,59.1654170603968,1.2842067761942906,0.0026389104314148426,-0.0001770372036844492,38.28708301518087,-3.9966070725443292,0.002001843648031354,0.0015802282141521573,-559.4899291992188,58.82313537597656,0.25924059748649597,-559.4899291992188,58.82313537597656,-559.4879273555707,58.824715604190715,0.5852377261868827,42.34593699220568
325,/yh/study/new_data/model_dataset_flight/vi/vi_000325.jpg,-558.4044799804688,60.08686065673828,-559.4899291992188,58.82313537597656,1.6658936315747384,-558.4044799804688,60.08686065673828,0.0,-552.7933349609375,59.240013122558594,5.674689346242363,0.2187792956829071,-555.5446574839963,59.068737233245116,3.0356482037277477,0.0023162795696407557,0.00026581366546452045,34.35487822320741,-3.9322043650866325,0.0020219460129737854,0.00138211774174124,-558.116943359375,58.86124801635742,0.2439248263835907,-558.116943359375,58.86124801635742,-558.114921413362,58.86263013409916,1.2588898493241387,41.71444708481431
326,/yh/study/new_data/model_dataset_flight/vi/vi_000326.jpg,-557.8973999023438,61.259117126464844,-558.116943359375,58.86124801635742,2.4078985856411377,-557.8973999023438,61.259117126464844,0.0,-552.8023071289062,58.86634063720703,5.628974124783305,0.22003674507141113,-554.9858466778854,58.864248313565135,3.7699520964931743,0.002034083940088749,0.0004720443394035101,30.397869599263053,-3.957008197057534,0.001958040287718177,0.0011486776638776064,-556.1183471679688,58.70621109008789,0.2312234342098236,-556.1183471679688,58.70621109008789,-556.116389127681,58.70735976775177,3.1116487369651877,42.43919893633574
327,/yh/study/new_data/model_dataset_flight/vi/vi_000327.jpg,-557.3032836914062,62.58571243286133,-556.1183471679688,58.70621109008789,4.05642764426497,-557.3032836914062,62.58571243286133,0.0,-552.828369140625,64.07229614257812,4.715378178130479,0.228354349732399,-554.1800697700666,61.86761863932316,3.204703401996529,0.0017862006789073348,0.00019730394706130028,26.461037354126915,-3.9368330989097857,0.0016873908462002873,0.0008398698410019279,-554.99755859375,61.19671630859375,0.23702964186668396,-554.99755859375,61.19671630859375,-554.9958712029038,61.19755617843475,2.6917797939638892,50.78916798811406
328,/yh/study/new_data/model_dataset_flight/vi/vi_000328.jpg,-556.6494140625,64.0456771850586,-554.99755859375,61.19671630859375,3.2932058188437923,-556.6494140625,64.0456771850586,0.0,-552.88525390625,64.1013412475586,3.764571711331055,0.22808048129081726,-553.7531027343989,62.90796447553793,3.1117534476065996,0.0015685660764575005,-0.00012839841656386852,22.576867575038865,-3.884170205974872,0.0013890801928937435,0.000577560334932059,-554.4945068359375,63.37639617919922,0.23496666550636292,-554.4945068359375,63.37639617919922,-554.4931177557446,63.37697373953415,2.2564490288715637,75.43056609574705
329,/yh/study/new_data/model_dataset_flight/vi/vi_000329.jpg,-555.9979248046875,65.5003890991211,-554.4945068359375,63.37639617919922,2.602232025135082,-555.9979248046875,65.5003890991211,0.0,-552.8736572265625,64.03805541992188,3.4495605066505757,0.22724127769470215,-553.5395897704923,63.766210074838305,3.0084527632346156,0.001377228880301118,-0.0001098171342164278,18.704770155308815,-3.872097846616874,0.0012524800840765238,0.00042405736166983843,-554.2567749023438,64.03732299804688,0.23863157629966736,-554.2567749023438,64.03732299804688,-554.2555224222597,64.03774705540854,2.2742395209265376,64.09602193161845
330,/yh/study/new_data/model_dataset_flight/vi/vi_000330.jpg,-555.2718505859375,67.09474182128906,-554.2567749023438,64.03732299804688,3.2215195954920035,-555.2718505859375,67.09474182128906,0.0,-552.9525756835938,64.1295394897461,3.764500091596422,0.22783978283405304,-553.4884111482229,64.09165197534972,3.492736012180104,0.0012096529826521873,-0.0008115379605442286,14.872663493169188,-3.832105381479157,0.0007769528310745955,0.00020633426902350038,-554.31787109375,64.29048919677734,0.24019666016101837,-554.31787109375,64.29048919677734,-554.3170941409189,64.29069553104637,2.9620786035477153,52.445330074988306
331,/yh/study/new_data/model_dataset_flight/vi/vi_000331.jpg,-554.5454711914062,68.68971252441406,-554.31787109375,64.29048919677734,4.405107001070033,-554.5454711914062,68.68971252441406,0.0,-547.5540771484375,67.3467788696289,7.119203710051676,0.23390057682991028,-550.3330089398676,66.09109003517047,4.949512810594688,0.0010634257923811674,0.00025371601805090904,11.042505142490308,-3.8301579237920573,0.0011682461481541395,0.0002279835898661986,-551.3980102539062,65.72345733642578,0.27020373940467834,-551.3980102539062,65.72345733642578,-551.3968420077581,65.72368532001565,4.32494857696086,42.86806401796639
332,/yh/study/new_data/model_dataset_flight/vi/vi_000332.jpg,-553.8839111328125,70.14241027832031,-551.3980102539062,65.72345733642578,5.0701921346656285,-553.8839111328125,70.14241027832031,0.0,-547.50830078125,67.54065704345703,6.886038574541422,0.23045267164707184,-549.1064034733762,66.79405327668407,5.834044398732244,0.0009351333719678223,-0.0004831859841942787,7.257834997910066,-3.7846701445802418,0.0006879835273139179,8.761816570768133e-05,-549.1296997070312,66.04989624023438,0.26423245668411255,-549.1296997070312,66.04989624023438,-549.1290117235039,66.04998385840008,6.273053278345358,52.93946503661573
333,/yh/study/new_data/model_dataset_flight/vi/vi_000333.jpg,-552.7705078125,72.56969451904297,-549.1296997070312,66.04989624023438,7.4674797125404,-552.7705078125,72.56969451904297,0.0,-547.6263427734375,71.08198547363281,5.35497078917412,0.23367615044116974,-548.2440029816592,69.01453148832995,5.7557302020312004,0.6308650374412537,8.743652142584324e-05,3.473381071505737,-3.78445413984774,0.6297497749328613,0.03822348639369011,-548.5957641601562,68.41233825683594,0.2616492807865143,-548.5957641601562,68.41233825683594,-547.9660143852234,68.45056174322963,5.891697179395463,53.04081807844341
334,/yh/study/new_data/model_dataset_flight/vi/vi_000334.jpg,-551.6575927734375,74.99594116210938,-548.5957641601562,68.41233825683594,7.260759028602494,-551.6575927734375,74.99594116210938,0.0,-547.6507568359375,71.37190246582031,5.402628129183244,0.23141664266586304,-548.039016874259,70.15595367500522,6.043142428690576,0.5729256868362427,-0.00036272499710321426,-0.2703928885322301,-3.7437739600379674,0.5727379322052002,-0.002702911151573062,-548.5302734375,69.17547607421875,0.2579343914985657,-548.5302734375,69.17547607421875,-547.9575355052948,69.17277316306718,6.607415536220057,48.290418926626444
335,/yh/study/new_data/model_dataset_flight/vi/vi_000335.jpg,-551.047119140625,76.36161041259766,-548.5302734375,69.17547607421875,7.614134161056477,-551.047119140625,76.36161041259766,0.0,-547.6710815429688,71.16586303710938,6.196242462225147,0.23308388888835907,-548.0240839688198,70.34810459367574,6.730601301828757,0.5189339518547058,-0.000252733938395977,-4.004816533039861,-3.73442343106422,0.5175407528877258,-0.03623369708657265,-548.53076171875,69.26351928710938,0.2613794803619385,-548.53076171875,69.26351928710938,-548.0132209658623,69.2272855900228,7.530933029868271,48.97377593442798
336,/yh/study/new_data/model_dataset_flight/vi/vi_000336.jpg,-550.3771362304688,77.8604965209961,-548.53076171875,69.26351928710938,8.793015205121119,-550.3771362304688,77.8604965209961,0.0,-547.7637939453125,75.46756744384766,3.5433977292491683,0.22992099821567535,-548.0789057221999,72.91860944812528,5.450147824614049,0.4691764712333679,-0.0002191769890487194,-7.704015397893856,-3.699200145514464,0.46483302116394043,-0.06288105994462967,-548.7191162109375,72.22138214111328,0.24407504498958588,-548.7191162109375,72.22138214111328,-548.2542831897736,72.15850108116865,5.877809232577008,48.91647899057716
337,/yh/study/new_data/model_dataset_flight/vi/vi_000337.jpg,-549.70703125,79.35966491699219,-548.7191162109375,72.22138214111328,7.20632063627586,-549.70703125,79.35966491699219,0.0,-543.0382080078125,75.01412200927734,7.9597076955332335,0.2274811863899231,-545.3722318615108,73.86671366603328,6.997356585444038,0.42318660020828247,-5.199480801820755e-05,-11.377180996726347,-3.673166025719314,0.41484543681144714,-0.08347558975219727,-545.5404052734375,72.82112121582031,0.24422287940979004,-545.5404052734375,72.82112121582031,-545.125559836626,72.73764562606812,7.753278387927252,39.35262397862971
338,/yh/study/new_data/model_dataset_flight/vi/vi_000338.jpg,-549.3936157226562,79.93855285644531,-545.5404052734375,72.82112121582031,8.093519872400291,-549.3936157226562,79.93855285644531,0.0,-543.0202026367188,75.17465209960938,7.957081423799896,0.22712355852127075,-544.0556379685235,74.20769452403059,7.831777814125212,0.3809888958930969,-6.208266131579876e-05,-15.017482286593676,-3.640300862980505,0.36794692277908325,-0.09871141612529755,-544.5418090820312,73.189208984375,0.2424050271511078,-544.5418090820312,73.189208984375,-544.1738621592522,73.0904975682497,8.312260245051638,39.84134900383651
339,/yh/study/new_data/model_dataset_flight/vi/vi_000339.jpg,-549.0498657226562,80.57357788085938,-544.5418090820312,73.189208984375,8.651674905730625,-549.0498657226562,80.57357788085938,0.0,-542.9337158203125,75.35315704345703,8.041149379754367,0.22783565521240234,-543.594407367794,74.46409032956728,8.190718161494091,0.34244441986083984,-0.000346548855304718,-18.60880941256472,-3.5913275528578676,0.32437700033187866,-0.10922044515609741,-544.0327758789062,73.49613952636719,0.2429681420326233,-544.0327758789062,73.49613952636719,-543.7083988785744,73.38691908121109,8.675328475734881,50.10569002479315
340,/yh/study/new_data/model_dataset_flight/vi/vi_000340.jpg,-548.73681640625,81.15190887451172,-544.0327758789062,73.49613952636719,8.985477260272924,-548.73681640625,81.15190887451172,0.0,-542.9185180664062,75.43185424804688,8.15914336809756,0.2276790589094162,-543.3763153446855,74.63655811355378,8.437106563825616,0.3071739971637726,-5.0715869292616844e-05,-22.19833336859488,-3.589523102256515,0.28438326716423035,-0.11604500561952591,-543.861083984375,73.67491149902344,0.24345900118350983,-543.861083984375,73.67491149902344,-543.5767007172108,73.55886649340391,8.926267775659753,48.62063506152481
341,/yh/study/new_data/model_dataset_flight/vi/vi_000341.jpg,-548.593017578125,81.02957916259766,-543.861083984375,73.67491149902344,8.745417770311722,-548.593017578125,81.02957916259766,0.0,-542.9384155273438,75.3971176147461,7.981174565233236,0.2276163101196289,-543.3174975527462,74.68954234484987,8.247859018470804,0.27501797676086426,0.00011025182902812958,-25.787660956686405,-3.5893275880915234,0.24767926335334778,-0.11966703832149506,-543.8491821289062,73.70994567871094,0.24278675019741058,-543.8491821289062,73.70994567871094,-543.6015028655529,73.59027864038944,8.72244284060951,48.16490295343101
342,/yh/study/new_data/model_dataset_flight/vi/vi_000342.jpg,-548.4620361328125,80.91809844970703,-543.8491821289062,73.70994567871094,8.557796937960878,-548.4620361328125,80.91809844970703,0.0,-542.9328002929688,75.42532348632812,7.793781224215546,0.2279617190361023,-543.309299434954,74.72055365412403,8.059792613381275,0.24593284726142883,-0.0005314659792929888,-29.334497937951276,-3.5468361274912277,0.2141663134098053,-0.12035414576530457,-543.838623046875,73.74969482421875,0.24367272853851318,-543.838623046875,73.74969482421875,-543.6244567334652,73.62934067845345,8.530062080731398,46.739261015318334
343,/yh/study/new_data/model_dataset_flight/vi/vi_000343.jpg,-548.318115234375,80.79568481445312,-543.838623046875,73.74969482421875,8.34936076597224,-548.318115234375,80.79568481445312,0.0,-543.0254516601562,75.0579833984375,7.805991624976913,0.22766932845115662,-543.3595463763326,74.52046780576029,7.997859315225303,0.2198030650615692,0.0005601965822279453,-32.86308636130117,-3.5285894905669504,0.18486317992210388,-0.1194244772195816,-543.9974365234375,73.39712524414062,0.24258571863174438,-543.9974365234375,73.39712524414062,-543.8125733435154,73.27770076692104,8.567785492098364,40.93176603782922
344,/yh/study/new_data/model_dataset_flight/vi/vi_000344.jpg,-547.6167602539062,80.42304992675781,-543.9974365234375,73.39712524414062,7.903361431172414,-547.6167602539062,80.42304992675781,0.0,-543.0596923828125,74.85430145263672,7.195681145644305,0.22798331081867218,-543.4449683131083,74.2556147800021,7.445878342193345,0.1963551640510559,0.000840987078845501,-36.302441778239434,-3.4393564841553186,0.15858210623264313,-0.11650054156780243,-544.1174926757812,73.11711120605469,0.2410120964050293,-544.1174926757812,73.11711120605469,-543.9589105695486,73.00061066448689,8.100716892595742,38.199665024876595
345,/yh/study/new_data/model_dataset_flight/vi/vi_000345.jpg,-546.9212646484375,80.05350494384766,-544.1174926757812,73.11711120605469,7.481623845151949,-546.9212646484375,80.05350494384766,0.0,-543.1484375,74.74485778808594,6.512753589409323,0.22814437747001648,-543.5465776943054,74.07609159535869,6.864253956336673,0.1751578450202942,0.000616919482126832,-39.712324928909084,-3.409882510339421,0.13497957587242126,-0.11211126297712326,-544.3070678710938,72.91166687011719,0.24269911646842957,-544.3070678710938,72.91166687011719,-544.1720882952213,72.79955560714006,7.605253175408468,38.38319901842624
346,/yh/study/new_data/model_dataset_flight/vi/vi_000346.jpg,-546.2858276367188,79.71588897705078,-544.3070678710938,72.91166687011719,7.086108148380191,-546.2858276367188,79.71588897705078,0.0,-543.0391235351562,75.15129089355469,5.601485801727875,0.22889477014541626,-543.5600635361955,74.23113240707475,6.124732203418919,0.15597914159297943,0.0003798315301537514,-43.10715092755345,-3.394827706191655,0.11401543766260147,-0.1067204549908638,-544.094482421875,73.2459487915039,0.24023523926734924,-544.094482421875,73.2459487915039,-543.9804669842124,73.13922833651304,6.830967710008073,38.28680200967938
347,/yh/study/new_data/model_dataset_flight/vi/vi_000347.jpg,-544.3756103515625,79.34844207763672,-544.094482421875,73.2459487915039,6.108965315022376,-544.3756103515625,79.34844207763672,0.0,-537.9913330078125,75.65904998779297,7.373643006989231,0.22699397802352905,-540.4988363516037,74.66761771109671,6.077786883163248,0.13886037468910217,0.00012742821127176285,-46.50909739840755,-3.4019443364199855,0.095613032579422,-0.10078716278076172,-540.2222900390625,73.64445495605469,0.23787260055541992,-540.2222900390625,73.64445495605469,-540.1266770064831,73.54366779327393,7.055886811832994,36.64858499541879
348,/yh/study/new_data/model_dataset_flight/vi/vi_000348.jpg,-542.4663696289062,78.9811782836914,-540.2222900390625,73.64445495605469,5.789344443138206,-542.4663696289062,78.9811782836914,0.0,-544.75146484375,69.36251068115234,9.886375806585361,0.2255716323852539,-542.8906352626815,71.12176461036236,7.870856663446124,0.12348538637161255,0.0004109716974198818,-49.9368619843243,-3.427759676718283,0.07961133122444153,-0.0946650356054306,-543.0511474609375,69.6728286743164,0.2591606080532074,-543.0511474609375,69.6728286743164,-542.9715361297131,69.57816363871098,9.326700250527347,36.27250506542623
349,/yh/study/new_data/model_dataset_flight/vi/vi_000349.jpg,-540.370361328125,78.89698028564453,-543.0511474609375,69.6728286743164,9.605810077169288,-540.370361328125,78.89698028564453,0.0,-539.4815673828125,69.36181640625,9.576497526973748,0.2346472442150116,-540.9481436329704,69.4895970403501,9.425109650059184,0.1097080335021019,0.0011478816159069538,-53.36161787191166,-3.424752685936185,0.06581214815378189,-0.08849223703145981,-541.7003784179688,68.47856903076172,0.2752271890640259,-541.7003784179688,68.47856903076172,-541.634566269815,68.39007679373026,10.502963321612873,36.721980082802474
350,/yh/study/new_data/model_dataset_flight/vi/vi_000350.jpg,-538.4627075195312,78.82035827636719,-541.7003784179688,68.47856903076172,10.836748481307021,-538.4627075195312,78.82035827636719,0.0,-539.3812866210938,69.34573364257812,9.519049296911424,0.23468536138534546,-540.334094760089,68.98945559394689,10.007434124456728,0.0974021777510643,0.0008690054528415203,-56.779584551464026,-3.4179630510143695,0.05360093340277672,-0.08184715360403061,-540.082763671875,68.14409637451172,0.26605552434921265,-540.082763671875,68.14409637451172,-540.0291627384722,68.06224922090769,10.79847906576465,38.71350304689258
351,/yh/study/new_data/model_dataset_flight/vi/vi_000351.jpg,-536.3695068359375,78.73627471923828,-540.082763671875,68.14409637451172,11.224193441674592,-536.3695068359375,78.73627471923828,0.0,-539.455810546875,69.33821105957031,9.891858831752415,0.2345816195011139,-539.7133967455212,68.84760426584583,10.438745282035221,0.08644945919513702,0.0013748796191066504,-60.19567292899464,-3.4160824011150885,0.04331048205494881,-0.07561112195253372,-539.6805419921875,68.06941986083984,0.26797664165496826,-539.6805419921875,68.06941986083984,-539.6372315101326,67.99380873888731,11.168918764860894,37.063849973492324
352,/yh/study/new_data/model_dataset_flight/vi/vi_000352.jpg,-533.578125,78.49898529052734,-539.6805419921875,68.06941986083984,12.083680242321515,-533.578125,78.49898529052734,0.0,-535.5757446289062,69.42816162109375,9.288182073137255,0.23994892835617065,-537.2622170410509,68.86991713516733,10.309776317045053,0.0766977071762085,0.0013903765939176083,-63.600802268001964,-3.405128698677092,0.03441063314676285,-0.06932221353054047,-537.9039306640625,68.31144714355469,0.27516990900039673,-537.9039306640625,68.31144714355469,-537.8695200309157,68.24212493002415,11.067905318498992,37.544654100202024
353,/yh/study/new_data/model_dataset_flight/vi/vi_000353.jpg,-531.0382080078125,78.28306579589844,-537.9039306640625,68.31144714355469,12.106664534061986,-531.0382080078125,78.28306579589844,0.0,-532.108642578125,69.4796371459961,8.868268498598896,0.23530146479606628,-534.4896598640919,68.99968161179994,9.904228482107252,0.06802181154489517,0.001904743374325335,-67.0051324748764,-3.4043282858837314,0.02694467455148697,-0.06349348276853561,-534.8330078125,68.7976303100586,0.2721347212791443,-534.8330078125,68.7976303100586,-534.8060631379485,68.73413682729006,10.216359034102416,37.909801001660526
354,/yh/study/new_data/model_dataset_flight/vi/vi_000354.jpg,-528.2506103515625,78.04609680175781,-534.8330078125,68.7976303100586,11.351743865232324,-528.2506103515625,78.04609680175781,0.0,-532.1251220703125,69.47848510742188,9.402968212413194,0.23496320843696594,-533.2376677565601,69.1987531911278,10.156093270805307,0.060314856469631195,0.0021973070688545704,-70.40964709685842,-3.4045169698595528,0.02059151791036129,-0.05785852670669556,-533.9475708007812,69.06088256835938,0.27439263463020325,-533.9475708007812,69.06088256835938,-533.9269792828709,69.00302404165268,10.63905226888319,37.71290392614901
355,/yh/study/new_data/model_dataset_flight/vi/vi_000355.jpg,-525.3048095703125,77.60379791259766,-533.9475708007812,69.06088256835938,12.15231353552547,-525.3048095703125,77.60379791259766,0.0,-527.1148071289062,69.57803344726562,8.227331670420348,0.2254994958639145,-529.9220754083104,69.36555994053579,9.443924433362689,0.053481005132198334,0.002093830145895481,-73.79534454767706,-3.3856940357240557,0.015217060223221779,-0.05236158147454262,-530.6282958984375,69.38313293457031,0.26982811093330383,-530.6282958984375,69.38313293457031,-530.6130788382143,69.33077135309577,9.793816384162973,36.9481819216162
356,/yh/study/new_data/model_dataset_flight/vi/vi_000356.jpg,-522.0663452148438,77.1175537109375,-530.6282958984375,69.38313293457031,11.53812221525634,-522.0663452148438,77.1175537109375,0.0,-527.112548828125,69.58049011230469,9.070363752161683,0.22546060383319855,-528.5570075717402,69.49940512658405,10.008240888613695,0.04737823083996773,0.0026313660200685263,-77.18956607457989,-3.394219819355524,0.010796710848808289,-0.04748187214136124,-529.7156372070312,69.46723175048828,0.2690199613571167,-529.7156372070312,69.46723175048828,-529.7048404961824,69.41974987834692,10.818460799960196,37.496256991289556
357,/yh/study/new_data/model_dataset_flight/vi/vi_000357.jpg,-518.834716796875,76.63233947753906,-529.7156372070312,69.46723175048828,13.028169392220754,-518.834716796875,76.63233947753906,0.0,-521.5072631835938,69.508544921875,7.608610455298154,0.2300998419523239,-524.8797064771225,69.49157124019581,9.355878967459363,0.04199400171637535,0.003042656695470214,-80.58881462071183,-3.399245557924184,0.007115563843399286,-0.042929623275995255,-525.7214965820312,69.2037582397461,0.2467871606349945,-525.7214965820312,69.2037582397461,-525.7143810181879,69.1608286164701,10.129736177005128,37.236234988085926
358,/yh/study/new_data/model_dataset_flight/vi/vi_000358.jpg,-515.6478271484375,76.06416320800781,-525.7214965820312,69.2037582397461,12.187861674053865,-515.6478271484375,76.06416320800781,0.0,-515.9075317382812,64.82096862792969,11.246193615596525,0.23273859918117523,-519.9396384412322,66.6216552671001,10.37210684417903,0.03720966726541519,0.0032237647101283073,-83.96938259946378,-3.3805664846480803,0.004078587517142296,-0.038606707006692886,-519.70947265625,65.64378356933594,0.2530815601348877,-519.70947265625,65.64378356933594,-519.7053940687329,65.60517686232924,11.183974072089978,35.97706404980272
359,/yh/study/new_data/model_dataset_flight/vi/vi_000359.jpg,-512.4663696289062,75.4969482421875,-519.70947265625,65.64378356933594,12.228957254608678,-512.4663696289062,75.4969482421875,0.0,-515.8944702148438,64.77141571044922,11.260058690641058,0.2329903393983841,-517.4618792244211,65.12983153394752,11.507920097096134,0.03296651691198349,0.0036797989159822464,-87.37695714619397,-3.4075728391828988,0.0015929066576063633,-0.034769948571920395,-517.7377319335938,64.48575592041016,0.26874202489852905,-517.7377319335938,64.48575592041016,-517.7361390269361,64.45098597183824,12.20793253972386,37.59484994225204
360,/yh/study/new_data/model_dataset_flight/vi/vi_000360.jpg,-508.9694519042969,74.87348937988281,-517.7377319335938,64.48575592041016,13.593665476876138,-508.9694519042969,74.87348937988281,0.0,-511.36614990234375,64.64887237548828,10.50175957544238,0.22696690261363983,-513.9839398603917,64.58185532760258,11.448267158302794,0.02920478582382202,0.0035775084979832172,-90.77383561668393,-3.396876336055836,-0.0004185853758826852,-0.030990714207291603,-514.4647827148438,64.07999420166016,0.2747497856616974,-514.4647827148438,64.07999420166016,-514.4652013002196,64.04900348745286,12.1119031898237,39.105458999983966
361,/yh/study/new_data/model_dataset_flight/vi/vi_000361.jpg,-505.7897033691406,74.33113861083984,-514.4647827148438,64.07999420166016,13.429183271967842,-505.7897033691406,74.33113861083984,0.0,-507.114990234375,64.6037826538086,9.81722156162089,0.2331569343805313,-510.1346818674329,64.38858207356797,10.850496239687372,0.025868918746709824,0.003886664751917124,-94.19457876813391,-3.420740590129037,-0.0020342946518212557,-0.027737755328416824,-510.8947448730469,63.90923309326172,0.25402840971946716,-510.8947448730469,63.90923309326172,-510.8967791676987,63.8814953379333,11.60506628046263,36.105551989749074
362,/yh/study/new_data/model_dataset_flight/vi/vi_000362.jpg,-502.6083068847656,73.78850555419922,-510.8947448730469,63.90923309326172,12.894381679284535,-502.6083068847656,73.78850555419922,0.0,-502.62298583984375,64.5459213256836,9.24259588497344,0.2253127098083496,-506.0214711181168,64.28433541922162,10.098462261078549,0.022914106026291847,0.004253490827977657,-97.62159886343113,-3.4270220162879217,-0.00332116917707026,-0.02481963112950325,-506.0401306152344,63.553226470947266,0.24599717557430267,-506.0401306152344,63.553226470947266,-506.04345178441145,63.52840683981776,10.795293049707515,38.65438490174711
363,/yh/study/new_data/model_dataset_flight/vi/vi_000363.jpg,-499.1144104003906,73.19256591796875,-506.0401306152344,63.553226470947266,11.869391958697792,-499.1144104003906,73.19256591796875,0.0,-502.63018798828125,64.57929229736328,9.303180881340106,0.22499743103981018,-504.03117655322114,64.15772904925406,10.286052043709779,0.02030123397707939,0.004540159832686186,-101.06416446927929,-3.4425628310838166,-0.004331619944423437,-0.022151779383420944,-504.4041442871094,63.38003921508789,0.2584798336029053,-504.4041442871094,63.38003921508789,-504.4084759070538,63.35788743570447,11.147509358015833,37.02110308222473
364,/yh/study/new_data/model_dataset_flight/vi/vi_000364.jpg,-495.6409606933594,72.65957641601562,-504.4041442871094,63.38003921508789,12.763353687850655,-495.6409606933594,72.65957641601562,0.0,-497.4601135253906,64.50840759277344,8.351698642269293,0.22749195992946625,-500.31309633362383,64.04481293235837,9.800153127394688,0.017987815663218498,0.004599037580192089,-104.52860034084983,-3.46443480435349,-0.005089346319437027,-0.01963859796524048,-500.80267333984375,63.075035095214844,0.2695913314819336,-500.80267333984375,63.075035095214844,-500.8077626861632,63.0553964972496,10.886078714349548,38.6809220071882
365,/yh/study/new_data/model_dataset_flight/vi/vi_000365.jpg,-492.4820556640625,72.17485809326172,-500.80267333984375,63.075035095214844,12.33042809890663,-492.4820556640625,72.17485809326172,0.0,-492.18951416015625,64.54959106445312,7.630876607057879,0.23070552945137024,-495.72826505390117,63.94376384761441,8.848095155648187,0.015931786969304085,0.004860876128077507,-107.9935553067973,-3.46495517939088,-0.005672275088727474,-0.017464151605963707,-496.55023193359375,63.32129669189453,0.24703267216682434,-496.55023193359375,63.32129669189453,-496.5559042086825,63.30383254028857,9.74349052689826,40.07937398273498
366,/yh/study/new_data/model_dataset_flight/vi/vi_000366.jpg,-489.3206481933594,71.68975067138672,-496.55023193359375,63.32129669189453,11.058838233012539,-489.3206481933594,71.68975067138672,0.0,-492.2044677734375,64.5440673828125,7.705660583691111,0.22984832525253296,-493.98994235772534,64.04168715448284,8.960757978652149,0.014109768904745579,0.005079934373497963,-111.48316725564852,-3.4896096009736874,-0.006097597535699606,-0.015492998994886875,-495.097412109375,63.545982360839844,0.24793493747711182,-495.097412109375,63.545982360839844,-495.1035097069107,63.53048936184496,9.984586302759253,37.56533993873745
367,/yh/study/new_data/model_dataset_flight/vi/vi_000367.jpg,-484.2118225097656,70.93910217285156,-495.097412109375,63.545982360839844,13.158810033049493,-484.2118225097656,70.93910217285156,0.0,-487.4078063964844,59.3614501953125,12.010676014162568,0.21991829574108124,-490.5671116550254,61.08068196982633,11.729371211589868,0.012497618794441223,0.005360185168683529,-114.98910335661607,-3.5059305514388446,-0.00641176151111722,-0.013756898231804371,-490.6604919433594,59.90202331542969,0.24489882588386536,-490.6604919433594,59.90202331542969,-490.6669037048705,59.88826641719788,12.782896665807609,39.39467796590179
368,/yh/study/new_data/model_dataset_flight/vi/vi_000368.jpg,-479.54730224609375,70.25373077392578,-490.6604919433594,59.90202331542969,15.187522265125885,-479.54730224609375,70.25373077392578,0.0,-482.8023376464844,59.31044006347656,11.417130420171276,0.2323656678199768,-486.0308917647958,59.55349440833422,12.51127456842632,0.011071682907640934,0.005654658190906048,-118.5109401379714,-3.5218393426762735,-0.006634367164224386,-0.012213422916829586,-486.02362060546875,58.54352569580078,0.25964686274528503,-486.02362060546875,58.54352569580078,-486.030254972633,58.53131227288395,13.381763802418657,39.24130997620523
369,/yh/study/new_data/model_dataset_flight/vi/vi_000369.jpg,-476.3033142089844,69.75653076171875,-486.02362060546875,58.54352569580078,14.839671123371875,-476.3033142089844,69.75653076171875,0.0,-479.6849670410156,59.393714904785156,10.900620549358615,0.23506592214107513,-482.28922820679634,59.04441126829357,12.271131587209913,0.009808558039367199,0.00561918132007122,-122.05975616654828,-3.548810265604773,-0.006697756703943014,-0.010693817399442196,-482.45440673828125,58.08187484741211,0.2633894681930542,-482.45440673828125,58.08187484741211,-482.4611044949852,58.07118103001267,13.195966429990145,38.64535305183381
370,/yh/study/new_data/model_dataset_flight/vi/vi_000370.jpg,-473.05865478515625,69.25923156738281,-482.45440673828125,58.08187484741211,14.60183063900299,-473.05865478515625,69.25923156738281,0.0,-476.22216796875,59.48908233642578,10.26954875629605,0.2292207032442093,-478.7827081904751,58.910925512019766,11.82591330944066,0.008685671724379063,0.005928839556872845,-125.61149551608993,-3.551742124306001,-0.006783686112612486,-0.009471336379647255,-479.05645751953125,57.94595718383789,0.2660023272037506,-479.05645751953125,57.94595718383789,-479.06324120564386,57.93648584745824,12.80483560682643,39.017769042402506
371,/yh/study/new_data/model_dataset_flight/vi/vi_000371.jpg,-469.8147888183594,68.76204681396484,-479.05645751953125,57.94595718383789,14.226603082575954,-469.8147888183594,68.76204681396484,0.0,-476.21673583984375,59.46849060058594,11.28517225199183,0.22917835414409637,-477.38344684823653,58.84295165757187,12.476899979353949,0.007692626677453518,0.00610764417797327,-129.19442150938187,-3.582923005084167,-0.006791260559111834,-0.00832856260240078,-478.158935546875,57.8848762512207,0.2683406174182892,-478.158935546875,57.8848762512207,-478.1657268074341,57.8765476886183,13.70903439626678,39.00857700500637
372,/yh/study/new_data/model_dataset_flight/vi/vi_000372.jpg,-466.52325439453125,68.29454803466797,-478.158935546875,57.8848762512207,15.612505965350525,-466.52325439453125,68.29454803466797,0.0,-470.9559631347656,59.511322021484375,9.838392448688717,0.22080153226852417,-473.9153331555919,58.8430902724739,11.99887004014388,0.006811026483774185,0.006076437421143055,-132.79100788101383,-3.596584664084662,-0.0066908495500683784,-0.007227735128253698,-474.87615966796875,58.07130813598633,0.26177942752838135,-474.87615966796875,58.07130813598633,-474.8828505175188,58.064080400858074,13.201729452348893,39.55048101488501
373,/yh/study/new_data/model_dataset_flight/vi/vi_000373.jpg,-463.23193359375,67.82707977294922,-474.87615966796875,58.07130813598633,15.190888094515257,-463.23193359375,67.82707977294922,0.0,-464.7584533691406,59.48403549194336,8.481547647657425,0.22108343243598938,-468.9153534635988,58.90361080812924,10.579676733393027,0.00603123614564538,0.006290976423770189,-136.40864489566775,-3.6176434179562804,-0.0066464804112911224,-0.006327446084469557,-469.8032531738281,58.58158874511719,0.23916462063789368,-469.8032531738281,58.58158874511719,-469.8098996542394,58.57526129903272,11.342898455387878,36.93833702709526
374,/yh/study/new_data/model_dataset_flight/vi/vi_000374.jpg,-459.9393310546875,67.35942077636719,-469.8032531738281,58.58158874511719,13.204063569269506,-459.9393310546875,67.35942077636719,0.0,-467.58868408203125,66.44097900390625,7.704293415124724,0.2252207100391388,-468.4985486496498,63.21191708569973,9.511150966208701,0.005341592710465193,0.0064124614000320435,-140.0338907410571,-3.6252513949180285,-0.006551261991262436,-0.005490561481565237,-469.13409423828125,62.83332061767578,0.24883489310741425,-469.13409423828125,62.83332061767578,-469.1406455002725,62.827830056194216,10.248378049666076,37.935519008897245
375,/yh/study/new_data/model_dataset_flight/vi/vi_000375.jpg,-456.3824157714844,66.82246398925781,-469.13409423828125,62.83332061767578,13.361084108694472,-456.3824157714844,66.82246398925781,0.0,-467.63409423828125,66.45196533203125,11.257776759875245,0.22577443718910217,-468.2503752369113,64.96523067986436,12.012400985587213,0.004728807136416435,0.006315719336271286,-143.68812390928395,-3.6542284724718077,-0.0063551198691129684,-0.004670328460633755,-468.946533203125,63.99147415161133,0.2537318170070648,-468.946533203125,63.99147415161133,-468.9528883229941,63.986803823150694,12.879112946818717,38.64564199466258
376,/yh/study/new_data/model_dataset_flight/vi/vi_000376.jpg,-453.1473388671875,66.33409118652344,-468.946533203125,63.99147415161133,15.971925251421007,-453.1473388671875,66.33409118652344,0.0,-462.1975402832031,61.24314498901367,10.383827755523988,0.227891743183136,-464.97039101416084,62.37230701627351,12.469173825145504,0.004185734316706657,0.006423441227525473,-147.3630798714526,-3.674958096602796,-0.006229434162378311,-0.003989547956734896,-464.7975769042969,62.16608810424805,0.24708396196365356,-464.7975769042969,62.16608810424805,-464.80380633845925,62.16209855629131,12.373370438775655,38.510486017912626
377,/yh/study/new_data/model_dataset_flight/vi/vi_000377.jpg,-449.9106750488281,65.8454818725586,-464.7975769042969,62.16608810424805,15.334855244071964,-449.9106750488281,65.8454818725586,0.0,-457.7298889160156,60.30657958984375,9.582251509863484,0.2385474592447281,-460.633676790298,61.07056609932252,11.73808276461982,0.0037054368294775486,0.006588723510503769,-151.0659576469483,-3.702879056156162,-0.006126064341515303,-0.0033865198493003845,-461.0782470703125,59.92558288574219,0.28139394521713257,-461.0782470703125,59.92558288574219,-461.084373134654,59.92219636589289,12.639615060165026,38.002551067620516
378,/yh/study/new_data/model_dataset_flight/vi/vi_000378.jpg,-446.7342834472656,65.36060333251953,-461.0782470703125,59.92558288574219,15.339124475542267,-446.7342834472656,65.36060333251953,0.0,-457.6948547363281,60.31087112426758,12.067887899615174,0.23992352187633514,-459.0849350072249,60.15257391066835,13.403811562924616,0.003278731368482113,0.0066109104081988335,-154.77347995107962,-3.707524438565417,-0.005956252105534077,-0.002806167583912611,-458.97283935546875,59.199073791503906,0.2796500027179718,-458.97283935546875,59.199073791503906,-458.9787956075743,59.196267623919994,13.70206907744308,39.23351794946939
379,/yh/study/new_data/model_dataset_flight/vi/vi_000379.jpg,-443.5564880371094,64.8755111694336,-458.97283935546875,59.199073791503906,16.428202253339776,-443.5564880371094,64.8755111694336,0.0,-453.85882568359375,60.39787292480469,11.233316751161816,0.23282945156097412,-455.95993865206765,59.90534150678639,13.362191947177207,0.002901999978348613,0.006712396163493395,-158.5060417287082,-3.73255793564716,-0.005822979379445314,-0.002293023280799389,-457.1754150390625,58.920616149902344,0.2873989939689636,-457.1754150390625,58.920616149902344,-457.18123801844195,58.918323126621544,14.863914268393975,40.006791008636355
380,/yh/study/new_data/model_dataset_flight/vi/vi_000380.jpg,-440.06585693359375,64.34266662597656,-457.1754150390625,58.920616149902344,17.94813667012562,-440.06585693359375,64.34266662597656,0.0,-449.10284423828125,61.42379379272461,9.496681428887637,0.22543469071388245,-452.4194922346927,60.39535324774667,12.968947068228443,0.0025681417901068926,0.006563393399119377,-162.25569263964013,-3.7496521915924093,-0.005571538582444191,-0.0017828532727435231,-453.88446044921875,59.38787078857422,0.27278614044189453,-453.88446044921875,59.38787078857422,-453.8900319878012,59.386087935301475,14.680047851161222,38.16966596059501
381,/yh/study/new_data/model_dataset_flight/vi/vi_000381.jpg,-436.91912841796875,63.836238861083984,-453.88446044921875,59.38787078857422,17.538827481878073,-436.91912841796875,63.836238861083984,0.0,-449.1686706542969,61.35914611816406,12.497490686398338,0.22597703337669373,-451.1061717503928,60.54923976570113,14.562848676310713,0.0022709842305630445,0.006556191015988588,-166.02362113679104,-3.767924655169486,-0.005384801421314478,-0.001340224058367312,-453.0225524902344,59.578155517578125,0.2751723527908325,-453.0225524902344,59.578155517578125,-453.0279372916557,59.57681529351976,16.65687667636001,38.422830984927714
382,/yh/study/new_data/model_dataset_flight/vi/vi_000382.jpg,-433.7699279785156,63.32941818237305,-453.0225524902344,59.578155517578125,19.614676193338443,-433.7699279785156,63.32941818237305,0.0,-444.2714538574219,60.94704055786133,10.768368907643895,0.22995558381080627,-447.866877727115,60.38462866477102,14.401242221333389,0.002008285140618682,0.0066282497718930244,-169.81992223975416,-3.796299822302658,-0.0052386196330189705,-0.0009406960452906787,-449.3973693847656,59.71377182006836,0.2627562880516052,-449.3973693847656,59.71377182006836,-449.40260800439864,59.71283112402307,16.04025634218556,39.493201998993754
383,/yh/study/new_data/model_dataset_flight/vi/vi_000383.jpg,-430.31292724609375,62.7730598449707,-449.3973693847656,59.71377182006836,19.32809289515201,-430.31292724609375,62.7730598449707,0.0,-438.8779602050781,60.27162551879883,8.922833814245314,0.22452981770038605,-443.19990153458207,60.04242909577011,13.173095710600405,0.0017755384324118495,0.006669342517852783,-173.63089458905446,-3.810966799771614,-0.005078669171780348,-0.000566891219932586,-444.3764343261719,59.363040924072266,0.2541922330856323,-444.3764343261719,59.363040924072266,-444.38151299534366,59.36247403285233,14.471021402523489,44.51564105693251
384,/yh/study/new_data/model_dataset_flight/vi/vi_000384.jpg,-427.0655517578125,62.26048278808594,-444.3764343261719,59.363040924072266,17.551690079615337,-427.0655517578125,62.26048278808594,0.0,-434.28192138671875,60.18295669555664,7.509467709907312,0.2366635799407959,-438.4292923967255,59.84609102192803,11.617395960755303,0.001568857580423355,0.006424739491194487,-177.45589614691,-3.8249998503082283,-0.004776515066623688,-0.0002122310543200001,-439.0309753417969,59.016624450683594,0.2588574290275574,-439.0309753417969,59.016624450683594,-439.0357518568635,59.016412219629274,12.397337555189186,37.86110400687903
385,/yh/study/new_data/model_dataset_flight/vi/vi_000385.jpg,-423.8179626464844,61.74787139892578,-439.0309753417969,59.016624450683594,15.45624356562815,-423.8179626464844,61.74787139892578,0.0,-434.2689208984375,60.27644729614258,10.554033223100943,0.23549917340278625,-436.2254300103603,59.758844041944975,12.56588541299276,0.0013861049665138125,0.006530423182994127,178.69467389629685,-3.849441682253119,-0.004650109447538853,0.00010595823550829664,-436.1697998046875,58.971168518066406,0.2649632692337036,-436.1697998046875,58.971168518066406,-436.17444991413504,58.971274476301915,12.660093209425442,38.540667039342225
386,/yh/study/new_data/model_dataset_flight/vi/vi_000386.jpg,-420.5804443359375,61.23685073852539,-436.1697998046875,58.971168518066406,15.753136825888026,-420.5804443359375,61.23685073852539,0.0,-430.1061096191406,56.17669677734375,10.78626242952041,0.2341669499874115,-432.5974009810953,57.32481666735442,12.63769194060389,0.0012247859267517924,0.006442888639867306,174.82936056195993,-3.8653090654687046,-0.004428137559443712,0.0004007042443845421,-433.72607421875,57.165428161621094,0.27336737513542175,-433.72607421875,57.165428161621094,-433.73050235630944,57.16582886586548,13.761688370822055,38.23291801381856
387,/yh/study/new_data/model_dataset_flight/vi/vi_000387.jpg,-415.9250793457031,60.673606872558594,-433.72607421875,57.165428161621094,18.143393738165862,-415.9250793457031,60.673606872558594,0.0,-425.186767578125,56.12652587890625,10.317694242291552,0.23317523300647736,-428.6951758608534,56.553363036419945,13.418337239594615,0.0010823564371094108,0.00654558464884758,170.93414465943667,-3.895216756296898,-0.00430074380710721,0.0006862391019240022,-429.9083251953125,55.299888610839844,0.2695818543434143,-429.9083251953125,55.299888610839844,-429.9126259391196,55.30057484994177,14.980254084859421,39.757393999025226
388,/yh/study/new_data/model_dataset_flight/vi/vi_000388.jpg,-410.8275451660156,60.05686569213867,-429.9083251953125,55.299888610839844,19.664816233019234,-410.8275451660156,60.05686569213867,0.0,-420.3692626953125,56.788818359375,10.085856769658937,0.2296275794506073,-424.2884246709755,56.17708561783018,14.008853288975843,0.0009566966909915209,0.006093771196901798,167.05152362574293,-3.8826214605805713,-0.0039017791859805584,0.0008971017668955028,-425.5139465332031,54.93453598022461,0.2584346830844879,-425.5139465332031,54.93453598022461,-425.5178483123891,54.935433081991505,15.554055638182746,39.97788205742836
389,/yh/study/new_data/model_dataset_flight/vi/vi_000389.jpg,-407.634765625,59.57559585571289,-425.5139465332031,54.93453598022461,18.471722895174732,-407.634765625,59.57559585571289,0.0,-415.939697265625,56.40753936767578,8.888670961783223,0.23865145444869995,-419.87331586546236,55.802350035273214,12.80700964354235,0.6327523589134216,0.005783260799944401,163.12893232502626,-3.9225921544903093,-0.6082860827445984,0.18447597324848175,-420.63934326171875,54.81087875366211,0.2657129466533661,-420.63934326171875,54.81087875366211,-421.24762934446335,54.99535472691059,13.84996637440036,38.65790390409529
390,/yh/study/new_data/model_dataset_flight/vi/vi_000390.jpg,-404.4422302246094,59.094364166259766,-420.63934326171875,54.81087875366211,16.75394634158876,-404.4422302246094,59.094364166259766,0.0,-415.93292236328125,56.39849090576172,11.802700473298643,0.23870888352394104,-417.8665742107895,55.746214104072955,13.835574447713123,0.5759401917457581,0.005605500191450119,159.20897747732923,-3.9199488712815143,-0.5410559773445129,0.20543086528778076,-419.0845947265625,54.8279914855957,0.28301602602005005,-419.0845947265625,54.8279914855957,-419.625650703907,55.033422350883484,15.251254835533162,39.19799404684454
391,/yh/study/new_data/model_dataset_flight/vi/vi_000391.jpg,-400.931640625,58.565185546875,-419.0845947265625,54.8279914855957,18.53365484908727,-400.931640625,58.565185546875,0.0,-411.37420654296875,55.82329559326172,10.796533863645683,0.22491136193275452,-414.54205036270906,55.41437092031972,13.970357405565556,0.5227089524269104,0.005900577642023563,155.25896979728412,-3.9500226210839036,-0.4774083197116852,0.21999762952327728,-416.05462646484375,54.55723571777344,0.28491199016571045,-416.05462646484375,54.55723571777344,-416.53203478455544,54.777233347296715,15.64507470562892,38.53728505782783
392,/yh/study/new_data/model_dataset_flight/vi/vi_000392.jpg,-397.45977783203125,57.918495178222656,-416.05462646484375,54.55723571777344,18.896202286112104,-397.45977783203125,57.918495178222656,0.0,-406.1197204589844,56.023841857910156,8.864779608444362,0.22042228281497955,-410.20151632204215,55.42128086014988,12.984143371752062,0.4730481505393982,0.005278715863823891,151.3295346470191,-3.9294372846991314,-0.417365163564682,0.22822122275829315,-412.30126953125,54.15132522583008,0.2604060769081116,-412.30126953125,54.15132522583008,-412.7186346948147,54.37954644858837,15.312133924054757,38.28491200692952
393,/yh/study/new_data/model_dataset_flight/vi/vi_000393.jpg,-393.9891357421875,57.272037506103516,-412.30126953125,54.15132522583008,18.576143007760624,-393.9891357421875,57.272037506103516,0.0,-401.3642578125,56.447181701660156,7.421105891316633,0.21944820880889893,-405.8577728152065,55.50391988723628,11.999616072407878,0.42712298035621643,0.0053522028028965,147.36728726798134,-3.9622435370563487,-0.3619529902935028,0.23176990449428558,-407.13604736328125,53.94085693359375,0.23794148862361908,-407.13604736328125,53.94085693359375,-407.49800035357475,54.172626838088036,13.562376236468165,40.049855946563184
394,/yh/study/new_data/model_dataset_flight/vi/vi_000394.jpg,-390.8315124511719,56.68388366699219,-407.13604736328125,53.94085693359375,16.533664275058083,-390.8315124511719,56.68388366699219,0.0,-401.3218688964844,49.90996170043945,12.487337472762364,0.23200315237045288,-403.7106473709716,51.5660711268804,13.858720051943138,0.3845464587211609,0.0052145374938845634,143.37564275475586,-3.9916436594518454,-0.31071561574935913,0.23096279799938202,-405.1883544921875,49.73031234741211,0.26696139574050903,-405.1883544921875,49.73031234741211,-405.49907010793686,49.96127514541149,15.952149306195711,39.66473008040339
395,/yh/study/new_data/model_dataset_flight/vi/vi_000395.jpg,-387.4894714355469,56.12371826171875,-405.1883544921875,49.73031234741211,18.81823851049114,-387.4894714355469,56.12371826171875,0.0,-396.64453125,50.14838790893555,10.932506255708557,0.22598591446876526,-400.1547951965426,49.97661989256323,14.078254306941497,0.3454481363296509,0.005134910810738802,139.3656113722847,-4.010030955584343,-0.2641022801399231,0.22663815319538116,-401.1689147949219,48.578651428222656,0.26366668939590454,-401.1689147949219,48.578651428222656,-401.4330170750618,48.80528958141804,15.622266293475846,39.13789801299572
396,/yh/study/new_data/model_dataset_flight/vi/vi_000396.jpg,-384.1477355957031,55.563602447509766,-401.1689147949219,48.578651428222656,18.398643484609323,-384.1477355957031,55.563602447509766,0.0,-391.8145751953125,50.743797302246094,9.055989790434207,0.22542843222618103,-395.65784302862704,49.8542384612975,12.848323246420446,0.3096308708190918,0.00503580505028367,135.32682489340777,-4.038789467084682,-0.22197796404361725,0.2194599062204361,-396.4647216796875,48.7264404296875,0.2628902494907379,-396.4647216796875,48.7264404296875,-396.6866996437311,48.945900335907936,14.087403261460793,38.08702400419861
397,/yh/study/new_data/model_dataset_flight/vi/vi_000397.jpg,-380.8028564453125,55.002960205078125,-396.4647216796875,48.7264404296875,16.872721271644174,-380.8028564453125,55.002960205078125,0.0,-391.84173583984375,50.68391036987305,11.853735688212033,0.22679583728313446,-393.74110805986476,49.87967601685582,13.915688833642148,0.2769647538661957,0.004506991244852543,131.29560626413124,-4.031213506634669,-0.18426842987537384,0.20978079736232758,-393.8067626953125,48.8658332824707,0.2631736397743225,-393.8067626953125,48.8658332824707,-393.9910311251879,49.07561407983303,14.379356891842622,39.49639399070293
398,/yh/study/new_data/model_dataset_flight/vi/vi_000398.jpg,-377.6221008300781,54.55384826660156,-393.8067626953125,48.8658332824707,17.155080709564412,-377.6221008300781,54.55384826660156,0.0,-377.8089294433594,58.99501037597656,4.44509007923223,0.22907432913780212,-384.3817032116465,54.83339745965231,6.765380411199352,0.24731484055519104,0.004689095541834831,127.23981261422098,-4.055794503683898,-0.15108199417591095,0.19875624775886536,-384.168701171875,53.695274353027344,0.25298812985420227,-384.168701171875,53.695274353027344,-384.3197831660509,53.89403060078621,6.6026604638043525,42.85261093173176
399,/yh/study/new_data/model_dataset_flight/vi/vi_000399.jpg,-374.12774658203125,54.06045913696289,-384.168701171875,53.695274353027344,10.047593194478084,-374.12774658203125,54.06045913696289,0.0,-372.8307800292969,58.97553634643555,5.083316458178578,0.22965312004089355,-377.4890102720547,56.80611959021829,4.340131901041808,0.22045180201530457,0.004361795261502266,123.19058960629228,-4.049221300381407,-0.12187489122152328,0.18631112575531006,-377.4673156738281,56.528865814208984,0.2543063163757324,-377.4673156738281,56.528865814208984,-377.58919056504965,56.715176939964294,4.1528006505439325,39.66361307539046
400,/yh/study/new_data/model_dataset_flight/vi/vi_000400.jpg,-370.94781494140625,53.61146545410156,-377.4673156738281,56.528865814208984,7.1424865881011135,-370.94781494140625,53.61146545410156,0.0,-372.7919616699219,58.96159744262695,5.659044923919365,0.22960108518600464,-374.71284955957276,57.962099924386735,5.753564631602376,0.19612976908683777,0.004145368002355099,119.12438674808693,-4.066197735563473,-0.096466563642025,0.17314274609088898,-374.2916259765625,57.62899398803711,0.25210294127464294,-374.2916259765625,57.62899398803711,-374.3880925402045,57.802136734128,5.227007533935551,37.82038507051766
401,/yh/study/new_data/model_dataset_flight/vi/vi_000401.jpg,-367.7818908691406,53.21244812011719,-374.2916259765625,57.62899398803711,7.866544894185847,-367.7818908691406,53.21244812011719,0.0,-368.088134765625,59.002113342285156,5.797758938496426,0.23660849034786224,-370.63686393793785,58.437961764369,5.95456665676179,0.17426447570323944,0.003975829109549522,115.0578833615581,-4.066505094076124,-0.07464881986379623,0.159663587808609,-371.4317321777344,57.99000549316406,0.26010623574256897,-371.4317321777344,57.99000549316406,-371.50638099759817,58.14966908097267,6.012187291716043,37.359458045102656
402,/yh/study/new_data/model_dataset_flight/vi/vi_000402.jpg,-364.3070068359375,52.77449035644531,-371.4317321777344,57.99000549316406,8.82968342226294,-364.3070068359375,52.77449035644531,0.0,-364.0595397949219,59.0875129699707,6.3178710381956975,0.23542135953903198,-367.0884345174369,58.63659763409714,6.4885007268327906,0.15458393096923828,0.0035398248583078384,111.01106458021724,-4.046820915774971,-0.056060392409563065,0.1459580659866333,-367.2330627441406,58.03166198730469,0.26157087087631226,-367.2330627441406,58.03166198730469,-367.2891231365502,58.17762005329132,6.016615056179266,39.162822999060154
403,/yh/study/new_data/model_dataset_flight/vi/vi_000403.jpg,-361.1438293457031,52.37582015991211,-367.2330627441406,58.03166198730469,8.31067447065099,-361.1438293457031,52.37582015991211,0.0,-364.03277587890625,59.075660705566406,7.296154837234447,0.23517905175685883,-365.34762653571244,58.646729657127196,7.549583878399693,0.13687914609909058,0.0033198553137481213,106.94414455214904,-4.066921308728672,-0.0403757318854332,0.1325249969959259,-364.74188232421875,58.07513427734375,0.2621420919895172,-364.74188232421875,58.07513427734375,-364.7822580561042,58.207659274339676,6.740042035874907,37.12469292804599
404,/yh/study/new_data/model_dataset_flight/vi/vi_000404.jpg,-358.0951232910156,51.888648986816406,-364.74188232421875,58.07513427734375,9.080308689432234,-358.0951232910156,51.888648986816406,0.0,-359.87799072265625,59.10749053955078,7.435744054382808,0.23279894888401031,-361.8763400382824,58.68334284074083,7.775954260305882,0.1211385726928711,0.0034576384350657463,102.8660708251662,-4.078070738775072,-0.027359232306480408,0.11978258192539215,-362.378662109375,58.202537536621094,0.28111258149147034,-362.378662109375,58.202537536621094,-362.4060213416815,58.322320118546486,7.629802974372692,37.50799200497568
405,/yh/study/new_data/model_dataset_flight/vi/vi_000405.jpg,-354.74200439453125,51.35283660888672,-362.378662109375,58.202537536621094,10.258505926941199,-354.74200439453125,51.35283660888672,0.0,-355.697509765625,54.196449279785156,2.9998539191572564,0.22175869345664978,-358.44248792456216,55.84236666080046,5.818028742028231,0.10706406086683273,0.0029715970158576965,98.79276457022404,-4.073305401168518,-0.016593044623732567,0.10727415233850479,-359.10748291015625,55.0108642578125,0.26696136593818665,-359.10748291015625,55.0108642578125,-359.12407595478,55.118138410151005,5.69548671762905,36.94435197394341
406,/yh/study/new_data/model_dataset_flight/vi/vi_000406.jpg,-351.39093017578125,50.81734848022461,-359.10748291015625,55.0108642578125,8.782412008057289,-351.39093017578125,50.81734848022461,0.0,-350.61920166015625,54.13587188720703,3.4070753593836147,0.22192856669425964,-354.10664595709136,54.49536600184064,4.571971685626594,0.0945732519030571,0.0027096408884972334,94.73254495773162,-4.0602196124924195,-0.007914507761597633,0.09560102224349976,-354.6094055175781,53.8624382019043,0.24653656780719757,-354.6094055175781,53.8624382019043,-354.6173200253397,53.9580392241478,4.43070591879373,36.20513202622533
407,/yh/study/new_data/model_dataset_flight/vi/vi_000407.jpg,-348.208984375,50.27159118652344,-354.6094055175781,53.8624382019043,7.338908167447709,-348.208984375,50.27159118652344,0.0,-350.60101318359375,54.12811279296875,4.538123039553023,0.22218124568462372,-352.2478772039197,54.018959324774194,5.5095755959126205,0.08342000842094421,0.0024272617883980274,90.66206640110585,-4.070476422191663,-0.0009779401589185,0.08462799340486526,-353.0665283203125,53.499290466308594,0.25200721621513367,-353.0665283203125,53.499290466308594,-353.0675062604714,53.58391845971346,5.832133042152566,36.280452972278
408,/yh/study/new_data/model_dataset_flight/vi/vi_000408.jpg,-344.71075439453125,49.67158889770508,-353.0665283203125,53.499290466308594,9.190770217835697,-344.71075439453125,49.67158889770508,0.0,-345.54364013671875,54.02983093261719,4.437113058556664,0.22214972972869873,-348.6344488316303,53.81185626035698,5.704138135596189,0.0735359862446785,0.0024390434846282005,86.58223731550632,-4.079831220033642,0.004456612281501293,0.07462254166603088,-348.9207458496094,53.39506149291992,0.2534317374229431,-348.9207458496094,53.39506149291992,-348.9162892373279,53.46968403458595,5.6203448487745655,37.40270808339119
409,/yh/study/new_data/model_dataset_flight/vi/vi_000409.jpg,-341.5256652832031,49.12528991699219,-348.9207458496094,53.39506149291992,8.539213423626311,-341.5256652832031,49.12528991699219,0.0,-341.2163391113281,53.99795150756836,4.882470036455231,0.23310935497283936,-344.3817254303415,53.75025173404061,5.435747545023387,0.06481540203094482,0.0021796333603560925,82.51112355128772,-4.071115471765883,0.008589671924710274,0.06534305959939957,-344.59515380859375,53.26869201660156,0.2592584788799286,-344.59515380859375,53.26869201660156,-344.58656413666904,53.33403507620096,5.1565047044051155,38.222789065912366
410,/yh/study/new_data/model_dataset_flight/vi/vi_000410.jpg,-338.1062927246094,48.60921096801758,-344.59515380859375,53.26869201660156,7.988496842921088,-338.1062927246094,48.60921096801758,0.0,-341.2934265136719,53.99479675292969,6.25798338412873,0.23306575417518616,-342.6499543766842,53.696473718253486,6.820931277946817,0.057083163410425186,0.0021996749565005302,78.42794767299489,-4.083176305179656,0.011671515181660652,0.05700032413005829,-343.3735656738281,53.14934539794922,0.2660024166107178,-343.3735656738281,53.14934539794922,-343.36189415864646,53.20634572207928,6.9539186767909715,38.445647922344506
411,/yh/study/new_data/model_dataset_flight/vi/vi_000411.jpg,-334.9945068359375,48.139556884765625,-343.3735656738281,53.14934539794922,9.762510330630093,-334.9945068359375,48.139556884765625,0.0,-337.68255615234375,53.94988250732422,6.401991328297237,0.2320108413696289,-340.02073017308606,53.62097863452019,7.436995726338646,0.05028092861175537,0.0019329558126628399,74.37464021194252,-4.0533053266182515,0.013803290203213692,0.04935348033905029,-340.2738952636719,52.96453094482422,0.26476526260375977,-340.2738952636719,52.96453094482422,-340.26009197346866,53.01388442516327,7.152084790544219,37.095425999723375
412,/yh/study/new_data/model_dataset_flight/vi/vi_000412.jpg,-331.5685119628906,47.62247848510742,-340.2738952636719,52.96453094482422,10.213776133041458,-331.5685119628906,47.62247848510742,0.0,-333.444580078125,53.8774299621582,6.530241155827158,0.22888807952404022,-336.25043153313044,53.50236175012422,7.516209022666892,0.04426728934049606,0.0014974040677770972,70.32616852482253,-4.048472967780468,0.01515531912446022,0.042388156056404114,-336.6117858886719,52.8095703125,0.26973456144332886,-336.6117858886719,52.8095703125,-336.5966305695474,52.851958468556404,7.234675771329901,37.33958303928375
413,/yh/study/new_data/model_dataset_flight/vi/vi_000413.jpg,-326.8189697265625,46.92759323120117,-336.6117858886719,52.8095703125,11.423524095908201,-326.8189697265625,46.92759323120117,0.0,-328.5032958984375,53.96361541748047,7.234816021093943,0.23359808325767517,-331.83470143747974,53.489471370972815,8.25928624743771,0.03896046429872513,0.00149580801371485,66.2988840845079,-4.027286574748734,0.01596139930188656,0.03635915741324425,-332.6607666015625,52.85408020019531,0.2550915479660034,-332.6607666015625,52.85408020019531,-332.6448052022606,52.89043935760856,8.321648786293322,38.44543604645878
414,/yh/study/new_data/model_dataset_flight/vi/vi_000414.jpg,-321.60113525390625,46.16419219970703,-332.6607666015625,52.85408020019531,12.925557899183227,-321.60113525390625,46.16419219970703,0.0,-324.8147277832031,49.09740447998047,4.3509667001138475,0.2253485769033432,-328.03830420871554,50.64084972290264,7.840765698115485,0.03428729996085167,0.0012687324779108167,62.277323342717764,-4.021561595563794,0.016245294362306595,0.030912991613149643,-329.4100646972656,49.38518524169922,0.2573453187942505,-329.4100646972656,49.38518524169922,-329.3938194029033,49.41609823331237,8.447140062052188,37.47763601131737
415,/yh/study/new_data/model_dataset_flight/vi/vi_000415.jpg,-318.32720947265625,45.66339111328125,-329.4100646972656,49.38518524169922,11.691083417031024,-318.32720947265625,45.66339111328125,0.0,-320.41717529296875,49.15336990356445,4.067912128684826,0.23087267577648163,-324.11193986806853,49.248612162286754,6.8056532175713205,0.030176030471920967,0.0011947392486035824,58.293724792334544,-3.983602392364625,0.01617341674864292,0.026180578395724297,-325.08575439453125,48.38960266113281,0.2693037986755371,-325.08575439453125,48.38960266113281,-325.0695809777826,48.41578323952854,7.287671703956042,38.36932498961687
416,/yh/study/new_data/model_dataset_flight/vi/vi_000416.jpg,-315.052978515625,45.162540435791016,-325.08575439453125,48.38960266113281,10.539000068440602,-315.052978515625,45.162540435791016,0.0,-320.393798828125,49.1514778137207,6.666032029285276,0.2308817207813263,-322.3215075361201,48.83845836047518,8.14517567095972,0.02654178813099861,0.0009796482045203447,54.30476454345287,-3.988967079070847,0.01577223464846611,0.021953238174319267,-322.94805908203125,48.18903350830078,0.26805925369262695,-322.94805908203125,48.18903350830078,-322.9322868473828,48.2109867464751,8.455291684382937,37.94036898761988
417,/yh/study/new_data/model_dataset_flight/vi/vi_000417.jpg,-311.7767333984375,44.661380767822266,-322.94805908203125,48.18903350830078,11.715069414490337,-311.7767333984375,44.661380767822266,0.0,-315.8954772949219,49.26237487792969,6.175208343535502,0.22834636270999908,-318.79305872604175,48.821388283832455,8.15686726850708,0.023350805044174194,0.0008210800588130951,50.365172901892045,-3.9395950566554094,0.015157178044319153,0.018299221992492676,-320.78179931640625,48.40531921386719,0.2664604187011719,-320.78179931640625,48.40531921386719,-320.76664213836193,48.42361843585968,9.752347782700104,37.28482301812619
418,/yh/study/new_data/model_dataset_flight/vi/vi_000418.jpg,-308.2463684082031,44.15618133544922,-320.78179931640625,48.40531921386719,13.236019067836846,-308.2463684082031,44.15618133544922,0.0,-310.096435546875,49.31723403930664,5.482628332249738,0.21506841480731964,-314.48655998328303,48.94257018644839,7.864445888088201,0.020537910982966423,0.0008210279047489166,46.428791449241125,-3.936386148405973,0.014438818208873272,0.015177518129348755,-316.36138916015625,48.70661163330078,0.2357698678970337,-316.36138916015625,48.70661163330078,-316.3469503419474,48.72178915143013,9.30376148126312,37.03094401862472
419,/yh/study/new_data/model_dataset_flight/vi/vi_000419.jpg,-305.0332336425781,43.69637680053711,-316.36138916015625,48.70661163330078,12.38666866069623,-305.0332336425781,43.69637680053711,0.0,-310.22528076171875,49.30590057373047,7.6435665922001315,0.21499067544937134,-312.7463254360463,49.0596803159465,9.394509546158783,0.018072141334414482,0.0005260664038360119,42.495053279799,-3.9337373156684774,0.01351917814463377,0.01238589733839035,-313.357177734375,48.65267562866211,0.22907084226608276,-313.357177734375,48.65267562866211,-313.34365855623037,48.6650615260005,9.687772877035947,41.795969009399414
420,/yh/study/new_data/model_dataset_flight/vi/vi_000420.jpg,-301.8195495605469,43.236488342285156,-313.357177734375,48.65267562866211,12.745663913607006,-301.8195495605469,43.236488342285156,0.0,-296.6270751953125,40.69245910644531,5.782203281312754,0.23819772899150848,-303.5007047286168,43.962945898194086,1.8313992682278422,0.015903955325484276,0.00035946001298725605,38.60794481182055,-3.887110175525739,0.01256833877414465,0.010036026127636433,-304.19720458984375,43.23017501831055,0.24509766697883606,-304.19720458984375,43.23017501831055,-304.1846362510696,43.24021104443818,2.3776634110824713,40.1783250272274
421,/yh/study/new_data/model_dataset_flight/vi/vi_000421.jpg,-298.4217224121094,42.7166633605957,-304.19720458984375,43.23017501831055,5.798266000101793,-298.4217224121094,42.7166633605957,0.0,-292.3901672363281,40.246177673339844,6.517895164041045,0.2284708321094513,-297.24113575038604,41.47216491578514,1.7153895315568881,0.014000095427036285,0.0005230538081377745,34.74223191141717,-3.8657120466297354,0.011719120666384697,0.008127490058541298,-297.2524719238281,40.02113723754883,0.2635035216808319,-297.2524719238281,40.02113723754883,-297.24075280316174,40.02926472760737,2.938198050570121,39.03502505272627
422,/yh/study/new_data/model_dataset_flight/vi/vi_000422.jpg,-295.3232421875,42.242637634277344,-297.2524719238281,40.02113723754883,2.942276565552198,-295.3232421875,42.242637634277344,0.0,-292.3626403808594,40.1807975769043,3.60781755077385,0.22961436212062836,-294.37164722514837,40.115200487984566,2.3305625466396234,0.012324419803917408,-2.772384323179722e-05,30.894455087774247,-3.8477751160956357,0.010563869960606098,0.006320956628769636,-294.140625,38.843597412109375,0.2733535170555115,-294.140625,38.843597412109375,-294.1300611300394,38.849918368738145,3.598896753740802,39.74321694113314
423,/yh/study/new_data/model_dataset_flight/vi/vi_000423.jpg,-291.9236755371094,41.7225456237793,-294.140625,38.843597412109375,3.633621846930205,-291.9236755371094,41.7225456237793,0.0,-288.6662902832031,36.73579406738281,5.956362126129392,0.2455490529537201,-290.9154425939383,37.60179350085204,4.242302644355415,0.01085506472736597,0.00022768927738070488,27.06559105794308,-3.8288627491706935,0.009767662733793259,0.004990965593606234,-292.03045654296875,37.06597137451172,0.2906057834625244,-292.03045654296875,37.06597137451172,-292.02068888023496,37.070962340105325,4.65779839861648,39.42667809315026
424,/yh/study/new_data/model_dataset_flight/vi/vi_000424.jpg,-288.83154296875,41.227596282958984,-292.03045654296875,37.06597137451172,5.249016091986163,-288.83154296875,41.227596282958984,0.0,-285.4515075683594,39.018531799316406,4.037896135462732,0.2649397850036621,-288.15449506436494,38.21631454032698,3.0864561552597936,0.00956234522163868,3.7201447412371635e-05,23.27530393654415,-3.7902862676252846,0.008801217190921307,0.0037859068252146244,-289.6008605957031,37.65935516357422,0.2995438575744629,-289.6008605957031,37.65935516357422,-289.5920593785122,37.66314107039943,3.650232088129333,37.52158908173442
425,/yh/study/new_data/model_dataset_flight/vi/vi_000425.jpg,-285.4303283691406,40.68317794799805,-289.6008605957031,37.65935516357422,5.151392363662182,-285.4303283691406,40.68317794799805,0.0,-281.0470886230469,41.85206604003906,4.536418195388437,0.28469014167785645,-284.5614400452884,40.12947400942919,1.0303178979875014,0.008426924236118793,-8.971616625785828e-05,19.51919849684655,-3.7561058665844254,0.00790034607052803,0.0028006385546177626,-286.6802062988281,39.61506652832031,0.30556297302246094,-286.6802062988281,39.61506652832031,-286.6723059527576,39.61786716687493,1.6440975773858122,39.35520607046783
426,/yh/study/new_data/model_dataset_flight/vi/vi_000426.jpg,-282.0481872558594,40.141807556152344,-286.6802062988281,39.61506652832031,4.661872641420685,-282.0481872558594,40.141807556152344,0.0,-281.55029296875,42.52131652832031,2.431041272739732,0.317378431558609,-283.65793837538075,41.3272720934746,1.999156030941305,0.007428857963532209,-1.7749611288309097e-05,15.778867379037091,-3.740331544696281,0.007140385918319225,0.0020176812540739775,-286.3127136230469,40.70081329345703,0.31950643658638,-286.3127136230469,40.70081329345703,-286.30557323712856,40.702830974711105,4.301008317915343,37.42612502537668
427,/yh/study/new_data/model_dataset_flight/vi/vi_000427.jpg,-278.8616027832031,39.60797882080078,-286.3127136230469,40.70081329345703,7.530825979417059,-278.8616027832031,39.60797882080078,0.0,-275.74993896484375,42.94697570800781,4.5641375889936855,0.29131823778152466,-280.08969717461815,42.024130897391395,2.7103517652581885,0.006552092730998993,-0.00010405108332633972,12.091856132983338,-3.6870120998273994,0.006355850026011467,0.0013616313226521015,-283.5925598144531,42.95859146118164,0.308390736579895,-283.5925598144531,42.95859146118164,-283.5862039644271,42.95995309250429,5.797288978256458,37.040655966848135
428,/yh/study/new_data/model_dataset_flight/vi/vi_000428.jpg,-275.6933898925781,39.077232360839844,-283.5925598144531,42.95859146118164,8.80124047623179,-275.6933898925781,39.077232360839844,0.0,-270.6512145996094,41.162452697753906,5.456342688880941,0.2544928193092346,-275.9682180346894,41.900403491622825,2.8365164800125524,0.005779527127742767,-0.00015386054292321205,8.43556110140078,-3.6562950315825593,0.005640903487801552,0.0008365538669750094,-281.3161315917969,43.27408218383789,0.27995553612709045,-281.3161315917969,43.27408218383789,-281.3104906883091,43.274918737704866,7.016321874952153,34.657258074730635
429,/yh/study/new_data/model_dataset_flight/vi/vi_000429.jpg,-272.2135925292969,38.49428176879883,-281.3161315917969,43.27408218383789,10.281182295434022,-272.2135925292969,38.49428176879883,0.0,-270.5201416015625,40.64206314086914,2.735094306757383,0.2437903732061386,-274.95571726315023,41.72343869034519,4.236354857655474,0.005097523331642151,-0.0002792486920952797,4.776601869155091,-3.6589592322456874,0.0049406797625124454,0.0004128486616536975,-279.3753967285156,42.10685729980469,0.27118822932243347,-279.3753967285156,42.10685729980469,-279.3704560487531,42.10727014846634,8.021355331561468,35.85760202258825
430,/yh/study/new_data/model_dataset_flight/vi/vi_000430.jpg,-267.29248046875,37.77089309692383,-279.3753967285156,42.10685729980469,12.837345944905152,-267.29248046875,37.77089309692383,0.0,-265.48846435546875,42.15113830566406,4.737195607706121,0.2829049825668335,-271.1939660559816,42.13294527732316,5.852272123876546,0.0044990419410169125,-0.00012036226689815521,1.152956102300545,-3.6236458735762525,0.004437962081283331,8.931663614930585e-05,-275.46710205078125,44.005985260009766,0.25619789958000183,-275.46710205078125,44.005985260009766,-275.46266408869997,44.006074576645915,10.281090034212655,36.910868948325515
431,/yh/study/new_data/model_dataset_flight/vi/vi_000431.jpg,-262.3687438964844,37.04712677001953,-275.46710205078125,44.005985260009766,14.832150815776671,-262.3687438964844,37.04712677001953,0.0,-261.33233642578125,44.303367614746094,7.3298821028722765,0.3155854344367981,-267.1396614089657,44.18118688504485,8.582334626178133,0.003971253987401724,-9.875698015093803e-05,-2.425854381851334,-3.578810377430173,0.0039183609187603,-0.00016599927039351314,-271.5892333984375,45.452274322509766,0.24346330761909485,-271.5892333984375,45.452274322509766,-271.58531503751874,45.45210832323937,12.476535257625025,38.72124897316098
432,/yh/study/new_data/model_dataset_flight/vi/vi_000432.jpg,-259.2642517089844,36.61650085449219,-271.5892333984375,45.452274322509766,15.164961800923805,-259.2642517089844,36.61650085449219,0.0,-254.6973114013672,35.90387725830078,4.6222046864226325,0.24542151391506195,-261.63742510612406,39.826874376998724,3.992298852403527,0.0035080949310213327,-0.00045018945820629597,-5.9459294012876285,-3.52007437910606,0.003265337785705924,-0.00034008556394837797,-262.851806640625,41.10968017578125,0.2463308572769165,-262.851806640625,41.10968017578125,-262.8485413028393,41.1093400902173,5.749713975564229,39.918067981489
433,/yh/study/new_data/model_dataset_flight/vi/vi_000433.jpg,-255.854736328125,36.14356231689453,-262.851806640625,41.10968017578125,8.580286682065026,-255.854736328125,36.14356231689453,0.0,-248.86952209472656,34.274749755859375,7.230883644116735,0.23280075192451477,-254.61419961677706,37.082908252363595,1.5560533791243214,0.0030988757498562336,-0.0010385620407760143,-9.460859580731611,-3.514929966000571,0.002544507384300232,-0.00042401778046041727,-254.45330810546875,37.77211380004883,0.23080793023109436,-254.45330810546875,37.77211380004883,-254.45076359808445,37.77168978226837,2.1485299617509446,37.510183989070356
434,/yh/study/new_data/model_dataset_flight/vi/vi_000434.jpg,-252.73838806152344,35.7112922668457,-254.45330810546875,37.77211380004883,2.6810326646348552,-252.73838806152344,35.7112922668457,0.0,-248.51792907714844,29.797204971313477,7.265583429977757,0.2583877146244049,-250.95650328702916,33.07372815595121,3.1830579304582525,0.0027412765193730593,-0.0006737231742590666,-12.874000731635363,-3.4131398702432825,0.002343973843380809,-0.0005357223562896252,-249.311279296875,31.775590896606445,0.2866688668727875,-249.311279296875,31.775590896606445,-249.30893532303162,31.775055174250156,5.2186990486550675,38.0618660710752
435,/yh/study/new_data/model_dataset_flight/vi/vi_000435.jpg,-250.205810546875,35.360801696777344,-249.311279296875,31.775590896606445,3.695121464700263,-250.205810546875,35.360801696777344,0.0,-244.8839111328125,28.859643936157227,8.401646600629544,0.29699963331222534,-246.7029130484467,30.057672405982487,6.355585823461247,0.0024228275287896395,-0.0011058906093239784,-16.335490230352697,-3.461488644943687,0.0017943974817171693,-0.0005259252502582967,-245.84805297851562,28.66546058654785,0.3229527473449707,-245.84805297851562,28.66546058654785,-245.8462585810339,28.664934661297593,7.988594595229032,37.44593006558716
436,/yh/study/new_data/model_dataset_flight/vi/vi_000436.jpg,-247.88943481445312,35.04023361206055,-245.84805297851562,28.66546058654785,6.693651539100302,-247.88943481445312,35.04023361206055,0.0,-244.99830627441406,29.321557998657227,6.407954042154348,0.28920456767082214,-245.34742810600494,29.051997753101656,6.505441323101508,0.0021416652016341686,-0.0008118888363242149,-19.83592802903838,-3.5004371583554503,0.0016327372286468744,-0.0005889784079045057,-245.3514862060547,28.304811477661133,0.3374286890029907,-245.3514862060547,28.304811477661133,-245.34985346882604,28.30422249925323,7.197714530837488,38.54823391884565
437,/yh/study/new_data/model_dataset_flight/vi/vi_000437.jpg,-245.57943725585938,34.720550537109375,-245.3514862060547,28.304811477661133,6.419787329813728,-245.57943725585938,34.720550537109375,0.0,-240.51229858398438,32.56420135498047,5.506880797264377,0.2231852114200592,-242.5004981708428,30.814213990214423,4.973864805847648,0.001896185101941228,0.0006132726557552814,-23.27899394624325,-3.443066130648282,0.002023492706939578,-0.000870574323926121,-242.47157287597656,29.525375366210938,0.2901058793067932,-242.47157287597656,29.525375366210938,-242.46954938326962,29.52450479188701,6.053814174556731,37.61778899934143
438,/yh/study/new_data/model_dataset_flight/vi/vi_000438.jpg,-244.89129638671875,34.59495162963867,-242.47157287597656,29.525375366210938,5.61744295557582,-244.89129638671875,34.59495162963867,0.0,-238.93447875976562,30.478641510009766,7.240696461096737,0.24891692399978638,-240.38770802255692,30.086988302636062,6.372130060773576,0.0016788769280537963,0.000578833743929863,-26.72875003374015,-3.4497548068364283,0.001757973455823958,-0.0008852740866132081,-238.0875244140625,28.79604721069336,0.29684609174728394,-238.0875244140625,28.79604721069336,-238.08576644060668,28.795161936606746,8.939720662076986,37.572608911432326
439,/yh/study/new_data/model_dataset_flight/vi/vi_000439.jpg,-244.13426208496094,34.45677947998047,-238.0875244140625,28.79604721069336,8.282929812886902,-244.13426208496094,34.45677947998047,0.0,-239.70083618164062,32.64437484741211,4.789579918154282,0.24604497849941254,-239.03800059015754,31.06327404807035,6.122724911329861,0.0014859475195407867,8.139037527143955e-05,-30.157481091424454,-3.428732551788187,0.001320008304901421,-0.0007669524056836963,-239.00611877441406,29.941116333007812,0.30783611536026,-239.00611877441406,29.941116333007812,-239.00479876610916,29.94034938060213,6.832939884883641,37.04253397881985
440,/yh/study/new_data/model_dataset_flight/vi/vi_000440.jpg,-243.38375854492188,34.31979751586914,-239.00611877441406,29.941116333007812,6.191653968163561,-243.38375854492188,34.31979751586914,0.0,-239.1640625,31.50438690185547,5.072708510946608,0.2478468120098114,-239.09917068871238,30.862110936989872,5.505750591457964,0.001315021887421608,0.0010527691338211298,-33.58826803604894,-3.4307852370771874,0.0015339552192017436,-0.0010187047300860286,-237.8748016357422,29.527660369873047,0.3077646493911743,-237.8748016357422,29.527660369873047,-237.87326768052299,29.52664166514296,7.301587817265105,38.41845795977861
441,/yh/study/new_data/model_dataset_flight/vi/vi_000441.jpg,-243.58389282226562,34.33510971069336,-237.8748016357422,29.527660369873047,7.46359774777508,-243.58389282226562,34.33510971069336,0.0,-239.4290008544922,31.953838348388672,4.788901811981599,0.24632731080055237,-238.79045189009133,30.957033423419446,5.864168770839244,0.0011639682343229651,0.000697610666975379,-37.004943809848164,-3.4166747065821754,0.0012080761371180415,-0.0009105141507461667,-238.35177612304688,29.725860595703125,0.3084608018398285,-238.35177612304688,29.725860595703125,-238.35056804690976,29.72495008155238,6.972820272908371,37.49211796093732
442,/yh/study/new_data/model_dataset_flight/vi/vi_000442.jpg,-243.7839813232422,34.35041427612305,-238.35177612304688,29.725860595703125,7.134097706095315,-243.7839813232422,34.35041427612305,0.0,-241.65292358398438,30.86942481994629,4.081506423131584,0.293242871761322,-240.2966339480833,30.399586885203508,5.269784510572296,0.0010336140403524041,-0.00028655026108026505,-40.28514898893596,-3.2802053925312054,0.0006791825289838016,-0.0005756861064583063,-242.14083862304688,29.737232208251953,0.346382737159729,-242.14083862304688,29.737232208251953,-242.1401594405179,29.736656522145495,4.89707736558578,37.61217894498259
443,/yh/study/new_data/model_dataset_flight/vi/vi_000443.jpg,-243.9658660888672,34.36432647705078,-242.14083862304688,29.737232208251953,4.974005088794087,-243.9658660888672,34.36432647705078,0.0,-241.58084106445312,30.35030174255371,4.6691261426776185,0.284030556678772,-241.81091830088016,30.098419672667614,4.779305475969577,0.0009154906729236245,0.0004736694972962141,-43.66568623183666,-3.3805355353534035,0.0008335700840689242,-0.000795622356235981,-242.88658142089844,29.217185974121094,0.32510948181152344,-242.88658142089844,29.217185974121094,-242.88574785081437,29.216390351764858,5.259078888114504,39.11146288737655
444,/yh/study/new_data/model_dataset_flight/vi/vi_000444.jpg,-243.88287353515625,34.3956413269043,-242.88658142089844,29.217185974121094,5.273423728252957,-243.88287353515625,34.3956413269043,0.0,-241.67471313476562,30.369449615478516,4.591970388733681,0.28269028663635254,-242.17261406648964,29.896037490424618,4.813670339296868,0.6335991621017456,0.0007643485441803932,-47.07613628820742,-3.410447068163005,0.43175771832466125,-0.4642387628555298,-243.07318115234375,29.093965530395508,0.33663758635520935,-243.07318115234375,29.093965530395508,-242.6414234340191,28.629726767539978,5.36314907550328,38.534385967068374
445,/yh/study/new_data/model_dataset_flight/vi/vi_000445.jpg,-243.7915496826172,34.43009948730469,-243.07318115234375,29.093965530395508,5.3842714410926975,-243.7915496826172,34.43009948730469,0.0,-246.15411376953125,26.238136291503906,8.52584131133876,0.29158905148506165,-244.88830028284312,27.41146515501124,7.103808117449699,0.5777667164802551,0.0007125488482415676,-50.51010610098513,-3.4339663976831205,0.3676527440547943,-0.446158766746521,-245.15716552734375,27.868980407714844,0.33310872316360474,-245.15716552734375,27.868980407714844,-244.78951278328896,27.422821640968323,6.701730389379009,37.18075295910239
446,/yh/study/new_data/model_dataset_flight/vi/vi_000446.jpg,-243.70034790039062,34.464515686035156,-245.15716552734375,27.868980407714844,6.7545098420069785,-243.70034790039062,34.464515686035156,0.0,-246.17538452148438,26.220722198486328,8.607318824181409,0.2886278033256531,-245.75704517579567,26.897915675275343,7.841137634647726,0.5258034467697144,0.0009586736559867859,-53.92569587470633,-3.4155867855134394,0.3098931610584259,-0.4253701865673065,-245.71145629882812,26.7857608795166,0.33292534947395325,-245.71145629882812,26.7857608795166,-245.4015631377697,26.360390692949295,7.937747310723468,37.18937200028449
447,/yh/study/new_data/model_dataset_flight/vi/vi_000447.jpg,-243.38027954101562,34.39028549194336,-245.71145629882812,26.7857608795166,7.953815415080333,-243.38027954101562,34.39028549194336,0.0,-246.69715881347656,26.03630828857422,8.988360430161459,0.2949676215648651,-246.29217899342345,26.344223882688784,8.55676725410089,0.4776745140552521,0.0008555382955819368,-57.29627128670256,-3.370570289354355,0.258316308259964,-0.40231144428253174,-246.25311279296875,26.172527313232422,0.31661999225616455,-246.25311279296875,26.172527313232422,-245.9947964847088,25.77021586894989,8.70544199781367,36.14611702505499
448,/yh/study/new_data/model_dataset_flight/vi/vi_000448.jpg,-243.06039428710938,34.316097259521484,-246.25311279296875,26.172527313232422,8.747067104336136,-243.06039428710938,34.316097259521484,0.0,-246.65460205078125,25.882062911987305,9.167947688759217,0.2915383577346802,-246.48964858361865,26.001401372831186,8.994106554754167,0.43312641978263855,0.0014991324860602617,-60.67000224609534,-3.3737226350997274,0.21252936124801636,-0.37825870513916016,-246.45408630371094,25.669281005859375,0.30358025431632996,-246.45408630371094,25.669281005859375,-246.24155694246292,25.291022300720215,9.288949177820946,37.354344967752695
449,/yh/study/new_data/model_dataset_flight/vi/vi_000449.jpg,-242.74037170410156,34.24187469482422,-246.45408630371094,25.669281005859375,9.342432161029144,-242.74037170410156,34.24187469482422,0.0,-245.26412963867188,25.90337562561035,8.712056062697664,0.30377593636512756,-245.75302809324305,25.807196914920983,8.95655557509852,0.39175185561180115,0.001787241199053824,-64.05391018735143,-3.383911142907271,0.17179231345653534,-0.3530692160129547,-246.1901092529297,25.572978973388672,0.3002887964248657,-246.1901092529297,25.572978973388672,-246.01831693947315,25.219909757375717,9.330082646199775,37.663877941668034
450,/yh/study/new_data/model_dataset_flight/vi/vi_000450.jpg,-242.4475860595703,34.182498931884766,-246.1901092529297,25.572978973388672,9.387774697369736,-242.4475860595703,34.182498931884766,0.0,-244.68374633789062,26.01374626159668,8.469293534804205,0.29517218470573425,-245.30264156561032,25.832655258569822,8.824467763631239,0.35375407338142395,0.0020698995795100927,-67.44614412920578,-3.3922318074202273,0.13607992231845856,-0.32765454053878784,-245.72596740722656,25.825592041015625,0.30757036805152893,-245.72596740722656,25.825592041015625,-245.5898874849081,25.497937500476837,8.976952547681007,38.78181707113981
451,/yh/study/new_data/model_dataset_flight/vi/vi_000451.jpg,-242.1549530029297,34.12315368652344,-245.72596740722656,25.825592041015625,9.033364441707093,-242.1549530029297,34.12315368652344,0.0,-244.83450317382812,26.105478286743164,8.453585507617676,0.29948168992996216,-245.20076481916263,25.990485903396642,8.68431084718947,0.31900811195373535,0.002035449491813779,-70.82977886289508,-3.3836334530288275,0.1050887331366539,-0.3022795021533966,-245.63983154296875,26.11404800415039,0.3193311393260956,-245.63983154296875,26.11404800415039,-245.5347428098321,25.811768501996994,8.734423408001527,37.84662205725908
452,/yh/study/new_data/model_dataset_flight/vi/vi_000452.jpg,-241.8621063232422,34.06376266479492,-245.63983154296875,26.11404800415039,8.801657288342048,-241.8621063232422,34.06376266479492,0.0,-244.41929626464844,26.239776611328125,8.23128046911732,0.3011183440685272,-244.92075806477274,26.188120510269552,8.448733030585409,0.28722769021987915,0.0022799510043114424,-74.19085348175582,-3.361064800463813,0.07856111973524094,-0.2774600088596344,-245.30197143554688,26.403738021850586,0.32663705945014954,-245.30197143554688,26.403738021850586,-245.22341031581163,26.12627801299095,8.396942867577785,37.43147396016866
453,/yh/study/new_data/model_dataset_flight/vi/vi_000453.jpg,-241.80137634277344,34.07073211669922,-245.30197143554688,26.403738021850586,8.42834292456075,-241.80137634277344,34.07073211669922,0.0,-245.05001831054688,26.084442138671875,8.621745893258446,0.3094698190689087,-245.15353425953552,26.215626129167767,8.540471460889215,0.25824519991874695,0.0022435560822486877,-77.5528774969112,-3.362024655485611,0.05590357631444931,-0.2532706558704376,-245.66505432128906,26.188968658447266,0.32216399908065796,-245.66505432128906,26.188968658447266,-245.6091507449746,25.935698002576828,8.777824487508415,37.232254981063306
454,/yh/study/new_data/model_dataset_flight/vi/vi_000454.jpg,-241.73477172851562,34.078372955322266,-245.66505432128906,26.188968658447266,8.814182969431007,-241.73477172851562,34.078372955322266,0.0,-244.6708984375,26.31540298461914,8.299671247540465,0.30389702320098877,-245.0793513580703,26.263456936089593,8.500536764586787,0.23185297846794128,0.0026532956399023533,-80.93039238110417,-3.377515951410023,0.036757100373506546,-0.2302643209695816,-245.46762084960938,26.56463623046875,0.32823917269706726,-245.46762084960938,26.56463623046875,-245.43086374923587,26.33437190949917,8.389898815317311,38.30298804678023
455,/yh/study/new_data/model_dataset_flight/vi/vi_000455.jpg,-241.66806030273438,34.086029052734375,-245.46762084960938,26.56463623046875,8.426625085774132,-241.66806030273438,34.086029052734375,0.0,-244.79933166503906,26.042003631591797,8.631987333191441,0.29937002062797546,-245.07390094906617,26.256729324893467,8.538014097937266,0.20799274742603302,0.0031142262741923332,-84.30283926493298,-3.3724490182629316,0.020802106708288193,-0.20851479470729828,-245.55596923828125,26.24303436279297,0.32217687368392944,-245.55596923828125,26.24303436279297,-245.53516713157296,26.03451956808567,8.753764995563586,36.912692012265325
456,/yh/study/new_data/model_dataset_flight/vi/vi_000456.jpg,-241.79104614257812,34.13848876953125,-245.55596923828125,26.24303436279297,8.747162180126864,-241.79104614257812,34.13848876953125,0.0,-244.6280059814453,26.197298049926758,8.4327250146366,0.2970098853111267,-245.00926339652187,26.216088996971322,8.551101709711961,0.18636469542980194,0.0032415054738521576,-87.69671245218812,-3.39387510824585,0.007554970681667328,-0.18783357739448547,-245.4473876953125,26.415599822998047,0.326884001493454,-245.4473876953125,26.415599822998047,-245.43983272463083,26.22776624560356,8.544697023928745,38.92426495440304
457,/yh/study/new_data/model_dataset_flight/vi/vi_000457.jpg,-241.9029541015625,34.186214447021484,-245.4473876953125,26.415599822998047,8.540811503340327,-241.9029541015625,34.186214447021484,0.0,-244.74874877929688,26.022502899169922,8.645503662849624,0.29539284110069275,-245.0357873718595,26.184008342353387,8.593599178520439,0.1668156236410141,0.0035267050843685865,-91.0811258274428,-3.384413802141501,-0.003180762520059943,-0.16854897141456604,-245.55667114257812,26.132137298583984,0.31990286707878113,-245.55667114257812,26.132137298583984,-245.55985190509818,25.96358832716942,8.84408315931002,39.477817015722394
458,/yh/study/new_data/model_dataset_flight/vi/vi_000458.jpg,-241.96078491210938,34.227012634277344,-245.55667114257812,26.132137298583984,8.857618443063092,-241.96078491210938,34.227012634277344,0.0,-245.00462341308594,25.923383712768555,8.84393611951966,0.29725614190101624,-245.23143443043455,26.00915095832451,8.844795011576863,0.14913368225097656,0.0036633105482906103,-94.48195214727302,-3.4008261063868073,-0.011797197163105011,-0.15050368010997772,-245.77935791015625,25.864498138427734,0.3115347921848297,-245.77935791015625,25.864498138427734,-245.79115510731936,25.713994458317757,9.19310330817116,39.101265952922404
459,/yh/study/new_data/model_dataset_flight/vi/vi_000459.jpg,-242.0187225341797,34.26787185668945,-245.77935791015625,25.864498138427734,9.206468827939307,-242.0187225341797,34.26787185668945,0.0,-245.11264038085938,25.93307876586914,8.890506369650105,0.29893550276756287,-245.3865639440322,25.904902140824962,9.015631881925076,0.13321144878864288,0.003844415070489049,-97.91272201642458,-3.430773070802728,-0.01860310509800911,-0.13384704291820526,-245.92855834960938,25.688213348388672,0.3036230504512787,-245.92855834960938,25.688213348388672,-245.94716145470738,25.554366305470467,9.42853945331273,37.746671005152166
460,/yh/study/new_data/model_dataset_flight/vi/vi_000460.jpg,-242.07655334472656,34.30866622924805,-245.92855834960938,25.688213348388672,9.441935735258895,-242.07655334472656,34.30866622924805,0.0,-245.399169921875,25.944522857666016,8.999926402983595,0.3069361448287964,-245.6166712744799,25.83921707077547,9.179542690380218,0.11891105026006699,0.0041865515522658825,-101.33670267754114,-3.4239795938995043,-0.023786338046193123,-0.11864341050386429,-246.17369079589844,25.6024227142334,0.3005627691745758,-246.17369079589844,25.6024227142334,-246.19747713394463,25.483779303729534,9.622120942730339,35.918237059377134
461,/yh/study/new_data/model_dataset_flight/vi/vi_000461.jpg,-242.0294647216797,34.86949157714844,-246.17369079589844,25.6024227142334,10.15151097444336,-242.0294647216797,34.86949157714844,0.0,-245.0544891357422,25.978044509887695,9.391943550489101,0.3036465644836426,-245.51431761360186,25.823718792999003,9.69382303019799,0.10608681291341782,0.00439654104411602,-104.80168496424528,-3.464980152270033,-0.02766404300928116,-0.10469173640012741,-246.00277709960938,25.496315002441406,0.29024600982666016,-246.00277709960938,25.496315002441406,-246.03044114261866,25.39162326604128,10.1805525563815,37.85639209672809
462,/yh/study/new_data/model_dataset_flight/vi/vi_000462.jpg,-241.9866180419922,35.37950897216797,-246.00277709960938,25.496315002441406,10.668039024081233,-241.9866180419922,35.37950897216797,0.0,-245.08352661132812,26.09542465209961,9.786984435921289,0.30274394154548645,-245.46120435060087,25.849278056646106,10.143867670624433,0.09462341666221619,0.0044703613966703415,-108.26460453382009,-3.4629174351406893,-0.03035605326294899,-0.09197879582643509,-246.04345703125,25.52684783935547,0.2819851338863373,-246.04345703125,25.52684783935547,-246.07381308451295,25.434869043529034,10.655180617089343,38.264431059360504
463,/yh/study/new_data/model_dataset_flight/vi/vi_000463.jpg,-241.9438018798828,35.889404296875,-246.04345703125,25.52684783935547,11.144045436707948,-241.9438018798828,35.889404296875,0.0,-245.0750732421875,25.993267059326172,10.37971062066713,0.29764997959136963,-245.47293759457455,25.80163685755031,10.687275181383333,0.0842851847410202,0.004865891300141811,-111.76371044561763,-3.499108473118471,-0.03215331956744194,-0.08053693920373917,-246.1060791015625,25.226726531982422,0.27663350105285645,-246.1060791015625,25.226726531982422,-246.13823242112994,25.146189592778683,11.446276634261823,36.33959102444351
464,/yh/study/new_data/model_dataset_flight/vi/vi_000464.jpg,-241.87908935546875,36.535308837890625,-246.1060791015625,25.226726531982422,12.072757600609805,-241.87908935546875,36.535308837890625,0.0,-245.04824829101562,26.091468811035156,10.91409010707283,0.30640479922294617,-245.48286230988595,25.736185987506996,11.384561205626973,0.07509821653366089,0.005056632217019796,-115.27810232077765,-3.5143856853010855,-0.03314748406410217,-0.07019346952438354,-245.96092224121094,25.625757217407227,0.2950208783149719,-245.96092224121094,25.625757217407227,-245.99406972527504,25.555563747882843,11.648161926549543,36.87834902666509
465,/yh/study/new_data/model_dataset_flight/vi/vi_000465.jpg,-241.814453125,37.18061065673828,-245.96092224121094,25.625757217407227,12.276312318286458,-241.814453125,37.18061065673828,0.0,-244.4736328125,29.117252349853516,8.490523175612923,0.27942419052124023,-245.08469162208524,27.68275761189622,10.045081995147374,0.06685932725667953,0.00512915663421154,-118.83736853878465,-3.5592681389977088,-0.033484894782304764,-0.060814809054136276,-245.62106323242188,27.69451332092285,0.31543681025505066,-245.62106323242188,27.69451332092285,-245.65454812720418,27.633698511868715,10.221366013135963,39.574443944729865
466,/yh/study/new_data/model_dataset_flight/vi/vi_000466.jpg,-241.749755859375,37.82636260986328,-245.62106323242188,27.69451332092285,10.846261604369028,-241.749755859375,37.82636260986328,0.0,-244.021484375,29.241138458251953,8.880699532250498,0.2741568088531494,-244.6786777454263,28.60570133549228,9.674666803113967,0.059509553015232086,0.005300930701196194,-122.38342517093685,-3.5460534305010265,-0.03329182043671608,-0.05249307304620743,-245.1686553955078,28.404254913330078,0.3242909610271454,-245.1686553955078,28.404254913330078,-245.20194721594453,28.35176184028387,10.023222410145321,40.320462081581354
467,/yh/study/new_data/model_dataset_flight/vi/vi_000467.jpg,-241.69378662109375,38.54419708251953,-245.1686553955078,28.404254913330078,10.718821772653206,-241.69378662109375,38.54419708251953,0.0,-243.96078491210938,29.173627853393555,9.640894612498903,0.2762938141822815,-244.4570433305924,28.857527904179385,10.073090261344543,0.05294826626777649,0.005400891415774822,-125.94230889835033,-3.558879885432076,-0.03266414627432823,-0.045053668320178986,-245.01620483398438,28.518787384033203,0.3278971016407013,-245.01620483398438,28.518787384033203,-245.0488689802587,28.473733715713024,10.561595637206107,39.846054976806045
468,/yh/study/new_data/model_dataset_flight/vi/vi_000468.jpg,-241.6322021484375,39.33401870727539,-245.01620483398438,28.518787384033203,11.332285857276432,-241.6322021484375,39.33401870727539,0.0,-244.0966033935547,29.195724487304688,10.433517297039696,0.2797023057937622,-244.47442532292112,28.917602171295435,10.797220291566177,0.047129854559898376,0.005388922989368439,-129.51011285281984,-3.5678077964509285,-0.03169894963502884,-0.038440074771642685,-245.11053466796875,28.486827850341797,0.3047235310077667,-245.11053466796875,28.486827850341797,-245.14223361760378,28.448387775570154,11.39123990631276,37.74253907613456
469,/yh/study/new_data/model_dataset_flight/vi/vi_000469.jpg,-241.57615661621094,40.05275344848633,-245.11053466796875,28.486827850341797,12.093901899493078,-241.57615661621094,40.05275344848633,0.0,-243.8528594970703,29.206472396850586,11.082652600293214,0.2838483452796936,-244.369580370586,28.910803556996516,11.4867864808212,0.041907962411642075,0.005736758932471275,-133.1396617173863,-3.6295501452269052,-0.0306171253323555,-0.032672811299562454,-244.9108428955078,28.520122528076172,0.31016117334365845,-244.9108428955078,28.520122528076172,-244.94146002084017,28.48744971677661,12.005070117568295,37.83416806254536
470,/yh/study/new_data/model_dataset_flight/vi/vi_000470.jpg,-241.46749877929688,41.62010955810547,-244.9108428955078,28.520122528076172,13.544972458059126,-241.46749877929688,41.62010955810547,0.0,-243.0056610107422,33.55254364013672,8.212890044985127,0.26985692977905273,-243.7884126070857,31.484953301158317,10.397501303137997,0.03725560009479523,0.0060434043407440186,-136.77355458226486,-3.633897133746795,-0.029348161071538925,-0.027585260570049286,-244.39248657226562,29.850135803222656,0.3239264488220215,-244.39248657226562,29.850135803222656,-244.42183473333716,29.822550542652607,12.127977398546157,36.549324984662235
471,/yh/study/new_data/model_dataset_flight/vi/vi_000471.jpg,-241.36863708496094,43.04602813720703,-244.39248657226562,29.850135803222656,13.537918607082124,-241.36863708496094,43.04602813720703,0.0,-248.69229125976562,36.70341491699219,9.688377208458506,0.260692834854126,-246.92569930861453,33.88771778624264,10.71240351378435,0.033099643886089325,0.006176074966788292,-140.4445353743366,-3.670973961882563,-0.02790101058781147,-0.023045217618346214,-246.0821533203125,32.01377868652344,0.30427926778793335,-246.0821533203125,32.01377868652344,-246.1100543309003,31.99073346890509,11.99698975756132,38.399552926421165
472,/yh/study/new_data/model_dataset_flight/vi/vi_000472.jpg,-241.269775390625,44.472137451171875,-246.0821533203125,32.01377868652344,13.355511388443196,-241.269775390625,44.472137451171875,0.0,-248.62892150878906,37.031776428222656,10.464989428580955,0.2575186789035797,-247.5825716138067,34.97011198863751,11.407886922917339,0.029377896338701248,0.005812409333884716,-144.14193533811792,-3.697394414252642,-0.0261653121560812,-0.01891135983169079,-246.35757446289062,32.879615783691406,0.29798606038093567,-246.35757446289062,32.879615783691406,-246.3837397750467,32.860704423859715,12.659868009215227,39.27740000654012
473,/yh/study/new_data/model_dataset_flight/vi/vi_000473.jpg,-241.15740966796875,46.194480895996094,-246.35757446289062,32.879615783691406,14.294311695678578,-241.15740966796875,46.194480895996094,0.0,-248.7830352783203,37.20824432373047,11.785695299046802,0.250723272562027,-247.78652500267293,35.42980997749461,12.642124430033181,0.026086732745170593,0.0060331677086651325,-147.85239462359235,-3.7104622736821686,-0.02464119903743267,-0.015485941432416439,-247.67636108398438,33.19035339355469,0.29747018218040466,-247.67636108398438,33.19035339355469,-247.7010022830218,33.17486745212227,14.546616777248415,37.30133699718863
474,/yh/study/new_data/model_dataset_flight/vi/vi_000474.jpg,-241.04513549804688,47.91563415527344,-247.67636108398438,33.19035339355469,16.149521549663213,-241.04513549804688,47.91563415527344,0.0,-248.59181213378906,44.240150451660156,8.39413537536677,0.2376236468553543,-248.2156954090087,39.7002971412411,10.904526202032926,0.023150760680437088,0.00631603691726923,-151.57890485361628,-3.726514925778991,-0.02313787117600441,-0.012521611526608467,-248.17822265625,37.39659118652344,0.289914608001709,-248.17822265625,37.39659118652344,-248.201360527426,37.38406957499683,12.709492412560431,36.664471961557865
475,/yh/study/new_data/model_dataset_flight/vi/vi_000475.jpg,-240.94297790527344,49.48151397705078,-248.17822265625,37.39659118652344,14.085244955610147,-240.94297790527344,49.48151397705078,0.0,-248.51022338867188,44.17161560058594,9.244361793785336,0.2379543036222458,-248.37381956005663,41.38806972615835,10.987322127832822,0.020548153668642044,0.005868016742169857,-155.3218621791616,-3.7429509222429806,-0.02133747935295105,-0.009804281406104565,-248.3638458251953,38.42404556274414,0.28738313913345337,-248.3638458251953,38.42404556274414,-248.38518330454826,38.414241281338036,13.316789718934313,35.04873195197433
476,/yh/study/new_data/model_dataset_flight/vi/vi_000476.jpg,-240.92977905273438,51.15644073486328,-248.3638458251953,38.42404556274414,14.743786338536331,-240.92977905273438,51.15644073486328,0.0,-248.30966186523438,50.33738708496094,7.42519489358032,0.2518537640571594,-248.33192356187067,45.44274307807257,9.350833345074237,0.018220631405711174,0.006345757283270359,-159.07729143013137,-3.7554211401201316,-0.01998288556933403,-0.0076397983357310295,-248.32147216796875,43.744441986083984,0.26054972410202026,-248.32147216796875,43.744441986083984,-248.34145505353808,43.73680218774825,10.46780075095572,36.921511054970324
477,/yh/study/new_data/model_dataset_flight/vi/vi_000477.jpg,-240.91661071777344,52.82960891723633,-248.32147216796875,43.744441986083984,11.720590056114611,-240.91661071777344,52.82960891723633,0.0,-248.30966186523438,50.98117446899414,7.62062432996286,0.2528162896633148,-248.31451417534322,48.0079339880699,8.830488360791549,0.01615443453192711,0.006175892427563667,-162.80009969762517,-3.7228078406069667,-0.018381839618086815,-0.0056900945492088795,-247.7203369140625,48.413639068603516,0.27854520082473755,-247.7203369140625,48.413639068603516,-247.7387187536806,48.40794897405431,8.111194724459779,37.18777105677873
478,/yh/study/new_data/model_dataset_flight/vi/vi_000478.jpg,-240.90213012695312,54.669002532958984,-247.7203369140625,48.413639068603516,9.252973352548768,-240.90213012695312,54.669002532958984,0.0,-248.43728637695312,51.33024978637695,8.241713997386897,0.25222909450531006,-248.14272482298145,50.13194860920061,8.544651535273088,0.014314777217805386,0.006250699982047081,-166.5330303054689,-3.7329254852018714,-0.016960598528385162,-0.004061540123075247,-247.4581756591797,50.257469177246094,0.3067399263381958,-247.4581756591797,50.257469177246094,-247.47513625770807,50.25340763712302,7.902111083071112,38.176761008799076
479,/yh/study/new_data/model_dataset_flight/vi/vi_000479.jpg,-241.29090881347656,56.285118103027344,-247.4581756591797,50.257469177246094,8.623672762725915,-241.29090881347656,56.285118103027344,0.0,-248.25588989257812,53.54684829711914,7.483921629880374,0.2781641483306885,-247.928145809658,52.19539373120702,7.796073395045779,0.012685819528996944,0.00622349139302969,-170.28865080173546,-3.755626045795232,-0.015571187250316143,-0.0026648060884326696,-246.9833984375,52.41336441040039,0.33519214391708374,-246.9833984375,52.41336441040039,-246.99896962475032,52.41069960431196,6.8843964714406845,37.39285806659609
480,/yh/study/new_data/model_dataset_flight/vi/vi_000480.jpg,-241.7179412841797,58.060272216796875,-246.9833984375,52.41336441040039,7.720920075184926,-241.7179412841797,58.060272216796875,0.0,-248.62449645996094,54.90347671508789,7.593804200512471,0.25121840834617615,-247.95024477453958,53.88040411653204,7.504192437002379,0.01123350951820612,0.0062921782955527306,-174.07302639440772,-3.7843700431435843,-0.014302728697657585,-0.001484848908148706,-247.37625122070312,53.22767639160156,0.3145211935043335,-247.37625122070312,53.22767639160156,-247.39055394940078,53.226191542693414,7.441132558116071,36.76964505575597
481,/yh/study/new_data/model_dataset_flight/vi/vi_000481.jpg,-242.10719299316406,59.67837905883789,-247.37625122070312,53.22767639160156,8.329137980985005,-242.10719299316406,59.67837905883789,0.0,-248.8994903564453,54.54080581665039,8.516452447473561,0.25440865755081177,-248.27366146596026,54.00130134105066,8.381798425146341,0.00994237419217825,0.006399203557521105,-177.83625572140966,-3.7632331689833336,-0.013132605701684952,-0.000496181717608124,-247.92218017578125,53.203857421875,0.30234724283218384,-247.92218017578125,53.203857421875,-247.93531278148293,53.20336124015739,8.702500006406366,38.42498199082911
482,/yh/study/new_data/model_dataset_flight/vi/vi_000482.jpg,-242.8861541748047,61.41960144042969,-247.92218017578125,53.203857421875,9.63638976281725,-242.8861541748047,61.41960144042969,0.0,-252.3131866455078,62.88572692871094,9.540359801971778,0.23837804794311523,-250.5091240774051,58.90789212319184,8.026104524004841,0.008795312605798244,0.0055343033745884895,178.38262987387566,-3.7811308259297056,-0.011557858437299728,0.0003263469261582941,-248.84478759765625,57.64288330078125,0.2617250680923462,-248.84478759765625,57.64288330078125,-248.85634545609355,57.64320964770741,7.054708510936032,38.02579699549824
483,/yh/study/new_data/model_dataset_flight/vi/vi_000483.jpg,-243.60806274414062,63.03327941894531,-248.84478759765625,57.64288330078125,7.515294904536112,-243.60806274414062,63.03327941894531,0.0,-252.42214965820312,65.2392578125,9.085948976385346,0.25627923011779785,-250.95237614944642,62.11825696580009,7.401094884212358,0.007779856212437153,0.005843487102538347,174.57214929819557,-3.810482710114189,-0.01065361499786377,0.0010122881503775716,-248.88751220703125,63.086273193359375,0.2347370982170105,-248.88751220703125,63.086273193359375,-248.8981658220291,63.08728548150975,5.279715425223481,37.37737599294633
484,/yh/study/new_data/model_dataset_flight/vi/vi_000484.jpg,-244.32330322265625,64.63209533691406,-248.88751220703125,63.086273193359375,4.818876399385387,-244.32330322265625,64.63209533691406,0.0,-252.3839111328125,65.73104095458984,8.135175557532998,0.2598712146282196,-250.94740165175284,64.64442754323274,6.624109908634715,0.00687441136687994,0.005751146003603935,170.74119181538381,-3.8309596172458873,-0.009622957557439804,0.0015687168342992663,-248.66758728027344,65.59233856201172,0.2562302350997925,-248.66758728027344,65.59233856201172,-248.67721023783088,65.59390727884602,4.449142729179724,38.83972694166005
485,/yh/study/new_data/model_dataset_flight/vi/vi_000485.jpg,-245.63450622558594,67.1124267578125,-248.66758728027344,65.59233856201172,3.3926757592374064,-245.63450622558594,67.1124267578125,0.0,-252.24488830566406,68.23335266113281,6.704746536995448,0.3057309687137604,-250.77513987344537,67.14828145686457,5.140758685344866,0.006069944240152836,0.005919512361288071,166.8786925189849,-3.8625052728144147,-0.008793949149549007,0.0020498638041317463,-248.4176025390625,67.89356994628906,0.29558536410331726,-248.4176025390625,67.89356994628906,-248.42639648821205,67.8956198100932,2.890641757636211,37.15664800256491
486,/yh/study/new_data/model_dataset_flight/vi/vi_000486.jpg,-246.94790649414062,69.5969467163086,-248.4176025390625,67.89356994628906,2.249777519022975,-246.94790649414062,69.5969467163086,0.0,-252.19363403320312,64.70228576660156,7.174633316530236,0.27589142322540283,-250.64223639315813,66.01343763404829,5.14680587796128,0.00536118121817708,0.005584852769970894,163.01197216567897,-3.8667177919850197,-0.0077978321351110935,0.0023822549264878035,-248.28611755371094,66.00403594970703,0.27646347880363464,-248.28611755371094,66.00403594970703,-248.29391538584605,66.00641820463352,3.8340339874233935,37.41187497507781
487,/yh/study/new_data/model_dataset_flight/vi/vi_000487.jpg,-248.10235595703125,70.97038269042969,-248.28611755371094,66.00403594970703,4.969745292618206,-248.10235595703125,70.97038269042969,0.0,-260.4967956542969,68.17823791503906,12.705046550717363,0.2777690291404724,-255.47998972511078,67.28495834276023,8.246928679108498,0.004730913322418928,0.005179582163691521,159.1364818494787,-3.8754856204452004,-0.006840696092694998,0.002607218222692609,-253.08773803710938,66.45333862304688,0.26538658142089844,-253.08773803710938,66.45333862304688,-253.09457873320207,66.45594584126957,6.72738594039634,36.28363297320902
488,/yh/study/new_data/model_dataset_flight/vi/vi_000488.jpg,-249.25552368164062,72.34230041503906,-253.08773803710938,66.45333862304688,7.026075565620157,-249.25552368164062,72.34230041503906,0.0,-261.2221984863281,70.9571762084961,12.046571086773776,0.30714845657348633,-257.880122880354,69.1067565252773,9.21153926339253,0.004174281843006611,0.005106691271066666,155.24987198530968,-3.8866060221876277,-0.006109642796218395,0.0028166004922240973,-259.6456298828125,69.86625671386719,0.28120747208595276,-259.6456298828125,69.86625671386719,-259.6517395256087,69.86907331435941,10.681062647590041,35.08927905932069
489,/yh/study/new_data/model_dataset_flight/vi/vi_000489.jpg,-250.52227783203125,73.84934997558594,-259.6456298828125,69.86625671386719,9.954927652878435,-250.52227783203125,73.84934997558594,0.0,-260.8848876953125,70.26651000976562,10.964507531086525,0.2691904306411743,-260.3757336671474,70.10206434249812,10.541951503897707,0.003680202877148986,0.005243139341473579,151.29971404110285,-3.9501583710936576,-0.0055275605991482735,0.0030262870714068413,-261.9642639160156,70.39522552490234,0.3359319865703583,-261.9642639160156,70.39522552490234,-261.9697914766148,70.39825181197375,11.951988172136982,35.70587502326816
490,/yh/study/new_data/model_dataset_flight/vi/vi_000490.jpg,-251.84426879882812,75.05020141601562,-261.9642639160156,70.39522552490234,11.139259478023876,-251.84426879882812,75.05020141601562,0.0,-261.41314697265625,71.05741882324219,10.368497593128854,0.39278239011764526,-261.6395755727999,70.78535405845085,10.68348996253307,0.0032430612482130527,0.005296791438013315,147.30297420675652,-3.9967598980270083,-0.004957890138030052,0.0031825455371290445,-263.28179931640625,70.95243072509766,0.4582323729991913,-263.28179931640625,70.95243072509766,-263.2867572065443,70.95561327063479,12.149437393388933,33.392947050742805
491,/yh/study/new_data/model_dataset_flight/vi/vi_000491.jpg,-253.2986602783203,76.3713150024414,-263.28179931640625,70.95243072509766,11.359021606854999,-253.2986602783203,76.3713150024414,0.0,-263.6867370605469,71.31484985351562,11.553353583948498,0.47382593154907227,-263.5203667689855,71.16594850525959,11.470794390594323,0.0028559155762195587,0.005077466368675232,143.3067124856521,-3.996260440443951,-0.004325675778090954,0.0032234713435173035,-263.8395080566406,70.97265625,0.4744477868080139,-263.8395080566406,70.97265625,-263.8438337324187,70.97587972134352,11.842929882889305,33.6597110144794
492,/yh/study/new_data/model_dataset_flight/vi/vi_000492.jpg,-254.750244140625,77.68987274169922,-263.8395080566406,70.97265625,11.302022647798033,-254.750244140625,77.68987274169922,0.0,-263.6401062011719,70.90196228027344,11.185051447708423,0.4679555296897888,-263.72203125091653,70.93100718044691,11.232774707412043,0.0025135260075330734,0.004750262945890427,139.30306049986572,-4.0036558277677825,-0.003706429386511445,0.0031876880675554276,-263.79962158203125,70.60682678222656,0.4607987105846405,-263.79962158203125,70.60682678222656,-263.80332801141776,70.61001447029412,11.491769756701283,32.12404192890972
493,/yh/study/new_data/model_dataset_flight/vi/vi_000493.jpg,-256.15155029296875,78.97294616699219,-263.79962158203125,70.60682678222656,11.335120114173176,-256.15155029296875,78.97294616699219,0.0,-263.7312927246094,70.2080307006836,11.587762444128241,0.4567579925060272,-263.75936590893417,70.37187766560562,11.482910685539249,0.002211916958913207,0.004491972737014294,135.29178602296562,-4.011270208031878,-0.003168225521221757,0.003136119805276394,-263.847900390625,69.90270233154297,0.4392349421977997,-263.847900390625,69.90270233154297,-263.8510686161462,69.90583845134825,11.8955087348208,34.04685098212212
494,/yh/study/new_data/model_dataset_flight/vi/vi_000494.jpg,-257.68707275390625,80.37890625,-263.847900390625,69.90270233154297,12.15346229312668,-257.68707275390625,80.37890625,0.0,-266.41937255859375,72.73157501220703,11.607529234917717,0.4742819368839264,-265.36287293484367,71.5693213584491,11.684463803663423,0.0019452970009297132,0.004248482175171375,131.25048603447414,-4.041297427170546,-0.0026832588482648134,0.0030596177093684673,-264.61688232421875,71.47132873535156,0.457072377204895,-264.61688232421875,71.47132873535156,-264.619565583067,71.47438835306093,11.285707680968223,33.32381707150489
495,/yh/study/new_data/model_dataset_flight/vi/vi_000495.jpg,-259.0905456542969,81.66397857666016,-264.61688232421875,71.47132873535156,11.594417095173492,-259.0905456542969,81.66397857666016,0.0,-251.6270294189453,84.24053192138672,7.8957394671796255,0.42311733961105347,-256.96396243262484,78.99425372725358,3.413178426369765,0.0017099619144573808,0.004110182635486126,127.17549955299614,-4.074984347043872,-0.0022750652860850096,0.0029999506659805775,-256.29034423828125,75.19733428955078,0.24657052755355835,-256.29034423828125,75.19733428955078,-256.29261930356734,75.20033424021676,7.046886994003822,33.648974960669875
496,/yh/study/new_data/model_dataset_flight/vi/vi_000496.jpg,-260.5148010253906,82.92538452148438,-256.29034423828125,75.19733428955078,8.807314887832916,-260.5148010253906,82.92538452148438,0.0,-251.1912384033203,84.34713745117188,9.431341440152702,0.44779378175735474,-253.2862264273803,80.58790423136374,7.597111610717747,0.001502985367551446,0.004361900966614485,123.1152389593687,-4.0602550440987395,-0.0020126255694776773,0.0030855669174343348,-249.99591064453125,78.08226013183594,0.31868797540664673,-249.99591064453125,78.08226013183594,-249.99792327010073,78.08534569875337,11.580281028461417,34.81736104004085
497,/yh/study/new_data/model_dataset_flight/vi/vi_000497.jpg,-262.0736999511719,84.30602264404297,-249.99591064453125,78.08226013183594,13.587060548328921,-262.0736999511719,84.30602264404297,0.0,-261.0010681152344,84.16899871826172,1.0813485153747415,0.3605148196220398,-256.4795551578172,81.66823782863338,6.184849610251078,0.0013201708206906915,0.0038972990587353706,119.03999293070225,-4.075244748005979,-0.0015867507318034768,0.0028578678611665964,-251.3974609375,79.31826782226562,0.2696419358253479,-251.3974609375,79.31826782226562,-251.3990476882318,79.32112569012679,11.783877869326911,34.82379298657179
498,/yh/study/new_data/model_dataset_flight/vi/vi_000498.jpg,-263.5023498535156,85.5712890625,-251.3974609375,79.31826782226562,13.624559086440199,-263.5023498535156,85.5712890625,0.0,-260.46783447265625,89.86735534667969,5.259702378912478,0.35893183946609497,-256.7412352325272,85.53322055055858,6.761221792675141,0.0011595009127631783,0.0035335910506546497,114.96924116650968,-4.070750056645287,-0.0012352822814136744,0.0026527890004217625,-251.0544891357422,83.16299438476562,0.3239227831363678,-251.0544891357422,83.16299438476562,-251.0557244180236,83.16564717376605,12.678687617568734,35.528042004443705
499,/yh/study/new_data/model_dataset_flight/vi/vi_000499.jpg,-264.9350280761719,86.8134536743164,-251.0544891357422,83.16299438476562,14.35253337573031,-264.9350280761719,86.8134536743164,0.0,-260.1720886230469,89.75865173339844,5.5999807000877455,0.3734312057495117,-256.42608641161695,87.04879953510708,8.512195717028012,0.0010181316174566746,0.0033567503560334444,110.87952879718114,-4.089715357536297,-0.0009610462584532797,0.002519432222470641,-251.3219757080078,83.88487243652344,0.3304119110107422,-251.3219757080078,83.88487243652344,-251.32293675426627,83.88739186874591,13.924502965805644,34.90144095849246
500,/yh/study/new_data/model_dataset_flight/vi/vi_000500.jpg,-266.5103759765625,88.1793212890625,-251.3219757080078,83.88487243652344,15.783845971907676,-266.5103759765625,88.1793212890625,0.0,-263.0202941894531,90.47085571289062,4.175140823529413,0.40424245595932007,-258.2139932587615,87.76497814587705,8.306722966400894,0.0008932435885071754,0.0033643480855971575,106.7733488417637,-4.1061773940964965,-0.0007432306301780045,0.002465843455865979,-254.11874389648438,84.41404724121094,0.2838480770587921,-254.11874389648438,84.41404724121094,-254.11948712711455,84.4165130846668,12.95105533396587,35.967890988104045
501,/yh/study/new_data/model_dataset_flight/vi/vi_000501.jpg,-267.94476318359375,89.4229507446289,-254.11874389648438,84.41404724121094,14.705370571123776,-267.94476318359375,89.4229507446289,0.0,-262.89599609375,93.68553924560547,6.607549459228205,0.4162878394126892,-259.28982692751094,89.87630967809963,8.666801943013025,0.6299000978469849,0.0031324769370257854,102.66671126367187,-4.106636297431357,-0.13846755027770996,0.6160977482795715,-256.1519775390625,86.57627868652344,0.2637958526611328,-256.1519775390625,86.57627868652344,-256.2904450893402,87.19237643480301,12.131501764590432,36.43104899674654
502,/yh/study/new_data/model_dataset_flight/vi/vi_000502.jpg,-269.3892822265625,90.6632080078125,-256.1519775390625,86.57627868652344,13.85385241248519,-269.3892822265625,90.6632080078125,0.0,-262.41717529296875,93.64636993408203,7.583503818935557,0.4261828660964966,-259.8430937407074,90.74159467111473,9.54651030882261,0.5706821084022522,0.0024706004187464714,98.57391847902767,-4.092796199738796,-0.08526444435119629,0.5655258893966675,-257.06494140625,87.54679107666016,0.2568233013153076,-257.06494140625,87.54679107666016,-257.1502058506012,88.11231696605682,12.712255155714661,35.28631792869419
503,/yh/study/new_data/model_dataset_flight/vi/vi_000503.jpg,-270.97442626953125,92.024169921875,-257.06494140625,87.54679107666016,14.612347192885462,-270.97442626953125,92.024169921875,0.0,-266.9465026855469,94.4493637084961,4.70167345751309,0.387177050113678,-262.8866237167275,91.6134141387199,8.098226376592223,0.5153409242630005,0.002426574472337961,94.46336720254142,-4.110551276486244,-0.040199123322963715,0.5149877071380615,-261.8609619140625,88.86465454101562,0.31627312302589417,-261.8609619140625,88.86465454101562,-261.90116103738546,89.37964224815369,9.645608845494742,35.360564943403006
504,/yh/study/new_data/model_dataset_flight/vi/vi_000504.jpg,-272.4178161621094,93.26346588134766,-261.8609619140625,88.86465454101562,11.436639052726068,-272.4178161621094,93.26346588134766,0.0,-267.63470458984375,94.80831146240234,5.02640071841129,0.35560542345046997,-265.2625393218015,92.36633624705128,7.211298651573018,0.464409738779068,0.00206500175409019,90.36396279478063,-4.099407822855368,-0.0029566315934062004,0.4654328525066376,-262.7967834472656,89.47049713134766,0.2987399101257324,-262.7967834472656,89.47049713134766,-262.79974007885903,89.9359299838543,10.341705973318438,35.4729670798406
505,/yh/study/new_data/model_dataset_flight/vi/vi_000505.jpg,-273.9466857910156,94.55138397216797,-262.7967834472656,89.47049713134766,12.252988752316014,-273.9466857910156,94.55138397216797,0.0,-269.13861083984375,101.64057922363281,8.565878475058943,0.31300660967826843,-266.53304569408544,96.64045232680405,7.7023545800717885,0.41737988591194153,0.0021303012035787106,86.25638265058335,-4.107580571084111,0.0273211020976305,0.4175521731376648,-264.64410400390625,93.37825012207031,0.2878740727901459,-264.64410400390625,93.37825012207031,-264.6167829018086,93.79580229520798,9.376261031781485,37.08213102072477
506,/yh/study/new_data/model_dataset_flight/vi/vi_000506.jpg,-275.4753112792969,95.83911895751953,-264.64410400390625,93.37825012207031,11.107246574545826,-275.4753112792969,95.83911895751953,0.0,-268.629150390625,101.8460693359375,9.107874162632918,0.31847989559173584,-266.9918781460956,98.36703194837699,8.85206087952649,0.37424933910369873,0.0021730968728661537,82.16175937524157,-4.094622421568128,0.05118710920214653,0.37182915210723877,-264.7478332519531,95.89530944824219,0.2655367851257324,-264.7478332519531,95.89530944824219,-264.696646142751,96.26713860034943,10.72762518912693,35.85856698919088
507,/yh/study/new_data/model_dataset_flight/vi/vi_000507.jpg,-277.00323486328125,97.12625885009766,-264.7478332519531,95.89530944824219,12.317065603660327,-277.00323486328125,97.12625885009766,0.0,-272.5524597167969,102.17926788330078,6.733669110833661,0.43569260835647583,-269.34589772233795,99.59747843016237,8.046225096463862,0.3348175287246704,0.0014770387206226587,78.06318142037036,-4.0985758204370955,0.06940404325723648,0.3283000886440277,-267.0771484375,99.33687591552734,0.23504602909088135,-267.0771484375,99.33687591552734,-267.00774439424276,99.66517600417137,10.16926838774785,35.67133704200387
508,/yh/study/new_data/model_dataset_flight/vi/vi_000508.jpg,-278.5319519042969,98.3955078125,-267.0771484375,99.33687591552734,11.493419698607504,-278.5319519042969,98.3955078125,0.0,-272.3700866699219,102.4951171875,7.401039129351172,0.4402458369731903,-270.1954618302125,101.19754113082938,8.794797181989793,0.2988944351673126,0.001512077753432095,73.96739701286968,-4.095782699953384,0.08275876194238663,0.28799545764923096,-267.82098388671875,101.59263610839844,0.24213045835494995,-267.82098388671875,101.59263610839844,-267.73822512477636,101.88063156604767,11.17794548269117,36.3329480169341
509,/yh/study/new_data/model_dataset_flight/vi/vi_000509.jpg,-280.060546875,99.6646499633789,-267.82098388671875,101.59263610839844,12.390481537030412,-280.060546875,99.6646499633789,0.0,-271.7994079589844,104.87450408935547,9.766729043219271,0.416785329580307,-270.16485651883124,103.52613550490469,10.622417719737065,0.2663739323616028,0.0009908850770443678,69.87284203941961,-4.0945524121291355,0.0918310284614563,0.25057199597358704,-267.9105529785156,103.52142333984375,0.27884674072265625,-267.9105529785156,103.52142333984375,-267.81872195005417,103.77199533581734,12.747433175428519,34.77245196700096
510,/yh/study/new_data/model_dataset_flight/vi/vi_000510.jpg,-281.588623046875,100.93338012695312,-267.9105529785156,103.52142333984375,13.920760340826856,-281.588623046875,100.93338012695312,0.0,-274.1224365234375,103.5614013671875,7.915202893285981,0.48567962646484375,-271.5702593271455,103.54497623477772,10.353165982017144,0.23700293898582458,0.0007192809134721756,65.81792265372312,-4.054918958809667,0.09723266214132309,0.2165336161851883,-271.1031494140625,102.87682342529297,0.3734112083911896,-271.1031494140625,102.87682342529297,-271.0059167519212,103.09335704147816,10.664057818591768,34.67594098765403
511,/yh/study/new_data/model_dataset_flight/vi/vi_000511.jpg,-283.04119873046875,102.16487121582031,-271.1031494140625,102.87682342529297,11.959259903084334,-283.04119873046875,102.16487121582031,0.0,-274.4587707519531,103.66283416748047,8.71217326566421,0.4455927908420563,-273.0801003058601,103.33989851072764,10.030163057922717,0.210563063621521,0.0013496875762939453,61.754745569320086,-4.063186475913144,0.09996765106916428,0.1860858052968979,-271.13311767578125,102.91757202148438,0.3480370342731476,-271.13311767578125,102.91757202148438,-271.0331500247121,103.10365782678127,11.931846165110187,34.387530060485005
512,/yh/study/new_data/model_dataset_flight/vi/vi_000512.jpg,-284.63873291015625,103.51927185058594,-271.13311767578125,102.91757202148438,13.519012003224308,-284.63873291015625,103.51927185058594,0.0,-274.4740295410156,103.73238372802734,10.166937161944366,0.4370007812976837,-273.1014025405879,103.39761507989151,11.537971763980863,0.18700623512268066,0.0004144755657762289,57.721286637995775,-4.033466188400303,0.09997914731502533,0.15828154981136322,-271.4935607910156,102.98790740966797,0.3914814293384552,-271.4935607910156,102.98790740966797,-271.3935816437006,103.14618895947933,13.155907350346615,36.75527195446193
513,/yh/study/new_data/model_dataset_flight/vi/vi_000513.jpg,-286.09234619140625,104.75164031982422,-271.4935607910156,102.98790740966797,14.704940970470663,-286.09234619140625,104.75164031982422,0.0,-285.21588134765625,110.78358459472656,6.09528853770327,0.26571184396743774,-279.57801107021083,107.58069944765631,7.102122050486755,0.16567814350128174,0.0005856333300471306,53.67247344141728,-4.048820026767668,0.09832125157117844,0.1337134838104248,-274.32611083984375,105.41920471191406,0.2940475642681122,-274.32611083984375,105.41920471191406,-274.22778958827257,105.55291819572449,11.785157468865037,39.9161740206182
514,/yh/study/new_data/model_dataset_flight/vi/vi_000514.jpg,-287.6138000488281,106.0279312133789,-274.32611083984375,105.41920471191406,13.301625181463558,-287.6138000488281,106.0279312133789,0.0,-285.03302001953125,109.510498046875,4.334593096172303,0.27879437804222107,-280.63404356519857,107.82957381876955,7.208530824538911,0.14663150906562805,0.0003015841357409954,49.636135585357806,-4.036341698040879,0.0950620099902153,0.11184032261371613,-277.3819274902344,104.83479309082031,0.29108086228370667,-277.3819274902344,104.83479309082031,-277.28686548024416,104.94663341343403,10.30120355273142,39.47628696914762
515,/yh/study/new_data/model_dataset_flight/vi/vi_000515.jpg,-289.1354675292969,107.30440521240234,-277.3819274902344,104.83479309082031,12.010190984364495,-289.1354675292969,107.30440521240234,0.0,-285.6766357421875,110.52342224121094,4.724996080768527,0.2628585696220398,-282.2687216856151,108.18622620545179,6.923135615131598,0.12969477474689484,0.00036967406049370766,45.62012437226829,-4.016013347523628,0.09083940088748932,0.09282734990119934,-280.0706787109375,105.88188171386719,0.2371431291103363,-280.0706787109375,105.88188171386719,-279.97983931005,105.97470906376839,9.17572718782211,42.27308998815715
516,/yh/study/new_data/model_dataset_flight/vi/vi_000516.jpg,-290.6573181152344,108.5810317993164,-280.0706787109375,105.88188171386719,10.925307549922419,-290.6573181152344,108.5810317993164,0.0,-288.706298828125,115.22303771972656,6.922623700984789,0.309205025434494,-285.15831976838496,111.38518641862652,6.172703293343272,0.11465425789356232,2.1636951714754105e-05,41.61810821678814,-4.00201530170651,0.08572226017713547,0.07615624368190765,-284.9185791015625,110.41978454589844,0.30170732736587524,-284.9185791015625,110.41978454589844,-284.83285684138536,110.49594078958035,6.026121234268574,37.70851099397987
517,/yh/study/new_data/model_dataset_flight/vi/vi_000517.jpg,-292.20294189453125,109.85389709472656,-284.9185791015625,110.41978454589844,7.306310279955355,-292.20294189453125,109.85389709472656,0.0,-286.3414611816406,106.05921173095703,6.982592151743899,0.2507762014865875,-285.7568643888117,107.85077051028445,6.750143059450076,0.10130814462900162,-1.4268793165683746e-05,37.632238628505895,-3.9858700151690694,0.08022495359182358,0.061853472143411636,-284.57867431640625,106.302978515625,0.3282794952392578,-284.57867431640625,106.302978515625,-284.4984493628144,106.36483198776841,8.410617031957687,37.73674101103097
518,/yh/study/new_data/model_dataset_flight/vi/vi_000518.jpg,-293.7490539550781,111.12715911865234,-284.57867431640625,106.302978515625,10.361881161642078,-293.7490539550781,111.12715911865234,0.0,-286.82611083984375,106.74495697021484,8.193341018567533,0.2389908730983734,-285.9027425564959,106.56336835463645,9.07704735589926,0.08946223556995392,-0.00024655042216181755,33.660275305373794,-3.9719646037925695,0.07436026632785797,0.0495176762342453,-285.2283935546875,105.79793548583984,0.2978964149951935,-285.2283935546875,105.79793548583984,-285.15403328835964,105.84745316207409,10.049988964536835,40.03860102966428
519,/yh/study/new_data/model_dataset_flight/vi/vi_000519.jpg,-295.2937927246094,112.3992919921875,-285.2283935546875,105.79793548583984,12.037033196504964,-295.2937927246094,112.3992919921875,0.0,-291.4416198730469,104.07628631591797,9.171240873814732,0.2761729061603546,-288.8888909929182,104.78363276240466,9.950931197470759,0.07896538078784943,0.00011014356277883053,29.710359832882496,-3.9499163262649453,0.0686325803399086,0.039163779467344284,-288.22021484375,103.80027770996094,0.2521144151687622,-288.22021484375,103.80027770996094,-288.1515822634101,103.83944148942828,11.134565580323258,38.79564499948174
520,/yh/study/new_data/model_dataset_flight/vi/vi_000520.jpg,-296.8227844238281,113.6799087524414,-288.22021484375,103.80027770996094,13.100050111187715,-296.8227844238281,113.6799087524414,0.0,-291.3531188964844,110.21134185791016,6.476742798880525,0.2788563668727875,-290.0659527376635,107.57733051432388,9.104736986179438,0.06964321434497833,-0.00011928915046155453,25.784426862114405,-3.9259325438812684,0.06265562772750854,0.030267907306551933,-290.9656066894531,105.75112915039062,0.25735485553741455,-290.9656066894531,105.75112915039062,-290.9029510617256,105.78139705769718,9.85758981647922,38.61168306320906
521,/yh/study/new_data/model_dataset_flight/vi/vi_000521.jpg,-298.3514709472656,114.96026611328125,-290.9656066894531,105.75112915039062,11.805049531285778,-298.3514709472656,114.96026611328125,0.0,-291.614501953125,108.86397552490234,9.085786161140343,0.2784632742404938,-291.34790073905697,107.58505014339168,10.170732828258835,0.06145952269434929,-0.00022161449305713177,21.862943759590575,-3.921482248750182,0.056936345994472504,0.022845501080155373,-291.82232666015625,104.68621063232422,0.24885410070419312,-291.82232666015625,104.68621063232422,-291.7653903141618,104.70905613340437,12.173164795880988,37.45812689885497
522,/yh/study/new_data/model_dataset_flight/vi/vi_000522.jpg,-299.8791809082031,116.23981475830078,-291.82232666015625,104.68621063232422,14.085406230352522,-299.8791809082031,116.23981475830078,0.0,-297.5245361328125,112.93657684326172,4.0565666198924895,0.22847220301628113,-295.18176056734166,109.54688089156828,8.176865022928652,0.054200682789087296,-0.00027203094214200974,17.991788905965986,-3.8711548536245894,0.05142094939947128,0.0166995320469141,-296.00927734375,108.58229064941406,0.20210368931293488,-296.00927734375,108.58229064941406,-295.95785639435053,108.59899018146098,8.5798501779663,36.90731595270336
523,/yh/study/new_data/model_dataset_flight/vi/vi_000523.jpg,-301.4210510253906,117.51980590820312,-296.00927734375,108.58229064941406,10.448276096198141,-301.4210510253906,117.51980590820312,0.0,-297.7005310058594,112.74337768554688,6.054464120128218,0.23207888007164001,-297.0056726753117,111.0337784362039,7.846280541879337,0.047786083072423935,-0.0002659291494637728,14.118584141816745,-3.8732043372624165,0.04621366038918495,0.011624005623161793,-297.63861083984375,110.9029541015625,0.20487074553966522,-297.63861083984375,110.9029541015625,-297.59239717945457,110.91457810718566,7.62165215608028,37.28941804729402
524,/yh/study/new_data/model_dataset_flight/vi/vi_000524.jpg,-302.9621887207031,118.79920196533203,-297.63861083984375,110.9029541015625,9.523193360404905,-302.9621887207031,118.79920196533203,0.0,-297.67236328125,118.31732177734375,5.3117286918159765,0.26454269886016846,-297.6584959557193,115.27109916704988,6.369981656220712,0.04214257746934891,-0.00028811022639274597,10.290862461124268,-3.8277216806924783,0.04132291302084923,0.007502838037908077,-298.1708068847656,116.20913696289062,0.2722570300102234,-298.1708068847656,116.20913696289062,-298.1294839717448,116.21663980092853,5.446629840059228,37.90611703880131
525,/yh/study/new_data/model_dataset_flight/vi/vi_000525.jpg,-304.50543212890625,120.08033752441406,-298.1708068847656,116.20913696289062,7.423858213304121,-304.50543212890625,120.08033752441406,0.0,-302.251220703125,120.04708099365234,2.2544567303368326,0.28701233863830566,-300.5747663679234,118.47024634034297,4.247649578953779,0.03717595711350441,-0.0005038992967456579,6.495805306363729,-3.7950567278737153,0.036686960607767105,0.0041772304102778435,-302.6678161621094,119.29451751708984,0.31249889731407166,-302.6678161621094,119.29451751708984,-302.6311292015016,119.29869474750012,1.9985858814016095,37.16107294894755
526,/yh/study/new_data/model_dataset_flight/vi/vi_000526.jpg,-306.0237731933594,121.29379272460938,-302.6678161621094,119.29451751708984,3.9063472645168886,-306.0237731933594,121.29379272460938,0.0,-302.10333251953125,119.51974487304688,4.3031501085413515,0.29599136114120483,-302.3352528815035,119.42720931314821,4.133922558891907,0.03279353678226471,-0.00047693029046058655,2.735834406482723,-3.759970899881006,0.032517969608306885,0.0015538919251412153,-304.1268005371094,119.7739486694336,0.3256310522556305,-304.1268005371094,119.7739486694336,-304.09428256750107,119.77550256135873,2.430726477951261,36.17204399779439
527,/yh/study/new_data/model_dataset_flight/vi/vi_000527.jpg,-307.5467834472656,122.51099395751953,-304.1268005371094,119.7739486694336,4.380376697818836,-307.5467834472656,122.51099395751953,0.0,-302.40863037109375,122.14337921142578,5.1512869882894385,0.3187043070793152,-303.1145474549127,121.16988919769013,4.630688703502492,0.028938880190253258,-0.00043978565372526646,-0.9974833877096009,-3.733317794192324,0.028714636340737343,-0.0004999542143195868,-305.12774658203125,121.61143493652344,0.3373331129550934,-305.12774658203125,121.61143493652344,-305.0990319456905,121.61093498230912,2.5808808162366588,34.705750993452966
528,/yh/study/new_data/model_dataset_flight/vi/vi_000528.jpg,-309.21337890625,123.84293365478516,-305.12774658203125,121.61143493652344,4.655317176982122,-309.21337890625,123.84293365478516,0.0,-307.0165710449219,125.28938293457031,2.630243391510384,0.3251105844974518,-306.2405399607705,123.77828329113984,2.9735418384948265,0.025540271773934364,-0.00043763965368270874,-4.6872629948113245,-3.6897796071017237,0.025236766785383224,-0.0020691920071840286,-307.97021484375,124.34034729003906,0.3361315131187439,-307.97021484375,124.34034729003906,-307.9449780769646,124.33827809803188,1.338983648454308,35.075068939477205
529,/yh/study/new_data/model_dataset_flight/vi/vi_000529.jpg,-311.48468017578125,125.45458984375,-307.97021484375,124.34034729003906,3.6868690020869734,-311.48468017578125,125.45458984375,0.0,-306.6688537597656,127.9613037109375,5.4291618580720185,0.3337281048297882,-307.2035231653764,126.47361928489272,4.400764291535537,0.02255835197865963,-0.0004204884171485901,-8.330163598544667,-3.6429006037333416,0.022112328559160233,-0.003237729426473379,-308.1065368652344,126.91436004638672,0.3132244348526001,-308.1065368652344,126.91436004638672,-308.0844245366752,126.91112231696025,3.6800518027737934,34.87521910574287
530,/yh/study/new_data/model_dataset_flight/vi/vi_000530.jpg,-313.98260498046875,127.22704315185547,-308.1065368652344,126.91436004638672,5.884381634404726,-313.98260498046875,127.22704315185547,0.0,-311.0047912597656,125.13838195800781,3.6372902190907044,0.3419032692909241,-309.81403185140186,125.86804965790863,4.384502850833641,0.019935952499508858,-0.000959829892963171,-11.930281177977518,-3.600118006319674,0.019035784527659416,-0.004021977540105581,-311.0107421875,125.21054077148438,0.3408987820148468,-311.0107421875,125.21054077148438,-310.99170640297234,125.20651879394427,3.5914134140021123,35.671678953804076
531,/yh/study/new_data/model_dataset_flight/vi/vi_000531.jpg,-315.52703857421875,128.31698608398438,-311.0107421875,125.21054077148438,5.481508508817811,-315.52703857421875,128.31698608398438,0.0,-311.1082458496094,127.25346374511719,4.544976227476914,0.259553462266922,-311.06818608010616,126.41412067157405,4.847913194561302,0.01760321855545044,-0.0008067893795669079,-15.516284171490536,-3.586002139739373,0.016572967171669006,-0.004601163323968649,-311.9635009765625,125.1041030883789,0.3309682607650757,-311.9635009765625,125.1041030883789,-311.94692800939083,125.09950192505494,4.798063917181643,35.4128850158304
532,/yh/study/new_data/model_dataset_flight/vi/vi_000532.jpg,-317.2200622558594,129.5117950439453,-311.9635009765625,125.1041030883789,6.8599697417822485,-317.2200622558594,129.5117950439453,0.0,-310.88031005859375,129.16323852539062,6.349326702049697,0.2547372877597809,-311.3253433790156,127.49552649825984,6.2300119972066845,0.015535661019384861,-0.0005826523993164301,-19.104804089712704,-3.588522052656285,0.014404700137674809,-0.004989427048712969,-311.81402587890625,126.3671646118164,0.32164615392684937,-311.81402587890625,126.3671646118164,-311.7996211787686,126.3621751847677,6.254113035723907,34.62444501928985
533,/yh/study/new_data/model_dataset_flight/vi/vi_000533.jpg,-318.7620544433594,130.6000213623047,-311.81402587890625,126.3671646118164,8.135857496454246,-318.7620544433594,130.6000213623047,0.0,-315.4812927246094,130.8194580078125,3.288092136270998,0.26627999544143677,-313.97458147533416,128.9902154609602,5.050878384952035,0.013722486793994904,-0.0005705039948225021,-22.64409200439742,-3.539289195345187,0.012401415035128593,-0.0051734112203121185,-314.6307373046875,128.72531127929688,0.27598151564598083,-314.6307373046875,128.72531127929688,-314.61833588965237,128.72013786807656,4.536774095722105,35.295559908263385
534,/yh/study/new_data/model_dataset_flight/vi/vi_000534.jpg,-320.32354736328125,131.67010498046875,-314.6307373046875,128.72531127929688,6.409360054302436,-320.32354736328125,131.67010498046875,0.0,-315.42279052734375,130.7523193359375,4.985955079450253,0.265997052192688,-315.0973722933259,129.91951496968574,5.511576112844301,0.01212863065302372,-0.0005596976261585951,-26.164772776235733,-3.520681412168545,0.010634633712470531,-0.005224769469350576,-315.30706787109375,129.52670288085938,0.26518577337265015,-315.30706787109375,129.52670288085938,-315.2964332373813,129.52147811139002,5.455202934460608,35.246188985183835
535,/yh/study/new_data/model_dataset_flight/vi/vi_000535.jpg,-322.04034423828125,132.8466339111328,-315.30706787109375,129.52670288085938,7.507259998341482,-322.04034423828125,132.8466339111328,0.0,-315.62310791015625,136.68450927734375,7.477312981116677,0.25175923109054565,-315.4932615962359,133.7436958946598,6.608253273298517,0.01071636751294136,-0.00034401146695017815,-29.655745640279072,-3.49097158338287,0.009163197129964828,-0.005217219237238169,-315.94512939453125,134.8006591796875,0.24060338735580444,-315.94512939453125,134.8006591796875,-315.9359661974013,134.79544196045026,6.400770167848597,36.22774197719991
536,/yh/study/new_data/model_dataset_flight/vi/vi_000536.jpg,-323.6027526855469,133.91734313964844,-315.94512939453125,134.8006591796875,7.708400722179359,-323.6027526855469,133.91734313964844,0.0,-319.63232421875,137.9175262451172,5.636112763885105,0.26714083552360535,-318.11742547980793,136.63694894666378,6.122505230669169,0.009470750577747822,-0.00026866677217185497,-33.1285450784883,-3.472798157548759,0.007818751037120819,-0.005102531984448433,-318.7723388671875,137.7532958984375,0.28966450691223145,-318.7723388671875,137.7532958984375,-318.7645201161504,137.74819336645305,6.168259983517119,37.17031003907323
537,/yh/study/new_data/model_dataset_flight/vi/vi_000537.jpg,-325.35205078125,135.10166931152344,-318.7723388671875,137.7532958984375,7.093922217538442,-325.35205078125,135.10166931152344,0.0,-319.655517578125,137.82113647460938,6.312368191527507,0.26590999960899353,-319.2926600728281,137.79326390258882,6.6303014411082595,0.008373267948627472,-0.0001288997009396553,-36.566701797227225,-3.4381560784086886,0.006673343013972044,-0.004950047004967928,-319.6185302734375,139.67611694335938,0.2737705111503601,-319.6185302734375,139.67611694335938,-319.6118569304235,139.6711668963544,7.334768472822842,36.41837590839714
538,/yh/study/new_data/model_dataset_flight/vi/vi_000538.jpg,-326.9438781738281,136.17941284179688,-319.6185302734375,139.67611694335938,8.117121499376571,-326.9438781738281,136.17941284179688,0.0,-319.57781982421875,137.47454833984375,7.479050178207866,0.25798261165618896,-319.59454587508486,138.37907160486185,7.671452529428796,0.007401581387966871,4.8279063776135445e-05,-39.97704257057127,-3.4103422674479273,0.005690344143658876,-0.004770881496369839,-319.7724304199219,140.1916046142578,0.27141615748405457,-319.7724304199219,140.1916046142578,-319.7667400757782,140.18683373276144,8.217502400730421,36.6633590310812
539,/yh/study/new_data/model_dataset_flight/vi/vi_000539.jpg,-328.535400390625,137.25692749023438,-319.7724304199219,140.1916046142578,9.241318765723387,-328.535400390625,137.25692749023438,0.0,-325.3048095703125,142.70343017578125,6.332543608373867,0.2650296986103058,-323.03180947191066,141.67143659882115,7.055310317083897,0.006547233089804649,4.469393752515316e-05,-43.38372919270936,-3.406687475911736,0.00477457232773304,-0.004512520972639322,-323.8597717285156,142.3094024658203,0.2854245901107788,-323.8597717285156,142.3094024658203,-323.8549971561879,142.30488994484767,6.883967370990425,37.67468803562224
540,/yh/study/new_data/model_dataset_flight/vi/vi_000540.jpg,-330.219970703125,138.3772430419922,-323.8597717285156,142.3094024658203,7.477567032867206,-330.219970703125,138.3772430419922,0.0,-325.35369873046875,143.11509704589844,6.79174966221446,0.2808420658111572,-324.7399128473727,142.78407420563087,7.032154364574889,0.00579210976138711,0.0004521289374679327,-46.78383834267673,-3.4001072289766636,0.004120961297303438,-0.0043858978897333145,-325.5380554199219,144.0875244140625,0.27757203578948975,-325.5380554199219,144.0875244140625,-325.53393445862457,144.08313851617277,7.384283585244015,37.16535889543593
541,/yh/study/new_data/model_dataset_flight/vi/vi_000541.jpg,-331.9036865234375,139.4969482421875,-325.5380554199219,144.0875244140625,7.848225846382868,-331.9036865234375,139.4969482421875,0.0,-332.5667419433594,130.45376586914062,9.067457743054195,0.22549931704998016,-329.6789779768783,136.0552500899042,4.098123264198364,0.005124038551002741,0.00032201409339904785,-50.145387659684786,-3.3615409927150095,0.0033868777099996805,-0.004057187121361494,-330.3715515136719,137.4279022216797,0.27824684977531433,-330.3715515136719,137.4279022216797,-330.3681646359619,137.42384503455833,2.5745658125456274,38.271609926596284
542,/yh/study/new_data/model_dataset_flight/vi/vi_000542.jpg,-333.590576171875,140.6187744140625,-330.3715515136719,137.4279022216797,4.532525245185253,-333.590576171875,140.6187744140625,0.0,-336.3817138671875,130.48170471191406,10.514306053202475,0.24222858250141144,-333.9124146290853,133.33557773724732,7.290304096929783,0.004536829423159361,0.0007363422773778439,-53.48475252226865,-3.339362941593155,0.002918655052781105,-0.003942141775041819,-334.42486572265625,135.08990478515625,0.2636740803718567,-334.42486572265625,135.08990478515625,-334.42194706760347,135.0859626433812,5.591461206874704,37.47316705994308
543,/yh/study/new_data/model_dataset_flight/vi/vi_000543.jpg,-335.299560546875,141.70977783203125,-334.42486572265625,135.08990478515625,6.677410440601744,-335.299560546875,141.70977783203125,0.0,-335.88653564453125,130.6763153076172,11.049064894502072,0.24265441298484802,-335.2860027117842,132.48965619479108,9.220131605372924,0.004014461301267147,0.0006175287999212742,-56.824182271649626,-3.3394252670693314,0.0023657120764255524,-0.003618519753217697,-335.4588623046875,132.8686981201172,0.28867006301879883,-335.4588623046875,132.8686981201172,-335.4564965926111,132.86507960036397,8.842514773663689,36.71706095337868
544,/yh/study/new_data/model_dataset_flight/vi/vi_000544.jpg,-337.0084533691406,142.8007049560547,-335.4588623046875,132.8686981201172,10.052163560952547,-337.0084533691406,142.8007049560547,0.0,-336.10687255859375,136.64923095703125,6.217192317968599,0.31484922766685486,-335.8406349543272,135.09598392230652,7.792722634474993,0.003552773268893361,0.0010248098988085985,-60.139829302340615,-3.315648951681694,0.002023991197347641,-0.0035254978574812412,-335.31689453125,137.2425537109375,0.3007916808128357,-335.31689453125,137.2425537109375,-335.31487054005265,137.23902821308002,5.809855124324842,37.126776995137334
545,/yh/study/new_data/model_dataset_flight/vi/vi_000545.jpg,-338.71722412109375,143.89157104492188,-335.31689453125,137.2425537109375,7.468043440365867,-338.71722412109375,143.89157104492188,0.0,-336.3839111328125,136.41217041015625,7.8349079992437956,0.3004327118396759,-335.9455230949687,136.75333671005703,7.657461459104197,0.003145732684060931,0.0011782608926296234,-63.45427421973768,-3.3144400081986016,0.0016691547352820635,-0.0033411262556910515,-335.451904296875,138.18032836914062,0.30458274483680725,-335.451904296875,138.18032836914062,-335.4502351421397,138.17698724288493,6.578799773218588,36.85144195333123
546,/yh/study/new_data/model_dataset_flight/vi/vi_000546.jpg,-340.3313903808594,144.94007873535156,-335.451904296875,138.18032836914062,8.336882478318024,-340.3313903808594,144.94007873535156,0.0,-337.6205139160156,136.03091430664062,9.312468095271631,0.26464521884918213,-336.7295319815338,136.91400966991193,8.797225049525514,0.0027853106148540974,0.0012807376915588975,-66.75090600377935,-3.296631357154851,0.0013522162334993482,-0.0031475054565817118,-336.1719970703125,137.9093017578125,0.2896772027015686,-336.1719970703125,137.9093017578125,-336.170644854079,137.90615425235592,8.168988775834828,36.42298001796007
547,/yh/study/new_data/model_dataset_flight/vi/vi_000547.jpg,-341.9457702636719,145.98873901367188,-336.1719970703125,137.9093017578125,9.9304462769668,-341.9457702636719,145.98873901367188,0.0,-339.3706970214844,136.878662109375,9.467021886783265,0.33555203676223755,-338.056498354667,137.30210453055287,9.517565582935942,0.002468012273311615,0.002117226831614971,-70.06371167577562,-3.312805245109441,0.0012024912284687161,-0.0033152832183986902,-337.48394775390625,140.18893432617188,0.3123529553413391,-337.48394775390625,140.18893432617188,-337.4827452626778,140.18561904295348,7.317485532735831,38.61851291731
548,/yh/study/new_data/model_dataset_flight/vi/vi_000548.jpg,-343.7213439941406,147.14210510253906,-337.48394775390625,140.18893432617188,9.340861614595122,-343.7213439941406,147.14210510253906,0.0,-339.8091735839844,141.87722778320312,6.559269052703974,0.32690972089767456,-338.8538452529171,141.18358566474993,7.693926038526987,0.0021870690397918224,0.002235500840470195,-73.32990813687572,-3.266189417467516,0.0009480222943238914,-0.0031659258529543877,-337.9584045410156,143.06117248535156,0.3511922359466553,-337.9584045410156,143.06117248535156,-337.9574565187213,143.0580065594986,7.061549558447458,38.2558690616861
549,/yh/study/new_data/model_dataset_flight/vi/vi_000549.jpg,-345.41619873046875,148.24368286132812,-337.9584045410156,143.06117248535156,9.08169081004994,-345.41619873046875,148.24368286132812,0.0,-339.81494140625,141.7857666015625,8.548611935879382,0.32585424184799194,-339.05217581071656,142.30977220937595,8.701269065399751,0.0019388633081689477,0.002169571351259947,-76.58306576685025,-3.2531544283233695,0.0007015936425887048,-0.00294112553820014,-338.20721435546875,144.51043701171875,0.33896735310554504,-338.20721435546875,144.51043701171875,-338.20651276182616,144.50749588618055,8.118286783097759,35.64558795187622
550,/yh/study/new_data/model_dataset_flight/vi/vi_000550.jpg,-347.1117248535156,149.34571838378906,-338.20721435546875,144.51043701171875,10.132633081135287,-347.1117248535156,149.34571838378906,0.0,-346.58612060546875,142.2369384765625,7.12818431263902,0.26687759160995483,-343.1436134646837,143.1710144416492,7.339814491337994,0.0017189182108268142,0.002618425292894244,-79.86279966288532,-3.279734109478474,0.0005329689010977745,-0.0029808590188622475,-340.2640075683594,145.13548278808594,0.3666301965713501,-340.2640075683594,145.13548278808594,-340.2634745994583,145.13250192906708,8.038489645994037,36.80292097851634
551,/yh/study/new_data/model_dataset_flight/vi/vi_000551.jpg,-348.6539611816406,150.3480987548828,-340.2640075683594,145.13548278808594,9.877382591067171,-348.6539611816406,150.3480987548828,0.0,-347.9510803222656,142.31613159179688,8.06266320835532,0.2558513581752777,-344.79281574005284,143.4744733056221,7.883855080975211,0.001523994724266231,0.0026120543479919434,-83.13368846394522,-3.270889014503308,0.00033833790803328156,-0.002809724537655711,-341.451904296875,145.32431030273438,0.3217376470565796,-341.451904296875,145.32431030273438,-341.45156595896697,145.32150057819672,8.781120303431672,34.614000003784895
552,/yh/study/new_data/model_dataset_flight/vi/vi_000552.jpg,-350.2903747558594,151.43093872070312,-341.451904296875,145.32431030273438,10.74287999977115,-350.2903747558594,151.43093872070312,0.0,-347.91448974609375,142.0039825439453,9.72174533394808,0.24671801924705505,-345.2593106698427,143.36815248192238,9.503690218535056,0.0013514097081497312,0.002399133751168847,-86.37912798015765,-3.245439302769017,0.00016110457363538444,-0.002545884344726801,-342.30670166015625,145.41336059570312,0.2949162423610687,-342.30670166015625,145.41336059570312,-342.3065405555826,145.4108147113584,9.997513820422178,37.82715497072786
553,/yh/study/new_data/model_dataset_flight/vi/vi_000553.jpg,-351.92608642578125,152.5133514404297,-342.30670166015625,145.41336059570312,11.955853514673862,-351.92608642578125,152.5133514404297,0.0,-359.2812194824219,146.55348205566406,9.466679743413435,0.28004831075668335,-352.30717095257563,146.08505859439455,6.439578738624801,0.0011984879383817315,0.003230244619771838,-89.6745098395812,-3.2953816459801506,1.5983681805664673e-05,-0.002813564846292138,-354.4766845703125,146.9835205078125,0.30115896463394165,-354.4766845703125,146.9835205078125,-354.4766685866307,146.9807069429662,6.089711080028028,36.31395299453288
554,/yh/study/new_data/model_dataset_flight/vi/vi_000554.jpg,-353.566162109375,153.5986328125,-354.4766845703125,146.9835205078125,6.6774817076125075,-353.566162109375,153.5986328125,0.0,-359.2806091308594,146.59649658203125,9.037965288237988,0.28053516149520874,-357.3068975138479,146.75550690968072,7.798812312661027,0.001062827999703586,0.003293797140941024,-92.96602581193454,-3.2915174664572158,-0.0001402115449309349,-0.0027060965076088905,-359.2113342285156,147.47021484375,0.3373733460903168,-359.2113342285156,147.47021484375,-359.21147444006056,147.4675087472424,8.332195092196326,36.4205950172618
555,/yh/study/new_data/model_dataset_flight/vi/vi_000555.jpg,-355.2530212402344,154.6995086669922,-359.2113342285156,147.47021484375,8.242022257672184,-355.2530212402344,154.6995086669922,0.0,-359.55584716796875,146.51486206054688,9.24676976228888,0.28408360481262207,-359.41430264905733,146.90737257206447,8.833665597320904,0.0009426386095583439,0.0034959453623741865,-96.29090725838338,-3.3248827271093164,-0.00029482797253876925,-0.002674409653991461,-360.64892578125,147.3822784423828,0.3471381962299347,-360.64892578125,147.3822784423828,-360.64922060922254,147.37960403272882,9.09162493593362,36.7744630202651
556,/yh/study/new_data/model_dataset_flight/vi/vi_000556.jpg,-356.78955078125,155.70225524902344,-360.64892578125,147.3822784423828,9.171520563879412,-356.78955078125,155.70225524902344,0.0,-361.950439453125,146.66961669921875,10.40304431668468,0.2850126624107361,-361.41570735616915,146.9624166263938,9.888685645993421,0.6350809335708618,0.003597445320338011,-99.56289571989966,-3.2719854733085065,-0.105804942548275,-0.6280295252799988,-362.4802551269531,148.46388244628906,0.33715999126434326,-362.4802551269531,148.46388244628906,-362.5860600695014,147.83585292100906,9.207505459220164,36.86796606052667
557,/yh/study/new_data/model_dataset_flight/vi/vi_000557.jpg,-358.3251953125,156.70445251464844,-362.4802551269531,148.46388244628906,9.22884159107868,-358.3251953125,156.70445251464844,0.0,-361.4232482910156,150.05572509765625,7.335087492535664,0.2606901228427887,-361.85752377662254,149.40171017842528,8.11217541771111,0.5804898142814636,0.003413233906030655,-102.84943931453722,-3.286541033316627,-0.12947456538677216,-0.5676169395446777,-362.50213623046875,149.77423095703125,0.3165512681007385,-362.50213623046875,149.77423095703125,-362.6316107958555,149.20661401748657,8.0916504045753,37.82482992392033
558,/yh/study/new_data/model_dataset_flight/vi/vi_000558.jpg,-359.27899169921875,157.27662658691406,-362.50213623046875,149.77423095703125,8.165451662744168,-359.27899169921875,157.27662658691406,0.0,-361.73052978515625,150.09194946289062,7.591417809821022,0.2670571208000183,-362.047547378934,149.96141354417446,7.8215882282533284,0.5293060541152954,0.003914411645382643,-106.16397985458268,-3.3145411803756826,-0.14789696037769318,-0.5102618336677551,-362.705322265625,150.0555877685547,0.3246070146560669,-362.705322265625,150.0555877685547,-362.8532192260027,149.54532593488693,7.992693085971882,38.42789807822555
559,/yh/study/new_data/model_dataset_flight/vi/vi_000559.jpg,-360.32257080078125,157.90264892578125,-362.705322265625,150.0555877685547,8.200845892252147,-360.32257080078125,157.90264892578125,0.0,-362.18634033203125,150.16424560546875,7.959681074857168,0.2685092091560364,-362.399566134902,150.1196030986405,8.05541507095272,0.48197537660598755,0.004575758241117001,-109.51549903879457,-3.351516196004135,-0.16177386045455933,-0.4564428925514221,-363.0631408691406,150.202880859375,0.3240022659301758,-363.0631408691406,150.202880859375,-363.2249147295952,149.74643796682358,8.172952500537168,39.33660301845521
560,/yh/study/new_data/model_dataset_flight/vi/vi_000560.jpg,-361.3684997558594,158.53009033203125,-363.0631408691406,150.202880859375,8.49789539264394,-361.3684997558594,158.53009033203125,0.0,-364.20379638671875,150.08590698242188,8.907476602651434,0.2621961832046509,-363.7351535057415,150.13396616755674,8.723299316033122,0.4380291700363159,0.0040230159647762775,-112.84603588187619,-3.330536629638206,-0.17084848880767822,-0.40552017092704773,-363.7688293457031,150.0726318359375,0.31840258836746216,-363.7688293457031,150.0726318359375,-363.9396778345108,149.66711166501045,8.791483740133279,36.382244899868965
561,/yh/study/new_data/model_dataset_flight/vi/vi_000561.jpg,-361.5625,158.70816040039062,-363.7688293457031,150.0726318359375,8.912925601013207,-361.5625,158.70816040039062,0.0,-364.27130126953125,150.17630004882812,8.951549886828442,0.2590395212173462,-364.0648586701977,150.13370754898384,8.93213527748609,0.39718472957611084,0.004322041757404804,-116.21002699151252,-3.3639883348719897,-0.17637617886066437,-0.35828545689582825,-363.9525146484375,150.22998046875,0.3133595883846283,-363.9525146484375,150.22998046875,-364.12889082729816,149.87169501185417,8.808615383419783,35.51303199492395
562,/yh/study/new_data/model_dataset_flight/vi/vi_000562.jpg,-361.756591796875,158.8863067626953,-363.9525146484375,150.22998046875,8.93051297951374,-361.756591796875,158.8863067626953,0.0,-364.1723937988281,150.14373779296875,9.070204600948454,0.2576931118965149,-364.08205557057437,150.17917094120543,9.012324671063533,0.35943499207496643,0.004620620049536228,-119.60415289576696,-3.3941252639242014,-0.17870394885540009,-0.31452277302742004,-363.9774475097656,150.23611450195312,0.31053227186203003,-363.9774475097656,150.23611450195312,-364.156151458621,149.9215917289257,8.93073492190217,37.14927099645138
563,/yh/study/new_data/model_dataset_flight/vi/vi_000563.jpg,-361.401611328125,158.74021911621094,-363.9774475097656,150.23611450195312,8.885647265387592,-361.401611328125,158.74021911621094,0.0,-364.271484375,150.14166259765625,9.064841173895928,0.2653290629386902,-364.15067815303956,150.18046854025798,8.990366974177022,0.32475847005844116,0.005111748818308115,-123.02926053809658,-3.4251055078954984,-0.17840835452079773,-0.27441784739494324,-364.0956115722656,150.15333557128906,0.3201502561569214,-364.0956115722656,150.15333557128906,-364.2740199267864,149.87891772389412,8.999567007888759,36.93825996015221
564,/yh/study/new_data/model_dataset_flight/vi/vi_000564.jpg,-361.0788879394531,158.60740661621094,-364.0956115722656,150.15333557128906,8.976187314743152,-361.0788879394531,158.60740661621094,0.0,-364.5198974609375,150.17587280273438,9.10666288904694,0.2601679265499115,-364.3455779068206,150.16661329106674,9.05087041674436,0.2930316925048828,0.0047384342178702354,-126.45167708589321,-3.422419109117568,-0.17551086843013763,-0.2376081645488739,-364.22540283203125,150.18418884277344,0.315758615732193,-364.22540283203125,150.18418884277344,-364.4009137004614,149.94658067822456,8.99172695470505,37.17606805730611
565,/yh/study/new_data/model_dataset_flight/vi/vi_000565.jpg,-360.7557678222656,158.47442626953125,-364.22540283203125,150.18418884277344,8.987013057351552,-360.7557678222656,158.47442626953125,0.0,-364.5317687988281,150.2022705078125,9.09322518808028,0.26027148962020874,-364.40589711618554,150.19484158342107,9.048478680795053,0.2639937996864319,0.005198359023779631,-129.91626322162548,-3.4645848550718186,-0.17106401920318604,-0.20447230339050293,-364.2602844238281,150.23654174804688,0.3152579069137573,-364.2602844238281,150.23654174804688,-364.4313484430313,150.03206944465637,8.952339247366524,39.22033810522407
566,/yh/study/new_data/model_dataset_flight/vi/vi_000566.jpg,-360.1834716796875,158.25628662109375,-364.2602844238281,150.23654174804688,8.99648320064841,-360.1834716796875,158.25628662109375,0.0,-361.9075927734375,150.04847717285156,8.386938027943655,0.26288071274757385,-362.8742055466184,150.1257442556571,8.564214377209906,0.237434521317482,0.005452422425150871,-133.40586151009836,-3.4896021304542826,-0.16502930223941803,-0.17447783052921295,-363.39031982421875,150.10379028320312,0.31514477729797363,-363.39031982421875,150.10379028320312,-363.55534912645817,149.9293124526739,8.760540597554671,39.747950970195234
567,/yh/study/new_data/model_dataset_flight/vi/vi_000567.jpg,-359.6632385253906,158.0579833984375,-363.39031982421875,150.10379028320312,8.784094894894766,-359.6632385253906,158.0579833984375,0.0,-362.5419006347656,150.0185546875,8.539268677011956,0.2777021825313568,-362.89047705165433,150.05357407285916,8.63050619354428,0.2131865918636322,0.005523623898625374,-136.89283700592995,-3.486979337812998,-0.15765893459320068,-0.1475716084241867,-363.50970458984375,149.9540557861328,0.3321918845176697,-363.50970458984375,149.9540557861328,-363.66736352443695,149.80648417770863,8.970448368418596,38.98860199842602
568,/yh/study/new_data/model_dataset_flight/vi/vi_000568.jpg,-359.09112548828125,157.83990478515625,-363.50970458984375,149.9540557861328,9.039383591382977,-359.09112548828125,157.83990478515625,0.0,-367.32379150390625,154.53797912597656,8.870146717139239,0.2671269178390503,-365.7567586423994,152.65465589029492,8.44496722592455,0.1913129985332489,0.005324195604771376,-140.39352752161494,-3.500685819929921,-0.14944641292095184,-0.12366127222776413,-366.62481689453125,152.56423950195312,0.29903414845466614,-366.62481689453125,152.56423950195312,-366.7742633074522,152.44057822972536,9.197236018772152,37.98204497434199
569,/yh/study/new_data/model_dataset_flight/vi/vi_000569.jpg,-358.4125061035156,157.44131469726562,-366.62481689453125,152.56423950195312,9.551330325612456,-358.4125061035156,157.44131469726562,0.0,-367.3358459472656,154.97998046875,9.256573888405951,0.26142266392707825,-367.0437168174829,153.98746363178395,9.296606131886646,0.17148594558238983,0.005238451063632965,-143.88828943310034,-3.494755721626469,-0.14065423607826233,-0.10261089354753494,-367.5797119140625,153.5765380859375,0.2880523204803467,-367.5797119140625,153.5765380859375,-367.72036615014076,153.47392719238997,9.948575809048917,37.45138691738248
570,/yh/study/new_data/model_dataset_flight/vi/vi_000570.jpg,-357.73309326171875,157.04226684570312,-367.5797119140625,153.5765380859375,10.438734344782917,-357.73309326171875,157.04226684570312,0.0,-367.0206298828125,154.23629760742188,9.702154392419148,0.26954272389411926,-367.2503309711691,153.9652327695845,10.002297352297559,0.15360799431800842,0.005483278073370457,-147.4072985161393,-3.5190065217180106,-0.13172784447669983,-0.08421984314918518,-367.47320556640625,153.2347412109375,0.29375892877578735,-367.47320556640625,153.2347412109375,-367.60493341088295,153.15052136778831,10.457869724151388,38.42275799252093
571,/yh/study/new_data/model_dataset_flight/vi/vi_000571.jpg,-356.98736572265625,156.60426330566406,-367.47320556640625,153.2347412109375,11.013923750218426,-356.98736572265625,156.60426330566406,0.0,-367.1593017578125,154.39366149902344,10.409372846182091,0.2738271653652191,-367.2882703929018,153.91751446404064,10.645527528659676,0.13755634427070618,0.005689147859811783,-150.9412793738389,-3.5339814980298523,-0.12272758036851883,-0.06819353252649307,-367.5325927734375,153.3578643798828,0.2950309216976166,-367.5325927734375,153.3578643798828,-367.655320353806,153.28967084735632,11.033626762667037,37.584009929560125
572,/yh/study/new_data/model_dataset_flight/vi/vi_000572.jpg,-355.90716552734375,156.0657958984375,-367.5325927734375,153.3578643798828,11.936643236831735,-355.90716552734375,156.0657958984375,0.0,-367.11004638671875,152.66973876953125,11.706312125180402,0.27131932973861694,-367.28365125950177,152.95245792841817,11.794799740968857,0.12305007129907608,0.005446353927254677,-154.5500234821935,-3.6087458159018695,-0.11356832087039948,-0.05404764786362648,-367.4936218261719,152.7098388671875,0.2906852960586548,-367.4936218261719,152.7098388671875,-367.6071901470423,152.65579121932387,12.06268697928659,36.40361095312983
573,/yh/study/new_data/model_dataset_flight/vi/vi_000573.jpg,-354.8252868652344,155.5264892578125,-367.4936218261719,152.7098388671875,12.977682000477563,-354.8252868652344,155.5264892578125,0.0,-362.1661071777344,153.99862670898438,7.498133556327479,0.26700925827026367,-364.3549378762379,153.46912307020781,9.749205302044855,0.1098240315914154,0.005083511583507061,-158.1842441961522,-3.6342266903742484,-0.10431855916976929,-0.0417577289044857,-364.0811462402344,153.5103759765625,0.268979012966156,-364.0811462402344,153.5103759765625,-364.18546479940414,153.46861824765801,9.472890030640492,36.42753197345883
574,/yh/study/new_data/model_dataset_flight/vi/vi_000574.jpg,-353.6376647949219,154.93446350097656,-364.0811462402344,153.5103759765625,10.540129504696717,-353.6376647949219,154.93446350097656,0.0,-362.281982421875,153.42929077148438,8.77438158397841,0.2731506824493408,-363.02117607166,153.4626049522575,9.498244651940135,0.09802915900945663,0.006527667865157127,-161.8444879308487,-3.6602420271491805,-0.09625004231929779,-0.03156261146068573,-363.212646484375,153.25669860839844,0.2840833067893982,-363.212646484375,153.25669860839844,-363.3088965266943,153.22513599693775,9.720862584571922,40.34688195679337
575,/yh/study/new_data/model_dataset_flight/vi/vi_000575.jpg,-351.8291320800781,154.26657104492188,-363.212646484375,153.25669860839844,11.428221319649188,-351.8291320800781,154.26657104492188,0.0,-362.26580810546875,153.5342559814453,10.46233682363353,0.274630069732666,-362.65482043993114,153.420220424753,10.858721740468228,0.08735480904579163,0.006102423183619976,-165.5244026103548,-3.679910410637879,-0.08753601461648941,-0.02259857952594757,-362.92449951171875,153.29611206054688,0.28714680671691895,-362.92449951171875,153.29611206054688,-363.01203552633524,153.27351348102093,11.13772728537854,51.81016109418124
576,/yh/study/new_data/model_dataset_flight/vi/vi_000576.jpg,-350.0169982910156,153.59735107421875,-362.92449951171875,153.29611206054688,12.911015943984061,-350.0169982910156,153.59735107421875,0.0,-358.4653015136719,154.1720733642578,8.46782929992166,0.28533267974853516,-360.29738084388885,153.81218115958296,10.282626969748426,0.07771842926740646,0.0060478379018604755,-169.22131080051588,-3.6969017868587546,-0.07931780815124512,-0.015100107528269291,-360.2612609863281,153.83763122558594,0.29744184017181396,-360.2612609863281,153.83763122558594,-360.34057879447937,153.82253111805767,10.247080204707698,37.74159704335034
577,/yh/study/new_data/model_dataset_flight/vi/vi_000577.jpg,-348.031005859375,152.86392211914062,-360.2612609863281,153.83763122558594,12.268954718896705,-348.031005859375,152.86392211914062,0.0,-358.5316467285156,154.2362060546875,10.589930210460615,0.2844657301902771,-359.2422656632153,154.07244999221584,11.276208849130297,0.06912676244974136,0.005755160935223103,-172.97806510818464,-3.7567611378579233,-0.07146426290273666,-0.00880248099565506,-359.71221923828125,154.12191772460938,0.3003647029399872,-359.71221923828125,154.12191772460938,-359.783683501184,154.11311524361372,11.748757336285275,37.06095309462398
578,/yh/study/new_data/model_dataset_flight/vi/vi_000578.jpg,-345.6299133300781,151.90760803222656,-359.71221923828125,154.12191772460938,14.25533258489584,-345.6299133300781,151.90760803222656,0.0,-354.4524841308594,153.9969482421875,9.066592416545342,0.2770695090293884,-356.61346733388035,154.04829245380432,11.190218422677264,0.06143961101770401,0.006026678252965212,-176.7353931517437,-3.7573284704458576,-0.06434836238622665,-0.0036704225931316614,-358.1888427734375,154.06509399414062,0.3060497045516968,-358.1888427734375,154.06509399414062,-358.2531911358237,154.0614235715475,12.742898196216403,36.49416705593467
579,/yh/study/new_data/model_dataset_flight/vi/vi_000579.jpg,-343.2307434082031,150.9520721435547,-358.1888427734375,154.06509399414062,15.278600775674796,-343.2307434082031,150.9520721435547,0.0,-354.3564758300781,152.00526428222656,11.175470263220282,0.2865489423274994,-355.93101911472496,152.85155355680405,12.841535447949694,0.05454539880156517,0.00599409407004714,179.5106492756816,-3.753967163600565,-0.057540349662303925,0.000491451530251652,-357.781982421875,153.42916870117188,0.3020308017730713,-357.781982421875,153.42916870117188,-357.8395227715373,153.42966015270213,14.760574656454448,37.73851995356381
580,/yh/study/new_data/model_dataset_flight/vi/vi_000580.jpg,-340.5963439941406,149.90283203125,-357.781982421875,153.42916870117188,17.54369455042056,-340.5963439941406,149.90283203125,0.0,-349.3802490234375,151.1011962890625,8.86527294887808,0.28540316224098206,-352.83213478944583,152.05765306434114,12.424082665176032,0.048388686031103134,0.0061064898036420345,175.71052326678327,-3.8001264357851574,-0.051297836005687714,0.0038476285990327597,-354.7467346191406,152.80770874023438,0.2823573648929596,-354.7467346191406,152.80770874023438,-354.7980324551463,152.8115563688334,14.445478999828556,39.145190035924315
581,/yh/study/new_data/model_dataset_flight/vi/vi_000581.jpg,-337.7970886230469,148.6259002685547,-354.7467346191406,152.80770874023438,17.457892813472906,-337.7970886230469,148.6259002685547,0.0,-349.1587829589844,150.54232788085938,11.52218698756786,0.2854398488998413,-351.45461524526274,151.47306866638806,13.951143369708314,0.042931146919727325,0.006180308759212494,171.8795384632148,-3.830985230455275,-0.04555985704064369,0.006500728894025087,-353.7462463378906,151.0301513671875,0.2835429906845093,-353.7462463378906,151.0301513671875,-353.79180619493127,151.03665209608153,16.129353835731827,38.46092103049159
582,/yh/study/new_data/model_dataset_flight/vi/vi_000582.jpg,-334.9996032714844,147.34976196289062,-353.7462463378906,151.0301513671875,19.10449927180763,-334.9996032714844,147.34976196289062,0.0,-343.22125244140625,149.60177612304688,8.524498979460395,0.262045294046402,-347.5454882741399,150.1886298042985,12.863063442307876,0.03803250193595886,0.005799544509500265,168.04744716900083,-3.832085744685293,-0.040044840425252914,0.00847713928669691,-348.81915283203125,150.02395629882812,0.26546066999435425,-348.81915283203125,150.02395629882812,-348.8591976724565,150.03243343811482,14.075910819651122,39.98840204440057
583,/yh/study/new_data/model_dataset_flight/vi/vi_000583.jpg,-332.20166015625,146.0734405517578,-348.81915283203125,150.02395629882812,17.080621695286563,-332.20166015625,146.0734405517578,0.0,-342.92669677734375,147.12893676757812,10.776849390495027,0.30058354139328003,-345.34763591185475,148.31836711942628,13.336280360774202,0.03367019444704056,0.005594691727310419,164.19082183528815,-3.8566210648444486,-0.035088133066892624,0.009935012087225914,-344.9278869628906,148.6757354736328,0.26716315746307373,-344.9278869628906,148.6757354736328,-344.9629750959575,148.68567048572004,12.989564565237545,37.899659015238285
584,/yh/study/new_data/model_dataset_flight/vi/vi_000584.jpg,-329.4218444824219,144.74349975585938,-344.9278869628906,148.6757354736328,15.996869417052658,-329.4218444824219,144.74349975585938,0.0,-338.7521667480469,147.072021484375,9.616492448943482,0.31568193435668945,-341.289486095556,147.73091379025286,12.237874001258726,0.029780937358736992,0.005608176346868277,160.33449702989896,-3.856327793596961,-0.030684448778629303,0.010965785011649132,-340.5158386230469,148.185302734375,0.29256272315979004,-340.5158386230469,148.185302734375,-340.5465230718255,148.19626851938665,11.61562369118167,38.23947499040514
585,/yh/study/new_data/model_dataset_flight/vi/vi_000585.jpg,-326.3731689453125,143.28492736816406,-340.5158386230469,148.185302734375,14.967591133621813,-326.3731689453125,143.28492736816406,0.0,-334.0967712402344,147.2199249267578,8.668231549529652,0.29130905866622925,-336.7340707448699,147.61655425964688,11.229927765889167,0.02633587270975113,0.005557146854698658,156.42947297572755,-3.9050210659636284,-0.026685386896133423,0.011642214842140675,-336.3276672363281,148.20199584960938,0.29096439480781555,-336.3276672363281,148.20199584960938,-336.35435262322426,148.21363806445152,11.10268430052192,40.23257503286004
586,/yh/study/new_data/model_dataset_flight/vi/vi_000586.jpg,-323.5925598144531,141.95462036132812,-336.3276672363281,148.20199584960938,14.184944890209236,-323.5925598144531,141.95462036132812,0.0,-334.2568359375,144.20692443847656,10.899525626582433,0.3116779029369354,-335.10764525805746,145.8483155043774,12.155577100266116,0.023272812366485596,0.005697642453014851,152.5253505065266,-3.9041203347668327,-0.02317550592124462,0.012051374651491642,-335.1589660644531,146.26913452148438,0.30593356490135193,-335.1589660644531,146.26913452148438,-335.18214157037437,146.28118589613587,12.344909314297446,36.58913203980774
587,/yh/study/new_data/model_dataset_flight/vi/vi_000587.jpg,-320.7728271484375,140.6655731201172,-335.1589660644531,146.26913452148438,15.438940808546143,-320.7728271484375,140.6655731201172,0.0,-329.5382385253906,144.64755249023438,9.62749169364784,0.34454506635665894,-331.8475369125912,145.31378595262058,12.010623584830642,0.020554546266794205,0.005009726621210575,148.6084146024427,-3.9169337696497766,-0.019684141501784325,0.01201128400862217,-331.43402099609375,146.17202758789062,0.3047383427619934,-331.43402099609375,146.17202758789062,-331.45370513759553,146.18403887189925,11.99925393776486,37.321096984669566
588,/yh/study/new_data/model_dataset_flight/vi/vi_000588.jpg,-317.9525146484375,139.3762664794922,-331.43402099609375,146.17202758789062,15.097462781683435,-317.9525146484375,139.3762664794922,0.0,-329.5380859375,144.6044158935547,12.710586469148911,0.34878313541412354,-330.3170384383319,145.24847542718769,13.688107483368904,0.018141403794288635,0.005344729404896498,144.6742393008937,-3.9341688982466576,-0.016981489956378937,0.01203503180295229,-330.37249755859375,146.1077117919922,0.31302493810653687,-330.37249755859375,146.1077117919922,-330.38947904855013,146.11974682379514,14.12686559303767,36.05037205852568
589,/yh/study/new_data/model_dataset_flight/vi/vi_000589.jpg,-314.8506774902344,137.958251953125,-330.37249755859375,146.1077117919922,17.531132134001872,-314.8506774902344,137.958251953125,0.0,-325.48541259765625,144.51316833496094,12.492578580016717,0.3233529031276703,-327.4932909977339,145.16829289099977,14.55404983589925,0.015996823087334633,0.00476068165153265,140.7166501108699,-3.957596020212978,-0.014224370941519737,0.01163561176508665,-328.7310791015625,146.13735961914062,0.3240358233451843,-328.7310791015625,146.13735961914062,-328.745303472504,146.1489952309057,16.11096989954472,36.648740991950035
590,/yh/study/new_data/model_dataset_flight/vi/vi_000590.jpg,-310.1631164550781,135.9050750732422,-328.7310791015625,146.13735961914062,21.200681212392,-310.1631164550781,135.9050750732422,0.0,-319.5616455078125,139.82257080078125,10.182294492420601,0.31714168190956116,-323.3289439691646,142.41702704019215,14.688244706245179,0.014102309010922909,0.004796124529093504,136.7658911100161,-3.950764550382496,-0.012021525762975216,0.01130244042724371,-324.43505859375,144.56338500976562,0.28354859352111816,-324.43505859375,144.56338500976562,-324.447080119513,144.57468745019287,16.692952505967853,36.25512099824846
591,/yh/study/new_data/model_dataset_flight/vi/vi_000591.jpg,-305.904541015625,134.039794921875,-324.43505859375,144.56338500976562,21.3102329891334,-305.904541015625,134.039794921875,0.0,-315.5248107910156,139.1798095703125,10.907306777451822,0.29568806290626526,-319.1856217336225,141.39167306899674,15.180158672691503,0.012418629601597786,0.004281569272279739,132.7896008620448,-3.976283844668956,-0.009890329092741013,0.010684473440051079,-319.57891845703125,142.5855712890625,0.3042878806591034,-319.57891845703125,142.5855712890625,-319.588808786124,142.59625576250255,16.12510130597698,38.01671497058123
592,/yh/study/new_data/model_dataset_flight/vi/vi_000592.jpg,-302.87823486328125,132.73512268066406,-319.57891845703125,142.5855712890625,19.38927977737309,-302.87823486328125,132.73512268066406,0.0,-303.3999328613281,141.45458984375,8.735060183496165,0.23589172959327698,-310.04713379448884,141.91925809344949,11.650813498045904,0.010936739854514599,0.004164350684732199,128.7985300847096,-3.9910724848825034,-0.008157441392540932,0.01014634408056736,-310.45123291015625,143.79420471191406,0.272210955619812,-310.45123291015625,143.79420471191406,-310.4593903515488,143.80435105599463,13.403491888007736,37.24429802969098
593,/yh/study/new_data/model_dataset_flight/vi/vi_000593.jpg,-299.8516845703125,131.43031311035156,-310.45123291015625,143.79420471191406,16.28546101723473,-299.8516845703125,131.43031311035156,0.0,-304.6868591308594,136.1666259765625,6.768424676214912,0.22481033205986023,-307.05517515031397,139.30044720333035,10.669080896573846,0.009626461192965508,0.003999453503638506,124.79562941973191,-4.00290578761955,-0.0066344947554171085,0.00954734068363905,-307.0849914550781,141.3184814453125,0.275556355714798,-307.0849914550781,141.3184814453125,-307.09162594983354,141.32802878599614,12.251391819288205,38.76427991781384
594,/yh/study/new_data/model_dataset_flight/vi/vi_000594.jpg,-296.8154296875,130.12135314941406,-307.0849914550781,141.3184814453125,15.193405838485056,-296.8154296875,130.12135314941406,0.0,-299.73992919921875,136.1082763671875,6.663028366257933,0.23603960871696472,-302.7576774005793,138.24890995959697,10.06814221126952,0.008471865206956863,0.003754462581127882,120.79085728292166,-4.00477811322578,-0.005297762341797352,0.0088903047144413,-303.1098937988281,140.74070739746094,0.2640886604785919,-303.1098937988281,140.74070739746094,-303.1151915611699,140.74959770217538,12.344673470542222,38.724123034626245
595,/yh/study/new_data/model_dataset_flight/vi/vi_000595.jpg,-293.98590087890625,128.87022399902344,-303.1098937988281,140.74070739746094,14.971827641118661,-293.98590087890625,128.87022399902344,0.0,-295.92205810546875,136.0596923828125,7.445613503766678,0.24147596955299377,-298.87520914486356,137.9829061213657,10.341484940878392,0.007454421371221542,0.0034042401239275932,116.776427258625,-4.014424474767954,-0.004125115927308798,0.008174696937203407,-298.97088623046875,140.72784423828125,0.25395476818084717,-298.97088623046875,140.72784423828125,-298.97501134639606,140.73601893521845,12.862862694351875,38.2684109499678
596,/yh/study/new_data/model_dataset_flight/vi/vi_000596.jpg,-290.8750305175781,127.49466705322266,-298.97088623046875,140.72784423828125,15.513215596229527,-290.8750305175781,127.49466705322266,0.0,-296.16302490234375,136.09939575195312,10.099714876770953,0.24273556470870972,-297.3166459578848,138.0010123221278,12.323867103723689,0.0065555027686059475,0.0034130015410482883,112.75122602600725,-4.025201232617764,-0.0031951703131198883,0.007619159296154976,-297.61236572265625,140.83932495117188,0.2582082152366638,-297.61236572265625,140.83932495117188,-297.61556089296937,140.84694411046803,14.94896585315799,37.55244694184512
597,/yh/study/new_data/model_dataset_flight/vi/vi_000597.jpg,-287.77740478515625,126.12498474121094,-297.61236572265625,140.83932495117188,17.6985384836326,-287.77740478515625,126.12498474121094,0.0,-292.1268310546875,130.5057373046875,6.173208395680078,0.27953317761421204,-294.3805849101512,134.7513331141585,10.863511127374215,0.0057634930126369,0.003278185147792101,108.72233649123767,-4.0288908154300405,-0.002376098418608308,0.007010879460722208,-295.3048095703125,136.98220825195312,0.2653549909591675,-295.3048095703125,136.98220825195312,-295.3071856687311,136.98921913141385,13.2114013322511,35.42531793937087
598,/yh/study/new_data/model_dataset_flight/vi/vi_000598.jpg,-284.7847900390625,124.76673126220703,-295.3048095703125,136.98220825195312,16.12106352027985,-284.7847900390625,124.76673126220703,0.0,-289.1363525390625,130.38636779785156,7.107489780798641,0.30906060338020325,-291.67068777854604,133.09629522575702,10.80727641459656,0.00506370235234499,0.0028181655798107386,104.71335012770952,-4.008989351735916,-0.0016439792234450579,0.0062605333514511585,-292.66180419921875,135.4978790283203,0.2639487683773041,-292.66180419921875,135.4978790283203,-292.6634481784422,135.50413956167176,13.311832498099582,36.56738996505737
599,/yh/study/new_data/model_dataset_flight/vi/vi_000599.jpg,-281.7932434082031,123.40894317626953,-292.66180419921875,135.4978790283203,16.2563213459565,-281.7932434082031,123.40894317626953,0.0,-288.6158142089844,130.14065551757812,9.584540853781121,0.30065739154815674,-290.2781253767369,132.34169222096784,12.320195920337808,0.004449746105819941,0.0025254120118916035,100.67858663025373,-4.034760936134844,-0.0010585137642920017,0.005613524932414293,-291.6879577636719,134.31173706054688,0.2584201693534851,-291.6879577636719,134.31173706054688,-291.68901627743617,134.3173505854793,14.723324579026125,35.342755960300565
600,/yh/study/new_data/model_dataset_flight/vi/vi_000600.jpg,-278.8006286621094,122.05068969726562,-291.6879577636719,134.31173706054688,17.788100905285134,-278.8006286621094,122.05068969726562,0.0,-284.3015441894531,124.81344604492188,6.1557204513758155,0.3002605438232422,-287.3362817453292,128.71585689318064,10.829673462601797,0.003910739906132221,0.002318623708561063,96.6452233215778,-4.0333620280154605,-0.0005867123836651444,0.005035989452153444,-287.86846923828125,128.55377197265625,0.2746800482273102,-287.86846923828125,128.55377197265625,-287.8690559506649,128.5588079621084,11.158665323208183,35.73920298367739
601,/yh/study/new_data/model_dataset_flight/vi/vi_000601.jpg,-275.9123840332031,120.75180053710938,-287.86846923828125,128.55377197265625,14.276509787485784,-275.9123840332031,120.75180053710938,0.0,-284.3168640136719,124.58442687988281,9.237115806647706,0.320827841758728,-285.77605522337984,126.21524818500394,11.275693750240242,0.003434291807934642,0.0018764017149806023,92.5952489928404,-4.049973048076931,-0.00019798713037744164,0.0043680076487362385,-286.212890625,124.8338623046875,0.3303038775920868,-286.212890625,124.8338623046875,-286.2130886121304,124.83823031233624,11.079876548137795,35.752353025600314
602,/yh/study/new_data/model_dataset_flight/vi/vi_000602.jpg,-272.74658203125,119.32808685302734,-286.212890625,124.8338623046875,14.548368653089895,-272.74658203125,119.32808685302734,0.0,-281.6764221191406,124.594970703125,10.367357883555384,0.29178112745285034,-283.5402483465038,124.69312027297518,12.0534980865391,0.003016883973032236,0.0020503425039350986,88.54358760737802,-4.051663946783332,0.00010273471707478166,0.004040749743580818,-284.8621826171875,124.24854278564453,0.3457331359386444,-284.8621826171875,124.24854278564453,-284.8620798824704,124.25258353538811,13.076645752745494,36.3735759165138
603,/yh/study/new_data/model_dataset_flight/vi/vi_000603.jpg,-269.8647155761719,118.03205871582031,-284.8621826171875,124.24854278564453,16.234798792616072,-269.8647155761719,118.03205871582031,0.0,-272.715087890625,124.20503234863281,6.7992812710167545,0.22304145991802216,-277.70577033631815,124.22290878568108,9.990433641194347,0.002650551265105605,0.0016057293396443129,84.47777406995534,-4.0658135374226605,0.0003323286946397275,0.0034373882226645947,-282.15362548828125,123.62830352783203,0.30658066272735596,-282.15362548828125,123.62830352783203,-282.1532931595866,123.6317409160547,13.503157513111818,35.12068698182702
604,/yh/study/new_data/model_dataset_flight/vi/vi_000604.jpg,-267.037353515625,116.79301452636719,-282.15362548828125,123.62830352783203,16.589841894510602,-267.037353515625,116.79301452636719,0.0,-268.973876953125,119.76177978515625,3.5445296141772755,0.24620570242404938,-274.388829345751,121.35035652739826,8.649483394705637,0.0023299308959394693,0.0015078710857778788,80.42020457086089,-4.05756608399987,0.0005132202641107142,0.003040861338376999,-273.2083740234375,119.4134750366211,0.2652531564235687,-273.2083740234375,119.4134750366211,-273.2078608031734,119.41651589795947,6.704349885980192,35.701054031960666
605,/yh/study/new_data/model_dataset_flight/vi/vi_000605.jpg,-263.93048095703125,115.43147277832031,-273.2083740234375,119.4134750366211,10.096318226798404,-263.93048095703125,115.43147277832031,0.0,-266.8466796875,119.87833404541016,5.317780567523583,0.2981176972389221,-269.4604072463871,119.68734486263769,6.978003436784822,0.002047244692221284,0.0013499758206307888,76.37492258208329,-4.04527900056984,0.0006412694929167628,0.002645623404532671,-269.1336975097656,118.7829360961914,0.3313611149787903,-269.1336975097656,118.7829360961914,-269.1330562402727,118.78558171959594,6.189165441776824,36.38218203559518
606,/yh/study/new_data/model_dataset_flight/vi/vi_000606.jpg,-260.84710693359375,114.08021545410156,-269.1336975097656,118.7829360961914,9.528019983954612,-260.84710693359375,114.08021545410156,0.0,-264.94647216796875,120.07506561279297,7.262439242428454,0.2988846004009247,-266.6668104447232,119.54418903355925,7.982728620870429,0.0017992130015045404,0.0011091699125245214,72.33955802798054,-4.035366261650036,0.0007140840752981603,0.0022428662050515413,-267.67608642578125,118.78179931640625,0.3346225619316101,-267.67608642578125,118.78179931640625,-267.67537234170595,118.7840421826113,8.290949988933797,36.26766602974385
607,/yh/study/new_data/model_dataset_flight/vi/vi_000607.jpg,-257.8822937011719,112.78462219238281,-267.67608642578125,118.78179931640625,11.484098109539188,-257.8822937011719,112.78462219238281,0.0,-265.243408203125,115.44854736328125,7.8283142519325875,0.2969285845756531,-266.24288377939445,116.8180272581862,9.282662488797177,0.0015811698976904154,0.0009667584672570229,68.30840087040653,-4.031159718894954,0.0007630791515111923,0.0019183517433702946,-267.3778381347656,115.97181701660156,0.3490304946899414,-267.3778381347656,115.97181701660156,-267.3770750556141,115.97373536834493,10.01616568043281,37.04432200174779
608,/yh/study/new_data/model_dataset_flight/vi/vi_000608.jpg,-254.93836975097656,111.49815368652344,-267.3778381347656,115.97181701660156,13.219456768800047,-254.93836975097656,111.49815368652344,0.0,-259.8829650878906,115.01130676269531,6.0655805643358,0.24236151576042175,-262.96226365184634,115.40593624167647,8.9248886732986,0.0013893962604925036,0.0011777447070926428,64.28092518479515,-4.027472697403617,0.0008584876195527613,0.0017822866793721914,-264.60693359375,114.91192626953125,0.33786332607269287,-264.60693359375,114.91192626953125,-264.60607510613045,114.91370855621062,10.253534514024015,35.75000609271228
609,/yh/study/new_data/model_dataset_flight/vi/vi_000609.jpg,-251.72735595703125,110.09497833251953,-264.60693359375,114.91192626953125,13.750872973311447,-251.72735595703125,110.09497833251953,0.0,-247.18435668945312,114.12942504882812,6.075821150424737,0.26298996806144714,-254.34249208497903,114.45091880464423,5.080664756150681,0.0012217744952067733,0.0001530940644443035,60.31492803190306,-3.965997152892094,0.0006429707864299417,0.0011279305908828974,-257.55328369140625,114.46455383300781,0.27177461981773376,-257.55328369140625,114.46455383300781,-257.5526407206198,114.4656817635987,7.282487488532145,37.27517602965236
610,/yh/study/new_data/model_dataset_flight/vi/vi_000610.jpg,-248.52195739746094,108.68334197998047,-257.55328369140625,114.46455383300781,10.723211511356652,-248.52195739746094,108.68334197998047,0.0,-245.19447326660156,113.92401123046875,6.207798710826115,0.2890360653400421,-250.27213995358693,114.14609532039866,5.736271701899919,0.001074103289283812,0.00010683736763894558,56.339358368889194,-3.9755713705611595,0.0006249547004699707,0.0009384760633111,-246.5699462890625,112.13914489746094,0.22991502285003662,-246.5699462890625,112.13914489746094,-246.56932133436203,112.14008337352425,3.9689949825840567,35.35506094340235
611,/yh/study/new_data/model_dataset_flight/vi/vi_000611.jpg,-245.5406494140625,107.37039947509766,-246.5699462890625,112.13914489746094,4.878563821474053,-245.5406494140625,107.37039947509766,0.0,-239.19981384277344,108.33474731445312,6.413747929050085,0.4159941077232361,-242.22786223212992,109.89779927554765,4.166810370546215,0.0009435159736312926,0.0002863723784685135,52.31617545717117,-4.0231867536994335,0.0006643049418926239,0.0008600118453614414,-239.47769165039062,108.2152328491211,0.38657447695732117,-239.47769165039062,108.2152328491211,-239.47702734544873,108.21609286096646,6.12153577739548,48.718395992182195
612,/yh/study/new_data/model_dataset_flight/vi/vi_000612.jpg,-242.57696533203125,106.0652084350586,-239.47769165039062,108.2152328491211,3.772015685913174,-242.57696533203125,106.0652084350586,0.0,-240.6044464111328,108.68743896484375,3.281299109291879,0.31334853172302246,-240.1415147116919,108.4934311938059,3.4391402254356636,0.6305063366889954,-6.762123666703701e-05,48.321361736170786,-3.9948171360949627,0.41923391819000244,0.47089123725891113,-238.47654724121094,107.35704040527344,0.33115077018737793,-238.47654724121094,107.35704040527344,-238.05731332302094,107.82793164253235,4.2990997149165615,41.31528397556394
613,/yh/study/new_data/model_dataset_flight/vi/vi_000613.jpg,-239.30657958984375,104.62032318115234,-238.47654724121094,107.35704040527344,2.859820774904953,-239.30657958984375,104.62032318115234,0.0,-235.89064025878906,108.75675964355469,5.364582753666679,0.2904427945613861,-236.9530704837833,108.18167939690825,4.268754292274582,0.5717496871948242,5.034031346440315e-05,44.339921525565295,-3.9814397837186695,0.4089367687702179,0.3996213376522064,-235.39625549316406,106.23175811767578,0.32360604405403137,-235.39625549316406,106.23175811767578,-234.98731872439384,106.63137945532799,4.229344759619639,38.001165026798844
614,/yh/study/new_data/model_dataset_flight/vi/vi_000614.jpg,-236.33230590820312,103.30626678466797,-235.39625549316406,106.23175811767578,3.0715940355129336,-236.33230590820312,103.30626678466797,0.0,-232.76393127441406,91.04479217529297,12.77016276808628,0.5027192831039429,-233.84543220658026,97.28441786671442,6.5151519704824805,0.5170105695724487,-0.00017008325085043907,40.363689334201936,-3.976230910702889,0.39387086033821106,0.33478018641471863,-233.87411499023438,91.77969360351562,0.44887277483940125,-233.87411499023438,91.77969360351562,-233.48024412989616,92.11447378993034,11.785779222844983,35.019172937609255
615,/yh/study/new_data/model_dataset_flight/vi/vi_000615.jpg,-233.3551025390625,101.99092102050781,-233.87411499023438,91.77969360351562,10.22440899446048,-233.3551025390625,101.99092102050781,0.0,-232.5191192626953,90.84568786621094,11.176541956347853,0.47933322191238403,-233.07582467610013,91.22942785855248,10.7651164043661,0.4665411114692688,7.97901302576065e-05,36.389547180724605,-3.974142153477334,0.375598669052124,0.2768094539642334,-233.7882537841797,89.89445495605469,0.4369712769985199,-233.7882537841797,89.89445495605469,-233.41265511512756,90.17126441001892,12.104218737680373,34.087833017110825
616,/yh/study/new_data/model_dataset_flight/vi/vi_000616.jpg,-230.3217010498047,100.60299682617188,-233.7882537841797,89.89445495605469,11.25565888094765,-230.3217010498047,100.60299682617188,0.0,-229.58677673339844,91.10745239257812,9.523942347641466,0.48955726623535156,-231.3129703817829,90.60908754490056,10.042949646931493,0.42016246914863586,-0.00017739040777087212,32.450488293919044,-3.939057606145094,0.3544815480709076,0.22539924085140228,-232.8011016845703,89.90618896484375,0.440559446811676,-232.8011016845703,89.90618896484375,-232.4466201364994,90.13158820569515,10.98039734844998,32.345623010769486
617,/yh/study/new_data/model_dataset_flight/vi/vi_000617.jpg,-227.28855895996094,99.21519470214844,-232.8011016845703,89.90618896484375,10.81876680161909,-227.28855895996094,99.21519470214844,0.0,-222.76490783691406,89.9513168334961,10.309357528398651,0.4918694794178009,-226.88831821483294,89.93277586819002,9.291043647679551,0.3775925636291504,-0.00024207006208598614,28.54257677727603,-3.907913651077129,0.3315945267677307,0.1803603172302246,-231.02151489257812,89.89009857177734,0.40792012214660645,-231.02151489257812,89.89009857177734,-230.6899203658104,90.07045888900757,10.044519791185829,32.853670069016516
618,/yh/study/new_data/model_dataset_flight/vi/vi_000618.jpg,-224.2557830810547,97.82756805419922,-231.02151489257812,89.89009857177734,10.429695524311283,-224.2557830810547,97.82756805419922,0.0,-223.16030883789062,87.42655944824219,10.458539278437888,0.4078444540500641,-226.39011678310354,88.43871434905314,9.628393129091517,0.338828444480896,-0.0003956388682126999,24.632467647267564,-3.910109556895288,0.3078152537345886,0.14113987982273102,-230.94647216796875,88.2556381225586,0.3464394211769104,-230.94647216796875,88.2556381225586,-230.63865691423416,88.39677800238132,11.6784914725314,31.873097992502153
619,/yh/study/new_data/model_dataset_flight/vi/vi_000619.jpg,-221.19956970214844,96.47349548339844,-230.94647216796875,88.2556381225586,12.748932789897502,-221.19956970214844,96.47349548339844,0.0,-220.2066650390625,88.2815170288086,8.251931329721668,0.4737212359905243,-224.61915774739344,88.2708845766838,8.886867169376199,0.3035522699356079,-0.00045922212302684784,20.775654483352707,-3.856812737028032,0.2835995554924011,0.10759150236845016,-229.81861877441406,87.83775329589844,0.307785302400589,-229.81861877441406,87.83775329589844,-229.53501921892166,87.94534479826689,12.20098561752657,33.839627052657306
620,/yh/study/new_data/model_dataset_flight/vi/vi_000620.jpg,-218.14288330078125,95.11922454833984,-229.81861877441406,87.83775329589844,13.76018250062034,-218.14288330078125,95.11922454833984,0.0,-216.31300354003906,87.45372772216797,7.880882027465262,0.518731415271759,-221.86183956920826,87.61150616488669,8.378333429251485,0.27165377140045166,-0.00043465662747621536,16.929252235280245,-3.8464031018461093,0.2596737742424011,0.07903975993394852,-226.7314453125,86.85690307617188,0.2724137306213379,-226.7314453125,86.85690307617188,-226.4717715382576,86.93594283610582,11.917606871288644,32.674854970537126
621,/yh/study/new_data/model_dataset_flight/vi/vi_000621.jpg,-215.08497619628906,93.764404296875,-226.7314453125,86.85690307617188,13.540820358784408,-215.08497619628906,93.764404296875,0.0,-216.26080322265625,87.51286315917969,6.361158368743252,0.513184666633606,-220.56270839827405,87.24335933583468,8.516429854145025,0.2427428513765335,-0.0002488456666469574,13.107593201249799,-3.821660314690915,0.23629721999168396,0.055021099746227264,-225.8601837158203,86.53458404541016,0.27421098947525024,-225.8601837158203,86.53458404541016,-225.62388649582863,86.58960514515638,12.975954606789204,33.47549110185355
622,/yh/study/new_data/model_dataset_flight/vi/vi_000622.jpg,-212.0742950439453,92.42574310302734,-225.8601837158203,86.53458404541016,14.991880519650511,-212.0742950439453,92.42574310302734,0.0,-206.6189422607422,81.23297882080078,12.451459603865274,0.4320330321788788,-214.5242832599538,83.41116452891048,9.341577443210932,0.21670787036418915,-0.00036713737063109875,9.319512230952782,-3.788080970297017,0.21366631984710693,0.03506392240524292,-221.5816650390625,81.61859130859375,0.24802953004837036,-221.5816650390625,81.61859130859375,-221.3679987192154,81.653655230999,14.393908924680044,33.094002050347626
623,/yh/study/new_data/model_dataset_flight/vi/vi_000623.jpg,-209.0592498779297,91.08515167236328,-221.5816650390625,81.61859130859375,15.697982245774813,-209.0592498779297,91.08515167236328,0.0,-203.01812744140625,81.90743255615234,10.9875242192739,0.3613685071468353,-210.6450311005996,81.78876097449171,9.430672409412045,0.19336241483688354,-0.0004840486217290163,5.5820988845793895,-3.7374133463733927,0.1922045797109604,0.018785197287797928,-218.27615356445312,80.36138153076172,0.25139734148979187,-218.27615356445312,80.36138153076172,-218.08394898474216,80.38016672804952,14.140387534171563,35.327476100064814
624,/yh/study/new_data/model_dataset_flight/vi/vi_000624.jpg,-206.04693603515625,89.74577331542969,-218.27615356445312,80.36138153076172,15.414946336170154,-206.04693603515625,89.74577331542969,0.0,-203.38023376464844,81.30277252197266,8.854126913357836,0.37496405839920044,-209.5002819844729,80.91599826852945,9.481061418666364,0.17224763333797455,-4.7377776354551315e-05,1.8540117346308256,-3.7280871499485637,0.17213377356529236,0.005571954417973757,-217.464111328125,77.84202575683594,0.2168636918067932,-217.464111328125,77.84202575683594,-217.2919775545597,77.84759771125391,16.493971553543517,33.702158951200545
625,/yh/study/new_data/model_dataset_flight/vi/vi_000625.jpg,-203.00331115722656,88.43207550048828,-217.464111328125,77.84202575683594,17.92383594980961,-203.00331115722656,88.43207550048828,0.0,-196.12693786621094,78.95034790039062,11.71271394339701,0.2995281219482422,-204.89340091224489,78.49498931543484,10.115242020397003,0.15350809693336487,-0.0006900436710566282,-1.826017350543882,-3.6800290851747075,0.15308529138565063,-0.004880483262240887,-212.0309295654297,72.94432067871094,0.20137684047222137,-212.0309295654297,72.94432067871094,-211.87784427404404,72.9394401954487,17.926752174992973,36.18529799859971
626,/yh/study/new_data/model_dataset_flight/vi/vi_000626.jpg,-199.96046447753906,87.11870574951172,-212.0309295654297,72.94432067871094,18.617446644836303,-199.96046447753906,87.11870574951172,0.0,-192.82713317871094,79.79269409179688,10.225207197304842,0.3084269165992737,-200.717089721841,76.97901248779151,10.167883811397985,0.13667967915534973,-0.0006471737287938595,-5.496640411457836,-3.670623060913954,0.1357290893793106,-0.013061192817986012,-203.98793029785156,72.14085388183594,0.19736748933792114,-203.98793029785156,72.14085388183594,-203.85220120847225,72.12779268901795,15.509884832061918,35.69866204634309
627,/yh/study/new_data/model_dataset_flight/vi/vi_000627.jpg,-196.9169921875,85.80506134033203,-203.98793029785156,72.14085388183594,15.385341440125481,-196.9169921875,85.80506134033203,0.0,-193.01821899414062,78.97400665283203,7.865350631527712,0.31131812930107117,-197.52516875209682,76.16657851049794,9.657651370531623,0.12152540683746338,-8.604861795902252e-05,-9.148214501663448,-3.6515740902056115,0.11993716657161713,-0.019314352422952652,-198.6220703125,71.7958984375,0.2388646900653839,-198.6220703125,71.7958984375,-198.50213314592838,71.77658408507705,14.112545363981605,36.096572992391884
628,/yh/study/new_data/model_dataset_flight/vi/vi_000628.jpg,-193.94146728515625,84.52278137207031,-198.6220703125,71.7958984375,13.560294758221023,-193.94146728515625,84.52278137207031,0.0,-188.32196044921875,79.73147583007812,7.384813191670683,0.2867828607559204,-192.5538017775802,76.47111212327542,8.170372895584734,0.1080722063779831,-0.00040989089757204056,-12.782728913756483,-3.634514412093035,0.10519389063119888,-0.02386612258851528,-193.8483428955078,73.0929946899414,0.24574850499629974,-193.8483428955078,73.0929946899414,-193.7431490048766,73.06912856735289,11.430166042141238,37.387145101092756
629,/yh/study/new_data/model_dataset_flight/vi/vi_000629.jpg,-190.96539306640625,83.24026489257812,-193.8483428955078,73.0929946899414,10.548862132118126,-190.96539306640625,83.24026489257812,0.0,-188.65341186523438,74.61698150634766,8.927836996373228,0.25473374128341675,-190.78777005400178,73.99084542827174,9.251124816000779,0.09606393426656723,-0.0004218481481075287,-16.40428731076765,-3.6215592507848133,0.09195110201835632,-0.02707015909254551,-193.18630981445312,70.578125,0.27655887603759766,-193.18630981445312,70.578125,-193.09435871243477,70.55105484090745,12.855436898875645,36.86972300056368
630,/yh/study/new_data/model_dataset_flight/vi/vi_000630.jpg,-187.6951141357422,81.8309555053711,-193.18630981445312,70.578125,12.521159066336628,-187.6951141357422,81.8309555053711,0.0,-183.63568115234375,74.43832397460938,8.433860153945849,0.29097244143486023,-187.55959513196342,72.85234578862074,8.979632389252307,0.08540554344654083,0.000323684886097908,-19.968725689523644,-3.564438378755997,0.08042300492525101,-0.029221875593066216,-189.89122009277344,69.59825134277344,0.2504761517047882,-189.89122009277344,69.59825134277344,-189.8107970878482,69.56902946718037,12.428271501063298,35.813877009786665
631,/yh/study/new_data/model_dataset_flight/vi/vi_000631.jpg,-184.639404296875,80.46227264404297,-189.89122009277344,69.59825134277344,12.066835873106356,-184.639404296875,80.46227264404297,0.0,-177.6341552734375,72.48930358886719,10.613281746715415,0.3114731013774872,-182.67001937152654,71.30150321199099,9.370067959807319,0.07589667290449142,9.371200576424599e-05,-23.525466445085037,-3.556741395891627,0.06963131576776505,-0.030313363298773766,-182.96311950683594,67.21368408203125,0.243784099817276,-182.96311950683594,67.21368408203125,-182.89348819106817,67.18337071873248,13.354213926052857,36.05789795983583
632,/yh/study/new_data/model_dataset_flight/vi/vi_000632.jpg,-181.58236694335938,79.0929946899414,-182.96311950683594,67.21368408203125,11.959285018794136,-181.58236694335938,79.0929946899414,0.0,-178.3187255859375,65.0304183959961,14.436322486454339,0.3798392117023468,-180.22689340167256,65.9274218341724,13.23516592804089,0.06741887331008911,6.356276571750641e-06,-27.05521258549925,-3.5297480614049137,0.06004396453499794,-0.03066684678196907,-179.56854248046875,63.601810455322266,0.3710136115550995,-179.56854248046875,63.601810455322266,-179.50849851593375,63.5711436085403,15.621532509912377,34.386400948278606
633,/yh/study/new_data/model_dataset_flight/vi/vi_000633.jpg,-178.52432250976562,77.7232666015625,-179.56854248046875,63.601810455322266,14.160011265440481,-178.52432250976562,77.7232666015625,0.0,-174.77403259277344,65.00189208984375,13.26265599074713,0.41812482476234436,-176.74387615379376,64.42666295125275,13.4152770325448,0.05981302261352539,0.00039169122464954853,-30.55263827076096,-3.4974254718182975,0.051677390933036804,-0.030504293739795685,-177.562255859375,62.26264190673828,0.4142876863479614,-177.562255859375,62.26264190673828,-177.51057846844196,62.232137612998486,15.490528983672647,33.077247091569006
634,/yh/study/new_data/model_dataset_flight/vi/vi_000634.jpg,-175.4991912841797,76.3694076538086,-177.562255859375,62.26264190673828,14.256825568272275,-175.4991912841797,76.3694076538086,0.0,-170.76324462890625,66.31683349609375,11.112310197162063,0.3431991636753082,-173.5566455827797,64.6511526685434,11.878172574168135,0.05310382694005966,0.00025347527116537094,-34.028692294109696,-3.4760525292448583,0.044115226715803146,-0.029788248240947723,-175.29849243164062,62.465389251708984,0.38388022780418396,-175.29849243164062,62.465389251708984,-175.25437720492482,62.43560100346804,13.905466829823984,36.700626951642334
635,/yh/study/new_data/model_dataset_flight/vi/vi_000635.jpg,-172.47206115722656,75.0146484375,-175.29849243164062,62.465389251708984,12.86361612693515,-172.47206115722656,75.0146484375,0.0,-170.61952209472656,66.13081359863281,9.07493374203684,0.3479797840118408,-172.54189576925575,64.62485934734941,10.390023782978046,0.04712006449699402,0.0003703259862959385,-37.49722969427684,-3.468538040497375,0.03753115236759186,-0.02879578433930874,-174.82211303710938,62.34025573730469,0.3722813129425049,-174.82211303710938,62.34025573730469,-174.78458188474178,62.31145995296538,12.89042179902989,36.182828014716506
636,/yh/study/new_data/model_dataset_flight/vi/vi_000636.jpg,-169.44541931152344,73.66011047363281,-174.82211303710938,62.34025573730469,12.531877220525482,-169.44541931152344,73.66011047363281,0.0,-164.6625213623047,62.16462707519531,12.45079320189654,0.3269459903240204,-168.83663023098612,62.2367848133772,11.439536410398624,0.04182681441307068,0.0004464790690690279,-40.93711786597036,-3.4398877448066987,0.031765833497047424,-0.027552470564842224,-171.1678466796875,61.453426361083984,0.31815576553344727,-171.1678466796875,61.453426361083984,-171.13608084619045,61.42587389051914,12.327606947909743,36.802231101319194
637,/yh/study/new_data/model_dataset_flight/vi/vi_000637.jpg,-164.8690185546875,71.61128234863281,-171.1678466796875,61.453426361083984,11.952291579947026,-164.8690185546875,71.61128234863281,0.0,-160.3643798828125,62.70631790161133,9.979487029244961,0.28517821431159973,-164.80302742030895,62.191562401763775,9.419951098984484,0.0371173731982708,0.0006722081452608109,-44.36032671571071,-3.423207569079881,0.02677762508392334,-0.02618628926575184,-165.71017456054688,60.807090759277344,0.30614224076271057,-165.71017456054688,60.807090759277344,-165.68339693546295,60.78090447001159,10.836886052999393,34.46437790989876
638,/yh/study/new_data/model_dataset_flight/vi/vi_000638.jpg,-160.2950439453125,69.56355285644531,-165.71017456054688,60.807090759277344,10.295594593766204,-160.2950439453125,69.56355285644531,0.0,-155.01715087890625,61.92543029785156,9.284237795345286,0.3051457107067108,-159.41042242083705,61.465956026091575,8.145773730500999,0.03292841464281082,0.000925685279071331,-47.76897360214059,-3.40864645954306,0.022442985326051712,-0.024724245071411133,-160.62680053710938,59.781978607177734,0.31632477045059204,-160.62680053710938,59.781978607177734,-160.60435755178332,59.75725436210632,9.787198640578174,36.48122400045395
639,/yh/study/new_data/model_dataset_flight/vi/vi_000639.jpg,-157.47520446777344,68.32182312011719,-160.62680053710938,59.781978607177734,9.10282934528797,-157.47520446777344,68.32182312011719,0.0,-156.4849395751953,57.889896392822266,10.478822443439096,0.25577130913734436,-158.1866397150588,58.667265937191026,9.680734192687614,0.029208924621343613,0.0012516288552433252,-51.18170835678873,-3.4127311261101396,0.018701983615756035,-0.023245377466082573,-159.42205810546875,58.09788131713867,0.3495604395866394,-159.42205810546875,58.09788131713867,-159.403356121853,58.07463593967259,10.407652236566086,35.062243114225566
640,/yh/study/new_data/model_dataset_flight/vi/vi_000640.jpg,-154.3899383544922,66.96321868896484,-159.42205810546875,58.09788131713867,10.193941136992414,-154.3899383544922,66.96321868896484,0.0,-155.98728942871094,57.73308563232422,9.36733082033499,0.25380414724349976,-157.39847787549462,57.882963398279806,9.56568587156442,0.025912394747138023,0.001500166254118085,-54.56689695851421,-3.385184119413832,0.01545762550085783,-0.02172440104186535,-157.5399169921875,57.744266510009766,0.3231835961341858,-157.5399169921875,57.744266510009766,-157.52445936668664,57.7225421089679,9.74225049440823,35.319916903972626
641,/yh/study/new_data/model_dataset_flight/vi/vi_000641.jpg,-151.57359313964844,65.72303009033203,-157.5399169921875,57.744266510009766,9.962815294084978,-151.57359313964844,65.72303009033203,0.0,-150.28439331054688,57.505218505859375,8.318320950603463,0.27261102199554443,-153.26535423061716,57.60343233433826,8.293969092542774,0.022983979433774948,0.0013644150458276272,-57.944224012504996,-3.3773200103582086,0.012560699135065079,-0.02005784586071968,-153.33677673339844,57.77294158935547,0.3509770631790161,-153.33677673339844,57.77294158935547,-153.32421603426337,57.75288374349475,8.143262464063708,34.70140602439642
642,/yh/study/new_data/model_dataset_flight/vi/vi_000642.jpg,-149.53396606445312,64.71604919433594,-153.33677673339844,57.77294158935547,7.91631935928446,-149.53396606445312,64.71604919433594,0.0,-149.1935577392578,55.535465240478516,9.186892813225082,0.29743868112564087,-150.89581583209244,56.45474134627651,8.372803720978265,0.020392900332808495,0.002145354403182864,-61.309471876948614,-3.365249145104092,0.010305161587893963,-0.018830154091119766,-149.88121032714844,56.9389533996582,0.3489398956298828,-149.88121032714844,56.9389533996582,-149.87090516556054,56.92012324556708,7.784844094621864,35.313769010826945
643,/yh/study/new_data/model_dataset_flight/vi/vi_000643.jpg,-147.67930603027344,63.800376892089844,-149.88121032714844,56.9389533996582,7.206074859109458,-147.67930603027344,63.800376892089844,0.0,-145.52259826660156,55.49235153198242,8.58339523510776,0.3061078190803528,-147.31335146214477,56.0866936944033,7.722359174514348,0.01811283640563488,0.0017174787353724241,-64.66512332560838,-3.3556510217729314,0.008118091151118279,-0.01714693196117878,-146.53469848632812,56.721466064453125,0.3841559588909149,-146.53469848632812,56.721466064453125,-146.526580395177,56.704319132491946,7.170851060738111,37.6368259312585
644,/yh/study/new_data/model_dataset_flight/vi/vi_000644.jpg,-145.82395935058594,62.88438034057617,-146.53469848632812,56.721466064453125,6.203761963028305,-145.82395935058594,62.88438034057617,0.0,-145.0310821533203,55.437259674072266,7.489209602582464,0.3148603141307831,-145.64884893682864,55.96488100521293,6.921714723180853,0.016088051721453667,0.0019209656165912747,-68.00088526340505,-3.3357604436927963,0.006386249326169491,-0.015807224437594414,-145.54502868652344,56.51708984375,0.4070097506046295,-145.54502868652344,56.51708984375,-145.53864243719727,56.501282619312406,6.3733970993754365,35.5237890034914
645,/yh/study/new_data/model_dataset_flight/vi/vi_000645.jpg,-145.80694580078125,62.32038497924805,-145.54502868652344,56.51708984375,5.8092026134777255,-145.80694580078125,62.32038497924805,0.0,-143.13751220703125,55.76799774169922,7.075284744957888,0.3683275878429413,-144.12664998049775,56.07576522751104,6.46673564385047,0.014296429231762886,0.0022530416026711464,-71.2953791982365,-3.2944967095958106,0.004945976193994284,-0.01460837759077549,-143.96795654296875,56.926963806152344,0.42774996161460876,-143.96795654296875,56.926963806152344,-143.96301056677476,56.91235542856157,5.6983219846501125,33.94904301967472
646,/yh/study/new_data/model_dataset_flight/vi/vi_000646.jpg,-145.78990173339844,61.75592803955078,-143.96795654296875,56.926963806152344,5.161238208450684,-145.78990173339844,61.75592803955078,0.0,-143.71417236328125,55.61547088623047,6.481810431486692,0.34268972277641296,-143.8184406084108,56.15430299715426,5.938422524790679,0.01270001195371151,0.0025886904913932085,-74.59214758606159,-3.2967651861739014,0.003718136576935649,-0.01349138654768467,-144.08636474609375,56.747657775878906,0.4140285551548004,-144.08636474609375,56.747657775878906,-144.08264660951681,56.73416638933122,5.290067041266592,34.7261669812724
647,/yh/study/new_data/model_dataset_flight/vi/vi_000647.jpg,-145.7729034423828,61.192325592041016,-144.08636474609375,56.747657775878906,4.753891539581826,-145.7729034423828,61.192325592041016,0.0,-144.39804077148438,55.184818267822266,6.162823347652592,0.31955036520957947,-144.26998743003318,55.826917129638026,5.571926462957181,0.011289947666227818,0.002470241626724601,-77.99083605668159,-3.3986906050541204,0.0026060675736516714,-0.012250948697328568,-144.64703369140625,56.31488800048828,0.40372300148010254,-144.64703369140625,56.31488800048828,-144.6444276238326,56.30263705179095,5.005694772522169,35.74744798243046
648,/yh/study/new_data/model_dataset_flight/vi/vi_000648.jpg,-146.5421600341797,61.21087646484375,-144.64703369140625,56.31488800048828,5.249972085466326,-146.5421600341797,61.21087646484375,0.0,-143.9852294921875,56.304481506347656,5.532685178584477,0.3579772114753723,-144.2571343940489,56.3087570560818,5.4085226147087235,0.010039755143225193,0.002671367023140192,-81.33858497647164,-3.3477510542241653,0.0017130852211266756,-0.011245707981288433,-144.34332275390625,57.5458984375,0.4173938035964966,-144.34332275390625,57.5458984375,-144.34160966868512,57.53465272951871,4.273985180839163,35.15960602089763
649,/yh/study/new_data/model_dataset_flight/vi/vi_000649.jpg,-147.3113555908203,61.22942352294922,-144.34332275390625,57.5458984375,4.73049426340777,-147.3113555908203,61.22942352294922,0.0,-148.0576629638672,51.69245147705078,9.566128292016177,0.2564837634563446,-146.5316114346362,54.09736356919321,7.174557835370301,0.008952667005360126,0.0048909541219472885,-84.55430633960535,-3.215723284124407,0.0010817095171660185,-0.011346699669957161,-148.2103271484375,45.33936309814453,0.3084356486797333,-148.2103271484375,45.33936309814453,-148.20924543892033,45.328016398474574,15.915469523873583,36.21902200393379
650,/yh/study/new_data/model_dataset_flight/vi/vi_000650.jpg,-148.08091735839844,61.247982025146484,-148.2103271484375,45.33936309814453,15.909145264857026,-148.08091735839844,61.247982025146484,0.0,-147.3275909423828,53.24396896362305,8.039385908022126,0.263275146484375,-147.690266642779,49.99633003258703,11.25843153122499,0.00795782171189785,0.003731032367795706,-87.82100140451485,-3.266696132126566,0.0003734983620233834,-0.009816234931349754,-148.24020385742188,45.85421371459961,0.27125000953674316,-148.24020385742188,45.85421371459961,-148.23983035905985,45.84439747966826,15.39459239433017,37.19785995781422
651,/yh/study/new_data/model_dataset_flight/vi/vi_000651.jpg,-148.108154296875,61.30363464355469,-148.24020385742188,45.85421371459961,15.449985246804472,-148.108154296875,61.30363464355469,0.0,-151.58279418945312,54.61060333251953,7.541206171004232,0.2510441839694977,-150.20947758422955,51.01300564043589,10.502980759660955,0.0070633962750434875,0.003409111639484763,-91.12965432149575,-3.3086535573111315,-0.00017285937792621553,-0.008766247890889645,-149.78245544433594,51.61749267578125,0.24244186282157898,-149.78245544433594,51.61749267578125,-149.78262830371386,51.60872642789036,9.829782833422664,36.19142703246325
652,/yh/study/new_data/model_dataset_flight/vi/vi_000652.jpg,-148.1353759765625,61.35929489135742,-149.78245544433594,51.61749267578125,9.880059776163586,-148.1353759765625,61.35929489135742,0.0,-150.2050323486328,55.17576599121094,6.52069836423968,0.2768404185771942,-150.03141493758076,53.71383516972317,7.8770564360572495,0.006267781835049391,0.003697469364851713,-94.48577022301906,-3.356113553645788,-0.0006348049500957131,-0.008091653697192669,-149.1798553466797,54.96604919433594,0.3394988179206848,-149.1798553466797,54.96604919433594,-149.18049015162978,54.957957540638745,6.478003372728677,35.983186098746955
653,/yh/study/new_data/model_dataset_flight/vi/vi_000653.jpg,-148.16261291503906,61.41496276855469,-149.1798553466797,54.96604919433594,6.528649818490266,-148.16261291503906,61.41496276855469,0.0,-150.17857360839844,54.937705993652344,6.7837270615192296,0.2791721820831299,-149.76824621661038,54.94935091100012,6.6619963217991245,0.005558313801884651,0.0041127451695501804,-97.88109824056743,-3.395329298208828,-0.0010441087651997805,-0.0075427633710205555,-148.98519897460938,54.9642219543457,0.3579387664794922,-148.98519897460938,54.9642219543457,-148.98624308337457,54.95667919097468,6.502976616711843,35.2840869454667
654,/yh/study/new_data/model_dataset_flight/vi/vi_000654.jpg,-148.1230926513672,61.47601318359375,-148.98519897460938,54.9642219543457,6.568611141320968,-148.1230926513672,61.47601318359375,0.0,-149.9293212890625,54.931846618652344,6.788856893566668,0.2757353186607361,-149.54142486054243,54.945148154793735,6.683102893116861,0.004932879935950041,0.0042937216348946095,-101.28029897537517,-3.399203936458929,-0.0013848607195541263,-0.006942974403500557,-148.91331481933594,55.094242095947266,0.35314807295799255,-148.91331481933594,55.094242095947266,-148.9146996800555,55.087299121543765,6.430509566890467,35.45661992393434
655,/yh/study/new_data/model_dataset_flight/vi/vi_000655.jpg,-148.08352661132812,61.53709411621094,-148.91331481933594,55.094242095947266,6.496067319937848,-148.08352661132812,61.53709411621094,0.0,-145.89781188964844,53.86982727050781,7.972724109599282,0.28463995456695557,-147.1367433275682,54.372882998080655,7.2265011957065886,0.004379449412226677,0.004562363959848881,-104.69070805061092,-3.410407581131866,-0.0016891432460397482,-0.006442887708544731,-146.4751434326172,53.78669357299805,0.3691718876361847,-146.4751434326172,53.78669357299805,-146.47683257586323,53.7802506852895,7.915529358785486,36.27702093217522
656,/yh/study/new_data/model_dataset_flight/vi/vi_000656.jpg,-148.04006958007812,61.60420608520508,-146.4751434326172,53.78669357299805,7.972609091478173,-148.04006958007812,61.60420608520508,0.0,-145.52554321289062,54.47504425048828,7.559615818073279,0.29963892698287964,-145.91569026069888,54.19223262186738,7.710404536328065,0.003888595150783658,0.004654787480831146,-108.09318727622028,-3.402478371835716,-0.0019304584711790085,-0.005908624734729528,-145.7047119140625,54.39393615722656,0.4014297127723694,-145.7047119140625,54.39393615722656,-145.70664237253368,54.38802753249183,7.579042674542033,36.3328349776566
657,/yh/study/new_data/model_dataset_flight/vi/vi_000657.jpg,-148.21701049804688,61.63016891479492,-145.7047119140625,54.39393615722656,7.659941820718697,-148.21701049804688,61.63016891479492,0.0,-149.68939208984375,54.934104919433594,6.856032422752726,0.28029146790504456,-148.05227030454253,54.712174423299125,6.91995571631221,0.003452623961493373,0.004584978800266981,-111.54271284483269,-3.4495219400744133,-0.002109575318172574,-0.005343783646821976,-146.8970947265625,54.75294876098633,0.36955946683883667,-146.8970947265625,54.75294876098633,-146.89920430188067,54.747604977339506,7.002737656642886,35.23778705857694
658,/yh/study/new_data/model_dataset_flight/vi/vi_000658.jpg,-148.39414978027344,61.65616226196289,-146.8970947265625,54.75294876098633,7.063676838156354,-148.39414978027344,61.65616226196289,0.0,-149.26144409179688,54.82137680053711,6.889593001514541,0.2894155979156494,-148.29004169985222,54.793262866838006,6.863688993537986,0.0030665546655654907,0.005392068065702915,-115.03416894475981,-3.4914607956821726,-0.0024384891148656607,-0.0052212257869541645,-147.71896362304688,54.77983856201172,0.39579880237579346,-147.71896362304688,54.77983856201172,-147.72140211216174,54.774617336224765,6.909392446041877,34.264080110006034
659,/yh/study/new_data/model_dataset_flight/vi/vi_000659.jpg,-148.5711212158203,61.68212890625,-147.71896362304688,54.77983856201172,6.954695144942475,-148.5711212158203,61.68212890625,0.0,-149.5897216796875,55.282230377197266,6.480451225583123,0.28795817494392395,-148.82111325079305,55.07582069081986,6.611036549196318,0.002723126905038953,0.004951114300638437,-118.50617266593073,-3.4719979581988096,-0.0024810899049043655,-0.004568425472825766,-148.1893310546875,55.42481994628906,0.3825262188911438,-148.1893310546875,55.42481994628906,-148.1918121445924,55.42025152081624,6.268945616891667,34.96703098062426
660,/yh/study/new_data/model_dataset_flight/vi/vi_000660.jpg,-148.72430419921875,61.637603759765625,-148.1893310546875,55.42481994628906,6.235774128235085,-148.72430419921875,61.637603759765625,0.0,-149.96405029296875,54.7396240234375,7.008501610170452,0.2764579951763153,-149.2348997966648,55.02113950849896,6.636136455229127,0.002420166041702032,0.00516540789976716,-122.0031748794639,-3.4970026404199914,-0.0026513526681810617,-0.004242527764290571,-148.5367431640625,54.830108642578125,0.3636128604412079,-148.5367431640625,54.830108642578125,-148.53939451673068,54.825866114813834,6.8100784806373955,35.848179017193615
661,/yh/study/new_data/model_dataset_flight/vi/vi_000661.jpg,-148.87750244140625,61.593074798583984,-148.5367431640625,54.830108642578125,6.7715454744376125,-148.87750244140625,61.593074798583984,0.0,-149.50274658203125,54.709476470947266,6.911935776005802,0.2860390245914459,-149.10586021462737,54.75903868108032,6.837850314823736,0.002148804720491171,0.005571508780121803,-125.52926003848299,-3.526090921991195,-0.0028675643261522055,-0.0040158373303711414,-148.2450408935547,54.660884857177734,0.38022851943969727,-148.2450408935547,54.660884857177734,-148.24790845788084,54.65686901984736,6.960981611327872,34.88933201879263
662,/yh/study/new_data/model_dataset_flight/vi/vi_000662.jpg,-149.0306854248047,61.548545837402344,-148.2450408935547,54.660884857177734,6.932323644204132,-149.0306854248047,61.548545837402344,0.0,-150.183349609375,54.601219177246094,7.042299514030125,0.26978737115859985,-149.38698772201562,54.62573306045424,6.9319757696975355,0.001908596488647163,0.005851707886904478,-129.08513848266168,-3.555879724839148,-0.00304799759760499,-0.0037525484804064035,-148.7070770263672,54.566959381103516,0.34982290863990784,-148.7070770263672,54.566959381103516,-148.7101250239648,54.56320683262311,6.98908233191701,34.58634694106877
663,/yh/study/new_data/model_dataset_flight/vi/vi_000663.jpg,-149.0669403076172,61.512611389160156,-148.7070770263672,54.566959381103516,6.9549682528544485,-149.0669403076172,61.512611389160156,0.0,-150.03724670410156,54.703216552734375,6.878179449636407,0.2761889100074768,-149.49074117254054,54.64723474886559,6.878444852305792,0.0016940516652539372,0.0059806304052472115,-132.6610703622435,-3.5759308123647777,-0.0031744090374559164,-0.0034447673242539167,-148.71617126464844,54.60880661010742,0.36004921793937683,-148.71617126464844,54.60880661010742,-148.7193456736859,54.60536184278317,6.912709985872153,35.12291004881263
664,/yh/study/new_data/model_dataset_flight/vi/vi_000664.jpg,-149.10678100585938,61.47312927246094,-148.71617126464844,54.60880661010742,6.87542737455854,-149.10678100585938,61.47312927246094,0.0,-149.75942993164062,54.70838928222656,6.796150215805974,0.27885016798973083,-149.33080293622504,54.66747534314668,6.809339999653079,0.0015046362532302737,0.006029597017914057,-136.25262971464633,-3.591565755705172,-0.0032648202031850815,-0.0031250983010977507,-148.54014587402344,54.64649963378906,0.36485618352890015,-148.54014587402344,54.64649963378906,-148.54341069422662,54.643374535487965,6.850105663143016,33.79166405647993
665,/yh/study/new_data/model_dataset_flight/vi/vi_000665.jpg,-149.1430206298828,61.437225341796875,-148.54014587402344,54.64649963378906,6.8174345330667245,-149.1430206298828,61.437225341796875,0.0,-160.35633850097656,58.7485466003418,11.531153066928864,0.30559614300727844,-155.50160850621413,57.06320419969215,7.717752310913241,0.0013356833951547742,0.005964565556496382,-139.87377744653364,-3.6211481587741434,-0.0033016314264386892,-0.0027828156016767025,-155.78561401367188,57.115779876708984,0.3149465322494507,-155.78561401367188,57.115779876708984,-155.7889156450983,57.11299706110731,7.92457808151872,34.853828023187816
666,/yh/study/new_data/model_dataset_flight/vi/vi_000666.jpg,-149.12939453125,61.463199615478516,-155.78561401367188,57.115779876708984,7.950177116468254,-149.12939453125,61.463199615478516,0.0,-160.4340057373047,58.54206466674805,11.67592668308395,0.32149919867515564,-158.52419540832864,57.95606985692397,10.02807272925842,0.0011859945952892303,0.006383452098816633,-143.50731514157536,-3.6335372681549,-0.0035193932708352804,-0.002603519009426236,-159.67958068847656,57.60034942626953,0.3428642451763153,-159.67958068847656,57.60034942626953,-159.6831000817474,57.597745907260105,11.235125256818762,34.97985703870654
667,/yh/study/new_data/model_dataset_flight/vi/vi_000667.jpg,-149.11578369140625,61.489173889160156,-159.67958068847656,57.60034942626953,11.256854032032587,-149.11578369140625,61.489173889160156,0.0,-160.48495483398438,58.53380584716797,11.747010374255227,0.3098950982093811,-160.15406364554147,58.15029154366869,11.532205325214168,0.00105279718991369,0.0064311884343624115,-147.15395313944518,-3.646641839851216,-0.0035860079806298018,-0.002315105637535453,-161.0144805908203,57.63096618652344,0.3369741439819336,-161.0144805908203,57.63096618652344,-161.01806659880094,57.6286510808859,12.508587233609203,35.19745497033
668,/yh/study/new_data/model_dataset_flight/vi/vi_000668.jpg,-149.1021728515625,61.51515197753906,-161.0144805908203,57.63096618652344,12.529564036067226,-149.1021728515625,61.51515197753906,0.0,-160.42752075195312,58.007083892822266,11.85622396684083,0.3109581470489502,-160.668675549055,57.852554429062074,12.132543239288736,0.0009342117700725794,0.006116156000643969,-150.85236397122367,-3.698406989797096,-0.003486736211925745,-0.0019444915233179927,-161.35997009277344,57.30615997314453,0.336342453956604,-161.35997009277344,57.30615997314453,-161.36345682898536,57.30421548162121,12.960293472745729,34.617159981280565
669,/yh/study/new_data/model_dataset_flight/vi/vi_000669.jpg,-149.10897827148438,61.5225715637207,-161.35997009277344,57.30615997314453,12.956269806793797,-149.10897827148438,61.5225715637207,0.0,-160.48529052734375,58.345149993896484,11.811709798974931,0.3191046416759491,-160.84465612471996,57.91827678885937,12.276688295261753,0.6351825594902039,0.006425064988434315,-154.53354906591542,-3.681191924880902,-0.5763668417930603,-0.27449873089790344,-161.52919006347656,57.535118103027344,0.3426995575428009,-161.52919006347656,57.535118103027344,-162.10555690526962,57.26061937212944,13.04459451493749,34.83762196265161
670,/yh/study/new_data/model_dataset_flight/vi/vi_000670.jpg,-149.11578369140625,61.529991149902344,-161.52919006347656,57.535118103027344,13.040386053288614,-149.11578369140625,61.529991149902344,0.0,-160.370361328125,58.834075927734375,11.572963175697344,0.3176923394203186,-160.84647074830076,58.30039391080853,12.1671408783475,0.5804056525230408,0.0060306740924716,-158.2289546144591,-3.6954076829778146,-0.5418075323104858,-0.21639001369476318,-161.46817016601562,57.873817443847656,0.34686172008514404,-161.46817016601562,57.873817443847656,-162.0099776983261,57.65742743015289,12.882121633758869,37.49834396876395
671,/yh/study/new_data/model_dataset_flight/vi/vi_000671.jpg,-149.12258911132812,61.53741455078125,-161.46817016601562,57.873817443847656,12.877706136567612,-149.12258911132812,61.53741455078125,0.0,-160.3545684814453,58.7350959777832,11.576283944138028,0.3082410991191864,-160.81209618694072,58.38123624778826,12.108097998904727,0.5295277833938599,0.006400076672434807,-161.99081790362703,-3.7618590202996915,-0.5066279172897339,-0.1647031456232071,-161.40353393554688,57.806297302246094,0.33938467502593994,-161.40353393554688,57.806297302246094,-161.9101618528366,57.64159415662289,12.835218802101577,35.84017092362046
672,/yh/study/new_data/model_dataset_flight/vi/vi_000672.jpg,-149.04354858398438,61.497920989990234,-161.40353393554688,57.806297302246094,12.899508647338209,-149.04354858398438,61.497920989990234,0.0,-160.380859375,58.71174240112305,11.674648050418535,0.315947949886322,-160.8010293079649,58.339736661296,12.174254853122786,0.4817180633544922,0.006294660735875368,-165.7168226996524,-3.726001807817594,-0.46987733244895935,-0.11962331831455231,-161.42649841308594,57.8038330078125,0.3465195298194885,-161.42649841308594,57.8038330078125,-161.8963757455349,57.68420968949795,12.922218559137452,36.48066893219948
673,/yh/study/new_data/model_dataset_flight/vi/vi_000673.jpg,-148.96446228027344,61.45841598510742,-161.42649841308594,57.8038330078125,12.986851863075136,-148.96446228027344,61.45841598510742,0.0,-160.5890655517578,57.992740631103516,12.130222870118889,0.31773144006729126,-160.93312819180107,57.91512717861644,12.48214161384047,0.4372577667236328,0.006459244526922703,-169.49480523526154,-3.7779812549486835,-0.43310409784317017,-0.08031172305345535,-161.64459228515625,57.37898635864258,0.33644092082977295,-161.64459228515625,57.37898635864258,-162.07769638299942,57.29867463558912,13.320189301132642,35.78618890605867
674,/yh/study/new_data/model_dataset_flight/vi/vi_000674.jpg,-148.8774871826172,61.41496276855469,-161.64459228515625,57.37898635864258,13.389849822931025,-148.8774871826172,61.41496276855469,0.0,-160.19369506835938,59.17646026611328,11.535486741649445,0.3190457820892334,-160.78980199214413,58.43796092297495,12.27867191962796,0.3959711194038391,0.006196899339556694,-173.2827871678156,-3.7879840669881673,-0.39633020758628845,-0.0466788113117218,-161.2401580810547,58.04073715209961,0.35262250900268555,-161.2401580810547,58.04073715209961,-161.63648828864098,57.99405834078789,12.814875350693628,34.96416297275573
675,/yh/study/new_data/model_dataset_flight/vi/vi_000675.jpg,-148.44296264648438,61.237342834472656,-161.2401580810547,58.04073715209961,13.190394189680871,-148.44296264648438,61.237342834472656,0.0,-160.50408935546875,58.344627380371094,12.403168151265799,0.3360160291194916,-160.80650613497838,58.21977286480239,12.726465971106759,0.35781723260879517,0.006127823144197464,-177.07851453488843,-3.7957222444309684,-0.3604121208190918,-0.018393192440271378,-161.5415496826172,57.71025848388672,0.35727912187576294,-161.5415496826172,57.71025848388672,-161.90196180343628,57.69186529144645,13.565150436294276,36.3734740531072
676,/yh/study/new_data/model_dataset_flight/vi/vi_000676.jpg,-148.0474853515625,61.07568359375,-161.5415496826172,57.71025848388672,13.907403004901406,-148.0474853515625,61.07568359375,0.0,-155.29705810546875,58.383216857910156,7.733413362661013,0.3247070610523224,-157.8626324422034,58.10672921872374,10.25435529382047,0.3228643238544464,0.0061384825967252254,179.08824305665132,-3.8332498650519575,-0.32589229941368103,0.0051864143460989,-159.3880157470703,57.778778076171875,0.3602921962738037,-159.3880157470703,57.778778076171875,-159.713908046484,57.783964490517974,11.81004723289766,34.999798983335495
677,/yh/study/new_data/model_dataset_flight/vi/vi_000677.jpg,-147.65199279785156,60.914024353027344,-159.3880157470703,57.778778076171875,12.14759251379158,-147.65199279785156,60.914024353027344,0.0,-155.13006591796875,59.78083419799805,7.563444818154921,0.3025270402431488,-156.87946163316565,58.95828143394976,9.432449918881881,0.2909160256385803,0.006334314588457346,175.20840874013894,-3.879835170286029,-0.29305538535118103,0.024565236642956734,-157.2825469970703,58.43559265136719,0.3195399045944214,-157.2825469970703,58.43559265136719,-157.5756023824215,58.460157888010144,9.944355076317617,35.73363204486668
678,/yh/study/new_data/model_dataset_flight/vi/vi_000678.jpg,-146.78369140625,60.6616325378418,-157.2825469970703,58.43559265136719,10.732251501575744,-146.78369140625,60.6616325378418,0.0,-155.1985626220703,59.20634460449219,8.539784572680636,0.313449889421463,-156.05477593657326,58.889678082246895,9.438899880870757,0.2618742883205414,0.00641541788354516,171.33843721678807,-3.8699693889167692,-0.2620587646961212,0.03992072492837906,-156.42889404296875,58.20503234863281,0.3225673735141754,-156.42889404296875,58.20503234863281,-156.69095280766487,58.24495307356119,9.953131084889215,36.28899797331542
679,/yh/study/new_data/model_dataset_flight/vi/vi_000679.jpg,-145.9160614013672,60.40943145751953,-156.42889404296875,58.20503234863281,10.74146291626908,-145.9160614013672,60.40943145751953,0.0,-155.1345672607422,58.316932678222656,9.453010177752383,0.29869145154953003,-155.66634659534498,58.27095798031155,9.982040381436276,0.23513831198215485,0.0060934340581297874,167.5036958091761,-3.834748237801129,-0.23254242539405823,0.05153767392039299,-156.30361938476562,57.45466613769531,0.31114891171455383,-156.30361938476562,57.45466613769531,-156.53616181015968,57.506203811615705,10.799629574837303,37.27301303297281
680,/yh/study/new_data/model_dataset_flight/vi/vi_000680.jpg,-145.04782104492188,60.15705108642578,-156.30361938476562,57.45466613769531,11.57565897382755,-145.04782104492188,60.15705108642578,0.0,-154.80653381347656,58.451576232910156,9.90661997732458,0.3363821506500244,-155.42161740741568,58.04199173356124,10.587215263544493,0.21066035330295563,0.005813223775476217,163.61830171867933,-3.8853966518177123,-0.20489701628684998,0.06023336201906204,-155.40399169921875,57.628273010253906,0.3316975235939026,-155.40399169921875,57.628273010253906,-155.6088887155056,57.68850637227297,10.660440383935708,34.60523206740618
681,/yh/study/new_data/model_dataset_flight/vi/vi_000681.jpg,-144.4994659423828,59.85633850097656,-155.40399169921875,57.628273010253906,11.129822901216693,-144.4994659423828,59.85633850097656,0.0,-154.91082763671875,58.25564956665039,10.533691536909553,0.3481672704219818,-155.11344606400272,57.997889399521654,10.77545391548964,0.1884853094816208,0.0051481169648468494,159.7146573627203,-3.9036443559590475,-0.17920942604541779,0.06623946130275726,-155.20989990234375,57.844032287597656,0.32899123430252075,-155.20989990234375,57.844032287597656,-155.38910932838917,57.91027174890041,10.897833358383119,34.6062850439921
682,/yh/study/new_data/model_dataset_flight/vi/vi_000682.jpg,-143.95172119140625,59.55595016479492,-155.20989990234375,57.844032287597656,11.387591962556172,-143.95172119140625,59.55595016479492,0.0,-155.10894775390625,58.44742965698242,11.212159572678068,0.29459553956985474,-155.15042434780818,58.1995214347323,11.280551905157209,0.16826879978179932,0.005262406077235937,155.7661250035359,-3.9485268096556707,-0.15583987534046173,0.07014799863100052,-155.590087890625,58.60837173461914,0.3409658670425415,-155.590087890625,58.60837173461914,-155.74592776596546,58.67851973325014,11.676878191829285,33.38075696956366
683,/yh/study/new_data/model_dataset_flight/vi/vi_000683.jpg,-143.4036102294922,59.25536346435547,-155.590087890625,58.60837173461914,12.20364027999991,-143.4036102294922,59.25536346435547,0.0,-155.04507446289062,58.64662551879883,11.657368973480061,0.37466150522232056,-155.26899540923125,58.6309087985884,11.881805801020723,0.15008890628814697,0.006045250222086906,151.80185588850384,-3.9642729570134887,-0.13494005799293518,0.07234860211610794,-155.646240234375,58.31037521362305,0.33844101428985596,-155.646240234375,58.31037521362305,-155.78118029236794,58.382723815739155,12.279046877933126,32.73922496009618
684,/yh/study/new_data/model_dataset_flight/vi/vi_000684.jpg,-143.45632934570312,59.165565490722656,-155.646240234375,58.31037521362305,12.219872253170523,-143.45632934570312,59.165565490722656,0.0,-154.94358825683594,44.80833053588867,18.387150753711328,0.38648471236228943,-155.23227563177403,50.355699587583096,14.706687192013304,0.13387498259544373,0.006406211294233799,147.85806368060344,-3.9437922079003824,-0.11606850475072861,0.07292807847261429,-155.53744506835938,43.592201232910156,0.2922358810901642,-155.53744506835938,43.592201232910156,-155.6535135731101,43.66512931138277,19.709972892186432,35.66195699386299
685,/yh/study/new_data/model_dataset_flight/vi/vi_000685.jpg,-143.5139923095703,59.067344665527344,-155.53744506835938,43.592201232910156,19.597027338423224,-143.5139923095703,59.067344665527344,0.0,-154.86639404296875,48.680633544921875,15.38703327543608,0.2825682759284973,-155.14209804034172,46.590030780449894,17.055679542977625,0.11916360259056091,0.004480493720620871,143.89472347129848,-3.963337221097197,-0.09808649122714996,0.0715397372841835,-155.12013244628906,42.691104888916016,0.32141703367233276,-155.12013244628906,42.691104888916016,-155.2182189375162,42.7626446262002,20.07196348378058,34.33474502526224
686,/yh/study/new_data/model_dataset_flight/vi/vi_000686.jpg,-143.56700134277344,58.97706604003906,-155.12013244628906,42.691104888916016,19.9676580727663,-143.56700134277344,58.97706604003906,0.0,-154.85958862304688,49.30018997192383,14.871599037099365,0.27134865522384644,-154.96663409476326,46.58482093526583,16.838033306090566,0.10594344884157181,0.005289103370159864,139.89870763700418,-3.9960136998601845,-0.08305971324443817,0.06994597613811493,-154.99569702148438,42.734764099121094,0.3145720958709717,-154.99569702148438,42.734764099121094,-155.0787567347288,42.80471007525921,19.86019781514106,36.35561699047685
687,/yh/study/new_data/model_dataset_flight/vi/vi_000687.jpg,-143.4983367919922,58.98100662231445,-154.99569702148438,42.734764099121094,19.903007018265477,-143.4983367919922,58.98100662231445,0.0,-154.63970947265625,44.54485321044922,18.23547944366574,0.42223215103149414,-154.78596838071735,43.80117086035677,18.91660753525313,0.09406562149524689,0.004845442716032267,135.88190070687637,-4.016807357014642,-0.06926959753036499,0.06716936081647873,-154.69970703125,41.169403076171875,0.35356852412223816,-154.69970703125,41.169403076171875,-154.76897662878036,41.236572436988354,21.04100558723108,35.53898702375591
688,/yh/study/new_data/model_dataset_flight/vi/vi_000688.jpg,-143.43556213378906,58.9846076965332,-154.69970703125,41.169403076171875,21.07753486383877,-143.43556213378906,58.9846076965332,0.0,-154.7028350830078,45.32896423339844,17.703898952051546,0.3630000650882721,-154.70154991043376,43.61999189750621,19.052398779030884,0.08336564153432846,0.00460601132363081,131.89516026947496,-3.986748548251062,-0.057206928730010986,0.06376899778842926,-154.64404296875,41.05024337768555,0.35541993379592896,-154.64404296875,41.05024337768555,-154.70124989748,41.114012375473976,21.14879349156454,35.555843031033874
689,/yh/study/new_data/model_dataset_flight/vi/vi_000689.jpg,-143.3729705810547,58.988197326660156,-154.64404296875,41.05024337768555,21.185071740360037,-143.3729705810547,58.988197326660156,0.0,-146.29962158203125,60.06893539428711,3.1198206442574796,0.26906710863113403,-149.7279604788292,52.25502972186811,9.258587505393962,0.07389093935489655,0.004477497655898333,127.91807771955992,-3.9770778541599703,-0.04678429290652275,0.06005796790122986,-149.6060028076172,52.134708404541016,0.23104995489120483,-149.6060028076172,52.134708404541016,-149.6527871005237,52.194766372442245,9.263962496846393,34.878853941336274
690,/yh/study/new_data/model_dataset_flight/vi/vi_000690.jpg,-143.34661865234375,59.00255584716797,-149.6060028076172,52.134708404541016,9.292320404424599,-143.34661865234375,59.00255584716797,0.0,-146.0323486328125,59.902992248535156,2.832654451375205,0.26871931552886963,-147.5005987418839,56.71136176518958,4.743956250387298,0.06534233689308167,0.0040093353018164635,123.88261071261964,-4.035464018732532,-0.037545498460531235,0.05591024085879326,-146.97015380859375,56.236915588378906,0.3476400375366211,-146.97015380859375,56.236915588378906,-147.00769930705428,56.2928258292377,4.558373950172863,34.75141595117748
691,/yh/study/new_data/model_dataset_flight/vi/vi_000691.jpg,-143.3202362060547,59.01694107055664,-146.97015380859375,56.236915588378906,4.588075869782674,-143.3202362060547,59.01694107055664,0.0,-145.90005493164062,59.936336517333984,2.738750197524185,0.26829764246940613,-146.339709334655,58.41641463436777,3.078611696024858,0.05774908885359764,0.004057018086314201,119.83249978009883,-4.0501169089363245,-0.029737329110503197,0.05185607820749283,-146.47262573242188,56.89777755737305,0.3604862093925476,-146.47262573242188,56.89777755737305,-146.50236306153238,56.94963363558054,3.7984751837491544,34.294749959371984
692,/yh/study/new_data/model_dataset_flight/vi/vi_000692.jpg,-143.29127502441406,59.0327262878418,-146.47262573242188,56.89777755737305,3.831318103351892,-143.29127502441406,59.0327262878418,0.0,-145.20603942871094,60.0884895324707,2.18654036154646,0.2613030970096588,-145.72642147677902,58.77757275756802,2.448477397991827,0.05102119222283363,0.003482700791209936,115.78528484778612,-4.047214932312715,-0.022951697930693626,0.047509003430604935,-145.94448852539062,57.350730895996094,0.37985533475875854,-145.94448852539062,57.350730895996094,-145.96744022332132,57.3982398994267,3.141440812740945,34.975672024302185
693,/yh/study/new_data/model_dataset_flight/vi/vi_000693.jpg,-143.31105041503906,59.0327262878418,-145.94448852539062,57.350730895996094,3.124756755211866,-143.31105041503906,59.0327262878418,0.0,-145.1502227783203,59.965572357177734,2.062221319580672,0.26276201009750366,-145.47655003684173,58.89125428587356,2.170115881552963,0.045022282749414444,0.0037346482276916504,111.70533964897069,-4.079944771928593,-0.017341338098049164,0.0435650460422039,-145.7981719970703,57.09538269042969,0.376167893409729,-145.7981719970703,57.09538269042969,-145.81551333516836,57.13894773647189,3.1526296925327784,34.63529597502202
694,/yh/study/new_data/model_dataset_flight/vi/vi_000694.jpg,-143.330810546875,59.0327262878418,-145.7981719970703,57.09538269042969,3.1370643506857823,-143.330810546875,59.0327262878418,0.0,-144.16107177734375,60.133323669433594,1.3786400208851484,0.25140631198883057,-144.8336809495241,58.88517346922048,1.510096447728352,0.0397053025662899,0.003458893857896328,107.62456799726571,-4.08077463991275,-0.012545553967356682,0.03948984295129776,-145.29269409179688,57.77201461791992,0.3845996558666229,-145.29269409179688,57.77201461791992,-145.30523964576423,57.81150446087122,2.3320336529545247,33.01801497582346
695,/yh/study/new_data/model_dataset_flight/vi/vi_000695.jpg,-143.3525390625,59.0327262878418,-145.29269409179688,57.77201461791992,2.3137837955139977,-143.3525390625,59.0327262878418,0.0,-145.04254150390625,59.93944549560547,1.9178759015344726,0.2621997594833374,-145.145317695023,59.048947851764375,1.792852019651139,0.035015471279621124,0.0036792615428566933,103.51847000411831,-4.106098420034218,-0.008615204133093357,0.035834018141031265,-145.6457977294922,57.430419921875,0.37963154911994934,-145.6457977294922,57.430419921875,-145.65441293362528,57.46625394001603,2.797574128446377,35.252494970336556
696,/yh/study/new_data/model_dataset_flight/vi/vi_000696.jpg,-143.40359497070312,59.08281326293945,-145.6457977294922,57.430419921875,2.7852965668157186,-143.40359497070312,59.08281326293945,0.0,-150.11570739746094,59.79141616821289,6.749412663839618,0.2601603865623474,-148.27922713481968,58.82139141857629,4.88263559775641,0.030837347730994225,0.0033867917954921722,99.4215108040804,-4.0969579193774495,-0.005325164180248976,0.03209192678332329,-148.5548095703125,56.25927734375,0.34484371542930603,-148.5548095703125,56.25927734375,-148.56013473449275,56.29136927053332,5.8742971441851495,37.204268970526755
697,/yh/study/new_data/model_dataset_flight/vi/vi_000697.jpg,-143.4546661376953,59.132911682128906,-148.5548095703125,56.25927734375,5.853993281852876,-143.4546661376953,59.132911682128906,0.0,-149.31251525878906,59.916465759277344,5.9100214312060455,0.2540681064128876,-149.00120884654774,58.413895273344394,5.5929527637219865,0.027160001918673515,0.0028991950675845146,95.34886707748772,-4.072641592158558,-0.002666981192305684,0.028485022485256195,-149.02833557128906,56.79951095581055,0.34768930077552795,-149.02833557128906,56.79951095581055,-149.03100255248137,56.8279959782958,6.04239604002918,35.20702593959868
698,/yh/study/new_data/model_dataset_flight/vi/vi_000698.jpg,-143.4579620361328,59.08980178833008,-149.02833557128906,56.79951095581055,6.022831013625747,-143.4579620361328,59.08980178833008,0.0,-148.73326110839844,59.88718795776367,5.335223051105787,0.25464922189712524,-148.85449363150542,58.618603513623206,5.4170638794407395,0.023898715153336525,0.00236465479247272,91.2761687093817,-4.0726970874455635,-0.000558592495508492,0.025074820965528488,-148.72064208984375,56.80921936035156,0.36005839705467224,-148.72064208984375,56.80921936035156,-148.72120068233926,56.83429418131709,5.735578223556134,34.53069704119116
699,/yh/study/new_data/model_dataset_flight/vi/vi_000699.jpg,-143.4612579345703,59.046695709228516,-148.72064208984375,56.80921936035156,5.715542153157917,-143.4612579345703,59.046695709228516,0.0,-150.21133422851562,59.77577209472656,6.789335928496496,0.26333513855934143,-149.59887740193517,58.55695204030702,6.15712770595387,0.021030724048614502,0.0023344550281763077,87.19376464246507,-4.082405774463914,0.0010867775417864323,0.02217133156955242,-149.6082305908203,56.239540100097656,0.33038565516471863,-149.6082305908203,56.239540100097656,-149.60714381327853,56.26171143166721,6.757617586883711,35.64299293793738
700,/yh/study/new_data/model_dataset_flight/vi/vi_000700.jpg,-143.46487426757812,58.99932861328125,-149.6082305908203,56.239540100097656,6.734779844346798,-143.46487426757812,58.99932861328125,0.0,-149.22972106933594,59.775211334228516,5.8168249625033255,0.25783127546310425,-149.38523321993017,58.32256666823005,5.958914066754487,0.018498068675398827,0.002059320453554392,83.12616842566904,-4.067596216796034,0.0023371451534330845,0.019387366250157356,-148.98487854003906,56.11772537231445,0.34834542870521545,-148.98487854003906,56.11772537231445,-148.98254139488563,56.13711273856461,6.226884004567401,34.80249596759677
701,/yh/study/new_data/model_dataset_flight/vi/vi_000701.jpg,-143.43084716796875,58.954803466796875,-148.98487854003906,56.11772537231445,6.236687950838429,-143.43084716796875,58.954803466796875,0.0,-149.35043334960938,59.77674865722656,5.976378038405965,0.26219677925109863,-149.20024369421205,58.27342430786908,5.809493423289967,0.01626424491405487,0.0016539562493562698,79.0758389270948,-4.050332486782003,0.0032389492262154818,0.016781510785222054,-149.0421142578125,56.40917205810547,0.3536590337753296,-149.0421142578125,56.40917205810547,-149.03887530858628,56.42595356889069,6.161700870902428,36.252074991352856
702,/yh/study/new_data/model_dataset_flight/vi/vi_000702.jpg,-143.3968048095703,58.9102783203125,-149.0421142578125,56.40917205810547,6.174548671867745,-143.3968048095703,58.9102783203125,0.0,-150.38473510742188,59.8300895690918,7.048207047257675,0.2620331346988678,-149.8331139621027,58.42459192915735,6.45460818156496,0.014291713014245033,0.00172470195684582,75.00514863460474,-4.070692426924165,0.0039208452217280865,0.014638053253293037,-149.8727264404297,56.207481384277344,0.3157840073108673,-149.8727264404297,56.207481384277344,-149.86880559520796,56.22211943753064,7.017312323566151,44.29126298055053
703,/yh/study/new_data/model_dataset_flight/vi/vi_000703.jpg,-143.36276245117188,58.865745544433594,-149.8727264404297,56.207481384277344,7.031784943142438,-143.36276245117188,58.865745544433594,0.0,-145.90164184570312,59.95698928833008,2.763461866675309,0.26480454206466675,-147.53317783215812,58.41648897134283,4.194543588810573,0.012566023506224155,0.0011960468254983425,70.96711347653653,-4.038032596747279,0.0042929379269480705,0.012444389052689075,-147.10731506347656,55.99607467651367,0.3445402979850769,-147.10731506347656,55.99607467651367,-147.10302212554961,56.00851906556636,4.717699137980944,49.07270998228341
704,/yh/study/new_data/model_dataset_flight/vi/vi_000704.jpg,-143.37681579589844,58.858089447021484,-147.10731506347656,55.99607467651367,4.701888273024553,-143.37681579589844,58.858089447021484,0.0,-149.52835083007812,59.893611907958984,6.2380838439256445,0.2572319805622101,-148.53365860343794,58.292293149830385,5.187788853797644,0.011044894345104694,0.0013180584646761417,66.93577873404409,-4.0313334618319665,0.004585160408169031,0.010768385604023933,-148.6181640625,56.38089370727539,0.3501746356487274,-148.6181640625,56.38089370727539,-148.61357890209183,56.391662092879415,5.797260593144266,35.600634990260005
705,/yh/study/new_data/model_dataset_flight/vi/vi_000705.jpg,-143.39083862304688,58.85044479370117,-148.6181640625,56.38089370727539,5.7813159244604995,-143.39083862304688,58.85044479370117,0.0,-148.89556884765625,59.95326232910156,5.614112695886552,0.25743788480758667,-148.78159598230903,58.48554039461244,5.403093570068297,0.009710625745356083,0.0010251787025481462,62.89751817973326,-4.0382686651604685,0.004657527897506952,0.009100635536015034,-148.63633728027344,56.707027435302734,0.3540906608104706,-148.63633728027344,56.707027435302734,-148.63167975237593,56.71612807083875,5.666523990529768,35.726182046346366
706,/yh/study/new_data/model_dataset_flight/vi/vi_000706.jpg,-143.4036102294922,58.843482971191406,-148.63633728027344,56.707027435302734,5.652068174111773,-143.4036102294922,58.843482971191406,0.0,-148.54046630859375,60.00927734375,5.267482026214419,0.251861035823822,-148.57985528070466,58.65253476288076,5.179765829500277,0.008533448912203312,0.0008011178579181433,58.864878871109354,-4.032637174189793,0.0046194009482860565,0.007647066842764616,-148.4778289794922,56.841339111328125,0.36188259720802307,-148.4778289794922,56.841339111328125,-148.4732095785439,56.84898617817089,5.454931343146291,35.6777060078457
707,/yh/study/new_data/model_dataset_flight/vi/vi_000707.jpg,-143.4036102294922,58.85784912109375,-148.4778289794922,56.841339111328125,5.460220558030282,-143.4036102294922,58.85784912109375,0.0,-149.55020141601562,59.879600524902344,6.2309356556966975,0.2582055926322937,-149.10961291195963,58.63131867286457,5.710497583950155,0.007502290420234203,0.0009038820862770081,54.84559941250199,-4.019283300588771,0.004579901695251465,0.006503406912088394,-149.0427703857422,56.48810577392578,0.34362292289733887,-149.0427703857422,56.48810577392578,-149.03819048404694,56.49460918083787,6.116846475046139,39.2461420269683
708,/yh/study/new_data/model_dataset_flight/vi/vi_000708.jpg,-143.4036102294922,58.87351989746094,-149.0427703857422,56.48810577392578,6.1229345749075685,-143.4036102294922,58.87351989746094,0.0,-150.32174682617188,59.81584930419922,6.982019670634173,0.2673547565937042,-149.79627424088366,58.448632566851494,6.406768483896711,0.006598875392228365,0.0008828199934214354,50.837804916984,-4.007797910612572,0.0044460659846663475,0.00545876519754529,-149.8673095703125,56.04634094238281,0.29304391145706177,-149.8673095703125,56.04634094238281,-149.86286350432783,56.05179970758036,7.054952162315318,38.727096980437636
709,/yh/study/new_data/model_dataset_flight/vi/vi_000709.jpg,-143.4036102294922,58.88801193237305,-149.8673095703125,56.04634094238281,7.060772137937396,-143.4036102294922,58.88801193237305,0.0,-149.60853576660156,59.84127426147461,6.277723312567718,0.258625328540802,-149.71485401871507,58.28211073105839,6.340261385207946,0.005802161525934935,0.0003178014885634184,46.868976650680935,-3.96883040073718,0.004075393546372652,0.004350337199866772,-149.42025756835938,56.23963928222656,0.3334093391895294,-149.42025756835938,56.23963928222656,-149.416182174813,56.24398961942643,6.573729755195411,38.832312100566924
710,/yh/study/new_data/model_dataset_flight/vi/vi_000710.jpg,-143.41348266601562,58.905967712402344,-149.42025756835938,56.23963928222656,6.571959527035328,-143.41348266601562,58.905967712402344,0.0,-149.33517456054688,59.94926834106445,6.01289540034781,0.25574615597724915,-149.37013125456096,58.425152407112684,5.976022570675241,0.005104064010083675,0.00039629009552299976,42.9193890272698,-3.9495880502979612,0.0038828738033771515,0.0036106386687606573,-149.27334594726562,56.64375686645508,0.33097943663597107,-149.27334594726562,56.64375686645508,-149.26946307346225,56.64736750512384,6.281368926154828,37.49297896865755
711,/yh/study/new_data/model_dataset_flight/vi/vi_000711.jpg,-143.42434692382812,58.92570495605469,-149.27334594726562,56.64375686645508,6.278381691152596,-143.42434692382812,58.92570495605469,0.0,-141.9263916015625,52.92949295043945,6.180487728633412,0.3091011047363281,-144.94491717560203,54.45551313399789,4.72173154854903,0.004490163642913103,0.00028032343834638596,38.96817923393078,-3.9512106471126627,0.003600056516006589,0.002911959309130907,-145.52418518066406,53.195552825927734,0.35507285594940186,-145.52418518066406,53.195552825927734,-145.52058512414806,53.198464785236865,6.102783310856633,36.5104399388656
712,/yh/study/new_data/model_dataset_flight/vi/vi_000712.jpg,-143.4342498779297,58.94367218017578,-145.52418518066406,53.195552825927734,6.116265664627102,-143.4342498779297,58.94367218017578,0.0,-141.60623168945312,54.58647918701172,4.7251223557786455,0.3213616609573364,-143.21593854955282,54.01501152912525,4.933493250153636,0.003951255697757006,-0.00012665707617998123,35.065415972374666,-3.902762834669293,0.003182255430147052,0.0022336579859256744,-143.5141143798828,53.90888595581055,0.3471190929412842,-143.5141143798828,53.90888595581055,-143.51093212445267,53.91111961379647,5.0354196114852385,35.66534700803459
713,/yh/study/new_data/model_dataset_flight/vi/vi_000713.jpg,-143.47706604003906,58.92930603027344,-143.5141143798828,53.90888595581055,5.020556772266912,-143.47706604003906,58.92930603027344,0.0,-141.732666015625,54.84282684326172,4.443224458774926,0.31840288639068604,-142.46458120024678,54.45911349474183,4.583420868252414,0.003477630903944373,3.6653829738497734e-05,31.16106127674194,-3.9043534149722596,0.002991547342389822,0.0018089677905663848,-143.05165100097656,54.152198791503906,0.344590961933136,-143.05165100097656,54.152198791503906,-143.04865945363417,54.15400775929447,4.796012043997054,35.5687600094825
714,/yh/study/new_data/model_dataset_flight/vi/vi_000714.jpg,-143.51988220214844,58.91494369506836,-143.05165100097656,54.152198791503906,4.785705744629524,-143.51988220214844,58.91494369506836,0.0,-141.59356689453125,54.424293518066406,4.8863718315912035,0.31207937002182007,-142.19262658066907,54.3125023115278,4.789997304140714,0.0030610947869718075,-0.00010974612087011337,27.282937922616643,-3.878124634785764,0.0026717910077422857,0.0013780066510662436,-142.7395782470703,53.82744216918945,0.3345716893672943,-142.7395782470703,53.82744216918945,-142.73690645606257,53.82882017584052,5.1469938836305955,36.41879395581782
715,/yh/study/new_data/model_dataset_flight/vi/vi_000715.jpg,-143.56700134277344,58.89914321899414,-142.7395782470703,53.82744216918945,5.138752817356845,-143.56700134277344,58.89914321899414,0.0,-141.6328887939453,54.12717819213867,5.14902336070309,0.33936795592308044,-142.08757658150878,54.00403044843964,5.113787897506965,0.0026950750034302473,-2.1065352484583855e-05,23.414868606949607,-3.868069742553859,0.002463474404066801,0.0010667997412383556,-142.65003967285156,53.554115295410156,0.35570064187049866,-142.65003967285156,53.554115295410156,-142.6475761984475,53.555182095151395,5.423111856489633,35.57084291242063
716,/yh/study/new_data/model_dataset_flight/vi/vi_000716.jpg,-143.590087890625,58.906333923339844,-142.65003967285156,53.554115295410156,5.434145277124689,-143.590087890625,58.906333923339844,0.0,-141.7766571044922,54.01861572265625,5.213283075508938,0.2963138520717621,-142.13548982543526,53.82777386454471,5.282767059225967,0.0023742623161524534,-8.41186847537756e-05,19.57301355731708,-3.8418559034061732,0.0021974374540150166,0.0007813062402419746,-142.76693725585938,53.503971099853516,0.3214051425457001,-142.76693725585938,53.503971099853516,-142.76473981840536,53.50475240609376,5.464714177713435,37.454242003150284
717,/yh/study/new_data/model_dataset_flight/vi/vi_000717.jpg,-143.61541748046875,58.914222717285156,-142.76693725585938,53.503971099853516,5.4763803059571075,-143.61541748046875,58.914222717285156,0.0,-141.60165405273438,54.99017333984375,4.410601621035251,0.31820371747016907,-142.08041531680684,54.379561206092156,4.787419624760498,0.0020922350231558084,-0.0005108700133860111,15.76511991578515,-3.8078932146451083,0.0017677061259746552,0.0004990483284927905,-142.6685028076172,54.20412063598633,0.33977076411247253,-142.6685028076172,54.20412063598633,-142.6667351014912,54.20461968431482,4.80434272444391,37.298178067430854
718,/yh/study/new_data/model_dataset_flight/vi/vi_000718.jpg,-143.63848876953125,58.92140579223633,-142.6685028076172,54.20412063598633,4.815978821764786,-143.63848876953125,58.92140579223633,0.0,-141.72091674804688,54.024566650390625,5.258908255397866,0.31293439865112305,-142.11023627010013,54.09833712342458,5.059401850623353,0.001843955833464861,0.00018640188500285149,11.998040069638629,-3.767080273033343,0.001894838991574943,0.000402692734496668,-142.76243591308594,53.52953338623047,0.33518290519714355,-142.76243591308594,53.52953338623047,-142.76054107409436,53.529936078964965,5.462577839256243,37.15037496294826
719,/yh/study/new_data/model_dataset_flight/vi/vi_000719.jpg,-143.6248779296875,58.93253707885742,-142.76243591308594,53.52953338623047,5.471403397167884,-143.6248779296875,58.93253707885742,0.0,-141.7823944091797,54.21721267700195,5.062512196338543,0.3029538691043854,-142.1850483803305,53.934676890299386,5.201126377581586,0.0016254676738753915,-0.0003576562739908695,8.24287207340461,-3.755168423120841,0.0014316946035251021,0.00020740398031193763,-142.86647033691406,53.62355041503906,0.3280021548271179,-142.86647033691406,53.62355041503906,-142.86503864231054,53.623757819019374,5.362883690084803,36.42222797498107
720,/yh/study/new_data/model_dataset_flight/vi/vi_000720.jpg,-143.61126708984375,58.943668365478516,-142.86647033691406,53.62355041503906,5.371999367997235,-143.61126708984375,58.943668365478516,0.0,-141.7408905029297,54.39430236816406,4.918845347680412,0.32783830165863037,-142.20333947901352,54.07763584591877,5.065622630906399,0.0014339121989905834,-0.0004524257965385914,4.522131218795219,-3.720740854609392,0.0012039396679028869,9.522003529127687e-05,-142.87936401367188,53.7459602355957,0.345411092042923,-142.87936401367188,53.7459602355957,-142.87816007400397,53.746055455630994,5.248985798833879,34.99388392083347
721,/yh/study/new_data/model_dataset_flight/vi/vi_000721.jpg,-143.59764099121094,58.954803466796875,-142.87936401367188,53.7459602355957,5.258133663543835,-143.59764099121094,58.954803466796875,0.0,-141.79824829101562,54.065792083740234,5.209630158962686,0.304671049118042,-142.24242900914444,53.934387889894765,5.200112698888163,0.001264454098418355,-0.0003343280404806137,0.8227961770446472,-3.699335041750572,0.0010971769224852324,1.5757095752633177e-05,-142.9291229248047,53.51713943481445,0.3299398720264435,-142.9291229248047,53.51713943481445,-142.9280257478822,53.517155191910206,5.478604432684192,36.7575220298022
722,/yh/study/new_data/model_dataset_flight/vi/vi_000722.jpg,-143.5772247314453,58.954803466796875,-142.9291229248047,53.51713943481445,5.476150662325332,-143.5772247314453,58.954803466796875,0.0,-141.57716369628906,54.63470458984375,4.760619544870388,0.35600554943084717,-142.13262155192686,54.17554847666002,4.992810491799469,0.0011156693799421191,-0.0004909043200314045,-2.833196191780316,-3.6559923688249634,0.0008691535331308842,-4.301348963053897e-05,-142.63674926757812,53.970069885253906,0.3648858070373535,-142.63674926757812,53.970069885253906,-142.635880114045,53.970026871764276,5.072678087272875,34.844539943151176
723,/yh/study/new_data/model_dataset_flight/vi/vi_000723.jpg,-143.55677795410156,58.954803466796875,-142.63674926757812,53.970069885253906,5.068927072171016,-143.55677795410156,58.954803466796875,0.0,-141.56207275390625,54.13819122314453,5.213310113679014,0.3384181261062622,-142.0036078972729,54.06911789914036,5.126622737381435,0.000984943937510252,-0.0004616756923496723,-6.496700914918647,-3.663504723138331,0.0007492635049857199,-8.532409265171736e-05,-142.5431365966797,53.573211669921875,0.3541225492954254,-142.5431365966797,53.573211669921875,-142.5423873331747,53.57312634582922,5.476221240022024,35.2255420293659
724,/yh/study/new_data/model_dataset_flight/vi/vi_000724.jpg,-143.53636169433594,58.954803466796875,-142.5431365966797,53.573211669921875,5.47247899610465,-143.53636169433594,58.954803466796875,0.0,-141.521240234375,54.212432861328125,5.152746205472296,0.34209856390953064,-141.94109044148004,53.949806278537906,5.253083592012277,0.6326656341552734,-1.8358230590820312e-05,-10.109612292440579,-3.6129105237482846,0.6228336691856384,-0.11105138808488846,-142.4049530029297,53.58203125,0.35471928119659424,-142.4049530029297,53.58203125,-141.78211933374405,53.47097986191511,5.490607154092706,35.654942970722914
725,/yh/study/new_data/model_dataset_flight/vi/vi_000725.jpg,-143.52032470703125,58.91398620605469,-142.4049530029297,53.58203125,5.447366124257353,-143.52032470703125,58.91398620605469,0.0,-142.1319122314453,52.55820846557617,6.505659066437839,0.2783498764038086,-142.24409212432337,52.97885015091278,6.070799749473763,0.5763887763023376,-0.00019318144768476486,-13.688359063734106,-3.578745917519881,0.5599238276481628,-0.13637420535087585,-143.16188049316406,52.512596130371094,0.29311493039131165,-143.16188049316406,52.512596130371094,-142.6019566655159,52.37622192502022,6.4114177180648015,37.43543301243335
726,/yh/study/new_data/model_dataset_flight/vi/vi_000726.jpg,-143.5057373046875,58.87687683105469,-143.16188049316406,52.512596130371094,6.373563080720604,-143.5057373046875,58.87687683105469,0.0,-141.77601623535156,54.064884185791016,5.11343409029356,0.2987247109413147,-142.34540410786514,53.42712043048723,5.571913311706671,0.524057149887085,-0.00043613044545054436,-17.227659785023516,-3.539301361619646,0.5003373026847839,-0.15514498949050903,-142.97186279296875,53.368587493896484,0.32143616676330566,-142.97186279296875,53.368587493896484,-142.47152549028397,53.213442504405975,5.534100958250915,37.20329806674272
727,/yh/study/new_data/model_dataset_flight/vi/vi_000727.jpg,-143.538330078125,58.87687683105469,-142.97186279296875,53.368587493896484,5.537340210516512,-143.538330078125,58.87687683105469,0.0,-141.58680725097656,55.04819869995117,4.29735006445504,0.3357730209827423,-142.15586285936124,54.358123719032776,4.725499476072781,0.4752294421195984,-0.0003480676095932722,-20.74485716038512,-3.5171975888050153,0.44425612688064575,-0.16826799511909485,-142.6556854248047,54.232330322265625,0.3570050001144409,-142.6556854248047,54.232330322265625,-142.21142929792404,54.06406232714653,4.7276710816573955,35.20978905726224
728,/yh/study/new_data/model_dataset_flight/vi/vi_000728.jpg,-143.56797790527344,58.87687683105469,-142.6556854248047,54.232330322265625,4.733295875204137,-143.56797790527344,58.87687683105469,0.0,-141.75453186035156,53.669410705566406,5.514189877575012,0.3163474202156067,-142.12477440609837,53.900688481251635,5.181243753457927,0.4300684630870819,-4.869978874921799e-05,-24.23574123196925,-3.4908840715841296,0.39214184880256653,-0.1765296459197998,-142.87130737304688,53.240901947021484,0.3398801386356354,-142.87130737304688,53.240901947021484,-142.4791655242443,53.064372301101685,5.678869845658194,35.68405006080866
729,/yh/study/new_data/model_dataset_flight/vi/vi_000729.jpg,-143.59764099121094,58.87687683105469,-142.87130737304688,53.240901947021484,5.682585099963605,-143.59764099121094,58.87687683105469,0.0,-141.5440673828125,54.70441818237305,4.650438230970153,0.3497938811779022,-142.08936924054808,54.10312668435055,5.006353377160404,0.38872745633125305,-0.00020577269606292248,-27.690831697207926,-3.4550900383518544,0.34411463141441345,-0.18059398233890533,-142.57040405273438,53.99146270751953,0.36403390765190125,-142.57040405273438,53.99146270751953,-142.22628942131996,53.810868725180626,4.992242671005435,32.9872090369463
730,/yh/study/new_data/model_dataset_flight/vi/vi_000730.jpg,-143.53607177734375,59.10188674926758,-142.57040405273438,53.99146270751953,5.200860317373337,-143.53607177734375,59.10188674926758,0.0,-141.70042419433594,55.51441192626953,4.029835933961492,0.3494814336299896,-142.05785889828383,54.88870214934013,4.464979035660124,0.35081472992897034,-0.0001386343501508236,-31.142346558416104,-3.451517849415938,0.3001977801322937,-0.1813936084508896,-142.79769897460938,54.79195022583008,0.3641000986099243,-142.79769897460938,54.79195022583008,-142.49750119447708,54.61055661737919,4.372727664956776,33.95348694175482
731,/yh/study/new_data/model_dataset_flight/vi/vi_000731.jpg,-143.48007202148438,59.30660629272461,-142.79769897460938,54.79195022583008,4.5659338998116334,-143.48007202148438,59.30660629272461,0.0,-141.7928924560547,55.72244644165039,3.9614109511707913,0.31920719146728516,-142.20572123251125,55.34014835024558,4.1661443257298965,0.3164272904396057,0.00013968907296657562,-34.57501522015692,-3.43266481975941,0.26059865951538086,-0.1796073019504547,-143.10009765625,55.642669677734375,0.3437592387199402,-143.10009765625,55.642669677734375,-142.83949899673462,55.46306237578392,3.6835868439472637,34.2925819568336
732,/yh/study/new_data/model_dataset_flight/vi/vi_000732.jpg,-143.4240264892578,59.51139831542969,-143.10009765625,55.642669677734375,3.8822662403521004,-143.4240264892578,59.51139831542969,0.0,-144.45555114746094,44.30608367919922,15.24026365609354,0.5476848483085632,-143.8986576600209,48.96376537268765,10.558306466620348,0.285353422164917,0.0016608275473117828,-37.90291561021891,-3.3279018841658736,0.22581416368484497,-0.17580997943878174,-147.12464904785156,42.50394821166992,0.3796667456626892,-147.12464904785156,42.50394821166992,-146.89883488416672,42.32813823223114,17.405400493899904,34.66338408179581
733,/yh/study/new_data/model_dataset_flight/vi/vi_000733.jpg,-143.00880432128906,60.395076751708984,-147.12464904785156,42.50394821166992,18.358449233237884,-143.00880432128906,60.395076751708984,0.0,-136.05743408203125,53.575992584228516,9.737630979166443,0.3683917820453644,-140.60444360949066,49.02699887569745,11.619558727744467,0.25657957792282104,0.0012081362074241042,-41.248058812840604,-3.3451442698387477,0.1933666467666626,-0.16956640779972076,-144.56747436523438,41.95586395263672,0.33808431029319763,-144.56747436523438,41.95586395263672,-144.3741077184677,41.786297544837,18.504972870970736,36.703931982629
734,/yh/study/new_data/model_dataset_flight/vi/vi_000734.jpg,-142.5524444580078,61.36627960205078,-144.56747436523438,41.95586395263672,19.514727290178456,-142.5524444580078,61.36627960205078,0.0,-135.96981811523438,53.98654556274414,9.888955660709371,0.3621976673603058,-139.5021995683196,49.043691911492715,12.694493344697227,0.23039723932743073,0.0012716043274849653,-44.59545939298298,-3.3474022876896714,0.16451440751552582,-0.16220752894878387,-143.65719604492188,41.79653549194336,0.31163668632507324,-143.65719604492188,41.79653549194336,-143.49268163740635,41.634327962994576,19.600902035464422,38.69435505475849
735,/yh/study/new_data/model_dataset_flight/vi/vi_000735.jpg,-142.1372528076172,62.24985885620117,-143.65719604492188,41.79653549194336,20.509721209405132,-142.1372528076172,62.24985885620117,0.0,-135.90428161621094,55.75612258911133,9.001029973254072,0.3266379237174988,-139.08959751382378,50.02077040464081,12.603126879702279,0.20656351745128632,0.0011552751529961824,-47.95192363415397,-3.35645933197252,0.13873359560966492,-0.15381953120231628,-142.54443359375,44.655357360839844,0.21426250040531158,-142.54443359375,44.655357360839844,-142.40569999814034,44.50153782963753,17.59921245575687,34.71327305305749
736,/yh/study/new_data/model_dataset_flight/vi/vi_000736.jpg,-142.2937774658203,63.466373443603516,-142.54443359375,44.655357360839844,18.812686000687467,-142.2937774658203,63.466373443603516,0.0,-144.31192016601562,51.9671745300293,11.674950775583515,0.2686362862586975,-143.58574123946826,48.963085205477036,14.560719079447846,0.18533577024936676,0.0017369212582707405,-51.20379718856455,-3.2518694989857613,0.11666665971279144,-0.14512376487255096,-146.63436889648438,43.65626525878906,0.3267849385738373,-146.63436889648438,43.65626525878906,-146.51770223677158,43.51114149391651,20.280067067492823,35.44596990104765
737,/yh/study/new_data/model_dataset_flight/vi/vi_000737.jpg,-142.45030212402344,64.68299865722656,-146.63436889648438,43.65626525878906,21.43898160280424,-142.45030212402344,64.68299865722656,0.0,-143.5001220703125,55.91118621826172,8.834410867964243,0.25712332129478455,-144.78783991297001,50.876202933570994,14.003274298159946,0.16611993312835693,0.0011947846505790949,-54.4369560246493,-3.233156274763807,0.09696252644062042,-0.13562054932117462,-145.2448272705078,53.138572692871094,0.3643406331539154,-145.2448272705078,53.138572692871094,-145.1478647440672,53.00295214354992,11.877842465735021,34.93642702233046
738,/yh/study/new_data/model_dataset_flight/vi/vi_000738.jpg,-142.60702514648438,65.90113830566406,-145.2448272705078,53.138572692871094,13.032309122574867,-142.60702514648438,65.90113830566406,0.0,-142.03187561035156,55.435523986816406,10.481406397033886,0.26482707262039185,-143.351929648799,54.49181236199161,11.433617153225214,0.14850863814353943,0.0008023104164749384,-57.70957969375838,-3.2726187599106136,0.07954924553632736,-0.12588106095790863,-143.22645568847656,54.08222198486328,0.3855319619178772,-143.22645568847656,54.08222198486328,-143.14690644294024,53.95634092390537,11.835137396517364,35.48959596082568
739,/yh/study/new_data/model_dataset_flight/vi/vi_000739.jpg,-143.5851593017578,66.93292999267578,-143.22645568847656,54.08222198486328,12.855713305151035,-143.5851593017578,66.93292999267578,0.0,-147.67874145507812,56.88749694824219,10.847494636835776,0.2500724196434021,-145.8495020427931,55.73493851100017,11.424633966677385,0.13258570432662964,0.0009790405165404081,-61.00901185535975,-3.2994302406106755,0.06449783593416214,-0.11640036106109619,-146.01263427734375,55.88301086425781,0.3554239273071289,-146.01263427734375,55.88301086425781,-145.9481364414096,55.766610503196716,11.313414493497234,38.51429000496864
740,/yh/study/new_data/model_dataset_flight/vi/vi_000740.jpg,-144.5650634765625,67.96660614013672,-146.01263427734375,55.88301086425781,12.169993262714549,-144.5650634765625,67.96660614013672,0.0,-147.05093383789062,56.213890075683594,12.012738503146739,0.25348764657974243,-146.62434431119,56.07794702845466,12.065689082254893,0.11834068596363068,0.0018074733670800924,-64.37210821021482,-3.363098062402361,0.0515761561691761,-0.10751339793205261,-146.37538146972656,55.39824676513672,0.3600950837135315,-146.37538146972656,55.39824676513672,-146.3238053135574,55.290733367204666,12.698067121240301,53.45772102009505
741,/yh/study/new_data/model_dataset_flight/vi/vi_000741.jpg,-145.45631408691406,68.9067611694336,-146.37538146972656,55.39824676513672,13.539743212677482,-145.45631408691406,68.9067611694336,0.0,-146.15269470214844,55.734619140625,13.190537198627657,0.2631058990955353,-146.2441864511516,55.596419204973344,13.333639640893283,0.1055479496717453,0.0019172105239704251,-67.70293192124159,-3.3308260589042855,0.040409527719020844,-0.0985429659485817,-145.97772216796875,55.01152801513672,0.3878419101238251,-145.97772216796875,55.01152801513672,-145.93731264024973,54.91298504918814,13.905012434343963,38.005052017979324
742,/yh/study/new_data/model_dataset_flight/vi/vi_000742.jpg,-146.68765258789062,69.60233306884766,-145.97772216796875,55.01152801513672,14.608066036150271,-146.68765258789062,69.60233306884766,0.0,-149.58265686035156,59.77736282348633,10.242611486325277,0.25712165236473083,-148.1015550255397,57.819300533489304,11.8675598095187,0.09408774971961975,0.0023646620102226734,-71.03743027404181,-3.3345002737909293,0.03095805086195469,-0.09009987115859985,-147.1737060546875,55.83823776245117,0.36291998624801636,-147.1737060546875,55.83823776245117,-147.14274800382555,55.74813789129257,13.772674670380876,37.61481505353004
743,/yh/study/new_data/model_dataset_flight/vi/vi_000743.jpg,-148.03573608398438,70.36384582519531,-147.1737060546875,55.83823776245117,14.551164398901799,-148.03573608398438,70.36384582519531,0.0,-153.68011474609375,59.897315979003906,11.891478356474064,0.2480100691318512,-151.00693071553704,58.229627461127514,12.49268797518963,0.08390556275844574,0.002135523594915867,-74.38138843884249,-3.343956030366577,0.02287759818136692,-0.08183570206165314,-150.337158203125,56.954524993896484,0.33674779534339905,-150.337158203125,56.954524993896484,-150.31428060494363,56.87268929183483,13.605382351377502,35.59518395923078
744,/yh/study/new_data/model_dataset_flight/vi/vi_000744.jpg,-149.37789916992188,71.12202453613281,-150.337158203125,56.954524993896484,14.199937365074831,-149.37789916992188,71.12202453613281,0.0,-153.11138916015625,60.10776138305664,11.629829762829365,0.2438432276248932,-151.97158527706983,58.81224160250449,12.580062141955397,0.07476668804883957,0.0019057511817663908,-77.728713886904,-3.3473250211746857,0.01609349064528942,-0.07398954033851624,-151.42572021484375,57.9184684753418,0.3344555199146271,-151.42572021484375,57.9184684753418,-151.40962672419846,57.84447893500328,13.36141697884158,35.00873898155987
745,/yh/study/new_data/model_dataset_flight/vi/vi_000745.jpg,-150.61305236816406,71.59953308105469,-151.42572021484375,57.9184684753418,13.705179961413021,-150.61305236816406,71.59953308105469,0.0,-152.5956573486328,60.14799499511719,11.621895157084175,0.24378958344459534,-152.11498399853554,59.23198510839762,12.458412478252763,0.0665896087884903,0.002918935613706708,-81.09527314766828,-3.366556272556503,0.010533444583415985,-0.06722888350486755,-151.36114501953125,58.096153259277344,0.3343046009540558,-151.36114501953125,58.096153259277344,-151.35061157494783,58.028924375772476,13.52408626215513,34.389999927952886
746,/yh/study/new_data/model_dataset_flight/vi/vi_000746.jpg,-151.84901428222656,72.07735443115234,-151.36114501953125,58.096153259277344,13.989710598361988,-151.84901428222656,72.07735443115234,0.0,-153.80731201171875,59.9765625,12.25822562030802,0.24778270721435547,-152.80229452054465,59.203988843529515,12.908612813364549,0.05925186723470688,0.0032847076654434204,-84.48177656080898,-3.386503840027525,0.00585573073476553,-0.060612019151449203,-152.22415161132812,57.63972854614258,0.32028549909591675,-152.22415161132812,57.63972854614258,-152.21829588059336,57.57911652699113,14.442498717714656,35.937154898419976
747,/yh/study/new_data/model_dataset_flight/vi/vi_000747.jpg,-153.20758056640625,72.60256958007812,-152.22415161132812,57.63972854614258,14.995124018043713,-153.20758056640625,72.60256958007812,0.0,-157.86268615722656,60.49664306640625,12.970098874569546,0.24025103449821472,-155.5460716900557,59.322868310707065,13.484027830701129,0.052755776792764664,0.0033431570045650005,-87.87446129514854,-3.392682599905448,0.002018663799390197,-0.05438990890979767,-155.87802124023438,58.261024475097656,0.3224695920944214,-155.87802124023438,58.261024475097656,-155.87600257643498,58.20663456618786,14.588048854820334,35.647335927933455
748,/yh/study/new_data/model_dataset_flight/vi/vi_000748.jpg,-155.34170532226562,73.28709411621094,-155.87802124023438,58.261024475097656,15.035637785722722,-155.34170532226562,73.28709411621094,0.0,-158.14306640625,60.43757247924805,13.151343285825961,0.24483899772167206,-157.21246354168048,59.54332902753869,13.870501617753927,0.04695310443639755,0.0034748134203255177,-91.26998738818283,-3.3955233182699387,-0.0010791593231260777,-0.048678554594516754,-157.64373779296875,58.439327239990234,0.3233257234096527,-157.64373779296875,58.439327239990234,-157.64481695229188,58.39064868539572,15.025163383696306,34.59706506691873
749,/yh/study/new_data/model_dataset_flight/vi/vi_000749.jpg,-157.4763946533203,73.9718017578125,-157.64373779296875,58.439327239990234,15.533375949006881,-157.4763946533203,73.9718017578125,0.0,-164.72393798828125,61.19091796875,14.692783086320214,0.23825585842132568,-161.8150094237027,60.06041591398917,14.57224190787088,0.04176356643438339,0.004246992990374565,-94.67569729326961,-3.4057124664077167,-0.0035774875432252884,-0.04374101012945175,-162.4337158203125,59.61677169799805,0.333238422870636,-162.4337158203125,59.61677169799805,-162.43729330785573,59.573030687868595,15.18689965631186,37.48456994071603
750,/yh/study/new_data/model_dataset_flight/vi/vi_000750.jpg,-159.203369140625,74.50363159179688,-162.4337158203125,59.61677169799805,15.233310118571213,-159.203369140625,74.50363159179688,0.0,-167.0010223388672,64.99500274658203,12.297049154821996,0.26327380537986755,-165.12452619066426,62.78533501225906,13.129302172516146,0.03714282065629959,0.00439810287207365,-98.10882357768482,-3.43312777851909,-0.005549316294491291,-0.038948528468608856,-166.0303497314453,60.78164291381836,0.3166266679763794,-166.0303497314453,60.78164291381836,-166.0358990477398,60.74269438534975,15.326468519068827,35.42610805016011
751,/yh/study/new_data/model_dataset_flight/vi/vi_000751.jpg,-160.77369689941406,74.98722839355469,-166.0303497314453,60.78164291381836,15.146981805580864,-160.77369689941406,74.98722839355469,0.0,-166.59463500976562,65.18051147460938,11.404166660167304,0.25228050351142883,-166.36279614654197,63.37321873495164,12.888880895732202,0.03304959088563919,0.003943414893001318,-101.54741401343604,-3.4385919298551,-0.007010520901530981,-0.03431244567036629,-167.1402587890625,61.326751708984375,0.3032833933830261,-167.1402587890625,61.326751708984375,-167.14726930996403,61.29243926331401,15.07122203221799,34.55975605174899
752,/yh/study/new_data/model_dataset_flight/vi/vi_000752.jpg,-162.5009307861328,75.5191421508789,-167.1402587890625,61.326751708984375,14.931420253075284,-162.5009307861328,75.5191421508789,0.0,-172.2920684814453,64.53466796875,14.714790193082125,0.3030986785888672,-170.17542686679622,63.216682744690054,14.499944742413417,0.029389189556241035,0.004299276974052191,-105.01702033820828,-3.4696044037815432,-0.008171898312866688,-0.030461743474006653,-172.28355407714844,61.870628356933594,0.3331056237220764,-172.28355407714844,61.870628356933594,-172.2917259754613,61.84016661345959,16.79230916930238,34.99112103600055
753,/yh/study/new_data/model_dataset_flight/vi/vi_000753.jpg,-164.32679748535156,75.98976135253906,-172.28355407714844,61.870628356933594,16.20678536936607,-164.32679748535156,75.98976135253906,0.0,-172.1226043701172,64.80743408203125,13.631546066727054,0.2941356897354126,-172.18873120090282,63.60083570533417,14.672950638494385,0.02612362429499626,0.004478501621633768,-108.45097307551306,-3.4339495356536074,-0.008976653218269348,-0.0269048772752285,-174.5042266845703,62.38469696044922,0.38275495171546936,-174.5042266845703,62.38469696044922,-174.51320333778858,62.35779208317399,16.99052212905835,34.550913027487695
754,/yh/study/new_data/model_dataset_flight/vi/vi_000754.jpg,-166.3332061767578,76.50691223144531,-174.5042266845703,62.38469696044922,16.31571452004011,-166.3332061767578,76.50691223144531,0.0,-172.3929901123047,64.48869323730469,13.4595159324782,0.30697157979011536,-173.2604001010381,63.62425795289509,14.626988648564476,0.023206083104014397,0.0049264440312981606,-111.9393487601245,-3.4883750442812076,-0.009590690955519676,-0.023810330778360367,-175.093017578125,62.16728973388672,0.3913304805755615,-175.093017578125,62.16728973388672,-175.10260826908052,62.14347940310836,16.803543351329537,34.690864966250956
755,/yh/study/new_data/model_dataset_flight/vi/vi_000755.jpg,-168.1586456298828,76.97742462158203,-175.093017578125,62.16728973388672,16.353152898089654,-168.1586456298828,76.97742462158203,0.0,-175.45289611816406,64.32369232177734,14.605582196575105,0.308544397354126,-175.30503858080354,63.43772569490158,15.309943802448172,0.020623870193958282,0.0052442848682403564,-115.44067448340229,-3.5013216678529666,-0.009985935874283314,-0.020991859957575798,-176.1331787109375,62.19906997680664,0.4047556519508362,-176.1331787109375,62.19906997680664,-176.14316464681178,62.178078116849065,16.792645529147276,34.96298601385206
756,/yh/study/new_data/model_dataset_flight/vi/vi_000756.jpg,-170.2132110595703,77.51460266113281,-176.1331787109375,62.19906997680664,16.41985256931064,-170.2132110595703,77.51460266113281,0.0,-175.8718719482422,64.09766387939453,14.56141096617692,0.3242688775062561,-175.97923087668394,63.31761898187467,15.323228449659982,0.018332602456212044,0.005261302459985018,-118.99270070088909,-3.552021308288325,-0.010160851292312145,-0.01833616942167282,-176.57669067382812,62.092369079589844,0.41397663950920105,-176.57669067382812,62.092369079589844,-176.58685152512044,62.07403291016817,16.683499676169458,34.8262379411608
757,/yh/study/new_data/model_dataset_flight/vi/vi_000757.jpg,-172.0809326171875,78.00292205810547,-176.57669067382812,62.092369079589844,16.533527650988507,-172.0809326171875,78.00292205810547,0.0,-177.73741149902344,64.19574737548828,14.920919075477924,0.3003779947757721,-177.26052470616872,63.331565991026245,15.558819462133341,0.016286145895719528,0.005518158432096243,-122.53926276703986,-3.546558010725961,-0.010243996977806091,-0.01605556346476078,-177.85963439941406,62.16305160522461,0.4241783618927002,-177.85963439941406,62.16305160522461,-177.86987839639187,62.14699604175985,16.861046534896833,35.04966804757714
758,/yh/study/new_data/model_dataset_flight/vi/vi_000758.jpg,-173.94912719726562,78.49137115478516,-177.85963439941406,62.16305160522461,16.790059138985065,-173.94912719726562,78.49137115478516,0.0,-177.50437927246094,64.23344421386719,14.69449890165483,0.2992824912071228,-177.65033726206568,63.38281513092684,15.555302024385206,0.014470190741121769,0.005669673904776573,-126.09096113544649,-3.5516964474159263,-0.01019385363906622,-0.013983896002173424,-177.9970703125,62.12052536010742,0.41983041167259216,-177.9970703125,62.12052536010742,-178.00726416613907,62.10654146410525,16.86387960990267,35.93980800360441
759,/yh/study/new_data/model_dataset_flight/vi/vi_000759.jpg,-175.8144989013672,78.9737319946289,-177.9970703125,62.12052536010742,16.993945740485735,-175.8144989013672,78.9737319946289,0.0,-177.66571044921875,64.39815521240234,14.692665610075014,0.29870298504829407,-177.80185097418467,63.46238187914773,15.638144092774242,0.01285658311098814,0.005590335000306368,-129.67409203441352,-3.5831343140616143,-0.009992389008402824,-0.012046970427036285,-178.10891723632812,62.47892761230469,0.4287033975124359,-178.10891723632812,62.47892761230469,-178.11890962533653,62.46688064187765,16.653616036973688,34.749038983136415
760,/yh/study/new_data/model_dataset_flight/vi/vi_000760.jpg,-177.6796112060547,79.45601654052734,-178.10891723632812,62.47892761230469,16.982516072255297,-177.6796112060547,79.45601654052734,0.0,-182.3861083984375,69.85533142089844,10.69225283035204,0.247883602976799,-180.62880730462658,66.82470641725935,12.971035157534812,0.011416473425924778,0.005657265428453684,-133.30369554049332,-3.6296047867402654,-0.009770224802196026,-0.010366570204496384,-179.7342529296875,63.85649108886719,0.36827826499938965,-179.7342529296875,63.85649108886719,-179.7440231544897,63.84612451866269,15.734253936220993,34.664449049159884
761,/yh/study/new_data/model_dataset_flight/vi/vi_000761.jpg,-179.54556274414062,79.93852996826172,-179.7342529296875,63.85649108886719,16.083145790064798,-179.54556274414062,79.93852996826172,0.0,-182.26092529296875,69.81189727783203,10.484363758400296,0.24631322920322418,-181.2228318481328,67.36509482891016,12.684813867404099,0.010129544883966446,0.005914345383644104,-136.93620870715955,-3.632519143081745,-0.009561075828969479,-0.008935770951211452,-181.1194305419922,63.86473846435547,0.36446425318717957,-181.1194305419922,63.86473846435547,-181.12899161782116,63.85580269340426,16.15066045572635,34.39621604047716
762,/yh/study/new_data/model_dataset_flight/vi/vi_000762.jpg,-181.41416931152344,80.41712951660156,-181.1194305419922,63.86473846435547,16.55501496492049,-181.41416931152344,80.41712951660156,0.0,-194.24655151367188,70.0218734741211,16.51458086573022,0.4043642282485962,-188.8532213659624,67.49218993244217,14.912865543644623,0.008992456831037998,0.005923169665038586,-140.58560610145403,-3.649391844765792,-0.009235382080078125,-0.0075899153016507626,-190.2022705078125,65.74114227294922,0.31118518114089966,-190.2022705078125,65.74114227294922,-190.21150588989258,65.73355235764757,17.10600257839521,33.42618595343083
763,/yh/study/new_data/model_dataset_flight/vi/vi_000763.jpg,-183.28305053710938,80.89580535888672,-190.2022705078125,65.74114227294922,16.6595143462003,-183.28305053710938,80.89580535888672,0.0,-194.19578552246094,69.98619079589844,15.430731504808252,0.40790677070617676,-192.55503390827985,68.24209563392768,15.687129929938903,0.007978116162121296,0.00617222860455513,-144.26989210202896,-3.6842800241593943,-0.008981685154139996,-0.006461155600845814,-194.6116943359375,66.4041976928711,0.3354121148586273,-194.6116943359375,66.4041976928711,-194.62067602109164,66.39773653727025,18.39415295865645,33.9875069912523
764,/yh/study/new_data/model_dataset_flight/vi/vi_000764.jpg,-185.15220642089844,81.37454986572266,-194.6116943359375,66.4041976928711,17.70856729930379,-185.15220642089844,81.37454986572266,0.0,-194.22244262695312,69.9632797241211,14.576908831375487,0.4109117388725281,-194.38236824824068,68.50101663850442,15.840572751994094,0.007077240850776434,0.0062318164855241776,-147.98894376547923,-3.7190461139215825,-0.008643237873911858,-0.005403214134275913,-196.06488037109375,66.24526977539062,0.33672967553138733,-196.06488037109375,66.24526977539062,-196.07352360896766,66.23986656125635,18.654264091488265,34.255724982358515
765,/yh/study/new_data/model_dataset_flight/vi/vi_000765.jpg,-186.9937744140625,81.84137725830078,-196.06488037109375,66.24526977539062,18.04227069695425,-186.9937744140625,81.84137725830078,0.0,-198.1333465576172,69.33114624023438,16.75099840806065,0.43233978748321533,-197.28350895290842,68.0633015539658,17.19633702258433,0.006279308348894119,0.005837258882820606,-151.70298207007872,-3.714043427241371,-0.008098802529275417,-0.00436021201312542,-199.4047393798828,66.45645141601562,0.33156344294548035,-199.4047393798828,66.45645141601562,-199.4128381824121,66.4520912040025,19.76684078337843,34.63758004363626
766,/yh/study/new_data/model_dataset_flight/vi/vi_000766.jpg,-189.0194091796875,82.35486602783203,-199.4047393798828,66.45645141601562,18.989857043598466,-189.0194091796875,82.35486602783203,0.0,-197.88381958007812,69.44596862792969,15.659419013097484,0.4256274402141571,-198.50869556211802,68.21771352607628,17.026615544660665,0.00556774390861392,0.006339568179100752,-155.4265006772462,-3.7235237298093486,-0.007946156896650791,-0.003633590182289481,-200.4117889404297,66.71813201904297,0.3362158536911011,-200.4117889404297,66.71813201904297,-200.41973509732634,66.71449842886068,19.34667328184845,35.31800699420273
767,/yh/study/new_data/model_dataset_flight/vi/vi_000767.jpg,-190.86099243164062,82.82170104980469,-200.4117889404297,66.71813201904297,18.722784234210607,-190.86099243164062,82.82170104980469,0.0,-204.58889770507812,68.81715393066406,19.610780790389327,0.48744866251945496,-202.87271586450223,67.95476238410393,19.113015594543544,0.00493445061147213,0.006032820325344801,-159.18489423031576,-3.758390991748618,-0.007431924343109131,-0.002825365634635091,-207.0340576171875,66.9616470336914,0.339404821395874,-207.0340576171875,66.9616470336914,-207.0414895415306,66.95882166805677,22.651917157052722,36.31811297964305
768,/yh/study/new_data/model_dataset_flight/vi/vi_000768.jpg,-192.71914672851562,83.32991790771484,-207.0340576171875,66.9616470336914,21.744814672836846,-192.71914672851562,83.32991790771484,0.0,-204.9283905029297,68.6875,19.064785226360062,0.5185993909835815,-205.79351225756787,67.97842640695647,20.16450657182382,0.004371207673102617,0.006470292340964079,-162.97399631389368,-3.7890986684833488,-0.0072729820385575294,-0.0022271836642175913,-211.16775512695312,67.00504302978516,0.38564980030059814,-211.16775512695312,67.00504302978516,-211.17502810899168,67.00281584612094,24.634380276738412,35.19718395546079
769,/yh/study/new_data/model_dataset_flight/vi/vi_000769.jpg,-194.578125,83.83836364746094,-211.16775512695312,67.00504302978516,23.63422329518318,-194.578125,83.83836364746094,0.0,-204.77777099609375,68.83901977539062,18.138718120039368,0.49529343843460083,-207.40312153035785,68.0855230952266,20.313358202616556,0.003872656961902976,0.0060858353972435,-166.7601887368852,-3.7861941305388007,-0.006731759291142225,-0.0015838553663343191,-213.31280517578125,67.1198501586914,0.4128873944282532,-213.31280517578125,67.1198501586914,-213.3195369350724,67.11826630332507,25.109698018155846,35.7886110432446
770,/yh/study/new_data/model_dataset_flight/vi/vi_000770.jpg,-196.43699645996094,84.3467788696289,-213.31280517578125,67.1198501586914,24.11555499308858,-196.43699645996094,84.3467788696289,0.0,-208.55604553222656,74.39743041992188,15.679951689647197,0.4702610373497009,-210.51037925447523,71.40740746592093,19.117725691201517,0.0034296000376343727,0.006273204460740089,-170.56437187815052,-3.804177591736621,-0.0064773643389344215,-0.0010764593025669456,-215.65643310546875,68.04338073730469,0.4316440224647522,-215.65643310546875,68.04338073730469,-215.66291046980768,68.04230427800212,25.20292712427986,34.12512689828873
771,/yh/study/new_data/model_dataset_flight/vi/vi_000771.jpg,-198.3873291015625,84.86249542236328,-215.65643310546875,68.04338073730469,24.106110675239265,-198.3873291015625,84.86249542236328,0.0,-208.67872619628906,74.16670227050781,14.842939240885704,0.48929429054260254,-211.54554498438043,71.65091113089763,18.646302708830618,0.003035077126696706,0.006151743233203888,-174.40631230514768,-3.841943415204914,-0.006081848870962858,-0.0005956540117040277,-216.107177734375,68.02307891845703,0.42928385734558105,-216.107177734375,68.02307891845703,-216.11325958324596,68.02248326444533,24.44501961058361,34.44810805376619
772,/yh/study/new_data/model_dataset_flight/vi/vi_000772.jpg,-200.33766174316406,85.37820434570312,-216.107177734375,68.02307891845703,23.449477887417906,-200.33766174316406,85.37820434570312,0.0,-214.7198486328125,74.38059997558594,18.105098773837057,0.4589368999004364,-215.2898383422388,71.76858702498664,20.21853774797436,0.0026859489735215902,0.005994660779833794,-178.25430427974945,-3.8479855712994366,-0.005680641625076532,-0.00017313215357717127,-218.60902404785156,68.18595123291016,0.43481534719467163,-218.60902404785156,68.18595123291016,-218.61470468947664,68.18577810075658,25.088169474146472,35.814783070236444
773,/yh/study/new_data/model_dataset_flight/vi/vi_000773.jpg,-202.2887420654297,85.89411926269531,-218.60902404785156,68.18595123291016,24.081752821521718,-202.2887420654297,85.89411926269531,0.0,-214.4483642578125,74.446533203125,16.700408331916833,0.4415980875492096,-216.15778797138927,71.87434806405216,19.720659694947287,0.002376010175794363,0.006029490381479263,177.88218191338882,-3.8635233978875694,-0.005387072917073965,0.0001992125908145681,-219.2925567626953,68.25792694091797,0.4115644693374634,-219.2925567626953,68.25792694091797,-219.2979438356124,68.25812615350878,24.49826511958887,34.62081600446254
774,/yh/study/new_data/model_dataset_flight/vi/vi_000774.jpg,-204.21278381347656,86.35020446777344,-219.2925567626953,68.25792694091797,23.552708088641293,-204.21278381347656,86.35020446777344,0.0,-215.40719604492188,74.82057189941406,16.07007443569897,0.45791465044021606,-217.00351203371346,72.12428297362979,19.130592535556836,0.0021018183324486017,0.005750723648816347,173.98983469031697,-3.8923480768454928,-0.004949822090566158,0.0005211351672187448,-219.6780242919922,68.5953598022461,0.4295106530189514,-219.6780242919922,68.5953598022461,-219.68297411408275,68.59588093741331,23.545873781945808,33.87045790441334
775,/yh/study/new_data/model_dataset_flight/vi/vi_000775.jpg,-206.328125,86.85163116455078,-219.6780242919922,68.5953598022461,22.61661458221455,-206.328125,86.85163116455078,0.0,-219.92861938476562,81.11222839355469,14.761916937774679,0.31047406792640686,-219.82566138874816,75.96962287677287,17.33786587042499,0.001858233823440969,0.0059864758513867855,170.10009659950808,-3.8897444941112487,-0.004779231268912554,0.0008341011125594378,-223.56515502929688,71.17755126953125,0.2949977517127991,-223.56515502929688,71.17755126953125,-223.5699342605658,71.17838537064381,23.297896574290515,35.32938600983471
776,/yh/study/new_data/model_dataset_flight/vi/vi_000776.jpg,-208.25283813476562,87.30787658691406,-223.56515502929688,71.17755126953125,22.240828301193012,-208.25283813476562,87.30787658691406,0.0,-219.65016174316406,78.34648895263672,14.498463841605265,0.3274783194065094,-221.2586523911693,75.4011022363295,17.63299407099689,0.0016419552266597748,0.0062504783272743225,166.15370891972307,-3.9463919486532184,-0.004628665745258331,0.0011408753925934434,-224.79254150390625,70.59142303466797,0.32620689272880554,-224.79254150390625,70.59142303466797,-224.7971701696515,70.59256391006056,23.515986198829996,35.12344497721642
777,/yh/study/new_data/model_dataset_flight/vi/vi_000777.jpg,-210.1998748779297,87.79022216796875,-224.79254150390625,70.59142303466797,22.555367673450103,-210.1998748779297,87.79022216796875,0.0,-222.51658630371094,80.92070007324219,14.102897367417336,0.2729504406452179,-223.45167159945333,76.67687529426956,17.294987571078053,0.00145113340113312,0.005064425058662891,162.23662275147746,-3.9170895833402177,-0.003793438198044896,0.0012152655981481075,-226.48300170898438,73.33917236328125,0.28023213148117065,-226.48300170898438,73.33917236328125,-226.48679514718242,73.3403876288794,21.770922347336864,34.66868703253567
778,/yh/study/new_data/model_dataset_flight/vi/vi_000778.jpg,-212.1474609375,88.27271270751953,-226.48300170898438,73.33917236328125,20.700684926443454,-212.1474609375,88.27271270751953,0.0,-222.943603515625,79.91822814941406,13.65115770910388,0.2809045910835266,-224.39777941772692,77.21519676946691,16.50269558548775,0.0012805939186364412,0.005893137771636248,158.2512346915317,-3.985391475040345,-0.003926263190805912,0.0015663220547139645,-228.7969512939453,73.3315658569336,0.3055092394351959,-228.7969512939453,73.3315658569336,-228.80087755713612,73.33313217898831,22.37059226619044,34.33116804808378
779,/yh/study/new_data/model_dataset_flight/vi/vi_000779.jpg,-214.09437561035156,88.7550277709961,-228.7969512939453,73.3315658569336,21.30842343174029,-214.09437561035156,88.7550277709961,0.0,-222.9193878173828,81.27194213867188,11.570540654392419,0.27436450123786926,-225.33420827661442,78.00960678906654,15.549852425167305,0.0011301739141345024,0.0054817404597997665,154.25818315933716,-3.993054093515453,-0.003486882895231247,0.0016812587855383754,-229.14764404296875,74.03103637695312,0.3041290044784546,-229.14764404296875,74.03103637695312,-229.15113092586398,74.03271763573866,21.05698964895696,33.93097105436027
780,/yh/study/new_data/model_dataset_flight/vi/vi_000780.jpg,-215.94342041015625,89.19693756103516,-229.14764404296875,74.03103637695312,20.10860712408159,-215.94342041015625,89.19693756103516,0.0,-227.925537109375,85.68983459472656,12.484826462950432,0.27532243728637695,-228.42764463035357,80.89977072240949,14.989957702680513,0.0009970680112019181,0.005441628862172365,150.25566498495303,-4.002516039950036,-0.003228043671697378,0.0018445556052029133,-231.7194366455078,76.41070556640625,0.3050556778907776,-231.7194366455078,76.41070556640625,-231.7226646891795,76.41255012201145,20.306905645089014,35.55081400554627
781,/yh/study/new_data/model_dataset_flight/vi/vi_000781.jpg,-217.97567749023438,89.68262481689453,-231.7194366455078,76.41070556640625,19.105882767086264,-217.97567749023438,89.68262481689453,0.0,-228.15774536132812,85.23652648925781,11.110458877587984,0.28066033124923706,-229.6210804689456,81.6104026678812,14.169551191184476,0.6322818994522095,0.00521662924438715,146.2381750359082,-4.0175019018758675,-0.5278190970420837,0.3528350591659546,-232.33749389648438,77.48479461669922,0.3037378787994385,-232.33749389648438,77.48479461669922,-232.86531299352646,77.83762967586517,18.842739505698965,34.978111973032355
782,/yh/study/new_data/model_dataset_flight/vi/vi_000782.jpg,-219.82357788085938,90.12425994873047,-232.33749389648438,77.48479461669922,17.786348077268016,-219.82357788085938,90.12425994873047,0.0,-233.23907470703125,86.5986099243164,13.87104045079815,0.3161316215991974,-232.86865662551824,82.85416245824433,14.934135293866978,0.5750994682312012,0.004757716320455074,142.19916999097785,-4.039009313798592,-0.4562922716140747,0.3539471924304962,-233.61770629882812,79.57707977294922,0.29588180780410767,-233.61770629882812,79.57707977294922,-234.0739985704422,79.93102696537971,17.364359719604003,32.994354958646
783,/yh/study/new_data/model_dataset_flight/vi/vi_000783.jpg,-221.82676696777344,90.63362121582031,-233.61770629882812,79.57707977294922,16.1639524555889,-221.82676696777344,90.63362121582031,0.0,-233.27438354492188,86.19001007080078,12.279804774732597,0.3160707652568817,-233.41543907134172,83.47306121224688,13.622442537548007,0.5214542746543884,0.0048004514537751675,138.14147754847832,-4.057696284480923,-0.3901641070842743,0.3495647609233856,-234.572509765625,80.27064514160156,0.2837035655975342,-234.572509765625,80.27064514160156,-234.96267387270927,80.62020990252495,16.426966627585728,33.06563897058368
784,/yh/study/new_data/model_dataset_flight/vi/vi_000784.jpg,-223.64881896972656,91.096923828125,-234.572509765625,80.27064514160156,15.3797051598094,-223.64881896972656,91.096923828125,0.0,-234.3223114013672,84.16352844238281,12.727741836764318,0.3417667746543884,-234.42510639988745,82.56412177027902,13.745438579246,0.4716212749481201,0.004695966839790344,134.06261151955178,-4.078870724681609,-0.32961907982826233,0.34058496356010437,-234.75363159179688,77.6434326171875,0.2973019480705261,-234.75363159179688,77.6434326171875,-235.08325067162514,77.9840175807476,17.44457764275377,34.616989898495376
785,/yh/study/new_data/model_dataset_flight/vi/vi_000785.jpg,-225.4710693359375,91.5602798461914,-234.75363159179688,77.6434326171875,16.72855638808498,-225.4710693359375,91.5602798461914,0.0,-233.08059692382812,91.94610595703125,7.619302586108148,0.5631619691848755,-233.76796990777376,86.06979541772576,9.949069220693996,0.4254065155982971,0.0047700549475848675,130.00806096407047,-4.054560373878241,-0.27502521872520447,0.3276686370372772,-234.72509765625,85.98046112060547,0.30736061930656433,-234.72509765625,85.98046112060547,-235.0001228749752,86.30812975764275,10.80608241517458,33.590315957553685
786,/yh/study/new_data/model_dataset_flight/vi/vi_000786.jpg,-227.31642150878906,92.19490051269531,-234.72509765625,85.98046112060547,9.669939979954096,-227.31642150878906,92.19490051269531,0.0,-232.7730712890625,91.99274444580078,5.4603932001221684,0.5592345595359802,-233.57506912834415,89.52257379800201,6.805292065431585,0.3826146125793457,0.004262716509401798,125.9290173502255,-4.079049163373676,-0.2257622331380844,0.3115459680557251,-234.24220275878906,88.80204772949219,0.4246291220188141,-234.24220275878906,88.80204772949219,-234.46796499192715,89.11359369754791,7.712191383215328,33.188153989613056
787,/yh/study/new_data/model_dataset_flight/vi/vi_000787.jpg,-229.160400390625,92.82905578613281,-234.24220275878906,88.80204772949219,6.483942411629392,-229.160400390625,92.82905578613281,0.0,-233.495361328125,91.97581481933594,4.41813382290208,0.4968469738960266,-233.80220411659695,90.67185991830388,5.118577521404295,0.3433628976345062,0.0038726290222257376,121.86050588808068,-4.068512315918461,-0.1822672337293625,0.29327496886253357,-234.5254364013672,89.22620391845703,0.45460063219070435,-234.5254364013672,89.22620391845703,-234.70770363509655,89.51947888731956,6.462519089099491,35.04889493342489
788,/yh/study/new_data/model_dataset_flight/vi/vi_000788.jpg,-231.00624084472656,93.4638442993164,-234.5254364013672,89.22620391845703,5.508387546584673,-231.00624084472656,93.4638442993164,0.0,-233.52996826171875,91.93898010253906,2.948628646318738,0.5116537809371948,-233.9389603278567,90.8244251586818,3.94555154150588,0.3073525130748749,0.0036388514563441277,117.76151812185927,-4.098986912447766,-0.14400994777679443,0.27358439564704895,-234.60545349121094,89.1116943359375,0.4579518735408783,-234.60545349121094,89.1116943359375,-234.74946343898773,89.38527873158455,5.647613741957932,34.46863905992359
789,/yh/study/new_data/model_dataset_flight/vi/vi_000789.jpg,-233.90895080566406,94.50687408447266,-234.60545349121094,89.1116943359375,5.439952252545778,-233.90895080566406,94.50687408447266,0.0,-232.9248046875,99.4654541015625,5.055300126380244,0.35840895771980286,-233.6153059695649,95.21157049627251,0.7634293173380882,0.27459070086479187,0.003549238434061408,113.6660479030604,-4.095469791912032,-0.11093444377183914,0.2531231641769409,-233.93405151367188,90.82270812988281,0.5067086219787598,-233.93405151367188,90.82270812988281,-234.0449859574437,91.07583129405975,3.6842514608128187,32.475486979819834
790,/yh/study/new_data/model_dataset_flight/vi/vi_000790.jpg,-236.55160522460938,95.45646667480469,-233.93405151367188,90.82270812988281,5.321964457066504,-236.55160522460938,95.45646667480469,0.0,-232.84385681152344,99.2608642578125,5.312328986832139,0.36572185158729553,-233.29176766468424,95.79401406773466,3.277267025979491,0.2448640763759613,0.0033326679840683937,109.56180089117808,-4.1042440236745605,-0.08254414796829224,0.23230089247226715,-233.9376678466797,90.80979919433594,0.5041298866271973,-233.9376678466797,90.80979919433594,-234.02021199464798,91.0421000868082,5.331433886843551,32.65871200710535
791,/yh/study/new_data/model_dataset_flight/vi/vi_000791.jpg,-238.54660034179688,96.2207260131836,-233.9376678466797,90.80979919433594,7.107769536463036,-238.54660034179688,96.2207260131836,0.0,-234.39398193359375,99.35609436035156,5.203342609954706,0.3350527882575989,-234.2065034661455,95.84481481401873,4.356345959596911,0.21795429289340973,0.0028858138248324394,105.46091433236741,-4.100883570602914,-0.05848711356520653,0.2114577740430832,-234.14895629882812,90.89387512207031,0.5007835626602173,-234.14895629882812,90.89387512207031,-234.20744341239333,91.1053328961134,6.907576531954814,33.448662026785314
792,/yh/study/new_data/model_dataset_flight/vi/vi_000792.jpg,-240.36712646484375,96.91815948486328,-234.14895629882812,90.89387512207031,8.65780816935318,-240.36712646484375,96.91815948486328,0.0,-235.94512939453125,98.91267395019531,4.8509943354193945,0.30644071102142334,-235.20716449510968,95.61811838378843,5.321213620367615,0.19361308217048645,0.0028254338540136814,101.36328577379084,-4.097626424142464,-0.03842576965689659,0.19120283424854279,-234.66761779785156,90.7884521484375,0.5051717758178711,-234.66761779785156,90.7884521484375,-234.70604356750846,90.97965498268604,8.370048451194958,33.274795045144856
793,/yh/study/new_data/model_dataset_flight/vi/vi_000793.jpg,-242.18890380859375,97.61605834960938,-234.66761779785156,90.7884521484375,10.15804851798153,-242.18890380859375,97.61605834960938,0.0,-235.80355834960938,98.64201354980469,6.467242125000438,0.3183223009109497,-235.33685263119492,95.41534644098004,7.196786660897744,0.17170678079128265,0.0023937844671308994,97.26584163032184,-4.097446704789928,-0.02186768874526024,0.17151525616645813,-234.80999755859375,90.84425354003906,0.506328821182251,-234.80999755859375,90.84425354003906,-234.831865247339,91.01576879620552,10.01526823530996,33.96269795484841
794,/yh/study/new_data/model_dataset_flight/vi/vi_000794.jpg,-244.05494689941406,98.58720397949219,-234.80999755859375,90.84425354003906,12.05911977808336,-244.05494689941406,98.58720397949219,0.0,-247.0823211669922,98.73191833496094,3.0308311072497793,0.2415371537208557,-242.0401879343956,95.49123971051193,3.693812182816655,0.15221959352493286,0.002305082743987441,93.15768775023427,-4.108154306974392,-0.008448374457657337,0.15313927829265594,-240.9118194580078,90.1620101928711,0.3017711043357849,-240.9118194580078,90.1620101928711,-240.92026783246547,90.31514947116375,8.992393477547548,33.716302015818655
795,/yh/study/new_data/model_dataset_flight/vi/vi_000795.jpg,-245.75389099121094,99.47138977050781,-240.9118194580078,90.1620101928711,10.49334097669449,-245.75389099121094,99.47138977050781,0.0,-249.09925842285156,104.81997680664062,6.308634284515927,0.2329503446817398,-245.73541638186725,98.79769260489411,0.673950430036467,0.13464754819869995,0.002383710350841284,89.03058692538909,-4.1270978366374225,0.0022982184309512377,0.1358199566602707,-246.95713806152344,91.71336364746094,0.3456728458404541,-246.95713806152344,91.71336364746094,-246.9548398430925,91.84918360412121,7.850781670514939,35.911610000766814
796,/yh/study/new_data/model_dataset_flight/vi/vi_000796.jpg,-247.62193298339844,100.44357299804688,-246.95713806152344,91.71336364746094,8.755484429385328,-247.62193298339844,100.44357299804688,0.0,-256.63519287109375,105.16532135009766,10.175154116927743,0.30177971720695496,-252.65892534920155,99.63853073242426,5.100920029033749,0.11894921958446503,0.0017526913434267044,84.91095149730673,-4.119632439874599,0.01062899548560381,0.11935321986675262,-250.17076110839844,91.9532241821289,0.36275801062583923,-250.17076110839844,91.9532241821289,-250.16013211291283,92.07257740199566,8.864679792680088,34.244211041368544
797,/yh/study/new_data/model_dataset_flight/vi/vi_000797.jpg,-249.2537841796875,101.4964599609375,-250.17076110839844,91.9532241821289,9.587189151034865,-249.2537841796875,101.4964599609375,0.0,-257.5182800292969,104.87532043457031,8.928526740089248,0.3314034640789032,-254.49952249728057,99.56622551267154,5.58959529142645,0.10508852452039719,0.0018655536696314812,80.7935836920288,-4.117374635467087,0.016962530091404915,0.10465557128190994,-251.5955810546875,92.6109619140625,0.31366196274757385,-251.5955810546875,92.6109619140625,-251.5786185245961,92.71561748534441,9.188911151207154,36.68222005944699
798,/yh/study/new_data/model_dataset_flight/vi/vi_000798.jpg,-251.04574584960938,102.65266418457031,-251.5955810546875,92.6109619140625,10.056744167088326,-251.04574584960938,102.65266418457031,0.0,-257.64990234375,105.33021545410156,7.126300849674268,0.3296653926372528,-255.16246023038295,100.10445927177888,4.841558175881225,0.09270831197500229,0.001592795131728053,76.6670566030739,-4.1265266620680805,0.021563051268458366,0.09098442643880844,-251.80079650878906,92.67408752441406,0.3011893332004547,-251.80079650878906,92.67408752441406,-251.7792334575206,92.76507195085287,10.007102160992599,35.945049952715635
799,/yh/study/new_data/model_dataset_flight/vi/vi_000799.jpg,-252.67710876464844,103.70523834228516,-251.80079650878906,92.67408752441406,11.065903105322558,-252.67710876464844,103.70523834228516,0.0,-259.2049560546875,110.81043243408203,9.648656555405813,0.3073742985725403,-256.16292749537917,103.35904259912928,3.5029678439992034,0.08180947601795197,0.0013854149729013443,72.5468610994796,-4.120195930481125,0.02474452555179596,0.07870399951934814,-254.65440368652344,97.45252990722656,0.22041797637939453,-254.65440368652344,97.45252990722656,-254.62965916097164,97.53123390674591,6.55790042482543,41.329416912049055
800,/yh/study/new_data/model_dataset_flight/vi/vi_000800.jpg,-254.19894409179688,104.81472778320312,-254.65440368652344,97.45252990722656,7.376272839819735,-254.19894409179688,104.81472778320312,0.0,-259.31439208984375,110.49433898925781,7.643676580851898,0.30705249309539795,-257.39981721864194,105.13605957258007,3.2169617487659234,0.07204499840736389,0.001514275441877544,68.44997703152255,-4.096883641070225,0.02674120105803013,0.06771305948495865,-259.0953369140625,104.21408081054688,0.26263192296028137,-259.0953369140625,104.21408081054688,-259.06859571300447,104.28179387003183,4.933096335537696,39.70680304337293
801,/yh/study/new_data/model_dataset_flight/vi/vi_000801.jpg,-255.72320556640625,105.92599487304688,-259.0953369140625,104.21408081054688,3.781787881839912,-255.72320556640625,105.92599487304688,0.0,-259.0159912109375,110.29667663574219,5.4722295613020915,0.2988229990005493,-259.04859071037674,107.79761781613264,3.815908646289202,0.0634356290102005,0.0008760953787714243,64.35850930357732,-4.091470289266167,0.02764061465859413,0.057583361864089966,-259.64056396484375,106.46127319335938,0.3333388864994049,-259.64056396484375,106.46127319335938,-259.61292335018516,106.51885655522346,3.953760197837672,37.689780932851136
802,/yh/study/new_data/model_dataset_flight/vi/vi_000802.jpg,-257.395263671875,107.14501190185547,-259.64056396484375,106.46127319335938,2.347098640258108,-257.395263671875,107.14501190185547,0.0,-259.3497619628906,110.9117431640625,4.243622034450143,0.3074634373188019,-259.46923912833546,109.08324977878387,2.8386863619569307,0.055848222225904465,0.000739286420866847,60.27640576498419,-4.0821073805745485,0.027873734012246132,0.048821136355400085,-259.5169372558594,108.47027587890625,0.33587712049484253,-259.5169372558594,108.47027587890625,-259.48906352184713,108.51909701526165,2.501564191829895,37.25018200930208
803,/yh/study/new_data/model_dataset_flight/vi/vi_000803.jpg,-258.9176940917969,108.22977447509766,-259.5169372558594,108.47027587890625,0.6457037206873912,-258.9176940917969,108.22977447509766,0.0,-259.3289794921875,111.08956909179688,2.8892180482400955,0.30369672179222107,-259.4062026910515,110.01342200050011,1.8493347848402149,0.04915672168135643,0.0006198862101882696,56.201135830655645,-4.075274630083597,0.027517274022102356,0.04110657796263695,-259.489013671875,109.50892639160156,0.3311009705066681,-259.489013671875,109.50892639160156,-259.4614963978529,109.5500329695642,1.4009410009262564,37.976725958287716
804,/yh/study/new_data/model_dataset_flight/vi/vi_000804.jpg,-260.4407653808594,109.31502532958984,-259.489013671875,109.50892639160156,0.9713027012234399,-260.4407653808594,109.31502532958984,0.0,-258.69158935546875,114.73412322998047,5.6944041674102674,0.3875395655632019,-259.01921432483323,112.58733021291732,3.5677425151400595,0.043230149894952774,0.0005108267068862915,52.12642255674446,-4.074717969666241,0.026696709915995598,0.034326083958148956,-259.1594543457031,111.40355682373047,0.3543250858783722,-259.1594543457031,111.40355682373047,-259.13275763578713,111.43788290768862,2.4502493282991535,37.758994032628834
805,/yh/study/new_data/model_dataset_flight/vi/vi_000805.jpg,-262.1134338378906,110.5068588256836,-259.1594543457031,111.40355682373047,3.0870798726248716,-262.1134338378906,110.5068588256836,0.0,-259.66552734375,114.82550048828125,4.964162770697603,0.44113510847091675,-259.45760522867266,113.41958124905118,3.941748028112521,0.03800258785486221,0.00031800614669919014,48.09509805953578,-4.031328339190089,0.025487983599305153,0.0284019336104393,-259.2447509765625,113.2255859375,0.38256677985191345,-259.2447509765625,113.2255859375,-259.2192629929632,113.25398787111044,3.9523181131335186,35.48451093956828
806,/yh/study/new_data/model_dataset_flight/vi/vi_000806.jpg,-263.7135925292969,111.65731048583984,-259.2447509765625,113.2255859375,4.7360355484017695,-263.7135925292969,111.65731048583984,0.0,-260.20111083984375,115.07735443115234,4.902471642611731,0.40801164507865906,-259.80818656544864,114.31654794015253,4.724800480536804,0.03340589255094528,0.0004053425509482622,44.07592105376596,-4.019177432656637,0.02414502017199993,0.023378483951091766,-259.5212097167969,114.12060546875,0.3897969722747803,-259.5212097167969,114.12060546875,-259.4970646966249,114.14398395270109,4.862498927442119,37.1043219929561
807,/yh/study/new_data/model_dataset_flight/vi/vi_000807.jpg,-265.31304931640625,112.80723571777344,-259.5212097167969,114.12060546875,5.938884242884645,-265.31304931640625,112.80723571777344,0.0,-259.1160583496094,111.15164184570312,6.414334580593597,0.2974623441696167,-259.2825164090538,112.37145242337486,6.046257869652726,0.02939928136765957,1.6310717910528183e-05,40.0835183895426,-3.992401383562894,0.022499825805425644,0.018935551866889,-259.3653869628906,112.75856018066406,0.4093134105205536,-259.3653869628906,112.75856018066406,-259.3428871370852,112.77749573253095,5.947861529939976,36.14276309963316
808,/yh/study/new_data/model_dataset_flight/vi/vi_000808.jpg,-266.9132995605469,113.957763671875,-259.3653869628906,112.75856018066406,7.64258291385775,-266.9132995605469,113.957763671875,0.0,-261.0938720703125,112.52391052246094,5.993469042898293,0.27197331190109253,-260.3837170515664,112.62031727291802,6.665148956450011,0.025860000401735306,-0.000271802069619298,36.094264442526615,-3.9892582158842185,0.020786330103874207,0.015154466032981873,-259.6881408691406,112.69682312011719,0.38898494839668274,-259.6881408691406,112.69682312011719,-259.66735453903675,112.71197758615017,7.334363584597546,36.33944795001298
809,/yh/study/new_data/model_dataset_flight/vi/vi_000809.jpg,-268.5203552246094,115.14909362792969,-259.6881408691406,112.69682312011719,9.166331930736266,-268.5203552246094,115.14909362792969,0.0,-261.1170349121094,111.78977966308594,8.129830377312269,0.2713782787322998,-260.5299680802845,112.16244209475265,8.530320867166774,0.022740403190255165,9.427941404283047e-05,32.14553400785631,-3.9487321422175943,0.019294198602437973,0.012124605476856232,-259.7857360839844,111.92189025878906,0.36454281210899353,-259.7857360839844,111.92189025878906,-259.76644188538194,111.93401486426592,9.311735236655155,39.602276985533535
810,/yh/study/new_data/model_dataset_flight/vi/vi_000810.jpg,-270.1268615722656,116.34001922607422,-259.7857360839844,111.92189025878906,11.245387496033398,-270.1268615722656,116.34001922607422,0.0,-261.1723937988281,113.11531066894531,9.51741763210752,0.27472710609436035,-260.60267993132015,112.62498912084094,10.223085865457278,0.02001015655696392,-1.7118174582719803e-05,28.204137488807312,-3.941398226596293,0.017626794055104256,0.009453043341636658,-259.84234619140625,112.75770568847656,0.39315930008888245,-259.84234619140625,112.75770568847656,-259.82471939735115,112.7671587318182,10.89055677643657,39.36113102827221
811,/yh/study/new_data/model_dataset_flight/vi/vi_000811.jpg,-271.73358154296875,117.53112030029297,-259.84234619140625,112.75770568847656,12.813546161876973,-271.73358154296875,117.53112030029297,0.0,-267.4537048339844,113.46531677246094,5.903228182193055,0.24955737590789795,-264.32654769719807,113.17459192880789,8.593223483882339,0.017601994797587395,0.00012706220149993896,24.27931783887393,-3.9248187961597334,0.016103042289614677,0.007263805717229843,-262.7512512207031,113.44859313964844,0.3077771067619324,-262.7512512207031,113.44859313964844,-262.7351481784135,113.45585694536567,9.866574179303209,34.98046798631549
812,/yh/study/new_data/model_dataset_flight/vi/vi_000812.jpg,-273.207763671875,118.68585968017578,-262.7512512207031,113.44859313964844,11.694768636362145,-273.207763671875,118.68585968017578,0.0,-266.5528259277344,118.08824157714844,6.681717127763903,0.27884039282798767,-264.99093375652376,116.18202346224521,8.58984805826226,0.015486238524317741,-3.022328019142151e-05,20.401199607390513,-3.878120365917533,0.014500695280730724,0.005393106024712324,-263.66680908203125,115.88289642333984,0.3258661925792694,-263.66680908203125,115.88289642333984,-263.6523083867505,115.88828952936456,9.944164997858435,35.61899496708065
813,/yh/study/new_data/model_dataset_flight/vi/vi_000813.jpg,-274.8296813964844,119.9563217163086,-263.66680908203125,115.88289642333984,11.882866317777946,-274.8296813964844,119.9563217163086,0.0,-266.87548828125,117.50701904296875,8.322756256197321,0.280902624130249,-265.55718960046465,116.83974176968705,9.782237712861846,0.013625686056911945,-0.00027522630989551544,16.53661710329477,-3.864582930982568,0.012930179014801979,0.00383908418007195,-264.0218811035156,116.02690887451172,0.32134297490119934,-264.0218811035156,116.02690887451172,-264.0089509245008,116.03074795869179,11.499949237017248,34.19070690870285
814,/yh/study/new_data/model_dataset_flight/vi/vi_000814.jpg,-276.4517517089844,121.2269287109375,-264.0218811035156,116.02690887451172,13.473748163295827,-276.4517517089844,121.2269287109375,0.0,-270.4897766113281,116.44194030761719,7.644688423015233,0.4037732183933258,-267.8324158762685,116.27142298357913,9.942333086907796,0.01200190745294094,-0.00014799786731600761,12.712033894525911,-3.824582781882034,0.011635535396635532,0.002624749206006527,-266.8351745605469,115.72532653808594,0.3357059359550476,-266.8351745605469,115.72532653808594,-266.82353902515024,115.72795128729194,11.079087621287925,35.165590001270175
815,/yh/study/new_data/model_dataset_flight/vi/vi_000815.jpg,-278.048095703125,122.50807189941406,-266.8351745605469,115.72532653808594,13.104779097195562,-278.048095703125,122.50807189941406,0.0,-270.0550842285156,117.17813110351562,9.607106813240893,0.3790470063686371,-268.73217146473274,116.58124053791742,11.041457077898933,0.010579818859696388,-0.00019026780501008034,8.927667693363736,-3.784366201162176,0.010357663966715336,0.0016270914347842336,-266.53704833984375,115.97750854492188,0.33484530448913574,-266.53704833984375,115.97750854492188,-266.52669067587703,115.97913563635666,13.234518091972237,36.48049500770867
816,/yh/study/new_data/model_dataset_flight/vi/vi_000816.jpg,-279.5004577636719,123.67367553710938,-266.53704833984375,115.97750854492188,15.075840615416185,-279.5004577636719,123.67367553710938,0.0,-270.1382751464844,119.57425689697266,10.220356967575457,0.3480061888694763,-268.65869671135783,118.0965184528241,12.192147631088917,0.009332080371677876,-0.0003784368745982647,5.211085570185235,-3.7165821231785,0.009105072356760502,0.0008304027724079788,-267.2257080078125,118.3134765625,0.3387434780597687,-267.2257080078125,118.3134765625,-267.21660293545574,118.31430696527241,13.394073861838047,35.45912494882941
817,/yh/study/new_data/model_dataset_flight/vi/vi_000817.jpg,-281.09844970703125,124.95613098144531,-267.2257080078125,118.3134765625,15.381086437010111,-281.09844970703125,124.95613098144531,0.0,-277.6005554199219,121.38545227050781,4.998500865312988,0.24323633313179016,-273.33800787074244,120.12331876577561,9.142238861807751,0.008234118111431599,-0.0004623681306838989,1.5145205970299267,-3.6965649731553083,0.008000138215720654,0.0002115198876708746,-269.8707275390625,119.27875518798828,0.3348722457885742,-269.8707275390625,119.27875518798828,-269.8627274008468,119.27896670787595,12.581507897753303,36.91575501579791
818,/yh/study/new_data/model_dataset_flight/vi/vi_000818.jpg,-283.39080810546875,126.81491088867188,-269.8707275390625,119.27875518798828,15.47857297256636,-283.39080810546875,126.81491088867188,0.0,-278.14013671875,122.62165069580078,6.719596792697038,0.24010732769966125,-274.74261688719116,121.24820870788706,10.284910525495496,0.007271051872521639,-0.0005712737329304218,-2.1678935048255847,-3.682414101855511,0.006980414967983961,-0.00026424325187690556,-270.3279113769531,120.20088195800781,0.3091822564601898,-270.3279113769531,120.20088195800781,-270.32093096198514,120.20061771475594,14.641879989793846,35.43308796361089
819,/yh/study/new_data/model_dataset_flight/vi/vi_000819.jpg,-285.683837890625,128.6741943359375,-270.3279113769531,120.20088195800781,17.538571827468374,-285.683837890625,128.6741943359375,0.0,-284.42010498046875,127.15022277832031,1.9797752843790482,0.2570139169692993,-278.63027088256035,124.2950583112785,8.30238759994523,0.006416975986212492,-0.0007036458700895309,-5.794135277173265,-3.6262417723476803,0.006034166552126408,-0.000612304313108325,-279.8052978515625,123.5953140258789,0.22469578683376312,-279.8052978515625,123.5953140258789,-279.7992636850104,123.5947017215658,7.7686715849469286,33.692341996356845
820,/yh/study/new_data/model_dataset_flight/vi/vi_000820.jpg,-287.1240234375,129.89248657226562,-279.8052978515625,123.5953140258789,9.654953458262904,-287.1240234375,129.89248657226562,0.0,-284.75604248046875,131.90695190429688,3.108923348495168,0.29298049211502075,-282.72200925122564,128.49208224298837,4.619400521888003,0.005668153986334801,-0.0006447583436965942,-9.39846665643719,-3.6043309523771025,0.005274015944451094,-0.0008729627006687224,-285.48577880859375,129.4612579345703,0.2916443645954132,-285.48577880859375,129.4612579345703,-285.4805047926493,129.46038497186964,1.6940494686132197,36.5231919568032
821,/yh/study/new_data/model_dataset_flight/vi/vi_000821.jpg,-288.7078857421875,131.23231506347656,-285.48577880859375,129.4612579345703,3.676767118728431,-288.7078857421875,131.23231506347656,0.0,-285.0504150390625,133.44444274902344,4.274412338717529,0.33793163299560547,-285.22928598483185,131.80793533890397,3.525903426550128,0.005006213206797838,-0.000810923520475626,-12.972996639691882,-3.5745310504717485,0.0044833216816186905,-0.0010328309144824743,-288.71484375,133.08993530273438,0.3160732388496399,-288.71484375,133.08993530273438,-288.7103604283184,133.0889024718199,1.8576332703666165,36.49157902691513
822,/yh/study/new_data/model_dataset_flight/vi/vi_000822.jpg,-290.2896728515625,132.5703887939453,-288.71484375,133.08993530273438,1.6583170004323824,-290.2896728515625,132.5703887939453,0.0,-290.33465576171875,140.95098876953125,8.38072069770835,0.4211539924144745,-289.66914951893546,137.72124351566342,5.188097297717176,0.004421578254550695,-0.0004708799533545971,-16.523426300460184,-3.550429447324889,0.004013265948742628,-0.0011905685532838106,-292.21539306640625,141.3013458251953,0.3494111895561218,-292.21539306640625,141.3013458251953,-292.2113798004575,141.30015525664203,8.940805837696717,37.43781300727278
823,/yh/study/new_data/model_dataset_flight/vi/vi_000823.jpg,-291.78533935546875,133.79493713378906,-292.21539306640625,141.3013458251953,7.518717818664989,-291.78533935546875,133.79493713378906,0.0,-290.5826110839844,141.13299560546875,7.435970510217064,0.4420047104358673,-291.25344609109914,141.20216296649053,7.426298201750436,0.003906308673322201,-0.00026124902069568634,-20.032336948811267,-3.5089106483510855,0.0035472530871629715,-0.0012933622347190976,-292.9391174316406,143.34814453125,0.3882410526275635,-292.9391174316406,143.34814453125,-292.93557017855346,143.34685116901528,9.622628301454714,36.46286798175424
824,/yh/study/new_data/model_dataset_flight/vi/vi_000824.jpg,-293.2826843261719,135.02084350585938,-292.9391174316406,143.34814453125,8.334385434960973,-293.2826843261719,135.02084350585938,0.0,-290.6034240722656,140.90769958496094,6.467882961542888,0.4373336732387543,-291.5630530296051,141.91036615069473,7.100891075761622,0.0034537222236394882,-0.0003782762214541435,-23.513236991376132,-3.480900682895098,0.002993518952280283,-0.0013024414656683803,-293.1158752441406,144.52618408203125,0.35844215750694275,-293.1158752441406,144.52618408203125,-293.11288172518834,144.52488164056558,9.506804128563267,34.189319936558604
825,/yh/study/new_data/model_dataset_flight/vi/vi_000825.jpg,-294.9261169433594,136.3663787841797,-293.1158752441406,144.52618408203125,8.35819343569152,-294.9261169433594,136.3663787841797,0.0,-292.4422607421875,141.0301055908203,5.283927455508671,0.42539143562316895,-292.7190179541577,142.4664834200553,6.48710740752504,0.003053137334063649,-0.00015032244846224785,-26.968911437788844,-3.455674232969302,0.002654129406437278,-0.0013505329843610525,-293.78070068359375,144.96493530273438,0.3450791537761688,-293.78070068359375,144.96493530273438,-293.7780465541873,144.96358476975,8.674511664117743,33.96511299069971
826,/yh/study/new_data/model_dataset_flight/vi/vi_000826.jpg,-296.44732666015625,137.60165405273438,-293.78070068359375,144.96493530273438,7.831270961056032,-296.44732666015625,137.60165405273438,0.0,-292.7607727050781,145.06883239746094,8.327630665180553,0.41632068157196045,-293.1798141938317,145.02614586059903,8.11170243060208,0.002701642457395792,-0.00018076598644256592,-30.369773616112205,-3.4008606842194804,0.0022529438138008118,-0.0013201971305534244,-294.1107482910156,146.2373809814453,0.3486173748970032,-294.1107482910156,146.2373809814453,-294.1084953472018,146.23606078431476,8.94624938521161,35.521602956578135
827,/yh/study/new_data/model_dataset_flight/vi/vi_000827.jpg,-297.9695129394531,138.8377227783203,-294.1107482910156,146.2373809814453,8.34535835869893,-297.9695129394531,138.8377227783203,0.0,-292.80194091796875,145.20208740234375,8.19810573637283,0.4270574450492859,-293.3396696612192,145.6274419095464,8.21801281709547,0.002390550682321191,-3.4098513424396515e-05,-33.7329314426698,-3.363157186227364,0.0019738872069865465,-0.0013180588139221072,-294.19732666015625,146.55990600585938,0.35698580741882324,-294.19732666015625,146.55990600585938,-294.19535277294926,146.55858794704545,8.594271529652831,33.81735400762409
828,/yh/study/new_data/model_dataset_flight/vi/vi_000828.jpg,-299.4911193847656,140.0733184814453,-294.19732666015625,146.55990600585938,8.372577806327708,-299.4911193847656,140.0733184814453,0.0,-296.7093811035156,145.39276123046875,6.0028775620955095,0.33518773317337036,-295.67729348953793,145.87228732895113,6.940699363425294,0.0021161276381462812,-6.713531911373138e-05,-37.067860097387744,-3.3349290816047588,0.001661720802076161,-0.0012552848784253001,-297.0323181152344,146.89801025390625,0.3234030604362488,-297.0323181152344,146.89801025390625,-297.0306563944323,146.89675496902782,7.254110660318362,37.161780055612326
829,/yh/study/new_data/model_dataset_flight/vi/vi_000829.jpg,-301.0998840332031,141.42408752441406,-297.0323181152344,146.89801025390625,6.819745049888021,-301.0998840332031,141.42408752441406,0.0,-296.689453125,145.35939025878906,5.910880510314246,0.33879151940345764,-296.8303205773846,145.99153843685772,6.252261985941036,0.0018747405847534537,-5.927868187427521e-05,-40.3687539194715,-3.3008953161876433,0.0014057672815397382,-0.0011950804619118571,-298.11285400390625,146.9729766845703,0.3216138780117035,-298.11285400390625,146.9729766845703,-298.1114482366247,146.9717816041084,6.301786993196519,35.78798705711961
830,/yh/study/new_data/model_dataset_flight/vi/vi_000830.jpg,-302.5628662109375,142.65243530273438,-298.11285400390625,146.9729766845703,6.202393608509857,-302.5628662109375,142.65243530273438,0.0,-296.8514709472656,147.4825897216797,7.480001842830686,0.3065304160118103,-297.3697152204666,147.2732131673966,6.951288030601309,0.0016602628165856004,5.766027607023716e-05,-43.68372134634008,-3.314966573094927,0.001221490208990872,-0.0011666176142171025,-298.81427001953125,148.2303466796875,0.32322925329208374,-298.81427001953125,148.2303466796875,-298.81304852932226,148.22918006207328,6.720496167350187,45.77198997139931
831,/yh/study/new_data/model_dataset_flight/vi/vi_000831.jpg,-304.02545166015625,143.8804473876953,-298.81427001953125,148.2303466796875,6.788080578636438,-304.02545166015625,143.8804473876953,0.0,-302.26373291015625,148.0802764892578,4.554362462127146,0.3641253709793091,-300.8465072868418,148.14193342713955,5.316573200192549,0.001470276270993054,0.00025708996690809727,-46.95601375127441,-3.27229048394363,0.0010912908473983407,-0.001168466405943036,-302.1040954589844,148.7938232421875,0.3515468239784241,-302.1040954589844,148.7938232421875,-302.103004168137,148.79265477578156,5.2756868689572975,41.2775119766593
832,/yh/study/new_data/model_dataset_flight/vi/vi_000832.jpg,-305.5746765136719,145.14605712890625,-302.1040954589844,148.7938232421875,5.034990613135123,-305.5746765136719,145.14605712890625,0.0,-309.7891845703125,136.3903350830078,9.717239664869888,0.25555670261383057,-306.6317349755857,141.48635779583128,3.809300697032588,0.0013023989740759134,0.00044944765977561474,-50.21794134414325,-3.261925031547901,0.0009771586628630757,-0.001173569355159998,-306.60577392578125,142.8481903076172,0.29570919275283813,-306.60577392578125,142.8481903076172,-306.6047967671184,142.84701673826203,2.5186015567452804,34.910227986983955
833,/yh/study/new_data/model_dataset_flight/vi/vi_000833.jpg,-307.1240539550781,146.41177368164062,-306.60577392578125,142.8481903076172,3.601074930126314,-307.1240539550781,146.41177368164062,0.0,-309.8535461425781,136.3629608154297,10.412913503037947,0.2545957863330841,-308.51918593918447,139.0274432872899,7.514966974379079,0.0011537524405866861,0.0007204955909401178,-53.495137824901654,-3.277194132880876,0.0009006651234813035,-0.001216963166370988,-309.468505859375,141.0489501953125,0.26607218384742737,-309.468505859375,141.0489501953125,-309.4676051942515,141.04773323214613,5.852890779527138,35.4084960417822
834,/yh/study/new_data/model_dataset_flight/vi/vi_000834.jpg,-308.672119140625,147.6764373779297,-309.468505859375,141.0489501953125,6.675164279742971,-308.672119140625,147.6764373779297,0.0,-313.2608642578125,141.2421112060547,7.902982667106623,0.24346131086349487,-311.70275864384445,141.16275023232362,7.184211580215882,0.0010224281577393413,0.0004693958908319473,-56.738401925863435,-3.2432638875183684,0.0006894865655340254,-0.0010511776199564338,-312.3558349609375,142.2613525390625,0.27238890528678894,-312.3558349609375,142.2613525390625,-312.35514547437197,142.26030136144254,6.549267596987458,36.55630792491138
835,/yh/study/new_data/model_dataset_flight/vi/vi_000835.jpg,-310.2829284667969,148.9464569091797,-312.3558349609375,142.2613525390625,6.9991114988125664,-310.2829284667969,148.9464569091797,0.0,-313.15728759765625,141.26942443847656,8.197485466250294,0.24271076917648315,-312.8280075767818,141.67696206540876,7.702141452848918,0.0009061244782060385,0.0007922137156128883,-59.98854061222483,-3.2501371922575166,0.000651341222692281,-0.0011276351287961006,-313.2755126953125,142.54869079589844,0.2807692885398865,-313.2755126953125,142.54869079589844,-313.2748613540898,142.54756316076964,7.063070975504234,36.01142903789878
836,/yh/study/new_data/model_dataset_flight/vi/vi_000836.jpg,-311.89483642578125,150.2173309326172,-313.2755126953125,142.54869079589844,7.791938687370461,-311.89483642578125,150.2173309326172,0.0,-312.902099609375,141.27032470703125,9.003527060085784,0.24276474118232727,-313.05551786904374,141.79554652693915,8.501390120942322,0.6347388029098511,0.0009106118232011795,-63.25361009211188,-3.2650679857831646,0.2858641445636749,-0.5672329664230347,-313.43817138671875,142.58145141601562,0.28271374106407166,-313.43817138671875,142.58145141601562,-313.1523072421551,142.0142184495926,7.790284898109135,38.395641022361815
837,/yh/study/new_data/model_dataset_flight/vi/vi_000837.jpg,-313.3596496582031,151.3722381591797,-313.43817138671875,142.58145141601562,8.79113742502289,-313.3596496582031,151.3722381591797,0.0,-318.35968017578125,141.36068725585938,11.190686157090026,0.23278145492076874,-316.33765860825457,141.8622430930013,9.965367201730393,0.5796462893486023,0.001270370907150209,-66.49751281576106,-3.2439020833189414,0.23140981793403625,-0.5321429371833801,-316.94158935546875,142.65931701660156,0.30479466915130615,-316.94158935546875,142.65931701660156,-316.7101795375347,142.12717407941818,9.420471688383351,56.072058039717376
838,/yh/study/new_data/model_dataset_flight/vi/vi_000838.jpg,-314.9186706542969,152.59669494628906,-316.94158935546875,142.65931701660156,10.14118731653208,-314.9186706542969,152.59669494628906,0.0,-318.8929138183594,145.59515380859375,8.05085008119871,0.2315647453069687,-318.0912043592651,144.3889535219379,8.799544840397667,0.5282278656959534,0.001434085424989462,-69.76794399414656,-3.2704303246118593,0.18292143940925598,-0.4963088631629944,-319.20367431640625,145.10198974609375,0.31189948320388794,-319.20367431640625,145.10198974609375,-319.020752876997,144.60568088293076,8.633183794066092,37.13090007659048
839,/yh/study/new_data/model_dataset_flight/vi/vi_000839.jpg,-316.47821044921875,153.82154846191406,-319.20367431640625,145.10198974609375,9.135581945885145,-316.47821044921875,153.82154846191406,0.0,-318.88336181640625,145.58929443359375,8.576407143196965,0.23127299547195435,-319.0149634879887,145.38908335396067,8.805769913900777,0.4802084267139435,0.0015914563555270433,-73.02288430349448,-3.2549426572254436,0.14044827222824097,-0.46004268527030945,-319.9153747558594,145.6748809814453,0.3077565133571625,-319.9153747558594,145.6748809814453,-319.77492648363113,145.214838296175,8.842074954905742,36.16513800807297
840,/yh/study/new_data/model_dataset_flight/vi/vi_000840.jpg,-318.0369567871094,155.04579162597656,-319.9153747558594,145.6748809814453,9.557322866426139,-318.0369567871094,155.04579162597656,0.0,-323.53289794921875,145.49371337890625,11.020325226395181,0.25435853004455566,-322.0466240784382,145.56814681291436,10.290927217200446,0.43594422936439514,0.0019177283393219113,-76.2930832554482,-3.2701995922839595,0.10352656245231628,-0.4244603216648102,-322.39849853515625,145.87278747558594,0.2934635877609253,-322.39849853515625,145.87278747558594,-322.29497197270393,145.44832715392113,10.15711827060409,38.38940500281751
841,/yh/study/new_data/model_dataset_flight/vi/vi_000841.jpg,-319.66668701171875,156.27857971191406,-322.39849853515625,145.87278747558594,10.758406306940289,-319.66668701171875,156.27857971191406,0.0,-324.1302490234375,149.11709594726562,8.438615736231974,0.24459943175315857,-323.4187524099068,147.7841588374052,9.28618224813471,0.3950287699699402,0.002309387782588601,-79.57410805723639,-3.281028003439369,0.07169478386640549,-0.3896423876285553,-324.8291931152344,148.19403076171875,0.2933863401412964,-324.8291931152344,148.19403076171875,-324.75749833136797,147.8043883740902,9.592257346263194,38.717971998266876
842,/yh/study/new_data/model_dataset_flight/vi/vi_000842.jpg,-321.2928466796875,157.50868225097656,-324.8291931152344,148.19403076171875,9.963356787676425,-321.2928466796875,157.50868225097656,0.0,-323.90875244140625,149.10043334960938,8.805771547203339,0.24336808919906616,-324.2869191731706,148.72803422159197,9.277081971836164,0.3574051260948181,0.0024348199367523193,-82.84082361271341,-3.266712353825845,0.04469380900263786,-0.35582664608955383,-325.4659118652344,148.71942138671875,0.2934721112251282,-325.4659118652344,148.71942138671875,-325.42121805623174,148.3635947406292,9.729623815071031,37.59881295263767
843,/yh/study/new_data/model_dataset_flight/vi/vi_000843.jpg,-322.7755432128906,158.63027954101562,-325.4659118652344,148.71942138671875,10.269527391273018,-322.7755432128906,158.63027954101562,0.0,-327.65277099609375,149.09878540039062,10.706854412105228,0.23710742592811584,-326.75429117674094,148.94292217826396,10.472598914954299,0.32285410165786743,0.0027483387384563684,-86.12865811310411,-3.2878342869472865,0.021890679374337196,-0.32348841428756714,-327.26922607421875,148.7950439453125,0.2990759015083313,-327.26922607421875,148.7950439453125,-327.2473353948444,148.47155553102493,10.81318846969662,38.95168809685856
844,/yh/study/new_data/model_dataset_flight/vi/vi_000844.jpg,-324.4669494628906,159.92913818359375,-327.26922607421875,148.7950439453125,11.481324344923122,-324.4669494628906,159.92913818359375,0.0,-327.83819580078125,149.12916564941406,11.313916590190003,0.23680134117603302,-327.60443231326377,148.99189041110228,11.378364885749416,0.2911553680896759,0.0028557712212204933,-89.38269683748159,-3.254038724377475,0.0031522230710834265,-0.2925662696361542,-328.81195068359375,148.8682403564453,0.3159073293209076,-328.81195068359375,148.8682403564453,-328.80879846052267,148.57567408680916,11.883707180443679,37.97316807322204
845,/yh/study/new_data/model_dataset_flight/vi/vi_000845.jpg,-326.00640869140625,161.111328125,-328.81195068359375,148.8682403564453,12.560424514261483,-326.00640869140625,161.111328125,0.0,-327.9075622558594,153.10191345214844,8.231956527905302,0.2399653196334839,-328.2791338581218,151.36249192995305,10.01024908987182,0.262254536151886,0.0035181022249162197,-92.67587254580323,-3.2931769889821174,-0.012325688265264034,-0.26372572779655457,-329.2364501953125,150.05526733398438,0.3212551474571228,-329.2364501953125,150.05526733398438,-329.24877588357776,149.79154160618782,11.518231128588711,37.34586201608181
846,/yh/study/new_data/model_dataset_flight/vi/vi_000846.jpg,-327.5447692871094,162.2926788330078,-329.2364501953125,150.05526733398438,12.353785836398897,-327.5447692871094,162.2926788330078,0.0,-330.7147521972656,153.12063598632812,9.704388781989865,0.25426042079925537,-330.1073859079053,151.86121701683768,10.741619969417789,0.23583975434303284,0.0031601646915078163,-95.9748061035952,-3.298934838452438,-0.02471330389380455,-0.23613011837005615,-330.38031005859375,151.32803344726562,0.30765748023986816,-330.38031005859375,151.32803344726562,-330.40502336248755,151.09190332889557,11.325358268144441,36.736142938025296
847,/yh/study/new_data/model_dataset_flight/vi/vi_000847.jpg,-329.7925720214844,164.03598022460938,-330.38031005859375,151.32803344726562,12.721530855053041,-329.7925720214844,164.03598022460938,0.0,-330.7593994140625,153.02227783203125,11.056056964366661,0.25617074966430664,-330.60364903635696,152.32619075112012,11.737845434213824,0.21175311505794525,0.0035847839899361134,-99.29147766266169,-3.3166711321796685,-0.03447842225432396,-0.2107437402009964,-330.712646484375,151.50392150878906,0.30853909254074097,-330.712646484375,151.50392150878906,-330.7471249066293,151.29317776858807,12.565788183557421,37.08118200302124
848,/yh/study/new_data/model_dataset_flight/vi/vi_000848.jpg,-332.25274658203125,165.9439697265625,-330.712646484375,151.50392150878906,14.521945490960315,-332.25274658203125,165.9439697265625,0.0,-333.1871337890625,157.37567138671875,8.619096002089362,0.2853349447250366,-332.1704807842424,154.96323946773452,10.981038415315108,0.18997065722942352,0.003773770295083523,-102.60966552372393,-3.3181897820529387,-0.04188401252031326,-0.1872299313545227,-332.7005615234375,153.19564819335938,0.317359983921051,-332.7005615234375,153.19564819335938,-332.7424455359578,153.00841826200485,12.756184387804888,36.89694206696004
849,/yh/study/new_data/model_dataset_flight/vi/vi_000849.jpg,-333.7705078125,167.15240478515625,-332.7005615234375,153.19564819335938,13.99770837044922,-333.7705078125,167.15240478515625,0.0,-333.0980224609375,157.35752868652344,9.8179343212121,0.28721392154693604,-332.9347240452849,155.64760344218607,11.535119784672753,0.17019039392471313,0.0039130947552621365,-105.96698353854117,-3.3573180148172375,-0.04735476151108742,-0.1655055731534958,-333.20416259765625,153.59083557128906,0.31517693400382996,-333.20416259765625,153.59083557128906,-333.25151735916734,153.42532999813557,13.573389644627708,35.71057098452002
850,/yh/study/new_data/model_dataset_flight/vi/vi_000850.jpg,-335.2862854003906,168.35928344726562,-333.20416259765625,153.59083557128906,14.914499255124293,-335.2862854003906,168.35928344726562,0.0,-333.0554504394531,157.34925842285156,11.23375607983211,0.29012617468833923,-333.1165494243637,155.8050953640283,12.740305829726529,0.1523437350988388,0.004410360008478165,-109.32787374229432,-3.3608891365360964,-0.051151592284440994,-0.14583854377269745,-333.29541015625,153.60667419433594,0.3143123984336853,-333.29541015625,153.60667419433594,-333.34656174853444,153.46083565056324,14.886338166498792,37.34273696318269
851,/yh/study/new_data/model_dataset_flight/vi/vi_000851.jpg,-336.9504699707031,169.68429565429688,-333.29541015625,153.60667419433594,16.48785535043981,-336.9504699707031,169.68429565429688,0.0,-336.23321533203125,157.34034729003906,12.364769121829951,0.2884012460708618,-335.02620632702394,155.806352767387,14.010713377366535,0.13628003001213074,0.004491573199629784,-112.71156311749698,-3.3836910827499493,-0.053483739495277405,-0.12778455018997192,-334.43115234375,153.61334228515625,0.31331926584243774,-334.43115234375,153.61334228515625,-334.4846360832453,153.48555773496628,16.26722175107259,39.17207405902445
852,/yh/study/new_data/model_dataset_flight/vi/vi_000852.jpg,-338.47467041015625,170.87103271484375,-334.43115234375,153.61334228515625,17.72506466335966,-338.47467041015625,170.87103271484375,0.0,-337.14239501953125,163.00033569335938,7.982658036047142,0.24057342112064362,-336.028470123692,159.14365191219866,11.979789494467186,0.12177783250808716,0.004585358314216137,-116.10267007813826,-3.3911133639436377,-0.054588668048381805,-0.11141619831323624,-335.1062316894531,156.73501586914062,0.2789682149887085,-335.1062316894531,156.73501586914062,-335.1608203575015,156.6235996708274,14.531804832061798,39.134412072598934
853,/yh/study/new_data/model_dataset_flight/vi/vi_000853.jpg,-340.1466979980469,172.17286682128906,-335.1062316894531,156.73501586914062,16.239875080456102,-340.1466979980469,172.17286682128906,0.0,-337.4416809082031,162.86276245117188,9.695110150938044,0.23295296728610992,-336.4821522570158,160.3451532625545,12.38239490226274,0.10871928185224533,0.004880382679402828,-119.50889907760197,-3.4062232364915865,-0.054752569645643234,-0.09673977643251419,-335.4852294921875,157.38381958007812,0.27398499846458435,-335.4852294921875,157.38381958007812,-335.53998206183314,157.2870798036456,15.506295719284077,38.93786994740367
854,/yh/study/new_data/model_dataset_flight/vi/vi_000854.jpg,-341.66864013671875,173.35784912109375,-335.4852294921875,157.38381958007812,17.12904512738939,-341.66864013671875,173.35784912109375,0.0,-345.22467041015625,162.3560333251953,11.562236034283522,0.2213309109210968,-341.2231821601402,160.31317942370006,13.052273377576741,0.09702447056770325,0.0050614881329238415,-122.93815947494694,-3.429254207486047,-0.054131511598825455,-0.08355250954627991,-339.23046875,157.75350952148438,0.2628314793109894,-339.23046875,157.75350952148438,-339.2846002615988,157.6699570119381,15.793672595408305,37.8206669120118
855,/yh/study/new_data/model_dataset_flight/vi/vi_000855.jpg,-343.20819091796875,174.47422790527344,-339.23046875,157.75350952148438,17.18734118226352,-343.20819091796875,174.47422790527344,0.0,-343.3863525390625,162.59954833984375,11.876016013161323,0.23089471459388733,-341.6788910645866,160.60853391159142,13.94977519417371,0.0865585133433342,0.005187004804611206,-126.39857919528552,-3.46041694557423,-0.0529027096927166,-0.07175921648740768,-340.3909912109375,158.10000610351562,0.2773454487323761,-340.3909912109375,158.10000610351562,-340.4438939206302,158.02824688702822,16.61480525923966,36.343846935778856
856,/yh/study/new_data/model_dataset_flight/vi/vi_000856.jpg,-344.8912658691406,175.6946563720703,-340.3909912109375,158.10000610351562,18.161062470902323,-344.8912658691406,175.6946563720703,0.0,-341.8666687011719,169.66856384277344,6.742549903421716,0.26089388132095337,-341.26038070294686,164.915575631934,11.37417727541046,0.07715798169374466,0.0053841411136090755,-129.84266110312944,-3.4440853229384945,-0.05115846171975136,-0.06130940839648247,-339.3067932128906,164.22572326660156,0.23799042403697968,-339.3067932128906,164.22572326660156,-339.3579516746104,164.16441385820508,12.756283213621474,38.295366102829576
857,/yh/study/new_data/model_dataset_flight/vi/vi_000857.jpg,-346.4276428222656,176.80874633789062,-339.3067932128906,164.22572326660156,14.458179995142158,-346.4276428222656,176.80874633789062,0.0,-351.326416015625,169.84130859375,8.517227689715229,0.23130832612514496,-346.38810591960794,167.53412290487847,9.274707703795839,0.06872493773698807,0.00522775249555707,-133.3340352407865,-3.491368801571789,-0.04895630478858948,-0.05188937857747078,-346.92449951171875,167.49417114257812,0.19432540237903595,-346.92449951171875,167.49417114257812,-346.97345581650734,167.44228176400065,9.32781741025119,37.58919995743781
858,/yh/study/new_data/model_dataset_flight/vi/vi_000858.jpg,-348.1031188964844,177.86666870117188,-346.92449951171875,167.49417114257812,10.439245626824698,-348.1031188964844,177.86666870117188,0.0,-351.7224426269531,169.9632568359375,8.692722437617672,0.23294921219348907,-349.7511885106686,168.94882310473304,9.068853485150202,0.06119776889681816,0.005421853624284267,-136.84424704017448,-3.510207743963153,-0.046621207147836685,-0.04371252283453941,-351.78619384765625,169.21519470214844,0.21370524168014526,-351.78619384765625,169.21519470214844,-351.8328150548041,169.1714821793139,9.40282103688719,38.307540002278984
859,/yh/study/new_data/model_dataset_flight/vi/vi_000859.jpg,-349.77764892578125,178.9239959716797,-351.78619384765625,169.21519470214844,9.914387262682524,-349.77764892578125,178.9239959716797,0.0,-357.99169921875,175.48291015625,8.905711302561487,0.26265615224838257,-355.4421425206821,172.90779419679487,8.263242189528292,0.05444883182644844,0.005272191949188709,-140.34710955601554,-3.5028584604162196,-0.043951086699962616,-0.03642789274454117,-356.4538269042969,173.21083068847656,0.32725048065185547,-356.4538269042969,173.21083068847656,-356.49777799099684,173.17440279573202,8.78701371081293,38.59721403568983
860,/yh/study/new_data/model_dataset_flight/vi/vi_000860.jpg,-351.4521789550781,179.98135375976562,-356.4538269042969,173.21083068847656,8.417628220988476,-351.4521789550781,179.98135375976562,0.0,-361.949462890625,176.08053588867188,11.198631616717057,0.24530570209026337,-359.69155886811734,174.90150603097175,9.679474897902594,0.04844019189476967,0.005743464920669794,-143.91686694458767,-3.5697522659302665,-0.04146841540932655,-0.030220594257116318,-359.2889404296875,174.1898651123047,0.32119521498680115,-359.2889404296875,174.1898651123047,-359.3304088450968,174.15964451804757,9.74454571355641,39.96268205810338
861,/yh/study/new_data/model_dataset_flight/vi/vi_000861.jpg,-353.1844177246094,180.97923278808594,-359.2889404296875,174.1898651123047,9.1302086993539,-353.1844177246094,180.97923278808594,0.0,-361.8414306640625,178.48773193359375,9.008409934155646,0.24849727749824524,-360.7927298436398,176.7219361625251,8.718428061215892,0.043081920593976974,0.005508354399353266,-147.45181768914944,-3.534947116023763,-0.03863704949617386,-0.024660218507051468,-360.9071350097656,176.05059814453125,0.30570268630981445,-360.9071350097656,176.05059814453125,-360.9457720592618,176.0259379260242,9.161430113039042,57.06757795996964
862,/yh/study/new_data/model_dataset_flight/vi/vi_000862.jpg,-354.9168395996094,181.9772186279297,-360.9071350097656,176.05059814453125,8.426652327892551,-354.9168395996094,181.9772186279297,0.0,-361.8984069824219,178.4173583984375,7.836765147321409,0.24611687660217285,-361.4911389282735,177.44496548324068,7.985156869493335,0.03830280527472496,0.005855687893927097,-151.06841651504953,-3.616600106560561,-0.03608497977256775,-0.019945941865444183,-361.51904296875,176.3637237548828,0.28764039278030396,-361.51904296875,176.3637237548828,-361.55512794852257,176.34377781301737,8.666049504659858,37.520446931011975
863,/yh/study/new_data/model_dataset_flight/vi/vi_000863.jpg,-356.65032958984375,182.97584533691406,-361.51904296875,176.3637237548828,8.211243619665913,-356.65032958984375,182.97584533691406,0.0,-367.7513427734375,180.2154541015625,11.439066984440993,0.23000787198543549,-365.1907774751744,178.63295528522556,9.581228735559115,0.034031592309474945,0.00611538952216506,-154.69933141744997,-3.6309183174950235,-0.03353159502148628,-0.015850789844989777,-366.095458984375,177.6194610595703,0.26849931478500366,-366.095458984375,177.6194610595703,-366.1289905793965,177.60361026972532,10.858237509191516,37.18636394478381
864,/yh/study/new_data/model_dataset_flight/vi/vi_000864.jpg,-358.3006896972656,183.98841857910156,-366.095458984375,177.6194610595703,10.065885362195282,-358.3006896972656,183.98841857910156,0.0,-367.76776123046875,180.01922607421875,10.265472836435878,0.23215222358703613,-367.08068916497945,179.0332730210821,10.081758683593604,0.030206138268113136,0.005848999600857496,-158.33316964081516,-3.633835235157442,-0.030789842829108238,-0.012232123874127865,-367.7567443847656,178.10951232910156,0.27049773931503296,-367.7567443847656,178.10951232910156,-367.78753422759473,178.09728020522743,11.134563707181336,36.48641798645258
865,/yh/study/new_data/model_dataset_flight/vi/vi_000865.jpg,-359.9513244628906,185.0011749267578,-367.7567443847656,178.10951232910156,10.41247297795952,-359.9513244628906,185.0011749267578,0.0,-367.8582458496094,181.017578125,8.85372516485154,0.23347635567188263,-367.81654356686516,179.8227876631479,9.41686605009562,0.026809807866811752,0.005943756550550461,-162.00546182920755,-3.6722947497133145,-0.028324944898486137,-0.00920034758746624,-368.4730529785156,179.09974670410156,0.2715904116630554,-368.4730529785156,179.09974670410156,-368.5013779234141,179.0905463565141,10.365650580700661,37.80376398935914
866,/yh/study/new_data/model_dataset_flight/vi/vi_000866.jpg,-361.76678466796875,186.11505126953125,-368.4730529785156,179.09974670410156,9.705077681233874,-361.76678466796875,186.11505126953125,0.0,-372.0948486328125,185.6717071533203,10.33757511543606,0.24585473537445068,-370.6068194043698,182.97159092091917,9.382300203258973,0.023784229531884193,0.0061163706704974174,-165.69558081133366,-3.6901151401447008,-0.026010211557149887,-0.006632056552916765,-371.7015380859375,182.72023010253906,0.3077360987663269,-371.7015380859375,182.72023010253906,-371.72754829749465,182.71359804598615,10.49876831974589,52.694672951474786
867,/yh/study/new_data/model_dataset_flight/vi/vi_000867.jpg,-363.35491943359375,187.07640075683594,-371.7015380859375,182.72023010253906,9.415002161285459,-363.35491943359375,187.07640075683594,0.0,-372.1335144042969,186.43089294433594,8.802295723028893,0.2400120198726654,-371.95603520638815,184.9063522765213,8.870642758218175,0.02110314555466175,0.0060507021844387054,-169.42304726784138,-3.727460053205392,-0.023718535900115967,-0.004428929183632135,-372.6052551269531,184.09097290039062,0.2991563379764557,-372.6052551269531,184.09097290039062,-372.62897366285324,184.086543971207,9.720158945504858,43.736669002100825
868,/yh/study/new_data/model_dataset_flight/vi/vi_000868.jpg,-365.09765625,188.13133239746094,-372.6052551269531,184.09097290039062,8.525757782320238,-365.09765625,188.13133239746094,0.0,-375.7711181640625,186.76890563964844,10.760064865108676,0.2468913197517395,-374.47041067470536,185.66866626443917,9.690884891926348,0.018701311200857162,0.005874880589544773,-173.13592444028197,-3.7128784531010606,-0.021483654156327248,-0.0025861412286758423,-375.009521484375,185.9368133544922,0.3031198978424072,-375.009521484375,185.9368133544922,-375.0310051385313,185.9342272132635,10.151895697571181,39.46224297396839
869,/yh/study/new_data/model_dataset_flight/vi/vi_000869.jpg,-366.8424072265625,189.18746948242188,-375.009521484375,185.9368133544922,8.790251450454136,-366.8424072265625,189.18746948242188,0.0,-375.7197265625,186.81063842773438,9.190001330507886,0.24784508347511292,-375.4279359659807,186.4516239018906,9.010890898012695,0.016570813953876495,0.00610894663259387,-176.8900696156878,-3.754147309839924,-0.019596384838223457,-0.0010647086892277002,-375.5812683105469,186.55343627929688,0.3046778738498688,-375.5812683105469,186.55343627929688,-375.6008646953851,186.55237157060765,9.127202416969919,39.59261695854366
870,/yh/study/new_data/model_dataset_flight/vi/vi_000870.jpg,-368.55572509765625,190.2322540283203,-375.5812683105469,186.55343627929688,7.9304449728072255,-368.55572509765625,190.2322540283203,0.0,-375.67425537109375,189.52525329589844,7.15355319330829,0.262992262840271,-375.6360512654048,188.30427039007378,7.338129158787737,0.01468237116932869,0.005781761836260557,179.34653349030452,-3.7634005086179987,-0.017572108656167984,0.0002004210982704535,-375.7253112792969,187.8338165283203,0.30547040700912476,-375.7253112792969,187.8338165283203,-375.74288338795304,187.83401694941858,7.560123574213483,37.8829330438748
871,/yh/study/new_data/model_dataset_flight/vi/vi_000871.jpg,-370.2688903808594,191.27691650390625,-375.7253112792969,187.8338165283203,6.451935094433714,-370.2688903808594,191.27691650390625,0.0,-380.27899169921875,188.9191131591797,10.284034471753966,0.2580720782279968,-378.4080938881311,188.4732146981958,8.608564197828118,0.012994285672903061,0.005695367697626352,175.55698061424138,-3.7895524491763313,-0.015794362872838974,0.0012272397289052606,-377.4062194824219,187.92807006835938,0.29570043087005615,-377.4062194824219,187.92807006835938,-377.4220138452947,187.92929730808828,7.883922827684577,37.55347500555217
872,/yh/study/new_data/model_dataset_flight/vi/vi_000872.jpg,-371.8260803222656,192.22650146484375,-377.4062194824219,187.92807006835938,7.043753652491824,-371.8260803222656,192.22650146484375,0.0,-380.31988525390625,188.85284423828125,9.139271595652467,0.2560824751853943,-379.1227940196899,188.47289707231675,8.205582046252212,0.011495234444737434,0.005773200653493404,171.75705951101816,-3.7999155536945333,-0.014233257621526718,0.0020619335118681192,-377.88885498046875,187.8731689453125,0.29221969842910767,-377.88885498046875,187.8731689453125,-377.9030882380903,187.87523087882437,7.463828815142957,38.236962049268186
873,/yh/study/new_data/model_dataset_flight/vi/vi_000873.jpg,-373.537841796875,193.2503204345703,-377.88885498046875,187.8731689453125,6.9170133628780945,-373.537841796875,193.2503204345703,0.0,-380.2280578613281,188.78614807128906,8.042874229910025,0.2648896872997284,-379.26698700305195,188.4110469462989,7.4994448253018575,0.01016280334442854,0.005621652584522963,167.92738610377035,-3.8296776761160407,-0.012686696834862232,0.0027134499978274107,-378.7951965332031,187.76678466796875,0.30988579988479614,-378.7951965332031,187.76678466796875,-378.807883230038,187.76949811796658,7.596640265748428,38.225037045776844
874,/yh/study/new_data/model_dataset_flight/vi/vi_000874.jpg,-375.2490539550781,194.27381896972656,-378.7951965332031,187.76678466796875,7.410575051144399,-375.2490539550781,194.27381896972656,0.0,-385.6531066894531,188.25421142578125,12.019982873647502,0.2423316389322281,-382.8355068763805,188.05395019307213,9.810251552633012,0.008981135673820972,0.0052947998046875,164.08957111103186,-3.8378111507570565,-0.011183063499629498,0.0031877802684903145,-381.3824157714844,187.359130859375,0.2754749655723572,-381.3824157714844,187.359130859375,-381.393598834984,187.3623186396435,9.242891259470028,38.819367066025734
875,/yh/study/new_data/model_dataset_flight/vi/vi_000875.jpg,-376.96295166015625,195.29891967773438,-381.3824157714844,187.359130859375,9.086908688407838,-376.96295166015625,195.29891967773438,0.0,-385.6235656738281,191.95965576171875,9.28207512330156,0.22921985387802124,-383.881072275724,190.06951170769287,8.672202751820178,0.007933201268315315,0.005608677864074707,160.21272841737596,-3.876840559221802,-0.010103552602231503,0.0036349676083773375,-383.42596435546875,189.2542724609375,0.27133339643478394,-383.42596435546875,189.2542724609375,-383.436067908071,189.25790742854588,8.84919731248551,37.0165630010888
876,/yh/study/new_data/model_dataset_flight/vi/vi_000876.jpg,-379.53057861328125,196.84576416015625,-383.42596435546875,189.2542724609375,8.532571493972075,-379.53057861328125,196.84576416015625,0.0,-392.010498046875,194.6314697265625,12.674836839487726,0.22439290583133698,-388.48350804946625,192.42222672610242,9.986121815789321,0.007007851265370846,0.0055051082745194435,156.30836006136488,-3.9043670753505997,-0.00893781054764986,0.003921869210898876,-389.00189208984375,191.30068969726562,0.21806660294532776,-389.00189208984375,191.30068969726562,-389.0108299003914,191.30461156647652,10.975136890732442,36.613614996895194
877,/yh/study/new_data/model_dataset_flight/vi/vi_000877.jpg,-382.0998229980469,198.3936004638672,-389.00189208984375,191.30068969726562,9.89686520525111,-382.0998229980469,198.3936004638672,0.0,-392.0607604980469,194.5208282470703,10.687312128037622,0.22449558973312378,-390.80401217985667,193.1978214462698,10.137012819980047,0.006185778416693211,0.005268643144518137,152.411873743656,-3.896483329501112,-0.007817250676453114,0.004084697458893061,-393.36944580078125,192.09263610839844,0.24340999126434326,-393.36944580078125,192.09263610839844,-393.3772630514577,192.09672080585733,12.91148906690465,38.12159295193851
878,/yh/study/new_data/model_dataset_flight/vi/vi_000878.jpg,-383.7599182128906,199.38453674316406,-393.36944580078125,192.09263610839844,12.0629530103423,-383.7599182128906,199.38453674316406,0.0,-392.0339050292969,194.41815185546875,9.650069258341766,0.2249704897403717,-392.58261729620455,193.46270441084582,10.625823134552826,0.005455833859741688,0.005101339425891638,148.51221821817225,-3.8996640632202224,-0.0068275583907961845,0.004181931260973215,-394.9236755371094,192.2867431640625,0.2581101059913635,-394.9236755371094,192.2867431640625,-394.93050309550017,192.29092509532347,13.229064641371405,37.109452998265624
879,/yh/study/new_data/model_dataset_flight/vi/vi_000879.jpg,-385.42144775390625,200.3763427734375,-394.9236755371094,192.2867431640625,12.479341115775204,-385.42144775390625,200.3763427734375,0.0,-397.18359375,200.229736328125,11.76305963103271,0.2337203025817871,-396.255097314625,196.9663258219516,11.357648454406517,0.004809509497135878,0.004591468721628189,144.60414789963104,-3.908073733635801,-0.005791979841887951,0.004115514922887087,-398.0995178222656,196.28515625,0.2656508684158325,-398.0995178222656,196.28515625,-398.1053098021075,196.2892717649229,13.321834251625656,45.709975995123386
880,/yh/study/new_data/model_dataset_flight/vi/vi_000880.jpg,-387.2469177246094,201.4660186767578,-398.0995178222656,196.28515625,12.02581657787276,-387.2469177246094,201.4660186767578,0.0,-397.051025390625,200.56849670410156,9.845104002407853,0.23199540376663208,-397.4818026991767,198.8086691490841,10.574231743008632,0.004237203858792782,0.00448506698012352,140.67566897584982,-3.9284831926494452,-0.005012538284063339,0.004106271080672741,-398.8746032714844,198.266845703125,0.27805376052856445,-398.8746032714844,198.266845703125,-398.87961580976844,198.27095197420567,12.05975865812531,53.081420017406344
881,/yh/study/new_data/model_dataset_flight/vi/vi_000881.jpg,-388.8319396972656,202.5543670654297,-398.8746032714844,198.266845703125,10.91961222283828,-388.8319396972656,202.5543670654297,0.0,-400.5877685546875,199.8427276611328,12.06451409647021,0.23903518915176392,-399.883907746987,199.19527025659673,11.55117003351496,0.0037309289909899235,0.004365299828350544,136.73956756095487,-3.936096719139894,-0.0043065412901341915,0.0040526678785681725,-400.9732971191406,198.61544799804688,0.2980651259422302,-400.9732971191406,198.61544799804688,-400.97760366043076,198.61950066592544,12.7643113196565,55.0590620841831
882,/yh/study/new_data/model_dataset_flight/vi/vi_000882.jpg,-390.573974609375,203.75054931640625,-400.9732971191406,198.61544799804688,11.598067693022584,-390.573974609375,203.75054931640625,0.0,-400.6770935058594,199.69842529296875,10.885436166631955,0.24065735936164856,-400.7987899449199,199.25347974043,11.170070877893552,0.0032846787944436073,0.004663295112550259,132.77793489894242,-3.961637784654333,-0.0038143768906593323,0.004122335463762283,-401.4853515625,198.72618103027344,0.30307111144065857,-401.4853515625,198.72618103027344,-401.48916593939066,198.7303033657372,12.012594377897083,38.24124799575657
883,/yh/study/new_data/model_dataset_flight/vi/vi_000883.jpg,-392.15911865234375,204.8389892578125,-401.4853515625,198.72618103027344,11.151010928214122,-392.15911865234375,204.8389892578125,0.0,-397.5460205078125,212.32846069335938,9.225556567726699,0.26444724202156067,-399.16451042535726,206.73990969708487,7.258719750055714,0.0028887705411762,0.00394839234650135,128.81623393503827,-3.961694560601809,-0.0030482274014502764,0.0037890311796218157,-400.3997497558594,206.15380859375,0.3093385696411133,-400.3997497558594,206.15380859375,-400.4027979832608,206.15759762492962,8.344863741870462,38.48061093594879
884,/yh/study/new_data/model_dataset_flight/vi/vi_000884.jpg,-393.6463928222656,206.11888122558594,-400.3997497558594,206.15380859375,6.753447252593719,-393.6463928222656,206.11888122558594,0.0,-399.61663818359375,212.51583862304688,8.75013677718184,0.27014169096946716,-399.9383827047902,209.9019731432006,7.341724670601083,0.0025381415616720915,0.0037327196914702654,124.84931470660821,-3.9669222166378075,-0.0025168207939714193,0.0036145879421383142,-400.6974182128906,210.1013641357422,0.3010225296020508,-400.6974182128906,210.1013641357422,-400.6999350336846,210.10497872368433,8.09797068338266,37.89589600637555
885,/yh/study/new_data/model_dataset_flight/vi/vi_000885.jpg,-395.1337890625,207.39883422851562,-400.6974182128906,210.1013641357422,6.185275840456133,-395.1337890625,207.39883422851562,0.0,-399.5508728027344,212.5265350341797,6.7678611333752094,0.26913732290267944,-400.0219355696316,211.53014387208796,6.400132470992804,0.0022305501624941826,0.0033927641343325377,120.85753358959933,-3.991776848140661,-0.0020141436252743006,0.0033710566349327564,-400.7207336425781,211.60256958007812,0.30896979570388794,-400.7207336425781,211.60256958007812,-400.7227477862034,211.60594063671306,6.991805249493197,37.46022202540189
886,/yh/study/new_data/model_dataset_flight/vi/vi_000886.jpg,-396.6219787597656,208.6795196533203,-400.7207336425781,211.60256958007812,5.034283709098859,-396.6219787597656,208.6795196533203,0.0,-399.52838134765625,212.36978149414062,4.697361861376217,0.26851725578308105,-400.0182640563451,212.05456941110108,4.788080480031439,0.0019598454236984253,0.003434249199926853,116.8559443209423,-4.00158926865703,-0.0016610670136287808,0.0032803909853100777,-400.69415283203125,211.89698791503906,0.3150019645690918,-400.69415283203125,211.89698791503906,-400.6958138990449,211.90026830602437,5.189865478988822,37.69131796434522
887,/yh/study/new_data/model_dataset_flight/vi/vi_000887.jpg,-398.0214538574219,209.94296264648438,-400.69415283203125,211.89698791503906,3.31082082859043,-398.0214538574219,209.94296264648438,0.0,-401.2769775390625,215.72567749023438,6.636130303561671,0.2892516851425171,-401.0375216774122,214.15264506700385,5.178618655241171,0.001721097039990127,0.003315613605082035,112.83077723927038,-4.025164093464152,-0.0013110509607940912,0.003114183433353901,-401.2716064453125,214.34361267089844,0.3271363079547882,-401.2716064453125,214.34361267089844,-401.2729174962733,214.3467268543318,5.470759771909896,37.74784307461232
888,/yh/study/new_data/model_dataset_flight/vi/vi_000888.jpg,-399.560546875,211.3324737548828,-401.2716064453125,214.34361267089844,3.463334004207759,-399.560546875,211.3324737548828,0.0,-401.1822509765625,215.7169189453125,4.6747495998081705,0.2808552384376526,-401.2189630282387,215.15269057049863,4.164660929251859,0.0015107381623238325,0.0027627618983387947,108.8235735551156,-4.007206672362543,-0.0009331571054644883,0.0027374387718737125,-401.281005859375,214.76358032226562,0.3250783085823059,-401.281005859375,214.76358032226562,-401.28193901648046,214.7663177610375,3.838290165380169,39.791528950445354
889,/yh/study/new_data/model_dataset_flight/vi/vi_000889.jpg,-400.9622802734375,212.59796142578125,-401.281005859375,214.76358032226562,2.188947510549626,-400.9622802734375,212.59796142578125,0.0,-400.88446044921875,215.6636962890625,3.066722383421679,0.2799612879753113,-401.04738271680094,215.2938800444622,2.69726150464079,0.001326139783486724,0.00265786936506629,104.78723911415071,-4.036333160304416,-0.0006776556838303804,0.0025671389885246754,-401.1213684082031,214.74307250976562,0.3234650194644928,-401.1213684082031,214.74307250976562,-401.12204606388696,214.74563964875415,2.151002230881183,40.141229052096605
890,/yh/study/new_data/model_dataset_flight/vi/vi_000890.jpg,-402.49005126953125,214.03440856933594,-401.1213684082031,214.74307250976562,1.5412648556814221,-402.49005126953125,214.03440856933594,0.0,-400.53607177734375,219.82122802734375,6.107807732359226,0.23268471658229828,-400.7765432387843,217.7348475249626,4.077911013711986,0.0011639832518994808,0.0027105368208140135,100.73591923814682,-4.051319876003893,-0.00046929274685680866,0.002475155284628272,-401.0094909667969,215.9116973876953,0.32604843378067017,-401.0094909667969,215.9116973876953,-401.00996025954373,215.91417254297994,2.39087266862333,42.657963931560516
891,/yh/study/new_data/model_dataset_flight/vi/vi_000891.jpg,-403.88134765625,215.342529296875,-401.0094909667969,215.9116973876953,2.9277146651210226,-403.88134765625,215.342529296875,0.0,-403.3143310546875,219.76181030273438,4.455508100676839,0.26151043176651,-402.3673782873223,218.17997601465524,3.216085683916577,0.001021293574012816,0.002364615211263299,96.70547925043566,-4.030438707050695,-0.000257305073319003,0.0021885274909436703,-401.86688232421875,216.12648010253906,0.32560741901397705,-401.86688232421875,216.12648010253906,-401.86713962929207,216.12866863003,2.161631198807305,39.05548597685993
892,/yh/study/new_data/model_dataset_flight/vi/vi_000892.jpg,-405.2719421386719,216.64999389648438,-401.86688232421875,216.12648010253906,3.4450687993789857,-405.2719421386719,216.64999389648438,0.0,-403.425048828125,219.79446411132812,3.646739342561008,0.25766944885253906,-402.78486988875216,218.28745821273108,2.9777202291857496,0.0008962557185441256,0.0020382157526910305,92.66607122434426,-4.03941058741233,-8.909300959203392e-05,0.001913290354423225,-402.925537109375,216.2211151123047,0.33837631344795227,-402.925537109375,216.2211151123047,-402.9256262023846,216.2230284026591,2.3852785105788206,48.44175197649747
893,/yh/study/new_data/model_dataset_flight/vi/vi_000893.jpg,-406.6560363769531,217.98985290527344,-402.925537109375,216.2211151123047,4.128566114969808,-406.6560363769531,217.98985290527344,0.0,-403.63861083984375,219.88583374023438,3.5636498423019867,0.25049421191215515,-403.345641646037,218.38016943642194,3.333325707002704,0.6297986507415771,0.002016795799136162,88.63136919859102,-4.034699464432314,0.015066727064549923,0.6306270956993103,-403.1814270019531,216.25860595703125,0.3299230635166168,-403.1814270019531,216.25860595703125,-403.1663602748886,216.88923305273056,3.882026056666258,50.96264905296266
894,/yh/study/new_data/model_dataset_flight/vi/vi_000894.jpg,-408.0395202636719,219.3291473388672,-403.1814270019531,216.25860595703125,5.747111841362066,-408.0395202636719,219.3291473388672,0.0,-407.4473876953125,225.46092224121094,6.160299053741188,0.3051774501800537,-405.69470068449914,221.68011379499507,3.320424993387184,0.5702974796295166,0.0014024068368598819,84.59034241766632,-4.041028061585154,0.053831540048122406,0.5684555172920227,-404.5843505859375,219.34075927734375,0.2745964229106903,-404.5843505859375,219.34075927734375,-404.5305190458894,219.90921479463577,3.455189190051718,39.58380001131445
895,/yh/study/new_data/model_dataset_flight/vi/vi_000895.jpg,-409.5611877441406,220.80221557617188,-404.5843505859375,219.34075927734375,5.1869801052882165,-409.5611877441406,220.80221557617188,0.0,-408.98211669921875,225.6072540283203,4.839805554120121,0.27114337682724,-407.1752769045292,223.03263959962578,3.2660927511287268,0.5152806639671326,0.0012103701010346413,80.57093318546474,-4.0194075246543015,0.08451573550701141,0.5089157819747925,-405.9139099121094,220.81166076660156,0.250114381313324,-405.9139099121094,220.81166076660156,-405.82939417660236,221.32057654857635,3.6472900619019635,37.50004095491022
896,/yh/study/new_data/model_dataset_flight/vi/vi_000896.jpg,-411.035400390625,222.30255126953125,-405.9139099121094,220.81166076660156,5.3340809155141375,-411.035400390625,222.30255126953125,0.0,-408.22509765625,225.60952758789062,4.339803432072164,0.28505876660346985,-407.2755369289297,223.63830481727862,3.990089070548575,0.4644051194190979,0.0009512046817690134,76.52095885672733,-4.049972621190109,0.10835888981819153,0.452075719833374,-405.9844970703125,222.73672485351562,0.2411469668149948,-405.9844970703125,222.73672485351562,-405.8761381804943,223.188800573349,5.069529667747657,37.23003901541233
897,/yh/study/new_data/model_dataset_flight/vi/vi_000897.jpg,-412.3760070800781,223.66693115234375,-405.9844970703125,222.73672485351562,6.458845404816072,-412.3760070800781,223.66693115234375,0.0,-415.5137939453125,229.05551147460938,6.235583717756155,0.2101999819278717,-411.5986442157344,226.45941272195748,2.8986628537125583,0.4174862802028656,0.0012718082871288061,72.47913294366975,-4.041824632397106,0.1258769929409027,0.39872437715530396,-411.13787841796875,224.9041748046875,0.2893352806568146,-411.13787841796875,224.9041748046875,-411.01200142502785,225.3028991818428,1.7503526613804583,38.287650095298886
898,/yh/study/new_data/model_dataset_flight/vi/vi_000898.jpg,-413.7176513671875,225.0323486328125,-411.13787841796875,224.9041748046875,2.582955090538166,-413.7176513671875,225.0323486328125,0.0,-412.88861083984375,228.62298583984375,3.685102949511123,0.23559965193271637,-412.1693154229857,227.09509745420206,2.579200825110635,0.37436553835868835,0.0009001782163977623,68.43064076598225,-4.048496873442562,0.1377924531698227,0.34856849908828735,-412.314697265625,225.2135009765625,0.3356921076774597,-412.314697265625,225.2135009765625,-412.1769048124552,225.5620694756508,1.4146011390979296,36.99430904816836
899,/yh/study/new_data/model_dataset_flight/vi/vi_000899.jpg,-415.0327453613281,226.4407501220703,-412.314697265625,225.2135009765625,2.9822685854404596,-415.0327453613281,226.4407501220703,0.0,-414.9339904785156,229.00462341308594,2.565774498911119,0.21669980883598328,-413.85784338721885,227.447025599013,1.54692759502896,0.33517664670944214,0.0009360290132462978,64.39880741968041,-4.031834200075493,0.1450335830450058,0.3026922643184662,-413.2723693847656,225.4636993408203,0.34614747762680054,-413.2723693847656,225.4636993408203,-413.1273358017206,225.76639160513878,2.013343440151136,57.74842400569469
900,/yh/study/new_data/model_dataset_flight/vi/vi_000900.jpg,-416.3580017089844,227.86004638671875,-413.2723693847656,225.4636993408203,3.9068665199427755,-416.3580017089844,227.86004638671875,0.0,-415.1548156738281,229.28207397460938,1.8627450431868142,0.21098212897777557,-414.3814050879009,227.71327948630594,1.9820380232315173,0.2995184063911438,0.0004513021558523178,60.38644011251309,-4.012374991130127,0.1481178253889084,0.26059091091156006,-413.3943786621094,225.60598754882812,0.33259159326553345,-413.3943786621094,225.60598754882812,-413.24626083672047,225.86657845973969,3.7234181619368907,39.099962916225195
901,/yh/study/new_data/model_dataset_flight/vi/vi_000901.jpg,-417.8026428222656,229.40721130371094,-413.3943786621094,225.60598754882812,5.8208328390706665,-417.8026428222656,229.40721130371094,0.0,-426.22119140625,237.223876953125,11.487916353091848,0.30010315775871277,-420.9512440947836,232.45062063042266,4.379044450929639,0.2672129273414612,0.00017609191127121449,56.394949278543926,-3.9914946759505745,0.1479417085647583,0.22262760996818542,-422.4747009277344,231.8229217529297,0.20142415165901184,-422.4747009277344,231.8229217529297,-422.3267592191696,232.04554936289787,5.259637241801083,35.696920938789845
902,/yh/study/new_data/model_dataset_flight/vi/vi_000902.jpg,-419.09088134765625,230.8329620361328,-422.4747009277344,231.8229217529297,3.5256567035661095,-419.09088134765625,230.8329620361328,0.0,-424.8266296386719,237.1045684814453,8.498932630793938,0.27141883969306946,-423.8603303222164,234.9345828012715,6.290543412293528,0.2380363792181015,0.00039562839083373547,52.39339757592733,-4.001554263937534,0.1453791856765747,0.18873374164104462,-426.540283203125,236.63790893554688,0.2633722424507141,-426.540283203125,236.63790893554688,-426.3949040174484,236.82664267718792,9.444098501671728,34.68450903892517
903,/yh/study/new_data/model_dataset_flight/vi/vi_000903.jpg,-420.38153076171875,232.2613983154297,-426.540283203125,236.63790893554688,7.555400508412904,-420.38153076171875,232.2613983154297,0.0,-425.96099853515625,237.10018920898438,7.385415218278211,0.30507367849349976,-426.19899995760085,236.9102595099437,7.446801880733457,0.2118784636259079,-6.521819159388542e-06,48.45086553792881,-3.942535026206277,0.14052878320217133,0.1585647016763687,-428.08489990234375,237.86842346191406,0.3471607267856598,-428.08489990234375,237.86842346191406,-427.9443711191416,238.02698816359043,9.527886812407129,36.1524720210582
904,/yh/study/new_data/model_dataset_flight/vi/vi_000904.jpg,-421.7957458496094,233.8265838623047,-428.08489990234375,237.86842346191406,7.47595653063845,-421.7957458496094,233.8265838623047,0.0,-426.1350402832031,241.23880004882812,8.588971124481544,0.2816660702228546,-426.9361479053847,239.8540673496663,7.9217605672878175,0.18820971250534058,-0.00011870614252984524,44.493843253606116,-3.9570265531909286,0.13421250879764557,0.13186191022396088,-428.40789794921875,240.2267303466797,0.3548130989074707,-428.40789794921875,240.2267303466797,-428.2736854404211,240.35859225690365,9.202305711604366,44.10792398266494
905,/yh/study/new_data/model_dataset_flight/vi/vi_000905.jpg,-423.7689208984375,236.0883026123047,-428.40789794921875,240.2267303466797,6.216646378098026,-423.7689208984375,236.0883026123047,0.0,-417.9276123046875,236.4012451171875,5.849685384598041,0.2687046229839325,-422.23347957331407,237.97296102217146,2.4309498935145384,0.16707082092761993,-5.483999848365784e-05,40.544815705706924,-3.949027547899197,0.1269359141588211,0.10858533531427383,-424.4385681152344,240.10675048828125,0.2727513611316681,-424.4385681152344,240.10675048828125,-424.31163220107555,240.21533582359552,4.07386189345004,50.43797905091196
906,/yh/study/new_data/model_dataset_flight/vi/vi_000906.jpg,-425.7581787109375,238.36842346191406,-424.4385681152344,240.10675048828125,2.182464885144901,-425.7581787109375,238.36842346191406,0.0,-418.4095458984375,242.6295928955078,8.494702417080033,0.39167171716690063,-420.886593786791,241.59307300343326,5.842148948699545,0.14834801852703094,-0.0008766539394855499,36.69453561773318,-3.8502792342000918,0.1185988187789917,0.08838323503732681,-419.91571044921875,241.86119079589844,0.3775101602077484,-419.91571044921875,241.86119079589844,-419.79711163043976,241.94957403093576,6.80689790128655,43.9120369264856
907,/yh/study/new_data/model_dataset_flight/vi/vi_000907.jpg,-427.0047607421875,239.90916442871094,-419.91571044921875,241.86119079589844,7.352893375701537,-427.0047607421875,239.90916442871094,0.0,-423.4001159667969,239.677490234375,3.612082071198291,0.2609041631221771,-421.96853402546014,240.57467234288478,5.080007906106684,0.1315125972032547,-0.0010416880249977112,32.802676753186994,-3.8918588645461907,0.11010397970676422,0.07096445560455322,-421.22955322265625,241.281494140625,0.3416522443294525,-421.22955322265625,241.281494140625,-421.1194492429495,241.35245859622955,5.936018087224165,49.894607975147665
908,/yh/study/new_data/model_dataset_flight/vi/vi_000908.jpg,-428.25006103515625,241.4483184814453,-421.22955322265625,241.281494140625,7.02248960882561,-428.25006103515625,241.4483184814453,0.0,-423.86962890625,240.8505096435547,4.421036195578394,0.27469468116760254,-422.78494325375397,241.0275813477204,5.481289273546369,0.1163334771990776,-0.0009031509980559349,28.929983399451856,-3.8726924999614885,0.10142117738723755,0.05605676397681236,-423.25042724609375,241.41209411621094,0.3196822702884674,-423.25042724609375,241.41209411621094,-423.1490060687065,241.46815088018775,4.999765017415527,46.55210697092116
909,/yh/study/new_data/model_dataset_flight/vi/vi_000909.jpg,-429.4959411621094,242.98818969726562,-423.25042724609375,241.41209411621094,6.441313635879326,-429.4959411621094,242.98818969726562,0.0,-422.222412109375,242.54550170898438,7.286988234925285,0.31214866042137146,-422.6447762394176,242.0798366668982,6.911119014002013,0.10296035557985306,-0.0009851190261542797,25.06812101819307,-3.8618628081456103,0.0928158089518547,0.043415144085884094,-421.0577087402344,242.28140258789062,0.36778104305267334,-421.0577087402344,242.28140258789062,-420.9648929312825,242.3248177319765,8.467780962186085,51.09419394284487
910,/yh/study/new_data/model_dataset_flight/vi/vi_000910.jpg,-430.7725524902344,244.4873504638672,-421.0577087402344,242.28140258789062,9.962148117672191,-430.7725524902344,244.4873504638672,0.0,-423.86822509765625,242.2598876953125,7.254745145709942,0.29242825508117676,-422.7135132127109,242.26872717496815,8.358851797628152,0.09093703329563141,-0.0011497135274112225,21.232660733170967,-3.8354594312484567,0.08422816544771194,0.03272520378232002,-422.9607849121094,242.0464324951172,0.33198311924934387,-422.9607849121094,242.0464324951172,-422.87655674666166,242.0791576988995,8.184240540502921,46.76605702843517
911,/yh/study/new_data/model_dataset_flight/vi/vi_000911.jpg,-432.04913330078125,245.98646545410156,-422.9607849121094,242.0464324951172,9.905651727764198,-432.04913330078125,245.98646545410156,0.0,-429.0734558105469,242.09396362304688,4.899614988001776,0.35607263445854187,-426.56204052682295,242.07443526905587,6.738855042122066,0.0803058072924614,-0.001027792226523161,17.40373864673186,-3.8289220864391083,0.07613909989595413,0.02386600337922573,-428.2938232421875,241.49127197265625,0.3649396300315857,-428.2938232421875,241.49127197265625,-428.21768414229155,241.51513797603548,5.857398575460254,48.96254895720631
912,/yh/study/new_data/model_dataset_flight/vi/vi_000912.jpg,-433.32562255859375,247.48548889160156,-428.2938232421875,241.49127197265625,7.8262149748110446,-433.32562255859375,247.48548889160156,0.0,-429.9073181152344,241.7563934326172,6.67138216905956,0.364436537027359,-429.2444072941372,241.64746722054852,7.1231183526962445,0.0709313303232193,-0.001834833063185215,13.631279172840308,-3.772458193231082,0.06804179400205612,0.01650036685168743,-430.3855895996094,240.47776794433594,0.39007171988487244,-430.3855895996094,240.47776794433594,-430.3175478056073,240.49426831118762,7.599470157495182,46.26565903890878
913,/yh/study/new_data/model_dataset_flight/vi/vi_000913.jpg,-434.60565185546875,248.9586944580078,-430.3855895996094,240.47776794433594,9.472858067850035,-434.60565185546875,248.9586944580078,0.0,-429.89874267578125,242.23538208007812,8.207187298767405,0.33994248509407043,-430.09876568137906,241.51325928355715,8.703248124875447,0.06254711002111435,-0.0014106188900768757,9.860255746221753,-3.7710238535053793,0.06092829629778862,0.010590143501758575,-430.7834777832031,240.5833740234375,0.393688440322876,-430.7834777832031,240.5833740234375,-430.72254948690534,240.59396416693926,9.206248259765246,46.94194998592138
914,/yh/study/new_data/model_dataset_flight/vi/vi_000914.jpg,-435.8853759765625,250.43153381347656,-430.7834777832031,240.5833740234375,11.09124052689986,-435.8853759765625,250.43153381347656,0.0,-431.9191589355469,241.16546630859375,10.079230358588296,0.37586861848831177,-431.45255979241904,240.92631136539978,10.488046200786252,0.05518961325287819,-0.0017685601487755775,6.117726161273197,-3.742530011835379,0.05399606376886368,0.005787411704659462,-431.86822509765625,240.02395629882812,0.4343961775302887,-431.86822509765625,240.02395629882812,-431.8142290338874,240.02974371053278,11.155947781668441,44.81589503120631
915,/yh/study/new_data/model_dataset_flight/vi/vi_000915.jpg,-437.16552734375,251.90487670898438,-431.86822509765625,240.02395629882812,13.008369647228559,-437.16552734375,251.90487670898438,0.0,-431.27783203125,242.0731201171875,11.459860111413915,0.35193049907684326,-431.52039738361606,241.2312129676308,12.074543052649569,0.04867158457636833,-0.0010128575377166271,2.363532961099787,-3.7541934136168216,0.04812418296933174,0.0019863182678818703,-431.26470947265625,240.59097290039062,0.42809465527534485,-431.26470947265625,240.59097290039062,-431.2165852896869,240.5929592186585,12.760253560879248,46.69562401250005
916,/yh/study/new_data/model_dataset_flight/vi/vi_000916.jpg,-438.4551086425781,253.4366912841797,-431.26470947265625,240.59097290039062,14.721220092724295,-438.4551086425781,253.4366912841797,0.0,-431.8103942871094,244.1239776611328,11.440230062837694,0.3616838753223419,-431.5861974988504,242.67242852638955,12.769153966460513,0.04291048273444176,-0.0015660449862480164,-1.3283879103067358,-3.691920871406523,0.04211613908410072,-0.0009766268776729703,-431.8173828125,241.4420928955078,0.414536714553833,-431.8173828125,241.4420928955078,-431.7752666734159,241.44111626863014,13.708748837906992,47.90402203798294
917,/yh/study/new_data/model_dataset_flight/vi/vi_000917.jpg,-439.7456970214844,254.9696807861328,-431.8173828125,241.4420928955078,15.679725773589526,-439.7456970214844,254.9696807861328,0.0,-431.30780029296875,244.81910705566406,13.19970637017267,0.3479599952697754,-431.51716430898284,243.43164728299146,14.17162544383389,0.037818435579538345,-0.0010301154106855392,-5.023067110920886,-3.6946789871707386,0.03716011717915535,-0.0032661643344908953,-431.28778076171875,242.20034790039062,0.42297205328941345,-431.28778076171875,242.20034790039062,-431.2506206445396,242.19708173605613,15.316403292029909,47.28921805508435
918,/yh/study/new_data/model_dataset_flight/vi/vi_000918.jpg,-441.0360412597656,256.50238037109375,-431.28778076171875,242.20034790039062,17.308284592380254,-441.0360412597656,256.50238037109375,0.0,-435.34185791015625,243.22698974609375,14.4450586798845,0.39266297221183777,-433.6762241011147,242.80518983815688,15.54927448803795,0.03332671523094177,-0.001591057050973177,-8.700920780844944,-3.6778536699240587,0.032156802713871,-0.004921210929751396,-433.01934814453125,241.3669891357422,0.42100948095321655,-433.01934814453125,241.3669891357422,-432.9871913418174,241.36206792481244,17.127388486018617,48.95812994800508
919,/yh/study/new_data/model_dataset_flight/vi/vi_000919.jpg,-442.3226013183594,258.0457458496094,-433.01934814453125,241.3669891357422,19.097943479252233,-442.3226013183594,258.0457458496094,0.0,-435.9858093261719,249.7494354248047,10.439525823377926,0.31367650628089905,-434.7670268865594,246.30547384481392,13.96140006378492,0.029363466426730156,-0.001390253659337759,-12.34558912291285,-3.6446687689547286,0.028005408123135567,-0.006129513029009104,-433.38775634765625,242.7433319091797,0.3906749486923218,-433.38775634765625,242.7433319091797,-433.3597509395331,242.73720239615068,17.719913291400605,47.014335985295475
920,/yh/study/new_data/model_dataset_flight/vi/vi_000920.jpg,-443.60980224609375,259.5898742675781,-433.38775634765625,242.7433319091797,19.70523310653989,-443.60980224609375,259.5898742675781,0.0,-436.6128845214844,251.08128356933594,11.016032557829806,0.2871052920818329,-435.2878277136999,247.6556027855692,14.549298812111298,0.02588186413049698,-0.0015063448809087276,-15.972600572202627,-3.627014010610715,0.02415855973958969,-0.006914854049682617,-434.1695556640625,243.6927032470703,0.33984383940696716,-434.1695556640625,243.6927032470703,-434.1453971043229,243.68578839302063,18.488869678399112,49.9913590028882
921,/yh/study/new_data/model_dataset_flight/vi/vi_000921.jpg,-444.8963623046875,261.1332702636719,-434.1695556640625,243.6927032470703,20.475296299832316,-444.8963623046875,261.1332702636719,0.0,-436.7471923828125,252.13760375976562,12.137997621728763,0.2743995189666748,-435.68816002872137,248.66798261223545,15.497560627020023,0.022802134975790977,-0.0013388250954449177,-19.582661199519723,-3.6100584928829815,0.02085254155099392,-0.007418146822601557,-435.2482604980469,244.26666259765625,0.3042159378528595,-435.2482604980469,244.26666259765625,-435.2274079564959,244.25924445083365,19.43111737987806,54.21248497441411
922,/yh/study/new_data/model_dataset_flight/vi/vi_000922.jpg,-446.21337890625,262.6949768066406,-435.2482604980469,244.26666259765625,21.443800649394465,-446.21337890625,262.6949768066406,0.0,-443.9325256347656,257.197509765625,5.951843034984547,0.31675273180007935,-440.36456057421555,251.88481949508613,12.29097949643141,0.02009342610836029,-0.0014233998954296112,-23.18404577904361,-3.601383725750242,0.017816554754972458,-0.0076303137466311455,-442.20123291015625,248.8887176513672,0.2013721615076065,-442.20123291015625,248.8887176513672,-442.1834163554013,248.88108733762056,14.377416574494276,50.09402695577592
923,/yh/study/new_data/model_dataset_flight/vi/vi_000923.jpg,-447.5318603515625,264.2584228515625,-442.20123291015625,248.8887176513672,16.267864852523953,-447.5318603515625,264.2584228515625,0.0,-443.8194274902344,256.69061279296875,8.429347948259204,0.3100268840789795,-443.1545857757089,253.48517297358669,11.628561632709369,0.017700834199786186,-0.001044485718011856,-26.77510823518432,-3.5910628830275297,0.015336730517446995,-0.007738778833299875,-445.65838623046875,252.2452850341797,0.22837162017822266,-445.65838623046875,252.2452850341797,-445.6430494999513,252.2375462553464,12.158346330888962,54.16577402502298
924,/yh/study/new_data/model_dataset_flight/vi/vi_000924.jpg,-448.8486022949219,265.81982421875,-445.65838623046875,252.2452850341797,13.944374945164435,-448.8486022949219,265.81982421875,0.0,-443.40716552734375,255.69482421875,11.494557803393356,0.3152366876602173,-444.3320885560494,254.27756724976302,12.394458128193907,0.01560532208532095,-0.0010508261620998383,-30.306898309707652,-3.531789007306278,0.013019010424613953,-0.007609798107296228,-446.9644470214844,252.56777954101562,0.2509974241256714,-446.9644470214844,252.56777954101562,-446.95142801105976,252.56016974290833,13.385317674044584,46.60355090163648
925,/yh/study/new_data/model_dataset_flight/vi/vi_000925.jpg,-450.1956481933594,267.3493347167969,-446.9644470214844,252.56777954101562,15.13059927523665,-450.1956481933594,267.3493347167969,0.0,-448.4458923339844,258.2015380859375,9.313636710060107,0.4468977451324463,-447.8372346029155,255.8868858578675,11.702557349022555,0.013756372965872288,-0.00048042298294603825,-33.86294067842641,-3.556041301501701,0.011223454028367996,-0.007531315088272095,-449.5009460449219,254.080078125,0.32566139101982117,-449.5009460449219,254.080078125,-449.4897225908935,254.07254680991173,13.287429456971296,49.40705606713891
926,/yh/study/new_data/model_dataset_flight/vi/vi_000926.jpg,-451.4228210449219,268.7427062988281,-449.5009460449219,254.080078125,14.788044782173312,-451.4228210449219,268.7427062988281,0.0,-448.465576171875,258.46771240234375,10.692090385511769,0.4449458718299866,-448.8909620247502,256.6650353129672,12.340196373669752,0.012122423388063908,-0.00037132203578948975,-37.3964263474112,-3.5334871630886724,0.00948319025337696,-0.0072495099157094955,-450.09429931640625,254.85165405273438,0.36165130138397217,-450.09429931640625,254.85165405273438,-450.0848161261529,254.84440454281867,13.954436659602004,45.46938603743911
927,/yh/study/new_data/model_dataset_flight/vi/vi_000927.jpg,-452.7701721191406,270.2725830078125,-450.09429931640625,254.85165405273438,15.651368792983584,-452.7701721191406,270.2725830078125,0.0,-448.3528137207031,258.9751281738281,12.130356175568929,0.43721213936805725,-449.06831004204963,257.28098234104624,13.508718322717591,0.010695066303014755,-0.00018669338896870613,-40.916548751284864,-3.5201230442038964,0.008011342026293278,-0.00694369338452816,-449.9420471191406,256.05780029296875,0.37897396087646484,-449.9420471191406,256.05780029296875,-449.93403577711433,256.0508565995842,14.493389480927009,50.230736029334366
928,/yh/study/new_data/model_dataset_flight/vi/vi_000928.jpg,-454.0604553222656,271.7755432128906,-449.9420471191406,256.05780029296875,16.248345411897223,-454.0604553222656,271.7755432128906,0.0,-447.3507385253906,261.6593322753906,12.139111302985121,0.5201183557510376,-448.41538802400055,259.3579204594006,13.640532967957492,0.009438981302082539,-0.00037774117663502693,-44.408319039913806,-3.49177050207235,0.006608011666685343,-0.006472923327237368,-449.5516662597656,257.2378234863281,0.3776719868183136,-449.5516662597656,257.2378234863281,-449.54505824809894,257.2313505630009,15.220856534972139,45.26146303396672
929,/yh/study/new_data/model_dataset_flight/vi/vi_000929.jpg,-455.35009765625,273.2777099609375,-449.5516662597656,257.2378234863281,17.05578390980879,-455.35009765625,273.2777099609375,0.0,-450.6153259277344,260.891357421875,13.260459741015426,0.49613264203071594,-450.1783170994822,259.3902883936566,14.819169744447247,0.008329901844263077,-1.634354703128338e-05,-47.88819113900858,-3.4798710318777184,0.0055803824216127396,-0.006173373199999332,-451.26788330078125,256.54168701171875,0.42078888416290283,-451.26788330078125,256.54168701171875,-451.26230291835964,256.53551363851875,17.22669260771701,46.00767092779279
930,/yh/study/new_data/model_dataset_flight/vi/vi_000930.jpg,-456.6407165527344,274.7810363769531,-451.26788330078125,256.54168701171875,19.014236835076204,-456.6407165527344,274.7810363769531,0.0,-453.0121765136719,260.979248046875,14.27079759240388,0.315589040517807,-452.295526671576,259.15605834938975,16.21791026813132,0.00735198799520731,0.000374392606317997,-51.366663049323506,-3.478468495220339,0.004706970881670713,-0.0058892895467579365,-452.0929260253906,256.6351318359375,0.40689122676849365,-452.0929260253906,256.6351318359375,-452.08821905450895,256.62924254639074,18.707117637205606,37.312209024094045
931,/yh/study/new_data/model_dataset_flight/vi/vi_000931.jpg,-457.9073181152344,276.27301025390625,-452.0929260253906,256.6351318359375,20.480562104916956,-457.9073181152344,276.27301025390625,0.0,-453.94647216796875,266.13861083984375,10.88091687780588,0.2870487570762634,-453.1849353227988,262.2340684858524,14.811913624008838,0.006492005195468664,0.0005605204496532679,-54.798488182701824,-3.431823425831029,0.003903898410499096,-0.005533819552510977,-451.30633544921875,259.1469421386719,0.37529197335243225,-451.30633544921875,259.1469421386719,-451.30243155080825,259.14140831911936,18.354159780406356,35.23809392936528
932,/yh/study/new_data/model_dataset_flight/vi/vi_000932.jpg,-459.17364501953125,277.7646789550781,-451.30633544921875,259.1469421386719,20.21174618978032,-459.17364501953125,277.7646789550781,0.0,-466.74169921875,267.38720703125,12.84396231278158,0.29354894161224365,-460.40001828668017,264.0016612466006,13.817548546476836,0.005731059238314629,0.0006464631296694279,-58.23126271237478,-3.432769833917899,0.0031875355634838343,-0.005147237330675125,-458.49688720703125,260.550048828125,0.3047070801258087,-458.49688720703125,260.550048828125,-458.49369967146777,260.5449015907943,17.227927662507234,33.57521002180874
933,/yh/study/new_data/model_dataset_flight/vi/vi_000933.jpg,-460.43975830078125,279.2560729980469,-458.49688720703125,260.550048828125,18.806650109273335,-460.43975830078125,279.2560729980469,0.0,-468.42047119140625,267.9607238769531,13.830281631622018,0.3133021593093872,-464.3433270261531,264.9160183972101,14.861864443894,0.005059169139713049,0.0009376509115099907,-61.669238431100695,-3.437977212829799,0.0026233699172735214,-0.004865866154432297,-467.790283203125,262.77459716796875,0.3101039230823517,-467.790283203125,262.77459716796875,-467.7876598332077,262.7697313018143,18.04630881586107,34.84610002487898
934,/yh/study/new_data/model_dataset_flight/vi/vi_000934.jpg,-461.7334899902344,280.73309326171875,-467.790283203125,262.77459716796875,18.95236993024756,-461.7334899902344,280.73309326171875,0.0,-466.4030456542969,267.400146484375,14.12700321608441,0.2843136787414551,-466.97299774891616,265.4997210497568,16.109254188244158,0.004467356950044632,0.0008972096256911755,-65.0812321102239,-3.4119943194534246,0.002071256749331951,-0.004458315670490265,-468.5093078613281,262.42388916015625,0.3396657705307007,-468.5093078613281,262.42388916015625,-468.5072366045788,262.41943084448576,19.52277292432882,35.998607985675335
935,/yh/study/new_data/model_dataset_flight/vi/vi_000935.jpg,-463.0269775390625,282.2098388671875,-468.5093078613281,262.42388916015625,20.531433256633672,-463.0269775390625,282.2098388671875,0.0,-470.675537109375,272.8639221191406,12.076697535420932,0.377433180809021,-469.78553315987637,268.574592827345,15.218344477855522,0.003943554125726223,0.001373783452436328,-68.45815959814823,-3.37692556693364,0.0017002099193632603,-0.004307007882744074,-471.3782653808594,266.4514465332031,0.3108257055282593,-471.3782653808594,266.4514465332031,-471.37656517094,266.4471395253204,17.83454337986599,34.26988096907735
936,/yh/study/new_data/model_dataset_flight/vi/vi_000936.jpg,-464.32049560546875,283.68658447265625,-471.3782653808594,266.4514465332031,18.624234051213865,-464.32049560546875,283.68658447265625,0.0,-474.02691650390625,273.51824951171875,14.057369687656651,0.3068679869174957,-472.938707597817,270.61482524723783,15.657089997581487,0.0034836851991713047,0.0011794415768235922,-71.86748267330594,-3.4093222213840684,0.001267708488740027,-0.0038711177185177803,-472.8506774902344,268.5374755859375,0.27315443754196167,-472.8506774902344,268.5374755859375,-472.84940978174563,268.533604468219,17.385611954971406,37.05087397247553
937,/yh/study/new_data/model_dataset_flight/vi/vi_000937.jpg,-465.5886535644531,285.1946105957031,-472.8506774902344,268.5374755859375,18.171327365720398,-465.5886535644531,285.1946105957031,0.0,-475.6790466308594,274.62384033203125,14.61359696316786,0.38097625970840454,-474.5169998585402,272.1232330361983,15.8296013484315,0.00307928747497499,0.0018838364630937576,-75.25914287927,-3.3916617000679428,0.0010231863707304,-0.003888854291290045,-477.2641296386719,273.26171875,0.268537312746048,-477.2641296386719,273.26171875,-477.26310645230114,273.2578298957087,16.69462935679923,38.994212984107435
938,/yh/study/new_data/model_dataset_flight/vi/vi_000938.jpg,-466.9836120605469,286.8533935546875,-477.2641296386719,273.26171875,17.041791738855224,-466.9836120605469,286.8533935546875,0.0,-476.31427001953125,279.06683349609375,12.152847217571937,0.4001234173774719,-476.70452364262616,276.681778887504,14.069750066162015,0.0027238999027758837,0.0017747011734172702,-78.65003810404703,-3.390886687040558,0.0007106983102858067,-0.0035406267270445824,-478.26513671875,277.42401123046875,0.3186102509498596,-478.26513671875,277.42401123046875,-478.2644260204397,277.4204706037417,14.703266631260352,35.01492505893111
939,/yh/study/new_data/model_dataset_flight/vi/vi_000939.jpg,-468.2522888183594,288.36199951171875,-478.26513671875,277.42401123046875,14.828914684396807,-468.2522888183594,288.36199951171875,0.0,-476.5141906738281,279.1679992675781,12.360771123140168,0.409593403339386,-477.2335738585693,278.4514748081724,13.374676851165441,0.0024100150913000107,0.001999237574636936,-82.02232106333577,-3.372285307166263,0.00047321387683041394,-0.0033766361884772778,-478.34747314453125,278.7397155761719,0.3401697874069214,-478.34747314453125,278.7397155761719,-478.3469999306544,278.7363389399834,13.946364928384376,35.377928987145424
940,/yh/study/new_data/model_dataset_flight/vi/vi_000940.jpg,-469.551513671875,289.889404296875,-478.34747314453125,278.7397155761719,14.201565463468656,-469.551513671875,289.889404296875,0.0,-478.23052978515625,279.1447448730469,13.812060918945228,0.3810429573059082,-478.2785764320221,278.9783369666785,13.971865111846272,0.0021336902864277363,0.0021713653113693,-85.41154289176613,-3.3892188402226053,0.00025754375383257866,-0.003209054935723543,-479.5248107910156,279.0544128417969,0.3525080382823944,-479.5248107910156,279.0544128417969,-479.5245532472618,279.05120378686115,14.72629265152213,34.42097106017172
941,/yh/study/new_data/model_dataset_flight/vi/vi_000941.jpg,-470.8517150878906,291.4179992675781,-479.5248107910156,279.0544128417969,15.10234612182252,-470.8517150878906,291.4179992675781,0.0,-478.0963134765625,283.3375244140625,10.852570187354031,0.3678564131259918,-478.6832173108902,281.57779089606265,12.576252536574259,0.0018891848158091307,0.0025540804490447044,-88.77444800132444,-3.362902334793958,6.772013148292899e-05,-0.0031655007041990757,-479.71673583984375,281.79364013671875,0.33361509442329407,-479.71673583984375,281.79364013671875,-479.71666811971227,281.79047463601455,13.084986878568728,34.93771003559232
942,/yh/study/new_data/model_dataset_flight/vi/vi_000942.jpg,-472.1534729003906,292.9483642578125,-479.71673583984375,281.79364013671875,13.4770477668151,-472.1534729003906,292.9483642578125,0.0,-477.7615051269531,283.32086181640625,11.141760575126664,0.3768426179885864,-478.56481948448135,282.69339668181476,12.094202123583711,0.0016734091332182288,0.002744839293882251,-92.14183371497828,-3.3673837926631323,-0.00011383280798327178,-0.0030437009409070015,-479.3779296875,282.4619140625,0.3509844243526459,-479.3779296875,282.4619140625,-479.378043520308,282.4588703615591,12.734143613434721,33.649637014605105
943,/yh/study/new_data/model_dataset_flight/vi/vi_000943.jpg,-473.5220031738281,294.5506286621094,-479.3779296875,282.4619140625,13.432382365177597,-473.5220031738281,294.5506286621094,0.0,-479.2510681152344,283.22979736328125,12.687923644134083,0.28101760149002075,-479.30318969953015,282.91430943832336,12.993307612875586,0.001483481959439814,0.0034060669131577015,-95.51296920248645,-3.3711339934042925,-0.00030613192939199507,-0.003171776421368122,-480.06439208984375,282.74755859375,0.30264151096343994,-480.06439208984375,282.74755859375,-480.06469822177314,282.74438681732863,13.495010773134087,39.720782078802586
944,/yh/study/new_data/model_dataset_flight/vi/vi_000944.jpg,-474.7676086425781,296.00897216796875,-480.06439208984375,282.74755859375,14.28009120677107,-474.7676086425781,296.00897216796875,0.0,-479.4807434082031,288.22222900390625,9.102033202643083,0.2929699420928955,-479.7205378031168,285.97293877221193,11.191669830282732,0.001314462861046195,0.003329287748783827,-98.89575699271866,-3.3827845885810417,-0.0004606807779055089,-0.002943272003903985,-480.2356262207031,286.11468505859375,0.3138960897922516,-480.2356262207031,286.11468505859375,-480.23608690148103,286.11174178658985,11.304695203207748,39.15632399730384
945,/yh/study/new_data/model_dataset_flight/vi/vi_000945.jpg,-476.0137634277344,297.46795654296875,-480.2356262207031,286.11468505859375,12.112840246638127,-476.0137634277344,297.46795654296875,0.0,-479.41015625,288.17547607421875,9.893719091688306,0.2992124855518341,-479.74930388858934,287.32879184416726,10.805411760969912,0.0011640986194834113,0.003234888194128871,-102.29388538782673,-3.398124766570067,-0.0005922631244175136,-0.0027177571319043636,-480.21502685546875,287.1186828613281,0.3179900646209717,-480.21502685546875,287.1186828613281,-480.21561911859317,287.1159651041962,11.169515662136728,38.799088913947344
946,/yh/study/new_data/model_dataset_flight/vi/vi_000946.jpg,-477.16741943359375,298.8033752441406,-480.21502685546875,287.1186828613281,12.075593032179581,-477.16741943359375,298.8033752441406,0.0,-479.7041931152344,288.1596374511719,10.941863411564587,0.30226197838783264,-479.9140712002781,287.73195709506695,11.407032732444854,0.0010314694372937083,0.0034168059937655926,-105.6926968018518,-3.398811414025065,-0.000741074385587126,-0.0026377469766885042,-480.4200439453125,287.489013671875,0.3181898295879364,-480.4200439453125,287.489013671875,-480.4207850196981,287.4863759248983,11.772609906142083,37.02371707186103
947,/yh/study/new_data/model_dataset_flight/vi/vi_000947.jpg,-478.322509765625,300.14044189453125,-480.4200439453125,287.489013671875,12.824129042862147,-478.322509765625,300.14044189453125,0.0,-480.4466552734375,293.3641357421875,7.101430786021348,0.2981431782245636,-480.43572190285636,290.95031834447707,9.42995420997379,0.0009127045632340014,0.003338737180456519,-109.06281459117363,-3.370120564086192,-0.0008433168404735625,-0.002440475160256028,-480.62335205078125,291.36053466796875,0.32851114869117737,-480.62335205078125,291.36053466796875,-480.6241953676217,291.3580941928085,9.076378469863817,36.6548930760473
948,/yh/study/new_data/model_dataset_flight/vi/vi_000948.jpg,-479.4757995605469,301.4754333496094,-480.62335205078125,291.36053466796875,10.17978644460179,-479.4757995605469,301.4754333496094,0.0,-479.8655090332031,293.3380432128906,8.146716621452203,0.3063868582248688,-480.17687186765505,292.52557591898136,8.977274107899428,0.6337965130805969,0.0037558572366833687,-112.46391411857066,-3.40109824673655,-0.24289213120937347,-0.5874396562576294,-480.1969299316406,292.521728515625,0.3401995301246643,-480.1969299316406,292.521728515625,-480.43982206285,291.93428885936737,8.982697772174514,36.97618003934622
949,/yh/study/new_data/model_dataset_flight/vi/vi_000949.jpg,-480.0034484863281,302.1618957519531,-480.1969299316406,292.521728515625,9.642108660145583,-480.0034484863281,302.1618957519531,0.0,-480.68011474609375,293.3237609863281,8.864000415300897,0.29383090138435364,-480.4815963327777,292.99424273834234,9.180113678001561,0.5778531432151794,0.0035493988543748856,-115.91415685704591,-3.4502489283341964,-0.25331130623817444,-0.5213462114334106,-480.60430908203125,292.9141540527344,0.33944037556648254,-480.60430908203125,292.9141540527344,-480.8576203882694,292.39280784130096,9.26724122870113,39.67546601779759
950,/yh/study/new_data/model_dataset_flight/vi/vi_000950.jpg,-480.5308532714844,302.84808349609375,-480.60430908203125,292.9141540527344,9.934201021810733,-480.5308532714844,302.84808349609375,0.0,-480.9732360839844,292.96435546875,9.893623313594256,0.27916890382766724,-480.82166094986087,292.9437300162202,9.908621849686593,0.5256149172782898,0.003946416079998016,-119.37688518132396,-3.4627283242780442,-0.25880953669548035,-0.45974650979042053,-480.74969482421875,292.30242919921875,0.3254512846469879,-480.74969482421875,292.30242919921875,-481.00850436091423,291.84268268942833,10.547924733064857,38.1298610009253
951,/yh/study/new_data/model_dataset_flight/vi/vi_000951.jpg,-481.0587463378906,303.53485107421875,-480.74969482421875,292.30242919921875,11.236672728885601,-481.0587463378906,303.53485107421875,0.0,-480.5198669433594,293.1111145019531,10.437656591871486,0.29130125045776367,-480.6142926473121,292.77886291132205,10.765166995613342,0.4770779609680176,0.004165558144450188,-122.8357202977751,-3.4588304206960827,-0.25981634855270386,-0.4026046097278595,-480.5276184082031,292.4170837402344,0.33334553241729736,-480.5276184082031,292.4170837402344,-480.78743475675583,292.0144791305065,11.130446863010675,37.22519695293158
952,/yh/study/new_data/model_dataset_flight/vi/vi_000952.jpg,-480.9981384277344,303.5174560546875,-480.5276184082031,292.4170837402344,11.11033998616861,-480.9981384277344,303.5174560546875,0.0,-479.9598693847656,293.2032470703125,10.36633539776469,0.3064661920070648,-480.1931313415225,292.88024872221456,10.667624676696656,0.43201005458831787,0.00441648717969656,-126.32944402050666,-3.4937264974959126,-0.25724276900291443,-0.3498166501522064,-480.1909484863281,292.6027526855469,0.34302639961242676,-480.1909484863281,292.6027526855469,-480.44819125533104,292.25293603539467,10.944510278575152,36.116034956648946
953,/yh/study/new_data/model_dataset_flight/vi/vi_000953.jpg,-480.9313659667969,303.4983215332031,-480.1909484863281,292.6027526855469,10.920697713946716,-480.9313659667969,303.4983215332031,0.0,-480.814453125,293.2606506347656,10.238338441236015,0.29168471693992615,-480.55828375075254,292.9903506313382,10.514591899563628,0.39057794213294983,0.004664285574108362,-129.8600917458913,-3.5306524211397057,-0.25182202458381653,-0.30160239338874817,-480.649658203125,292.8446350097656,0.34024766087532043,-480.649658203125,292.8446350097656,-480.9014802277088,292.5430326163769,10.657410370431778,36.15943901240826
954,/yh/study/new_data/model_dataset_flight/vi/vi_000954.jpg,-480.8647155761719,303.47918701171875,-480.649658203125,292.8446350097656,10.63672628001431,-480.8647155761719,303.47918701171875,0.0,-480.9904479980469,293.3454284667969,10.13453851384895,0.28540152311325073,-480.8504331479553,293.1396754722591,10.339521403932327,0.35255056619644165,0.004407096188515425,-133.40247373627005,-3.5423755870763864,-0.24375826120376587,-0.25774484872817993,-480.8017578125,293.073486328125,0.33768823742866516,-480.8017578125,293.073486328125,-481.04551607370377,292.8157414793968,10.405891138991894,36.185323959216475
955,/yh/study/new_data/model_dataset_flight/vi/vi_000955.jpg,-480.19537353515625,302.9892272949219,-480.8017578125,293.073486328125,9.934264986018016,-480.19537353515625,302.9892272949219,0.0,-480.91107177734375,293.3105163574219,9.705136237351457,0.28679364919662476,-480.8661596977317,293.21313162198163,9.799081624437243,0.31781455874443054,0.00455793272703886,-136.96168531276368,-3.559208801729294,-0.23395554721355438,-0.21845975518226624,-480.78912353515625,293.05999755859375,0.33855462074279785,-480.78912353515625,293.05999755859375,-481.0230790823698,292.8415378034115,9.946966483269293,35.91899201273918
956,/yh/study/new_data/model_dataset_flight/vi/vi_000956.jpg,-479.4656066894531,302.4550476074219,-480.78912353515625,293.05999755859375,9.48781651703095,-479.4656066894531,302.4550476074219,0.0,-489.4912414550781,303.07427978515625,10.04473996396374,0.21866950392723083,-485.91594150715423,298.9598718843902,7.336420966337535,0.2859528660774231,0.004656238481402397,-140.54922851393454,-3.587546189378619,-0.22260217368602753,-0.18317806720733643,-483.6824035644531,297.59503173828125,0.283375084400177,-483.6824035644531,297.59503173828125,-483.90500573813915,297.4118536710739,6.434370997487514,35.6746040051803
957,/yh/study/new_data/model_dataset_flight/vi/vi_000957.jpg,-478.6358337402344,301.84967041015625,-483.6824035644531,297.59503173828125,6.600743686807535,-478.6358337402344,301.84967041015625,0.0,-490.1639099121094,300.3650817871094,11.623275941154988,0.2140723615884781,-487.50095710906896,299.22699564687804,9.244935654648634,0.2568484842777252,0.003999865613877773,-144.196494889208,-3.647259118197456,-0.2099333256483078,-0.15142822265625,-487.0405578613281,297.5497131347656,0.24648326635360718,-487.0405578613281,297.5497131347656,-487.25049118697643,297.3982849121094,9.440816708414578,36.813875078223646
958,/yh/study/new_data/model_dataset_flight/vi/vi_000958.jpg,-477.80670166015625,301.2447509765625,-487.0405578613281,297.5497131347656,9.9457229499032,-477.80670166015625,301.2447509765625,0.0,-490.07177734375,302.60980224609375,12.340804126665796,0.21965178847312927,-488.8263886972875,300.5308443989695,11.04278791781535,0.23035991191864014,0.005069239996373653,-147.87587681395885,-3.6793883280531956,-0.19723793864250183,-0.12384288012981415,-489.5331115722656,300.42071533203125,0.22751674056053162,-489.5331115722656,300.42071533203125,-489.7303495109081,300.29687245190144,11.755327480350134,36.368718021549284
959,/yh/study/new_data/model_dataset_flight/vi/vi_000959.jpg,-476.9022521972656,300.58489990234375,-489.5331115722656,300.42071533203125,12.63192642173608,-476.9022521972656,300.58489990234375,0.0,-482.694091796875,302.44805908203125,6.084140701566416,0.23630936443805695,-485.50393042142724,301.6151167948203,8.663152723896783,0.2063991129398346,0.005573015660047531,-151.48343246939783,-3.6075569360994644,-0.18380703032016754,-0.09986790269613266,-483.44573974609375,300.77447509765625,0.23590244352817535,-483.44573974609375,300.77447509765625,-483.6295467764139,300.6746071949601,6.546233119615164,37.41548408288509
960,/yh/study/new_data/model_dataset_flight/vi/vi_000960.jpg,-475.5808410644531,299.6831970214844,-483.44573974609375,300.77447509765625,7.9402467916309645,-475.5808410644531,299.6831970214844,0.0,-481.8562316894531,293.70501708984375,8.667131174235717,0.2754165232181549,-482.50928743110444,296.609532183729,7.579629581346141,0.1844371110200882,0.005064425989985466,-155.08646653960628,-3.60304004662397,-0.16957081854343414,-0.07876083999872208,-480.4341735839844,295.9654235839844,0.3531184494495392,-480.4341735839844,295.9654235839844,-480.6037444025278,295.88666274398565,6.113646692254968,37.19300392549485
961,/yh/study/new_data/model_dataset_flight/vi/vi_000961.jpg,-474.3531494140625,298.8454284667969,-480.4341735839844,295.9654235839844,6.728542418696479,-474.3531494140625,298.8454284667969,0.0,-481.787109375,293.6021728515625,9.0970044601236,0.2759682238101959,-481.2312502947537,294.5731238658226,8.096965995264583,0.164643332362175,0.004874692764133215,-158.74564476479225,-3.6591786520727743,-0.1557159125804901,-0.06056823581457138,-480.258056640625,293.8414001464844,0.36538568139076233,-480.258056640625,293.8414001464844,-480.4137725532055,293.7808319106698,7.740040619066516,36.99023404624313
962,/yh/study/new_data/model_dataset_flight/vi/vi_000962.jpg,-473.13385009765625,298.0133972167969,-480.258056640625,293.8414001464844,8.2558996130994,-473.13385009765625,298.0133972167969,0.0,-481.9588623046875,293.97454833984375,9.705315075004835,0.2699853777885437,-481.2600794959381,293.91984387213085,9.099053973855005,0.14688637852668762,0.004856892395764589,-162.44102299257926,-3.695373105145141,-0.14235778152942657,-0.04504638910293579,-480.5240783691406,293.47503662109375,0.35957083106040955,-480.5240783691406,293.47503662109375,-480.66643615067005,293.4299902319908,8.672496226651111,37.01399499550462
963,/yh/study/new_data/model_dataset_flight/vi/vi_000963.jpg,-471.3346862792969,296.9286804199219,-480.5240783691406,293.47503662109375,9.816953828457525,-471.3346862792969,296.9286804199219,0.0,-479.5625305175781,294.5707092285156,8.559056545491435,0.26526832580566406,-479.9575862977058,294.12054775606657,9.068627999057396,0.13093753159046173,0.005097344052046537,-166.1634760902362,-3.7224577934120036,-0.12961269915103912,-0.031923554837703705,-479.932373046875,293.60296630859375,0.36158278584480286,-479.932373046875,293.60296630859375,-480.06198574602604,293.57104275375605,9.218491856246064,36.40159603673965
964,/yh/study/new_data/model_dataset_flight/vi/vi_000964.jpg,-469.53460693359375,295.8433837890625,-479.932373046875,293.60296630859375,10.636400266692196,-469.53460693359375,295.8433837890625,0.0,-479.91485595703125,294.9425354003906,10.419265694277495,0.2653673589229584,-479.9220529234459,294.39216808197295,10.488329763150993,0.11654600501060486,0.0053288284689188,-169.90669296297,-3.743210469431441,-0.11736547946929932,-0.020891832187771797,-480.2646789550781,293.8365478515625,0.3558940291404724,-480.2646789550781,293.8365478515625,-480.3820444345474,293.8156560193747,10.916127338313862,37.393579026684165
965,/yh/study/new_data/model_dataset_flight/vi/vi_000965.jpg,-467.557861328125,294.65155029296875,-480.2646789550781,293.8365478515625,12.7329275182161,-467.557861328125,294.65155029296875,0.0,-477.158203125,291.3648681640625,10.147356406143269,0.22484874725341797,-478.43451114285375,292.38036764813324,11.11124573566983,0.10360077768564224,0.005055736750364304,-173.6584475721663,-3.7517567436304198,-0.10547925531864166,-0.011722452938556671,-479.85198974609375,292.5217590332031,0.33955812454223633,-479.85198974609375,292.5217590332031,-479.9574690014124,292.51003658026457,12.477243460303276,36.94823803380132
966,/yh/study/new_data/model_dataset_flight/vi/vi_000966.jpg,-465.18170166015625,293.2563171386719,-479.85198974609375,292.5217590332031,14.688666656123338,-465.18170166015625,293.2563171386719,0.0,-477.2684326171875,291.28619384765625,12.246242322012895,0.23092493414878845,-478.3298973954676,291.7938307452705,13.229282578618664,0.09202883392572403,0.0047591570764780045,-177.44850588222803,-3.7900617251563204,-0.0943148210644722,-0.00420280359685421,-479.65045166015625,292.03271484375,0.3396584391593933,-479.65045166015625,292.03271484375,-479.7447664812207,292.02851204015315,14.520397003478868,35.15743894968182
967,/yh/study/new_data/model_dataset_flight/vi/vi_000967.jpg,-462.8042907714844,291.8603515625,-479.65045166015625,292.03271484375,16.847042642189198,-462.8042907714844,291.8603515625,0.0,-470.9244384765625,292.4790344238281,8.14368265805997,0.23097068071365356,-474.50955588912524,292.29566223948234,11.713356771641289,0.08165924996137619,0.004982230253517628,178.74774446614785,-3.803753693121257,-0.08413026481866837,0.0018390425248071551,-477.2279357910156,292.4499206542969,0.2827315628528595,-477.2279357910156,292.4499206542969,-477.3120660558343,292.4517596968217,14.435689362252528,33.081878907978535
968,/yh/study/new_data/model_dataset_flight/vi/vi_000968.jpg,-460.4295349121094,290.4659423828125,-477.2279357910156,292.4499206542969,16.91515420769673,-460.4295349121094,290.4659423828125,0.0,-470.7497863769531,293.4087219238281,10.731614124847654,0.241288959980011,-473.41135997040186,293.0147945879118,13.229679867916317,0.07252977043390274,0.005412052385509014,174.92488758769173,-3.822861147324368,-0.07494084537029266,0.006655482109636068,-475.7882385253906,292.9049987792969,0.27308306097984314,-475.7882385253906,292.9049987792969,-475.8631793707609,292.9116542614065,15.55116628378238,32.84707595594227
969,/yh/study/new_data/model_dataset_flight/vi/vi_000969.jpg,-458.9386901855469,289.5532531738281,-475.7882385253906,292.9049987792969,17.179682123383724,-458.9386901855469,289.5532531738281,0.0,-472.00946044921875,286.3854675292969,13.449159868757127,0.22138388454914093,-473.5619865334751,289.06404301553005,14.631477118128313,0.06431490927934647,0.005602698773145676,171.09668950130464,-3.8282002208212025,-0.06630757451057434,0.010387414135038853,-475.8756103515625,288.3439025878906,0.2967391014099121,-475.8756103515625,288.3439025878906,-475.9419179260731,288.35429000202566,16.980041034982634,34.35503097716719
970,/yh/study/new_data/model_dataset_flight/vi/vi_000970.jpg,-457.4474792480469,288.6402893066406,-475.8756103515625,288.3439025878906,18.430514400184585,-457.4474792480469,288.6402893066406,0.0,-469.06085205078125,288.47344970703125,11.614571163296917,0.275821328163147,-471.8607227514665,288.4202247550622,14.414923402353859,0.057028237730264664,0.005098413676023483,167.22830258184118,-3.868384358142503,-0.05810341611504555,0.013170593418180943,-474.3824462890625,288.9826354980469,0.36302822828292847,-474.3824462890625,288.9826354980469,-474.44054970517755,288.99580609146506,16.93842701064818,32.0451429579407
971,/yh/study/new_data/model_dataset_flight/vi/vi_000971.jpg,-455.95648193359375,287.72747802734375,-474.3824462890625,288.9826354980469,18.4686648869177,-455.95648193359375,287.72747802734375,0.0,-467.19122314453125,279.019775390625,14.214200480021944,0.32300958037376404,-470.14576593178674,283.1130563081006,14.920746234166653,0.05048924684524536,0.005301457364112139,163.30759641333546,-3.920711291147617,-0.050900690257549286,0.01526358351111412,-472.6222839355469,282.58514404296875,0.25381144881248474,-472.6222839355469,282.58514404296875,-472.6731846258044,282.60040762647986,17.441116798392322,32.73024701047689
972,/yh/study/new_data/model_dataset_flight/vi/vi_000972.jpg,-455.8806457519531,287.59454345703125,-472.6222839355469,282.58514404296875,17.475025938749674,-455.8806457519531,287.59454345703125,0.0,-468.91351318359375,287.7850341796875,13.034259480543458,0.26673784852027893,-470.4372764787295,285.64863852220515,14.686117394706809,0.04461614042520523,0.005415456369519234,159.3597470730681,-3.9478510478146625,-0.044286247342824936,0.016681624576449394,-473.8404541015625,286.4129333496094,0.3154900074005127,-473.8404541015625,286.4129333496094,-473.8847403489053,286.4296149741858,17.998636570603345,32.604474923573434
973,/yh/study/new_data/model_dataset_flight/vi/vi_000973.jpg,-455.80487060546875,287.461669921875,-473.8404541015625,286.4129333496094,18.06604883317259,-455.80487060546875,287.461669921875,0.0,-466.7119445800781,276.98193359375,15.125777209605594,0.40742942690849304,-469.64072122450756,280.8566975588305,15.331549897806756,0.03941591829061508,0.004586431197822094,155.44259260293074,-3.9171638616474413,-0.03793634474277496,0.01733451522886753,-468.68408203125,275.5323486328125,0.2727087736129761,-468.68408203125,275.5323486328125,-468.7220183759928,275.54968314804137,17.555135811712027,34.38113909214735
974,/yh/study/new_data/model_dataset_flight/vi/vi_000974.jpg,-455.7215881347656,287.31561279296875,-468.68408203125,275.5323486328125,17.51774992070664,-455.7215881347656,287.31561279296875,0.0,-467.4391784667969,278.00396728515625,14.966919030063499,0.33687421679496765,-467.9506520747297,276.98849287762357,16.006230368005102,0.03474399447441101,0.004830149933695793,151.49865013086864,-3.943936068759776,-0.03265560790896416,0.017731545493006706,-467.7716369628906,271.45733642578125,0.32272887229919434,-467.7716369628906,271.45733642578125,-467.8042925707996,271.47506797127426,19.917043106302057,35.455261007882655
975,/yh/study/new_data/model_dataset_flight/vi/vi_000975.jpg,-456.0074768066406,287.5085144042969,-467.7716369628906,271.45733642578125,19.900647694984325,-456.0074768066406,287.5085144042969,0.0,-467.170166015625,278.4415588378906,14.381074842290527,0.3265359699726105,-467.41728275964357,275.57206312936455,16.51249650791833,0.030608991160988808,0.00451026763767004,147.4718438037959,-4.026808888393656,-0.027708640322089195,0.017671499401330948,-467.5771789550781,270.0685729980469,0.3202148675918579,-467.5771789550781,270.0685729980469,-467.6048875954002,270.0862444974482,20.928678029368996,35.987305105663836
976,/yh/study/new_data/model_dataset_flight/vi/vi_000976.jpg,-456.2934265136719,287.70147705078125,-467.5771789550781,270.0685729980469,20.93423928619996,-456.2934265136719,287.70147705078125,0.0,-468.26348876953125,287.2099304199219,11.980150604206043,0.2564955949783325,-467.9815156376507,280.1673351733701,13.905923960637539,0.02697395719587803,0.0049935076385736465,143.4689704595749,-4.002870356013231,-0.023680737242102623,0.017542678862810135,-470.7731018066406,277.97711181640625,0.26924458146095276,-470.7731018066406,277.97711181640625,-470.7967825438827,277.99465449526906,17.442026138076127,35.19336902536452
977,/yh/study/new_data/model_dataset_flight/vi/vi_000977.jpg,-456.5794372558594,287.89447021484375,-470.7731018066406,277.97711181640625,17.3151410904781,-456.5794372558594,287.89447021484375,0.0,-468.2843322753906,290.4095764160156,11.972064426047025,0.28731098771095276,-469.3068531901098,285.3016486167623,12.988835213478115,0.023755662143230438,0.005090858321636915,139.4575183977564,-4.011451208044883,-0.01998683623969555,0.0170960184186697,-472.64202880859375,284.40106201171875,0.3117823004722595,-472.64202880859375,284.40106201171875,-472.66201564483345,284.4181580301374,16.438088339695547,34.64815393090248
978,/yh/study/new_data/model_dataset_flight/vi/vi_000978.jpg,-456.72576904296875,288.1207580566406,-472.64202880859375,284.40106201171875,16.34513577776155,-456.72576904296875,288.1207580566406,0.0,-468.0097961425781,291.9519958496094,11.916696295995415,0.31780654191970825,-469.9129674581107,288.84966448547294,13.207327762356602,0.020900586619973183,0.004454146604984999,135.4086095785295,-4.048911380547818,-0.016469936817884445,0.0162366833537817,-472.4057922363281,288.6707763671875,0.2725927531719208,-472.4057922363281,288.6707763671875,-472.422262173146,288.6870130505413,15.689666901697587,33.59840903431177
979,/yh/study/new_data/model_dataset_flight/vi/vi_000979.jpg,-456.8721923828125,288.34716796875,-472.4057922363281,288.6707763671875,15.536970322578336,-456.8721923828125,288.34716796875,0.0,-468.1987609863281,290.4629821777344,11.522492182556952,0.28695520758628845,-469.92723659967334,289.7266472532848,13.127724197310522,0.018387991935014725,0.003441590815782547,131.39840061113992,-4.010215370691934,-0.013297758996486664,0.01508419495075941,-472.4755859375,289.1880187988281,0.2717834413051605,-472.4755859375,289.1880187988281,-472.4888836964965,289.2031029937789,15.62603342313418,33.94201293122023
980,/yh/study/new_data/model_dataset_flight/vi/vi_000980.jpg,-457.0185546875,288.5735168457031,-472.4755859375,289.1880187988281,15.469241342543953,-457.0185546875,288.5735168457031,0.0,-467.34796142578125,294.8422546386719,12.082785981794299,0.4791400134563446,-469.4546664622359,292.51918923209274,13.047038233041317,0.016167405992746353,0.003917249385267496,127.36511926473403,-4.033276650650835,-0.01100054569542408,0.01440628431737423,-471.56805419921875,293.27166748046875,0.29460281133651733,-471.56805419921875,293.27166748046875,-471.5790547449142,293.2860737647861,15.289230046946537,34.03148509096354
981,/yh/study/new_data/model_dataset_flight/vi/vi_000981.jpg,-456.9674987792969,288.60693359375,-471.56805419921875,293.27166748046875,15.327620846175451,-456.9674987792969,288.60693359375,0.0,-467.0689392089844,294.60577392578125,11.748411981358586,0.4592869281768799,-468.91741859507306,294.0576509575173,13.134340614707485,0.014196429401636124,0.003365060780197382,123.3047220673232,-4.0604023200527175,-0.0087190056219697,0.013271033763885498,-470.71246337890625,294.57977294921875,0.3015288710594177,-470.71246337890625,294.57977294921875,-470.7211823845282,294.59304398298264,14.9866227620085,33.054140978492796
982,/yh/study/new_data/model_dataset_flight/vi/vi_000982.jpg,-456.9164123535156,288.64031982421875,-470.71246337890625,294.57977294921875,15.020257232126685,-456.9164123535156,288.64031982421875,0.0,-467.1540222167969,294.6234130859375,11.85774264736665,0.466238409280777,-468.6160219987642,294.6054833612459,13.132556562782124,0.012457000091671944,0.003189914394170046,119.22100660408593,-4.083720585879141,-0.006859879940748215,0.012263748794794083,-470.5048828125,295.06146240234375,0.30991262197494507,-470.5048828125,295.06146240234375,-470.51174269244075,295.07372615113854,15.029224910929399,33.90845702961087
983,/yh/study/new_data/model_dataset_flight/vi/vi_000983.jpg,-456.8653869628906,288.6737060546875,-470.5048828125,295.06146240234375,15.061184488231133,-456.8653869628906,288.6737060546875,0.0,-467.12872314453125,294.7523193359375,11.92835315541766,0.46752679347991943,-468.5158318456714,294.87933200106045,13.20010073268421,0.010928097181022167,0.003084875177592039,115.13373944248026,-4.087272711134371,-0.005296642892062664,0.011289810761809349,-470.3287353515625,295.3423767089844,0.3201051652431488,-470.3287353515625,295.3423767089844,-470.33403199445456,295.3536665197462,15.02441074153106,34.35968700796366
984,/yh/study/new_data/model_dataset_flight/vi/vi_000984.jpg,-456.729248046875,288.6329040527344,-470.3287353515625,295.3423767089844,15.164533566032386,-456.729248046875,288.6329040527344,0.0,-467.3818054199219,294.9732360839844,12.396644257723542,0.47772979736328125,-468.59256336736473,295.12489898599097,13.523470287126587,0.009594404138624668,0.002710745669901371,111.04550922420161,-4.088231072052288,-0.003932167310267687,0.010219377465546131,-470.7757568359375,295.29583740234375,0.3296138644218445,-470.7757568359375,295.29583740234375,-470.77968900324777,295.3060567798093,15.546674563473273,33.15318503882736
985,/yh/study/new_data/model_dataset_flight/vi/vi_000985.jpg,-456.5930480957031,288.5920715332031,-470.7757568359375,295.29583740234375,15.687246541014623,-456.5930480957031,288.5920715332031,0.0,-467.5347900390625,295.0040588378906,12.682085709793302,0.4922533929347992,-468.8663542084658,295.12393722794394,13.903212304777245,0.008412998169660568,0.0025655380450189114,106.94808557130014,-4.0974206646937175,-0.002826365642249584,0.009274672716856003,-471.06121826171875,295.19769287109375,0.33091235160827637,-471.06121826171875,295.19769287109375,-471.064044627361,295.2069675438106,15.904784852753606,32.44981192983687
986,/yh/study/new_data/model_dataset_flight/vi/vi_000986.jpg,-456.4568786621094,288.5512390136719,-471.06121826171875,295.19769287109375,16.04562507413023,-456.4568786621094,288.5512390136719,0.0,-467.1791076660156,294.9660949707031,12.494661730581894,0.49683040380477905,-468.7740883291571,295.0612478942587,13.931757592182462,0.007372379302978516,0.002502002054825425,102.84892705034947,-4.099157240290193,-0.0019176770001649857,0.00840744934976101,-470.3569641113281,295.41937255859375,0.3221672773361206,-470.3569641113281,295.41937255859375,-470.3588817883283,295.4277800079435,15.504310171254442,33.63851993344724
987,/yh/study/new_data/model_dataset_flight/vi/vi_000987.jpg,-456.361328125,288.4794006347656,-470.3569641113281,295.41937255859375,15.62181285783841,-456.361328125,288.4794006347656,0.0,-467.579345703125,294.8918762207031,12.921445798491977,0.48654380440711975,-468.7205413340721,295.1086002006291,14.024850731160978,0.006472146138548851,0.0020323866046965122,98.79458140054327,-4.054344369145739,-0.0011449099984019995,0.007400297559797764,-471.07269287109375,295.18890380859375,0.3278208374977112,-471.07269287109375,295.18890380859375,-471.07383778109215,295.19630410615355,16.169158467039022,32.853696029633284
988,/yh/study/new_data/model_dataset_flight/vi/vi_000988.jpg,-456.2562255859375,288.4004211425781,-471.07269287109375,295.18890380859375,16.2975826342099,-456.2562255859375,288.4004211425781,0.0,-467.298583984375,294.7215270996094,12.723602458406155,0.4871889650821686,-468.84919171347207,294.9135506895756,14.177575687867234,0.005669488105922937,0.002268868498504162,94.68587427513293,-4.108704990976225,-0.0005558314151130617,0.006781180389225483,-470.70526123046875,295.1353454589844,0.3126325011253357,-470.70526123046875,295.1353454589844,-470.70581706188386,295.1421266393736,15.9415757252743,34.05876806937158
989,/yh/study/new_data/model_dataset_flight/vi/vi_000989.jpg,-456.1607360839844,288.32861328125,-470.70526123046875,295.1353454589844,16.058481082472305,-456.1607360839844,288.32861328125,0.0,-467.2315979003906,294.6414489746094,12.74424873616778,0.484546959400177,-468.65876637103406,294.8443683203497,14.094531733461897,0.004968713968992233,0.0018436233513057232,90.57839658377318,-4.107479825793853,-5.9463407524162903e-05,0.005890225525945425,-470.61590576171875,294.9715881347656,0.3160094916820526,-470.61590576171875,294.9715881347656,-470.6159652251263,294.97747836029157,15.908521154291252,32.412777887657285
990,/yh/study/new_data/model_dataset_flight/vi/vi_000990.jpg,-456.13690185546875,288.2544250488281,-470.61590576171875,294.9715881347656,15.96126041515156,-456.13690185546875,288.2544250488281,0.0,-466.7798767089844,294.74749755859375,12.467273332595223,0.48158764839172363,-468.35592458591304,294.8395660679716,13.88051147217278,0.0043521481566131115,0.001251725945621729,86.49582176212732,-4.082577809853634,0.00030426264856942,0.0049687041901052,-469.7726745605469,295.184326171875,0.3194422125816345,-469.7726745605469,295.184326171875,-469.7723702978983,295.1892948760651,15.295680005797713,35.54951609112322
991,/yh/study/new_data/model_dataset_flight/vi/vi_000991.jpg,-456.1130676269531,288.1802062988281,-469.7726745605469,295.184326171875,15.350653301286322,-456.1130676269531,288.1802062988281,0.0,-467.1960754394531,294.74237060546875,12.88002572044343,0.4862966239452362,-468.25468149239776,294.9239498173454,13.888731543992812,0.003813213901594281,0.0012629568809643388,82.40516682669332,-4.0906536547735275,0.0005874416092410684,0.004405701067298651,-469.47930908203125,295.33416748046875,0.33186620473861694,-469.47930908203125,295.33416748046875,-469.478721640422,295.33857318153605,15.160328862655648,32.165564014576375
992,/yh/study/new_data/model_dataset_flight/vi/vi_000992.jpg,-456.0892333984375,288.1059875488281,-469.47930908203125,295.33416748046875,15.216461873134007,-456.0892333984375,288.1059875488281,0.0,-467.22491455078125,294.7879943847656,12.986631976081378,0.48995670676231384,-468.1511415594645,295.0123917853288,13.89921033595092,0.0033381301909685135,0.0009373435750603676,78.31826166511365,-4.0869021733718975,0.0007707828772254288,0.0037279531825333834,-469.3660888671875,295.4410095214844,0.3355729579925537,-469.3660888671875,295.4410095214844,-469.3653180843103,295.4447374746669,15.168303744236756,32.14328398462385
993,/yh/study/new_data/model_dataset_flight/vi/vi_000993.jpg,-456.1130676269531,288.0799865722656,-469.3660888671875,295.4410095214844,15.160053787933228,-456.1130676269531,288.0799865722656,0.0,-467.0229797363281,294.944580078125,12.889873010816435,0.4871726632118225,-467.9856554930383,295.1485401001936,13.817481377410845,0.0029241133015602827,0.0007790899835526943,74.24832952362148,-4.069934702813117,0.0008995539392344654,0.0031892217230051756,-468.91583251953125,296.753662109375,0.31845730543136597,-468.91583251953125,296.753662109375,-468.914932965592,296.756851331098,15.464263196728144,34.85158097464591
994,/yh/study/new_data/model_dataset_flight/vi/vi_000994.jpg,-456.13690185546875,288.05401611328125,-468.91583251953125,296.753662109375,15.459136760319668,-456.13690185546875,288.05401611328125,0.0,-467.0198669433594,294.9029846191406,12.858744056030503,0.4833584129810333,-467.7988319824603,295.6633428670232,13.924886639827465,0.0025591489393264055,0.000475163571536541,70.15763360705246,-4.090695916569016,0.0009493042598478496,0.002630688948556781,-468.788818359375,297.0135192871094,0.3230613172054291,-468.788818359375,297.0135192871094,-468.78786905511515,297.01614997605793,15.5030219100552,34.72056402824819
995,/yh/study/new_data/model_dataset_flight/vi/vi_000995.jpg,-456.1607360839844,288.0280456542969,-468.788818359375,297.0135192871094,15.498619240435696,-456.1607360839844,288.0280456542969,0.0,-467.0238952636719,294.8736877441406,12.840211952513444,0.4887463450431824,-467.749020975622,295.7528460909412,13.926984185951278,0.0022402433678507805,0.0006995238363742828,66.0588644068845,-4.098767492620679,0.00105101871304214,0.002367168664932251,-468.8055419921875,296.913818359375,0.3259430527687073,-468.8055419921875,296.913818359375,-468.80449097347446,296.91618552803993,15.454710383001037,34.983781981281936
996,/yh/study/new_data/model_dataset_flight/vi/vi_000996.jpg,-456.1437072753906,288.06146240234375,-468.8055419921875,296.913818359375,15.449474566646895,-456.1437072753906,288.06146240234375,0.0,-467.13336181640625,294.8009033203125,12.891569757700449,0.488336443901062,-467.8203837288195,295.6690029138418,13.93626368981814,0.001960810972377658,8.693384006619453e-05,61.98063358555075,-4.078227833125982,0.0009415496024303138,0.0017693541012704372,-469.0437316894531,296.74822998046875,0.32462579011917114,-469.0437316894531,296.74822998046875,-469.0427901398507,296.74999933457,15.552188297463873,33.913712948560715
997,/yh/study/new_data/model_dataset_flight/vi/vi_000997.jpg,-456.1266784667969,288.0948486328125,-469.0437316894531,296.74822998046875,15.547709564591798,-456.1266784667969,288.0948486328125,0.0,-467.27178955078125,294.792724609375,13.002885974727473,0.4925270974636078,-467.9997990646048,295.5961518113244,14.04423519121079,0.0017175282118842006,-3.383471630513668e-05,57.933077143779535,-4.047565833281325,0.0009028703207150102,0.0014411462470889091,-469.21673583984375,296.649658203125,0.32303839921951294,-469.21673583984375,296.649658203125,-469.21583296952303,296.6510993493721,15.637594725979094,33.940839930437505
998,/yh/study/new_data/model_dataset_flight/vi/vi_000998.jpg,-456.1096496582031,288.12823486328125,-469.21673583984375,296.649658203125,15.63362926225988,-456.1096496582031,288.12823486328125,0.0,-467.15997314453125,294.6670837402344,12.840023122569761,0.4848760664463043,-468.00500232307274,295.48163238680013,13.98470128964199,0.0015039839781820774,-0.00030812760815024376,53.8944750800102,-4.0386067595243835,0.0007954732282087207,0.0010906452080234885,-469.1719665527344,296.60516357421875,0.3188813328742981,-469.1719665527344,296.60516357421875,-469.17117107950617,296.6062542194268,15.571847771651026,33.35852699819952
999,/yh/study/new_data/model_dataset_flight/vi/vi_000999.jpg,-456.0858154296875,288.14678955078125,-469.1719665527344,296.60516357421875,15.581766341964677,-456.0858154296875,288.14678955078125,0.0,-467.132080078125,294.63519287109375,12.81090708460421,0.48122456669807434,-467.9701755939011,295.44456321255626,13.946164954253346,0.001317688263952732,-0.00035129766911268234,49.859004657975326,-4.035473837129464,0.0007362394826486707,0.0008730439003556967,-469.1689453125,296.4742126464844,0.31943750381469727,-469.1689453125,296.4742126464844,-469.16820907301735,296.47508569038473,15.508522268268864,33.0060530686751
1000,/yh/study/new_data/model_dataset_flight/vi/vi_001000.jpg,-456.06201171875,288.16534423828125,-469.1689453125,296.4742126464844,15.518666258922131,-456.06201171875,288.16534423828125,0.0,-467.2240295410156,294.65972900390625,12.913855944239023,0.4861467182636261,-468.0231059636168,295.4052168647369,13.981542517972999,0.0011540576815605164,-0.0004026717506349087,45.84279878449447,-4.0162063003676804,0.0006636940524913371,0.0006835123640485108,-469.26678466796875,296.4247741699219,0.31777259707450867,-469.26678466796875,296.4247741699219,-469.26612097391626,296.4254576822859,15.575115133959693,34.569854964502156
1001,/yh/study/new_data/model_dataset_flight/vi/vi_001001.jpg,-456.0381774902344,288.18389892578125,-469.26678466796875,296.4247741699219,15.58550841815227,-456.0381774902344,288.18389892578125,0.0,-467.23468017578125,294.6103210449219,12.909708503325637,0.4820118844509125,-468.0695784329585,295.3557963674835,14.006809828040014,0.0010118064237758517,-0.0006832329090684652,41.88014159410651,-3.962654629067019,0.0004989852895960212,0.0004474017769098282,-469.29779052734375,296.48870849609375,0.31496161222457886,-469.29779052734375,296.48870849609375,-469.29729154205415,296.48915589787066,15.645676715726776,33.88546593487263
1002,/yh/study/new_data/model_dataset_flight/vi/vi_001002.jpg,-456.05517578125,288.21356201171875,-469.29779052734375,296.48870849609375,15.61553376133277,-456.05517578125,288.21356201171875,0.0,-455.8118896484375,283.9571228027344,4.263386316321616,0.49393194913864136,-461.35262595582293,289.1057748997487,5.372059399303916,0.0008866211865097284,-0.0006666888948529959,37.893114288759946,-3.987029012893856,0.00043662273674272,0.00033981725573539734,-466.68304443359375,290.6639709472656,0.3691559433937073,-466.68304443359375,290.6639709472656,-466.682607810857,290.66431076452136,10.906699594418054,33.990317955613136
1003,/yh/study/new_data/model_dataset_flight/vi/vi_001003.jpg,-456.07220458984375,288.2432556152344,-466.68304443359375,290.6639709472656,10.88346382859996,-456.07220458984375,288.2432556152344,0.0,-455.8692932128906,283.7431640625,4.504663917529064,0.5364699363708496,-460.31216614704516,286.5866052480127,4.552116479810415,0.6298061013221741,-0.0010327319614589214,33.96127832700167,-3.931835961758275,0.5219425559043884,0.3515416979789734,-466.9295349121094,288.7127685546875,0.3422224223613739,-466.9295349121094,288.7127685546875,-466.407592356205,289.0643102526665,10.867477358021157,33.545251935720444
1004,/yh/study/new_data/model_dataset_flight/vi/vi_001004.jpg,-456.0892333984375,288.27294921875,-466.9295349121094,288.7127685546875,10.849220154259072,-456.0892333984375,288.27294921875,0.0,-455.7768249511719,283.6133728027344,4.670037624539222,0.5208045840263367,-460.3589604392771,285.70847994035006,4.980669802660479,0.5705585479736328,-0.0007551196031272411,30.031286516319298,-3.929992237569195,0.49363550543785095,0.28536009788513184,-466.9651184082031,287.9979553222656,0.33150601387023926,-466.9651184082031,287.9979553222656,-466.4714829027653,288.28331542015076,10.879361028513959,33.22173096239567
1005,/yh/study/new_data/model_dataset_flight/vi/vi_001005.jpg,-456.1218566894531,288.249267578125,-466.9651184082031,287.9979553222656,10.846173636414564,-456.1218566894531,288.249267578125,0.0,-455.792236328125,283.78179931640625,4.479611841674057,0.5117748975753784,-460.3826596120492,285.51402387218695,5.0632005368222535,0.5156009793281555,-0.0011356603354215622,26.121160310837908,-3.9101257785945664,0.4624302387237549,0.2267540544271469,-467.2389831542969,287.10394287109375,0.4107365012168884,-467.2389831542969,287.10394287109375,-466.7765529155731,287.3306969255209,11.175968392934257,33.7350940098986
1006,/yh/study/new_data/model_dataset_flight/vi/vi_001006.jpg,-456.1514892578125,288.22772216796875,-467.2389831542969,287.10394287109375,11.14429902742488,-456.1514892578125,288.22772216796875,0.0,-455.7701416015625,283.6669006347656,4.576736729664125,0.5145333409309387,-460.4821610183951,285.0790231825909,5.354346197102616,0.46487656235694885,-0.0012739645317196846,22.229192163264997,-3.8919681475729107,0.42973634600639343,0.17562761902809143,-467.2457275390625,286.6002197265625,0.3813248574733734,-467.2457275390625,286.6002197265625,-466.8159911930561,286.7758473455906,11.212978517679247,31.775844981893897
1007,/yh/study/new_data/model_dataset_flight/vi/vi_001007.jpg,-456.18115234375,288.2061767578125,-467.2457275390625,286.6002197265625,11.18051529398113,-456.18115234375,288.2061767578125,0.0,-455.8074951171875,283.91363525390625,4.308773872660308,0.5014362931251526,-460.506938650198,285.0174292283813,5.374061590222669,0.4182787239551544,-0.0012921253219246864,18.362885036403824,-3.866307553747996,0.3963669240474701,0.13156861066818237,-467.28289794921875,286.73431396484375,0.3885623812675476,-467.28289794921875,286.73431396484375,-466.8865310251713,286.86588257551193,11.19888992578597,35.44026298914105
1008,/yh/study/new_data/model_dataset_flight/vi/vi_001008.jpg,-456.1879577636719,288.1950378417969,-467.28289794921875,286.73431396484375,11.190684159852063,-456.1879577636719,288.1950378417969,0.0,-455.95208740234375,283.7935485839844,4.407804727298147,0.5501586198806763,-460.60739622842107,285.0017738010862,5.4523730225838944,0.3756619095802307,-0.0015620440244674683,14.529504543983991,-3.833380919306657,0.36289167404174805,0.09404955804347992,-467.3141174316406,286.6287841796875,0.3888392448425293,-467.3141174316406,286.6287841796875,-466.9512257575989,286.722833737731,11.235861315057495,49.950122949667275
1009,/yh/study/new_data/model_dataset_flight/vi/vi_001009.jpg,-456.19476318359375,288.18389892578125,-467.3141174316406,286.6287841796875,11.227574126545605,-456.19476318359375,288.18389892578125,0.0,-455.9380798339844,283.6916809082031,4.4995454280871785,0.5593212842941284,-460.6119703747421,284.8984015330231,5.505107854288894,0.3367306888103485,-0.0012191827408969402,10.71596916619763,-3.8135353777863616,0.3302595019340515,0.06249851733446121,-467.296875,286.5430908203125,0.37953799962997437,-467.296875,286.5430908203125,-466.96661549806595,286.60558933764696,11.222706359116737,53.23326506186277
1010,/yh/study/new_data/model_dataset_flight/vi/vi_001010.jpg,-456.2015686035156,288.1727600097656,-467.296875,286.5430908203125,11.214349990031517,-456.2015686035156,288.1727600097656,0.0,-455.863037109375,283.88885498046875,4.297260275170698,0.5167808532714844,-460.5606751316473,284.9793583897878,5.4036676091407765,0.30148065090179443,-0.0013944613747298717,6.933686599619131,-3.782282566578499,0.29858365654945374,0.036310724914073944,-467.27996826171875,286.74652099609375,0.39369526505470276,-467.27996826171875,286.74652099609375,-466.9813846051693,286.7828317210078,11.169829752999588,34.73804995883256
1011,/yh/study/new_data/model_dataset_flight/vi/vi_001011.jpg,-456.19476318359375,288.1913146972656,-467.27996826171875,286.74652099609375,11.178962405475483,-456.19476318359375,288.1913146972656,0.0,-455.7265319824219,283.7620849609375,4.453910249985306,0.4934919476509094,-460.4733074809643,284.9882524409999,5.34467483782469,0.2694750428199768,-0.001221727579832077,3.179042820403912,-3.754643779215219,0.26845043897628784,0.014910212717950344,-467.2735595703125,286.73480224609375,0.3936176002025604,-467.2735595703125,286.73480224609375,-467.0051091313362,286.7497124588117,11.174128954813039,34.074569935910404
1012,/yh/study/new_data/model_dataset_flight/vi/vi_001012.jpg,-456.1879577636719,288.2098693847656,-467.2735595703125,286.73480224609375,11.183308565848638,-456.1879577636719,288.2098693847656,0.0,-455.8429260253906,283.65594482421875,4.566976658969633,0.5309892296791077,-460.53924752941634,284.9209057086139,5.454448156185756,0.2405429184436798,-0.0015429416671395302,-0.545451223154402,-3.724494043558314,0.23976057767868042,-0.002282570581883192,-467.54254150390625,286.403076171875,0.37005460262298584,-467.54254150390625,286.403076171875,-467.30278092622757,286.4007936012931,11.49743769838056,34.546804963611066
1013,/yh/study/new_data/model_dataset_flight/vi/vi_001013.jpg,-456.18115234375,288.2284240722656,-467.54254150390625,286.403076171875,11.507087320689646,-456.18115234375,288.2284240722656,0.0,-455.87677001953125,283.73736572265625,4.501361316190125,0.5295407176017761,-460.66969888631826,284.83258352112495,5.628390810309186,0.2144341915845871,-0.0011698543094098568,-4.252651227734243,-3.7072000045798412,0.2132604718208313,-0.015857914462685585,-467.46478271484375,286.4410400390625,0.3804910480976105,-467.46478271484375,286.4410400390625,-467.2515222430229,286.4251821245998,11.424318624479044,34.255033009685576
1014,/yh/study/new_data/model_dataset_flight/vi/vi_001014.jpg,-456.1875305175781,288.2249450683594,-467.46478271484375,286.4410400390625,11.41747495176946,-456.1875305175781,288.2249450683594,0.0,-455.8500061035156,283.9262390136719,4.3119365109768495,0.5120563507080078,-460.6219835227784,284.95945507186093,5.507068037763945,0.19090475142002106,-0.0014873920008540154,-7.9383344288812525,-3.6856827742601856,0.18833878636360168,-0.026262614876031876,-467.2337341308594,286.64947509765625,0.3866406977176666,-467.2337341308594,286.64947509765625,-467.0453953444958,286.6232124827802,11.157989061414922,34.20341305900365
1015,/yh/study/new_data/model_dataset_flight/vi/vi_001015.jpg,-456.194580078125,288.2210998535156,-467.2337341308594,286.64947509765625,11.150467549534945,-456.194580078125,288.2210998535156,0.0,-455.79296875,283.7746276855469,4.4645723646726845,0.5101730823516846,-460.4934529593387,284.95577024157603,5.398396569671787,0.16996170580387115,-0.001540299504995346,-11.573972407092754,-3.635637978211502,0.16575129330158234,-0.03394539654254913,-467.21478271484375,286.64385986328125,0.3902566432952881,-467.21478271484375,286.64385986328125,-467.04903142154217,286.6099144667387,11.132499815456429,34.25542393233627
1016,/yh/study/new_data/model_dataset_flight/vi/vi_001016.jpg,-456.2015686035156,288.21728515625,-467.21478271484375,286.64385986328125,11.125041672484231,-456.2015686035156,288.21728515625,0.0,-455.87542724609375,283.87689208984375,4.352629108473226,0.5281971096992493,-460.5342467874953,285.01371186490456,5.388411832716138,0.15103895962238312,-0.0011217081919312477,-15.203423941463518,-3.6294523881444096,0.14521150290966034,-0.039462409913539886,-467.2372741699219,286.8397521972656,0.39219456911087036,-467.2372741699219,286.8397521972656,-467.0920626670122,286.8002897873521,11.121348587356577,33.77758408896625
1017,/yh/study/new_data/model_dataset_flight/vi/vi_001017.jpg,-456.1817932128906,288.2352600097656,-467.2372741699219,286.8397521972656,11.143208749997871,-456.1817932128906,288.2352600097656,0.0,-455.8533630371094,283.8222961425781,4.425168524866161,0.5195354223251343,-460.53048845127296,285.06203002971483,5.383357575214777,0.13421820104122162,-0.0013043396174907684,-18.799829313082466,-3.596405371618949,0.12644031643867493,-0.04304337501525879,-467.38812255859375,286.66180419921875,0.38133394718170166,-467.38812255859375,286.66180419921875,-467.2616822421551,286.6187608242035,11.31625293956046,32.0659700082615
1018,/yh/study/new_data/model_dataset_flight/vi/vi_001018.jpg,-456.1620178222656,288.2532043457031,-467.38812255859375,286.66180419921875,11.338341235702833,-456.1620178222656,288.2532043457031,0.0,-455.8689270019531,283.6860656738281,4.576533390797842,0.540083646774292,-460.60163456266065,284.90865974722124,5.558432816255866,0.11913615465164185,-0.0012350548058748245,-22.374010956689485,-3.5741812167201967,0.10959640145301819,-0.04511423036456108,-467.5514831542969,286.43572998046875,0.37508660554885864,-467.5514831542969,286.43572998046875,-467.44188675284386,286.3906157501042,11.533565520593612,32.35687408596277
1019,/yh/study/new_data/model_dataset_flight/vi/vi_001019.jpg,-456.1402893066406,288.27294921875,-467.5514831542969,286.43572998046875,11.558145160807532,-456.1402893066406,288.27294921875,0.0,-455.7536926269531,283.67266845703125,4.6164965156907725,0.5121042728424072,-460.60086204549947,284.80788333365814,5.64830866248279,0.10565363615751266,-0.001098239328712225,-25.91866569251454,-3.544655162711878,0.09453262388706207,-0.04594063758850098,-467.2311706542969,286.4215087890625,0.36537832021713257,-467.2311706542969,286.4215087890625,-467.1366380304098,286.375568151474,11.244353282091005,32.241616980172694
1020,/yh/study/new_data/model_dataset_flight/vi/vi_001020.jpg,-456.16583251953125,288.33416748046875,-467.2311706542969,286.4215087890625,11.229424353301031,-456.16583251953125,288.33416748046875,0.0,-455.84710693359375,283.9963684082031,4.349492704957639,0.5054236054420471,-460.5242950391024,284.9927470320258,5.491929182698842,0.09370115399360657,-0.000871528871357441,-29.432152567609535,-3.513489436415933,0.08122839033603668,-0.04582992196083069,-467.22821044921875,286.766845703125,0.3957553803920746,-467.22821044921875,286.766845703125,-467.1469820588827,286.72101578116417,11.17285563376584,33.66290498524904
1021,/yh/study/new_data/model_dataset_flight/vi/vi_001021.jpg,-456.19134521484375,288.3954162597656,-467.22821044921875,286.766845703125,11.156372002569306,-456.19134521484375,288.3954162597656,0.0,-455.8684997558594,283.65777587890625,4.748627756387754,0.5325132012367249,-460.535682322694,284.9351496496263,5.553981447564443,0.0830846056342125,-0.0007063823286443949,-32.92988902647848,-3.497737952972826,0.06943948566913605,-0.044973816722631454,-467.3253173828125,286.309814453125,0.36952459812164307,-467.3253173828125,286.309814453125,-467.25587789714336,286.26484063640237,11.327624249283932,34.55643600318581
1022,/yh/study/new_data/model_dataset_flight/vi/vi_001022.jpg,-456.2045593261719,288.3558654785156,-467.3253173828125,286.309814453125,11.307412814293082,-456.2045593261719,288.3558654785156,0.0,-456.0282287597656,283.6573486328125,4.701824435047016,0.5769007205963135,-460.6696827985813,284.7471248225287,5.741109365447972,0.07366815209388733,-0.0009555742144584656,-36.400133973938125,-3.4702494297712865,0.05891036614775658,-0.04343268275260925,-467.30364990234375,286.0162048339844,0.346138596534729,-467.30364990234375,286.0162048339844,-467.244739536196,285.97277215123177,11.34300769415395,32.086131046526134
1023,/yh/study/new_data/model_dataset_flight/vi/vi_001023.jpg,-456.2177429199219,288.31634521484375,-467.30364990234375,286.0162048339844,11.322013045151026,-456.2177429199219,288.31634521484375,0.0,-456.00604248046875,283.3849182128906,4.935968937468816,0.5623411536216736,-460.64770966985765,284.4659928439103,5.8693967991514375,0.06538031995296478,-0.0008821438532322645,-39.85134318418094,-3.451208569912583,0.04985448345541954,-0.041612934321165085,-466.8507385253906,285.11492919921875,0.2962855398654938,-466.8507385253906,285.11492919921875,-466.8008840419352,285.0733162648976,11.104488284068655,31.23573597986251
1024,/yh/study/new_data/model_dataset_flight/vi/vi_001024.jpg,-456.2322082519531,288.27294921875,-466.8507385253906,285.11492919921875,11.07818918468487,-456.2322082519531,288.27294921875,0.0,-456.0228271484375,283.4875183105469,4.790009334405854,0.5738273859024048,-460.471517839415,284.15614658231493,5.909298581532754,0.057919763028621674,-0.0003293049521744251,-43.29972811120196,-3.4483849270210176,0.04203278571367264,-0.03960931673645973,-466.723388671875,285.1156921386719,0.30195483565330505,-466.723388671875,285.1156921386719,-466.6813558861613,285.0760828219354,10.955963621382447,31.96979791391641
1025,/yh/study/new_data/model_dataset_flight/vi/vi_001025.jpg,-456.1935119628906,288.2192687988281,-466.723388671875,285.1156921386719,10.977727068563794,-456.1935119628906,288.2192687988281,0.0,-455.77069091796875,283.6597595214844,4.579072229853177,0.5153850317001343,-460.270650590949,284.2579352596566,5.684647992705512,0.05128657445311546,0.0002787075936794281,-46.71933062106054,-3.419598667877176,0.035256218165159225,-0.0374382883310318,-467.40704345703125,285.92877197265625,0.3511604368686676,-467.40704345703125,285.92877197265625,-467.3717872388661,285.8913336843252,11.445071615362968,32.61973103508353
1026,/yh/study/new_data/model_dataset_flight/vi/vi_001026.jpg,-456.15496826171875,288.165771484375,-467.40704345703125,285.92877197265625,11.472286738762973,-456.15496826171875,288.165771484375,0.0,-469.9396057128906,278.5364990234375,16.8148481345274,0.4953356385231018,-468.89909238213477,281.57364392696445,14.348130377500093,0.04541187360882759,4.560197703540325e-05,-50.14173692357342,-3.4224013933144084,0.02911865897476673,-0.034877121448516846,-472.9395751953125,281.53021240234375,0.30530789494514465,-472.9395751953125,281.53021240234375,-472.91045653633773,281.49533528089523,18.048647435372292,31.202376005239785
1027,/yh/study/new_data/model_dataset_flight/vi/vi_001027.jpg,-456.119873046875,288.1170959472656,-472.9395751953125,281.53021240234375,18.063482919872225,-456.119873046875,288.1170959472656,0.0,-469.69384765625,278.34783935546875,16.72396965592571,0.46837493777275085,-471.0273677956196,279.65533004836306,17.141612579091824,0.040221381932497025,-6.782356649637222e-05,-53.528134468781985,-3.386394557000805,0.02388855814933777,-0.03231670707464218,-474.0655517578125,279.0240478515625,0.31057918071746826,-474.0655517578125,279.0240478515625,-474.04166319966316,278.99173114448786,20.117925043775404,30.841156956739724
1028,/yh/study/new_data/model_dataset_flight/vi/vi_001028.jpg,-456.0926513671875,288.09857177734375,-474.0655517578125,279.0240478515625,20.133855391625932,-456.0926513671875,288.09857177734375,0.0,-469.9870910644531,278.6588134765625,16.797752566284554,0.5162824392318726,-471.66274295043775,278.80887148013517,18.13081033828211,0.03558846935629845,0.0004963569808751345,-56.91969563700308,-3.391557112796277,0.01956014335155487,-0.030027758330106735,-474.49755859375,278.55718994140625,0.3249066472053528,-474.49755859375,278.55718994140625,-474.47799845039845,278.52716218307614,20.731101691842877,31.794735928997397
1029,/yh/study/new_data/model_dataset_flight/vi/vi_001029.jpg,-456.0653991699219,288.0799865722656,-474.49755859375,278.55718994140625,20.746762559448225,-456.0653991699219,288.0799865722656,0.0,-469.8724670410156,278.5373840332031,16.783813226305618,0.49919241666793823,-471.7727044015987,278.5455213697939,18.374587460354192,0.031493473798036575,0.000642040278762579,-60.31557006968504,-3.395864827728439,0.01575525663793087,-0.027639353647828102,-474.5077819824219,278.33905029296875,0.31348180770874023,-474.5077819824219,278.33905029296875,-474.49202672578394,278.3114109393209,20.85682917895521,32.721864990890026
1030,/yh/study/new_data/model_dataset_flight/vi/vi_001030.jpg,-456.0381774902344,288.0614318847656,-474.5077819824219,278.33905029296875,20.872254164664234,-456.0381774902344,288.0614318847656,0.0,-469.8480224609375,278.4706726074219,16.81352079817935,0.4883577823638916,-471.7625032951217,278.41659505315977,18.446606721197966,0.02787131443619728,0.0008403710089623928,-63.68931468945616,-3.373748034865703,0.012539878487586975,-0.025360606610774994,-474.26348876953125,278.02972412109375,0.3095536231994629,-474.26348876953125,278.02972412109375,-474.25094889104366,278.004363514483,20.80377686582368,32.88557298947126
1031,/yh/study/new_data/model_dataset_flight/vi/vi_001031.jpg,-456.03497314453125,288.06842041015625,-474.26348876953125,278.02972412109375,20.809954470755248,-456.03497314453125,288.06842041015625,0.0,-469.8213806152344,278.5742492675781,16.739304544479204,0.49202877283096313,-471.64643851480287,278.35052893354174,18.38899849797283,0.02464868873357773,0.0010100493673235178,-67.06971874366803,-3.3804036273250575,0.009800157509744167,-0.023166056722402573,-474.23077392578125,278.04693603515625,0.3115310072898865,-474.23077392578125,278.04693603515625,-474.2209737682715,278.02376997843385,20.77299485267609,32.27073699235916
1032,/yh/study/new_data/model_dataset_flight/vi/vi_001032.jpg,-456.0314636230469,288.0760803222656,-474.23077392578125,278.04693603515625,20.77976493194454,-456.0314636230469,288.0760803222656,0.0,-469.7181701660156,278.4378967285156,16.739788498669128,0.4733527600765228,-471.572191467009,278.2772689641632,18.37201474938927,0.021819254383444786,0.0012879433343186975,-70.43382596652027,-3.3641089303995226,0.007522830739617348,-0.02116609551012516,-474.0985107421875,277.8509521484375,0.301413893699646,-474.0985107421875,277.8509521484375,-474.0909879114479,277.8297860529274,20.75985158368097,30.447420082055032
1033,/yh/study/new_data/model_dataset_flight/vi/vi_001033.jpg,-456.0279541015625,288.0837097167969,-474.0985107421875,277.8509521484375,20.76666426643558,-456.0279541015625,288.0837097167969,0.0,-469.7501525878906,278.4072570800781,16.790844735415998,0.4867815673351288,-471.53669292504475,278.1786969742019,18.40190906742978,0.01930222287774086,0.0015756605425849557,-73.8177475681547,-3.383919894087145,0.005598970223218203,-0.01929408684372902,-474.1136169433594,277.85638427734375,0.30990540981292725,-474.1136169433594,277.85638427734375,-474.10801797313616,277.8370901905,20.777136137389995,31.22702008113265
1034,/yh/study/new_data/model_dataset_flight/vi/vi_001034.jpg,-456.0213317871094,288.14501953125,-474.1136169433594,277.85638427734375,20.813140021702313,-456.0213317871094,288.14501953125,0.0,-469.8065185546875,278.5306701660156,16.806757210532723,0.48961713910102844,-471.5761071521332,278.2536371121271,18.43340670678337,0.017079465091228485,0.0017668609507381916,-77.18260611181564,-3.3648596108779896,0.003984970040619373,-0.01751529611647129,-474.25390625,277.9939880371094,0.3120232820510864,-474.25390625,277.9939880371094,-474.2499212799594,277.9764727409929,20.867923038479088,31.37677605263889
1035,/yh/study/new_data/model_dataset_flight/vi/vi_001035.jpg,-456.01409912109375,288.2120056152344,-474.25390625,277.9939880371094,20.90689951491064,-456.01409912109375,288.2120056152344,0.0,-469.5078125,278.2943420410156,16.74635337986927,0.4481557011604309,-471.4577640972279,278.17094039736907,18.42090602018523,0.015115393325686455,0.002074101474136114,-80.57673201607008,-3.3941282521319636,0.0026445845142006874,-0.015934478491544724,-474.09130859375,277.697021484375,0.30075573921203613,-474.09130859375,277.697021484375,-474.0886640092358,277.68108700588346,20.912924080350823,30.140483984723687
1036,/yh/study/new_data/model_dataset_flight/vi/vi_001036.jpg,-456.0075378417969,288.27294921875,-474.09130859375,277.697021484375,20.949296218534826,-456.0075378417969,288.27294921875,0.0,-469.92352294921875,278.7414855957031,16.867229775735353,0.5079380869865417,-471.63587434861057,278.31236333866144,18.532624558999334,0.013370250351727009,0.0025244117714464664,-83.96795508992726,-3.391226488951766,0.0015376468654721975,-0.014551440253853798,-474.3266906738281,278.1329040527344,0.32047849893569946,-474.3266906738281,278.1329040527344,-474.32515302696265,278.1183526124805,20.93828733330774,35.793062997981906
1037,/yh/study/new_data/model_dataset_flight/vi/vi_001037.jpg,-455.97869873046875,288.23455810546875,-474.3266906738281,278.1329040527344,20.944980853529213,-455.97869873046875,288.23455810546875,0.0,-470.0120849609375,278.89630126953125,16.856422213134177,0.5256979465484619,-471.7847579725609,278.5826564701186,18.52000847578104,0.011831430718302727,0.002404432278126478,-87.36792763611122,-3.399970625193263,0.0005985333700664341,-0.013019896112382412,-474.766845703125,278.52606201171875,0.32633858919143677,-474.766845703125,278.52606201171875,-474.76624716975493,278.51304211560637,21.14827092384839,49.85690594185144
1038,/yh/study/new_data/model_dataset_flight/vi/vi_001038.jpg,-455.9470520019531,288.1923522949219,-474.766845703125,278.52606201171875,21.15707453297397,-455.9470520019531,288.1923522949219,0.0,-468.2457275390625,278.0478515625,15.942657089619676,0.3788246512413025,-470.92495501528447,278.24432623796656,17.980567318820114,0.010507343336939812,0.002131764544174075,-90.68959206346099,-3.3216616525854206,-0.0001392879494233057,-0.01157238706946373,-473.6955261230469,277.7369689941406,0.2710302174091339,-473.6955261230469,277.7369689941406,-473.6956654109963,277.72539660707116,20.599110990365336,48.65212494041771
1039,/yh/study/new_data/model_dataset_flight/vi/vi_001039.jpg,-455.9156188964844,288.1505126953125,-473.6955261230469,277.7369689941406,20.60502349917092,-455.9156188964844,288.1505126953125,0.0,-467.9735107421875,277.99749755859375,15.76313649402028,0.3742668330669403,-470.3244236442492,277.8904583560119,17.688481260543846,0.009307636879384518,0.002808045595884323,-94.08759068497483,-3.397999261844068,-0.0007635423098690808,-0.010684411972761154,-472.7500915527344,276.8819580078125,0.2660408914089203,-472.7500915527344,276.8819580078125,-472.75085509504424,276.87127359583974,20.25783291369556,33.7639800272882
1040,/yh/study/new_data/model_dataset_flight/vi/vi_001040.jpg,-455.6431579589844,287.9500427246094,-472.7500915527344,276.8819580078125,20.37522211606943,-455.6431579589844,287.9500427246094,0.0,-466.7131042480469,277.6756286621094,15.10322135077237,0.3392261266708374,-469.1934246246134,277.34954589983374,17.204076832010923,0.008240639232099056,0.0028241933323442936,-97.49966632636806,-3.412076068280053,-0.0012598790926858783,-0.009570162743330002,-471.180419921875,274.81549072265625,0.26821357011795044,-471.180419921875,274.81549072265625,-471.1816798009677,274.8059205599129,20.345096844092403,34.54656293615699
1041,/yh/study/new_data/model_dataset_flight/vi/vi_001041.jpg,-455.37109375,287.7498474121094,-471.180419921875,274.81549072265625,20.426266839017174,-455.37109375,287.7498474121094,0.0,-468.1337585449219,277.9560241699219,16.08740458765025,0.3862004280090332,-469.38549155550606,276.66572344384724,17.867880400169916,0.007293939124792814,0.003217849414795637,-100.9114209488703,-3.4117563300495317,-0.0016852335538715124,-0.008741908706724644,-472.1840515136719,275.6668701171875,0.2742583751678467,-472.1840515136719,275.6668701171875,-472.18573674722575,275.6581282084808,20.70444128858859,33.22555706836283
1042,/yh/study/new_data/model_dataset_flight/vi/vi_001042.jpg,-455.0986328125,287.54937744140625,-472.1840515136719,275.6668701171875,20.811187195940214,-455.0986328125,287.54937744140625,0.0,-468.4107971191406,278.28863525390625,16.21650592422236,0.3853079080581665,-469.9610537767052,277.21147256281927,18.104249064679806,0.006455359514802694,0.0034540307242423296,-104.33966364802895,-3.428245047036177,-0.0020265267230570316,-0.00792744942009449,-472.96258544921875,276.6920471191406,0.2773418724536896,-472.96258544921875,276.6920471191406,-472.9646119759418,276.68411966972053,20.90460297479288,33.554643974639475
1043,/yh/study/new_data/model_dataset_flight/vi/vi_001043.jpg,-454.4962158203125,287.1932373046875,-472.96258544921875,276.6920471191406,21.243394328223943,-454.4962158203125,287.1932373046875,0.0,-467.6065979003906,278.2734680175781,15.85699853127613,0.35899966955184937,-469.80712680388524,277.6237349172158,18.055452669227506,0.0057138060219585896,0.003724711248651147,-107.80151770809323,-3.4618555541681637,-0.0023161880671977997,-0.007213424891233444,-472.6260681152344,276.8355712890625,0.26807284355163574,-472.6260681152344,276.8355712890625,-472.6283843033016,276.82835786417127,20.879961434995923,34.880649065598845
1044,/yh/study/new_data/model_dataset_flight/vi/vi_001044.jpg,-453.893798828125,286.8370666503906,-472.6260681152344,276.8355712890625,21.23506115148834,-453.893798828125,286.8370666503906,0.0,-459.1537780761719,280.7428894042969,8.050240865756166,0.32416367530822754,-464.6889223155766,279.13755213094896,13.259608400869977,0.005055909510701895,0.0037961886264383793,-111.26589893815041,-3.4643835779347145,-0.0025221940595656633,-0.006480487063527107,-469.41650390625,277.7358093261719,0.2531954348087311,-469.41650390625,277.7358093261719,-469.41902610030957,277.72932883910835,17.994089524732644,37.24428894929588
1045,/yh/study/new_data/model_dataset_flight/vi/vi_001045.jpg,-453.291015625,286.480712890625,-469.41650390625,277.7358093261719,18.344064725690323,-453.291015625,286.480712890625,0.0,-460.4323425292969,280.0992431640625,9.577144972541037,0.31472092866897583,-464.12352115945833,279.1282169201883,13.092072912619988,0.004473627079278231,0.003883066587150097,-114.75049752815085,-3.48459645556631,-0.002685819985345006,-0.005825860891491175,-469.32696533203125,277.9188537597656,0.25903695821762085,-469.32696533203125,277.9188537597656,-469.3296511520166,277.91302789887413,18.17847944089702,36.09781700652093
1046,/yh/study/new_data/model_dataset_flight/vi/vi_001046.jpg,-452.222412109375,285.8055725097656,-469.32696533203125,277.9188537597656,18.835234896020857,-452.222412109375,285.8055725097656,0.0,-460.10357666015625,280.460693359375,9.522630298860259,0.32272523641586304,-463.89304278112706,279.41636839483857,13.305094869960186,0.00395940663293004,0.004317978862673044,-118.24659815671357,-3.4961066049782503,-0.00289563718251884,-0.005389810539782047,-469.4000549316406,278.5770263671875,0.26404982805252075,-469.4000549316406,278.5770263671875,-469.40295056882314,278.5716365566477,18.636611609000035,36.139673087745905
1047,/yh/study/new_data/model_dataset_flight/vi/vi_001047.jpg,-451.1537780761719,285.1304016113281,-469.4000549316406,278.5770263671875,19.38745331849776,-451.1537780761719,285.1304016113281,0.0,-456.48504638671875,271.0110778808594,15.092306795345081,0.2888493537902832,-461.79122929563874,274.11957807335125,15.309918465850913,0.0035063487011939287,0.004391828551888466,-121.76425486229685,-3.5176618282251644,-0.003001816337928176,-0.004848184995353222,-467.8045654296875,271.65625,0.29140278697013855,-467.8045654296875,271.65625,-467.8075672460254,271.65140181500465,21.419651751068507,36.488819983787835
1048,/yh/study/new_data/model_dataset_flight/vi/vi_001048.jpg,-450.08428955078125,284.4546813964844,-467.8045654296875,271.65625,21.858820266315007,-450.08428955078125,284.4546813964844,0.0,-461.5036315917969,272.124267578125,16.80596553553811,0.31394627690315247,-464.09239545707493,271.9319806845095,18.789493452555774,0.0031028869561851025,0.004623456858098507,-125.29979300312723,-3.5355430500288465,-0.003128860844299197,-0.004419082775712013,-469.385009765625,270.9063415527344,0.3193455934524536,-469.385009765625,270.9063415527344,-469.3881386264693,270.90192246995866,23.581249189417893,36.49606800172478
1049,/yh/study/new_data/model_dataset_flight/vi/vi_001049.jpg,-448.42645263671875,283.37860107421875,-469.385009765625,270.9063415527344,24.388898591303477,-448.42645263671875,283.37860107421875,0.0,-440.91650390625,269.7064208984375,15.59896921893543,0.45961397886276245,-452.6129033865973,270.1994130978421,13.82813673630069,0.0027459326665848494,0.004836354870349169,-128.8587040512974,-3.5589142498213375,-0.003239972982555628,-0.004021269269287586,-451.1734619140625,264.07708740234375,0.23662084341049194,-451.1734619140625,264.07708740234375,-451.17670188704506,264.07306613307446,19.49601215621775,43.68479596450925
1050,/yh/study/new_data/model_dataset_flight/vi/vi_001050.jpg,-446.768798828125,282.3026123046875,-451.1734619140625,264.07708740234375,18.750221728464243,-446.768798828125,282.3026123046875,0.0,-441.3370666503906,269.7748718261719,13.654596147366421,0.4231478273868561,-445.37838898106764,267.4339143097082,14.933566874953067,0.0024301474913954735,0.00488773500546813,-132.42613917555175,-3.567435551141163,-0.003288201754912734,-0.003597743110731244,-445.1081237792969,264.2476501464844,0.29302290081977844,-445.1081237792969,264.2476501464844,-445.1114119810518,264.24405240337364,18.131174814444517,40.615641977638006
1051,/yh/study/new_data/model_dataset_flight/vi/vi_001051.jpg,-445.1108093261719,281.2264404296875,-445.1081237792969,264.2476501464844,16.978790495590516,-445.1108093261719,281.2264404296875,0.0,-441.3680419921875,269.76898193359375,12.053284303709564,0.41998398303985596,-442.9046695513327,267.50052068857536,13.902083492972531,0.002152159344404936,0.004836547188460827,-136.00565007425865,-3.5795044954045756,-0.003288007341325283,-0.003174565499648452,-441.6272277832031,265.0205078125,0.2574264109134674,-441.6272277832031,265.0205078125,-441.63051579054445,265.01733324700035,16.57611511661687,35.23841209243983
1052,/yh/study/new_data/model_dataset_flight/vi/vi_001052.jpg,-442.9400329589844,279.8542175292969,-441.6272277832031,265.0205078125,14.89168900399656,-442.9400329589844,279.8542175292969,0.0,-455.419677734375,280.6353454589844,12.50406712084002,0.3426124155521393,-449.7529945147329,274.21992696683674,8.840909189802527,0.00190514896530658,0.005006941966712475,-139.60429916301996,-3.598646100553536,-0.0033575473353266716,-0.0028570627328008413,-449.05877685546875,269.2542724609375,0.2245069444179535,-449.05877685546875,269.2542724609375,-449.0621344028041,269.2514153982047,12.239193695787359,37.330632912926376
1053,/yh/study/new_data/model_dataset_flight/vi/vi_001053.jpg,-440.7690124511719,278.48187255859375,-449.05877685546875,269.2542724609375,12.404386217826868,-440.7690124511719,278.48187255859375,0.0,-453.84625244140625,275.2245788574219,13.476801104782957,0.2820919156074524,-451.8792989513939,272.77165459865336,12.491799520767259,0.0016868506791070104,0.005279729142785072,-143.22413549858663,-3.619836335566678,-0.003465627785772085,-0.002590344985947013,-451.0036926269531,267.5726318359375,0.20879864692687988,-451.0036926269531,267.5726318359375,-451.0071582547389,267.57004149095155,14.958616628732457,36.613450036384165
1054,/yh/study/new_data/model_dataset_flight/vi/vi_001054.jpg,-438.4012145996094,276.98516845703125,-451.0036926269531,267.5726318359375,15.72953585053014,-438.4012145996094,276.98516845703125,0.0,-444.771240234375,266.8016662597656,12.011700278864978,0.4849229156970978,-447.3318682239832,267.11842054989404,13.308241372230121,0.0014927956508472562,0.005696913227438927,-146.89951493248387,-3.675381568331337,-0.0036367280408740044,-0.0023707973305135965,-446.13232421875,263.9043273925781,0.3116782009601593,-446.13232421875,263.9043273925781,-446.1359609467909,263.9019565952476,15.194685218741844,33.3368550054729
1055,/yh/study/new_data/model_dataset_flight/vi/vi_001055.jpg,-435.843017578125,275.36529541015625,-446.13232421875,263.9043273925781,15.402065414896743,-435.843017578125,275.36529541015625,0.0,-446.16571044921875,263.3403625488281,15.847933569723805,0.4536244869232178,-446.15199358291625,263.5720697602271,15.663816824053708,0.001322120544500649,0.005569677334278822,-150.58034485733876,-3.68082565598666,-0.003577347844839096,-0.002017349237576127,-446.45208740234375,261.2528381347656,0.29136520624160767,-446.45208740234375,261.2528381347656,-446.4556647501886,261.25082078552805,17.65541879664356,35.96486407332122
1056,/yh/study/new_data/model_dataset_flight/vi/vi_001056.jpg,-433.263427734375,273.73187255859375,-446.45208740234375,261.2528381347656,18.156735499218822,-433.263427734375,273.73187255859375,0.0,-441.86480712890625,263.6602783203125,13.244649409827609,0.3514578938484192,-443.74950957417957,262.67117189251854,15.241292975846758,0.0011695412686094642,0.005764083005487919,-154.274848820912,-3.6944979871577335,-0.0036500166170299053,-0.0017586081521585584,-442.400390625,261.0048828125,0.2798730731010437,-442.400390625,261.0048828125,-442.40404064161703,261.00312420434784,15.667174565371825,47.44866502005607
1057,/yh/study/new_data/model_dataset_flight/vi/vi_001057.jpg,-430.7010192871094,272.109375,-442.400390625,261.0048828125,16.130252212662555,-430.7010192871094,272.109375,0.0,-441.8673400878906,263.8262939453125,13.90309864686585,0.3597109913825989,-442.0863460327773,262.66710589832877,14.791284964261802,0.001034888788126409,0.005697866901755333,-157.9493949717305,-3.6745423088370717,-0.003599731018766761,-0.001458085491321981,-439.836181640625,260.7878112792969,0.2870531678199768,-439.836181640625,260.7878112792969,-439.83978137164377,260.78635319380555,14.547473880610005,37.7867859788239
1058,/yh/study/new_data/model_dataset_flight/vi/vi_001058.jpg,-426.8499755859375,269.60980224609375,-439.836181640625,260.7878112792969,15.699333499007146,-426.8499755859375,269.60980224609375,0.0,-435.137451171875,259.5954284667969,12.998843555446726,0.4508623778820038,-437.0679433755914,260.08532371375475,13.968627601285377,0.0009151434642262757,0.005806065164506435,-161.68407410800177,-3.73468297825268,-0.003624740056693554,-0.0011998859699815512,-433.9472961425781,258.770751953125,0.39852839708328247,-433.9472961425781,258.770751953125,-433.9509208826348,258.769552067155,12.955962732935733,35.09511798620224
1059,/yh/study/new_data/model_dataset_flight/vi/vi_001059.jpg,-422.6229553222656,266.8662109375,-433.9472961425781,258.770751953125,13.920386172168282,-422.6229553222656,266.8662109375,0.0,-432.03131103515625,259.1459045410156,12.170467865940044,0.5352622866630554,-432.8185011787311,258.991771600013,12.882389149185508,0.6334148645401001,0.005920102819800377,-165.45511717141417,-3.771043490299243,-0.6159798502922058,-0.1598181277513504,-432.1921691894531,258.61993408203125,0.44948187470436096,-432.1921691894531,258.61993408203125,-432.80814903974533,258.4601159542799,12.632139011783124,33.57105003669858
1060,/yh/study/new_data/model_dataset_flight/vi/vi_001060.jpg,-419.8501281738281,265.0935363769531,-432.1921691894531,258.61993408203125,13.936768029359875,-419.8501281738281,265.0935363769531,0.0,-429.0848083496094,258.4438781738281,11.379686822024357,0.4514884352684021,-430.3614799772646,258.51621144777624,12.399585475312422,0.5773789286613464,0.005495173390954733,-169.2131828754036,-3.75807039974445,-0.5698758959770203,-0.10857374966144562,-430.13800048828125,258.279296875,0.38999706506729126,-430.13800048828125,258.279296875,-430.70787638425827,258.17072312533855,12.339942331650885,34.54311401583254
1061,/yh/study/new_data/model_dataset_flight/vi/vi_001061.jpg,-417.0742492675781,263.3188781738281,-430.13800048828125,258.279296875,14.002106113864462,-417.0742492675781,263.3188781738281,0.0,-429.25616455078125,258.78912353515625,12.996835655408868,0.4720062017440796,-429.6184703722415,258.57965921299007,13.409611459003928,0.5247573256492615,0.005449399352073669,-173.05598390623615,-3.842804445927159,-0.5236127972602844,-0.0637722909450531,-430.0406799316406,258.59649658203125,0.4249087870121002,-430.0406799316406,258.59649658203125,-430.5642927289009,258.5327242910862,13.799609127235534,34.63221003767103
1062,/yh/study/new_data/model_dataset_flight/vi/vi_001062.jpg,-414.2997741699219,261.5451354980469,-430.0406799316406,258.59649658203125,16.01469904982146,-414.2997741699219,261.5451354980469,0.0,-424.093994140625,258.9794616699219,10.124693922625292,0.3881070911884308,-426.53721377917583,258.8221189320514,12.53673591525415,0.4757371246814728,0.005729942116886377,-176.92550463710182,-3.8695228652997793,-0.4779132008552551,-0.02566949650645256,-428.1759948730469,258.73846435546875,0.4192410111427307,-428.1759948730469,258.73846435546875,-428.65390807390213,258.7127948589623,14.157220910348743,33.24313007760793
1063,/yh/study/new_data/model_dataset_flight/vi/vi_001063.jpg,-411.2735290527344,259.6844177246094,-428.1759948730469,258.73846435546875,16.928915457979606,-411.2735290527344,259.6844177246094,0.0,-417.88970947265625,255.42840576171875,7.866859676975668,0.33738386631011963,-422.1158709651539,256.78835657217223,11.222457322015712,0.4304797649383545,0.005512582138180733,179.22580306653538,-3.8487035949359343,-0.4331965148448944,0.005853830836713314,-421.66021728515625,257.586669921875,0.33165597915649414,-421.66021728515625,257.586669921875,-422.09341380000114,257.5925237527117,10.596406857110006,33.73291599564254
1064,/yh/study/new_data/model_dataset_flight/vi/vi_001064.jpg,-408.52392578125,257.9938049316406,-421.66021728515625,257.586669921875,13.142599187062519,-408.52392578125,257.9938049316406,0.0,-418.3004150390625,256.5572509765625,9.881468993726278,0.33137649297714233,-419.6808032280106,256.98019186697974,11.20282668824641,0.38841161131858826,0.006106768734753132,175.3074328227258,-3.9183642673940713,-0.39015281200408936,0.03202544525265694,-419.87054443359375,257.6156921386719,0.3597920536994934,-419.87054443359375,257.6156921386719,-420.26069724559784,257.64771758392453,11.352916987537684,32.86123194266111
1065,/yh/study/new_data/model_dataset_flight/vi/vi_001065.jpg,-405.7723693847656,256.302001953125,-419.87054443359375,257.6156921386719,14.15924862452108,-405.7723693847656,256.302001953125,0.0,-416.779296875,254.72006225585938,11.120026348038122,0.36511191725730896,-418.0493482966152,255.90974337308785,12.28324378963523,0.3496250808238983,0.0056314654648303986,171.3647607658493,-3.9426694955555615,-0.3484456241130829,0.05291667580604553,-418.20574951171875,257.0619812011719,0.39576953649520874,-418.20574951171875,257.0619812011719,-418.55419513583183,257.1148978769779,12.456584999058723,33.6572069209069
1066,/yh/study/new_data/model_dataset_flight/vi/vi_001066.jpg,-403.11895751953125,254.65374755859375,-418.20574951171875,257.0619812011719,15.277790478101798,-403.11895751953125,254.65374755859375,0.0,-416.6593933105469,256.4581298828125,13.660131660513745,0.41435062885284424,-417.2947199398109,256.7062246118142,14.323578542047674,0.31396299600601196,0.005669994745403528,167.41319580267344,-3.951561548081272,-0.30918440222740173,0.06903613358736038,-418.94427490234375,257.37677001953125,0.38567766547203064,-418.94427490234375,257.37677001953125,-419.25345930457115,257.4458061531186,16.05788035792762,32.78477897401899
1067,/yh/study/new_data/model_dataset_flight/vi/vi_001067.jpg,-400.2083740234375,252.845703125,-418.94427490234375,257.37677001953125,19.276009673864483,-400.2083740234375,252.845703125,0.0,-413.7994079589844,256.0714416503906,13.968593074156612,0.4816748797893524,-415.9131971174325,256.6077410309734,16.149129933827997,0.28149938583374023,0.005461602006107569,163.46295589619658,-3.950237345155936,-0.2724732458591461,0.08090190589427948,-417.7813720703125,256.7980651855469,0.3705465793609619,-417.7813720703125,256.7980651855469,-418.05384531617165,256.87896709144115,18.01198007474811,33.86257798410952
1068,/yh/study/new_data/model_dataset_flight/vi/vi_001068.jpg,-397.2959899902344,251.03659057617188,-417.7813720703125,256.7980651855469,21.28016608584761,-397.2959899902344,251.03659057617188,0.0,-408.27105712890625,256.6754455566406,12.338913412011307,0.5450091361999512,-412.178408055157,256.72582432154326,15.932788458666208,0.2520323395729065,0.005489402450621128,159.52089855634537,-3.9420628893799,-0.2386751025915146,0.08913774788379669,-416.00152587890625,257.0791015625,0.37978118658065796,-416.00152587890625,257.0791015625,-416.24020098149776,257.1682393103838,19.657289027286737,34.74476793780923
1069,/yh/study/new_data/model_dataset_flight/vi/vi_001069.jpg,-394.5057373046875,249.26361083984375,-416.00152587890625,257.0791015625,22.872490499799955,-394.5057373046875,249.26361083984375,0.0,-407.52752685546875,255.6605224609375,14.508186702442178,0.47057777643203735,-411.0091032425048,256.24335135783525,17.91864573498792,0.2253185361623764,0.005391302984207869,155.637690126383,-3.88321397949107,-0.20771071314811707,0.09405705332756042,-413.8396301269531,255.24652099609375,0.445761501789093,-413.8396301269531,255.24652099609375,-414.04734084010124,255.3405780494213,20.238444248523987,35.84756993222982
1070,/yh/study/new_data/model_dataset_flight/vi/vi_001070.jpg,-391.71441650390625,247.489990234375,-413.8396301269531,255.24652099609375,23.445444063249223,-391.71441650390625,247.489990234375,0.0,-400.0135498046875,253.7214813232422,10.378202866333238,0.28237032890319824,-405.69405019678425,254.34804997159912,15.571228003801894,0.20130647718906403,0.005510975141078234,151.66944584125397,-3.968244712015851,-0.17962032556533813,0.09683917462825775,-408.398681640625,255.7190399169922,0.296274334192276,-408.398681640625,255.7190399169922,-408.57830196619034,255.81587909162045,18.603278254955786,49.83415105380118
1071,/yh/study/new_data/model_dataset_flight/vi/vi_001071.jpg,-388.9217834472656,245.71551513671875,-408.398681640625,255.7190399169922,21.895663298106097,-388.9217834472656,245.71551513671875,0.0,-398.73046875,242.7577667236328,10.244929626073072,0.24982422590255737,-402.7026926801348,248.08295764837973,13.982783819061174,0.17957709729671478,0.005138330161571503,147.73464216230133,-3.934801117631707,-0.15402010083198547,0.09723717719316483,-402.3418884277344,248.83877563476562,0.2311360239982605,-402.3418884277344,248.83877563476562,-402.49590852856636,248.9360128119588,13.778750807873047,38.43130997847766
1072,/yh/study/new_data/model_dataset_flight/vi/vi_001072.jpg,-386.143310546875,243.91171264648438,-402.3418884277344,248.83877563476562,16.93132821289451,-386.143310546875,243.91171264648438,0.0,-393.6138000488281,244.0945281982422,7.472726070501739,0.2668589949607849,-397.1997700636839,246.04372123019465,11.260140214395573,0.15994754433631897,0.0048506855964660645,143.78567267101008,-3.948969064404429,-0.1310044825077057,0.09593112021684647,-394.681396484375,245.03497314453125,0.29002660512924194,-394.681396484375,245.03497314453125,-394.8124009668827,245.1309042647481,8.611656380894896,37.38582006189972
1073,/yh/study/new_data/model_dataset_flight/vi/vi_001073.jpg,-383.36572265625,242.10845947265625,-394.681396484375,245.03497314453125,11.68798342128292,-383.36572265625,242.10845947265625,0.0,-390.3210754394531,242.34613037109375,6.959412316767526,0.28546342253685,-392.11253077806117,243.45085217747592,8.849218637469352,0.14217281341552734,0.004541339352726936,139.84596491623336,-3.939704766568953,-0.11040011793375015,0.09314362704753876,-391.259033203125,243.93966674804688,0.3113093078136444,-391.259033203125,243.93966674804688,-391.36943332105875,244.0328103750944,8.102942149296863,43.02074993029237
1074,/yh/study/new_data/model_dataset_flight/vi/vi_001074.jpg,-380.58837890625,240.30538940429688,-391.259033203125,243.93966674804688,11.27257002350003,-380.58837890625,240.30538940429688,0.0,-390.4393005371094,242.15499877929688,10.023059004985505,0.28349828720092773,-390.7760909811239,242.88823675129976,10.51002272777996,0.12618036568164825,0.004561570473015308,135.8851928580563,-3.960775473271619,-0.0922282263636589,0.0894216001033783,-390.77166748046875,243.5509490966797,0.3100040853023529,-390.77166748046875,243.5509490966797,-390.8638957068324,243.64037069678307,10.687985025374715,51.02714500389993
1075,/yh/study/new_data/model_dataset_flight/vi/vi_001075.jpg,-377.8736572265625,238.56005859375,-390.77166748046875,243.5509490966797,13.829955044110031,-377.8736572265625,238.56005859375,0.0,-386.28680419921875,241.368896484375,8.869645555450663,0.2525278925895691,-388.1294282136774,242.26540152635795,10.904604751588895,0.1118207648396492,0.004126101732254028,131.95795702870404,-3.927229852936748,-0.07614102214574814,0.08468806743621826,-388.5624694824219,241.6265869140625,0.28580236434936523,-388.5624694824219,241.6265869140625,-388.6386105045676,241.71127498149872,11.11999565558765,39.716838975436985
1076,/yh/study/new_data/model_dataset_flight/vi/vi_001076.jpg,-375.1526184082031,236.81068420410156,-388.5624694824219,241.6265869140625,14.248404287657438,-375.1526184082031,236.81068420410156,0.0,-377.9962158203125,239.98521423339844,4.261887744774931,0.2460949420928955,-382.3374033927546,240.65957876324092,8.150774478637523,0.09895459562540054,0.0037992876023054123,127.98092912030238,-3.9770279084016646,-0.06206561625003815,0.0794948861002922,-381.8822937011719,240.25521850585938,0.2707977890968323,-381.8822937011719,240.25521850585938,-381.9443593174219,240.33471339195967,7.55998320796946,38.91041805036366
1077,/yh/study/new_data/model_dataset_flight/vi/vi_001077.jpg,-372.1733093261719,234.895263671875,-381.8822937011719,240.25521850585938,11.090243163084686,-372.1733093261719,234.895263671875,0.0,-374.360595703125,239.79762268066406,5.368178978560607,0.2570362687110901,-377.45091540554495,239.98562775541095,7.332457461996514,0.08746788650751114,0.0038093682378530502,123.96669034130248,-4.0142323756975475,-0.04993342608213425,0.07412225753068924,-377.19970703125,239.65516662597656,0.3215974271297455,-377.19970703125,239.65516662597656,-377.24964045733213,239.72928888350725,6.922524830008154,40.37972597870976
1078,/yh/study/new_data/model_dataset_flight/vi/vi_001078.jpg,-369.3402099609375,233.13587951660156,-377.19970703125,239.65516662597656,10.211405320165968,-369.3402099609375,233.13587951660156,0.0,-369.9046630859375,239.7099609375,6.598269004740886,0.23980949819087982,-372.90186106438233,239.6874484754834,7.457104961421271,0.07728713750839233,0.0036284152884036303,119.9359361648895,-4.030751188205223,-0.03947405144572258,0.06854795664548874,-373.7288818359375,239.06329345703125,0.30365484952926636,-373.7288818359375,239.06329345703125,-373.7683558873832,239.13184141367674,7.375274696417497,38.67632197216153
1079,/yh/study/new_data/model_dataset_flight/vi/vi_001079.jpg,-366.507080078125,231.37649536132812,-373.7288818359375,239.06329345703125,10.547098444275985,-366.507080078125,231.37649536132812,0.0,-368.1326904296875,235.44723510742188,4.3833242060717525,0.22290918231010437,-370.4319080485999,236.93290714128972,6.802792549116726,0.06827911734580994,0.003351374063640833,115.91065980019087,-4.025282768000982,-0.030568091198801994,0.06292270869016647,-371.9090881347656,236.46170043945312,0.2943626642227173,-371.9090881347656,236.46170043945312,-371.9396562259644,236.5246231481433,7.41896230820716,37.349682999774814
1080,/yh/study/new_data/model_dataset_flight/vi/vi_001080.jpg,-363.676513671875,229.61871337890625,-371.9090881347656,236.46170043945312,10.705220885056544,-363.676513671875,229.61871337890625,0.0,-361.803466796875,234.33480834960938,5.074431630107807,0.2275206446647644,-365.9554017368032,235.20865047034755,6.036615566585585,0.060258813202381134,0.0032756561413407326,111.90353807830613,-4.007119160563802,-0.023090235888957977,0.057428523898124695,-366.41461181640625,235.2649383544922,0.2547978460788727,-366.41461181640625,235.2649383544922,-366.4377020522952,235.3223668783903,6.275112582576977,35.854138899594545
1081,/yh/study/new_data/model_dataset_flight/vi/vi_001081.jpg,-361.0223388671875,227.96498107910156,-366.41461181640625,235.2649383544922,9.075570713812152,-361.0223388671875,227.96498107910156,0.0,-361.4569396972656,234.28121948242188,6.331172517716045,0.23167115449905396,-363.49381911357517,234.68538431498902,7.16044930581951,0.053143661469221115,0.0028951859567314386,107.86812571287919,-4.035414499861049,-0.01675008051097393,0.05195805802941322,-362.1285400390625,234.25686645507812,0.25995680689811707,-362.1285400390625,234.25686645507812,-362.1452901195735,234.30882451310754,6.388388107894303,35.914871958084404
1082,/yh/study/new_data/model_dataset_flight/vi/vi_001082.jpg,-358.10552978515625,226.1476287841797,-362.1285400390625,234.25686645507812,9.052311699568964,-358.10552978515625,226.1476287841797,0.0,-353.6712341308594,229.96975708007812,5.85419872057856,0.3213036358356476,-357.1459520847442,231.73113311131894,5.665360529949605,0.04684861749410629,0.00253047002479434,103.85911885878353,-4.009011976737542,-0.011524968780577183,0.046713147312402725,-355.7572326660156,230.531005859375,0.3379327952861786,-355.7572326660156,230.531005859375,-355.7687576347962,230.5777190066874,4.972775275750149,40.15516198705882
1083,/yh/study/new_data/model_dataset_flight/vi/vi_001083.jpg,-355.1899719238281,224.33103942871094,-355.7572326660156,230.531005859375,6.225862871200135,-355.1899719238281,224.33103942871094,0.0,-350.8186340332031,229.884765625,7.067706107172341,0.34199321269989014,-352.8476770313782,230.15027600966368,6.2729466559421265,0.04128561541438103,0.002636189805343747,99.82912283336842,-4.029999013622875,-0.007272894028574228,0.04197834059596062,-351.88494873046875,229.656494140625,0.3776666820049286,-351.88494873046875,229.656494140625,-351.8922216244973,229.69847248122096,6.267666726724634,36.630696966312826
1084,/yh/study/new_data/model_dataset_flight/vi/vi_001084.jpg,-351.1648864746094,221.77389526367188,-351.88494873046875,229.656494140625,7.91541879544323,-351.1648864746094,221.77389526367188,0.0,-350.65576171875,227.6321258544922,5.8803123787985765,0.3299831748008728,-351.16077811814006,228.46384566047414,6.6899516582907825,0.03635402396321297,0.0020377757027745247,95.80623703487929,-4.0228840909418375,-0.0037808155175298452,0.03718117997050285,-350.99981689453125,229.05101013183594,0.3884561359882355,-350.99981689453125,229.05101013183594,-351.0035977100488,229.08819131180644,7.278986795613908,37.55135810934007
1085,/yh/study/new_data/model_dataset_flight/vi/vi_001085.jpg,-346.7442321777344,218.96543884277344,-350.99981689453125,229.05101013183594,10.946631879651246,-346.7442321777344,218.96543884277344,0.0,-349.4173583984375,227.5017547607422,8.945070890897245,0.29483842849731445,-350.06751779994636,228.1382725255626,9.756285414998489,0.03199497610330582,0.0020689694210886955,91.78064648147883,-4.025588845853163,-0.0010263290023431182,0.03301351144909859,-349.76165771484375,228.77175903320312,0.3780088722705841,-349.76165771484375,228.77175903320312,-349.7626840438461,228.80477254465222,10.260057141616159,39.19954504817724
1086,/yh/study/new_data/model_dataset_flight/vi/vi_001086.jpg,-343.8734130859375,217.12535095214844,-349.76165771484375,228.77175903320312,13.05029677824605,-343.8734130859375,217.12535095214844,0.0,-345.96661376953125,221.3138427734375,4.682408871382625,0.2426431030035019,-347.52582275117265,224.37795749361592,8.120369327071284,0.028148049488663673,0.0017908301670104265,87.753956267622,-4.026688506309535,0.0011382370721548796,0.02902115136384964,-348.47723388671875,226.4351806640625,0.32977455854415894,-348.47723388671875,226.4351806640625,-348.4760956496466,226.46420181542635,10.385956635310201,37.04975196160376
1087,/yh/study/new_data/model_dataset_flight/vi/vi_001087.jpg,-341.0033264160156,215.28573608398438,-348.47723388671875,226.4351806640625,13.422719818459502,-341.0033264160156,215.28573608398438,0.0,-341.8245849609375,220.9986572265625,5.7716491212584415,0.2368026077747345,-344.55785237661456,223.23227462198793,8.705293190958443,0.024768929928541183,0.0018313236068934202,83.6985382781161,-4.055415001298139,0.0028191320598125458,0.02552940882742405,-346.1044616699219,225.83143615722656,0.28479400277137756,-346.1044616699219,225.83143615722656,-346.10164253786206,225.856965566054,11.714664780241279,37.11129492148757
1088,/yh/study/new_data/model_dataset_flight/vi/vi_001088.jpg,-338.39044189453125,213.61097717285156,-346.1044616699219,225.83143615722656,14.45149538573463,-338.39044189453125,213.61097717285156,0.0,-341.7325134277344,220.8677978515625,7.989423539656247,0.23661106824874878,-343.5287458468372,222.9071284994645,10.621704053190822,0.021786563098430634,0.0015902563463896513,79.6737536870377,-4.0247833104179245,0.0040478333830833435,0.022215936332941055,-345.2417907714844,223.71722412109375,0.260531485080719,-345.2417907714844,223.71722412109375,-345.2377429381013,223.7394400574267,12.209717802331935,38.65374601446092
1089,/yh/study/new_data/model_dataset_flight/vi/vi_001089.jpg,-335.52252197265625,211.7858123779297,-345.2417907714844,223.71722412109375,15.389047149475733,-335.52252197265625,211.7858123779297,0.0,-336.67779541015625,215.7691650390625,4.147499865985161,0.2363189458847046,-340.19634715251783,219.03465689789238,8.624986300655857,0.01915048249065876,0.0010242525022476912,75.64502807680822,-4.028726037116314,0.00487492373213172,0.01904870942234993,-340.55364990234375,219.01976013183594,0.22187943756580353,-340.55364990234375,219.01976013183594,-340.5487749786116,219.0388088412583,8.811483890419758,37.89133997634053
1090,/yh/study/new_data/model_dataset_flight/vi/vi_001090.jpg,-332.6539611816406,209.96022033691406,-340.55364990234375,219.01976013183594,12.019997636429771,-332.6539611816406,209.96022033691406,0.0,-336.5961608886719,215.65321350097656,6.9246739776093165,0.23689807951450348,-338.2221110762806,217.036372647377,9.004233713650994,0.01683364063501358,0.0009397014509886503,71.62846703349052,-4.016560616430875,0.005453672260046005,0.01642157882452011,-338.48321533203125,215.95819091796875,0.2620936930179596,-338.48321533203125,215.95819091796875,-338.4777616597712,215.97461249679327,8.363961683379703,36.98692703619599
1091,/yh/study/new_data/model_dataset_flight/vi/vi_001091.jpg,-330.0468444824219,208.301025390625,-338.48321533203125,215.95819091796875,11.39317940810555,-330.0468444824219,208.301025390625,0.0,-332.65655517578125,210.8037567138672,3.6158337875754,0.2313026785850525,-335.0504618022957,212.92147661965157,6.810635494838509,0.014798171818256378,0.0009137974120676517,67.60322481973773,-4.0252443481869005,0.0058124614879488945,0.01410434115678072,-335.08984375,211.9594268798828,0.27766916155815125,-335.08984375,211.9594268798828,-335.08403128851205,211.9735312210396,6.2302281715357175,39.49415893293917
1092,/yh/study/new_data/model_dataset_flight/vi/vi_001092.jpg,-327.2398376464844,206.50228881835938,-335.08984375,211.9594268798828,9.560489090405383,-327.2398376464844,206.50228881835938,0.0,-332.9334716796875,210.80471801757812,7.136411249244187,0.23420286178588867,-333.81942576829425,211.27913477143684,8.130758704579433,0.01300838403403759,0.0008017579093575478,63.600474418921806,-4.00274869326864,0.00596213061362505,0.012010883539915085,-334.3278503417969,210.64971923828125,0.27792084217071533,-334.3278503417969,210.64971923828125,-334.32188821118325,210.66173012182117,8.212253226551438,37.679089000448585
1093,/yh/study/new_data/model_dataset_flight/vi/vi_001093.jpg,-324.429443359375,204.7013702392578,-334.3278503417969,210.64971923828125,11.548217031379401,-324.429443359375,204.7013702392578,0.0,-328.416259765625,210.7198486328125,7.219195746814791,0.2364019900560379,-330.84506039480846,210.69103569061582,8.77702877769782,0.01142878457903862,0.00032436009496450424,59.610475981286285,-3.9899980107486956,0.005863592028617859,0.009998437948524952,-331.501220703125,210.13015747070312,0.28274738788604736,-331.501220703125,210.13015747070312,-331.4953571110964,210.14015590865165,8.915254657264674,37.597386981360614
1094,/yh/study/new_data/model_dataset_flight/vi/vi_001094.jpg,-321.6215515136719,202.90203857421875,-331.501220703125,210.13015747070312,12.241469114233956,-321.6215515136719,202.90203857421875,0.0,-324.27520751953125,206.6254119873047,4.57224231321009,0.24724724888801575,-327.24404393346396,208.06535068493997,7.63362384214338,0.010046317242085934,0.0007421688642352819,55.613056543117544,-3.9974194381687376,0.005883529782295227,0.008596879430115223,-329.10308837890625,207.3353729248047,0.3035992980003357,-329.10308837890625,207.3353729248047,-329.09720484912395,207.3439698042348,8.696427273883582,36.234959959983826
1095,/yh/study/new_data/model_dataset_flight/vi/vi_001095.jpg,-318.77154541015625,201.1204833984375,-329.10308837890625,207.3353729248047,12.056767060040437,-318.77154541015625,201.1204833984375,0.0,-324.8570556640625,206.60971069335938,8.195428685902492,0.251234769821167,-326.601555185209,206.90785192313487,9.736667166853326,0.008830448612570763,0.0001443109940737486,51.64942946586745,-3.9636300654578616,0.005523811560124159,0.006981680169701576,-327.7154235839844,206.58889770507812,0.2858724296092987,-327.7154235839844,206.58889770507812,-327.70989977242425,206.59587938524783,10.483153715240036,35.53315799217671
1096,/yh/study/new_data/model_dataset_flight/vi/vi_001096.jpg,-315.9222717285156,199.33937072753906,-327.7154235839844,206.58889770507812,13.843195876827457,-315.9222717285156,199.33937072753906,0.0,-319.4256286621094,206.60507202148438,8.066221240270936,0.23000741004943848,-322.8315240573703,206.59842673890637,10.021559854630995,0.007765653543174267,0.0004471424035727978,47.678869746609784,-3.970561426804955,0.005379027221351862,0.005907095968723297,-324.2456970214844,206.51773071289062,0.26308226585388184,-324.2456970214844,206.51773071289062,-324.240317994263,206.52363780885935,10.991281121276463,37.06796804908663
1097,/yh/study/new_data/model_dataset_flight/vi/vi_001097.jpg,-313.0736999511719,197.55870056152344,-324.2456970214844,206.51773071289062,14.320535597252551,-313.0736999511719,197.55870056152344,0.0,-320.2359619140625,202.32542419433594,8.60346736012191,0.24646195769309998,-321.8833776182251,204.04785009288136,10.941639833119122,0.006827852223068476,-3.664824180305004e-05,43.754710917478604,-3.924159682904827,0.004918570630252361,0.004709282424300909,-322.2620849609375,204.72044372558594,0.25483912229537964,-322.2620849609375,204.72044372558594,-322.25716639030725,204.72515300801024,11.649763269512459,37.80886100139469
1098,/yh/study/new_data/model_dataset_flight/vi/vi_001098.jpg,-310.3135681152344,195.83432006835938,-322.2620849609375,204.72044372558594,14.890609405379383,-310.3135681152344,195.83432006835938,0.0,-305.76239013671875,189.7535400390625,7.5953345388350915,0.2796548902988434,-312.5413557389591,195.90275227261608,2.2288384111461608,0.006005023140460253,-0.00020642788149416447,39.84291473074514,-3.9117983211675735,0.004531431943178177,0.003781200386583805,-314.073486328125,195.38339233398438,0.2158491164445877,-314.073486328125,195.38339233398438,-314.0689548961818,195.38717353437096,3.7868616015448997,35.88605602271855
1099,/yh/study/new_data/model_dataset_flight/vi/vi_001099.jpg,-307.3031921386719,193.95361328125,-314.073486328125,195.38339233398438,6.919620766442389,-307.3031921386719,193.95361328125,0.0,-302.0217590332031,187.09642028808594,8.655323875687126,0.24869892001152039,-306.9732593882241,190.501155893463,3.468186505120956,0.005280682817101479,-1.2577511370182037e-05,35.952964904071976,-3.8899481191258793,0.004269618075340986,0.0030967071652412415,-306.8196716308594,188.4645538330078,0.29363173246383667,-306.8196716308594,188.4645538330078,-306.81540201278403,188.46765054017305,5.510314483567348,38.94610598217696
1100,/yh/study/new_data/model_dataset_flight/vi/vi_001100.jpg,-304.5564880371094,192.2376251220703,-306.8196716308594,188.4645538330078,4.399780327626247,-304.5564880371094,192.2376251220703,0.0,-301.873779296875,187.21900939941406,5.690644072213832,0.24652455747127533,-303.9058189413447,187.73074631099624,4.55360592167259,0.00464802049100399,-0.00020366348326206207,32.088413135827494,-3.864553048904949,0.003851664485409856,0.0024150596000254154,-305.2955017089844,186.3790740966797,0.3254733979701996,-305.2955017089844,186.3790740966797,-305.29165004449897,186.3814891562797,5.904977673482239,39.73428707104176
1101,/yh/study/new_data/model_dataset_flight/vi/vi_001101.jpg,-301.740234375,190.4744415283203,-305.2955017089844,186.3790740966797,5.423279470600708,-301.740234375,190.4744415283203,0.0,-295.4024353027344,188.47280883789062,6.64636972397773,0.2507755756378174,-299.4670411989724,187.61258954643736,3.6548056010882033,0.0040925596840679646,-0.0007291371002793312,28.275729824140093,-3.8126816041401104,0.003283160272985697,0.0017660061130300164,-301.07177734375,186.48843383789062,0.27698129415512085,-301.07177734375,186.48843383789062,-301.068494183477,186.49019984400366,4.041669470749949,39.229286019690335
1102,/yh/study/new_data/model_dataset_flight/vi/vi_001102.jpg,-298.9256286621094,188.7122802734375,-301.07177734375,186.48843383789062,3.090541559759767,-298.9256286621094,188.7122802734375,0.0,-295.662353515625,184.25323486328125,5.525581476324292,0.23809349536895752,-297.88483692816504,185.171575300754,3.69050662335573,0.003604562021791935,-0.0002781730145215988,24.475233277479283,-3.800494412226692,0.0031540694180876017,0.0014357460895553231,-297.9028625488281,185.20208740234375,0.26518163084983826,-297.9028625488281,185.20208740234375,-297.89970847941004,185.2035231484333,3.6561598043239054,40.26415594853461
1103,/yh/study/new_data/model_dataset_flight/vi/vi_001103.jpg,-296.11077880859375,186.949951171875,-297.9028625488281,185.20208740234375,2.503316178362697,-296.11077880859375,186.949951171875,0.0,-292.108642578125,185.1126708984375,4.403713570430438,0.24059544503688812,-294.4892210246764,185.14940802665174,2.423098277906495,0.003174944082275033,-0.0005356026813387871,20.701599864824136,-3.7736338395419704,0.0027194407302886248,0.001027677790261805,-295.10504150390625,185.3347625732422,0.2962469756603241,-295.10504150390625,185.3347625732422,-295.10232206317596,185.33579025103245,1.9027195629397164,37.14009397663176
1104,/yh/study/new_data/model_dataset_flight/vi/vi_001104.jpg,-293.50213623046875,185.28282165527344,-295.10504150390625,185.3347625732422,1.6037466054751863,-293.50213623046875,185.28282165527344,0.0,-288.3709716796875,184.96641540527344,5.140910674407134,0.24221962690353394,-291.13769119709684,185.11775231228566,2.3702000345606904,0.002798953326418996,-0.00018865405581891537,16.93561967913399,-3.765979758803325,0.002587334020063281,0.0007878494216129184,-292.4324951171875,185.45936584472656,0.3054218590259552,-292.4324951171875,185.45936584472656,-292.42990778316744,185.46015369414818,1.0841125227812898,39.70016096718609
1105,/yh/study/new_data/model_dataset_flight/vi/vi_001105.jpg,-290.6324768066406,183.4488983154297,-292.4324951171875,185.45936584472656,2.6985265617853584,-290.6324768066406,183.4488983154297,0.0,-288.3332214355469,180.6809844970703,3.5983221322400016,0.24417665600776672,-290.01742442099976,182.64420158291617,1.012830819239055,0.0024694534949958324,-0.00024152291007339954,13.229912497774619,-3.7057067544725473,0.0022863568738102913,0.0005375195760279894,-291.57666015625,182.5871124267578,0.29825156927108765,-291.57666015625,182.5871124267578,-291.5743737993762,182.58764994633384,1.2783415488802485,38.37582503911108
1106,/yh/study/new_data/model_dataset_flight/vi/vi_001106.jpg,-287.7671813964844,181.6177520751953,-291.57666015625,182.5871124267578,3.930876227037277,-287.7671813964844,181.6177520751953,0.0,-284.54156494140625,179.9141845703125,3.64784097226886,0.29480451345443726,-287.4319619443805,181.0123676694033,0.6919988149158923,0.0021781250834465027,-0.000811020378023386,9.5723666878003,-3.657545809974318,0.0017479336820542812,0.0002947737812064588,-289.164794921875,181.18702697753906,0.2911837100982666,-289.164794921875,181.18702697753906,-289.16304698819295,181.18732175132027,1.462479974599925,37.842690013349056
1107,/yh/study/new_data/model_dataset_flight/vi/vi_001107.jpg,-285.0561218261719,179.91217041015625,-289.164794921875,181.18702697753906,4.301912815801105,-285.0561218261719,179.91217041015625,0.0,-284.454345703125,179.970458984375,0.6045924744435563,0.29471105337142944,-286.38965260214326,180.47029080952734,1.4456149939236882,0.0019223421113565564,-0.0007301811128854752,5.9234785694857965,-3.648888118314504,0.0015489368233829737,0.0001607085723662749,-288.2986755371094,180.696044921875,0.29420819878578186,-288.2986755371094,180.696044921875,-288.297126600286,180.69620563044737,3.33595770633215,36.295758094638586
1108,/yh/study/new_data/model_dataset_flight/vi/vi_001108.jpg,-282.34503173828125,178.20655822753906,-288.2986755371094,180.696044921875,6.45317119597801,-282.34503173828125,178.20655822753906,0.0,-281.5367431640625,179.42678833007812,1.46365703713509,0.3711917996406555,-284.3149101210826,179.94826747668503,2.6294432778800827,0.0016976649640128016,-0.0005700893234461546,2.309555043306234,-3.6139235261795624,0.0014114727964624763,5.692637205356732e-05,-286.2713928222656,180.4066162109375,0.31380659341812134,-286.2713928222656,180.4066162109375,-286.26998134946916,180.40667313730955,4.500729551099705,36.15242301020771
1109,/yh/study/new_data/model_dataset_flight/vi/vi_001109.jpg,-279.3623046875,176.330078125,-286.2713928222656,180.4066162109375,8.022073399069477,-279.3623046875,176.330078125,0.0,-276.84619140625,177.13943481445312,2.643082347344699,0.30202874541282654,-280.7185731002176,178.4817693569404,2.5434699064358326,0.0014994875527918339,-0.0003525414504110813,-1.2886704670048175,-3.5982256170327576,0.0013228821335360408,-2.9758679374936037e-05,-284.63763427734375,178.76380920410156,0.3570834994316101,-284.63763427734375,178.76380920410156,-284.6363113952102,178.7637794454222,5.809659994084497,35.67236999515444
1110,/yh/study/new_data/model_dataset_flight/vi/vi_001110.jpg,-274.939453125,173.52549743652344,-284.63763427734375,178.76380920410156,11.022460153614665,-274.939453125,173.52549743652344,0.0,-264.68310546875,170.69093322753906,10.64083744358122,0.297094464302063,-272.88150342965145,174.00770660664068,2.113689341490459,0.0013253538636490703,-0.0006303295958787203,-4.834640974740452,-3.5459704010139284,0.0010065948590636253,-8.513904322171584e-05,-281.11859130859375,174.9735107421875,0.314777672290802,-281.11859130859375,174.9735107421875,-281.1175847137347,174.97342560314428,6.346533796122608,33.62981998361647
1111,/yh/study/new_data/model_dataset_flight/vi/vi_001111.jpg,-270.86553955078125,170.9422149658203,-281.11859130859375,174.9735107421875,11.017096531524897,-270.86553955078125,170.9422149658203,0.0,-264.7593078613281,172.8817901611328,6.40687266796782,0.31380701065063477,-271.48058488783,173.74118192683108,2.86574542055906,0.0011719862231984735,-0.0007225382141768932,-8.362830685797544,-3.5281888572834466,0.0008020966779440641,-0.00011791169526986778,-279.2663879394531,174.57688903808594,0.26010993123054504,-279.2663879394531,174.57688903808594,-279.2655858427752,174.57677112639067,9.153420631711995,33.54558697901666
1112,/yh/study/new_data/model_dataset_flight/vi/vi_001112.jpg,-268.18585205078125,169.2104949951172,-279.2663879394531,174.57688903808594,12.311639233041062,-268.18585205078125,169.2104949951172,0.0,-260.3446960449219,167.88882446289062,7.951763358147713,0.2916432023048401,-268.1187488292764,170.6366425397597,1.4277253452349201,0.001036771573126316,-0.0005660434253513813,-11.822997689136834,-3.460166789895878,0.0007377592264674604,-0.0001544350088806823,-265.71795654296875,171.15115356445312,0.2048361748456955,-265.71795654296875,171.15115356445312,-265.7172187837423,171.15099912944424,3.1395324365609163,33.299481961876154
1113,/yh/study/new_data/model_dataset_flight/vi/vi_001113.jpg,-265.2349853515625,167.3035430908203,-265.71795654296875,171.15115356445312,3.877804472705823,-265.2349853515625,167.3035430908203,0.0,-257.4194030761719,169.23333740234375,8.05030635368545,0.2618429660797119,-260.82889695464013,170.0212798420595,5.1768434407976915,0.0009176001767627895,-0.0007788504008203745,-15.281592041419728,-3.4585941388394827,0.000509499863255769,-0.0001392074627801776,-258.63580322265625,170.75515747070312,0.33906012773513794,-258.63580322265625,170.75515747070312,-258.635293722793,170.75501826324034,7.447338222337525,35.185266053304076
1114,/yh/study/new_data/model_dataset_flight/vi/vi_001114.jpg,-262.28704833984375,165.39849853515625,-258.63580322265625,170.75515747070312,6.482698963977869,-262.28704833984375,165.39849853515625,0.0,-257.40789794921875,169.1405029296875,6.148878387399386,0.26383620500564575,-257.91238774131017,169.80389020500726,6.208472526890563,0.634002685546875,-0.0004903257358819246,-18.72721074182689,-3.445618913850574,0.6002050638198853,-0.2034759670495987,-257.5199890136719,170.651123046875,0.3481485843658447,-257.5199890136719,170.651123046875,-256.919783949852,170.4476470798254,7.0933009861665175,50.42946501635015
1115,/yh/study/new_data/model_dataset_flight/vi/vi_001115.jpg,-259.55682373046875,163.6753387451172,-257.5199890136719,170.651123046875,7.267066965991145,-259.55682373046875,163.6753387451172,0.0,-255.5897674560547,163.1080322265625,4.007414649167543,0.2642190158367157,-256.38280670212504,166.20714125556205,4.0600995120945935,0.5785791873931885,-0.0006031552329659462,-22.159775243182867,-3.432564714799387,0.5355634689331055,-0.21812091767787933,-257.2381591796875,166.83383178710938,0.3042554259300232,-257.2381591796875,166.83383178710938,-256.7025957107544,166.6157108694315,3.9181990244706406,33.110553049482405
1116,/yh/study/new_data/model_dataset_flight/vi/vi_001116.jpg,-256.5542907714844,161.7803192138672,-257.2381591796875,166.83383178710938,5.099575014415922,-256.5542907714844,161.7803192138672,0.0,-256.1419372558594,163.9823455810547,2.2403025562716468,0.2733743190765381,-256.5923244171507,165.1538900921528,3.373785267176836,0.5268527865409851,-0.0005158036947250366,-25.58083087578737,-3.4210549922742692,0.474976509809494,-0.22737523913383484,-257.8992614746094,164.2050018310547,0.35312971472740173,-257.8992614746094,164.2050018310547,-257.4242849647999,163.97762659192085,2.7727300601313107,31.724018044769764
1117,/yh/study/new_data/model_dataset_flight/vi/vi_001117.jpg,-253.82090759277344,160.05516052246094,-257.8992614746094,164.2050018310547,5.818432200515646,-253.82090759277344,160.05516052246094,0.0,-248.652587890625,158.70724487304688,5.3411988487184265,0.24272415041923523,-252.45162071085431,160.9660203052511,1.6445704937461174,0.4788075387477875,-0.0005430737510323524,-28.91005290745376,-3.3292237392136825,0.418900728225708,-0.23134152591228485,-254.8141632080078,161.10801696777344,0.284936785697937,-254.8141632080078,161.10801696777344,-254.3952624797821,160.87667544186115,1.4474333876316001,36.35639196727425
1118,/yh/study/new_data/model_dataset_flight/vi/vi_001118.jpg,-251.05770874023438,158.3080596923828,-254.8141632080078,161.10801696777344,4.68515857922311,-251.05770874023438,158.3080596923828,0.0,-244.05303955078125,158.93142700195312,7.032352185173523,0.26324933767318726,-248.47429024001926,159.82568769378238,2.996205249625897,0.434405654668808,-0.0006203071679919958,-32.232055429167445,-3.322003802374156,0.367199182510376,-0.23152467608451843,-249.52906799316406,159.59561157226562,0.25081828236579895,-249.52906799316406,159.59561157226562,-249.1618688106537,159.3640868961811,1.9986326268210093,36.0694871051237
1119,/yh/study/new_data/model_dataset_flight/vi/vi_001119.jpg,-248.29263305664062,156.55978393554688,-249.52906799316406,159.59561157226562,3.277959852121601,-248.29263305664062,156.55978393554688,0.0,-243.28985595703125,160.24749755859375,6.215063191471306,0.2768142819404602,-245.85326117322626,159.97966759416227,4.200730820233206,0.3933177590370178,-0.0008028699085116386,-35.58515238707762,-3.3530993057876968,0.3195398449897766,-0.22864283621311188,-244.2613525390625,160.36669921875,0.27465686202049255,-244.2613525390625,160.36669921875,-243.94181269407272,160.1380563825369,5.544711587169389,37.32523904182017
1120,/yh/study/new_data/model_dataset_flight/vi/vi_001120.jpg,-245.52838134765625,154.81201171875,-244.2613525390625,160.36669921875,5.697360373406508,-245.52838134765625,154.81201171875,0.0,-238.82635498046875,154.90988159179688,6.702740927301807,0.24837203323841095,-241.05934546244342,157.15183693611735,5.044508280412295,0.35511428117752075,-0.00016508274711668491,-38.95964149746827,-3.3744880431735917,0.2760688066482544,-0.22323431074619293,-240.04446411132812,158.43887329101562,0.2792772650718689,-240.04446411132812,158.43887329101562,-239.76839530467987,158.21563898026943,6.574760308883799,36.93375107832253
1121,/yh/study/new_data/model_dataset_flight/vi/vi_001121.jpg,-242.76480102539062,153.04612731933594,-240.04446411132812,158.43887329101562,6.040028314592456,-242.76480102539062,153.04612731933594,0.0,-238.53341674804688,154.0514678955078,4.349174930564358,0.24045515060424805,-239.1542366000604,155.85405094786674,4.5739053961709635,0.3199714720249176,-0.00030241813510656357,-42.288849868756316,-3.3292081578446386,0.2365908920764923,-0.21519699692726135,-238.16043090820312,156.65765380859375,0.2640082836151123,-238.16043090820312,156.65765380859375,-237.92384001612663,156.4424568116665,5.8517815884275866,36.175029003061354
1122,/yh/study/new_data/model_dataset_flight/vi/vi_001122.jpg,-240.00369262695312,151.2818145751953,-238.16043090820312,156.65765380859375,5.683067941451616,-240.00369262695312,151.2818145751953,0.0,-233.52845764160156,150.852783203125,6.489432643439748,0.2263994812965393,-235.4315223818475,153.23773750556265,4.972964433792595,0.28777602314949036,-3.487500362098217e-05,-45.622924749828,-3.3340708256468647,0.20125186443328857,-0.20567619800567627,-233.3759002685547,152.86659240722656,0.24797669053077698,-233.3759002685547,152.86659240722656,-233.1746484041214,152.6609162092209,6.814627819840376,37.27633191738278
1123,/yh/study/new_data/model_dataset_flight/vi/vi_001123.jpg,-237.23583984375,149.51321411132812,-233.3759002685547,152.86659240722656,5.113147711494523,-237.23583984375,149.51321411132812,0.0,-231.2020721435547,138.89068603515625,12.216564794940515,0.3257933259010315,-232.09519812203808,144.63274305898258,7.088384512975297,0.2584080994129181,0.00010554143227636814,-48.96054449907892,-3.3376174013733935,0.16969987750053406,-0.19494611024856567,-229.7660369873047,143.60244750976562,0.30761128664016724,-229.7660369873047,143.60244750976562,-229.59633710980415,143.40750139951706,9.525498230135012,37.9914129152894
1124,/yh/study/new_data/model_dataset_flight/vi/vi_001124.jpg,-234.49920654296875,147.7901611328125,-229.7660369873047,143.60244750976562,6.319797420117003,-234.49920654296875,147.7901611328125,0.0,-231.00509643554688,138.92604064941406,9.527929333648075,0.32581469416618347,-230.4960239061304,140.84736110934597,8.014233799293036,0.2316202074289322,0.000288552837446332,-52.32187525003354,-3.3613281896336815,0.14166021347045898,-0.18343162536621094,-229.67601013183594,139.71298217773438,0.2951984107494354,-229.67601013183594,139.71298217773438,-229.53434991836548,139.52955055236816,9.407658767872132,54.820236982777715
1125,/yh/study/new_data/model_dataset_flight/vi/vi_001125.jpg,-231.49073791503906,145.8959503173828,-229.67601013183594,139.71298217773438,6.44378242517832,-231.49073791503906,145.8959503173828,0.0,-231.18109130859375,131.8372344970703,14.062125427444746,0.32095110416412354,-230.5627226881727,135.07301692746893,10.862646980538798,0.207400843501091,0.0006638667546212673,-55.65306779127548,-3.3311867782698266,0.11720336228609085,-0.17151175439357758,-230.9734344482422,130.78472900390625,0.3349197506904602,-230.9734344482422,130.78472900390625,-230.8562310859561,130.61321724951267,15.120073163236626,49.141351017169654
1126,/yh/study/new_data/model_dataset_flight/vi/vi_001126.jpg,-228.74928283691406,144.1698760986328,-230.9734344482422,130.78472900390625,13.568677648821952,-228.74928283691406,144.1698760986328,0.0,-231.1033172607422,132.03822326660156,12.357931805342659,0.3181982636451721,-231.04995438781393,131.52322013594096,12.854220965263098,0.1854225993156433,0.0007485141977667809,-58.98263133240037,-3.3295616201341867,0.09574072808027267,-0.15922997891902924,-231.05740356445312,128.4351806640625,0.39467859268188477,-231.05740356445312,128.4351806640625,-230.96166283637285,128.27595068514347,15.903083402648157,35.2596640586853
1127,/yh/study/new_data/model_dataset_flight/vi/vi_001127.jpg,-225.81781005859375,142.3313751220703,-231.05740356445312,128.4351806640625,14.851180442019105,-225.81781005859375,142.3313751220703,0.0,-230.35203552246094,132.0848388671875,11.204941132366983,0.34540680050849915,-230.6418388033414,130.585362199134,12.698034214630944,0.16561287641525269,0.0011195680126547813,-62.31458885482935,-3.3319504787963985,0.0772065743803978,-0.14714786410331726,-230.95022583007812,127.89108276367188,0.4082680344581604,-230.95022583007812,127.89108276367188,-230.87301925569773,127.74393489956856,15.325264599588545,34.00021395646036
1128,/yh/study/new_data/model_dataset_flight/vi/vi_001128.jpg,-222.8794403076172,140.48854064941406,-230.95022583007812,127.89108276367188,14.961066944994702,-222.8794403076172,140.48854064941406,0.0,-229.4960479736328,127.8076171875,14.303332368818788,0.4601481556892395,-230.09350276133668,127.84190935325628,14.559532280506907,0.1478365808725357,0.0014480616664513946,-65.65416886837207,-3.3395804404295375,0.06124311313033104,-0.13534967601299286,-230.63345336914062,126.654052734375,0.4223243296146393,-230.63345336914062,126.654052734375,-230.5722102560103,126.51870305836201,15.859311915390212,44.82359695248306
1129,/yh/study/new_data/model_dataset_flight/vi/vi_001129.jpg,-220.21165466308594,138.81539916992188,-230.63345336914062,126.654052734375,16.01599935673425,-220.21165466308594,138.81539916992188,0.0,-229.38568115234375,127.87932586669922,14.274468862940692,0.45047491788864136,-229.898333357564,127.37591750031032,14.989779351259116,0.1317417025566101,0.0015599536709487438,-68.97784137133782,-3.3236727164091664,0.0475393645465374,-0.12370126694440842,-230.5228271484375,126.48161315917969,0.4150967001914978,-230.5228271484375,126.48161315917969,-230.47528778389096,126.35791189223528,16.076148648897558,34.7619850654155
1130,/yh/study/new_data/model_dataset_flight/vi/vi_001130.jpg,-217.21551513671875,136.92379760742188,-230.5228271484375,126.48161315917969,16.91519343750893,-217.21551513671875,136.92379760742188,0.0,-228.05075073242188,127.98960876464844,14.043577204285574,0.47576460242271423,-229.06641321398982,127.37004273953643,15.222286862147618,0.11740151047706604,0.0019274709047749639,-72.309887686226,-3.3320467417750135,0.03596748784184456,-0.11276821047067642,-230.3387908935547,126.60670471191406,0.40944695472717285,-230.3387908935547,126.60670471191406,-230.30282340571284,126.49393650144339,16.69319539226974,36.82812605984509
1131,/yh/study/new_data/model_dataset_flight/vi/vi_001131.jpg,-214.49151611328125,135.20399475097656,-230.3387908935547,126.60670471191406,18.029129595664173,-214.49151611328125,135.20399475097656,0.0,-228.5172576904297,124.85629272460938,17.429755133547744,0.4770106375217438,-229.2656418914028,125.5754564896428,17.634725446054546,0.10461164265871048,0.0019406521460041404,-75.63392218921777,-3.324031728227415,0.026196617633104324,-0.10228044539690018,-230.5401611328125,124.9332275390625,0.40643322467803955,-230.5401611328125,124.9332275390625,-230.5139645151794,124.8309470936656,19.05380975249449,33.76167709939182
1132,/yh/study/new_data/model_dataset_flight/vi/vi_001132.jpg,-211.76593017578125,133.4832000732422,-230.5401611328125,124.9332275390625,20.62943960371143,-211.76593017578125,133.4832000732422,0.0,-222.43905639648438,124.04061889648438,14.250542537135964,0.4689973294734955,-225.76742767442497,124.40735072690694,16.68571165883853,0.09306995570659637,0.002288015326485038,-78.97115944787518,-3.337238752761281,0.018023421987891197,-0.09247392416000366,-229.11911010742188,124.17201232910156,0.3775161802768707,-229.11911010742188,124.17201232910156,-229.10108668543398,124.07953840494156,19.693427100089245,35.39963799994439
1133,/yh/study/new_data/model_dataset_flight/vi/vi_001133.jpg,-209.04757690429688,131.75563049316406,-229.11911010742188,124.17201232910156,21.456414182767073,-209.04757690429688,131.75563049316406,0.0,-220.2728729248047,122.8231430053711,14.345612690561754,0.6067668199539185,-223.9073848481524,123.37733136127113,17.059009012007387,0.0827426090836525,0.002442627679556608,-82.31929768844792,-3.3481367464688594,0.01122197974473238,-0.08321061730384827,-228.49685668945312,123.30542755126953,0.34023210406303406,-228.49685668945312,123.30542755126953,-228.4856347097084,123.22221693396568,21.20566938157083,41.863415972329676
1134,/yh/study/new_data/model_dataset_flight/vi/vi_001134.jpg,-206.32176208496094,130.0233154296875,-228.49685668945312,123.30542755126953,23.1703439392939,-206.32176208496094,130.0233154296875,0.0,-220.3984375,120.30277252197266,17.10677483224382,0.6531610488891602,-223.72570541026727,121.53642534863707,19.362968432508147,0.07357010245323181,0.002989024156704545,-85.65744336226493,-3.338147167920893,0.00568384537473321,-0.07484911382198334,-228.67759704589844,120.66780853271484,0.3208352029323578,-228.67759704589844,120.66780853271484,-228.6719132005237,120.59295941889286,24.234456175040908,53.28745802398771
1135,/yh/study/new_data/model_dataset_flight/vi/vi_001135.jpg,-203.34063720703125,128.1287384033203,-228.67759704589844,120.66780853271484,26.41262971403002,-203.34063720703125,128.1287384033203,0.0,-215.5055389404297,121.78340911865234,13.720351231441024,0.582441508769989,-220.91733168926388,121.32506015653647,18.84755227098486,0.06538434326648712,0.002996706170961261,-89.02181013230562,-3.364368691031395,0.0011418084613978863,-0.06687295436859131,-225.1913299560547,120.540771484375,0.2941809296607971,-225.1913299560547,120.540771484375,-225.1901881475933,120.47389853000641,23.130715846580145,41.57430899795145
1136,/yh/study/new_data/model_dataset_flight/vi/vi_001136.jpg,-200.51148986816406,126.3474349975586,-225.1913299560547,120.540771484375,25.35373439789868,-200.51148986816406,126.3474349975586,0.0,-215.8514404296875,114.92112731933594,19.12784855616003,0.5320048332214355,-219.6887713926234,117.22998059798645,21.234314243616325,0.05809084698557854,0.0035689137876033783,-92.39871712966246,-3.3769059301397766,-0.0025059778708964586,-0.05982283502817154,-224.41079711914062,116.65373992919922,0.27962565422058105,-224.41079711914062,116.65373992919922,-224.41330309701152,116.59391709417105,25.790397654067217,35.6286249589175
1137,/yh/study/new_data/model_dataset_flight/vi/vi_001137.jpg,-197.68243408203125,124.56620788574219,-224.41079711914062,116.65373992919922,27.874944660157336,-197.68243408203125,124.56620788574219,0.0,-209.60586547851562,117.26342010498047,13.982093034932646,0.3988998830318451,-215.6885308492716,117.01293056659686,19.52617522842449,0.05161961540579796,0.003712788224220276,-95.79321186413208,-3.3944928134789127,-0.005397784523665905,-0.05320288985967636,-221.39662170410156,117.32894897460938,0.355879008769989,-221.39662170410156,117.32894897460938,-221.40201948862523,117.2757460847497,24.793963199164512,38.69793296325952
1138,/yh/study/new_data/model_dataset_flight/vi/vi_001138.jpg,-194.85406494140625,122.785400390625,-221.39662170410156,117.32894897460938,27.09760471990544,-194.85406494140625,122.785400390625,0.0,-199.90371704101562,116.77184295654297,7.852506564154699,0.30868688225746155,-208.7341628738336,117.00073219198082,15.037270523009807,0.04585528373718262,0.0040175518952310085,-99.18703724006303,-3.3938275103650715,-0.0076418728567659855,-0.04725008085370064,-218.88287353515625,117.66593170166016,0.3737797439098358,-218.88287353515625,117.66593170166016,-218.89051540801302,117.61868162080646,24.568121663903515,50.68686802405864
1139,/yh/study/new_data/model_dataset_flight/vi/vi_001139.jpg,-192.0177764892578,120.99646759033203,-218.88287353515625,117.66593170166016,27.07075744398875,-192.0177764892578,120.99646759033203,0.0,-196.4110870361328,109.96857452392578,11.870787802221644,0.22929319739341736,-205.64371038587905,113.13106450279665,15.733106504581436,0.040760401636362076,0.003960199188441038,-102.58758352213728,-3.4005441476401326,-0.009314511902630329,-0.04171318933367729,-217.83120727539062,112.45960235595703,0.2827184498310089,-217.83120727539062,112.45960235595703,-217.84052178729326,112.41788916662335,27.188440135107967,43.25718607287854
1140,/yh/study/new_data/model_dataset_flight/vi/vi_001140.jpg,-189.18141174316406,119.20748901367188,-217.83120727539062,112.45960235595703,29.4337350396404,-189.18141174316406,119.20748901367188,0.0,-190.21607971191406,110.62626647949219,8.64337422461104,0.23882192373275757,-201.5618653066577,111.37949985600689,14.647629319802666,0.03623955324292183,0.00447202380746603,-106.02668622207625,-3.4391046209296743,-0.010622527450323105,-0.036980144679546356,-201.78372192382812,112.33209228515625,0.206537663936615,-201.78372192382812,112.33209228515625,-201.79434445127845,112.2951121404767,14.355810742140356,40.17984098754823
1141,/yh/study/new_data/model_dataset_flight/vi/vi_001141.jpg,-186.34707641601562,117.4197998046875,-201.78372192382812,112.33209228515625,16.253454781619897,-186.34707641601562,117.4197998046875,0.0,-189.37875366210938,110.83949279785156,7.245102292493648,0.2406499683856964,-194.47538448098007,111.45273326624545,10.083415843510613,0.03222785145044327,0.004622429609298706,-109.49372439572056,-3.4670390274179685,-0.011525810696184635,-0.032559219747781754,-194.04107666015625,111.8301773071289,0.2863118648529053,-194.04107666015625,111.8301773071289,-194.05260247085243,111.79761808738112,9.510074627575179,44.26093795336783
1142,/yh/study/new_data/model_dataset_flight/vi/vi_001142.jpg,-183.55494689941406,115.63081359863281,-194.04107666015625,111.8301773071289,11.153643063117071,-183.55494689941406,115.63081359863281,0.0,-185.8123016357422,105.94599914550781,9.944409554975193,0.2634282112121582,-189.19312676210745,108.36353727454845,9.197955062658135,0.028652453795075417,0.004645783454179764,-112.95251170084751,-3.4587847438060084,-0.012079394422471523,-0.028522977605462074,-189.07017517089844,109.04830169677734,0.2762191891670227,-189.07017517089844,109.04830169677734,-189.0822545653209,109.01977871917188,8.58761933393938,36.53663897421211
1143,/yh/study/new_data/model_dataset_flight/vi/vi_001143.jpg,-180.76480102539062,113.84308624267578,-189.07017517089844,109.04830169677734,9.590057275035228,-180.76480102539062,113.84308624267578,0.0,-181.12168884277344,107.03973388671875,6.812706671617556,0.23046141862869263,-184.38735623736954,107.86496200391814,6.990055484605062,0.025493616238236427,0.00562308169901371,-116.44344187620854,-3.4909254796059725,-0.012604688294231892,-0.02534371428191662,-184.73776245117188,110.16096496582031,0.2739611864089966,-184.73776245117188,110.16096496582031,-184.7503671394661,110.1356212515384,5.416866214723927,37.18202409800142
1144,/yh/study/new_data/model_dataset_flight/vi/vi_001144.jpg,-177.97283935546875,112.05419921875,-184.73776245117188,110.16096496582031,7.024850206747741,-177.97283935546875,112.05419921875,0.0,-179.25201416015625,102.5826187133789,9.557569013649498,0.24850958585739136,-181.50585578350302,105.69621257765814,7.273664771562032,0.02267678640782833,0.005375239998102188,-119.94208333514251,-3.4986346287448016,-0.012659993022680283,-0.02197902835905552,-183.06280517578125,108.58052062988281,0.28801432251930237,-183.06280517578125,108.58052062988281,-183.07546516880393,108.55854160152376,6.162320584869294,37.14793105609715
1145,/yh/study/new_data/model_dataset_flight/vi/vi_001145.jpg,-175.1536407470703,110.28015899658203,-183.06280517578125,108.58052062988281,8.089725121284554,-175.1536407470703,110.28015899658203,0.0,-170.35494995117188,103.64083862304688,8.19194777675489,0.3427102565765381,-175.57602309001743,105.67032672977203,4.629142509337571,0.020171090960502625,0.00543241947889328,-123.46091483326305,-3.518831071233706,-0.012619324959814548,-0.019094008952379227,-174.03793334960938,109.93305206298828,0.3251118063926697,-174.03793334960938,109.93305206298828,-174.0505526745692,109.9139580540359,1.168454629028408,34.59925204515457
1146,/yh/study/new_data/model_dataset_flight/vi/vi_001146.jpg,-172.33653259277344,108.50743865966797,-174.03793334960938,109.93305206298828,2.219715772590812,-172.33653259277344,108.50743865966797,0.0,-169.76889038085938,103.9066390991211,5.268789531261546,0.3698556423187256,-171.52284375684326,106.38261496547385,2.2752945420595894,0.01793024130165577,0.0054548620246350765,-126.99056535102888,-3.529643901020071,-0.012429381720721722,-0.016499998047947884,-171.04788208007812,109.81919860839844,0.40178051590919495,-171.04788208007812,109.81919860839844,-171.06031146179885,109.80269861035049,1.8388404789331927,31.977777020074427
1147,/yh/study/new_data/model_dataset_flight/vi/vi_001147.jpg,-169.51690673828125,106.7331314086914,-171.04788208007812,109.81919860839844,3.444952286795516,-169.51690673828125,106.7331314086914,0.0,-164.1783447265625,99.97126007080078,8.615285737754338,0.4064214825630188,-167.00072162012984,104.01732500173279,3.7022684922739098,0.015949226915836334,0.005835410673171282,-130.55045994643953,-3.559894168523823,-0.012265723198652267,-0.014335731975734234,-167.42251586914062,109.0068588256836,0.39908817410469055,-167.42251586914062,109.0068588256836,-167.43478159233928,108.99252309370786,3.091328109328026,42.99411899410188
1148,/yh/study/new_data/model_dataset_flight/vi/vi_001148.jpg,-166.68472290039062,104.95948791503906,-167.42251586914062,109.0068588256836,4.114067300503053,-166.68472290039062,104.95948791503906,0.0,-158.86903381347656,99.45773315429688,9.557944410314223,0.4286026656627655,-162.38326612216244,103.38102962416755,4.581927650125677,0.014186598360538483,0.005773384589701891,-134.07755597345576,-3.5270975211201256,-0.011876718141138554,-0.012265432626008987,-162.699462890625,107.94104766845703,0.3330405652523041,-162.699462890625,107.94104766845703,-162.71133960876614,107.92878223583102,4.977147366578463,32.41804102435708
1149,/yh/study/new_data/model_dataset_flight/vi/vi_001149.jpg,-163.85231018066406,103.1856918334961,-162.699462890625,107.94104766845703,4.893103921975032,-163.85231018066406,103.1856918334961,0.0,-159.09512329101562,99.42942810058594,6.061381388282634,0.42335519194602966,-160.5759806295817,102.92646103875036,3.286569021371696,0.012610182166099548,0.005851801950484514,-137.66438883495294,-3.5868345690444685,-0.01148446835577488,-0.010463118553161621,-159.24151611328125,106.90211486816406,0.31173086166381836,-159.24151611328125,106.90211486816406,-159.25300058163702,106.8916517496109,5.922096090441561,32.40548295434564
1150,/yh/study/new_data/model_dataset_flight/vi/vi_001150.jpg,-161.02012634277344,101.41205596923828,-159.24151611328125,106.90211486816406,5.770979211722081,-161.02012634277344,101.41205596923828,0.0,-168.56582641601562,108.53889465332031,10.379278357586102,0.4680972695350647,-164.7348962394119,107.8664171329646,7.4470325242199635,0.011207950301468372,0.0054595572873950005,-141.22963829867288,-3.565243487304412,-0.01086671743541956,-0.008727814070880413,-165.29925537109375,110.19902801513672,0.32387930154800415,-165.29925537109375,110.19902801513672,-165.31012208852917,110.19030020106584,9.773526639673834,35.20852897781879
1151,/yh/study/new_data/model_dataset_flight/vi/vi_001151.jpg,-158.17091369628906,99.62356567382812,-165.29925537109375,110.19902801513672,12.753574352517553,-158.17091369628906,99.62356567382812,0.0,-168.54347229003906,108.8062515258789,13.853219526096833,0.5245813727378845,-167.21057279498567,109.37847931632442,13.299390091023293,0.009960079565644264,0.005920715630054474,-144.82122497183238,-3.591580696743981,-0.010560628026723862,-0.007443846669048071,-168.09921264648438,111.14926147460938,0.3666134774684906,-168.09921264648438,111.14926147460938,-168.1097732745111,111.14181762794033,15.212257680456108,31.704199966043234
1152,/yh/study/new_data/model_dataset_flight/vi/vi_001152.jpg,-155.32330322265625,97.83607482910156,-168.09921264648438,111.14926147460938,18.45168827679429,-155.32330322265625,97.83607482910156,0.0,-163.5060577392578,97.66142272949219,8.184618185038397,0.286337673664093,-165.39317380131652,103.20295521696009,11.410771164498403,0.008843688294291496,0.005811864044517279,-148.48429640484522,-3.6630739943337973,-0.010016514919698238,-0.006141905672848225,-165.3377685546875,108.17283630371094,0.33231550455093384,-165.3377685546875,108.17283630371094,-165.3477850696072,108.16669439803809,14.392294941023977,32.40176907274872
1153,/yh/study/new_data/model_dataset_flight/vi/vi_001153.jpg,-152.4722900390625,96.04645538330078,-165.3377685546875,108.17283630371094,17.67963946642849,-152.4722900390625,96.04645538330078,0.0,-157.14404296875,103.5171127319336,8.81112913630967,0.45069339871406555,-160.51046789315143,105.42993538004052,12.35564648503592,0.007854774594306946,0.006006249692291021,-152.11965093020618,-3.6353605017764705,-0.009597580879926682,-0.005077443551272154,-159.20443725585938,108.05184936523438,0.31719887256622314,-159.20443725585938,108.05184936523438,-159.2140348367393,108.0467719216831,13.764130586785104,34.35527998954058
1154,/yh/study/new_data/model_dataset_flight/vi/vi_001154.jpg,-149.82516479492188,94.34442138671875,-159.20443725585938,108.05184936523438,16.60916414762325,-149.82516479492188,94.34442138671875,0.0,-157.5533905029297,101.31843566894531,10.409723714038376,0.3599432110786438,-158.23172966404996,104.08488561357082,12.866505984665901,0.006969515699893236,0.005934900604188442,-155.7844435708899,-3.664790506249586,-0.009062600322067738,-0.00407585222274065,-156.84799194335938,106.88377380371094,0.34024015069007874,-156.84799194335938,106.88377380371094,-156.85705454368144,106.8796979514882,14.372037440612191,44.1702869720757
1155,/yh/study/new_data/model_dataset_flight/vi/vi_001155.jpg,-146.9134063720703,92.47222900390625,-156.84799194335938,106.88377380371094,17.503959951680717,-146.9134063720703,92.47222900390625,0.0,-156.234130859375,82.52766418457031,13.629756946263393,0.3152103126049042,-156.48633814061367,92.53446922378822,9.573134099664413,0.006189817097038031,0.006202559918165207,-159.4615578728363,-3.677099360907595,-0.008700527250766754,-0.003259649034589529,-154.9437713623047,95.98693084716797,0.2969006299972534,-154.9437713623047,95.98693084716797,-154.95247188955545,95.98367119813338,8.765836578639215,33.50939997471869
1156,/yh/study/new_data/model_dataset_flight/vi/vi_001156.jpg,-144.0061492919922,90.60293579101562,-154.9437713623047,95.98693084716797,12.19093841005113,-144.0061492919922,90.60293579101562,0.0,-156.708740234375,78.96543884277344,17.22751148221507,0.42995065450668335,-155.98359571502138,85.95878690320117,12.84629680914788,0.00548912025988102,0.006183244287967682,-163.16988613928964,-3.708325278245601,-0.008213207125663757,-0.0024844242725521326,-158.3508758544922,79.8818359375,0.3564729392528534,-158.3508758544922,79.8818359375,-158.35908906161785,79.87935151322745,17.90846621634432,32.90583600755781
1157,/yh/study/new_data/model_dataset_flight/vi/vi_001157.jpg,-139.83798217773438,87.919189453125,-158.3508758544922,79.8818359375,20.18232602605728,-139.83798217773438,87.919189453125,0.0,-150.7780303955078,74.65203094482422,17.195992262489117,0.43541017174720764,-153.8893642367971,76.80071724050865,17.918196396749078,0.004866928327828646,0.00598490796983242,-166.90847214376618,-3.738587712023812,-0.0076551130041480064,-0.0017802075017243624,-155.33538818359375,73.62844848632812,0.28720763325691223,-155.33538818359375,73.62844848632812,-155.3430432965979,73.6266682788264,21.08067528070514,32.69361692946404
1158,/yh/study/new_data/model_dataset_flight/vi/vi_001158.jpg,-135.67276000976562,85.23733520507812,-155.33538818359375,73.62844848632812,22.83386076753096,-135.67276000976562,85.23733520507812,0.0,-146.44371032714844,74.45399475097656,15.241187686285876,0.43701010942459106,-150.09689173305964,74.11481576671467,18.21444521877374,0.004315150436013937,0.0061623528599739075,-170.6867142265638,-3.7782459247790214,-0.0072988299652934074,-0.0011969670886173844,-151.2273712158203,70.41373443603516,0.27591416239738464,-151.2273712158203,70.41373443603516,-151.2346700457856,70.41253746894654,21.4868580656059,38.80476707126945
1159,/yh/study/new_data/model_dataset_flight/vi/vi_001159.jpg,-132.8868408203125,83.48136901855469,-151.2273712158203,70.41373443603516,22.519727546549188,-132.8868408203125,83.48136901855469,0.0,-140.72293090820312,71.99800109863281,13.902231714722229,0.36943212151527405,-145.03872221675513,71.34709880468483,17.172907007738022,0.0038236414548009634,0.0063109067268669605,-174.49414853787403,-3.8074368726311865,-0.006946896202862263,-0.0006696260534226894,-146.80545043945312,68.46159362792969,0.2440679520368576,-146.80545043945312,68.46159362792969,-146.812397335656,68.46092400187626,20.47733738831439,51.115799928084016
1160,/yh/study/new_data/model_dataset_flight/vi/vi_001160.jpg,-130.10357666015625,81.72706604003906,-146.80545043945312,68.46159362792969,21.328979020478204,-130.10357666015625,81.72706604003906,0.0,-140.7196044921875,72.2998046875,14.197651338849631,0.36719730496406555,-143.21999863744716,70.72286032433675,17.1211293120476,0.0033876451198011637,0.006270978599786758,-178.31062601964538,-3.816474493563583,-0.006520298775285482,-0.0001923076342791319,-143.7667694091797,68.55335235595703,0.23115843534469604,-143.7667694091797,68.55335235595703,-143.77328970795497,68.55316004832275,18.979714653469813,34.89755990449339
1161,/yh/study/new_data/model_dataset_flight/vi/vi_001161.jpg,-127.31895446777344,79.971923828125,-143.7667694091797,68.55335235595703,20.022846720977387,-127.31895446777344,79.971923828125,0.0,-135.53369140625,71.83099365234375,11.565320881640812,0.39810600876808167,-138.9162844285464,70.48436161815155,14.983721130185192,0.003000377444550395,0.00630599120631814,177.8402308915066,-3.8491513992133934,-0.006149001885205507,0.0002318969927728176,-139.6841278076172,68.14677429199219,0.24153351783752441,-139.6841278076172,68.14677429199219,-139.6902768095024,68.14700618898496,17.10940306604192,43.35593106225133
1162,/yh/study/new_data/model_dataset_flight/vi/vi_001162.jpg,-124.50147247314453,78.22492980957031,-139.6841278076172,68.14677429199219,18.22312381678513,-124.50147247314453,78.22492980957031,0.0,-135.62936401367188,67.83100128173828,15.22707195686093,0.3427870273590088,-137.29527993376627,67.96073788580475,16.402290851809532,0.002656257711350918,0.00603837613016367,173.97331929290388,-3.866918001905066,-0.005644078366458416,0.0005958739202469587,-137.31106567382812,64.81050872802734,0.2370278537273407,-137.31106567382812,64.81050872802734,-137.31670975219458,64.81110460194759,18.54810963197985,33.7681689998135
1163,/yh/study/new_data/model_dataset_flight/vi/vi_001163.jpg,-121.68000030517578,76.47545623779297,-137.31106567382812,64.81050872802734,19.503876665029182,-121.68000030517578,76.47545623779297,0.0,-132.39869689941406,68.22087097167969,13.528807582151126,0.3625495731830597,-134.4169632553707,66.81971000554084,15.983230602612506,0.0023502130061388016,0.006153654307126999,170.0845101078221,-3.888810465742249,-0.005345975514501333,0.0009345114813186228,-135.49771118164062,64.06742858886719,0.25598329305648804,-135.49771118164062,64.06742858886719,-135.50305715715513,64.0683631003485,18.571168083943494,34.00646208319813
1164,/yh/study/new_data/model_dataset_flight/vi/vi_001164.jpg,-118.86302185058594,74.72877502441406,-135.49771118164062,64.06742858886719,19.75796540536127,-118.86302185058594,74.72877502441406,0.0,-127.5082015991211,69.36215209960938,10.175449597021332,0.3363415598869324,-130.79072356184074,67.18679377116258,14.112106481212058,0.002078808145597577,0.006037045270204544,166.1773003931163,-3.907214837347672,-0.0049497103318572044,0.001217845012433827,-132.57565307617188,64.82853698730469,0.2527514100074768,-132.57565307617188,64.82853698730469,-132.58060278650373,64.82975483231712,16.913041368137836,35.46447504777461
1165,/yh/study/new_data/model_dataset_flight/vi/vi_001165.jpg,-116.19981384277344,73.051025390625,-132.57565307617188,64.82853698730469,18.324230574320126,-116.19981384277344,73.051025390625,0.0,-127.6943359375,63.264610290527344,15.096289567227323,0.2783777415752411,-129.69984460473378,63.90715582817676,16.305250109978164,0.0018380025867372751,0.006019172258675098,162.26812358392954,-3.909176809186758,-0.004617290571331978,0.0014763963408768177,-132.2318115234375,59.34916687011719,0.2555142045021057,-132.2318115234375,59.34916687011719,-132.23642881400883,59.350643266458064,21.089473121650773,35.86412488948554
1166,/yh/study/new_data/model_dataset_flight/vi/vi_001166.jpg,-113.27178192138672,71.20645141601562,-132.2318115234375,59.34916687011719,22.362422035929914,-113.27178192138672,71.20645141601562,0.0,-122.58385467529297,64.13421630859375,11.693212064642188,0.29388511180877686,-126.54775632936904,62.1682596109681,16.0605232662647,0.0016253746580332518,0.005741138011217117,158.327377640399,-3.94073954022821,-0.0041781216859817505,0.0016603644471615553,-129.2667694091797,57.64345932006836,0.2534690201282501,-129.2667694091797,57.64345932006836,-129.27094753086567,57.64511968451552,20.97127510022654,36.3305100472644
1167,/yh/study/new_data/model_dataset_flight/vi/vi_001167.jpg,-110.34581756591797,69.36317443847656,-129.2667694091797,57.64345932006836,22.2565527679305,-110.34581756591797,69.36317443847656,0.0,-122.31755065917969,64.80471801757812,12.810227093909303,0.2856012284755707,-125.17266497314544,61.86248624321185,16.616128533439777,0.001436831196770072,0.005624778103083372,154.39193192366437,-3.9354401672059263,-0.0038318263832479715,0.0018365670694038272,-127.61414337158203,58.059165954589844,0.24585919082164764,-127.61414337158203,58.059165954589844,-127.61797519796528,58.06100252165925,20.639178373528978,37.14136895723641
1168,/yh/study/new_data/model_dataset_flight/vi/vi_001168.jpg,-107.5041732788086,67.54548645019531,-127.61414337158203,58.059165954589844,22.235133767926527,-107.5041732788086,67.54548645019531,0.0,-116.9195327758789,55.166629791259766,15.552655292314077,0.35984599590301514,-121.3134563077985,56.35503984146682,17.77420583535455,0.001269012107513845,0.0056261466816067696,150.43528529974603,-3.9566491852392853,-0.0035505937412381172,0.0020141268614679575,-121.60719299316406,53.98991012573242,0.2950078845024109,-121.60719299316406,53.98991012573242,-121.6107435869053,53.99192425259389,19.561411364005355,43.59395697247237
1169,/yh/study/new_data/model_dataset_flight/vi/vi_001169.jpg,-104.66370391845703,65.72854614257812,-121.60719299316406,53.98991012573242,20.61255436768339,-104.66370391845703,65.72854614257812,0.0,-112.0134048461914,53.983856201171875,13.854813082351875,0.46683210134506226,-115.95505107276568,53.98634348028774,16.29029907403217,0.0011203890899196267,0.005561178550124168,146.4402530126922,-3.995031860166995,-0.003250723471865058,0.002156485104933381,-115.04100036621094,51.342288970947266,0.3709920346736908,-115.04100036621094,51.342288970947266,-115.0442510896828,51.3444454560522,17.7384519328172,35.02283606212586
1170,/yh/study/new_data/model_dataset_flight/vi/vi_001170.jpg,-101.81839752197266,63.90851974487305,-115.04100036621094,51.342288970947266,18.241364582728387,-101.81839752197266,63.90851974487305,0.0,-112.40612030029297,52.01282501220703,15.92505657143298,0.4434798061847687,-113.48867131248919,51.73733259812369,16.862179186179162,0.000989169697277248,0.005019643343985081,142.43069974346292,-4.009548573474211,-0.0027733580209314823,0.002133407164365053,-113.31291198730469,50.658119201660156,0.40108633041381836,-113.31291198730469,50.658119201660156,-113.31568534532562,50.66025260882452,17.541293491339335,32.700018025934696
1171,/yh/study/new_data/model_dataset_flight/vi/vi_001171.jpg,-98.92457580566406,62.05345916748047,-113.31291198730469,50.658119201660156,18.35423632332684,-98.92457580566406,62.05345916748047,0.0,-109.77181243896484,52.46664047241211,14.476520136791668,0.4597671926021576,-111.22668734956437,51.723602275890315,16.06386914287146,0.6326764225959778,0.005000452511012554,138.4322113806891,-3.99848366701879,-0.4752208888530731,0.4214433431625366,-112.19526672363281,50.78607177734375,0.42317885160446167,-112.19526672363281,50.78607177734375,-112.67048761248589,51.20751512050629,17.408769515381326,32.524583977647126
1172,/yh/study/new_data/model_dataset_flight/vi/vi_001172.jpg,-96.2905502319336,60.36494445800781,-112.19526672363281,50.78607177734375,18.566496937055774,-96.2905502319336,60.36494445800781,0.0,-110.19662475585938,52.232357025146484,16.1095588709968,0.48553332686424255,-111.01777480106159,51.63814494726664,17.118649865284343,0.5754352807998657,0.004695202689617872,134.39371176975732,-4.0384966227240175,-0.4042082130908966,0.41285446286201477,-112.38981628417969,50.71389389038086,0.4324584901332855,-112.38981628417969,50.71389389038086,-112.79402449727058,51.126748353242874,18.770432719569786,33.340696012601256
1173,/yh/study/new_data/model_dataset_flight/vi/vi_001173.jpg,-93.41352844238281,58.52065658569336,-112.38981628417969,50.71389389038086,20.51938215530991,-93.41352844238281,58.52065658569336,0.0,-101.39231872558594,60.144317626953125,8.142319667038462,0.3279501497745514,-105.91068457748037,56.26979032170029,12.698240445171471,0.5219013094902039,0.004466475918889046,130.34995291316463,-4.043755441498104,-0.3393532931804657,0.39944514632225037,-109.66651153564453,53.18625259399414,0.4013652205467224,-109.66651153564453,53.18625259399414,-110.005864828825,53.58569774031639,17.10600261243134,35.49444198142737
1174,/yh/study/new_data/model_dataset_flight/vi/vi_001174.jpg,-90.70120239257812,56.80291748046875,-109.66651153564453,53.18625259399414,19.307076831906393,-90.70120239257812,56.80291748046875,0.0,-98.14618682861328,60.6494140625,8.379936110041879,0.3590982258319855,-102.87935830527435,57.58314432733462,12.203124000292233,0.4723576009273529,0.004392879083752632,126.30948620775189,-4.040470974280974,-0.2810055613517761,0.3824099898338318,-106.18748474121094,54.78083801269531,0.3273289203643799,-106.18748474121094,54.78083801269531,-106.46849030256271,55.163248002529144,15.617738195896585,35.4276419384405
1175,/yh/study/new_data/model_dataset_flight/vi/vi_001175.jpg,-87.73210144042969,54.92256164550781,-106.18748474121094,54.78083801269531,18.455927458864075,-87.73210144042969,54.92256164550781,0.0,-97.84740447998047,60.7508659362793,11.674265993533409,0.36440590023994446,-101.27395980801103,58.298056089215564,13.95621333984024,0.42642930150032043,0.003892097156494856,122.28109527679172,-4.028387942752398,-0.22878389060497284,0.36216485500335693,-104.44886779785156,55.063629150390625,0.31388428807258606,-104.44886779785156,55.063629150390625,-104.67765168845654,55.42579400539398,16.717361558857476,43.32062497269362
1176,/yh/study/new_data/model_dataset_flight/vi/vi_001176.jpg,-85.02908325195312,53.210716247558594,-104.44886779785156,55.063629150390625,19.5079808805165,-85.02908325195312,53.210716247558594,0.0,-97.17927551269531,55.28294372558594,12.325635833241664,0.46241191029548645,-100.16601657478157,55.19283745530894,15.266157175332884,0.38406819105148315,0.004088561050593853,118.20573996509856,-4.075361288108692,-0.18249183893203735,0.3402639925479889,-103.15802001953125,53.99778747558594,0.32219478487968445,-103.15802001953125,53.99778747558594,-103.34051185846329,54.338051468133926,18.146014147487996,32.915262039750814
1177,/yh/study/new_data/model_dataset_flight/vi/vi_001177.jpg,-82.29035949707031,51.505859375,-103.15802001953125,53.99778747558594,21.015921615269804,-82.29035949707031,51.505859375,0.0,-97.05609893798828,55.26136016845703,15.23584088413688,0.453380286693573,-99.56309761645164,54.742216274454194,17.57331750471076,0.34521403908729553,0.00364177068695426,114.14011767297265,-4.065623999673193,-0.14192670583724976,0.31668606400489807,-101.84989166259766,53.387168884277344,0.33835840225219727,-101.84989166259766,53.387168884277344,-101.9918183684349,53.70385494828224,19.64979959195503,31.78684099111706
1178,/yh/study/new_data/model_dataset_flight/vi/vi_001178.jpg,-79.28849792480469,49.6371955871582,-101.84989166259766,53.387168884277344,22.870915747316076,-79.28849792480469,49.6371955871582,0.0,-85.9097900390625,53.868133544921875,7.857629748516923,0.2957690954208374,-92.45884453694028,53.670527290676695,13.774098682469164,0.3095542788505554,0.003458707593381405,110.0561699833036,-4.083945982121752,-0.10675197839736938,0.2924064099788666,-97.94062805175781,53.2566032409668,0.41655492782592773,-97.94062805175781,53.2566032409668,-98.04738003015518,53.54900965094566,19.000054474586136,34.045208944007754
1179,/yh/study/new_data/model_dataset_flight/vi/vi_001179.jpg,-76.55272674560547,47.934173583984375,-97.94062805175781,53.2566032409668,22.040203713560345,-76.55272674560547,47.934173583984375,0.0,-79.02957153320312,53.886024475097656,6.4466494500550935,0.384294718503952,-86.79925473080587,53.62742424394491,11.721963949297747,0.27699077129364014,0.0033822287805378437,105.97528221838273,-4.080887338034056,-0.07669955492019653,0.2679193317890167,-94.25804138183594,52.8422737121582,0.24858228862285614,-94.25804138183594,52.8422737121582,-94.33474093675613,53.11019304394722,18.373013177922036,35.2085999911651
1180,/yh/study/new_data/model_dataset_flight/vi/vi_001180.jpg,-73.80789947509766,46.203880310058594,-94.25804138183594,52.8422737121582,21.50061792058016,-73.80789947509766,46.203880310058594,0.0,-78.73445129394531,53.66685104370117,8.942418296802984,0.38686078786849976,-85.11238036173779,53.3280701494805,13.362086999587097,0.24740250408649445,0.0033102661836892366,101.9034034729771,-4.071882160500216,-0.05137120187282562,0.24370208382606506,-86.602783203125,52.27970886230469,0.18467140197753906,-86.602783203125,52.27970886230469,-86.65415440499783,52.52341094613075,14.164206374168225,33.87843805830926
1181,/yh/study/new_data/model_dataset_flight/vi/vi_001181.jpg,-71.07186889648438,44.47914505004883,-86.602783203125,52.27970886230469,17.37981861209403,-71.07186889648438,44.47914505004883,0.0,-75.92478942871094,44.385772705078125,4.85381871178884,0.43365901708602905,-80.31188587315181,47.62902794380973,9.762155293453898,0.22068868577480316,0.0030267718248069286,97.81915525498458,-4.084245229784763,-0.030229881405830383,0.2201361358165741,-78.7674560546875,43.144256591796875,0.24299801886081696,-78.7674560546875,43.144256591796875,-78.79768593609333,43.36439272761345,7.8105050352378065,32.75292296893895
1182,/yh/study/new_data/model_dataset_flight/vi/vi_001182.jpg,-68.07637023925781,42.59083557128906,-78.7674560546875,43.144256591796875,10.705400073739504,-68.07637023925781,42.59083557128906,0.0,-76.13062286376953,44.69641876220703,8.32493038489393,0.40983960032463074,-77.21397632518271,44.05870672726293,9.254755032526353,0.19654211401939392,0.0026136115193367004,93.74183967899961,-4.077316002871785,-0.01291181892156601,0.1974271535873413,-76.32627868652344,39.87171936035156,0.3439795672893524,-76.32627868652344,39.87171936035156,-76.339190505445,40.069146513938904,8.686459713649043,42.37553896382451
1183,/yh/study/new_data/model_dataset_flight/vi/vi_001183.jpg,-65.07719421386719,40.68674850463867,-76.32627868652344,39.87171936035156,11.278571451163188,-65.07719421386719,40.68674850463867,0.0,-75.0091323852539,44.52926254272461,10.649333780717743,0.5154340863227844,-75.55028721051275,42.61569230032766,10.64924885066141,0.17471647262573242,0.0024831334594637156,89.67032976380916,-4.071509488303628,0.0010124272666871548,0.17595511674880981,-75.57598876953125,38.72705078125,0.3707091212272644,-75.57598876953125,38.72705078125,-75.57497634226456,38.90300589799881,10.680126510912505,32.13368693832308
1184,/yh/study/new_data/model_dataset_flight/vi/vi_001184.jpg,-62.333858489990234,38.945091247558594,-75.57598876953125,38.72705078125,13.243925248402947,-62.333858489990234,38.945091247558594,0.0,-73.84442138671875,40.38023376464844,11.599685006236253,0.6916627883911133,-74.55584277063535,39.701016924697115,12.245338843237196,0.15513406693935394,0.0021880564745515585,85.61728184994526,-4.0530449256561445,0.011938683688640594,0.15577125549316406,-75.49573516845703,35.55290985107422,0.4038802981376648,-75.49573516845703,35.55290985107422,-75.48379648476839,35.70868110656738,13.591978970180275,31.66853589937091
1185,/yh/study/new_data/model_dataset_flight/vi/vi_001185.jpg,-59.589805603027344,37.202972412109375,-75.49573516845703,35.55290985107422,15.991288309443368,-59.589805603027344,37.202972412109375,0.0,-73.7274398803711,40.401344299316406,14.494905508101844,0.674110472202301,-74.45395107104737,38.409345616946396,14.91301970775232,0.1376282274723053,0.002025480382144451,81.56994397422748,-4.0473408639255375,0.020325038582086563,0.13714303076267242,-75.48678588867188,34.862091064453125,0.4056670069694519,-75.48678588867188,34.862091064453125,-75.46646085008979,34.9992340952158,16.068407129705665,31.358709908090532
1186,/yh/study/new_data/model_dataset_flight/vi/vi_001186.jpg,-56.75384521484375,35.429100036621094,-75.48678588867188,34.862091064453125,18.741519828009764,-56.75384521484375,35.429100036621094,0.0,-69.85822296142578,37.488468170166016,13.265206867387128,0.7577738165855408,-72.17074054919597,36.409410633174126,15.448031286092263,0.12195802479982376,0.0020482996478676796,77.51927979638391,-4.050662897183103,0.02657780982553959,0.12007595598697662,-74.97097778320312,33.924781799316406,0.46414217352867126,-74.97097778320312,33.924781799316406,-74.94439997337759,34.04485775530338,18.279138173674035,30.40838905144483
1187,/yh/study/new_data/model_dataset_flight/vi/vi_001187.jpg,-53.91852569580078,33.65562438964844,-74.97097778320312,33.924781799316406,21.05417261740652,-53.91852569580078,33.65562438964844,0.0,-69.79381561279297,37.66154098510742,16.372910484038186,0.7294750809669495,-71.92087339442635,36.12627853000123,18.171093928089515,0.10801960527896881,0.0018737351056188345,73.48671561984087,-4.032567591637624,0.03096953220665455,0.10446243733167648,-74.98583221435547,33.950775146484375,0.4630492925643921,-74.98583221435547,33.950775146484375,-74.95486268214881,34.05523758381605,21.06937393270141,32.11112099234015
1188,/yh/study/new_data/model_dataset_flight/vi/vi_001188.jpg,-51.08280944824219,31.88190269470215,-74.98583221435547,33.950775146484375,23.99238901358248,-51.08280944824219,31.88190269470215,0.0,-64.51853942871094,38.7624397277832,15.09505316226699,0.5390116572380066,-68.81906852930433,36.78554809229276,18.40164732777669,0.09561604261398315,0.001923637348227203,69.47619246374946,-4.010526144299169,0.033859867602586746,0.09044773131608963,-74.24591827392578,34.300750732421875,0.46600109338760376,-74.24591827392578,34.300750732421875,-74.2120584063232,34.391198463737965,23.28906258955138,33.53235498070717
1189,/yh/study/new_data/model_dataset_flight/vi/vi_001189.jpg,-48.375633239746094,30.155149459838867,-74.24591827392578,34.300750732421875,26.200336976095237,-48.375633239746094,30.155149459838867,0.0,-56.03776168823242,35.34341812133789,9.253450387017612,0.3121466040611267,-63.51865563746132,34.91503405488446,15.873488233399026,0.08459863066673279,0.0018439664272591472,65.48742346016455,-3.9887690035849164,0.03548189997673035,0.07781265676021576,-72.43274688720703,33.58967590332031,0.422476202249527,-72.43274688720703,33.58967590332031,-72.3972649872303,33.66748856008053,24.301042959877762,34.3962759943679
1190,/yh/study/new_data/model_dataset_flight/vi/vi_001190.jpg,-45.6643180847168,28.425758361816406,-72.43274688720703,33.58967590332031,27.261966637229982,-45.6643180847168,28.425758361816406,0.0,-56.68287658691406,35.253257751464844,12.96238324468126,0.33274006843566895,-63.15377378488623,34.569768496346626,18.537257651049664,0.074844591319561,0.0011136785615235567,61.54010687465244,-3.947319573719871,0.035932060331106186,0.06628923863172531,-72.626708984375,32.98188018798828,0.4242393970489502,-72.626708984375,32.98188018798828,-72.5907769240439,33.04816942662001,27.344629621205172,34.34499690774828
1191,/yh/study/new_data/model_dataset_flight/vi/vi_001191.jpg,-42.68815612792969,26.527435302734375,-72.626708984375,32.98188018798828,30.626407003025186,-42.68815612792969,26.527435302734375,0.0,-43.17319869995117,32.718345642089844,6.209882215196329,0.22361627221107483,-55.27429118744787,32.826619864169714,14.074463466699473,0.06625912338495255,0.0012304808478802443,57.61496791337536,-3.925136399956139,0.035818323493003845,0.056473251432180405,-58.59158706665039,33.80345916748047,0.24472332000732422,-58.59158706665039,33.80345916748047,-58.55576874315739,33.85993241891265,17.488843269439336,35.56213609408587
1192,/yh/study/new_data/model_dataset_flight/vi/vi_001192.jpg,-39.91069030761719,24.739112854003906,-58.59158706665039,33.80345916748047,20.763869528878605,-39.91069030761719,24.739112854003906,0.0,-40.24474334716797,26.67056655883789,1.9601287833073724,0.25619181990623474,-47.78261745993598,29.601144012154638,9.252382616074756,0.05862726643681526,0.0013028350658714771,53.71381316136878,-3.901162435969394,0.035082243382930756,0.04778283089399338,-49.98332595825195,28.04117202758789,0.2540591359138489,-49.98332595825195,28.04117202758789,-49.94824371486902,28.088954858481884,10.600074704278672,36.4838259993121
1193,/yh/study/new_data/model_dataset_flight/vi/vi_001193.jpg,-37.13270950317383,22.950458526611328,-49.98332595825195,28.04117202758789,13.822217883702663,-37.13270950317383,22.950458526611328,0.0,-29.516759872436523,26.23457908630371,8.293861382282797,0.5029906630516052,-37.92553039636597,26.976825020952116,4.103680313503005,0.05188484489917755,0.000746807549148798,49.845211090946485,-3.868605058630059,0.03369898349046707,0.039941247552633286,-31.793758392333984,24.235984802246094,0.33630311489105225,-31.793758392333984,24.235984802246094,-31.760059408843517,24.275926049798727,5.491536831278235,34.96683400589973
1194,/yh/study/new_data/model_dataset_flight/vi/vi_001194.jpg,-34.354774475097656,21.161834716796875,-31.793758392333984,24.235984802246094,4.001150100163905,-34.354774475097656,21.161834716796875,0.0,-24.58678436279297,22.00048828125,9.803926286710446,0.4823519289493561,-27.547798464143867,22.918950966845646,7.030105257383123,0.04592209681868553,0.0007245345041155815,46.00908315493301,-3.8361309242212336,0.03214653953909874,0.0332992821931839,-24.529077529907227,19.199880599975586,0.3111634850502014,-24.529077529907227,19.199880599975586,-24.496930990368128,19.23317988216877,10.019659895187887,42.50591492746025
1195,/yh/study/new_data/model_dataset_flight/vi/vi_001195.jpg,-31.521751403808594,19.36168670654297,-24.529077529907227,19.199880599975586,6.994545669510297,-31.521751403808594,19.36168670654297,0.0,-24.62247085571289,21.159679412841797,7.1297159728305814,0.5440771579742432,-24.584099834317627,20.35448823317035,7.0083282008574725,0.04069582372903824,0.0005949516780674458,42.21596492012311,-3.793116954149432,0.030360350385308266,0.027544504031538963,-22.972660064697266,16.449880599975586,0.3288462460041046,-22.972660064697266,16.449880599975586,-22.942299714311957,16.477425104007125,9.031366315608699,34.401001990772784
1196,/yh/study/new_data/model_dataset_flight/vi/vi_001196.jpg,-28.691030502319336,17.562999725341797,-22.972660064697266,16.449880599975586,5.825701215229465,-28.691030502319336,17.562999725341797,0.0,-23.000192642211914,9.538311004638672,9.83774692773767,0.35336607694625854,-22.988880772634857,12.37795701284887,7.707086315211266,0.036035019904375076,0.0007998174987733364,38.40709285399257,-3.8088712123568893,0.0285510141402483,0.02263501100242138,-23.184778213500977,9.882772445678711,0.3734484314918518,-23.184778213500977,9.882772445678711,-23.15622719936073,9.905407456681132,9.450116683692242,33.24649203568697
1197,/yh/study/new_data/model_dataset_flight/vi/vi_001197.jpg,-25.85799217224121,15.762840270996094,-23.184778213500977,9.882772445678711,6.459200453580639,-25.85799217224121,15.762840270996094,0.0,-22.9608211517334,7.017723083496094,9.212528129953157,0.31932371854782104,-23.052834806184315,8.194840071529613,8.071154494089923,0.03190458193421364,0.00020899483934044838,34.62785356357614,-3.779241424850551,0.026339000090956688,0.01818896271288395,-23.015338897705078,7.077208995819092,0.3606928586959839,-23.015338897705078,7.077208995819092,-22.98899989761412,7.095397958531976,9.138975231806018,33.32958999089897
1198,/yh/study/new_data/model_dataset_flight/vi/vi_001198.jpg,-23.043832778930664,14.023212432861328,-23.015338897705078,7.077208995819092,6.94606188056728,-23.043832778930664,14.023212432861328,0.0,-17.437044143676758,7.311014175415039,8.745838110077122,0.2706837058067322,-19.72890885145364,7.214954382370861,7.572390529220476,0.028273213654756546,6.067100912332535e-05,30.857889670052582,-3.7699634666367348,0.02429695799946785,0.014517187140882015,-19.286270141601562,6.228745937347412,0.30215153098106384,-19.286270141601562,6.228745937347412,-19.261973183602095,6.243263124488294,8.652917711566465,34.334513009525836
1199,/yh/study/new_data/model_dataset_flight/vi/vi_001199.jpg,-20.227121353149414,12.282008171081543,-19.286270141601562,6.228745937347412,6.125943574064569,-20.227121353149414,12.282008171081543,0.0,-12.820813179016113,7.18666934967041,8.989765206901298,0.29729190468788147,-15.477172028017277,6.793102684898731,7.258794805446081,0.025014420971274376,0.0002506561577320099,27.115096269047335,-3.742791266571132,0.022376708686351776,0.011458180844783783,-14.228116989135742,5.623912811279297,0.330041766166687,-14.228116989135742,5.623912811279297,-14.20574028044939,5.635370992124081,8.962047041813342,34.346638014540076
1200,/yh/study/new_data/model_dataset_flight/vi/vi_001200.jpg,-17.412273406982422,10.541955947875977,-14.228116989135742,5.623912811279297,5.858839508532377,-17.412273406982422,10.541955947875977,0.0,-13.386478424072266,4.221653461456299,7.493547141659105,0.30921903252601624,-13.732268994314184,4.797777323087789,6.821878080904936,0.022136464715003967,8.82851891219616e-05,23.383507793375493,-3.731587195011372,0.020358890295028687,0.008803121745586395,-13.408319473266602,3.8263025283813477,0.3354380130767822,-13.408319473266602,3.8263025283813477,-13.387960582971573,3.835105650126934,7.818673030258286,35.912049934268
1201,/yh/study/new_data/model_dataset_flight/vi/vi_001201.jpg,-14.758000373840332,8.920994758605957,-13.408319473266602,3.8263025283813477,5.270439019103107,-14.758000373840332,8.920994758605957,0.0,-8.669939041137695,3.725351333618164,8.003699231628328,0.2773054242134094,-10.61672159087201,3.766827535699198,6.611779618223067,0.01958196796476841,-0.0003673052415251732,19.638912929976655,-3.744594436512015,0.01826990395784378,0.006519604939967394,-10.590864181518555,3.061316967010498,0.3157813549041748,-10.590864181518555,3.061316967010498,-10.572594277560711,3.0678365719504654,7.190330163954578,37.1615249896422
1202,/yh/study/new_data/model_dataset_flight/vi/vi_001202.jpg,-12.100358963012695,7.297976970672607,-10.590864181518555,3.061316967010498,4.497539603159518,-12.100358963012695,7.297976970672607,0.0,-9.368331909179688,3.6548330783843994,4.553731353823185,0.2795948088169098,-9.870614182282658,3.4109846105040464,4.481123898666673,0.017349356785416603,-0.0001922445371747017,15.905499086249128,-3.7334142706143503,0.01659269630908966,0.00472827535122633,-11.117793083190918,2.8590221405029297,0.31554150581359863,-11.117793083190918,2.8590221405029297,-11.101200386881828,2.863750415854156,4.546400300509916,37.01231605373323
1203,/yh/study/new_data/model_dataset_flight/vi/vi_001203.jpg,-9.446541786193848,5.6772942543029785,-11.117793083190918,2.8590221405029297,3.2765436980356886,-9.446541786193848,5.6772942543029785,0.0,-2.06569766998291,-0.4669976830482483,9.603602619809136,0.34053438901901245,-5.784787270613771,0.8995108624993848,6.019606321958715,0.015357980504631996,-0.0009775436483323574,12.2692293155394,-3.6362697707097285,0.014529593288898468,0.0031597905326634645,-3.1224255561828613,-0.5564684867858887,0.3644031286239624,-3.1224255561828613,-0.5564684867858887,-3.107895962893963,-0.5533086962532252,8.879991216373817,34.03277206234634
1204,/yh/study/new_data/model_dataset_flight/vi/vi_001204.jpg,-7.240681171417236,4.304375171661377,-3.1224255561828613,-0.5564684867858887,6.370857900179257,-7.240681171417236,4.304375171661377,0.0,-3.5381252765655518,-0.16447734832763672,5.8034096012527945,0.30661019682884216,-3.3673333840271016,-0.3255284751697568,6.036458470081633,0.013606327585875988,-0.0010121199302375317,8.670673288105544,-3.598556027433857,0.01295054703950882,0.0019749286584556103,-3.687716245651245,-0.9814426898956299,0.41395461559295654,-3.687716245651245,-0.9814426898956299,-3.6747656986117363,-0.9794677612371743,6.368942630396228,33.91770494636148
1205,/yh/study/new_data/model_dataset_flight/vi/vi_001205.jpg,-5.034453868865967,2.9312281608581543,-3.687716245651245,-0.9814426898956299,4.13795787945218,-5.034453868865967,2.9312281608581543,0.0,-2.0091826915740967,0.8660351634025574,3.662961617720362,0.35631063580513,-2.6988149148679,0.10699149915089023,3.6649040976217337,0.012065653689205647,-0.0010523721575737,5.125294552228467,-3.5453785224336647,0.011493329890072346,0.0010308668715879321,-3.315654754638672,-0.06475469470024109,0.46411073207855225,-3.315654754638672,-0.06475469470024109,-3.3041614247485995,-0.06372382782865316,3.454009795276842,31.405610963702202
1206,/yh/study/new_data/model_dataset_flight/vi/vi_001206.jpg,-2.8288562297821045,1.5584728717803955,-3.315654754638672,-0.06475469470024109,1.694650564684407,-2.8288562297821045,1.5584728717803955,0.0,-2.4747958183288574,0.4669497609138489,1.147510991892551,0.4152865707874298,-2.820266074979531,0.2484968589925846,1.3100041774127984,0.010692834854125977,-0.000740372110158205,1.5531327236250667,-3.5721618286034005,0.010318856686353683,0.0002797846682369709,-3.7863283157348633,0.1718265414237976,0.4716637134552002,-3.7863283157348633,0.1718265414237976,-3.7760094590485096,0.17210632609203458,1.6850937187201627,32.77570090722293
1207,/yh/study/new_data/model_dataset_flight/vi/vi_001207.jpg,-1.2973566055297852,0.534582257270813,-3.7863283157348633,0.1718265414237976,2.515267755842481,-1.2973566055297852,0.534582257270813,0.0,0.7958667278289795,0.5647375583648682,2.0934405330702974,0.5488808751106262,-1.0867464304144687,0.4033084957694082,0.24817221101652773,0.009476378560066223,-0.0009388872422277927,-1.9989218818354624,-3.552054605460529,0.009001454338431358,-0.00031416810816153884,-2.646969795227051,0.22359201312065125,0.5141854286193848,-2.646969795227051,0.22359201312065125,-2.6379683408886194,0.2232778450124897,1.3849803947209522,32.30461000930518
1208,/yh/study/new_data/model_dataset_flight/vi/vi_001208.jpg,0.2352524697780609,-0.4900501072406769,-2.646969795227051,0.22359201312065125,2.9692575268650927,0.2352524697780609,-0.4900501072406769,0.0,0.8070212006568909,0.4158995449542999,1.0712909287037706,0.5438814163208008,-0.6120648128114712,0.336889226445953,1.183965894345355,0.008396351709961891,-0.000995163805782795,-5.530697015319989,-3.5317751334845267,0.007861998863518238,-0.0007612758781760931,-2.921004295349121,0.05348599702119827,0.5045686960220337,-2.921004295349121,0.05348599702119827,-2.913142296485603,0.05272472114302218,3.2027157638553065,40.137883042916656
1209,/yh/study/new_data/model_dataset_flight/vi/vi_001209.jpg,1.7667585611343384,-1.5139451026916504,-2.921004295349121,0.05348599702119827,4.942869697956137,1.7667585611343384,-1.5139451026916504,0.0,0.7919862866401672,0.3626541197299957,2.1146644246111643,0.5577713251113892,-0.7335107425413758,0.23563116012495952,3.0516165700025906,0.007438068278133869,-0.0007345944177359343,-9.058634863151438,-3.5279374209446255,0.006982582155615091,-0.001113258651457727,-2.496562957763672,-0.010746575891971588,0.5076602697372437,-2.496562957763672,-0.010746575891971588,-2.489580375608057,-0.011859834543429315,4.5205659141828205,30.856063938699663
1210,/yh/study/new_data/model_dataset_flight/vi/vi_001210.jpg,2.570725440979004,-2.1137428283691406,-2.496562957763672,-0.010746575891971588,5.486347141219295,2.570725440979004,-2.1137428283691406,0.0,0.8501698970794678,0.7509806752204895,3.3416989887873316,0.5177761316299438,-0.5248486802076757,0.43802198788761787,4.011743114563365,0.006593408063054085,-0.0007264507003128529,-12.55460230302535,-3.495968720534381,0.006081215105950832,-0.0013542543165385723,-2.7688424587249756,0.41056525707244873,0.5053412318229675,-2.7688424587249756,0.41056525707244873,-2.7627612436190248,0.40921100275591016,5.906193077251619,30.885311076417565
1211,/yh/study/new_data/model_dataset_flight/vi/vi_001211.jpg,3.37847638130188,-2.7163639068603516,-2.7688424587249756,0.41056525707244873,6.896898934825898,3.37847638130188,-2.7163639068603516,0.0,6.703697204589844,0.0465468168258667,4.323282224269911,0.3369596600532532,2.811866402409592,0.19610524874247692,2.9670732128678883,0.005845059175044298,-0.0006187870167195797,-16.04400507733323,-3.489403201194706,0.005320050287991762,-0.0015299228252843022,-2.164090633392334,0.562740683555603,0.5086179971694946,-2.164090633392334,0.562740683555603,-2.1587705831043422,0.5612107607303187,6.439920498520406,28.742986964061856
1212,/yh/study/new_data/model_dataset_flight/vi/vi_001212.jpg,4.258603096008301,-3.3729805946350098,-2.164090633392334,0.562740683555603,7.532655356598003,4.258603096008301,-3.3729805946350098,0.0,6.567983150482178,-2.647733688354492,2.420582432199166,0.3940885066986084,2.9803757160572246,-1.3286974536898766,2.411007838064632,0.00517710717394948,-0.0004823149647563696,-19.50119582574169,-3.457190961851868,0.004652796313166618,-0.0016477509634569287,-1.6784892082214355,-0.0850159078836441,0.5035466551780701,-1.6784892082214355,-0.0850159078836441,-1.673836411908269,-0.08666365884710103,6.78673535731783,31.80994896683842
1213,/yh/study/new_data/model_dataset_flight/vi/vi_001213.jpg,4.784184455871582,-3.690023422241211,-1.6784892082214355,-0.0850159078836441,7.400150678677833,4.784184455871582,-3.690023422241211,0.0,6.6361589431762695,-2.8168978691101074,2.047475942021775,0.3946329951286316,3.220052499175707,-1.694493240307405,2.535478157067427,0.004589504562318325,-0.00016964157111942768,-22.96004289502387,-3.4588472827255963,0.0041478099301457405,-0.0017572280485183,-1.4492952823638916,-0.34838607907295227,0.5017625093460083,-1.4492952823638916,-0.34838607907295227,-1.4451474724337459,-0.35014330712147057,7.072680522987646,32.6525840209797
1214,/yh/study/new_data/model_dataset_flight/vi/vi_001214.jpg,5.310488224029541,-4.007501602172852,-1.4492952823638916,-0.34838607907295227,7.68659869283543,5.310488224029541,-4.007501602172852,0.0,6.567418575286865,-2.38071346282959,2.055799980109877,0.40809693932533264,3.2737196273373073,-1.54572362975977,3.195117697664659,0.004070416558533907,-0.00013449415564537048,-26.36339126220512,-3.403350928502185,0.0035868226550519466,-0.0017776584718376398,-1.5225245952606201,-0.20214754343032837,0.5091140866279602,-1.5225245952606201,-0.20214754343032837,-1.5189377726055682,-0.203925201902166,7.821175340124518,32.67590806353837
1215,/yh/study/new_data/model_dataset_flight/vi/vi_001215.jpg,5.415514945983887,-3.9759202003479004,-1.5225245952606201,-0.20214754343032837,7.897958770591994,5.415514945983887,-3.9759202003479004,0.0,6.174558639526367,-2.7777862548828125,1.4183343329350626,0.4266220033168793,3.0121812112109607,-1.719574790080051,3.2965296375331397,0.0036104347091168165,-9.465077891945839e-05,-29.724371965964774,-3.3609809172030687,0.003094277810305357,-0.001766689820215106,-1.4596192836761475,-0.5131826400756836,0.5282528400421143,-1.4596192836761475,-0.5131826400756836,-1.456525005865842,-0.5149493298958987,7.697923232090786,32.10248192772269
1216,/yh/study/new_data/model_dataset_flight/vi/vi_001216.jpg,5.5110697746276855,-3.9471869468688965,-1.4596192836761475,-0.5131826400756836,7.770642928782091,5.5110697746276855,-3.9471869468688965,0.0,6.4672064781188965,-2.235128164291382,1.9609545305192166,0.4067946672439575,3.2104384138219464,-1.5276599594579228,3.3387146480543812,0.0032033114694058895,-0.0004610358737409115,-33.09539817044623,-3.371026204481453,0.0024904953315854073,-0.0016232484485954046,-1.1851756572723389,-0.12183280289173126,0.5276473760604858,-1.1851756572723389,-0.12183280289173126,-1.1826851619407535,-0.12345605134032667,7.7118763742091465,32.23902499303222
1217,/yh/study/new_data/model_dataset_flight/vi/vi_001217.jpg,5.606649875640869,-3.9184460639953613,-1.1851756572723389,-0.12183280289173126,7.780948934668555,5.606649875640869,-3.9184460639953613,0.0,6.235748767852783,-3.058523654937744,1.0654726490068684,0.40262943506240845,3.186832290869976,-1.851972474293319,3.182110972373918,0.002842659130692482,3.390014171600342e-05,-36.4269253909575,-3.3315270070678578,0.002300884108990431,-0.0016980275977402925,-1.9224655628204346,-0.4777839183807373,0.5074078440666199,-1.9224655628204346,-0.4777839183807373,-1.9201646787114441,-0.4794819459784776,8.278027258105748,30.880220932886004
1218,/yh/study/new_data/model_dataset_flight/vi/vi_001218.jpg,5.553946495056152,-3.9040839672088623,-1.9224655628204346,-0.4777839183807373,8.224127265780973,5.553946495056152,-3.9040839672088623,0.0,6.374793529510498,-2.369523525238037,1.7403061811170435,0.4043475389480591,2.9658314499678733,-1.5922947425300187,3.4702606394842324,0.0025227696169167757,0.00028702709823846817,-39.76398506469648,-3.337059033408745,0.0020495338831096888,-0.001705425907857716,-1.5273032188415527,-0.2904934287071228,0.5121158361434937,-1.5273032188415527,-0.2904934287071228,-1.525253684958443,-0.2921988546149805,7.949976986792202,32.7971939695999
1219,/yh/study/new_data/model_dataset_flight/vi/vi_001219.jpg,5.4960036277771,-3.888293981552124,-1.5273032188415527,-0.2904934287071228,7.891198127015455,5.4960036277771,-3.888293981552124,0.0,6.406426906585693,-2.6734039783477783,1.5181660865934417,0.4066164791584015,3.1468221568793036,-1.6943756495620348,3.214332159353123,0.002239213790744543,0.0006011382210999727,-43.098090681619425,-3.3341056169229493,0.0018545115599408746,-0.0017353052971884608,-1.2636240720748901,-0.4282085597515106,0.5068997144699097,-1.2636240720748901,-0.4282085597515106,-1.2617695605149493,-0.4299438650486991,7.593731478447433,33.82977703586221
1220,/yh/study/new_data/model_dataset_flight/vi/vi_001220.jpg,5.4432501792907715,-3.873918294906616,-1.2636240720748901,-0.4282085597515106,7.540230619985994,5.4432501792907715,-3.873918294906616,0.0,6.472103595733643,-2.2261931896209717,1.942559490753052,0.4492640495300293,3.293848947568896,-1.4874840141426882,3.2116964724787995,0.0019921530038118362,-2.174009568989277e-05,-46.37200184138705,-3.273909238776923,0.001367032527923584,-0.00143412163015455,-0.7674674987792969,-0.6089780926704407,0.5469170808792114,-0.7674674987792969,-0.6089780926704407,-0.7661004662513733,-0.6104122143005952,7.016612330809652,39.03281199745834
1221,/yh/study/new_data/model_dataset_flight/vi/vi_001221.jpg,5.280296802520752,-3.9370739459991455,-0.7674674987792969,-0.6089780926704407,6.903019270799045,5.280296802520752,-3.9370739459991455,0.0,-3.8753557205200195,-12.472169876098633,12.516941945166307,0.5222446918487549,-2.598467415903399,-7.598130089944711,8.68782237955187,0.0017718618037179112,0.0007371997926384211,-49.6248179619031,-3.2528133457516923,0.0013865695800632238,-0.0016306444304063916,-3.8393030166625977,-5.588521957397461,0.4464395046234131,-3.8393030166625977,-5.588521957397461,-3.8379164470825344,-5.590152601827867,9.267922172547655,32.632351969368756
1222,/yh/study/new_data/model_dataset_flight/vi/vi_001222.jpg,5.131995677947998,-3.9945504665374756,-3.8393030166625977,-5.588521957397461,9.111802531968973,5.131995677947998,-3.9945504665374756,0.0,-3.192575454711914,-12.167731285095215,11.666163432575205,0.5301673412322998,-3.4582860598589424,-9.46463682198209,10.184045614141796,0.0015760987298563123,0.00025165872648358345,-52.860657647237076,-3.235835416465745,0.0010275484528392553,-0.001356725231744349,-3.4863014221191406,-6.302432060241699,0.41072696447372437,-3.4863014221191406,-6.302432060241699,-3.4852738736663014,-6.303788785473444,8.921959558055864,31.829464016482234
1223,/yh/study/new_data/model_dataset_flight/vi/vi_001223.jpg,4.983688831329346,-4.052029609680176,-3.4863014221191406,-6.302432060241699,8.763848816758859,4.983688831329346,-4.052029609680176,0.0,-3.8358795642852783,-12.315439224243164,12.08588950565809,0.5101601481437683,-3.6922539865830224,-9.8449711843762,10.432169279087013,0.0014027968281880021,0.0009141303598880768,-56.06473012274132,-3.2040694872964846,0.0010382789187133312,-0.0015430694911628962,-4.290721416473389,-7.118601322174072,0.4336942434310913,-4.290721416473389,-7.118601322174072,-4.289683137554675,-7.120144391665235,9.768241782041235,31.830905005335808
1224,/yh/study/new_data/model_dataset_flight/vi/vi_001224.jpg,4.890326976776123,-3.9933173656463623,-4.290721416473389,-7.118601322174072,9.698404477444676,4.890326976776123,-3.9933173656463623,0.0,-4.410877227783203,-12.603963851928711,12.675000298486728,0.482525110244751,-4.361510732193059,-10.350280720138695,11.225305522945135,0.001248846179805696,0.0007220681291073561,-59.26617980560428,-3.2014473349854344,0.0008227298385463655,-0.00138377386610955,-5.005867958068848,-7.522702693939209,0.41067230701446533,-5.005867958068848,-7.522702693939209,-5.005045228230301,-7.5240864678053185,10.506723322902344,33.98338600527495
1225,/yh/study/new_data/model_dataset_flight/vi/vi_001225.jpg,4.8038411140441895,-3.938929319381714,-5.005867958068848,-7.522702693939209,10.443841423522478,4.8038411140441895,-3.938929319381714,0.0,-4.1173224449157715,-12.724665641784668,12.521035179748747,0.48798540234565735,-4.482384922365254,-10.587418361561536,11.420875646957803,0.0011098391842097044,0.0016746965702623129,-62.474982187108765,-3.208805583155654,0.0008998651755973697,-0.0017267835792154074,-4.685384750366211,-7.374061107635498,0.41583773493766785,-4.685384750366211,-7.374061107635498,-4.684484885190614,-7.3757878912147135,10.091855028113857,33.61087501980364
1226,/yh/study/new_data/model_dataset_flight/vi/vi_001226.jpg,4.718164443969727,-3.8850502967834473,-4.685384750366211,-7.374061107635498,10.029951838794569,4.718164443969727,-3.8850502967834473,0.0,-3.4827001094818115,-12.454798698425293,11.861482499734208,0.49104559421539307,-3.9768279038293155,-10.367357340939193,10.84542283836804,0.0009863362647593021,0.0011789086274802685,-65.66326668034652,-3.18828150503,0.0006493811379186809,-0.0014357645995914936,-4.239178657531738,-7.58953857421875,0.4029577076435089,-4.239178657531738,-7.58953857421875,-4.23852927639382,-7.5909743388183415,9.693153709483383,33.337702974677086
1227,/yh/study/new_data/model_dataset_flight/vi/vi_001227.jpg,4.711565971374512,-3.7483949661254883,-4.239178657531738,-7.58953857421875,9.740134168988115,4.711565971374512,-3.7483949661254883,0.0,-2.5996527671813965,-12.524724960327148,11.422691784782375,0.4500442147254944,-3.2732585358380124,-10.497083897356287,10.454770427967265,0.6368370056152344,0.0014532641507685184,-68.9385336326644,-3.2752639641101124,0.22912079095840454,-0.5949714779853821,-3.238585948944092,-6.962463855743408,0.37125930190086365,-3.238585948944092,-6.962463855743408,-3.0094651579856873,-7.55743533372879,8.575264099918751,32.45232498738915
1228,/yh/study/new_data/model_dataset_flight/vi/vi_001228.jpg,4.7043280601501465,-3.5984930992126465,-3.238585948944092,-6.962463855743408,8.625901819906117,4.7043280601501465,-3.5984930992126465,0.0,-2.5461266040802,-12.742966651916504,11.670068097237476,0.45248743891716003,-2.8306262951224848,-10.36802396137695,10.129268741120308,0.5835795998573303,0.0015587073285132647,-72.17797624278556,-3.239439621913396,0.17884963750839233,-0.556316614151001,-3.1111013889312744,-7.160615921020508,0.3619954288005829,-3.1111013889312744,-7.160615921020508,-2.932251751422882,-7.716932535171509,8.588926386412536,31.664657057262957
1229,/yh/study/new_data/model_dataset_flight/vi/vi_001229.jpg,4.697739601135254,-3.4620361328125,-3.1111013889312744,-7.160615921020508,8.640456588507577,4.697739601135254,-3.4620361328125,0.0,-2.2657387256622314,-12.678253173828125,11.551133578782869,0.44174185395240784,-2.6130593565448987,-10.411309843002376,10.086634051989464,0.5338082313537598,0.0018119604792445898,-75.451337572325,-3.2733630370867335,0.134321391582489,-0.5175684094429016,-2.8303465843200684,-7.076849937438965,0.36354994773864746,-2.8303465843200684,-7.076849937438965,-2.6960251927375793,-7.5944183468818665,8.350985597985504,32.377080991864204
1230,/yh/study/new_data/model_dataset_flight/vi/vi_001230.jpg,4.694444179534912,-3.311176061630249,-2.8303465843200684,-7.076849937438965,8.414438530213733,4.694444179534912,-3.311176061630249,0.0,-2.1651222705841064,-12.741653442382812,11.661370224484092,0.4428403973579407,-2.43843234017223,-10.414246268336292,10.066356530879705,0.4870368540287018,0.0018143822671845555,-78.7027261833045,-3.251392026074095,0.09558798372745514,-0.47848960757255554,-2.800197124481201,-7.113741397857666,0.3645550012588501,-2.800197124481201,-7.113741397857666,-2.704609140753746,-7.592231005430222,8.404115147482374,33.716403064318
1231,/yh/study/new_data/model_dataset_flight/vi/vi_001231.jpg,4.691150665283203,-3.160377264022827,-2.800197124481201,-7.113741397857666,8.470500556749862,4.691150665283203,-3.160377264022827,0.0,-1.9836801290512085,-12.788490295410156,11.715542099201617,0.442271888256073,-2.3191494019458756,-10.456997017037889,10.118545688619566,0.4434925317764282,0.0020426767878234386,-82.00107234482786,-3.2983446674194665,0.06185613572597504,-0.44018903374671936,-2.274695634841919,-5.581454753875732,0.37713512778282166,-2.274695634841919,-5.581454753875732,-2.212839499115944,-6.021643787622452,7.374593608385434,33.91980205196887
1232,/yh/study/new_data/model_dataset_flight/vi/vi_001232.jpg,4.687527179718018,-2.9944941997528076,-2.274695634841919,-5.581454753875732,7.427308491517427,4.687527179718018,-2.9944941997528076,0.0,-2.3550913333892822,-13.0576753616333,12.28275582342937,0.41653937101364136,-2.3220604391317297,-9.986040226881723,9.900304764793546,0.4032561480998993,0.0025131830479949713,-85.27183820248268,-3.270766924871894,0.03334331884980202,-0.40313616394996643,-2.911494493484497,-6.308465003967285,0.3688083291053772,-2.911494493484497,-6.308465003967285,-2.878151174634695,-6.711601167917252,8.290207046931187,35.052289022132754
1233,/yh/study/new_data/model_dataset_flight/vi/vi_001233.jpg,4.7226786613464355,-2.984044313430786,-2.911494493484497,-6.308465003967285,8.326606312634725,4.7226786613464355,-2.984044313430786,0.0,-2.475975275039673,-13.086101531982422,12.404522503616914,0.4138552248477936,-2.654910087616842,-10.301482460091325,10.391040216409152,0.36585357785224915,0.0024762069806456566,-88.57952806279062,-3.3076881527606323,0.009099973365664482,-0.36697888374328613,-3.1840662956237793,-6.729146480560303,0.3614370822906494,-3.1840662956237793,-6.729146480560303,-3.174966322258115,-7.096125364303589,8.748851699326725,39.51310703996569
1234,/yh/study/new_data/model_dataset_flight/vi/vi_001234.jpg,4.7613205909729,-2.9725568294525146,-3.1840662956237793,-6.729146480560303,8.788693792851848,4.7613205909729,-2.9725568294525146,0.0,-1.8358973264694214,-13.286251068115234,12.243184761280316,0.4066391587257385,-2.3897979388910797,-10.592238425888562,10.44978678534783,0.33141961693763733,0.0028437385335564613,-91.90854177368732,-3.329016485661055,-0.011085012927651405,-0.3326568305492401,-2.7383217811584473,-7.208563327789307,0.34061717987060547,-2.7383217811584473,-7.208563327789307,-2.7494067940860987,-7.541220158338547,8.613268065247908,34.04619998764247
1235,/yh/study/new_data/model_dataset_flight/vi/vi_001235.jpg,4.799864292144775,-2.9610984325408936,-2.7383217811584473,-7.208563327789307,8.652468278596015,4.799864292144775,-2.9610984325408936,0.0,-2.505643606185913,-12.808589935302734,12.261465432383632,0.4416520595550537,-2.601240364873573,-10.507796608613932,10.570194109139283,0.30006298422813416,0.0030464651063084602,-95.2528892592707,-3.3443470586965605,-0.027610769495368004,-0.300319641828537,-2.8990707397460938,-6.289395809173584,0.37041041254997253,-2.8990707397460938,-6.289395809173584,-2.9266815092414618,-6.589715451002121,8.387560077434706,33.00852794200182
1236,/yh/study/new_data/model_dataset_flight/vi/vi_001236.jpg,4.843355655670166,-3.0796165466308594,-2.8990707397460938,-6.289395809173584,8.381399012258498,4.843355655670166,-3.0796165466308594,0.0,-2.163499355316162,-13.012946128845215,12.15594725777794,0.4411923587322235,-2.465711800222938,-10.250548591947483,10.239371732354703,0.2715266942977905,0.003081859555095434,-98.55260828881723,-3.2997162547821697,-0.04060991853475571,-0.27003103494644165,-2.789207696914673,-6.8187432289123535,0.35901206731796265,-2.789207696914673,-6.8187432289123535,-2.8298176154494286,-7.088774263858795,8.499240652986037,33.854707959108055
1237,/yh/study/new_data/model_dataset_flight/vi/vi_001237.jpg,4.882905960083008,-3.187394380569458,-2.789207696914673,-6.8187432289123535,8.488110651037227,4.882905960083008,-3.187394380569458,0.0,-1.896355390548706,-12.921041488647461,11.86179878790583,0.4409794211387634,-2.2631873312129445,-10.413887845015498,10.163112570447419,0.24516408145427704,0.003584766760468483,-101.93166679576261,-3.3790563725112728,-0.051057007163763046,-0.24162094295024872,-2.4807775020599365,-6.830096244812012,0.35931459069252014,-2.4807775020599365,-6.830096244812012,-2.5318345092236996,-7.07171718776226,8.215419100836773,32.78329910244793
1238,/yh/study/new_data/model_dataset_flight/vi/vi_001238.jpg,4.9224138259887695,-3.2950568199157715,-2.4807775020599365,-6.830096244812012,8.203886004526533,4.9224138259887695,-3.2950568199157715,0.0,-2.187248706817627,-12.770157814025879,11.845878615745537,0.4514085054397583,-2.30784618619003,-10.329659763493158,10.087730092419177,0.2210802286863327,0.004025080241262913,-105.26434831824362,-3.332679388046886,-0.05873425677418709,-0.21522237360477448,-2.447145462036133,-5.826536178588867,0.3763163387775421,-2.447145462036133,-5.826536178588867,-2.50587971881032,-6.041758552193642,7.792226372680792,31.427999958395958
1239,/yh/study/new_data/model_dataset_flight/vi/vi_001239.jpg,4.946234226226807,-3.395207166671753,-2.447145462036133,-5.826536178588867,7.782893034020759,4.946234226226807,-3.395207166671753,0.0,-2.113175392150879,-12.995816230773926,11.916667259001745,0.43818625807762146,-2.2503883309384993,-10.05028885076121,9.80211652920957,0.19914259016513824,0.0037149882409721613,-108.66143169440866,-3.3970865778162254,-0.0643150582909584,-0.19043268263339996,-2.5538485050201416,-6.413281440734863,0.36193087697029114,-2.5538485050201416,-6.413281440734863,-2.6181635633111,-6.603714123368263,8.084553995076677,33.909471007063985
1240,/yh/study/new_data/model_dataset_flight/vi/vi_001240.jpg,4.9700703620910645,-3.495424747467041,-2.5538485050201416,-6.413281440734863,8.06989732284865,4.9700703620910645,-3.495424747467041,0.0,-1.913382887840271,-12.652924537658691,11.456078345199563,0.4468103349208832,-2.176520747936151,-10.089342218413831,9.723863023900394,0.1791599541902542,0.004277412313967943,-112.07917639281301,-3.417745338734575,-0.06814789772033691,-0.1680031716823578,-2.5121889114379883,-6.688785552978516,0.3656606078147888,-2.5121889114379883,-6.688785552978516,-2.580336809158325,-6.856788724660873,8.135217088098411,42.91883599944413
1241,/yh/study/new_data/model_dataset_flight/vi/vi_001241.jpg,4.993901252746582,-3.5956194400787354,-2.5121889114379883,-6.688785552978516,8.118439884291801,4.993901252746582,-3.5956194400787354,0.0,-2.356304883956909,-12.691307067871094,11.694317580534943,0.44377416372299194,-2.4203504600412513,-10.225147098873537,9.945942159458932,0.1610860675573349,0.004000982269644737,-115.50513780878887,-3.425961415975866,-0.07022377103567123,-0.14719323813915253,-3.0924370288848877,-7.3941240310668945,0.3617054224014282,-3.0924370288848877,-7.3941240310668945,-3.162660799920559,-7.541317269206047,8.934064244941197,32.98369504045695
1242,/yh/study/new_data/model_dataset_flight/vi/vi_001242.jpg,5.021136283874512,-3.6104629039764404,-3.0924370288848877,-7.3941240310668945,8.952438965230478,5.021136283874512,-3.6104629039764404,0.0,-1.8708018064498901,-13.170013427734375,11.784897829728731,0.438957542181015,-2.372715523012476,-10.79696617083109,10.310910422786074,0.14465869963169098,0.004486748017370701,-118.96824862366044,-3.4631114552018,-0.0711483284831047,-0.12852288782596588,-2.702942132949829,-8.046028137207031,0.34433233737945557,-2.702942132949829,-8.046028137207031,-2.774090461432934,-8.174551025032997,8.907054862719527,33.49591500591487
1243,/yh/study/new_data/model_dataset_flight/vi/vi_001243.jpg,5.048360824584961,-3.625300884246826,-2.702942132949829,-8.046028137207031,8.923313677359586,5.048360824584961,-3.625300884246826,0.0,-2.364415407180786,-13.230548858642578,12.133014469284412,0.4396282434463501,-2.503500466260723,-11.100467786892935,10.625851927191027,0.1297701597213745,0.004638189449906349,-122.44471928854854,-3.4764764278602223,-0.0708639919757843,-0.11147136986255646,-3.043215036392212,-7.730447769165039,0.3459073305130005,-3.043215036392212,-7.730447769165039,-3.114079028367996,-7.8419191390275955,9.073358301130964,33.20018807426095
1244,/yh/study/new_data/model_dataset_flight/vi/vi_001244.jpg,5.075601100921631,-3.6401474475860596,-3.043215036392212,-7.730447769165039,9.090969815823655,5.075601100921631,-3.6401474475860596,0.0,-2.3541836738586426,-13.271230697631836,12.16385902453942,0.43507105112075806,-2.6372749646517155,-10.99477787339995,10.657347038695963,0.11633975803852081,0.004897596314549446,-125.94763644590294,-3.5029237741001578,-0.06973430514335632,-0.096165731549263,-3.0937576293945312,-7.598785877227783,0.34573471546173096,-3.0937576293945312,-7.598785877227783,-3.1634919345378876,-7.694951608777046,9.077953529360524,32.81975502613932
1245,/yh/study/new_data/model_dataset_flight/vi/vi_001245.jpg,5.068787097930908,-3.662430763244629,-3.0937576293945312,-7.598785877227783,9.062120502893881,5.068787097930908,-3.662430763244629,0.0,-1.8978904485702515,-12.935866355895996,11.598758714965003,0.44061288237571716,-2.3892172621884415,-10.743105497787615,10.28386035163618,0.10421142727136612,0.005181114189326763,-129.50300945608305,-3.555367247207985,-0.06793874502182007,-0.08240747451782227,-2.718614339828491,-7.532436847686768,0.3542627990245819,-2.718614339828491,-7.532436847686768,-2.7865530848503113,-7.61484432220459,8.69600875381553,30.908653046935797
1246,/yh/study/new_data/model_dataset_flight/vi/vi_001246.jpg,5.061983108520508,-3.6846792697906494,-2.718614339828491,-7.532436847686768,8.68003081973284,5.061983108520508,-3.6846792697906494,0.0,-2.064565658569336,-12.905102729797363,11.653493300789766,0.4391460418701172,-2.3332841748620403,-10.697721466375565,10.191797635537554,0.09328000992536545,0.0052676149643957615,-133.04436691808627,-3.54136279808852,-0.06546736508607864,-0.07009625434875488,-2.7682130336761475,-7.397287845611572,0.35216689109802246,-2.7682130336761475,-7.397287845611572,-2.833680398762226,-7.467384099960327,8.665762174357802,31.852076994255185
1247,/yh/study/new_data/model_dataset_flight/vi/vi_001247.jpg,5.055176258087158,-3.7069389820098877,-2.7682130336761475,-7.397287845611572,8.650092181333273,5.055176258087158,-3.7069389820098877,0.0,-1.799255609512329,-12.854798316955566,11.430947757710914,0.4468677043914795,-2.197355642174779,-10.612558314746359,10.014329599777547,0.08347348123788834,0.005186105612665415,-136.61792189183694,-3.5735515586560864,-0.06255225837230682,-0.059115685522556305,-2.571603536605835,-7.670392990112305,0.35017824172973633,-2.571603536605835,-7.670392990112305,-2.634155794978142,-7.729508675634861,8.595157806060364,41.50386806577444
1248,/yh/study/new_data/model_dataset_flight/vi/vi_001248.jpg,4.985660076141357,-3.7185966968536377,-2.571603536605835,-7.670392990112305,8.528125659015918,4.985660076141357,-3.7185966968536377,0.0,-1.485589861869812,-0.4041188955307007,7.270683520527633,0.4536399245262146,-1.9317829231979469,-3.3894966657496237,6.925267105287782,0.07463684678077698,0.005238721147179604,-140.20060199831875,-3.582682667802747,-0.05935519188642502,-0.04945182800292969,-1.4781620502471924,-1.0812115669250488,0.5385887622833252,-1.4781620502471924,-1.0812115669250488,-1.5375172421336174,-1.1306633949279785,6.981174457436129,35.994322039186954
1249,/yh/study/new_data/model_dataset_flight/vi/vi_001249.jpg,4.9224138259887695,-3.72920298576355,-1.4781620502471924,-1.0812115669250488,6.926704129793339,4.9224138259887695,-3.72920298576355,0.0,-1.8642194271087646,-0.5564987063407898,7.491624880939829,0.43341881036758423,-1.7056062099482674,-0.7720790834840534,7.257770413165156,0.0667354017496109,0.005421666894108057,-143.81763795632574,-3.6170176018735782,-0.056052979081869125,-0.04099809005856514,-1.4104523658752441,-0.2563774287700653,0.5373274087905884,-1.4104523658752441,-0.2563774287700653,-1.4665053449571133,-0.29737551882863045,7.222583440387609,31.797874020412564
1250,/yh/study/new_data/model_dataset_flight/vi/vi_001250.jpg,4.878164768218994,-3.7032313346862793,-1.4104523658752441,-0.2563774287700653,7.171297463357206,4.878164768218994,-3.7032313346862793,0.0,-1.647705078125,-0.35497626662254333,7.334697625140131,0.46316641569137573,-1.5502288525030223,-0.3144665397855519,7.26690934153565,0.059613995254039764,0.005418549757450819,-147.39525006244338,-3.5776138136649513,-0.05250160023570061,-0.03358231112360954,-1.220856785774231,-0.09151645004749298,0.5617467164993286,-1.220856785774231,-0.09151645004749298,-1.2733583860099316,-0.12509876117110252,7.088197819191794,32.33871201518923
1251,/yh/study/new_data/model_dataset_flight/vi/vi_001251.jpg,4.833906650543213,-3.6772544384002686,-1.220856785774231,-0.09151645004749298,7.036879790850689,4.833906650543213,-3.6772544384002686,0.0,-1.7494025230407715,-0.6669104695320129,7.238931584556973,0.4276292324066162,-1.5322473931845864,-0.43050753557622884,7.146277545650554,0.053224049508571625,0.005374327301979065,-151.03874617329498,-3.6434990990593636,-0.04891936853528023,-0.027073219418525696,-1.2808665037155151,-0.2284354567527771,0.5346863269805908,-1.2808665037155151,-0.2284354567527771,-1.3297858722507954,-0.2555086761713028,7.020313603836746,32.09005401004106
1252,/yh/study/new_data/model_dataset_flight/vi/vi_001252.jpg,4.789651870727539,-3.6512792110443115,-1.2808665037155151,-0.2284354567527771,6.969006579186398,4.789651870727539,-3.6512792110443115,0.0,-1.8328622579574585,-0.4533059000968933,7.354231889338573,0.44504567980766296,-1.6060725948482784,-0.36091697917256454,7.192480452284393,0.047523386776447296,0.005402733571827412,-154.7110793428224,-3.67233786528245,-0.045411475002765656,-0.02145516313612461,-1.418295979499817,-0.13828472793102264,0.5600602626800537,-1.418295979499817,-0.13828472793102264,-1.4637074545025826,-0.15973989106714725,7.133004048052045,30.95937694888562
1253,/yh/study/new_data/model_dataset_flight/vi/vi_001253.jpg,4.46619176864624,-3.5956084728240967,-1.418295979499817,-0.13828472793102264,6.824974984209285,4.46619176864624,-3.5956084728240967,0.0,-2.608442544937134,-0.7372410297393799,7.630250003153105,0.4067949652671814,-2.119466069027914,-0.4911574378632374,7.280694017975798,0.042456064373254776,0.005237669683992863,-158.36493002045572,-3.65385323895428,-0.0418994165956974,-0.016618825495243073,-2.599641799926758,-0.09587663412094116,0.5364677906036377,-2.599641799926758,-0.09587663412094116,-2.641541216522455,-0.11249545961618423,7.8850571945678105,32.3627790203318
1254,/yh/study/new_data/model_dataset_flight/vi/vi_001254.jpg,4.142780303955078,-3.5399458408355713,-2.599641799926758,-0.09587663412094116,7.571120691651553,4.142780303955078,-3.5399458408355713,0.0,-2.31559157371521,-0.7105004787445068,7.050980667066183,0.42950576543807983,-2.4322947450957053,-0.45797981424687395,7.2615512454087305,0.03786032646894455,0.005346036981791258,-162.0768509664125,-3.711914542654443,-0.03856626898050308,-0.012473774142563343,-2.3916077613830566,-0.22138862311840057,0.5375418663024902,-2.3916077613830566,-0.22138862311840057,-2.4301740303635597,-0.23386239726096392,7.328782258717759,31.51807701215148
1255,/yh/study/new_data/model_dataset_flight/vi/vi_001255.jpg,3.8194665908813477,-3.484300136566162,-2.3916077613830566,-0.22138862311840057,7.01598433250436,3.8194665908813477,-3.484300136566162,0.0,-1.3277263641357422,-0.1619042456150055,6.126329224942673,0.48316192626953125,-1.7648262907487446,-0.18634363999545814,6.485433219230418,0.033726539462804794,0.005980988964438438,-165.81203553668237,-3.7351854240434994,-0.035597048699855804,-0.008999482728540897,-1.0553319454193115,0.056069038808345795,0.5794364213943481,-1.0553319454193115,0.056069038808345795,-1.0909289941191673,0.0470695560798049,6.0247717523123665,31.551818014122546
1256,/yh/study/new_data/model_dataset_flight/vi/vi_001256.jpg,3.8194665908813477,-3.484300136566162,-1.0553319454193115,0.056069038808345795,6.0247717523123665,3.8194665908813477,-3.484300136566162,0.0,-1.5852811336517334,-0.3911529779434204,6.227267242598591,0.4679182171821594,-1.367549390353694,-0.20741002388133928,6.1354008508164535,0.03004198893904686,0.005865282379090786,-169.56286124015156,-3.750828691676944,-0.032429039478302,-0.00597357377409935,-1.1541855335235596,-0.09056195616722107,0.5725938081741333,-1.1541855335235596,-0.09056195616722107,-1.1866145730018616,-0.09653552994132042,6.021185455680215,30.287448898889124
1257,/yh/study/new_data/model_dataset_flight/vi/vi_001257.jpg,3.8194665908813477,-3.484300136566162,-1.1541855335235596,-0.09056195616722107,6.021185455680215,3.8194665908813477,-3.484300136566162,0.0,-1.7949949502944946,-0.2568116784095764,6.476021938263997,0.46439820528030396,-1.5317158387617418,-0.18850731517925207,6.284695992395051,0.02675570920109749,0.005528917536139488,-173.33608996409836,-3.7732300046072935,-0.02932072803378105,-0.0034256717190146446,-1.3693363666534424,0.028272002935409546,0.5596577525138855,-1.3693363666534424,0.028272002935409546,-1.3986570946872234,0.0248463312163949,6.265926840246735,31.0520090861246
