frame_id,image_path,forward_rows,candidate_count,reference_x,reference_y,previous_kalman_output_s,previous_kalman_output_e,previous_ms_s,previous_ms_e,previous_ms_x,previous_ms_y,previous_ms_support,kalman_prior_s,kalman_prior_e,current_softms_x,current_softms_y,gru_measurement_s,gru_measurement_e,gru_measurement_var_s,gru_measurement_var_e,gru_velocity_s,gru_velocity_e,gru_acceleration_s,gru_acceleration_e,gru_heading_residual_deg,final_s,final_e,final_x,final_y,error_final_m,prior_center_x,prior_center_y,prior_jitter_x,prior_jitter_y,search_heading_deg,tracking_core_latency_ms
0,/yh/study/new_data/model_dataset_flight/vi/vi_000000.jpg,3,18,-18.780746459960938,-2.1595981121063232,0.0,0.0,0.0,0.0,-18.780745674413577,-2.1595981213156596,0.0,0.0,0.0,-29.051822662353516,-2.7776217460632324,10.14754581451416,1.7041999101638794,4.340153694152832,4.192392349243164,0.7569051384925842,0.008606625720858574,0.010143022984266281,0.00624549575150013,0.049979202220267506,7.820911271948188e-07,1.162624547954324,-18.904089914969354,-3.315661284740706,1.1626244737725455,-22.286636481787085,-5.560398167149495,-3.505890021826147,-3.400800055043172,173.90999929632898,126.99358502868563
1,/yh/study/new_data/model_dataset_flight/vi/vi_000001.jpg,3,18,-25.919267654418945,-1.4582853317260742,7.820911271948188e-07,1.162624547954324,6.8812657338242715,1.4611463837967775,-25.77819061279297,-2.8824613094329834,0.716392993927002,0.4571804774589403,1.1700609738450976,-32.741119384765625,-3.7533743381500244,13.712503433227539,3.065845251083374,5.446661949157715,4.716536521911621,0.8777680397033691,-0.002769051119685173,0.3636700212955475,-0.0050609782338142395,0.12559498588164897,7.172638198106864,2.9157606433074,-26.222239517315153,-4.297954554668154,2.8557859243002217,-29.320126756208943,-4.996454472878796,-3.4008591017899956,-3.5381691411527214,173.927492014438,162.3777630738914
2,/yh/study/new_data/model_dataset_flight/vi/vi_000002.jpg,3,18,-28.881437301635742,-1.16508948802948,7.172638198106864,2.9157606433074,13.738303100086489,2.7006276323963254,-32.72802734375,-3.3874807357788086,0.7551544904708862,7.991277416914085,2.916949115337153,-37.5518913269043,-8.594459533691406,17.982532501220703,8.389986991882324,6.9724860191345215,5.351904392242432,1.0362051725387573,-0.017003070563077927,0.7828364372253418,-0.018878694623708725,0.17430528036038825,10.149196069256064,7.909263323691187,-29.71176248949079,-8.94749165054757,7.826571620879271,-32.171866822075074,-4.837355860378661,-3.2904295204393312,-3.672266372349181,173.96532780732466,139.01309401262552
3,/yh/study/new_data/model_dataset_flight/vi/vi_000003.jpg,3,18,-31.84273910522461,-0.8719794154167175,10.149196069256064,7.909263323691187,13.60762946452387,5.090545078147009,-32.85163879394531,-5.777773857116699,0.6926913857460022,11.333270113483664,7.896479202133117,-45.128753662109375,-6.070940971374512,25.78435516357422,6.684543609619141,9.0,6.799215316772461,1.4002418518066406,-0.04873848706483841,1.591586947441101,-0.04903417453169823,0.21730961879824304,13.12488189497482,6.820441567325736,-32.555141270601744,-7.54912257993486,6.715039663673282,-35.01743958123959,-4.674853821484464,-3.1747004760149813,-3.8028744060677466,174.0069696797706,145.5781339900568
4,/yh/study/new_data/model_dataset_flight/vi/vi_000004.jpg,3,18,-34.80412292480469,-0.5788613557815552,13.12488189497482,6.820441567325736,18.171777665102827,9.584386356407359,-37.866783142089844,-9.762041091918945,0.5731914639472961,14.916289956956021,6.776372306966926,-46.114768981933594,-4.167135715484619,26.966781616210938,4.89608907699585,9.0,8.200599670410156,1.7272617816925049,-0.07246271520853043,2.175638437271118,-0.07197652757167816,0.2457247532102299,16.100650121172926,5.144391417472909,-35.336302611426525,-5.566830412474764,5.016278553806782,-37.857903164306414,-4.508640038984245,-3.0537802395017297,-3.9297786832026897,174.04908841481347,139.01966193225235
5,/yh/study/new_data/model_dataset_flight/vi/vi_000005.jpg,3,18,-38.077056884765625,-0.2521708011627197,16.100650121172926,5.144391417472909,28.224251657590525,3.4098165477490237,-47.207462310791016,-2.555845260620117,0.6300560832023621,18.506525804003736,5.068937532573293,-52.31434631347656,-1.6353870630264282,33.399967193603516,3.0363450050354004,9.0,9.0,1.960353970527649,-0.0865812674164772,2.52751088142395,-0.0860522910952568,0.2707972037145831,19.38977197054549,3.325138391051075,-38.413856686082376,-3.4088996833423204,3.1746450733513303,-41.004842975164706,-4.304938624144119,-2.9277860903990813,-4.0527678229814,174.08641088963552,181.5268020145595
6,/yh/study/new_data/model_dataset_flight/vi/vi_000006.jpg,3,18,-41.34334182739258,0.07385636121034622,19.38977197054549,3.325138391051075,28.505855736818255,2.6619753445418968,-47.408138275146484,-1.7823489904403687,0.6524319648742676,22.286933931147296,3.226336092743656,-51.7699089050293,-0.8966439962387085,32.93697738647461,2.244011402130127,9.0,9.0,2.1363017559051514,-0.09688634425401688,2.7652084827423096,-0.09626280516386032,0.29601610307969495,22.672211946844765,2.3833926654656867,-41.577861817948396,-2.124232903515172,2.210564643178722,-44.1401860619692,-4.097777656010714,-2.796844234576623,-4.17163401722106,174.11944584660822,185.36261597182602
7,/yh/study/new_data/model_dataset_flight/vi/vi_000007.jpg,3,18,-44.61831283569336,0.40075016021728516,22.672211946844765,2.3833926654656867,32.76419153024741,-0.6534154615747696,-51.29071044921875,1.9661004543304443,0.7231845259666443,25.942841829657265,2.267770375986908,-55.92994689941406,-0.6031675338745117,37.104671478271484,2.3935317993164062,9.0,9.0,2.2650511264801025,-0.10269580781459808,2.9234542846679688,-0.1024981439113617,0.31713808956198913,25.963380910728766,2.3755409378281667,-44.849623991082495,-1.767263603842225,2.180318447328037,-47.2794025398481,-3.8854232629079872,-2.6610897041547403,-4.286173423125272,174.1497451794162,202.24625407718122
8,/yh/study/new_data/model_dataset_flight/vi/vi_000008.jpg,3,18,-47.93851089477539,0.7270652055740356,25.963380910728766,2.3755409378281667,36.723338568610735,0.13334472734974964,-55.31098175048828,1.6038084030151367,0.7070913314819336,29.29946028508333,2.2493033069840505,-59.66796112060547,-1.1199240684509277,40.76676559448242,3.3039400577545166,9.0,9.0,2.351590633392334,-0.10618343949317932,3.0239999294281006,-0.10632457584142685,0.33765515073548763,29.29946028508333,3.1521865371054454,-48.249270864490455,-2.185599730656778,2.929195928838793,-50.45917713416896,-3.6691213481962457,-2.5206662393935693,-4.396186553770281,174.17683245568443,166.45404102746397
9,/yh/study/new_data/model_dataset_flight/vi/vi_000009.jpg,3,18,-51.25859451293945,1.0533686876296997,29.29946028508333,3.1521865371054454,36.85477195898415,0.7825472538252776,-55.51054763793945,0.9722135066986084,0.6974314451217651,32.635424637613376,3.0197469535654826,-59.65226364135742,-1.4964141845703125,40.71121597290039,3.676640033721924,9.0,9.0,2.4221975803375244,-0.10863111168146133,3.1021552085876465,-0.10914091765880585,0.3586742574934085,32.635424637613376,3.5817348340186044,-51.61197962592687,-2.258809610392893,3.3309767510405965,-53.63432066555253,-3.448109977798337,-2.375726152613076,-4.501478665428037,174.20162014599734,155.43662093114108
10,/yh/study/new_data/model_dataset_flight/vi/vi_000010.jpg,3,18,-54.585689544677734,1.3803616762161255,32.635424637613376,3.5817348340186044,41.016138790554116,1.3010129268047574,-59.703433990478516,0.8981554508209229,0.7653810977935791,35.97843398474295,3.445763615671055,-62.56660842895508,-0.3987286686897278,43.72556686401367,2.894333839416504,9.0,9.0,2.409553050994873,-0.10665459930896759,3.088296413421631,-0.1073167622089386,0.38186531104654053,35.97843398474295,2.974228795042896,-54.87167197173302,-1.3000703898117987,2.69564500800368,-56.81211971888854,-3.221498464653738,-2.2264301742108037,-4.601860140869864,174.22508883606804,171.63399897981435
11,/yh/study/new_data/model_dataset_flight/vi/vi_000011.jpg,3,18,-57.930152893066406,1.7030118703842163,35.97843398474295,2.974228795042896,44.673014183859685,1.5372539424827447,-63.3647346496582,1.0512075424194336,0.7460649013519287,39.338252900588046,2.839464928379917,-74.78584289550781,1.6988164186477661,56.09837341308594,2.104971408843994,9.0,9.0,2.552196741104126,-0.11700830608606339,3.241240978240967,-0.11724992096424103,0.38494007011180986,39.338252900588046,2.211603473304975,-58.131622332979525,-0.18530396995731468,1.8990330824142185,-60.00310017394988,-2.9941349974117815,-2.0729472808834766,-4.697146867795998,174.24846035602567,201.43275894224644
12,/yh/study/new_data/model_dataset_flight/vi/vi_000012.jpg,3,18,-61.281715393066406,2.0263473987579346,39.338252900588046,2.211603473304975,45.04356298819968,1.5482945466133418,-63.7343635559082,1.0795409679412842,0.7209906578063965,42.7052036112737,2.069141189932096,-74.3546371459961,1.0944843292236328,55.60548782348633,2.6601459980010986,9.0,9.0,2.657719850540161,-0.12319714576005936,3.3456101417541504,-0.12350017577409744,0.3884518012014014,42.7052036112737,2.574223296576469,-61.51804210253786,-0.1886757292319423,2.2275946155303177,-63.19716989926891,-2.760813212779974,-1.9154545062024992,-4.787160611537908,174.26472799899878,158.98191404994577
13,/yh/study/new_data/model_dataset_flight/vi/vi_000013.jpg,3,18,-64.62455749511719,2.3488411903381348,42.7052036112737,2.574223296576469,55.996194309310226,-0.2927067334010119,-74.42987060546875,4.072123050689697,0.8074045181274414,46.063393837491766,2.4238884168204953,-76.96472930908203,0.7692190408706665,58.16633987426758,3.260481834411621,9.0,9.0,2.5968077182769775,-0.11665362119674683,3.2842283248901367,-0.1176198199391365,0.41034477196668717,46.063393837491766,3.138731559967189,-64.91716928071902,-0.3937259705218148,2.7581327540385905,-66.37869422885039,-2.522888190846916,-1.75413673373321,-4.871729381185051,174.27653107281267,174.85210404265672
14,/yh/study/new_data/model_dataset_flight/vi/vi_000014.jpg,3,18,-67.96265411376953,2.678952693939209,46.063393837491766,3.138731559967189,57.84709834869103,1.0342096753569863,-76.41110229492188,2.9490585327148438,0.756865382194519,49.417673528729765,2.9915371893397857,-78.66761779785156,3.0353078842163086,60.10002899169922,1.1878420114517212,9.0,9.0,2.5925090312957764,-0.11496975272893906,3.2793233394622803,-0.11620556563138962,0.42555352217504283,49.417673528729765,1.4505244555966537,-68.0734162095539,1.6408110280405679,1.0440336969357602,-69.55184058670172,-2.2717350943544696,-1.5891864729321772,-4.950687788293679,174.29186562123172,181.8938300712034
15,/yh/study/new_data/model_dataset_flight/vi/vi_000015.jpg,3,18,-71.30087280273438,3.009075880050659,49.417673528729765,1.4505244555966537,60.03771134154787,1.7065615468224546,-78.66068267822266,2.512904405593872,0.7297487258911133,52.77207584077711,1.3066660675303619,-78.66068267822266,2.512904405593872,60.03771209716797,1.70656156539917,9.0,9.0,2.5858123302459717,-0.1137155294418335,3.2719743251800537,-0.11509837955236435,0.43790618609327536,52.77207584077711,1.6482926062074288,-71.42986919517027,1.800029330416703,1.2159085608890374,-72.72167642083015,-2.014801517293799,-1.4208036180957688,-5.023877397344458,174.3071561469471,153.1840730458498
16,/yh/study/new_data/model_dataset_flight/vi/vi_000016.jpg,3,18,-74.64299774169922,3.3395848274230957,52.77207584077711,1.6482926062074288,60.52283848168314,1.383327406158119,-79.10877990722656,2.885781764984131,0.736291766166687,56.13040328342148,1.5073533109155282,-84.25431823730469,2.858433723449707,65.63643646240234,1.956413984298706,9.0,9.0,2.697134494781494,-0.12344990670681,3.3824281692504883,-0.12404628843069077,0.43732321877544417,56.13040328342148,1.890957165373504,-74.79498824391104,1.9150210174883389,1.432649001443979,-75.89219293237572,-1.751562239702852,-1.249195190676505,-5.091147067125948,174.32141840902733,168.53866493329406
17,/yh/study/new_data/model_dataset_flight/vi/vi_000017.jpg,3,18,-77.97047424316406,3.6625680923461914,56.13040328342148,1.890957165373504,66.40297163719985,1.8270921232330342,-85.0028076171875,3.068347930908203,0.7339819669723511,59.473366553705844,1.7433977013956903,-89.58853149414062,3.0529375076293945,70.961181640625,2.3289175033569336,9.0,9.0,2.7703192234039307,-0.12835612893104553,3.450624465942383,-0.12884630262851715,0.4371516102725476,59.473366553705844,2.243547524473345,-78.1564919155633,1.91907728040748,1.753386091469741,-79.04504930848647,-1.4897851898879475,-1.074575065322404,-5.152353282234139,174.3304848448203,192.3392548924312
18,/yh/study/new_data/model_dataset_flight/vi/vi_000018.jpg,3,18,-81.29307556152344,3.9850776195526123,59.473366553705844,2.243547524473345,70.7048281803504,3.7974764989617524,-89.48942565917969,1.565469741821289,0.6430454254150391,62.811431895017215,2.0894396259996055,-89.48942565917969,1.565469741821289,70.70482635498047,3.7974765300750732,9.0,9.0,2.747748374938965,-0.12516134977340698,3.428483009338379,-0.12607823312282562,0.44545696022072445,62.811431895017215,3.5483946457004896,-81.61415073129686,0.9757312428269311,3.0264260902518365,-82.19023924156076,-1.2222828543396256,-0.8971636800373276,-5.207360473892238,174.3363179597736,169.50682399328798
19,/yh/study/new_data/model_dataset_flight/vi/vi_000019.jpg,3,18,-84.62059020996094,4.3080644607543945,62.811431895017215,3.5483946457004896,70.92833143979394,3.5965709400839017,-89.69035339355469,1.7889530658721924,0.6563194394111633,66.15443347640014,3.3946487560367933,-93.07505798339844,1.5381689071655273,74.26732635498047,4.205024719238281,9.0,9.0,2.8065450191497803,-0.12940670549869537,3.481959104537964,-0.1301330029964447,0.4462036386352244,66.15443347640014,4.0868323060607965,-84.99540913786976,0.7949931029581236,3.5330099906011094,-85.33777794085835,-0.947976868558337,-0.7171877308974134,-5.2560413293127315,174.34301637431741,204.04181501362473
20,/yh/study/new_data/model_dataset_flight/vi/vi_000020.jpg,3,18,-87.91920471191406,4.623467922210693,66.15443347640014,4.0868323060607965,74.59736544038843,3.777678432052385,-93.35789489746094,1.998117446899414,0.6726526021957397,69.46789348518799,3.929902261767393,-95.82550811767578,2.105423927307129,77.06243896484375,3.932767868041992,9.0,9.0,2.8170220851898193,-0.1305651068687439,3.4913790225982666,-0.13112545013427734,0.4511575801763199,69.46789348518799,3.9323498825789316,-88.27378042652695,1.300130453298899,3.3421992564277634,-88.45408456371345,-0.6748091666309008,-0.534879851799391,-5.298277088841594,174.34763166120564,173.0126820039004
21,/yh/study/new_data/model_dataset_flight/vi/vi_000021.jpg,3,18,-91.22086334228516,4.939162731170654,69.46789348518799,3.9323498825789316,77.10102013666052,3.0107117443498397,-95.76605224609375,3.02636981010437,0.6883131265640259,72.78441135198993,3.7734611551524027,-95.76605224609375,3.02636981010437,77.10102081298828,3.010711669921875,9.0,9.0,2.7605483531951904,-0.12664921581745148,3.440504550933838,-0.12729284167289734,0.4589069633982283,72.78441135198993,3.121976102624883,-91.48560844973133,2.4577820301615434,2.495463915839528,-91.57134162203774,-0.39479509897543785,-0.3504782797525856,-5.333957830146092,174.35236548922856,170.14677601400763
22,/yh/study/new_data/model_dataset_flight/vi/vi_000022.jpg,3,18,-94.5164794921875,5.254280090332031,72.78441135198993,3.121976102624883,77.27052034639084,3.436992689109846,-95.97982025146484,2.6204769611358643,0.6659033894538879,76.0948595772578,2.9657798809156315,-104.50060272216797,1.7093735933303833,85.64655303955078,5.246928691864014,9.0,9.0,2.875706911087036,-0.13511954247951508,3.5436477661132812,-0.13537365198135376,0.4512510150297316,76.0948595772578,4.914154709847905,-94.96750726648037,1.0269248596903893,4.251347821481657,-94.68070599845352,-0.10870264839758281,-0.1642265062660167,-5.362982738729614,174.3581547415608,177.44512495119125
23,/yh/study/new_data/model_dataset_flight/vi/vi_000023.jpg,3,18,-97.71556854248047,5.570963382720947,76.0948595772578,4.914154709847905,85.94737716704242,5.372152670989789,-104.8130111694336,1.6167705059051514,0.6294405460357666,79.30949158678443,4.751957805427052,-108.49246978759766,-0.24174803495407104,89.40889739990234,7.610538482666016,9.0,9.0,2.9083311557769775,-0.13592559099197388,3.570761203765869,-0.1365044116973877,0.4525665734968995,79.30949158678443,7.193514094070316,-98.405815879123,-0.8985288643298768,6.506210211820152,-97.69194145789577,0.1857030186390718,0.02362708458470621,-5.3852603640818755,174.3592381803179,167.76111291255802
24,/yh/study/new_data/model_dataset_flight/vi/vi_000024.jpg,3,18,-101.2225570678711,5.918126583099365,79.30949158678443,7.193514094070316,89.33991600722801,7.257783539353977,-108.3864517211914,0.10169751197099686,0.6313151717185974,82.83351906261018,7.028376981929661,-108.3864517211914,0.10169751197099686,89.33991241455078,7.25778341293335,9.0,9.0,2.8342292308807373,-0.13009755313396454,3.5058724880218506,-0.1310051679611206,0.4605859626344349,82.83351906261018,7.224315586447233,-101.91322316207066,-0.5552905596011612,6.510157383434439,-101.00972747708201,0.5174177223000553,0.21282959078908495,-5.40070886079931,174.36040288765395,171.75661702640355
25,/yh/study/new_data/model_dataset_flight/vi/vi_000025.jpg,3,18,-104.41236877441406,6.233891487121582,82.83351906261018,7.224315586447233,94.41782088603449,8.699229098478051,-113.588623046875,-0.7928955554962158,0.5989196300506592,86.03882865299984,7.063029232382291,-113.588623046875,-0.7928955554962158,94.4178237915039,8.69922924041748,9.0,9.0,2.7976181507110596,-0.1270715892314911,3.4727745056152344,-0.12814980745315552,0.46520439781298,86.03882865299984,8.46052170548805,-105.23159327658203,-1.4444671011921306,7.721937541555442,-104.00924479533505,0.8246352730834534,0.4031239790790157,-5.409256214038129,174.36396669893594,163.49908395204693
26,/yh/study/new_data/model_dataset_flight/vi/vi_000026.jpg,3,18,-107.75296020507812,6.5345540046691895,86.03882865299984,8.46052170548805,95.02295918525996,8.400565855802357,-114.15866088867188,-0.4317183792591095,0.6082198619842529,89.39246481796275,8.30341071639427,-117.23823547363281,-1.3764467239379883,97.98492431640625,9.66667652130127,9.0,9.0,2.8562371730804443,-0.13125377893447876,3.5250000953674316,-0.13213734328746796,0.4663029376914414,89.39246481796275,9.467785180642286,-108.67316423274319,-2.0902569966186126,8.673761598088001,-107.15871072211448,1.123713555976237,0.59424948296365,-5.410840448692952,174.36789966059825,178.47291508223861
27,/yh/study/new_data/model_dataset_flight/vi/vi_000027.jpg,3,18,-111.09230041503906,6.835103988647461,89.39246481796275,9.467785180642286,99.5677662469366,7.709535624777368,-118.60450744628906,0.7375730276107788,0.6565840244293213,92.74484488477195,9.30910480125157,-118.60450744628906,0.7375730276107788,99.56776428222656,7.709535598754883,9.0,9.0,2.8138279914855957,-0.12765423953533173,3.4869143962860107,-0.12882594764232635,0.4697661637657552,92.74484488477195,7.942904173699221,-111.84484961114686,-0.21832589262579827,7.09346201671659,-110.30635840363337,1.429694166922677,0.785942011405693,-5.405409821724784,174.37084053728364,171.63605301175267
28,/yh/study/new_data/model_dataset_flight/vi/vi_000028.jpg,3,18,-114.4308090209961,7.135579586029053,92.74484488477195,7.942904173699221,101.16264754371463,7.612413287777547,-120.18008422851562,1.0033490657806396,0.6499986052513123,96.09639014904182,7.786614327994188,-120.18008422851562,1.0033490657806396,101.16265106201172,7.61241340637207,9.0,9.0,2.777069330215454,-0.12520748376846313,3.453667640686035,-0.126387819647789,0.475347228730449,96.09639014904182,7.637828555198771,-115.14511470720534,0.44059526137619454,6.73298208230932,-113.45287445360391,1.7426565889334,0.9779345673921784,-5.392922997095653,174.37396428161185,180.7188750244677
29,/yh/study/new_data/model_dataset_flight/vi/vi_000029.jpg,3,18,-117.76180267333984,7.465998649597168,96.09639014904182,7.637828555198771,104.4426583225104,8.196835188020671,-123.50358581542969,0.7702034711837769,0.6045077443122864,99.44363958894651,7.484695043655497,-127.56864166259766,-0.9812479615211487,108.29895782470703,10.36966609954834,9.0,9.0,2.873202323913574,-0.13170118629932404,3.539113998413086,-0.13269472122192383,0.47234242574331936,99.44363958894651,9.94875951201766,-118.7186417654424,-1.5021824058244686,9.019080468151905,-116.59184499771482,2.0926494467956607,1.1699576756250227,-5.373349202801507,174.3779480428061,179.79272198863328
30,/yh/study/new_data/model_dataset_flight/vi/vi_000030.jpg,3,18,-121.08988952636719,7.79612922668457,99.44363958894651,9.94875951201766,108.4707682203537,10.0,-127.74774932861328,-1.0405288934707642,0.5844347476959229,102.78796802844585,9.791645512889318,-127.74774932861328,-1.0405288934707642,108.47077178955078,10.447614669799805,9.0,9.0,2.8439667224884033,-0.1293654590845108,3.5138206481933594,-0.13048021495342255,0.4775240313632732,102.78796802844585,10.0,-122.0495325322238,-1.1983321160053766,9.045509910659174,-119.72814970783507,2.449460857153868,1.3617398185321128,-5.346668369530702,174.37948584922557,173.03232103586197
31,/yh/study/new_data/model_dataset_flight/vi/vi_000031.jpg,3,18,-124.41860961914062,8.126322746276855,102.78796802844585,10.0,112.12113855043556,10.0,-131.49407958984375,-1.7457512617111206,0.5830965042114258,106.1329328115906,9.843402087688446,-131.6422119140625,2.3427436351776123,112.70218658447266,7.496601104736328,9.0,9.0,2.825650930404663,-0.12827551364898682,3.497968912124634,-0.12931585311889648,0.48225190965109715,106.1329328115906,7.838992661767801,-125.14635749108055,1.30534863252747,6.859686933494291,-122.86560173936792,2.813451495763525,1.553007879772704,-5.31287125051333,174.3822989800291,177.33414703980088
32,/yh/study/new_data/model_dataset_flight/vi/vi_000032.jpg,3,18,-127.7506332397461,8.479126930236816,106.1329328115906,7.838992661767801,117.60459223521165,10.0,-136.9053497314453,-0.7775010466575623,0.5815565586090088,109.48358125655275,7.683699763351282,-137.03390502929688,2.9728610515594482,118.13030242919922,7.442047119140625,9.0,9.0,2.8139612674713135,-0.1275024116039276,3.4877216815948486,-0.1285342574119568,0.4857502471666131,109.48358125655275,7.477303610552197,-128.43972467956348,2.020468575837983,6.495314830805006,-126.00714564535505,3.207167408072479,1.7434875943910444,-5.271959522164337,174.38578226978413,166.29518300760537
33,/yh/study/new_data/model_dataset_flight/vi/vi_000033.jpg,3,18,-131.07872009277344,8.831513404846191,109.48358125655275,7.477303610552197,117.52715813454374,10.0,-136.83876037597656,-0.8832648992538452,0.5809265375137329,112.8302708361765,7.323313163030988,-136.953125,2.923614263534546,118.04475402832031,7.482446193695068,9.0,9.0,2.792623281478882,-0.12618230283260345,3.4685933589935303,-0.1272057145833969,0.48877650121660476,112.8302708361765,7.459229070132367,-131.7656095927136,2.3934932075368653,6.474559540701656,-129.14581608802402,3.607567539682254,1.9329040047494315,-5.223945865163937,174.3892707889027,185.99045008886606
34,/yh/study/new_data/model_dataset_flight/vi/vi_000034.jpg,3,18,-134.4064178466797,9.183857917785645,112.8302708361765,7.459229070132367,121.92296020140755,10.0,-141.2111053466797,-0.42957186698913574,0.5942237377166748,116.17656906083396,7.306936490719907,-141.07623291015625,3.2143874168395996,122.1754379272461,7.630736827850342,9.0,9.0,2.7957630157470703,-0.12636999785900116,3.471688747406006,-0.12738408148288727,0.4923719554843818,116.17656906083396,7.583495101270592,-135.10620634722412,2.6249390512978383,6.596144377032989,-132.28543592532455,4.015003892127134,2.1209819213551357,-5.1688540256585105,174.39259751791533,202.31457403860986
35,/yh/study/new_data/model_dataset_flight/vi/vi_000035.jpg,3,18,-137.9134521484375,9.491893768310547,116.17656906083396,7.583495101270592,126.43393507984455,10.0,-145.8144073486328,-1.0549647808074951,0.5800541639328003,119.69649101312082,7.43191020780555,-145.80496215820312,3.105308771133423,126.86590576171875,8.240873336791992,9.0,9.0,2.7868995666503906,-0.12568221986293793,3.4633469581604004,-0.1267385333776474,0.49277061441632836,119.69649101312082,8.122847396386417,-138.66348370412723,2.4620610156327682,7.069730961299135,-135.60600576076126,4.385174912002373,2.30744638767625,-5.106718856308174,174.3960183221116,147.75949402246624
36,/yh/study/new_data/model_dataset_flight/vi/vi_000036.jpg,3,18,-141.10328674316406,9.772066116333008,119.69649101312082,8.122847396386417,126.44421863834113,10.0,-145.81600952148438,-0.9730495810508728,0.5809105634689331,122.89804732913693,7.972103554261478,-145.80511474609375,3.1327786445617676,126.86897277832031,8.213574409484863,9.0,9.0,2.78402042388916,-0.1254177987575531,3.460812568664551,-0.12647168338298798,0.4961659654857652,122.89804732913693,8.17834432699622,-141.85285965386356,2.7465321128874365,7.065407814275442,-138.61126359513466,4.734479779384339,2.492023148029402,-5.037586336948669,174.398381354121,164.74637703504413
37,/yh/study/new_data/model_dataset_flight/vi/vi_000037.jpg,3,18,-144.29208374023438,10.052149772644043,122.89804732913693,8.17834432699622,131.667332283575,10.0,-151.07574462890625,-1.0384466648101807,0.5736643671989441,126.09856249385457,8.028314786934269,-151.16534423828125,3.619917392730713,132.25064086914062,8.29785442352295,9.0,9.0,2.7895331382751465,-0.12577304244041443,3.4656143188476562,-0.12682007253170013,0.4971960433899677,126.09856249385457,8.258529152891443,-145.04381948013923,3.0063441853284907,7.085794450652472,-141.61764462262693,5.090636197964714,2.6744391176074576,-4.961513574679329,174.4011057458262,211.64197498001158
38,/yh/study/new_data/model_dataset_flight/vi/vi_000038.jpg,3,18,-147.48928833007812,10.328798294067383,126.09856249385457,8.258529152891443,136.85153606048064,8.466274633545114,-155.75814819335938,3.9405598640441895,0.6017463207244873,129.3070733675738,8.108557593247697,-155.75814819335938,3.9405598640441895,136.85153198242188,8.46627426147461,9.0,9.0,2.7743701934814453,-0.12479417026042938,3.4516096115112305,-0.12585781514644623,0.5002401199648249,129.3070733675738,8.414084133693134,-148.2507259516514,3.192059725335401,7.177243527286347,-144.6348654763712,5.450229510835105,2.854422853706933,-4.878568783232278,174.40323708501236,186.63916597142816
39,/yh/study/new_data/model_dataset_flight/vi/vi_000039.jpg,3,18,-150.68637084960938,10.605437278747559,129.3070733675738,8.414084133693134,136.86765923579608,8.490339186184634,-155.7767333984375,3.918341636657715,0.6017005443572998,132.5154618481293,8.265039828606998,-155.7767333984375,3.918341636657715,136.86766052246094,8.490339279174805,9.0,9.0,2.767671585083008,-0.12439806759357452,3.4455556869506836,-0.12545551359653473,0.5011673181446541,132.5154618481293,8.457468546199395,-151.44561048487802,3.4892998113923372,7.1565255032075195,-147.65466582240578,5.816606037224129,3.031705027203603,-4.78883124152343,174.40568789562477,177.49137000646442
40,/yh/study/new_data/model_dataset_flight/vi/vi_000040.jpg,3,18,-154.1981964111328,10.909310340881348,132.5154618481293,8.457468546199395,141.22041179464114,9.420890724680932,-160.20364379882812,3.4548275470733643,0.603550910949707,136.03970638812723,8.309146157669618,-160.20364379882812,3.4548275470733643,141.2204132080078,9.420890808105469,9.0,9.0,2.7468719482421875,-0.12319159507751465,3.4263978004455566,-0.12423667311668396,0.502589865121868,136.03970638812723,9.25868949856776,-155.03496782138637,3.0664895666336403,7.887333141816005,-150.99217751781148,6.216919109551215,3.206018893321315,-4.692391231330133,174.40760547123426,210.52287402562797
41,/yh/study/new_data/model_dataset_flight/vi/vi_000041.jpg,3,18,-157.47799682617188,11.261993408203125,136.03970638812723,9.25868949856776,145.9440679211707,10.0,-164.9986572265625,3.03729248046875,0.6238596439361572,139.33841350119832,9.111652394795597,-164.9986572265625,3.03729248046875,145.94406127929688,10.344775199890137,9.0,9.0,2.7666819095611572,-0.12407251447439194,3.444671154022217,-0.1251918375492096,0.505440135079026,139.33841350119832,10.0,-158.39370462531608,2.679324279853363,8.631380546595173,-154.1008960654391,6.672643454116805,3.377100760732786,-4.58934995408632,174.4093497841544,185.61052600853145
42,/yh/study/new_data/model_dataset_flight/vi/vi_000042.jpg,3,18,-160.7559356689453,11.614477157592773,139.33841350119832,10.0,150.58276029044916,10.0,-170.06808471679688,-0.7531085014343262,0.6051075458526611,142.6352484020883,9.852948322892189,-164.97637939453125,3.022165060043335,145.92030334472656,10.357453346252441,9.0,9.0,2.726412534713745,-0.12157149612903595,3.4073972702026367,-0.12272386252880096,0.5035500936696365,142.6352484020883,10.0,-161.67193375359804,3.0290872656166012,8.634116752067584,-157.21124521091394,7.134657730761962,3.5446904580313547,-4.479819426830812,174.41148117670141,196.69066998176277
43,/yh/study/new_data/model_dataset_flight/vi/vi_000043.jpg,3,18,-164.03280639648438,11.966845512390137,142.6352484020883,10.0,150.962306298314,10.0,-170.07803344726562,2.7312119007110596,0.6199354529380798,145.93100897340545,9.854783922433853,-170.07803344726562,2.7312119007110596,150.96231079101562,11.18800163269043,9.0,9.0,2.7467494010925293,-0.12285511195659637,3.426323413848877,-0.12397456169128418,0.5068155644231374,145.93100897340545,10.0,-164.94909461531373,3.3787362751783068,8.636851531099087,-160.32427459987383,7.602923154998502,3.708531796610531,-4.363922357391635,174.41220507003172,191.10121997073293
44,/yh/study/new_data/model_dataset_flight/vi/vi_000044.jpg,3,18,-167.38104248046875,12.304368019104004,145.93100897340545,10.0,155.5519804049068,10.0,-174.6604766845703,3.0431342124938965,0.6112995147705078,149.29615714494352,9.854682505130768,-174.72299194335938,7.01967716217041,156.0360107421875,7.416524887084961,9.0,9.0,2.7524824142456055,-0.12335534393787384,3.4314346313476562,-0.1244344562292099,0.508203533567678,149.29615714494352,7.772247261297114,-168.05890800169902,5.950927011314153,6.389500317265702,-163.51266945147557,8.062576020170619,3.8683730289931835,-4.241791998933385,174.41381848877973,208.70258996728808
45,/yh/study/new_data/model_dataset_flight/vi/vi_000045.jpg,3,18,-170.73062133789062,12.642024993896484,149.29615714494352,7.772247261297114,160.07680322113805,10.0,-179.19424438476562,3.199995994567871,0.5934896469116211,152.6626547777333,7.6265600835198235,-174.7625732421875,7.0873847007751465,156.08255004882812,7.35339879989624,9.0,9.0,2.7131869792938232,-0.12094250321388245,3.3951334953308105,-0.122029609978199,0.5063047409784144,152.6626547777333,7.393252491808853,-171.36619895976168,6.68493645648203,5.9908983262961435,-166.70665403623528,8.52845300985463,4.023967301655339,-4.113571984041854,174.41535298682632,157.32084400951862
46,/yh/study/new_data/model_dataset_flight/vi/vi_000046.jpg,3,18,-174.08189392089844,12.979852676391602,152.6626547777333,7.393252491808853,160.10695425190417,10.0,-179.2198028564453,3.2446446418762207,0.5949282646179199,156.03085468799702,7.249193072176895,-179.27166748046875,7.960751533508301,160.6588592529297,6.9633331298828125,9.0,9.0,2.7362658977508545,-0.12243106216192245,3.416698455810547,-0.12347330152988434,0.5090957270280109,156.03085468799702,7.005039531694601,-174.67420462565582,7.428292664711576,5.583068200752603,-169.90682081950027,9.000436537827653,4.17507310139817,-3.9794161385639475,174.41568585182665,189.80705097783357
47,/yh/study/new_data/model_dataset_flight/vi/vi_000047.jpg,3,18,-179.34275817871094,13.486869812011719,156.03085468799702,7.005039531694601,164.6779421706597,10.0,-183.82395935058594,3.1769204139709473,0.5814902186393738,160.47182558567158,6.86061448227043,-183.71444702148438,8.21454906463623,165.10348510742188,7.182304382324219,9.0,9.0,2.749950408935547,-0.12326844781637192,3.4294307231903076,-0.12430045008659363,0.511055777876393,161.31581884327895,7.135370459796244,-179.94316982789633,7.859381948982565,5.659426984864982,-175.02130348438186,9.647381536543422,4.321454694329087,-3.839488275468297,174.41687905385814,180.07393006701022
48,/yh/study/new_data/model_dataset_flight/vi/vi_000048.jpg,3,18,-184.13096618652344,13.948331832885742,161.31581884327895,7.135370459796244,169.96935406521968,8.162285554565663,-188.6568145751953,7.756320476531982,0.572257936000824,165.77189260426528,6.990247186662012,-188.6568145751953,7.756320476531982,169.9693603515625,8.162285804748535,9.0,9.0,2.7444186210632324,-0.12273351848125458,3.4239718914031982,-0.1238236203789711,0.5130228189965037,166.12596122967508,7.991287678456708,-184.81697076948873,7.518605711053484,6.466218391735736,-179.66808362999708,10.254369863851135,4.462882556526352,-3.693961969034608,174.41834066097965,177.3873110068962
49,/yh/study/new_data/model_dataset_flight/vi/vi_000049.jpg,3,18,-187.249755859375,14.233661651611328,166.12596122967508,7.991287678456708,173.99249555060703,10.0,-193.2158966064453,2.9471144676208496,0.5876353979110718,169.25742072649876,7.846396714425489,-193.1956787109375,7.49295711517334,174.4546661376953,8.905693054199219,9.0,9.0,2.7537972927093506,-0.12326918542385101,3.4326748847961426,-0.1243627518415451,0.5154309942874622,169.25742072649876,8.751143803375161,-188.01137133855622,7.095256074033854,7.178919997333696,-182.65062206390127,10.690641341885694,4.599133795473721,-3.5430203097256334,174.41997915932853,164.056841051206
50,/yh/study/new_data/model_dataset_flight/vi/vi_000050.jpg,3,18,-190.67921447753906,14.547411918640137,169.25742072649876,8.751143803375161,178.62816990318018,10.0,-197.81973266601562,3.492122173309326,0.5948977470397949,172.7008110410755,8.606049170272744,-193.2691192626953,7.430792331695557,174.52108764648438,8.975298881530762,9.0,9.0,2.6957287788391113,-0.11947101354598999,3.3779594898223877,-0.12068363279104233,0.5102022176735529,172.7008110410755,8.921426075271318,-191.45339412898076,7.291245922855259,7.2973487713752,-185.94922191616993,11.16055627850248,4.7299925613691185,-3.3868556401376577,174.42188707662362,195.39757003076375
51,/yh/study/new_data/model_dataset_flight/vi/vi_000051.jpg,3,18,-194.10855102539062,14.861151695251465,172.7008110410755,8.921426075271318,183.57628055521283,10.0,-202.79266357421875,3.522705554962158,0.581695556640625,176.1440788613126,8.77893121796007,-197.85711669921875,7.662055015563965,179.10772705078125,9.232084274291992,9.0,9.0,2.6667754650115967,-0.11766359210014343,3.3500289916992188,-0.1189093366265297,0.5074775058032468,176.1440788613126,9.165970134891303,-194.90317358932023,7.413380086772708,7.490041852431021,-189.25330057796344,11.635482422781198,4.85525044742717,-3.2256692724702662,174.42129711903408,193.20180895738304
52,/yh/study/new_data/model_dataset_flight/vi/vi_000052.jpg,3,18,-197.28343200683594,15.1630220413208,176.1440788613126,9.165970134891303,183.5479138385216,10.0,-202.76531982421875,3.511608600616455,0.5821996927261353,179.33306790741827,9.025778639472755,-202.8260498046875,8.170337677001953,184.10255432128906,9.253827095031738,9.0,9.0,2.706963539123535,-0.12024111300706863,3.3882806301116943,-0.1214214637875557,0.5109389709694152,179.33306790741827,9.220555273948234,-198.07995646040158,7.697424561444954,7.507968895557348,-192.3087251285183,12.1033508533246,4.974706878317644,-3.0596711879962015,174.41996000278235,211.75464102998376
53,/yh/study/new_data/model_dataset_flight/vi/vi_000053.jpg,3,18,-200.77069091796875,15.494592666625977,179.33306790741827,9.220555273948234,188.55730789373916,10.0,-207.76353454589844,3.8828659057617188,0.5904985666275024,182.83582288890585,9.079459859190505,-202.8515625,8.221004486083984,184.13328552246094,9.206151962280273,9.0,9.0,2.682140350341797,-0.1188025027513504,3.3648786544799805,-0.11997006833553314,0.5094304062973415,182.83582288890585,9.187667833620313,-201.5594545077947,8.10173555839538,7.43481568186803,-195.68252143206615,12.605512947571826,5.088169485902599,-2.8890797190541506,174.42030241937533,175.2411329653114
54,/yh/study/new_data/model_dataset_flight/vi/vi_000054.jpg,3,18,-203.94317626953125,15.796236038208008,182.83582288890585,9.187667833620313,193.7808805500766,10.0,-212.5677490234375,8.09126091003418,0.5923268795013428,186.0224057450823,9.04724498277307,-207.63601684570312,12.876848220825195,189.3846893310547,5.084169387817383,9.0,9.0,2.674696207046509,-0.11849620938301086,3.3580005168914795,-0.11961802840232849,0.5077554624859546,186.0224057450823,5.66237432310087,-204.3540535192233,11.945200271373814,3.872892535528288,-198.74772179807178,13.082114824080476,5.195454471459477,-2.7141212141275317,174.4199969818534,172.61913197580725
55,/yh/study/new_data/model_dataset_flight/vi/vi_000055.jpg,3,18,-207.35537719726562,16.129146575927734,186.0224057450823,5.66237432310087,193.72659965151962,10.0,-212.5116729736328,8.105198860168457,0.5911581516265869,189.45066848686028,5.522375425190752,-212.35775756835938,12.425004959106445,194.03184509277344,6.03439474105835,9.0,9.0,2.706878185272217,-0.1207168698310852,3.388421058654785,-0.121750608086586,0.5106952185934104,189.45066848686028,5.959692129781346,-207.79451137782686,12.01326662139568,4.139239861213165,-202.0589902436615,13.594116889318165,5.296386953604132,-2.5350296866095694,174.41921220378993,152.715845964849
56,/yh/study/new_data/model_dataset_flight/vi/vi_000056.jpg,3,18,-210.75604248046875,16.4609317779541,189.45066848686028,5.959692129781346,197.82249083892216,10.0,-216.67518615722656,7.689279556274414,0.602929949760437,192.86734129834554,5.818278247406583,-216.52587890625,11.790356636047363,198.10911560058594,7.107659816741943,9.0,9.0,2.7365942001342773,-0.12277862429618835,3.416520118713379,-0.12372751533985138,0.5138586100353312,192.86734129834554,6.919541581292934,-211.29373305233338,11.421310759043356,5.0682236696222365,-205.3652411793145,14.108885330059048,5.390801301154265,-2.3520464478950545,174.41973103136257,205.37778199650347
57,/yh/study/new_data/model_dataset_flight/vi/vi_000057.jpg,3,18,-213.8697052001953,16.76471519470215,192.86734129834554,6.919541581292934,200.89305161666906,10.0,-219.81414794921875,7.2115159034729,0.6127430200576782,195.99566052826395,6.776113017221279,-216.38925170898438,11.62271499633789,197.95547485351562,7.259860515594482,9.0,9.0,2.711228609085083,-0.12107709050178528,3.3927102088928223,-0.12208715081214905,0.5121942850336695,195.99566052826395,7.18928270682297,-214.4330145130877,11.484976992196868,5.309703651710232,-208.39116374999014,14.599295469229293,5.478541450205174,-2.165419725472854,174.4211754562895,178.5308609250933
58,/yh/study/new_data/model_dataset_flight/vi/vi_000058.jpg,3,18,-217.09425354003906,17.10219955444336,195.99566052826395,7.18928270682297,200.452876971364,10.0,-219.41134643554688,6.837812900543213,0.6193019151687622,199.2378149435958,7.04628381773434,-219.3147430419922,10.698780059814453,200.7664337158203,8.488947868347168,9.0,9.0,2.7404825687408447,-0.12289182096719742,3.420135974884033,-0.12387195974588394,0.5154055945214862,199.2378149435958,8.278466020155875,-217.77242378938223,10.745902416598048,6.392372657446895,-211.5347923353191,15.126795287713442,5.559461204719947,-1.9754042667299172,174.42153180006508,194.8314900510013
59,/yh/study/new_data/model_dataset_flight/vi/vi_000059.jpg,3,18,-220.6431427001953,17.473630905151367,199.2378149435958,8.278466020155875,205.6748783961578,10.0,-224.50250244140625,8.341976165771484,0.61375892162323,202.80608120798234,8.134394962717025,-224.59677124023438,12.237226486206055,206.18186950683594,7.519556999206543,9.0,9.0,2.746295928955078,-0.12334869056940079,3.4252357482910156,-0.1243121325969696,0.5162961337953794,202.80608120798234,7.609260649110357,-221.24955609395036,11.78989039484503,5.715998897185239,-215.00971818022464,15.691369975942601,5.633424519970662,-1.7822609292087657,174.42288737917193,168.98875404149294
60,/yh/study/new_data/model_dataset_flight/vi/vi_000060.jpg,3,18,-223.8677215576172,17.811119079589844,202.80608120798234,7.609260649110357,210.0002788714797,10.0,-228.92726135253906,7.640809059143066,0.6259326934814453,206.04826637336885,7.4644413000598355,-223.9247283935547,11.423213005065918,205.42726135253906,8.257678985595703,9.0,9.0,2.7129178047180176,-0.12116581946611404,3.394166946411133,-0.12219662964344025,0.5138212040774548,205.43258379726615,8.141947167023165,-223.9177489471334,11.538857177713455,6.272461407249296,-218.1674157894166,16.224862821495105,5.700305768200593,-1.5862562580947386,174.42408020767743,181.7350690253079
61,/yh/study/new_data/model_dataset_flight/vi/vi_000061.jpg,3,18,-227.08807373046875,18.138076782226562,205.43258379726615,8.141947167023165,210.34581720180492,10.0,-229.25863647460938,7.791937828063965,0.6258267760276794,209.28513152417753,7.998394029243929,-229.35165405273438,11.940234184265137,210.87840270996094,8.319321632385254,9.0,9.0,2.7393736839294434,-0.12264412641525269,3.4186320304870605,-0.12368784099817276,0.5154759241255962,209.28513152417753,8.272498926123419,-227.76240502805973,11.817761048841726,6.3561870385147285,-221.32808374455354,16.750414730490064,5.759989985915215,-1.3876620517364977,174.42398933414498,151.69940399937332
62,/yh/study/new_data/model_dataset_flight/vi/vi_000062.jpg,3,18,-230.62640380859375,18.497316360473633,209.28513152417753,8.272498926123419,217.07872221352346,10.0,-236.07952880859375,7.3254170417785645,0.592605710029602,212.841604865294,8.128403251966276,-235.58810424804688,13.412269592285156,217.23582458496094,7.517221450805664,9.0,9.0,2.745251178741455,-0.1232113242149353,3.424689292907715,-0.1241716518998146,0.5173532656519976,212.841604865294,7.606391673841676,-231.22813964410773,12.857417275072782,5.671908647822799,-224.81403070634715,17.310561444440026,5.812373102246596,-1.1867549160336066,174.42450938901723,170.69901200011373
63,/yh/study/new_data/model_dataset_flight/vi/vi_000063.jpg,3,18,-233.84530639648438,18.824125289916992,212.841604865294,7.606391673841676,220.74629793784916,10.0,-239.86399841308594,6.424901962280273,0.6091160774230957,216.07701282848376,7.461729278722009,-235.1239013671875,21.123613357543945,217.59234619140625,-0.19985046982765198,9.0,9.0,2.724334239959717,-0.12202591449022293,3.40547776222229,-0.12297752499580383,0.5142293612412159,216.07701282848376,0.9179589507517276,-233.7357090784364,19.85134982490431,1.0330546052378946,-227.98794424860867,17.840309481367914,5.857362147875699,-0.9838158085490796,174.4255045155628,171.03842401411384
64,/yh/study/new_data/model_dataset_flight/vi/vi_000064.jpg,3,18,-237.00657653808594,19.118770599365234,216.07701282848376,0.9179589507517276,226.61849565799966,0.2278379785938835,-244.1444854736328,21.655927658081055,0.5414966940879822,219.251701339854,0.7738290635284839,-240.0675048828125,22.513124465942383,222.65545654296875,-1.0570502281188965,9.0,9.0,2.669556140899658,-0.11868874728679657,3.3532402515411377,-0.11968163400888443,0.5117878354172009,219.251701339854,-0.789928539459936,-236.71129045214232,21.886403217791585,2.783340472010099,-231.11170109404907,18.339641026133044,5.894875444036878,-0.7791295732321896,174.4250579919458,179.1444409172982
65,/yh/study/new_data/model_dataset_flight/vi/vi_000065.jpg,3,18,-240.4793701171875,19.44244956970215,219.251701339854,-0.789928539459936,226.62939672537686,1.4724706981329925,-244.28736877441406,20.419475555419922,0.5317621231079102,222.73923539486879,-0.9314012516190928,-244.28736877441406,20.419475555419922,226.62939453125,1.4724706411361694,9.0,9.0,2.665034055709839,-0.11885562539100647,3.348600387573242,-0.1197587326169014,0.5107765938940687,222.73923539486879,1.1217504586204976,-240.38195357086488,20.35550719080621,0.9182397306551471,-234.5545273460164,18.869465103045844,5.924842771171095,-0.5729844666563046,174.42391318820788,182.46535304933786
66,/yh/study/new_data/model_dataset_flight/vi/vi_000066.jpg,3,18,-243.63906860351562,19.73694610595703,222.73923539486879,1.1217504586204976,231.29129527386596,2.7305397680056123,-249.05642700195312,19.663089752197266,0.5149388909339905,225.91234533721462,0.9811347420439214,-244.42282104492188,20.20380401611328,226.7412109375,1.701295256614685,9.0,9.0,2.637110471725464,-0.11671439558267593,3.3215456008911133,-0.11774656921625137,0.5070144936827139,225.91234533721462,1.5962252535595511,-243.58749327148305,20.22034704502681,0.4861445081123647,-237.69186308667886,19.37127442925772,5.947205516836749,-0.3656716766993096,174.4228151285771,163.03186293225735
67,/yh/study/new_data/model_dataset_flight/vi/vi_000067.jpg,3,18,-246.847412109375,19.999595642089844,225.91234533721462,1.5962252535595511,236.40858540745813,5.567823738106205,-254.4458465576172,17.384714126586914,0.5256642699241638,229.13044710432024,1.4574495472683524,-249.09722900390625,16.969709396362305,231.04612731933594,5.41304874420166,9.0,9.0,2.6063625812530518,-0.11442925781011581,3.2910892963409424,-0.11559036374092102,0.5031031965266767,229.13044710432024,4.835934599085826,-247.13113610335304,17.34033122786972,2.674357218005171,-240.8854953068441,19.842110807479678,5.961916802530902,-0.15748483461016474,174.42078464140292,180.03054906148463
68,/yh/study/new_data/model_dataset_flight/vi/vi_000068.jpg,3,18,-250.06228637695312,20.262781143188477,229.13044710432024,4.835934599085826,235.29831412894157,10.0,-254.1427001953125,9.760700225830078,0.5845448970794678,232.35509963743394,4.699494456096668,-254.28770446777344,16.09916114807129,236.1149444580078,6.829344272613525,9.0,9.0,2.635967493057251,-0.11640751361846924,3.3207879066467285,-0.11750690639019012,0.5031839314971004,232.35509963743394,6.518603372208365,-250.5161054610139,16.009263758860186,4.2776584599335115,-244.09334478783512,20.314061621764022,5.968941589118006,0.05128047857554688,174.41809589474744,168.8567859819159
69,/yh/study/new_data/model_dataset_flight/vi/vi_000069.jpg,3,18,-253.5655975341797,20.549577713012695,232.35509963743394,6.518603372208365,239.97101627009476,10.0,-258.8857116699219,9.350276947021484,0.5942450761795044,235.86906617015185,6.381573441259154,-254.3082275390625,15.627671241760254,236.08534240722656,7.300350666046143,9.0,9.0,2.608949899673462,-0.11465512216091156,3.294053077697754,-0.11579810082912445,0.5001989253863932,235.86906617015185,7.166302875497657,-254.07895562143315,15.738018161617878,4.83886782650314,-247.59734077357083,20.809904943309885,5.968256760608861,0.26032723029718796,174.41637644798476,147.36169402021915
70,/yh/study/new_data/model_dataset_flight/vi/vi_000070.jpg,3,18,-258.5731506347656,21.028581619262695,235.86906617015185,7.166302875497657,244.39626472816747,10.0,-263.4002685546875,8.748617172241211,0.6106685400009155,240.1398824962932,7.0302551694897,-263.3064270019531,14.406329154968262,244.90318298339844,9.4694242477417,9.0,9.0,2.6210134029388428,-0.11504848301410675,3.305612087249756,-0.11628422141075134,0.5033355830410158,240.89917679768888,9.11355427524493,-259.2872636372954,14.335403264012827,6.731165863026063,-252.61329944868731,21.497939057682302,5.95985118607832,0.4693574384196066,174.4142140527822,145.35119908396155
71,/yh/study/new_data/model_dataset_flight/vi/vi_000071.jpg,3,18,-263.5738220214844,21.506925582885742,240.89917679768888,9.11355427524493,247.99791650750353,10.0,-267.0354919433594,8.625551223754883,0.6350056529045105,245.17260905248014,8.977751499623515,-267.01910400390625,13.313554763793945,248.47897338867188,10.949911117553711,9.0,9.0,2.6314501762390137,-0.11547775566577911,3.315786361694336,-0.11678466945886612,0.5048298470045148,245.9223745348202,10.0,-264.3761563318802,13.986873965016171,7.562732091054207,-257.63009626192746,22.18499825876296,5.943725759556905,0.6780726758772172,174.4139063207436,183.0608278978616
72,/yh/study/new_data/model_dataset_flight/vi/vi_000072.jpg,3,18,-266.9277038574219,21.863229751586914,245.9223745348202,10.0,252.16063972542528,10.0,-271.21429443359375,8.696282386779785,0.6554059982299805,249.29512915297508,9.864036485552788,-267.0269775390625,18.369415283203125,249.02317810058594,5.9234185218811035,9.0,9.0,2.5985465049743652,-0.11297628283500671,3.283050537109375,-0.11441465467214584,0.4997568840810465,249.02550829425383,6.498346934538027,-267.0902852212073,17.797978488893186,4.068501017412098,-261.00781043964344,22.749404328592654,5.9198934177784395,0.8861745770057401,174.41422931398614,225.27647204697132
73,/yh/study/new_data/model_dataset_flight/vi/vi_000073.jpg,3,18,-270.28131103515625,22.219507217407227,249.02550829425383,6.498346934538027,255.5022276459838,10.0,-274.64288330078125,8.05860424041748,0.6785209774971008,252.6676078300445,6.364045123081347,-270.8572998046875,19.16750144958496,252.9165496826172,5.536197662353516,9.0,9.0,2.5914220809936523,-0.11250301450490952,3.2759106159210205,-0.11394557356834412,0.497333127421044,252.6676078300445,5.656978979118304,-270.6225692961467,19.020990458966832,3.2166701190389855,-264.39293189944306,23.312872561960877,5.888379135713186,1.093365344553649,174.4126637065623,176.89447791781276
74,/yh/study/new_data/model_dataset_flight/vi/vi_000074.jpg,3,18,-273.63311767578125,22.575592041015625,252.6676078300445,5.656978979118304,256.23947351029165,10.0,-274.77850341796875,13.736689567565918,0.623652458190918,256.0382756938663,5.5236031854228544,-274.7698974609375,20.436298370361328,256.9416809082031,4.689650535583496,9.0,9.0,2.6306138038635254,-0.1151803731918335,3.314913749694824,-0.11652425676584244,0.5003725082408468,256.0382756938663,4.8113225874354955,-273.8844985682363,20.219470331505278,2.369494009934921,-267.78389777591775,23.874940297375797,5.8492198998634946,1.299348256360173,174.4107977308976,171.2206300580874
75,/yh/study/new_data/model_dataset_flight/vi/vi_000075.jpg,3,18,-276.9444274902344,22.93913459777832,256.0382756938663,4.8113225874354955,260.8172538456154,8.948666320685572,-279.075439453125,16.61248016357422,0.6228328943252563,259.3694664713137,4.6763794747045155,-275.0648498535156,22.76582145690918,257.48211669921875,2.4045660495758057,9.0,9.0,2.6272242069244385,-0.11483155936002731,3.31158447265625,-0.11621922999620438,0.49722389775517667,257.4982876710736,2.7360191613488185,-275.11610087490715,22.437955184308912,1.8957739888497938,-271.1419628308879,24.442962768466845,5.80246465934645,1.5038281706885253,174.4106486406746,180.74889504350722
76,/yh/study/new_data/model_dataset_flight/vi/vi_000076.jpg,3,18,-280.2569580078125,23.30280876159668,257.4982876710736,2.7360191613488185,261.2667432488987,7.804156210832409,-279.4009704589844,17.7982177734375,0.6135717630386353,261.77704333589907,2.6005821347289073,-279.2235107421875,21.796581268310547,261.51446533203125,3.809530735015869,9.0,9.0,2.664238214492798,-0.11753647029399872,3.347785711288452,-0.11876887828111649,0.5010674266280427,261.5167150958061,3.6331475113291236,-279.2070270296582,21.972206925531637,1.6949502367408,-274.50878375297646,25.009320790798462,5.748174254836032,1.7065120292017826,174.40944972903185,186.5398900117725
77,/yh/study/new_data/model_dataset_flight/vi/vi_000077.jpg,3,18,-283.5698547363281,23.666522979736328,261.5167150958061,3.6331475113291236,267.4111375773608,10.0,-285.84783935546875,15.29006290435791,0.5994353294372559,265.83192496137616,3.495586815919349,-286.17987060546875,20.045642852783203,268.2458190917969,6.2885918617248535,9.0,9.0,2.6932015419006348,-0.11922739446163177,3.375556230545044,-0.12046248465776443,0.5055566218208865,266.0346719724471,5.881097917287647,-283.9379729666087,20.216255357723316,3.469849808705879,-277.88343341084374,25.573632336312166,5.686421325484375,1.9071093565758372,174.41001567423763,214.5678149536252
78,/yh/study/new_data/model_dataset_flight/vi/vi_000078.jpg,3,18,-286.75732421875,23.975204467773438,266.0346719724471,5.881097917287647,274.190935274177,9.456483388965182,-292.4275207519531,17.526350021362305,0.5694358944892883,269.2369010737105,5.741596032707989,-292.478515625,23.26099967956543,274.85003662109375,3.7596075534820557,9.0,9.0,2.7149791717529297,-0.12056037038564682,3.396352529525757,-0.12176427245140076,0.5097455021336612,269.2369010737105,4.04877577551663,-286.92773816514716,22.37796294798865,1.6063067532856463,-281.1400340247608,26.080537223521983,5.61729019398924,2.1053327557485453,174.41195475427082,218.77537004183978
79,/yh/study/new_data/model_dataset_flight/vi/vi_000079.jpg,3,18,-290.265380859375,24.314931869506836,269.2369010737105,4.04877577551663,278.4047257612128,9.866898630060605,-296.66107177734375,17.56529426574707,0.5743856430053711,272.76120176896194,3.907671136940122,-292.461669921875,23.388771057128906,274.8468322753906,3.630769968032837,9.0,9.0,2.686821937561035,-0.11879556626081467,3.3690857887268066,-0.12003932893276215,0.506970044092256,272.76120176896194,3.6711693041195472,-290.3920889053177,23.12733334163298,1.1943388096828982,-284.72450412935314,26.615830267319673,5.5408767300218456,2.300898397812838,174.41468128041012,212.1737600537017
80,/yh/study/new_data/model_dataset_flight/vi/vi_000080.jpg,3,18,-293.4555358886719,24.623870849609375,272.76120176896194,3.6711693041195472,284.4669027788602,4.760039500858055,-302.1472473144531,23.28647232055664,0.5636940002441406,275.966128578619,3.53064968513151,-296.5701904296875,23.047414779663086,278.8959655761719,4.4060750007629395,9.0,9.0,2.6720077991485596,-0.1180713027715683,3.3548145294189453,-0.11926572769880295,0.5063431074316428,275.966128578619,4.2783521685171255,-293.64334498432004,22.863589536346044,1.770271888222896,-287.9982476963968,27.117397355183464,5.457288192275074,2.4935265055740903,174.4154821200903,209.84040608163923
81,/yh/study/new_data/model_dataset_flight/vi/vi_000081.jpg,3,18,-297.0016174316406,24.93578338623047,275.966128578619,4.2783521685171255,284.48665420632136,4.73686530123585,-302.1644287109375,23.31161117553711,0.5637758374214172,279.52528868771674,4.138588068203939,-302.1796569824219,28.345571517944336,285.0358581542969,-0.2670701742172241,9.0,9.0,2.709923267364502,-0.12056053429841995,3.3908424377441406,-0.12166546285152435,0.5106021572659689,279.52528868771674,0.3757067007276764,-296.7683851274866,27.121803532031,2.198427025294848,-291.6349743822016,27.618725216032814,5.366643049438987,2.682941829802347,174.41578323538317,203.80338293034583
82,/yh/study/new_data/model_dataset_flight/vi/vi_000082.jpg,3,18,-300.2271423339844,25.219501495361328,279.52528868771674,0.3757067007276764,289.50329362290523,5.612913533715214,-307.2456970214844,22.97272491455078,0.5714726448059082,282.76271006388134,0.23452454631063846,-302.1123352050781,28.25421142578125,284.959228515625,-0.18336787819862366,9.0,9.0,2.6763875484466553,-0.11865415424108505,3.3590495586395264,-0.11974351108074188,0.5097179679335696,282.76271006388134,-0.12239819514358502,-299.93469181680376,27.960557133110512,2.756612652193956,-294.9580715535297,28.088375612589562,5.26907078045471,2.868874117228233,174.41746959841706,162.76552609633654
83,/yh/study/new_data/model_dataset_flight/vi/vi_000083.jpg,3,18,-303.45355224609375,25.5032958984375,282.76271006388134,-0.12239819514358502,294.55199087609464,0.6991535813096332,-311.7445983886719,28.394372940063477,0.5801176428794861,286.0010195493019,-0.2627318923434065,-307.2919616699219,28.374530792236328,290.12237548828125,0.2465011328458786,9.0,9.0,2.6605567932128906,-0.11745065450668335,3.3437767028808594,-0.11861872673034668,0.5078737101359604,286.0010195493019,0.17220503575005003,-303.1859804343371,28.011170496127132,2.5221081801111658,-298.2888405916506,28.55435446778419,5.1647116544431295,3.051058569346689,174.41825629747123,153.14886695705354
84,/yh/study/new_data/model_dataset_flight/vi/vi_000084.jpg,3,18,-306.78228759765625,25.818649291992188,286.0010195493019,0.17220503575005003,294.6624182948157,0.6764101643849294,-311.85198974609375,28.42870330810547,0.5813944339752197,289.34442510817854,0.03306127077736326,-311.85198974609375,28.42870330810547,294.66241455078125,0.6764101386070251,9.0,9.0,2.6942622661590576,-0.1196000799536705,3.3758902549743652,-0.12072501331567764,0.5124183472549576,289.34442510817854,0.5825468037751975,-306.5540507765128,27.957848194317847,2.1513400452362204,-301.728571106909,29.047885583106595,5.053716490747235,3.229236291114407,174.41812214828707,184.10176399629563
85,/yh/study/new_data/model_dataset_flight/vi/vi_000085.jpg,3,18,-310.1116027832031,26.13405990600586,289.34442510817854,0.5825468037751975,299.3106168385353,1.283193937020522,-316.538330078125,28.31847381591797,0.5939010381698608,292.68841329928085,0.44243081254041816,-316.538330078125,28.31847381591797,299.31060791015625,1.2831939458847046,9.0,9.0,2.714411973953247,-0.12085430324077606,3.3950722217559814,-0.12196023762226105,0.515271391976466,292.68841329928085,1.1605282578800298,-309.94048544716975,27.737894097077337,1.612936841646647,-305.17535638363216,29.537214634651733,4.936246399570985,3.4031547286458714,174.41962559031728,130.16472209710628
86,/yh/study/new_data/model_dataset_flight/vi/vi_000086.jpg,3,18,-313.44134521484375,26.44951057434082,292.68841329928085,1.1605282578800298,303.6992128701954,1.8565082418488528,-320.9629821777344,28.2139835357666,0.5875599384307861,296.03283057468707,1.019191757235346,-316.53375244140625,28.347936630249023,299.3092041015625,1.2534117698669434,9.0,9.0,2.685065746307373,-0.11897768825292587,3.367147207260132,-0.12013278156518936,0.5126284289327884,296.03283057468707,1.2192395305590216,-313.2722571280722,28.034325188414556,1.5938093179768205,-308.6288727111063,30.022078669380154,4.812472503737484,3.5725680950393346,174.42160138261724,164.24625494983047
87,/yh/study/new_data/model_dataset_flight/vi/vi_000087.jpg,3,18,-316.7387390136719,26.75737953186035,296.03283057468707,1.2192395305590216,303.7231228538417,1.8956119833773615,-320.99090576171875,28.177637100219727,0.5869162082672119,299.34427742984906,1.07873433589502,-320.99090576171875,28.177637100219727,303.7231140136719,1.8956120014190674,9.0,9.0,2.7118279933929443,-0.1206253170967102,3.3923373222351074,-0.1217668280005455,0.5151588005768666,299.34427742984906,1.7764311562045665,-316.62412850658586,27.83159126388961,1.0803084807423353,-312.0561633715411,30.494617315348044,4.682575642130741,3.737237783487691,174.4219606078789,131.86329405289143
88,/yh/study/new_data/model_dataset_flight/vi/vi_000088.jpg,3,18,-320.03851318359375,27.06546974182129,299.34427742984906,1.7764311562045665,308.63589642297023,2.6811258113397645,-325.95928955078125,27.917755126953125,0.5832141637802124,302.65811469520963,1.6351078579887004,-325.95928955078125,27.917755126953125,308.6358947753906,2.6811258792877197,9.0,9.0,2.7299273014068604,-0.12161193788051605,3.4093070030212402,-0.12276960909366608,0.5186215464035043,302.65811469520963,2.5285139067128024,-319.9990529090927,27.43531968748285,0.3719490496957295,-315.4917671281709,30.962402508680128,4.54674605542284,3.896932766858841,174.42307974504658,125.14778599143028
89,/yh/study/new_data/model_dataset_flight/vi/vi_000089.jpg,3,18,-323.3372497558594,27.373462677001953,302.65811469520963,2.5285139067128024,312.6364165503596,7.846495566894762,-330.4852294921875,23.20595359802246,0.5822436809539795,305.9709098986894,2.3862748725369296,-330.49627685546875,27.704835891723633,313.12469482421875,3.3741748332977295,9.0,9.0,2.7521843910217285,-0.12315455079078674,3.4303717613220215,-0.12423489987850189,0.5214854233781495,305.9709098986894,3.2300421714807186,-323.36757777807077,27.089206738370343,0.28586924909579237,-318.9320667011317,31.424892659959,4.405183054727697,4.051429982957047,174.4250191452449,152.2044310113415
90,/yh/study/new_data/model_dataset_flight/vi/vi_000090.jpg,3,18,-326.6502990722656,27.7000789642334,305.9709098986894,3.2300421714807186,312.60690353782513,7.832867761086124,-330.4544372558594,23.216373443603516,0.5810642838478088,309.29991283339376,3.0863838613057766,-330.4618225097656,27.737701416015625,313.0939025878906,3.3378396034240723,9.0,9.0,2.7611913681030273,-0.12379413843154907,3.4386558532714844,-0.12485150992870331,0.5220744738332103,309.29991283339376,3.301152705073787,-326.6853375537513,27.37167322865559,0.33026962068168336,-322.39220439840875,31.900593668943937,4.258094673856861,4.200514704710538,174.4272820722943,181.82573292870075
91,/yh/study/new_data/model_dataset_flight/vi/vi_000091.jpg,3,18,-329.9637756347656,28.0267391204834,309.29991283339376,3.301152705073787,317.17376037778155,8.138867695488653,-335.0279846191406,23.3966007232666,0.5807416439056396,312.6293452571053,3.1564573932890427,-335.0482177734375,27.78028678894043,317.658935546875,3.7820675373077393,9.0,9.0,2.7727906703948975,-0.1245395764708519,3.449451446533203,-0.12558138370513916,0.5237679872214032,312.6293452571053,3.690792247401161,-330.03731730826377,27.337453901584247,0.6931972956768931,-325.85807832887684,32.37072001504505,4.1056973058888095,4.343980894561656,174.42895915053978,161.2069490365684
92,/yh/study/new_data/model_dataset_flight/vi/vi_000092.jpg,3,18,-333.27398681640625,28.35307502746582,312.6293452571053,3.690792247401161,322.1842187636332,8.647693425724619,-340.06414794921875,23.422208786010742,0.5773845314979553,315.9554963284394,3.545188665138168,-339.9189453125,32.97761535644531,323.0535888671875,-0.869191586971283,9.0,9.0,2.78644061088562,-0.12561020255088806,3.4620494842529297,-0.1265760362148285,0.5239478666564978,315.9554963284394,-0.22514218796229768,-332.9292535724589,31.584161814219105,3.2494250003676237,-329.3257714916119,32.83470656983794,3.9482153247943863,4.481631542372118,174.4306419917574,149.18053697329015
93,/yh/study/new_data/model_dataset_flight/vi/vi_000093.jpg,3,18,-336.57794189453125,28.690593719482422,315.9554963284394,-0.22514218796229768,327.18365802751475,4.429191278090662,-344.58782958984375,28.147296905517578,0.5736061334609985,319.27661299041097,-0.3719318728539984,-339.88531494140625,32.926536560058594,323.01470947265625,-0.8219689130783081,9.0,9.0,2.737057685852051,-0.1225316971540451,3.4167819023132324,-0.12355396151542664,0.5213814230758655,319.27661299041097,-0.75630939379477,-336.1752756128581,32.4646704150968,3.7954966787992315,-332.79206120163684,33.30387270567228,3.7858806928944055,4.61327898618986,174.43179880168722,134.51805396471173
94,/yh/study/new_data/model_dataset_flight/vi/vi_000094.jpg,3,18,-339.88433837890625,29.02836036682129,319.27661299041097,-0.75630939379477,327.27088328802523,4.51029098575366,-344.68316650390625,28.075908660888672,0.5732276439666748,322.60018358620687,-0.9013345576837013,-344.63238525390625,32.58745193481445,327.69903564453125,0.018821312114596367,9.0,9.0,2.7515764236450195,-0.12323887646198273,3.4296317100524902,-0.12431448698043823,0.5216304581763065,322.60018358620687,-0.11542762003278595,-339.5480810441371,32.18000486411706,3.169531831756978,-336.26540582395364,33.767105582084945,3.6189325549526026,4.738745215263654,174.43165248622861,158.65515090990812
95,/yh/study/new_data/model_dataset_flight/vi/vi_000095.jpg,3,18,-343.1903076171875,29.36608123779297,322.60018358620687,-0.11542762003278595,331.5426575769298,5.0014540104402565,-348.9829406738281,28.040712356567383,0.5779478549957275,325.92332449064395,-0.2602734186444269,-348.9533996582031,32.49480438232422,331.9858093261719,0.5693647265434265,9.0,9.0,2.764725923538208,-0.12401209771633148,3.441721200942993,-0.125082328915596,0.5225769196240293,325.92332449064395,0.4483221524362603,-342.9122762335774,31.971990431808862,2.6206991772671473,-339.7426907974512,34.22394339252182,3.447616819736316,4.857862154728847,174.43164453546152,148.8591959932819
96,/yh/study/new_data/model_dataset_flight/vi/vi_000096.jpg,3,18,-346.51904296875,29.685148239135742,325.92332449064395,0.4483221524362603,336.4945228661707,5.805743614053582,-353.9921875,27.766307830810547,0.5686367750167847,329.26712402816594,0.3030031674509087,-353.96514892578125,32.44688034057617,336.9642028808594,1.1487175226211548,9.0,9.0,2.7732245922088623,-0.12442803382873535,3.4493372440338135,-0.12552553415298462,0.5233484108351234,329.26712402816594,1.0253294610874004,-346.29841996771097,31.752984968047418,2.07957285181924,-343.24685723884886,34.655620170565115,3.2721857299011132,4.970471931429369,174.43197062363353,148.05485506076366
97,/yh/study/new_data/model_dataset_flight/vi/vi_000097.jpg,3,18,-349.849365234375,30.004364013671875,329.26712402816594,1.0253294610874004,336.538368432744,5.842959597987579,-354.03973388671875,27.73395347595215,0.5686192512512207,332.61251730738803,0.8795423859254665,-354.0078430175781,32.445030212402344,337.0064697265625,1.155086636543274,9.0,9.0,2.776491165161133,-0.12460015714168549,3.452333927154541,-0.1256970316171646,0.5243339324271622,332.61251730738803,1.1148852721669318,-349.6344344579759,32.01884913769951,2.0259184469203513,-346.75646781329357,35.08079113405222,3.0928974210814357,5.076427120380348,174.43245257885684,152.93458697851747
98,/yh/study/new_data/model_dataset_flight/vi/vi_000098.jpg,3,18,-353.1781005859375,30.323429107666016,332.61251730738803,1.1148852721669318,341.7686909234769,6.088048464095307,-359.26654052734375,28.045135498046875,0.5747013092041016,335.95631664255836,0.9688288436152579,-359.2501220703125,32.70969009399414,342.2472229003906,1.448076605796814,9.0,9.0,2.7824485301971436,-0.12482306361198425,3.4577341079711914,-0.1259605586528778,0.524195354292205,335.95631664255836,1.3781552996152862,-352.9872934341908,32.111810349252686,1.798531299259695,-350.2680851148489,35.4990200790862,2.910015471088625,5.175590971420185,174.43311078497726,167.52026206813753
99,/yh/study/new_data/model_dataset_flight/vi/vi_000099.jpg,3,18,-356.5009460449219,30.624027252197266,335.95631664255836,1.3781552996152862,345.86672213829655,6.527457360685633,-363.3880615234375,28.04296875,0.5735925436019897,339.2923001563216,1.2318193103784545,-363.359130859375,32.77887725830078,346.34039306640625,1.81520676612854,9.0,9.0,2.786039113998413,-0.12498874217271805,3.4608917236328125,-0.12614309787750244,0.5241314813512948,339.2923001563216,1.7300916834200035,-356.34178735916703,32.11577641062154,1.5002156641332431,-353.7771376047829,35.89186486783988,2.7238084401389453,5.26783761564261,174.43349012728046,176.69036705046892
100,/yh/study/new_data/model_dataset_flight/vi/vi_000100.jpg,3,18,-359.82257080078125,30.924514770507812,339.2923001563216,1.7300916834200035,345.86159695438977,6.513360560776345,-363.3814697265625,28.056442260742188,0.5731600522994995,342.6270581196341,1.5835150851333748,-367.71185302734375,32.67023468017578,350.6570129394531,2.385018825531006,9.0,9.0,2.9071567058563232,-0.13318277895450592,3.5673296451568604,-0.1341545283794403,0.5195650730043182,342.6270581196341,2.2680810057634684,-359.7148011063192,31.934609508692716,1.0158275873165044,-357.2880213977316,36.27756702175269,2.534549403049644,5.3530522512448755,174.4337143495843,147.11600204464048
101,/yh/study/new_data/model_dataset_flight/vi/vi_000101.jpg,3,18,-363.1454772949219,31.225116729736328,342.6270581196341,2.2680810057634684,350.25958012377214,7.107138196652501,-367.817626953125,27.932600021362305,0.5720416307449341,345.9631027288034,2.1148211025709482,-367.71087646484375,32.6846809387207,350.6575927734375,2.3705506324768066,9.0,9.0,2.8645081520080566,-0.12990416586399078,3.5305004119873047,-0.13106098771095276,0.5200863551762076,345.9631027288034,2.3332401968916496,-363.03893143547435,32.22374080991541,1.0042918269501815,-360.80296182056304,36.656248038207856,2.342515474358814,5.431131308471528,174.43226186716862,145.8857039688155
102,/yh/study/new_data/model_dataset_flight/vi/vi_000102.jpg,3,18,-366.4402160644531,31.518213272094727,345.9631027288034,2.3332401968916496,355.31810404406633,8.411585056602787,-372.9859924316406,27.172176361083984,0.5698919296264648,349.2703423249342,2.1798951186617455,-372.90960693359375,32.33930587768555,355.79034423828125,3.265512704849243,9.0,9.0,2.842954158782959,-0.12822048366069794,3.511293411254883,-0.12947893142700195,0.5205916290922299,349.2703423249342,3.1071232336197236,-366.4096082069442,31.805092027492137,0.2885069518047248,-364.29222873711785,37.020195865475024,2.147987327335274,5.5019825933803,174.43150019435444,126.81327504105866
103,/yh/study/new_data/model_dataset_flight/vi/vi_000103.jpg,3,18,-369.7346496582031,31.81128692626953,349.2703423249342,3.1071232336197236,359.62618073199855,9.290265650987745,-377.36297607421875,26.75550079345703,0.5756367444992065,352.5772760393314,2.9550834971104005,-377.2154846191406,31.949308395385742,360.0305480957031,4.110122203826904,9.0,9.0,2.8263723850250244,-0.12696202099323273,3.496589183807373,-0.12828224897384644,0.5204746621026934,352.5772760393314,3.941604327611459,-369.78640970338154,31.326154723343432,0.48788559785343233,-367.7834009503463,37.37681233647149,1.9512487078568725,5.5655254102019605,174.43118195022782,150.11303103528917
104,/yh/study/new_data/model_dataset_flight/vi/vi_000104.jpg,3,18,-373.0311584472656,32.10454177856445,352.5772760393314,3.941604327611459,359.6265288870601,9.259099861801973,-377.3600158691406,26.786527633666992,0.5760418176651001,355.8862924610289,3.7910646760983595,-382.3115234375,37.03322219848633,365.6371765136719,-0.4044591188430786,9.0,9.0,2.944797992706299,-0.13540206849575043,3.598938465118408,-0.13640889525413513,0.5135337491629325,355.8862924610289,0.20765955339153885,-372.6806153986956,35.39008221398593,3.3041877037617446,-371.27857250312155,37.72623244067691,1.7525859441440979,5.621690662112459,174.430934142427,177.75831802282482
105,/yh/study/new_data/model_dataset_flight/vi/vi_000105.jpg,3,18,-376.357666015625,32.4311408996582,355.8862924610289,0.20765955339153885,365.16078195524165,4.497538536271294,-382.3578796386719,32.10834884643555,0.5702923536300659,359.2286758745304,0.05079765210827469,-382.337890625,37.0774040222168,365.6680603027344,-0.44559428095817566,9.0,9.0,2.900007724761963,-0.13139846920967102,3.560791492462158,-0.13274642825126648,0.5160944297714526,359.2286758745304,-0.3731716739542624,-375.9425152884423,36.32223075728815,3.913173955554622,-374.80537856228443,38.101561829941495,1.5522874533405908,5.670420930283291,174.42834373982342,164.31936796288937
106,/yh/study/new_data/model_dataset_flight/vi/vi_000106.jpg,3,18,-379.6834716796875,32.75767517089844,359.2286758745304,-0.3731716739542624,370.2696293410007,5.045826076459528,-387.4960632324219,32.10515594482422,0.5833461284637451,362.5703544649942,-0.5292796062834402,-387.4905090332031,37.10504913330078,370.7945556640625,0.07356066256761551,9.0,9.0,2.868391990661621,-0.12913687527179718,3.5334630012512207,-0.1305687129497528,0.5168764330705661,362.5703544649942,-0.014392547323265004,-379.30339810006967,36.31999688677266,3.5825398718384913,-378.3328284337487,38.46934570202028,1.3506432459387698,5.711670531121836,174.42755624035644,196.40368793625385
107,/yh/study/new_data/model_dataset_flight/vi/vi_000107.jpg,3,18,-383.0087585449219,33.08415222167969,362.5703544649942,-0.014392547323265004,370.23760665848124,4.9259878448034575,-387.4515075683594,32.22092056274414,0.5830979347229004,365.9115111139351,-0.16839545221523278,-391.69757080078125,37.50756072998047,375.02056884765625,0.11965009570121765,9.0,9.0,2.9655673503875732,-0.13600170612335205,3.615756034851074,-0.13721050322055817,0.5105763839740227,365.9115111139351,0.07762481662967527,-382.6354610170522,36.5829639290058,3.518669408687875,-381.86081411587423,38.82955777334141,1.147944429047655,5.745405551661726,174.42731803750914,187.850350048393
108,/yh/study/new_data/model_dataset_flight/vi/vi_000108.jpg,3,18,-386.32574462890625,33.470218658447266,365.9115111139351,0.07762481662967527,374.5115420796732,5.293914347242359,-391.7403564453125,32.308494567871094,0.5691770911216736,369.2507356972706,-0.08121360447666323,-396.840576171875,38.01734161376953,380.1886291503906,0.15837037563323975,9.0,9.0,3.037989854812622,-0.1408511847257614,3.6742711067199707,-0.1419755518436432,0.5019974529330751,369.2507356972706,0.12341554401713023,-385.96069856338414,36.891691752713285,3.440891856007605,-385.38126191940466,39.241822521556905,0.9444827095015572,5.771603863109639,174.4249582071509,151.95698803290725
109,/yh/study/new_data/model_dataset_flight/vi/vi_000109.jpg,3,18,-389.6413879394531,33.85612487792969,369.2507356972706,0.12341554401713023,379.6419114313354,5.583526728245971,-396.87249755859375,32.56480026245117,0.556239902973175,372.58860808760716,-0.04159058691663137,-396.8483581542969,38.013427734375,380.1959533691406,0.16308777034282684,9.0,9.0,2.9633336067199707,-0.13504576683044434,3.6135034561157227,-0.13650819659233093,0.5060934320009671,372.58860808760716,0.1332256004674273,-389.2807743391438,37.236053734633835,3.3991118318039266,-388.90083804165005,39.64637999053201,0.7405498978031027,5.790255112602321,174.42042168088153,152.3498409660533
110,/yh/study/new_data/model_dataset_flight/vi/vi_000110.jpg,3,18,-392.9556884765625,34.24187469482422,372.58860808760716,0.1332256004674273,379.6397574310313,5.54733498801114,-396.86651611328125,32.60055923461914,0.5562664270401001,375.92512868964815,-0.0294718637602491,-401.3197326660156,38.203033447265625,384.6622009277344,0.44892260432243347,9.0,9.0,3.032280445098877,-0.1400127112865448,3.669430732727051,-0.14127670228481293,0.4989798433412518,375.92512868964815,0.37912579207214214,-392.62455288473103,37.34551455020707,3.1212547368163444,-392.41925106267064,40.04323538809811,0.5364374138918812,5.801360693273893,174.41890655282455,163.47997798584402
111,/yh/study/new_data/model_dataset_flight/vi/vi_000111.jpg,3,18,-396.2001037597656,34.59049606323242,375.92512868964815,0.37912579207214214,384.0839088650701,5.554206982979288,-401.28631591796875,33.065208435058594,0.5616124868392944,379.1882194599657,0.21309216646941997,-406.1543273925781,38.30321502685547,389.48016357421875,0.8622111678123474,9.0,9.0,3.0840444564819336,-0.14345714449882507,3.7100486755371094,-0.14466314017772675,0.49072502612076246,379.1882194599657,0.7675059818464459,-395.9104317812889,37.305509246851585,2.730422392660245,-395.867667964046,40.395429756012646,0.3324357957195933,5.804933692780226,174.41543196088858,160.0713049992919
112,/yh/study/new_data/model_dataset_flight/vi/vi_000112.jpg,3,18,-399.4433288574219,34.938987731933594,379.1882194599657,0.7675059818464459,388.98249681016244,5.991142515005088,-406.20361328125,33.15043258666992,0.556458592414856,382.4501130016676,0.5970049136120023,-410.9610595703125,38.18997573852539,394.24774169921875,1.4847601652145386,9.0,9.0,3.1144769191741943,-0.1452104151248932,3.733213186264038,-0.14646393060684204,0.4840007582437378,382.4501130016676,1.355238419554212,-399.21626959290097,37.06714973047722,2.1402405008900214,-399.3144946458166,40.73998655240647,0.12883421160527816,5.800998820472874,174.41028429277108,147.83906505908817
113,/yh/study/new_data/model_dataset_flight/vi/vi_000113.jpg,3,18,-403.0047912597656,35.32167434692383,382.4501130016676,1.355238419554212,393.7808174959818,6.769530139403145,-411.05743408203125,32.885494232177734,0.5633094906806946,386.03207562786,1.181223270080068,-410.9469909667969,38.22059631347656,394.23699951171875,1.45281982421875,9.0,9.0,3.0193872451782227,-0.13804468512535095,3.658674716949463,-0.1396559476852417,0.4904484034593769,386.03207562786,1.4131944209965552,-402.78416590415793,37.38953314453761,2.079595045773511,-403.0788712824356,41.11126666038413,-0.0740800226699855,5.789592313460302,174.4045848200738,182.89510603062809
114,/yh/study/new_data/model_dataset_flight/vi/vi_000114.jpg,3,18,-406.3310852050781,35.61114501953125,386.03207562786,1.4131944209965552,393.78451357445715,6.816582145707203,-411.06610107421875,32.8390998840332,0.5619980096817017,389.37030764685574,1.2437718988093223,-415.9058837890625,37.70248031616211,399.1129455566406,2.49410343170166,9.0,9.0,3.079747200012207,-0.14284002780914307,3.7065377235412598,-0.14414149522781372,0.4826147100899012,389.37030764685574,2.3116825195166504,-406.19887960990263,36.85027051498678,1.246158221448474,-406.6071071261586,41.381906841369954,-0.27602192108050283,5.770761821838707,174.40313681996977,168.10423403512686
115,/yh/study/new_data/model_dataset_flight/vi/vi_000115.jpg,3,18,-409.6596374511719,35.90080642700195,389.37030764685574,2.3116825195166504,398.6270818094576,7.584694375302244,-415.96282958984375,32.589073181152344,0.5670658349990845,392.71080545701824,2.139902425012294,-421.10931396484375,37.319820404052734,404.24639892578125,3.426638603210449,9.0,9.0,3.11954927444458,-0.14542722702026367,3.737020254135132,-0.14669735729694366,0.4756839890730423,392.71080545701824,3.238906324855943,-409.6188949063372,36.28267472831984,0.3840356162011748,-410.1363467491281,41.64537270042065,-0.4767092979562205,5.744566273418698,174.39945385390325,157.2410649387166
116,/yh/study/new_data/model_dataset_flight/vi/vi_000116.jpg,3,18,-412.98236083984375,36.18996810913086,392.71080545701824,3.238906324855943,403.752798220365,8.156671917162615,-421.12030029296875,32.56411361694336,0.5815765857696533,396.0454542889357,3.063780249111314,-425.73760986328125,36.77618408203125,408.7909240722656,4.458225250244141,9.0,9.0,3.1412816047668457,-0.14660482108592987,3.7532238960266113,-0.14792543649673462,0.4701756015899857,396.0454542889357,4.254778466405905,-413.0424989829982,35.6263103733648,0.5668568067431003,-413.65822407089615,41.90104382744759,-0.6758632310524103,5.711075718316725,174.3946341415876,194.34286002069712
117,/yh/study/new_data/model_dataset_flight/vi/vi_000117.jpg,3,18,-416.2857360839844,36.47921371459961,396.0454542889357,4.254778466405905,403.7575797022731,8.162483898836204,-421.12567138671875,32.558841705322266,0.5819820761680603,399.36087307154577,4.077098123016394,-425.73388671875,36.76735305786133,408.7862854003906,4.466611385345459,9.0,9.0,3.1566364765167236,-0.14754752814769745,3.764657974243164,-0.14887398481369019,0.4647208417640843,399.36087307154577,4.409782166251977,-416.35565154017337,35.823916000646435,0.6590168927473499,-417.1589446001823,42.14958486842187,-0.8732085161978995,5.67037115382226,174.38957339829943,196.7233580071479
118,/yh/study/new_data/model_dataset_flight/vi/vi_000118.jpg,3,18,-419.59210205078125,36.76872634887695,399.36087307154577,4.409782166251977,408.3796401378518,8.03593472598568,-425.7082214355469,33.17503356933594,0.6115125417709351,402.6792940278215,4.2300457755421,-429.86126708984375,37.11751174926758,412.9275207519531,4.556304931640625,9.0,9.0,3.161780595779419,-0.14758551120758057,3.7683749198913574,-0.14898580312728882,0.4611815231135483,402.6792940278215,4.508704362272813,-419.6658396113009,36.07760513656022,0.6950437093777164,-420.6605761634315,42.39127067886931,-1.0684741126502084,5.622544329992358,174.38437477056743,163.45511889085174
119,/yh/study/new_data/model_dataset_flight/vi/vi_000119.jpg,3,18,-422.898681640625,37.058258056640625,402.6792940278215,4.508704362272813,412.52323821767544,8.29593014271586,-429.85601806640625,33.356101989746094,0.6158978343009949,405.9979294250734,4.327936200260713,-433.8672180175781,37.358177185058594,416.9363708496094,4.74199104309082,9.0,9.0,3.1654257774353027,-0.1477700173854828,3.7710232734680176,-0.14917835593223572,0.4580150901030127,405.9979294250734,4.681581255657112,-422.98408680677466,36.25777969050671,0.8050215258323681,-424.16007521893806,42.62595559310561,-1.2613935783130383,5.567697536464984,174.3797568689974,188.21803794708103
120,/yh/study/new_data/model_dataset_flight/vi/vi_000120.jpg,3,18,-426.19049072265625,37.359130859375,405.9979294250734,4.681581255657112,416.5261300258448,8.70367796086445,-433.87957763671875,33.37532424926758,0.6168972253799438,409.3030808551119,4.500088405472671,-439.42913818359375,41.81633377075195,422.93988037109375,0.899061381816864,9.0,9.0,3.1822543144226074,-0.1494644582271576,3.7837162017822266,-0.15069250762462616,0.4516557037380548,409.3030808551119,1.4244441440499966,-425.9250341036871,39.84718035580967,2.5021705603861912,-427.6421962166515,42.86507423039569,-1.4517054939952128,5.505943371020694,174.37564701610776,209.20815807767212
121,/yh/study/new_data/model_dataset_flight/vi/vi_000121.jpg,3,18,-429.4760437011719,37.65943145751953,409.3030808551119,1.4244441440499966,416.9410044588741,4.809424610136125,-433.87896728515625,37.2916145324707,0.5847800970077515,412.60195078262353,1.2409636875785535,-439.42913818359375,41.7864990234375,422.93670654296875,0.9287277460098267,9.0,9.0,3.193300724029541,-0.15012262761592865,3.7917373180389404,-0.15135999023914337,0.4465936797894291,412.60195078262353,0.9742823559508822,-429.15752886792995,40.644780527103414,3.002292585052377,-431.1151975770921,43.096835947978555,-1.6391538759201867,5.437404490459022,174.3707498238337,159.0377219254151
122,/yh/study/new_data/model_dataset_flight/vi/vi_000122.jpg,3,18,-432.7639465332031,37.95994567871094,412.60195078262353,0.9742823559508822,422.51307119843625,4.998110526334506,-439.4396057128906,37.69513702392578,0.5864183902740479,415.9031799655759,0.7892130929694674,-444.34912109375,41.43357849121094,427.79150390625,1.8016201257705688,9.0,9.0,3.1967172622680664,-0.15005113184452057,3.7940239906311035,-0.1513662040233612,0.4434393596924997,415.9031799655759,1.653911930329897,-432.5122297456873,40.31921563722577,2.3726601270025696,-434.587435108925,43.32215902310291,-1.8234885757218315,5.362213344391977,174.36579494847769,167.35279303975403
123,/yh/study/new_data/model_dataset_flight/vi/vi_000123.jpg,3,18,-436.27178955078125,38.31903076171875,415.9031799655759,1.653911930329897,427.4527837802624,5.28950161079378,-444.3823547363281,37.929447174072266,0.6158194541931152,419.4293219101733,1.4681011706663152,-449.2963562011719,41.413970947265625,432.708740234375,2.3459718227386475,9.0,9.0,3.200606107711792,-0.15028169751167297,3.7968850135803223,-0.151597797870636,0.43986887830387555,419.4293219101733,2.217892220714187,-436.078304789463,40.13250847734308,1.8237702097381725,-438.2762552179774,43.599542654308976,-2.0044656671961194,5.280511892590228,174.36147026479432,194.8851349297911
124,/yh/study/new_data/model_dataset_flight/vi/vi_000124.jpg,3,18,-439.4658203125,38.64599609375,419.4293219101733,2.217892220714187,427.43949809266337,5.008141990631884,-444.33929443359375,38.20780944824219,0.6234872341156006,422.6400150048169,2.0314110429073327,-453.9033203125,42.241607666015625,437.37750244140625,2.01176118850708,9.0,9.0,3.215960741043091,-0.15211553871631622,3.80850887298584,-0.15318331122398376,0.43290253891771213,422.6400150048169,2.014628063627557,-439.249313851376,40.67524966318954,2.040770711469459,-441.64766813160884,43.83844740030068,-2.18184781910884,5.192451306550678,174.35740953056975,181.4541770145297
125,/yh/study/new_data/model_dataset_flight/vi/vi_000125.jpg,3,18,-442.6598205566406,38.97295379638672,422.6400150048169,2.014628063627557,432.30967785164086,5.20909203067359,-449.20330810546875,38.52467346191406,0.6233517527580261,425.85067694470246,1.826026659199075,-453.8844909667969,42.19517517089844,437.3538513183594,2.055934190750122,9.0,9.0,3.210402488708496,-0.15101230144500732,3.8040874004364014,-0.15228505432605743,0.4322284312631436,425.85067694470246,2.0223911339524356,-442.44267992627783,41.0081512539882,2.0467483345008235,-445.01522521003625,44.07114545237048,-2.355404653395636,5.098191655983764,174.3523318452108,166.5010650176555
126,/yh/study/new_data/model_dataset_flight/vi/vi_000126.jpg,3,18,-445.9792785644531,39.30323791503906,425.85067694470246,2.0223911339524356,436.9646963780813,4.967803823482327,-453.80645751953125,39.258453369140625,0.6434671878814697,429.18644152540406,1.8338017249587146,-457.4185791015625,42.438114166259766,440.8937683105469,2.1892993450164795,9.0,9.0,3.1921825408935547,-0.149129256606102,3.790599822998047,-0.15060779452323914,0.43372538994971355,429.18644152540406,2.137432941247135,-445.77182388086027,41.24765174450189,1.9554494588075906,-448.50419165257665,44.30113949598808,-2.5249130881235278,4.997901580949018,174.34879540804633,175.44856399763376
127,/yh/study/new_data/model_dataset_flight/vi/vi_000127.jpg,3,18,-449.2984313964844,39.63349914550781,429.18644152540406,2.137432941247135,436.96340080986545,4.82691383168121,-453.79022216796875,39.39841079711914,0.647849440574646,432.5219002243722,1.9504480743896062,-462.46783447265625,42.60723876953125,445.9324645996094,2.556807518005371,9.0,9.0,3.213315010070801,-0.15178875625133514,3.806570053100586,-0.1528892070055008,0.42677791362504697,432.5219002243722,2.468340867435896,-449.12356503248185,41.27247191096142,1.648274846971255,-451.9885890611068,44.525257095901026,-2.690157664622415,4.891757950393213,174.3470206527596,186.69036298524588
128,/yh/study/new_data/model_dataset_flight/vi/vi_000128.jpg,3,18,-452.61700439453125,39.96369552612305,432.5219002243722,2.468340867435896,440.53476153380694,5.045271478945921,-457.3645935058594,39.56017303466797,0.648996114730835,435.85677548170804,2.279477634704077,-462.4382019042969,42.46385192871094,445.8877868652344,2.6962413787841797,9.0,9.0,3.214055061340332,-0.15132127702236176,3.8068079948425293,-0.15256550908088684,0.42514034909111,435.85677548170804,2.635436367984473,-452.45734708689946,41.46011812578508,1.5049156297478967,-455.4679352527628,44.74364103399436,-2.8509308582315387,4.779945507871309,174.34343544377558,178.0042659956962
129,/yh/study/new_data/model_dataset_flight/vi/vi_000129.jpg,3,18,-455.9490661621094,40.28679656982422,435.85677548170804,2.635436367984473,445.7245309672146,5.181149801006639,-462.53948974609375,39.97564697265625,0.6613941192626953,439.2043106362522,2.446115446086585,-467.9259948730469,42.33320236206055,451.33074951171875,3.4083566665649414,9.0,9.0,3.2176084518432617,-0.15146179497241974,3.809244394302368,-0.15272805094718933,0.4228639484263652,439.2043106362522,3.2679675645036452,-455.85309591509684,41.18629843826244,0.9046070415575472,-458.95609953425446,44.94945307507803,-3.0070333721450733,4.662656505253816,174.34053191968724,174.24673400819302
130,/yh/study/new_data/model_dataset_flight/vi/vi_000130.jpg,3,18,-459.2764892578125,40.60944366455078,439.2043106362522,3.2679675645036452,451.0920229243644,5.921754083702731,-467.95526123046875,39.80866241455078,0.6721735596656799,442.5471851376949,3.0782295889062636,-473.0941162109375,42.511600494384766,456.4886474609375,3.7792539596557617,9.0,9.0,3.218557357788086,-0.15147143602371216,3.8099136352539062,-0.1527501493692398,0.4210697964696204,442.5471851376949,3.676975882352358,-459.22049673042926,41.13424572110074,0.5277805999483391,-462.4347636716948,45.14953398979515,-3.158274413882289,4.5400903252443685,174.33784789546726,173.4432450029999
131,/yh/study/new_data/model_dataset_flight/vi/vi_000131.jpg,3,18,-462.60479736328125,40.93217849731445,442.5471851376949,3.676975882352358,451.08175814983974,5.714198178421868,-467.92303466796875,40.01395797729492,0.6819610595703125,445.8909489625034,3.486968061626917,-477.3945007324219,43.30408477783203,460.84881591796875,3.447472333908081,9.0,9.0,3.23024320602417,-0.1530093401670456,3.818774700164795,-0.15406040847301483,0.415869167705611,445.8909489625034,3.453234682923797,-462.52165311399403,41.71146593182523,0.7837103238926512,-465.9092693172278,45.344631590866726,-3.3044719539465617,4.412453093552272,174.3354753118652,179.4087759917602
132,/yh/study/new_data/model_dataset_flight/vi/vi_000132.jpg,3,18,-465.93316650390625,41.25896072387695,445.8909489625034,3.453234682923797,456.20511056445207,6.187229615903372,-473.0676574707031,40.087135314941406,0.670168399810791,449.235202868197,3.2615942164721523,-477.39617919921875,43.18465805053711,460.83782958984375,3.5664029121398926,9.0,9.0,3.218940258026123,-0.15139995515346527,3.8101820945739746,-0.15270200371742249,0.4173804537811821,449.235202868197,3.521931922771971,-465.8543217637868,41.99795008007541,0.743183531584976,-469.3786194701873,45.53891800545747,-3.445452966281019,4.279957281580512,174.3321129111224,173.42252703383565
133,/yh/study/new_data/model_dataset_flight/vi/vi_000133.jpg,3,18,-469.256591796875,41.58525848388672,449.235202868197,3.521931922771971,460.5131377121331,6.175503947314042,-477.3501281738281,40.55583572387695,0.6700100898742676,452.5744894296491,3.3310246828580308,-481.6773376464844,43.40058135986328,465.11773681640625,3.8058886528015137,9.0,9.0,3.214203357696533,-0.15093651413917542,3.8067495822906494,-0.1522812694311142,0.4171672504934572,452.5744894296491,3.7366069332878906,-469.1975379627854,42.13875329874423,0.556636205609038,-472.83764544704616,45.72807978439176,-3.581053650171166,4.142821300505041,174.330456296764,188.30507202073932
134,/yh/study/new_data/model_dataset_flight/vi/vi_000134.jpg,3,18,-472.5823974609375,41.91178894042969,452.5744894296491,3.7366069332878906,460.49969580255026,6.3524062577364635,-477.35552978515625,40.37850570678711,0.6646823883056641,455.91616761540956,3.546357624344142,-486.2184143066406,43.42510223388672,469.6357727050781,4.263271331787109,9.0,9.0,3.228250503540039,-0.15285728871822357,3.8173530101776123,-0.15390974283218384,0.41218388044199245,455.91616761540956,4.158675031502532,-472.5651347329889,42.07358758664978,0.16271694347818227,-476.29351709422343,45.91305802806478,-3.711119633285915,4.0012690876350945,174.3293048762803,170.0632079737261
135,/yh/study/new_data/model_dataset_flight/vi/vi_000135.jpg,3,18,-475.81768798828125,42.24217987060547,455.91616761540956,4.158675031502532,464.8273019613143,6.303876631992913,-481.653564453125,40.88587951660156,0.6733236908912659,459.16825104867644,3.966864304383086,-490.300048828125,43.31715393066406,473.68292236328125,4.803633213043213,9.0,9.0,3.2362685203552246,-0.1534585803747177,3.823111057281494,-0.15448275208473206,0.40877681666534615,459.16825104867644,4.681550274566304,-475.854337065143,41.898678481998246,0.34545094993342923,-479.6531941438755,46.09770955655923,-3.835506155594243,3.855529685953763,174.32681228412008,148.5146910417825
136,/yh/study/new_data/model_dataset_flight/vi/vi_000136.jpg,3,18,-479.06182861328125,42.57347869873047,459.16825104867644,4.681550274566304,469.4616789706802,6.383199447838963,-486.27020263671875,41.298667907714844,0.6989137530326843,462.4292309532268,4.488445634916912,-490.3191223144531,43.438499450683594,473.7147521972656,4.684996128082275,9.0,9.0,3.2213141918182373,-0.1514308601617813,3.811868667602539,-0.1527550369501114,0.4114818117005092,462.4292309532268,4.656319797596794,-479.0942368308239,42.26972568006119,0.30547698590072,-483.01590684721856,46.27931551647805,-3.9540782339373313,3.7058368177475844,174.3239996335642,171.56731407158077
137,/yh/study/new_data/model_dataset_flight/vi/vi_000137.jpg,3,18,-482.61102294921875,42.93592834472656,462.4292309532268,4.656319797596794,469.4499208042263,6.537416768447524,-486.2748718261719,41.144073486328125,0.6895405054092407,465.99684779724925,4.464489698967796,-495.82379150390625,43.68480682373047,479.2145080566406,5.024072170257568,9.0,9.0,3.234056234359741,-0.15335088968276978,3.821601629257202,-0.15436136722564697,0.4066631666019181,465.99684779724925,4.942430187975249,-482.6720733423933,42.36372034861378,0.5754555945702221,-486.6777337562988,46.48835679796681,-4.066710807080015,3.5524284532402475,174.32311813895487,162.02723397873342
138,/yh/study/new_data/model_dataset_flight/vi/vi_000138.jpg,3,18,-485.9210510253906,43.2811393737793,465.99684779724925,4.942430187975249,473.4378298387515,7.111195251442548,-490.3011474609375,40.996612548828125,0.6951671838760376,469.32481926831554,4.749292214428267,-500.7756652832031,44.02304458618164,484.17431640625,5.213090419769287,9.0,9.0,3.241633176803589,-0.1539786010980606,3.8270437717437744,-0.15494579076766968,0.4035801899653036,469.32481926831554,5.145423173553107,-486.0027989557084,42.514939240394554,0.7705487450577252,-490.0943398865017,46.676685748928314,-4.1732888611110734,3.3955463751490167,174.32085865368052,180.65951799508184
139,/yh/study/new_data/model_dataset_flight/vi/vi_000139.jpg,3,18,-489.23040771484375,43.62628173828125,469.32481926831554,5.145423173553107,478.92621495712507,7.7185944777312026,-495.822998046875,40.97490692138672,0.6777089834213257,472.6521158569922,4.951087474471686,-500.76898193359375,44.04549026489258,484.1700439453125,5.190062046051025,9.0,9.0,3.235008955001831,-0.1527588665485382,3.8218436241149902,-0.15394975244998932,0.40487683201012176,472.6521158569922,5.155196125941276,-489.3123546782272,42.858216124499876,0.7724248130925957,-493.50411524994763,46.86171747836737,-4.2737075351039,3.235435740086115,174.31831093975924,183.26038599479944
140,/yh/study/new_data/model_dataset_flight/vi/vi_000140.jpg,3,18,-492.5375671386719,43.97119903564453,472.6521158569922,5.155196125941276,483.8965663102667,7.931367650556795,-500.7878723144531,41.29064178466797,0.6889591217041016,475.9772037028754,4.9614428834486,-505.275390625,44.382781982421875,488.6867980957031,5.332761287689209,9.0,9.0,3.2277143001556396,-0.15188592672348022,3.8164610862731934,-0.15319006145000458,0.4059460234194932,475.9772037028754,5.2785866626152,-492.63176787360385,43.08828230137078,0.8879277775373098,-496.9054393456676,47.0435436733702,-4.367872206995745,3.0723446377256725,174.31710874642403,173.76149201299995
141,/yh/study/new_data/model_dataset_flight/vi/vi_000141.jpg,3,18,-495.8470458984375,44.25697326660156,475.9772037028754,5.2785866626152,483.83413588975463,8.299329981274317,-500.76483154296875,40.91813278198242,0.6730149984359741,479.2983232757761,5.085833228433986,-510.3345947265625,44.51922607421875,493.73193359375,5.733820915222168,9.0,9.0,3.2386457920074463,-0.15367715060710907,3.824881076812744,-0.15467406809329987,0.40165815872460614,479.2983232757761,5.639280785825357,-495.9724108560288,43.08196312439061,1.1816789779337113,-500.3027444581234,47.163496915257355,-4.455698559685902,2.906523648655793,174.31670154975563,185.10316195897758
142,/yh/study/new_data/model_dataset_flight/vi/vi_000142.jpg,3,18,-499.1547546386719,44.542598724365234,479.2983232757761,5.639280785825357,488.33118600741943,8.459061887722022,-505.2534484863281,41.23639678955078,0.6639221906661987,482.6176670348683,5.445240397956476,-514.2377319335938,44.88714599609375,497.6520690917969,5.782063007354736,9.0,9.0,3.244131088256836,-0.15409547090530396,3.8287606239318848,-0.15507277846336365,0.3994478454761665,482.6176670348683,5.73292125092088,-499.28295618043995,43.341002084291844,1.2084163689504428,-503.69186726607046,47.28082412619473,-4.537112627398592,2.7382254018294985,174.31493610593773,194.97643201611936
143,/yh/study/new_data/model_dataset_flight/vi/vi_000143.jpg,3,18,-502.4640808105469,44.8283576965332,482.6176670348683,5.73292125092088,493.7814555847669,5.636716194637312,-510.37353515625,44.621036529541016,0.6406754851341248,485.93863326219895,5.537907280784237,-514.25732421875,45.059959411621094,497.68988037109375,5.612303733825684,9.0,9.0,3.225531578063965,-0.15154437720775604,3.8148748874664307,-0.15290574729442596,0.40346242256297377,485.93863326219895,5.601449437608939,-502.5712325340972,43.824055024191075,1.010002648280361,-507.07613163294496,47.39606182905714,-4.612050822398064,2.5677041325239345,174.31301498183154,181.46761297248304
144,/yh/study/new_data/model_dataset_flight/vi/vi_000144.jpg,3,18,-505.6778869628906,45.1226806640625,485.93863326219895,5.601449437608939,493.8162097360153,5.489897429120973,-510.39251708984375,44.770713806152344,0.6438990831375122,489.1655270985554,5.408335752954703,-518.844970703125,45.50975036621094,502.29937744140625,5.651756763458252,9.0,9.0,3.2374954223632812,-0.15350082516670227,3.8240270614624023,-0.15452292561531067,0.399573857130268,489.1655270985554,5.616242116652269,-505.7814846753099,44.15168872866571,0.9765028543860542,-510.3583469050783,47.51789590576875,-4.680459942187693,2.3952152417062544,174.3131713291305,198.53326701559126
145,/yh/study/new_data/model_dataset_flight/vi/vi_000145.jpg,3,18,-508.8949890136719,45.41730499267578,489.1655270985554,5.616242116652269,497.6943277246685,5.6248077047107845,-514.2630615234375,45.047996520996094,0.6495243310928345,492.395730204421,5.422089701853532,-524.4366455078125,45.645225524902344,507.8738708496094,6.110270023345947,9.0,9.0,3.2447166442871094,-0.15417706966400146,3.8292479515075684,-0.1551378071308136,0.3970820120219769,492.395730204421,6.009865867574544,-509.0352178020156,44.102980386344896,1.3217841290797783,-513.6372861710382,47.63831985037168,-4.742297157366321,2.2210148576959003,174.31191195964144,238.30007202923298
146,/yh/study/new_data/model_dataset_flight/vi/vi_000146.jpg,3,18,-512.4314575195312,45.741180419921875,492.395730204421,6.009865867574544,502.30484977194754,5.806900790814611,-518.8668823242188,45.35606384277344,0.6287005543708801,495.9466006773248,5.81461422391686,-524.4482421875,45.618263244628906,507.8825378417969,6.138310432434082,9.0,9.0,3.2408666610717773,-0.1532035917043686,3.82609486579895,-0.15437079966068268,0.397931623521703,495.9466006773248,6.0910837920789875,-512.5746652992657,44.3989345733589,1.3498638378710734,-517.2289874998886,47.78653982092009,-4.7975299803573686,2.045359400998217,174.3102212210176,174.73532992880791
147,/yh/study/new_data/model_dataset_flight/vi/vi_000147.jpg,3,18,-515.9639282226562,46.096248626708984,495.9466006773248,6.0910837920789875,507.89103102331404,6.159293406515218,-524.4589233398438,45.59830093383789,0.6197431683540344,499.49680516793575,5.896229920018212,-529.130615234375,45.30113220214844,512.5048217773438,6.9504075050354,9.0,9.0,3.233123779296875,-0.1521809697151184,3.820338726043701,-0.1534983515739441,0.39942722150652427,499.49680516793575,6.796605068157737,-516.1796832506682,44.07403802641058,2.0336877695633797,-520.8100644379223,47.964753779881136,-4.846136215266004,1.8685051531721535,174.30941960760504,196.11173996236175
148,/yh/study/new_data/model_dataset_flight/vi/vi_000148.jpg,3,18,-519.1793212890625,46.41944122314453,499.49680516793575,6.796605068157737,507.8964169961663,6.243435214263111,-524.4732055664062,45.51520538330078,0.6161668300628662,502.72833975700433,6.602821933935706,-534.1416015625,47.66282653808594,517.7380981445312,5.133659362792969,9.0,9.0,3.2435367107391357,-0.1539766788482666,3.8283233642578125,-0.15497390925884247,0.3956613593550407,502.72833975700433,5.348007293182252,-519.2392980749553,45.857295843164394,0.5653358674974037,-524.0674251782233,48.11014905372029,-4.88810388916078,1.6907078305757617,174.30942203552385,182.41015099920332
149,/yh/study/new_data/model_dataset_flight/vi/vi_000149.jpg,3,18,-522.3988647460938,46.7430534362793,502.72833975700433,5.348007293182252,512.4970421297269,6.907775467294459,-529.1183471679688,45.34269714355469,0.6270387172698975,505.96404583122273,5.152989165621636,-538.5235595703125,47.538818359375,522.0821533203125,5.7218523025512695,9.0,9.0,3.2487473487854004,-0.15443167090415955,3.8320424556732178,-0.155392125248909,0.3937907679765299,505.96404583122273,5.6388562894001995,-522.487599684931,45.911366056443654,0.8364076680353422,-527.3222959112077,48.2552756000957,-4.923431165113912,1.5122221638164013,174.30810554324177,189.6336629288271
150,/yh/study/new_data/model_dataset_flight/vi/vi_000150.jpg,3,18,-525.5911865234375,47.084205627441406,505.96404583122273,5.6388562894001995,517.5366909723974,7.866462141872025,-534.2312622070312,44.92407989501953,0.624255895614624,509.1745446776952,5.442873833192924,-538.51708984375,47.56496810913086,522.0784912109375,5.695163726806641,9.0,9.0,3.234992027282715,-0.15257234871387482,3.821767807006836,-0.15380863845348358,0.39709489866795,509.1745446776952,5.658355127393323,-525.6820486407382,46.23258080801313,0.856458263680497,-530.5433127608109,48.41750711115186,-4.952126237373351,1.3333014837104589,174.30659513762026,193.31410806626081
151,/yh/study/new_data/model_dataset_flight/vi/vi_000151.jpg,3,18,-528.7850341796875,47.42551803588867,509.1745446776952,5.658355127393323,517.5561605253492,7.806521001841672,-534.2442626953125,44.985748291015625,0.6275004744529724,512.3865777892751,5.463677714883405,-542.689453125,47.643516540527344,526.2356567382812,6.059706687927246,9.0,9.0,3.244011640548706,-0.1540105789899826,3.8286361694335938,-0.15500286221504211,0.39408486631723716,512.3865777892751,5.97274723270193,-528.9093085881406,46.26072930101985,1.1713995584230292,-533.7592413887626,48.5797153504262,-4.974207209075023,1.1541973145375266,174.3067698143722,191.6990759782493
152,/yh/study/new_data/model_dataset_flight/vi/vi_000152.jpg,3,18,-532.2947387695312,47.80059051513672,512.3865777892751,5.97274723270193,521.8216795618526,8.763921263346829,-538.5872802734375,44.48628234863281,0.6216124892234802,515.9162669117629,5.777259822871836,-547.6036987304688,48.09481430053711,531.1700439453125,6.13231086730957,9.0,9.0,3.2490885257720947,-0.15451675653457642,3.832307815551758,-0.15545707941055298,0.3923007728812622,515.9162669117629,6.0805096180451095,-532.4305103885815,46.528041690698295,1.2797712464027104,-537.2844407224717,48.7757494904846,-4.989701952940455,0.9751589753478825,174.3058298362681,202.8349939500913
153,/yh/study/new_data/model_dataset_flight/vi/vi_000153.jpg,3,18,-535.4741821289062,48.1633186340332,515.9162669117629,6.0805096180451095,525.8634126617451,9.756310128543616,-542.7114868164062,43.92828369140625,0.6037698984146118,519.1162490217143,5.88419023168208,-547.5383911132812,48.10487365722656,531.106201171875,6.115379810333252,9.0,9.0,3.2392754554748535,-0.1532726287841797,3.8250298500061035,-0.1543889194726944,0.39448376537302177,519.1162490217143,6.081649705384482,-535.6125542696215,46.86639585861241,1.3042835331059308,-540.4728300843442,48.95975182409106,-4.998647955437958,0.7964331900578513,174.30459442580198,183.20706207305193
154,/yh/study/new_data/model_dataset_flight/vi/vi_000154.jpg,3,18,-538.6561889648438,48.526344299316406,519.1162490217143,6.081649705384482,525.8630600777366,9.637073348137696,-542.698486328125,44.046810150146484,0.6081997156143188,522.3188117080383,5.886126979802359,-552.8079833984375,48.57851791381836,536.3963012695312,6.203462600708008,9.0,9.0,3.2478275299072266,-0.15443845093250275,3.831393241882324,-0.15537767112255096,0.39176044088489076,522.3188117080383,6.1571639575789385,-538.8050545585894,47.13106936891854,1.4031938912345723,-543.6572811097624,49.144608006357075,-5.001092144918658,0.618263707040665,174.30455544569892,185.6177670415491
155,/yh/study/new_data/model_dataset_flight/vi/vi_000155.jpg,3,18,-542.1497802734375,48.9249153137207,522.3188117080383,6.1571639575789385,530.7062053091837,9.994757925154065,-547.55224609375,44.2049560546875,0.6020561456680298,525.8349714572124,5.960864970905583,-558.2150268554688,49.256553649902344,541.8447265625,6.102889060974121,9.0,9.0,3.2524666786193848,-0.15491698682308197,3.8347647190093994,-0.1558038741350174,0.38999040803365254,525.8349714572124,6.0821680254879436,-542.293414411005,47.57867333628028,1.3538826490126252,-547.1468709777075,49.365806242611164,-4.997090704269971,0.44089092889046083,174.30357694105905,177.4886839557439
156,/yh/study/new_data/model_dataset_flight/vi/vi_000156.jpg,3,18,-547.12939453125,49.48106002807617,525.8349714572124,6.0821680254879436,535.9874509102465,10.0,-552.8228759765625,44.585391998291016,0.5970032811164856,530.8454848253276,5.885073644632383,-562.4821166992188,49.51769256591797,546.115478515625,6.295921802520752,9.0,9.0,3.2547924518585205,-0.1550653874874115,3.8364057540893555,-0.15595276653766632,0.38874517917059453,530.8454848253276,6.2359798641149,-547.2919687985712,47.95729759369764,1.5324106332240823,-552.116103399908,49.74561158108562,-4.986708868657982,0.264551553009449,174.3023214135514,152.52477291505784
157,/yh/study/new_data/model_dataset_flight/vi/vi_000157.jpg,3,18,-552.1171875,50.03811264038086,530.8454848253276,6.2359798641149,541.4209763283535,10.0,-558.27685546875,44.68272018432617,0.5790589451789856,535.864227066996,6.038379007691522,-567.4249877929688,49.33256912231445,551.0108032226562,7.004392623901367,9.0,9.0,3.256420373916626,-0.15509065985679626,3.8374745845794678,-0.1559993475675583,0.3878300939043715,535.864227066996,6.863453136720319,-552.3489566158225,47.86580654324497,2.1846351417806398,-557.087208208959,50.127590864015964,-4.970020708959063,0.08947822363510759,174.3010694879013,174.24180696252733
158,/yh/study/new_data/model_dataset_flight/vi/vi_000158.jpg,3,18,-555.6659545898438,50.476261138916016,535.864227066996,6.863453136720319,545.6247675848101,10.0,-562.5029907226562,44.69691848754883,0.5670778751373291,539.4394500080318,6.665579738058706,-572.267333984375,49.142730712890625,555.8056640625,7.7068867683410645,9.0,9.0,3.2575275897979736,-0.1552319973707199,3.838301658630371,-0.15612110495567322,0.3868522029142961,539.4394500080318,7.554962120092489,-555.9773652537202,47.55749743111473,2.9353293143281003,-560.6130634913503,50.39216033480768,-4.94710890150659,-0.0841008041083383,174.29993546305565,170.8174489904195
159,/yh/study/new_data/model_dataset_flight/vi/vi_000159.jpg,3,18,-558.8970947265625,50.875186920166016,539.4394500080318,7.554962120092489,550.5591026538036,10.0,-567.4884033203125,44.48066711425781,0.5628454089164734,542.6946773726789,7.356811530030347,-572.3076171875,49.129844665527344,555.8443603515625,7.723973751068115,9.0,9.0,3.2481417655944824,-0.15381591022014618,3.831270694732666,-0.15493465960025787,0.3891163839437289,542.6946773726789,7.670405504951306,-559.2264691096791,47.788054373860135,3.104653739584251,-563.8151592113661,50.61922493258451,-4.918064484803638,-0.25596198758150973,174.29885607972338,182.5779719511047
160,/yh/study/new_data/model_dataset_flight/vi/vi_000160.jpg,3,18,-562.1253662109375,51.27375793457031,542.6946773726789,7.670405504951306,550.5407897952398,10.0,-567.468505859375,44.494544982910156,0.5631593465805054,545.9470146368901,7.473419798264333,-576.0804443359375,49.13595199584961,559.5965576171875,8.118162155151367,9.0,9.0,3.2528798580169678,-0.15476125478744507,3.8349790573120117,-0.1556982845067978,0.3872804504391706,545.9470146368901,8.024095513006005,-562.4979748878042,47.781402632051126,3.512176360194659,-567.0083528148124,50.84787112766125,-4.8829866038749365,-0.4258868069090645,174.29894692657544,204.2364589869976
161,/yh/study/new_data/model_dataset_flight/vi/vi_000161.jpg,3,18,-565.437255859375,51.707855224609375,545.9470146368901,8.024095513006005,555.4151647555414,10.0,-572.3423461914062,44.75885009765625,0.5818061232566833,549.2862671655707,7.826706893821511,-580.682861328125,49.37999725341797,564.1988525390625,8.36376667022705,9.0,9.0,3.2546451091766357,-0.1548193246126175,3.8361763954162598,-0.15577204525470734,0.38657192503448756,549.2862671655707,8.285410704843098,-565.8461053279885,47.87582527390735,3.8537788508245927,-570.2792381023274,51.11419316292414,-4.841982242952482,-0.5936620616852344,174.29836342564906,166.7263499693945
162,/yh/study/new_data/model_dataset_flight/vi/vi_000162.jpg,3,18,-568.749267578125,52.1419677734375,549.2862671655707,8.285410704843098,559.164356398849,10.0,-576.0827026367188,45.041099548339844,0.5863215923309326,552.6256426944699,8.087775173417622,-580.714599609375,49.419857025146484,564.2346801757812,8.327499389648438,9.0,9.0,3.245918035507202,-0.15365178883075714,3.829730987548828,-0.15477824211120605,0.38871361622610967,552.6256426944699,8.292524097858026,-569.1673896688371,48.2230281693514,3.941181764803038,-573.5444335253333,51.38288761977646,-4.795165947208315,-0.7590801536610415,174.2977361421429,179.16258797049522
163,/yh/study/new_data/model_dataset_flight/vi/vi_000163.jpg,3,18,-572.0621337890625,52.576194763183594,552.6256426944699,8.292524097858026,559.1369824744479,10.0,-576.0584716796875,45.01018524169922,0.5878032445907593,555.9658800343065,8.095855845509126,-585.92041015625,49.777748107910156,569.4490356445312,8.52391529083252,9.0,9.0,3.2526438236236572,-0.15479810535907745,3.834845781326294,-0.1557203233242035,0.3865345724374641,555.9658800343065,8.461462259431586,-572.5066990336029,48.40941098846811,4.190432588872595,-576.8047933233271,51.65425540817643,-4.7426595342645825,-0.9219393550071591,174.29807799844696,175.8008219767362
164,/yh/study/new_data/model_dataset_flight/vi/vi_000164.jpg,3,18,-575.3704833984375,53.032535552978516,555.9658800343065,8.461462259431586,564.190898838821,8.394754362979775,-580.67822265625,49.34833908081055,0.60499107837677,559.3039723270648,8.264130309363113,-590.866943359375,49.6151237487793,574.3504028320312,9.210402488708496,9.0,9.0,3.2560689449310303,-0.15512235462665558,3.8373117446899414,-0.1560138612985611,0.3854210915201933,559.3039723270648,9.07234323834938,-575.8907614078316,48.156117536706894,4.904094399221693,-580.0550751946645,51.95049149119652,-4.684591796226971,-1.0820440617819915,174.29753755972888,183.07928601279855
165,/yh/study/new_data/model_dataset_flight/vi/vi_000165.jpg,3,18,-578.6788940429688,53.48888397216797,559.3039723270648,9.07234323834938,569.0209350656987,10.0,-585.91552734375,45.788063049316406,0.5846510529518127,562.6421261199323,8.874421694035949,-590.898193359375,49.49732208251953,574.3690185546875,9.330854415893555,9.0,9.0,3.2485899925231934,-0.15407907962799072,3.831728935241699,-0.1551302820444107,0.3877111525632781,562.6421261199323,9.264261779235225,-579.2304369849662,48.319428622256105,5.198794882624204,-583.2999922359687,52.24967893989247,-4.621098192999984,-1.2392050322754966,174.29679653756477,162.42957499343902
166,/yh/study/new_data/model_dataset_flight/vi/vi_000166.jpg,3,18,-581.9886474609375,53.94542694091797,562.6421261199323,9.264261779235225,574.0479243109716,10.0,-591.0103759765625,45.41944885253906,0.5867999792098999,565.9816357481286,9.067077872203212,-595.4940185546875,49.47315979003906,578.9363403320312,9.842453956604004,9.0,9.0,3.2343180179595947,-0.1525808721780777,3.821338176727295,-0.15380717813968658,0.3911664011900847,565.9816357481286,9.72932811047291,-582.6004391415569,48.21127727533627,5.766694152438273,-586.5409679985919,52.55218733098159,-4.552320537654343,-1.3932396099363775,174.29711640919743,165.95027991570532
167,/yh/study/new_data/model_dataset_flight/vi/vi_000167.jpg,3,18,-585.4841918945312,54.39555358886719,565.9816357481286,9.72932811047291,574.035008470565,10.0,-591.0042724609375,45.35491180419922,0.585939884185791,569.5052071646509,9.53384223546242,-599.496337890625,49.431884765625,582.9116821289062,10.308104515075684,9.0,9.0,3.241731643676758,-0.15368881821632385,3.827054738998413,-0.15473872423171997,0.3891556041706036,569.5052071646509,10.0,-586.1328409182804,48.315950514097736,6.114108201754113,-589.9625985691569,52.85158165823566,-4.478406674625613,-1.5439719306315256,174.29853364676978,164.8697319906205
168,/yh/study/new_data/model_dataset_flight/vi/vi_000168.jpg,3,18,-588.6644897460938,54.805076599121094,569.5052071646509,10.0,578.5299656346119,10.0,-595.5706787109375,44.92435073852539,0.5819783806800842,572.7110034396044,9.804182633757591,-604.0411376953125,49.825477600097656,587.4725952148438,10.398892402648926,9.0,9.0,3.240140676498413,-0.15326926112174988,3.8257577419281006,-0.15441758930683136,0.3901482494365033,572.7110034396044,10.0,-589.3205451994543,48.65605516312755,6.183920550766497,-593.0639998976243,53.113843485097405,-4.399510151530523,-1.691233114023688,174.2987510922453,146.3534339563921
169,/yh/study/new_data/model_dataset_flight/vi/vi_000169.jpg,3,18,-591.8436889648438,55.2144660949707,572.7110034396044,10.0,583.007490937972,10.0,-599.6046142578125,49.32017517089844,0.5849545001983643,575.9156931172931,9.804442554712296,-604.008056640625,53.90688705444336,587.8726806640625,6.337007522583008,9.0,9.0,3.202134370803833,-0.14958608150482178,3.798046112060547,-0.15110847353935242,0.3980504581410907,575.9156931172931,6.8428994759276325,-592.1722106378152,52.13532575867506,3.0966161693394927,-596.1594788502364,53.37960465607506,-4.315789885392651,-1.834861438895647,174.29923985097736,157.3803499341011
170,/yh/study/new_data/model_dataset_flight/vi/vi_000170.jpg,3,18,-595.13671875,55.62977981567383,575.9156931172931,6.8428994759276325,583.0498854019432,10.0,-599.6539916992188,49.256980895996094,0.5836808085441589,579.2341994598544,6.650858928199094,-609.5697631835938,53.53471755981445,593.363525390625,7.297121047973633,9.0,9.0,3.2138617038726807,-0.1511847823858261,3.806955337524414,-0.15246719121932983,0.39689033983839345,579.2341994598544,7.202832675411217,-595.5101744109262,52.12948597211821,3.5201599568643442,-599.3641285740721,53.65507731338688,-4.227409824072095,-1.9747025022869462,174.30232330786166,155.0066820345819
171,/yh/study/new_data/model_dataset_flight/vi/vi_000171.jpg,3,18,-598.4330444335938,56.045509338378906,579.2341994598544,7.202832675411217,587.4947578330053,10.0,-604.06787109375,49.78391647338867,0.586901843547821,582.5560272130233,7.0108373527069014,-614.6981201171875,53.63275909423828,598.4733276367188,7.7437028884887695,9.0,9.0,3.2279305458068848,-0.1521933674812317,3.817140579223633,-0.1534341275691986,0.39508380816377797,582.5560272130233,7.6367792478148235,-598.8592929686735,52.050402879251884,4.0177809090860155,-602.5675830372886,53.93489997602798,-4.134538603694884,-2.11060936235093,174.3039215187666,127.01009004376829
172,/yh/study/new_data/model_dataset_flight/vi/vi_000172.jpg,3,18,-601.7293701171875,56.461246490478516,582.5560272130233,7.6367792478148235,593.0450317439397,10.0,-609.6517333984375,49.76435089111328,0.5878698229789734,585.8778557755988,7.443889229590107,-614.6480102539062,53.533023834228516,598.4129028320312,7.837559223175049,9.0,9.0,3.2050442695617676,-0.14978422224521637,3.8001320362091064,-0.15131177008152008,0.4011627032055157,585.8778557755988,7.780123545164507,-602.1775821797814,52.26028212589186,4.2248071725916265,-605.7667193200649,54.21880382560151,-4.0373492028774045,-2.242442664877007,174.30432807510476,168.7060440890491
173,/yh/study/new_data/model_dataset_flight/vi/vi_000173.jpg,3,18,-605.0008544921875,56.88426971435547,585.8778557755988,7.780123545164507,593.1191672572172,10.0,-609.73046875,49.725181579589844,0.5868520140647888,589.1757562054138,7.589153005117815,-618.810791015625,53.6444091796875,602.5640258789062,8.168434143066406,9.0,9.0,3.2144899368286133,-0.15078336000442505,3.8072681427001953,-0.1522001326084137,0.39947719394525644,589.1757562054138,8.083918164051061,-605.4891005579708,52.30807800805454,4.602164138051826,-608.9368730867251,54.51419896089077,-3.9360185945375803,-2.3700707534646948,174.30671994865517,160.28215805999935
174,/yh/study/new_data/model_dataset_flight/vi/vi_000174.jpg,3,18,-608.27197265625,57.307247161865234,589.1757562054138,8.083918164051061,598.0859576968288,10.0,-614.7100830078125,49.869197845458984,0.596620500087738,592.473287634573,7.892813751972204,-623.3115844726562,53.67294692993164,607.04248046875,8.617548942565918,9.0,9.0,3.2211833000183105,-0.15117305517196655,3.8119711875915527,-0.15259774029254913,0.39855402450982047,592.473287634573,8.511811503268635,-608.8134177178775,52.23243637673029,5.1036131573310675,-612.1027000523305,54.81387739849191,-3.830727396080589,-2.4933697633733254,174.30768473955587,161.0974509967491
175,/yh/study/new_data/model_dataset_flight/vi/vi_000175.jpg,3,18,-611.5435791015625,57.730289459228516,592.473287634573,8.511811503268635,602.1065255288221,10.0,-618.791259765625,49.5150032043457,0.5942186117172241,595.7713114693101,8.320288696385777,-623.3397216796875,53.64491271972656,607.0674438476562,8.648409843444824,9.0,9.0,3.207146406173706,-0.14919771254062653,3.8013319969177246,-0.1509290635585785,0.4024627336644925,595.7713114693101,8.60053761325701,-612.1022420709021,52.49410011522082,5.265907629232695,-615.2652386203014,55.11806576011734,-3.7216595187388344,-2.612223699111177,174.30798873633478,143.6773861059919
176,/yh/study/new_data/model_dataset_flight/vi/vi_000176.jpg,3,18,-614.8861694335938,58.1866569519043,595.7713114693101,8.60053761325701,606.7825882581122,10.0,-623.529541015625,49.18059158325195,0.580580472946167,599.1434540792482,8.410661563500007,-628.580810546875,53.32212829589844,612.2447509765625,9.525403022766113,9.0,9.0,3.208574056625366,-0.14942416548728943,3.802323341369629,-0.15111099183559418,0.4033177879712134,599.1434540792482,9.362764435719232,-615.536218960317,52.09392736052026,6.127309218647268,-618.4951712504327,55.46013245604026,-3.609001816838995,-2.7265244958640316,174.30955439711943,159.56128691323102
177,/yh/study/new_data/model_dataset_flight/vi/vi_000177.jpg,3,18,-618.2273559570312,58.64283752441406,599.1434540792482,9.362764435719232,606.7781504284491,10.0,-623.52392578125,49.19139099121094,0.5783453583717346,602.5141809725616,9.17341052265046,-633.0289306640625,53.5106201171875,616.687744140625,9.8098783493042,9.0,9.0,3.2273502349853516,-0.15204788744449615,3.816605806350708,-0.1533169448375702,0.39916153781998137,602.5141809725616,9.717018944850082,-618.925506120848,52.099274322764266,6.580701560261087,-621.720299694788,55.806665459512004,-3.4929437377566654,-2.8361720649020574,174.3108713429688,167.55656490568072
178,/yh/study/new_data/model_dataset_flight/vi/vi_000178.jpg,3,18,-621.5722045898438,59.099517822265625,602.5141809725616,9.717018944850082,611.8597294005691,10.0,-628.6801147460938,48.76240921020508,0.569933295249939,605.8886023241715,9.5255237945224,-633.07958984375,53.561302185058594,616.7434692382812,9.764856338500977,9.0,9.0,3.2188475131988525,-0.15073779225349426,3.809945583343506,-0.1522262990474701,0.4012231343714145,605.8886023241715,9.729938190922041,-622.2822544484749,52.44442216079116,6.692867028794034,-624.9458815631517,56.15844349912593,-3.3736769733079828,-2.941074323139692,174.31027266087978,173.05329209193587
179,/yh/study/new_data/model_dataset_flight/vi/vi_000179.jpg,3,18,-624.8855590820312,59.540775299072266,605.8886023241715,9.729938190922041,616.1780561622212,10.0,-632.996337890625,49.0118408203125,0.5718872547149658,609.2300710577794,9.53876095686843,-637.9299926757812,53.54324722290039,621.5646362304688,10.297390937805176,9.0,9.0,3.225978374481201,-0.15141379833221436,3.8150506019592285,-0.15283167362213135,0.4002763794390008,609.2300710577794,10.0,-625.6335165196989,52.530382665537324,7.050180508673755,-628.1369541953443,56.499628092013644,-3.251395113313006,-3.0411472070586236,174.31060507231285,176.666064071469
180,/yh/study/new_data/model_dataset_flight/vi/vi_000180.jpg,3,18,-628.2006225585938,59.982269287109375,609.2300710577794,10.0,616.201161106965,10.0,-633.0145874023438,49.05857849121094,0.5725899934768677,612.5732642226684,9.808352500200272,-641.9458618164062,53.936126708984375,625.5994873046875,10.332775115966797,9.0,9.0,3.239412784576416,-0.15345078706741333,3.8252816200256348,-0.15452682971954346,0.3963750874428806,612.5732642226684,10.0,-628.957842287924,52.88506382443284,7.137486048878317,-631.326915860643,56.84595461586943,-3.126293302049291,-3.1363146712399432,174.3104897861902,181.33831105660647
181,/yh/study/new_data/model_dataset_flight/vi/vi_000181.jpg,3,18,-631.5191650390625,60.42422103881836,612.5732642226684,10.0,621.1167615976095,10.0,-637.94677734375,49.16457748413086,0.5639575719833374,615.9199653220096,9.806300908327103,-642.1715087890625,53.91127014160156,625.8212280273438,10.381429672241211,9.0,9.0,3.2313294410705566,-0.15234129130840302,3.8192615509033203,-0.1535847783088684,0.3984509046616091,615.9199653220096,10.0,-632.2856561934829,53.24011714197892,7.224877679960281,-634.5177329373604,57.19771236703472,-2.998567898297841,-3.226508671783639,174.3090493900077,170.34640908241272
182,/yh/study/new_data/model_dataset_flight/vi/vi_000182.jpg,3,18,-635.0553588867188,60.91789245605469,615.9199653220096,10.0,625.2578960677819,10.0,-642.1103515625,49.17454528808594,0.5721181631088257,619.4885764345469,9.806494310498238,-644.8466796875,53.96408462524414,628.4868774414062,10.612724304199219,9.0,9.0,3.2046453952789307,-0.1497737318277359,3.7997360229492188,-0.1512608528137207,0.4032737652675786,619.4885764345469,10.0,-635.8341277573675,53.61871301203961,7.340606344834443,-637.9237750263819,57.606223321127196,-2.868416139663155,-3.3116691349274894,174.30883968185583,156.4144060248509
183,/yh/study/new_data/model_dataset_flight/vi/vi_000183.jpg,3,18,-638.2706298828125,61.366756439208984,619.4885764345469,10.0,628.2272972925251,10.0,-644.5999145507812,53.829891204833984,0.6104673147201538,622.7333221871403,9.808915138244629,-648.8489990234375,54.63040542602539,632.537353515625,10.374772071838379,9.0,9.0,3.2093751430511475,-0.1504162847995758,3.8031930923461914,-0.15180519223213196,0.40331210504038056,622.7333221871403,10.0,-639.0605617038018,53.96294983207671,7.445827325262585,-641.0066656946411,57.97501252799981,-2.7360358118286277,-3.3917439112091765,174.31039136209702,193.72725405264646
184,/yh/study/new_data/model_dataset_flight/vi/vi_000184.jpg,3,18,-641.486572265625,61.815711975097656,622.7333221871403,10.0,628.7560151374465,10.0,-645.1004638671875,54.122032165527344,0.6038981080055237,625.9787452503429,9.809363961219788,-649.44189453125,59.17578887939453,633.609130859375,5.917941093444824,9.0,9.0,3.2114620208740234,-0.15104277431964874,3.804896354675293,-0.15229111909866333,0.40350911330925315,625.9787452503429,6.4856920383442045,-641.9148343188145,57.8017333825928,4.0367601523114285,-644.0881971890122,58.349023259553555,-2.60162492338726,-3.466688715544101,174.31141338251246,147.51632697880268
185,/yh/study/new_data/model_dataset_flight/vi/vi_000185.jpg,3,18,-644.7642822265625,62.216407775878906,625.9787452503429,6.4856920383442045,633.1671232137082,10.0,-649.4440307617188,54.98972702026367,0.5815251469612122,629.2804674035301,6.294736831592381,-657.384765625,57.53691482543945,641.333251953125,8.390229225158691,9.0,9.0,3.2292540073394775,-0.15286265313625336,3.818063735961914,-0.1539200395345688,0.39954768363192505,629.2804674035301,8.084501005198625,-645.3675416202664,56.56222881227356,5.6862695722740035,-647.2296636134254,58.679940722256624,-2.4653813868628784,-3.5364670536222818,174.31214664067244,208.09508196543902
186,/yh/study/new_data/model_dataset_flight/vi/vi_000186.jpg,3,18,-648.04248046875,62.61715316772461,629.2804674035301,8.084501005198625,640.6720559720106,10.0,-657.197998046875,53.05482482910156,0.6043976545333862,632.5826803434823,7.891727350141672,-660.600830078125,55.29405975341797,644.2932739257812,10.961621284484863,9.0,9.0,3.2144927978515625,-0.15063631534576416,3.8068201541900635,-0.1520572304725647,0.40324948607951333,632.5826803434823,10.0,-648.8543347539128,55.00787353016172,7.652466529359434,-650.3699831752626,59.016103032670614,-2.3275027065126315,-3.6010501350539936,174.3112367580894,218.13400508835912
187,/yh/study/new_data/model_dataset_flight/vi/vi_000187.jpg,3,18,-651.3211669921875,63.01796340942383,632.5826803434823,10.0,640.7647738694092,10.0,-657.2716064453125,53.23886489868164,0.6002601385116577,635.8853856890122,9.80850674211979,-660.8424682617188,55.38313674926758,644.54296875,10.898681640625,9.0,9.0,3.207695960998535,-0.1502324342727661,3.802006244659424,-0.15164321660995483,0.4050840322018964,635.8853856890122,10.0,-652.1384011968292,55.35825931455054,7.703177173495044,-653.5093526656631,59.35754663570354,-2.188185673475628,-3.6604167737202857,174.31194096126498,190.5312129529193
188,/yh/study/new_data/model_dataset_flight/vi/vi_000188.jpg,3,18,-654.587158203125,63.414756774902344,635.8853856890122,10.0,644.442660072439,10.0,-661.0335083007812,52.647056579589844,0.6090328693389893,639.175041215809,9.809444725513458,-664.3882446289062,55.1570930480957,648.0447387695312,11.49962329864502,9.0,9.0,3.1981818675994873,-0.14953193068504333,3.7951157093048096,-0.15097752213478088,0.4074205972282755,639.175041215809,10.0,-655.4094914680004,55.70726063665931,7.751240463277594,-656.6347842719291,59.70020349909254,-2.0476260688040786,-3.7145532758098043,174.31304078180392,161.54412098694593
189,/yh/study/new_data/model_dataset_flight/vi/vi_000189.jpg,3,18,-657.8555908203125,63.81185531616211,639.175041215809,10.0,647.6527749234739,10.0,-664.402587890625,51.32788848876953,0.6390680074691772,642.4671567469792,9.810509651899338,-669.8297119140625,53.867820739746094,653.3187255859375,13.358907699584961,9.0,9.0,3.216634511947632,-0.15137922763824463,3.80859375,-0.15263399481773376,0.4044517327755678,642.4671567469792,10.0,-658.683027860447,56.056522941953645,7.799348196473378,-659.761609195199,60.04840200011713,-1.9060183748864545,-3.7634533160449815,174.3145734655815,161.5048929816112
190,/yh/study/new_data/model_dataset_flight/vi/vi_000190.jpg,3,18,-661.1251220703125,64.2090835571289,642.4671567469792,10.0,648.1953308628827,10.0,-664.87109375,52.05080032348633,0.6098508834838867,645.760378470711,9.809278577566147,-669.9445190429688,54.95429992675781,653.5481567382812,12.290740013122559,9.0,9.0,3.220345973968506,-0.15180544555187225,3.811436176300049,-0.15301582217216492,0.40360129418262186,645.760378470711,10.0,-661.9576642026292,56.4059026038111,7.847468342867285,-662.8886775660536,60.40196575450514,-1.7635554957410984,-3.807117802623767,174.31453061681663,160.06215498782694
191,/yh/study/new_data/model_dataset_flight/vi/vi_000191.jpg,3,18,-664.4630126953125,64.65044403076172,645.760378470711,10.0,653.3370395570606,10.0,-670.0601806640625,51.880252838134766,0.5958303809165955,649.1262557938231,9.808391958475113,-674.9857177734375,55.11882781982422,658.578369140625,12.661964416503906,9.0,9.0,3.223335027694702,-0.1516341269016266,3.813307762145996,-0.15294677019119263,0.4033285401830709,649.1262557938231,10.0,-665.3045461104466,56.762990337238904,7.932219377718569,-666.0834411819419,60.80488929934021,-1.6204284866294298,-3.8455547314215104,174.314205115614,180.94821507111192
192,/yh/study/new_data/model_dataset_flight/vi/vi_000192.jpg,3,18,-667.8052978515625,65.09236907958984,649.1262557938231,10.0,658.1995022741328,10.0,-674.989990234375,51.5076904296875,0.5876364707946777,652.4965627436206,9.80816274881363,-679.5953369140625,54.715240478515625,663.119140625,13.552310943603516,9.0,9.0,3.222216844558716,-0.15129072964191437,3.8123793601989746,-0.15269210934638977,0.4035288835052491,652.4965627436206,10.0,-668.6558326462373,57.12054801214144,8.01706558338939,-669.282124144968,61.21359004957284,-1.4768262934054226,-3.878779030017004,174.31389807726646,185.0286819972098
193,/yh/study/new_data/model_dataset_flight/vi/vi_000193.jpg,3,18,-671.1435546875,65.53378295898438,652.4965627436206,10.0,663.0859137133766,10.0,-679.77783203125,52.691490173339844,0.5600928068161011,655.8628098767954,9.808357566595078,-679.3767700195312,57.707191467285156,663.21923828125,10.554057121276855,9.0,9.0,3.053834915161133,-0.1400628536939621,3.6863584518432617,-0.1416877657175064,0.42123222690581974,655.8628098767954,10.0,-672.0030822770848,57.47767497891746,8.10183087109051,-672.4764901894877,61.62697056686265,-1.3329355019877094,-3.9068123921217226,174.31376862383735,186.67893507517874
194,/yh/study/new_data/model_dataset_flight/vi/vi_000194.jpg,3,18,-674.447265625,65.97511291503906,655.8628098767954,10.0,662.9237296108954,10.0,-679.7146606445312,51.754844665527344,0.5724725723266602,659.1946971687272,9.818403571844101,-682.8779907226562,55.8170166015625,666.5001831054688,12.805011749267578,9.0,9.0,3.098125457763672,-0.1430312842130661,3.7202703952789307,-0.14460489153862,0.42111205826510983,659.1946971687272,10.0,-675.3161659773376,57.831156691677194,8.190177701999325,-675.6362057233063,62.045429812031955,-1.1889400983062237,-3.9296831030071058,174.3198806292883,172.39222500938922
195,/yh/study/new_data/model_dataset_flight/vi/vi_000195.jpg,3,18,-677.7529907226562,66.4167251586914,659.1946971687272,10.0,666.5929550896593,10.0,-683.45849609375,51.250732421875,0.5970273613929749,662.5286172018934,9.82002979516983,-686.606689453125,55.664146423339844,670.1915893554688,13.352598190307617,9.0,9.0,3.1207358837127686,-0.14454135298728943,3.737549304962158,-0.146083265542984,0.42195451941054857,662.5286172018934,10.0,-678.6312709469975,58.184854059046515,8.278591544075455,-678.7980119616998,62.469299302154425,-1.0450212390435771,-3.947425856536984,174.32381137647522,162.73944394197315
196,/yh/study/new_data/model_dataset_flight/vi/vi_000196.jpg,3,18,-681.0598754882812,66.85848236083984,662.5286172018934,10.0,669.7216669674649,10.0,-686.7279663085938,50.097877502441406,0.6284270286560059,665.8637057371371,9.819512605667114,-686.8873901367188,55.68549728393555,670.4729614257812,13.3611478805542,9.0,9.0,3.032803773880005,-0.13838958740234375,3.66939640045166,-0.14013329148292542,0.4321079424573163,665.8637057371371,10.0,-681.9475378242631,58.53867539342899,8.367026496772853,-681.9612325217373,62.89840079641637,-0.9013570334560436,-3.960081564423474,174.32666121954554,191.2082030903548
197,/yh/study/new_data/model_dataset_flight/vi/vi_000197.jpg,3,18,-684.3595581054688,67.29602813720703,665.8637057371371,10.0,669.7114322242572,10.0,-686.6753540039062,50.49452590942383,0.5983429551124573,669.1911859770298,9.8247602134943,-697.9879150390625,61.86907958984375,682.1668701171875,8.39012336730957,9.0,9.0,3.124035358428955,-0.1464540660381317,3.7411844730377197,-0.14751677215099335,0.4235529170784638,669.1911859770298,8.599434062313676,-685.1076525510464,60.28435136744342,7.051471933089344,-685.117680441996,63.32833097887322,-0.7581223365271637,-3.96769715833381,174.33206731427362,160.61214893124998
198,/yh/study/new_data/model_dataset_flight/vi/vi_000198.jpg,3,18,-687.6604614257812,67.73373413085938,669.1911859770298,8.599434062313676,682.0361981439113,8.313640000335749,-697.849853515625,61.93126678466797,0.654045820236206,672.5198970285159,8.41936741716826,-702.6136474609375,65.24503326416016,687.1246948242188,5.52396821975708,9.0,9.0,3.1553709506988525,-0.14753754436969757,3.7639002799987793,-0.14882749319076538,0.4231149578783632,672.5198970285159,5.946401269581612,-688.1361162618032,63.27555644503774,4.483480322404568,-688.2759499794518,63.763408745376374,-0.6154885536704987,-3.9703253854829983,174.33258702230034,170.41414906270802
199,/yh/study/new_data/model_dataset_flight/vi/vi_000199.jpg,3,18,-690.9660034179688,68.17205810546875,672.5198970285159,5.946401269581612,686.8188752749977,7.497180878999751,-702.5189208984375,63.25051498413086,0.6933154463768005,675.8532861353445,5.763526858237084,-702.510986328125,65.55209350585938,687.05517578125,5.207749366760254,9.0,9.0,3.043426275253296,-0.13935936987400055,3.678112268447876,-0.140989288687706,0.4362361781607808,675.8532861353445,5.288836209969406,-691.3809318709901,64.28305156042238,3.911078819014037,-691.4396268751341,64.20403350711585,-0.47362345716531645,-3.968024598352896,174.33277154412963,187.80985695775598
200,/yh/study/new_data/model_dataset_flight/vi/vi_000200.jpg,3,18,-694.3814086914062,68.6431655883789,675.8532861353445,5.288836209969406,686.9773538115973,5.61944380007418,-702.477294921875,65.13446807861328,0.6560873985290527,679.2993965271758,5.112081899242287,-704.9476928710938,65.21784210205078,689.442626953125,5.798625946044922,9.0,9.0,3.0542407035827637,-0.14028964936733246,3.6866588592529297,-0.14184418320655823,0.4387388288417822,679.2993965271758,5.698460519533433,-694.8510513131989,64.24133867898223,4.426809723999099,-694.714099705879,64.68230704919705,-0.33269101447276067,-3.9608585391818583,174.3374839210897,177.69682791549712
201,/yh/study/new_data/model_dataset_flight/vi/vi_000201.jpg,3,18,-697.7882080078125,69.11308288574219,679.2993965271758,5.698460519533433,688.1454075642839,6.543745586744512,-703.73681640625,64.33930206298828,0.6267927885055542,682.7368232624916,5.5235369505694285,-707.1969604492188,65.73138427734375,691.7337036132812,5.526607990264893,9.0,9.0,3.096970558166504,-0.1431570053100586,3.7193405628204346,-0.14464746415615082,0.4376033098922676,682.7368232624916,5.526159931611756,-698.2507993803348,64.7773453331081,4.360345273399055,-697.9810592363601,65.16418676587125,-0.19285122854764378,-3.9488961198709367,174.34142288584795,179.13865798618644
202,/yh/study/new_data/model_dataset_flight/vi/vi_000202.jpg,3,18,-700.8925170898438,69.5412826538086,682.7368232624916,5.526159931611756,692.2284702953954,6.2783165420342435,-707.7686767578125,65.03640747070312,0.5735222101211548,685.8690410397601,5.349619750570992,-707.7686767578125,65.03640747070312,692.2284545898438,6.278316497802734,9.0,9.0,3.026463747024536,-0.13928809762001038,3.665276050567627,-0.14062024652957916,0.4462240224810286,685.8690410397601,6.142821468431309,-701.4307623596935,64.49646260822404,5.073452203662456,-700.9467770800684,65.60907145585556,-0.054259990224622606,-3.932211197953034,174.3435857879786,152.76106097735465
203,/yh/study/new_data/model_dataset_flight/vi/vi_000203.jpg,3,18,-704.1041870117188,69.95103454589844,685.8690410397601,6.142821468431309,691.8246768880957,6.595552206747645,-707.4008178710938,64.6781234741211,0.5853649973869324,689.1060566181369,5.969155885297612,-713.3790893554688,66.23326873779297,697.9342041015625,5.683421611785889,9.0,9.0,3.098397731781006,-0.14459234476089478,3.7215681076049805,-0.14567629992961884,0.4424480217674958,689.1060566181369,5.725109680466324,-704.6051944893597,65.25523375066537,4.7224520750520815,-704.0212559544432,66.04015219662926,0.0829310572755487,-3.9108823492691682,174.34800892243558,151.6384599963203
204,/yh/study/new_data/model_dataset_flight/vi/vi_000204.jpg,3,18,-707.6273193359375,70.40052032470703,689.1060566181369,5.725109680466324,698.225671929325,4.412217849534854,-713.5340576171875,67.5282211303711,0.6099907159805298,692.6569922421621,5.548166199497849,-717.282470703125,67.2197494506836,701.9202270507812,5.11661958694458,9.0,9.0,3.1318798065185547,-0.14611324667930603,3.746455192565918,-0.1473606824874878,0.44058690194037314,692.6569922421621,5.179581389187711,-708.0782149273157,66.17440400698166,4.250101877045882,-707.4087446942297,66.51552768671401,0.21857464170782404,-3.884992637993029,174.34956236358494,161.41294594854116
205,/yh/study/new_data/model_dataset_flight/vi/vi_000205.jpg,3,18,-710.8394775390625,70.8103256225586,692.6569922421621,5.179581389187711,702.6155870444478,6.848398134621059,-718.1576538085938,65.57151794433594,0.5786420106887817,695.894499012007,5.000024155138868,-718.1576538085938,65.57151794433594,702.6156005859375,6.848398208618164,9.0,9.0,3.026153802871704,-0.14019659161567688,3.6655688285827637,-0.14128530025482178,0.4483915670058763,695.894499012007,6.578724068580435,-711.4458865428921,65.12662625777573,5.715957518138045,-710.4869495660071,66.95569623791938,0.35252797305546213,-3.854629384639212,174.34992070839252,178.39876096695662
206,/yh/study/new_data/model_dataset_flight/vi/vi_000206.jpg,3,18,-714.0416870117188,71.22013092041016,695.894499012007,6.578724068580435,707.5285182089793,10.0,-723.3900756835938,62.8383674621582,0.5858286023139954,699.1221131972995,6.403216612516211,-723.3900756835938,62.8383674621582,707.5285034179688,10.121234893798828,9.0,9.0,2.959669589996338,-0.13592293858528137,3.611595392227173,-0.13704439997673035,0.45498974318752017,699.1221131972995,9.578783337111968,-714.9735635039588,62.48591722379212,8.783785214529077,-713.5570341689915,67.40024698772632,0.48465284272718856,-3.819883932683836,174.35288525061614,159.73925997968763
207,/yh/study/new_data/model_dataset_flight/vi/vi_000207.jpg,3,18,-717.5553588867188,71.66979217529297,699.1221131972995,9.578783337111968,707.1621693920572,10.0,-723.0279541015625,62.779258728027344,0.6189842224121094,702.6636603787457,9.408622641201514,-728.53515625,64.8820571899414,712.8613891601562,8.634922981262207,9.0,9.0,3.053605556488037,-0.14214931428432465,3.6869020462036133,-0.14315129816532135,0.45307809063271,702.6636603787457,8.74780424036064,-718.4069648539504,63.68793131169742,8.027162360960618,-716.9405431759321,67.88894076087544,0.6148157107866671,-3.7808514144175307,174.35712156872714,190.62592694535851
208,/yh/study/new_data/model_dataset_flight/vi/vi_000208.jpg,3,18,-720.7557983398438,72.0793685913086,702.6636603787457,8.74780424036064,712.5904637169969,9.062735292123685,-728.3111572265625,64.42791748046875,0.6005567908287048,705.889490251461,8.574743435755156,-728.49462890625,68.896240234375,713.2469482421875,4.639094352722168,9.0,9.0,2.976597309112549,-0.13670432567596436,3.6253671646118164,-0.1378956437110901,0.4587592605574268,705.889490251461,5.213297815467913,-721.2396119873347,67.54472068279868,4.560384556114954,-720.01291055851,68.34173807466858,0.7428877813336606,-3.737630516640011,174.3592061104453,157.80911198817194
209,/yh/study/new_data/model_dataset_flight/vi/vi_000209.jpg,3,18,-724.0374145507812,72.50609588623047,705.889490251461,5.213297815467913,716.3698968142799,8.596288363228519,-732.019775390625,65.29269409179688,0.5927509069442749,709.1978583048237,5.043694169666368,-731.8121337890625,71.43373107910156,716.81494140625,2.4678797721862793,9.0,9.0,2.918630361557007,-0.13324782252311707,3.5774385929107666,-0.13440628349781036,0.46196774192004025,709.1978583048237,2.843686028084378,-724.2779157929187,70.25194604918251,2.2669433904120835,-723.1686694845955,68.81577263943635,0.8687450661857432,-3.690323246794117,174.36254948804404,166.9273490551859
210,/yh/study/new_data/model_dataset_flight/vi/vi_000210.jpg,3,18,-727.3179931640625,72.93268585205078,709.1978583048237,2.843686028084378,716.9531502624579,3.4155494955039227,-732.0501098632812,70.50607299804688,0.5726692080497742,712.5051800469213,2.6783504622789427,-734.196044921875,70.21531677246094,719.05615234375,3.932328224182129,9.0,9.0,2.9076249599456787,-0.13264460861682892,3.568406343460083,-0.13375525176525116,0.46695826232579235,712.5051800469213,3.749375334353833,-727.6626576447071,69.70224356420182,3.248776843573722,-726.3257247270212,69.29365115192785,0.992268437041313,-3.639034700122934,174.36584564128793,178.93476109020412
211,/yh/study/new_data/model_dataset_flight/vi/vi_000211.jpg,3,18,-730.6006469726562,73.35954284667969,712.5051800469213,3.749375334353833,719.1301602645848,2.966899440965083,-734.167236328125,71.18315124511719,0.5796880125999451,715.8145936021428,3.586474409671216,-734.167236328125,71.18315124511719,719.1301879882812,2.9668993949890137,9.0,9.0,2.846574068069458,-0.1282753199338913,3.515068292617798,-0.12959828972816467,0.470966516151532,715.8145936021428,3.0572941713919697,-730.8799711769823,70.74151641126842,2.63288519074315,-729.4873033063234,69.77567001826057,1.1133436663328298,-3.5838728284191146,174.36973479369001,187.0175370713696
212,/yh/study/new_data/model_dataset_flight/vi/vi_000212.jpg,3,18,-733.6497192382812,73.7457504272461,715.8145936021428,3.0572941713919697,724.472783439995,9.158096031984217,-740.1365356445312,65.59369659423828,0.573921263217926,718.8874313196692,2.8990000002970753,-740.1365356445312,65.59369659423828,724.4727783203125,9.158096313476562,9.0,9.0,2.7851552963256836,-0.12420003116130829,3.460308313369751,-0.1256231665611267,0.475819899165355,718.8874313196692,8.244906468329827,-734.4858238312441,65.90917954207708,7.881047781142572,-732.4178577812739,70.22080221632746,1.231861457007331,-3.5249482109186334,174.37366567427907,186.30885006859899
213,/yh/study/new_data/model_dataset_flight/vi/vi_000213.jpg,3,18,-736.6962280273438,74.13162994384766,718.8874313196692,8.244906468329827,724.846837345501,7.430484319417018,-740.3251953125,67.35124206542969,0.6099485158920288,721.9576852231966,8.091884208856026,-747.171630859375,69.44496154785156,731.5633544921875,6.074923038482666,9.0,9.0,2.956397294998169,-0.13573278486728668,3.6088972091674805,-0.13689196109771729,0.47435354292791787,721.9576852231966,6.369193707390874,-737.3397553033736,68.10003155580681,6.0658310617434275,-735.3485105658443,70.66925611597445,1.3477174614994782,-3.4623738278732112,174.37791938802812,154.49448907747865
214,/yh/study/new_data/model_dataset_flight/vi/vi_000214.jpg,3,18,-739.7407836914062,74.51726531982422,721.9576852231966,6.369193707390874,731.5633515869471,8.125565133278153,-747.0919189453125,67.37417602539062,0.6269055604934692,725.0259711232253,6.2091305896483355,-747.0191650390625,69.83321380615234,731.5633544921875,5.672686576843262,9.0,9.0,2.8555684089660645,-0.12776604294776917,3.5226922035217285,-0.12941761314868927,0.48252869239504137,725.0259711232253,5.750952703528651,-740.3251357327309,69.04029960013376,5.508050544690444,-738.2799714012197,71.12100048250733,1.4608122901865825,-3.396264837316885,174.3801711092984,171.86561599373817
215,/yh/study/new_data/model_dataset_flight/vi/vi_000215.jpg,3,18,-741.8286743164062,74.81880187988281,725.0259711232253,5.750952703528651,731.5633515869471,7.600235602366294,-752.80908203125,68.51246643066406,0.6169173121452332,727.134068859399,5.594775763921985,-752.80908203125,68.51246643066406,731.5633544921875,7.600235462188721,9.0,9.0,2.787013292312622,-0.1231992244720459,3.4612483978271484,-0.12497375160455704,0.4856823188008832,727.134068859399,7.307642835446103,-742.5864864574593,67.71604391038191,7.143070069265449,-740.2576228067646,71.49206352436195,1.571051509641598,-3.3267383555208587,174.3844960064252,157.4164730263874
216,/yh/study/new_data/model_dataset_flight/vi/vi_000216.jpg,3,18,-743.920654296875,75.12092590332031,727.134068859399,7.307642835446103,731.5633515869471,8.750171476148317,-752.61328125,67.33511352539062,0.6284900903701782,729.2462951969641,7.156741070814832,-752.7410888671875,69.09852600097656,731.5633544921875,7.010270118713379,9.0,9.0,2.739168405532837,-0.1199040487408638,3.416921615600586,-0.12177839875221252,0.491026034691919,729.2462951969641,7.0316399426265175,-744.657511096156,68.21457640065678,6.945546875199059,-742.2423086658526,71.86701266171043,1.6783456310223075,-3.2539132416098777,174.38841098548008,136.89486600924283
217,/yh/study/new_data/model_dataset_flight/vi/vi_000217.jpg,3,18,-746.2155151367188,75.45235443115234,729.2462951969641,7.0316399426265175,731.5633515869471,7.212388857534844,-757.318359375,69.38362121582031,0.7137192487716675,731.5633515869471,6.8856767506404335,-753.0873413085938,74.92355346679688,731.5633544921875,-1.2506755590438843,9.0,9.0,2.6980772018432617,-0.1167859137058258,3.377683162689209,-0.11884263902902603,0.4923101636167343,731.5633515869471,-0.06359775516110489,-746.2087535397055,75.51558969908311,0.06359574124455816,-744.4329050477604,72.27444454436285,1.7826100889583059,-3.1779098867894926,174.3928260090874,177.5467509869486
218,/yh/study/new_data/model_dataset_flight/vi/vi_000218.jpg,3,18,-747.0186767578125,75.608154296875,731.5633515869471,-0.06359775516110489,731.5633515869471,-3.4525852517678035,-757.6110229492188,73.18911743164062,0.6887454986572266,731.5633515869471,-0.20508717152196,-757.56884765625,74.79356384277344,731.5633544921875,-1.8526405096054077,9.0,9.0,2.6724185943603516,-0.11494132876396179,3.3527040481567383,-0.11708351969718933,0.4967713977226633,731.5633515869471,-1.6122657170802641,-746.044454523649,77.05551771350382,1.74469763034569,-745.1349115464958,72.50930428826416,1.8837652113166448,-3.098850008610846,174.39614521421976,192.16692401096225
219,/yh/study/new_data/model_dataset_flight/vi/vi_000219.jpg,3,18,-747.8226318359375,75.76411437988281,731.5633515869471,-1.6122657170802641,731.5633515869471,-3.862033587851762,-757.5299072265625,72.76876831054688,0.669211745262146,731.5633515869471,-1.7503246328145552,-757.4453125,74.88301086425781,731.5633544921875,-1.7506622076034546,9.0,9.0,2.670790433883667,-0.11475583910942078,3.351001262664795,-0.11691875755786896,0.5015708329142138,731.5633515869471,-1.7506129561055106,-746.0297771907378,77.19308418632522,2.2926583885389658,-745.8408956556896,72.74725792920925,1.9817361802479316,-3.016856450673556,174.39986414550114,170.21577898412943
220,/yh/study/new_data/model_dataset_flight/vi/vi_000220.jpg,3,18,-748.6256713867188,75.91989135742188,731.5633515869471,-1.7506129561055106,731.5633515869471,-5.818578461033055,-757.7484130859375,70.82442474365234,0.6957284212112427,731.5633515869471,-1.886933323560993,-757.7484130859375,70.82442474365234,731.5633544921875,-5.818578243255615,9.0,9.0,2.6462650299072266,-0.11323621869087219,3.327108383178711,-0.11540018022060394,0.504919599959077,731.5633515869471,-5.244958980067754,-745.6590601438209,80.66770977857338,5.598442821599038,-746.5492184017874,72.98783836927952,2.076452984931371,-2.932052988142365,174.40396124514695,200.28834498953074
221,/yh/study/new_data/model_dataset_flight/vi/vi_000221.jpg,3,18,-748.2408447265625,75.89019775390625,731.5633515869471,-5.244958980067754,731.5633515869471,-4.4731411842306406,-757.3765869140625,72.13796997070312,0.7117445468902588,731.5633515869471,-5.379257036431813,-757.1525268554688,70.04594421386719,731.5633544921875,-6.529863357543945,9.0,9.0,2.616225481033325,-0.11099643260240555,3.2976179122924805,-0.11326072365045547,0.5105667790205024,731.5633515869471,-6.361992157673001,-745.5405534939154,81.7784389506937,6.477882148716192,-746.0729943601076,73.04563361448041,2.167850366454857,-2.844564139425848,174.40779639636588,215.9640920581296
222,/yh/study/new_data/model_dataset_flight/vi/vi_000222.jpg,3,18,-747.8563232421875,75.86051940917969,731.5633515869471,-6.361992157673001,731.5633515869471,-4.500368295580998,-757.0748291015625,72.07858276367188,0.7214769721031189,731.5633515869471,-6.493480153059124,-756.841796875,69.90218353271484,731.5633544921875,-6.640047073364258,9.0,9.0,2.581865072250366,-0.10853230208158493,3.2628326416015625,-0.11088643223047256,0.5129715392168758,731.5633515869471,-6.618663247878899,-745.5133231200664,82.03366151099652,6.602827650445158,-745.6004554869081,73.10600442484072,2.255867755279388,-2.7545149843389733,174.41226579468233,169.33507099747658
223,/yh/study/new_data/model_dataset_flight/vi/vi_000223.jpg,3,18,-747.4716186523438,75.8308334350586,731.5633515869471,-6.618663247878899,731.5633515869471,-3.949651871442956,-757.02099609375,72.62667846679688,0.70371013879776,731.5633515869471,-6.747007098253121,-756.8267211914062,70.22396850585938,731.5633544921875,-6.318467140197754,9.0,9.0,2.551226854324341,-0.10620541870594025,3.2306127548217773,-0.1087295413017273,0.5135698210994866,731.5633515869471,-6.380990277461475,-745.5385379731808,81.79732985410422,6.271832302496395,-745.1311694505918,73.16880244601597,2.3404492017520324,-2.662030989042623,174.4160125803289,191.99568300973624
224,/yh/study/new_data/model_dataset_flight/vi/vi_000224.jpg,3,18,-746.4201049804688,75.57859802246094,731.5633515869471,-6.380990277461475,731.5633515869471,-1.3142934834421345,-756.9465942382812,75.26892852783203,0.6305242776870728,731.5633515869471,-6.5062583791536746,-753.1298217773438,71.9545669555664,731.5633544921875,-4.20758056640625,9.0,9.0,2.582473039627075,-0.10907363891601562,3.263089895248413,-0.11133528500795364,0.5138768060861669,731.5633515869471,-4.5429531395115745,-745.7335363205775,79.96966572604468,4.444418083641666,-743.9985616803268,73.01136018443573,2.4215433001419564,-2.5672378380252057,174.41865735764156,160.00057302881032
225,/yh/study/new_data/model_dataset_flight/vi/vi_000225.jpg,3,18,-745.36767578125,75.32614135742188,731.5633515869471,-4.5429531395115745,731.5633515869471,-3.2833843028208904,-756.9705810546875,73.29133605957031,0.6644794344902039,732.4197593162792,-4.669224566189278,-751.9898681640625,69.90904235839844,731.5633544921875,-6.12145471572876,9.0,9.0,2.594663381576538,-0.11072413623332977,3.2766222953796387,-0.11269169300794601,0.5163568050851163,731.5706908168913,-5.909577192358023,-745.5812521505682,81.32780307343319,6.005460699976895,-742.8685726745648,72.85588008406006,2.4991031066852223,-2.4702612733618157,174.4203512977942,165.5953370500356
226,/yh/study/new_data/model_dataset_flight/vi/vi_000226.jpg,3,18,-744.3159790039062,75.07386779785156,731.5706908168913,-5.909577192358023,731.5633515869471,-3.2709247824174548,-757.366455078125,73.34585571289062,0.7026482820510864,733.492198658207,-6.037435145668036,-752.1929321289062,70.93192291259766,731.5633544921875,-5.125699043273926,9.0,9.0,2.587348461151123,-0.10983750969171524,3.268646001815796,-0.11193133890628815,0.5171388617450827,731.5798777843202,-5.258719547912403,-745.6411662649757,80.679649537472,5.760287335642445,-741.7428929517753,72.70264085639334,2.573086052131032,-2.371226941458221,174.42186725015426,179.75318804383278
227,/yh/study/new_data/model_dataset_flight/vi/vi_000227.jpg,3,18,-743.0457763671875,74.80661010742188,731.5798777843202,-5.258719547912403,731.5633515869471,-3.6494636755325645,-757.5155029296875,72.98100280761719,0.7183636426925659,734.78350545055,-5.386478587314411,-752.3992919921875,70.5958251953125,731.5633544921875,-5.481688022613525,9.0,9.0,2.567753314971924,-0.1080019623041153,3.248530864715576,-0.11026033014059067,0.5194682764171744,731.5909396625649,-5.467797153208907,-745.6079849297604,80.88638042214043,6.59761470516844,-740.4023225178975,72.53634985996585,2.643453849289992,-2.270260247456027,174.42222384815588,180.4856410017237
228,/yh/study/new_data/model_dataset_flight/vi/vi_000228.jpg,3,18,-741.7759399414062,74.53942108154297,731.5909396625649,-5.467797153208907,731.5633515869471,-2.67197136829475,-757.55322265625,73.96797943115234,0.6912747025489807,735.7963096119057,-5.593972348187621,-747.1482543945312,71.74629974365234,731.5633544921875,-3.7837624549865723,9.0,9.0,2.5773346424102783,-0.10837775468826294,3.257906436920166,-0.11071363836526871,0.521258106144835,731.599615769871,-4.047868519079974,-745.7499982088484,79.47355005291094,6.335516381410288,-739.065767545317,72.37193486409623,2.7101723960891633,-2.1674862174467364,174.42253090922935,177.95548704452813
229,/yh/study/new_data/model_dataset_flight/vi/vi_000229.jpg,3,18,-740.5067138671875,74.2723617553711,731.599615769871,-4.047868519079974,731.5633515869471,-2.291823061322325,-757.5726928710938,74.35232543945312,0.672977864742279,735.8063256316264,-4.173615141761592,-747.080810546875,72.33384704589844,731.5633544921875,-3.1923787593841553,9.0,9.0,2.58858585357666,-0.10930947214365005,3.2694220542907715,-0.11157842725515366,0.5230323545034516,731.5997015712903,-3.335539218217296,-745.8254842871864,78.76523175093853,6.962413344360259,-737.7335021925448,72.20933238675981,2.7732116746426505,-2.0630293686112777,174.4243489436281,188.28954303171486
230,/yh/study/new_data/model_dataset_flight/vi/vi_000230.jpg,3,18,-738.8037719726562,74.19439697265625,731.5997015712903,-3.335539218217296,731.5633515869471,-2.215005136527012,-757.437744140625,74.4152603149414,0.6635605096817017,735.8171626804517,-3.4617615008653826,-747.09814453125,72.26791381835938,731.5633544921875,-3.259772539138794,9.0,9.0,2.6020846366882324,-0.1103757992386818,3.2832608222961426,-0.11256303638219833,0.5272718209047669,731.5997944059925,-3.2892423314939707,-745.8303036320583,78.71918634988089,8.357383924938729,-735.971226325809,72.237383385283,2.8325456468472345,-1.95701358737326,174.42614362095264,174.6828369796276
231,/yh/study/new_data/model_dataset_flight/vi/vi_000231.jpg,3,18,-737.1023559570312,74.11650848388672,731.5997944059925,-3.2892423314939707,731.5633515869471,-2.5615368130875096,-757.69189453125,74.09374237060547,0.6837847232818604,735.8338203611927,-3.416289736140844,-740.0503540039062,68.61612701416016,738.4151611328125,-6.147801399230957,9.0,9.0,2.8247053623199463,-0.12613993883132935,3.494737148284912,-0.12782691419124603,0.5218418205146067,738.3930482798125,-5.749279218420055,-738.8128150313136,80.44867898435234,6.559119871732926,-734.2142038100178,72.26694646826387,2.8881521470134257,-1.8495620156228498,174.42877604481453,166.48606199305505
232,/yh/study/new_data/model_dataset_flight/vi/vi_000232.jpg,3,18,-735.4005126953125,74.0385971069336,738.3930482798125,-5.749279218420055,731.5633515869471,0.03747789814465402,-747.0657348632812,75.5802230834961,0.6304302215576172,742.4671295390841,-5.889140757426288,-740.2219848632812,69.05296325683594,738.1984252929688,-5.731505393981934,9.0,9.0,2.9361982345581055,-0.13322563469409943,3.590841770172119,-0.1348242163658142,0.5183579437902242,738.2349928126368,-5.754504083557981,-738.9695080851875,80.47055360389965,7.355799920594143,-732.4604999232726,72.29780016189383,2.940012772039916,-1.7407969450397582,174.32066097635735,212.5381149817258
233,/yh/study/new_data/model_dataset_flight/vi/vi_000233.jpg,3,18,-732.982421875,73.9236831665039,738.2349928126368,-5.754504083557981,731.5633515869471,0.26878404797152705,-747.1813354492188,75.82508850097656,0.6193557977676392,742.8500488505397,-5.90514245526399,-734.17236328125,71.66932678222656,743.9383544921875,-2.4916348457336426,9.0,9.0,3.039354085922241,-0.1407974660396576,3.675708532333374,-0.14205637574195862,0.5046756875005135,743.9290316073873,-2.9896588941558595,-734.2150155829796,71.17309533055871,3.0141368071473837,-729.9943091053631,72.29284344699059,2.9881127696368788,-1.6308397195133235,174.2503242960552,188.1222539814189
234,/yh/study/new_data/model_dataset_flight/vi/vi_000234.jpg,3,18,-730.5607299804688,73.80860137939453,743.9290316073873,-2.9896588941558595,748.5011086156854,-1.4653844598804633,-729.5267944335938,72.20858001708984,0.6679590940475464,747.3041736753698,-3.1512292345508333,-724.01220703125,70.6758041381836,754.1466064453125,-2.407942295074463,9.0,9.0,3.0722506046295166,-0.1413511037826538,3.7005109786987305,-0.14302051067352295,0.5009574499102349,747.3041736753698,-2.516386398056355,-730.8269773241374,71.28959250511772,2.533040338544948,-727.5282890553713,72.28879073376447,3.0324409250974553,-1.519810645630055,-5.518177834197429,189.00254101026803
235,/yh/study/new_data/model_dataset_flight/vi/vi_000235.jpg,3,18,-727.904541015625,73.682373046875,747.3041736753698,-2.516386398056355,748.4400260103567,-1.5271876559486393,-729.5940551757812,72.153564453125,0.6626653671264648,749.9588597643367,-2.6829032683165934,-719.4857177734375,70.35440063476562,758.6817626953125,-2.250107765197754,9.0,9.0,3.1219706535339355,-0.1455988585948944,3.739455223083496,-0.14692546427249908,0.488542460515826,749.9588597643367,-2.313251778118771,-728.1663360717678,71.21165305880771,2.4845510481485413,-724.8315515685135,72.27454413570581,3.0729894471114467,-1.4078289111691908,-5.537773274663197,216.84589597862214
236,/yh/study/new_data/model_dataset_flight/vi/vi_000236.jpg,3,18,-723.4256591796875,73.21475219726562,749.9588597643367,-2.313251778118771,754.3438921789806,-3.487868637970283,-723.929931640625,69.58109283447266,0.6417626738548279,754.4620804821016,-2.4857534613539394,-714.0874633789062,70.42074584960938,764.0429077148438,-1.6147356033325195,9.0,9.0,3.1553537845611572,-0.14757516980171204,3.7643332481384277,-0.1489284187555313,0.4774651743425347,754.4620804821016,-1.741815396179256,-723.6282258068908,71.30493898781818,1.9205259002253734,-720.3159053265812,71.9197396857462,3.109753853106285,-1.2950125115194373,-5.5518697200406635,162.44869597721845
237,/yh/study/new_data/model_dataset_flight/vi/vi_000237.jpg,3,18,-718.9481811523438,72.74728393554688,754.4620804821016,-1.741815396179256,758.404917453383,-2.2892915168002763,-719.76513671875,70.34463500976562,0.6698852777481079,758.9638891275615,-1.9188477476730914,-709.421875,70.98971557617188,768.6224365234375,-0.5568228363990784,9.0,9.0,3.1734843254089355,-0.14879317581653595,3.7777020931243896,-0.150114506483078,0.4693455201624176,758.9638891275615,-0.7555395928729047,-719.0475060979993,71.81087188996128,0.9416649956047443,-715.8054482977527,71.56580575164404,3.142732854591038,-1.1814781839028365,-5.560892257036506,216.23753698077053
238,/yh/study/new_data/model_dataset_flight/vi/vi_000238.jpg,3,18,-715.749267578125,72.34666442871094,758.9638891275615,-0.7555395928729047,763.8964142463536,-0.5416341713505606,-714.1199340820312,71.50331115722656,0.6849616765975952,762.1872145443479,-0.9357773033488264,-708.710693359375,70.8501205444336,769.3443603515625,-0.6206251382827759,9.0,9.0,3.167998790740967,-0.14695699512958527,3.7727084159851074,-0.14869634807109833,0.46689695070582093,762.1872145443479,-0.6666052194980675,-715.8327809430314,71.55932021875853,0.7917609406023803,-712.5773393351568,71.27932307944695,3.1719282429682285,-1.0673413492639903,-5.569456567203761,161.21398704126477
239,/yh/study/new_data/model_dataset_flight/vi/vi_000239.jpg,3,18,-712.5479736328125,71.94573974609375,762.1872145443479,-0.6666052194980675,763.6722417464007,-1.2774759687099178,-714.4204711914062,70.79521942138672,0.6729950904846191,765.4129392429845,-0.8467668595460945,-706.000244140625,69.16156005859375,772.2178344726562,-2.013873338699341,9.0,9.0,3.1850006580352783,-0.14908309280872345,3.785926342010498,-0.1505129486322403,0.4581186635184736,765.4129392429845,-1.843594798213629,-712.7491970239556,70.04865330847788,1.9077284410862054,-709.3506288565474,70.9930236844352,3.1973447762651457,-0.9527160616585423,-5.575880360118158,160.3070800192654
240,/yh/study/new_data/model_dataset_flight/vi/vi_000240.jpg,3,18,-709.3484497070312,71.54503631591797,765.4129392429845,-1.843594798213629,768.5090294963974,-1.8728333621817899,-709.6734619140625,69.69300842285156,0.6540963649749756,768.6368804586367,-2.0258981076542417,-703.2764282226562,69.17899322509766,774.9246215820312,-1.7092348337173462,9.0,9.0,3.1836624145507812,-0.14845938980579376,3.784609079360962,-0.15003721415996552,0.4544240114251727,768.6368804586367,-1.7554353827456768,-709.5339412462864,69.79626604912927,1.7585802674713087,-706.1294596398083,70.7073213509698,3.218990067223045,-0.8377149649481603,-5.583128204683747,148.41468492522836
241,/yh/study/new_data/model_dataset_flight/vi/vi_000241.jpg,3,18,-706.1504516601562,71.17790222167969,768.6368804586367,-1.7554353827456768,771.4701169317176,-2.504042580084162,-706.7954711914062,68.75299072265625,0.6553364992141724,771.8557634806873,-1.9382844472150143,-703.2257080078125,69.64431762695312,774.9259643554688,-1.2411563396453857,9.0,9.0,3.120973587036133,-0.1432655304670334,3.737560272216797,-0.14520560204982758,0.4596172497110567,771.8557634806873,-1.3428659598118728,-706.2894973251983,69.86701264834437,1.3182432136924678,-702.9135771869895,70.45545296509341,3.2368744731666874,-0.7224492565862783,-5.5891324745727164,150.14603303279728
242,/yh/study/new_data/model_dataset_flight/vi/vi_000242.jpg,3,18,-702.950439453125,70.81053924560547,771.8557634806873,-1.3428659598118728,775.0202981962872,-2.267777304981272,-703.2401733398438,68.61347198486328,0.6627234220504761,775.0766735691755,-1.521506504226393,-697.8544921875,68.81243133544922,780.35498046875,-1.5018569231033325,9.0,9.0,3.146918535232544,-0.145254448056221,3.7568178176879883,-0.14708836376667023,0.45458996367766286,775.0766735691755,-1.5047237583532043,-703.1036270830558,69.36632257923587,1.4523182259351894,-699.6994284650643,70.20351058735095,3.2510109880606897,-0.6070286582545156,-5.591217603260275,164.158254978247
243,/yh/study/new_data/model_dataset_flight/vi/vi_000243.jpg,3,18,-699.7487182617188,70.4429702758789,775.0766735691755,-1.5047237583532043,774.8641591165022,-0.5775829169258413,-703.2171630859375,70.31070709228516,0.6483239531517029,778.2993048365014,-1.6835324325694747,-687.75439453125,72.76365661621094,789.98193359375,3.4926650524139404,9.0,9.0,3.1924116611480713,-0.15007296204566956,3.791472911834717,-0.15133275091648102,0.44247032660400415,778.2993048365014,2.7374680170515324,-699.4515148979273,73.24493314639702,2.8176809200495114,-696.4873031245781,69.95140888278975,3.261415137140597,-0.4915613930891553,-5.594332489686918,182.94609803706408
244,/yh/study/new_data/model_dataset_flight/vi/vi_000244.jpg,3,18,-696.5949096679688,70.09808349609375,778.2993048365014,2.7374680170515324,781.7635649835363,10.0,-695.05322265625,81.8675537109375,0.7206264734268188,781.4718983079193,2.554080856750324,-688.0103759765625,73.4783935546875,789.6519775390625,4.176414489746094,9.0,9.0,3.2066197395324707,-0.1505914181470871,3.8013129234313965,-0.1519433856010437,0.43756483671733337,781.4718983079193,3.939719202605005,-696.1698082501541,74.10583890547288,4.030237540993792,-693.3268047934804,69.72192932687923,3.26810487448832,-0.3761541692145132,-5.600599028167845,144.92256694938987
245,/yh/study/new_data/model_dataset_flight/vi/vi_000245.jpg,3,18,-693.4392700195312,69.75299835205078,781.4718983079193,3.939719202605005,785.406349267427,10.0,-691.4379272460938,81.41574096679688,0.6812289357185364,784.6463335428016,3.7538325960309464,-681.81884765625,74.05997467041016,795.7476196289062,5.4078216552734375,9.0,9.0,3.2214529514312744,-0.15210959315299988,3.812350034713745,-0.15328530967235565,0.43076140801504537,784.6463335428016,5.1665079036854245,-692.883681944744,74.99095103534786,5.267335799178261,-690.1681695356303,69.49208618276931,3.2711004839009106,-0.26091216928147415,-5.606389214315018,144.64502001646906
246,/yh/study/new_data/model_dataset_flight/vi/vi_000246.jpg,3,18,-690.28173828125,69.40769958496094,784.6463335428016,5.1665079036854245,785.5103920380798,10.0,-691.4022827148438,80.76539611816406,0.6542657017707825,787.8226728452948,4.97803590094075,-678.618408203125,72.37566375732422,799.10791015625,4.07048225402832,9.0,9.0,3.23457670211792,-0.1531369686126709,3.821773052215576,-0.15424418449401855,0.42446077194912013,787.8226728452948,4.202892546635772,-689.8267016447583,73.6976771407671,4.314042856749376,-687.0113137978691,69.26176053927126,3.2704244833809013,-0.14593904568967644,-5.6125340100100765,150.11151798535138
247,/yh/study/new_data/model_dataset_flight/vi/vi_000247.jpg,3,18,-687.0963745117188,69.0923843383789,787.8226728452948,4.202892546635772,795.309114145403,7.237380667790894,-682.0619506835938,75.92558288574219,0.6940861344337463,791.0235263198965,4.012223173957969,-678.6430053710938,72.375,799.08349609375,4.067227840423584,9.0,9.0,3.1955313682556152,-0.1495630294084549,3.7930288314819336,-0.1509869545698166,0.42777506788301595,791.0235263198965,4.0592027677391584,-686.6588598069338,73.21716927510967,4.147923563806839,-683.8302729781647,69.06104741722267,3.2661015335540755,-0.03133692115623787,-5.618733367177215,189.85255202278495
248,/yh/study/new_data/model_dataset_flight/vi/vi_000248.jpg,3,18,-683.9093627929688,68.77690887451172,791.0235263198965,4.0592027677391584,798.7499055915581,5.489008187989057,-678.8247680664062,73.82403564453125,0.6637849807739258,794.2260354502561,3.870715252885681,-674.580322265625,71.32252502441406,803.2345581054688,3.4491477012634277,9.0,9.0,3.189946413040161,-0.148881196975708,3.788928508758545,-0.15038436651229858,0.4273358547028724,794.2260354502561,3.510653578138049,-683.532075312381,72.3338858166025,3.576930361297761,-680.6512044426711,68.85970248023537,3.2581583502976854,0.08279360572365309,-5.621602927082693,148.40071904473007
249,/yh/study/new_data/model_dataset_flight/vi/vi_000249.jpg,3,18,-680.722900390625,68.46148681640625,794.2260354502561,3.510653578138049,799.0604347291251,3.0827793645252717,-678.769775390625,71.39847564697266,0.67693030834198,797.4279926953631,3.323571063971217,-670.53759765625,70.37305450439453,807.3548583984375,2.931392192840576,9.0,9.0,3.2176573276519775,-0.15187254548072815,3.809558391571045,-0.15302562713623047,0.42067025708360106,797.4279926953631,2.988610319016955,-680.403043831781,71.47701864060531,3.0324479222227074,-677.4762767687866,68.6578402666984,3.2466236218383853,0.19635345029215043,-5.62362186163224,157.3122409172356
250,/yh/study/new_data/model_dataset_flight/vi/vi_000250.jpg,3,18,-677.4625244140625,68.1313247680664,797.4279926953631,2.988610319016955,803.1442525050256,2.413262782519364,-674.7793579101562,70.30194091796875,0.6656359434127808,800.7050059426465,2.7993151910290934,-670.539306640625,69.92381286621094,807.4005126953125,2.484476327896118,9.0,9.0,3.2080156803131104,-0.15053202211856842,3.8021955490112305,-0.15189796686172485,0.42048373422232155,800.7050059426465,2.530410698975404,-677.1926409389791,70.67572220322012,2.5586706310386766,-674.2309964835081,68.44056979546883,3.2315279305544697,0.30924502740241877,-5.62726712825619,144.69650795217603
251,/yh/study/new_data/model_dataset_flight/vi/vi_000251.jpg,3,18,-674.2022705078125,67.80116271972656,800.7050059426465,2.530410698975404,807.2251842875563,2.3449783616959525,-670.7283935546875,69.8035888671875,0.6754477024078369,803.9818978005702,2.3413044283045132,-667.22705078125,70.07459259033203,810.6784057617188,2.9837849140167236,9.0,9.0,3.193901300430298,-0.14898963272571564,3.7916245460510254,-0.15053695440292358,0.42167200037491864,803.9818978005702,2.8900482744283646,-673.8960949221176,70.68771357174803,2.9027434110822603,-670.9893668281204,68.2225349528693,3.212903679692054,0.4213722331427387,-5.629701850571462,146.53248502872884
252,/yh/study/new_data/model_dataset_flight/vi/vi_000252.jpg,3,18,-670.9393310546875,67.47074127197266,803.9818978005702,2.8900482744283646,806.8630604159517,1.9213702062750515,-671.1331787109375,69.42053985595703,0.6649129986763,807.261487585344,2.7023291677541703,-663.4102172851562,69.59284210205078,814.5247802734375,2.907313823699951,9.0,9.0,3.21998929977417,-0.15219557285308838,3.8112783432006836,-0.15329745411872864,0.41531824357994074,807.261487585344,2.877406965448477,-670.6361332626714,70.32921819099012,2.874511992954461,-667.7485460295086,68.00338169508761,3.190785025178916,0.5326404231149603,-5.630868532259065,156.57148300670087
253,/yh/study/new_data/model_dataset_flight/vi/vi_000253.jpg,3,18,-667.6696166992188,67.14066314697266,807.261487585344,2.877406965448477,810.0363222188896,2.9336087970232017,-667.870849609375,70.09242248535156,0.672857403755188,810.5477782665914,2.6873085605641385,-663.778564453125,66.74090576171875,814.4592895507812,0.0324341282248497,9.0,9.0,3.214188575744629,-0.15093354880809784,3.806461811065674,-0.1522904485464096,0.41644978714591496,810.5477782665914,0.4197750877571367,-667.6274008156258,67.53866449145409,0.400233995353413,-664.5044088865251,67.78361953465152,3.1652078126936356,0.6429563876788655,-5.633850683564142,140.93373389914632
254,/yh/study/new_data/model_dataset_flight/vi/vi_000254.jpg,3,18,-664.3983764648438,66.81043243408203,810.5477782665914,0.4197750877571367,647.7041962304327,2.180849702171755,-663.0609741210938,64.38714599609375,0.6405075192451477,813.8356024095036,0.229809183998134,-658.9712524414062,63.72174835205078,643.5669555664062,2.408611297607422,9.0,9.0,3.037644863128662,-0.13923127949237823,3.6735894680023193,-0.14083461463451385,0.4301447699990401,645.025548546601,2.090728353300795,-660.3878824320846,64.19257957101047,4.789281365663236,-661.2621669447226,67.56266075866309,3.1362095201211067,0.7522283245810492,-5.635393025656096,161.7265170207247
255,/yh/study/new_data/model_dataset_flight/vi/vi_000255.jpg,3,18,-661.1251220703125,66.4800033569336,645.025548546601,2.090728353300795,656.4933073255864,-0.1262226376232581,-671.5557250976562,67.61363983154297,0.7305626273155212,649.9981809547431,1.910912926831946,-667.7010498046875,67.67252349853516,810.46044921875,0.545119047164917,9.0,9.0,3.129835605621338,-0.14767806231975555,3.7458181381225586,-0.14853860437870026,0.4181399921612287,809.0858618100779,0.7443856887165514,-669.0469228913734,68.0156643285042,8.06927399882825,-658.0212928648142,67.34036916632687,3.1038292054983385,0.8603658093932751,174.33310416900613,139.1155949095264
256,/yh/study/new_data/model_dataset_flight/vi/vi_000256.jpg,3,18,-657.9371337890625,66.1640853881836,809.0858618100779,0.7443856887165514,810.6031772579156,2.833186634663005,-667.3177490234375,69.93276977539062,0.6585127115249634,814.0774532636301,0.5612002305332628,-655.8399047851562,66.38209533691406,822.3915405273438,0.51297926902771,9.0,9.0,3.1802964210510254,-0.15078215301036835,3.7832224369049072,-0.15162041783332825,0.413007398484655,820.3289773196913,0.5200146124969198,-657.8901917850916,66.60664347540154,0.44504068611623904,-654.8690263285347,67.13136515237123,3.0681074605277647,0.9672797641876429,-5.633340020201978,155.32033995259553
257,/yh/study/new_data/model_dataset_flight/vi/vi_000257.jpg,3,18,-654.7457885742188,65.84784698486328,820.3289773196913,0.5200146124969198,822.3309468691988,0.898803677362493,-655.8594360351562,66.77215576171875,0.7374071478843689,823.5358762456583,0.3327243612418844,-651.0386352539062,62.73640441894531,635.5745849609375,2.546818971633911,9.0,9.0,3.036909818649292,-0.14133350551128387,3.6742305755615234,-0.14242513477802277,0.41973406760005977,637.1847405884564,2.223786921440544,-652.6054405304127,63.22843639380072,3.382661909383663,-651.7167022045111,66.92072940974272,3.0290863697076826,1.0728824248794426,-5.636265955848535,129.3223570100963
258,/yh/study/new_data/model_dataset_flight/vi/vi_000258.jpg,3,18,-651.2394409179688,65.5003890991211,637.1847405884564,2.223786921440544,815.3726601092319,1.1844332965745674,-662.748779296875,67.7901382446289,0.7022542953491211,642.1262846443951,2.0427699100365064,-658.942626953125,67.02434539794922,819.2383422851562,0.8243776559829712,9.0,9.0,3.074209451675415,-0.14318698644638062,3.702688217163086,-0.14436708390712738,0.42446754877743725,817.7211257650504,1.0021386901859968,-660.4326423086046,67.36114907035672,9.37962576435446,-648.2526314428666,66.67747640679038,2.986809475102197,1.1770873076692878,174.3288930372177,127.94783501885831
259,/yh/study/new_data/model_dataset_flight/vi/vi_000259.jpg,3,18,-647.942626953125,65.1369400024414,817.7211257650504,1.0021386901859968,643.5577142294983,0.13766533693696126,-658.7211303710938,65.97889709472656,0.6767230033874512,822.6539518072257,0.8224070529465406,-644.6905517578125,62.5543098449707,629.2429809570312,2.0544142723083496,9.0,9.0,2.907626152038574,-0.131895050406456,3.5671420097351074,-0.1334352046251297,0.4324921139177031,630.8998208358037,1.8746668414372682,-646.3189515472859,62.908815692700145,2.7569656804513762,-645.0013052063789,66.4167491774554,2.9413217467460724,1.2798091750139922,-5.63386263639519,179.86711801495403
260,/yh/study/new_data/model_dataset_flight/vi/vi_000260.jpg,3,18,-644.6431274414062,64.77320098876953,630.8998208358037,1.8746668414372682,643.4074126164578,1.8484384539861962,-658.753173828125,64.26183319091797,0.7089552879333496,635.688489468311,1.7048564271229982,-655.5595092773438,67.20669555664062,822.5833740234375,1.3625551462173462,9.0,9.0,3.058208465576172,-0.14373433589935303,3.691296100616455,-0.14453968405723572,0.42125824032160397,820.9823536858853,1.4124962300516952,-657.1463230090017,67.42522966972236,12.781359690038222,-641.7504578827538,66.15416499032423,2.8926695586524476,1.3809640015547073,174.33492049239726,161.89130092971027
261,/yh/study/new_data/model_dataset_flight/vi/vi_000261.jpg,3,18,-641.3435668945312,64.40945434570312,820.9823536858853,1.4124962300516952,822.9141130039184,1.0201501179704013,-655.2667236328125,66.83131408691406,0.709851861000061,825.8410086617764,1.2366057545401443,-633.0726928710938,62.708980560302734,617.7070922851562,0.6680715084075928,9.0,9.0,2.938626766204834,-0.13480013608932495,3.5940301418304443,-0.1360766589641571,0.426256124525055,619.4900551191233,0.7510195370380499,-634.8543687908905,62.81565349017515,6.682057557023639,-638.5026662241665,65.88992328612905,2.840900670364704,1.4804689404259175,-5.631068021807597,171.9459289452061
262,/yh/study/new_data/model_dataset_flight/vi/vi_000262.jpg,3,18,-638.0413818359375,64.03466796875,619.4900551191233,0.7510195370380499,628.1886680929501,5.802978482045588,-644.0398559570312,58.71504592895508,0.5989288091659546,624.2757292142771,0.580102115458689,-644.0966796875,62.6058464050293,628.657958984375,1.94016432762146,9.0,9.0,2.892975091934204,-0.13136722147464752,3.555178165435791,-0.13275593519210815,0.4355393387828808,628.6204189575245,1.7417339250888073,-644.038310607658,62.799175428905706,6.122874856560433,-635.2553176219702,65.61291025911332,2.7860642139672374,1.578242290363319,174.334554410266,154.873033054173
263,/yh/study/new_data/model_dataset_flight/vi/vi_000263.jpg,3,18,-634.7399291992188,63.65995788574219,628.6204189575245,1.7417339250888073,638.6175318584164,2.82331441652869,-654.09375,62.784297943115234,0.667072057723999,633.3378481185963,1.5760253236140453,-643.9276733398438,62.679630279541016,628.4977416992188,1.8488668203353882,9.0,9.0,2.7846322059631348,-0.12424807250499725,3.4596080780029297,-0.12580043077468872,0.4381952951942373,628.5392040903891,1.809059782438251,-643.9646967150904,62.723613397880165,9.272166775993147,-632.0117185127754,65.33416134976451,2.7282106864433553,1.6742034640223245,174.3383988996342,147.8390289703384
264,/yh/study/new_data/model_dataset_flight/vi/vi_000264.jpg,3,18,-631.4374389648438,63.28512954711914,628.5392040903891,1.809059782438251,636.5712445337556,5.058496119061146,-652.296142578125,60.34463882446289,0.6139324307441711,633.1356172259177,1.651206179075214,-637.9991455078125,62.14783477783203,622.5462646484375,1.748700499534607,9.0,9.0,2.722046136856079,-0.12059486657381058,3.4017081260681152,-0.12213516235351562,0.4379280373625341,622.6369775048771,1.7344762698777583,-638.0878668922937,62.17160560721307,6.743005797339241,-628.7700470176003,65.05340250502799,2.6673919472434915,1.7682729579088465,174.3418273877933,172.3712250823155
265,/yh/study/new_data/model_dataset_flight/vi/vi_000265.jpg,3,18,-628.2564697265625,62.93982696533203,622.6369775048771,1.7344762698777583,630.8076852082208,5.639122233493462,-646.626708984375,59.15583038330078,0.6060411930084229,627.1300385705509,1.582623632348385,-633.0374145507812,62.241554260253906,617.6224365234375,1.1291171312332153,9.0,9.0,2.676509141921997,-0.11781253665685654,3.3586316108703613,-0.11934619396924973,0.4381412673306854,617.7038826489875,1.1952828380389038,-633.125408763328,62.184401403621266,4.927193432677959,-625.6528085056614,64.80019928964744,2.6036612209011256,1.8603723243154089,174.34396235551745,150.93663800507784
266,/yh/study/new_data/model_dataset_flight/vi/vi_000266.jpg,3,18,-624.7681884765625,62.56117630004883,617.7038826489875,1.1952828380389038,626.722906369854,6.005782036067085,-642.6038818359375,58.35788345336914,0.5883547067642212,622.1153401875922,1.0480387422365967,-632.9974365234375,62.18226623535156,617.576416015625,1.1838293075561523,9.0,9.0,2.657740354537964,-0.11691327393054962,3.340480327606201,-0.1183682382106781,0.43902727093208305,617.6152983527394,1.1640177310741855,-633.0340074628414,62.206092109571934,8.273442348639104,-622.2311153720526,64.51160044569177,2.537073104509881,1.9504241456429408,174.34542473637134,167.76982706505805
267,/yh/study/new_data/model_dataset_flight/vi/vi_000267.jpg,3,18,-621.5926513671875,62.21646499633789,617.6152983527394,1.1640177310741855,626.4830825153556,5.999510602239246,-642.36474609375,58.33867645263672,0.5878698825836182,621.9774032454701,1.019362369302602,-628.4774169921875,62.48813247680664,613.1143188476562,0.4001579284667969,9.0,9.0,2.641366481781006,-0.1162489801645279,3.3246331214904785,-0.11759934574365616,0.43917785525894065,613.1902437634179,0.4904986388742043,-628.5624717806547,62.406353760830044,6.972406638949345,-619.1249677873366,64.25481700781462,2.4676835798508754,2.0383520114767264,174.3466853865209,155.65884904935956
268,/yh/study/new_data/model_dataset_flight/vi/vi_000268.jpg,3,18,-618.3226928710938,61.89715576171875,613.1902437634179,0.4904986388742043,622.002371410157,5.972855478843053,-637.906494140625,57.88982009887695,0.587585985660553,617.5180249638269,0.34740308595290914,-623.2838134765625,62.633056640625,855.1614379882812,0.21880565583705902,9.0,9.0,2.9022693634033203,-0.13495999574661255,3.565002918243408,-0.13550959527492523,0.4326849600400502,853.1256843720217,0.23756776803630514,-625.3062286293166,62.86644097293863,7.050481225211983,-615.9271428411564,64.02123626048808,2.395550029937362,2.1240804987693296,174.34755751630053,151.30969893652946
269,/yh/study/new_data/model_dataset_flight/vi/vi_000269.jpg,3,18,-615.0549926757812,61.578067779541016,853.1256843720217,0.23756776803630514,602.9159470642885,3.8989584505564565,-618.707763671875,57.9271240234375,0.5825070738792419,857.6684976731082,0.07993094676631612,-609.4426879882812,62.00077438354492,868.9920654296875,1.0499848127365112,9.0,9.0,3.036381483078003,-0.14308682084083557,3.674875259399414,-0.1436430960893631,0.42350793387947694,863.4556302358392,0.9084558610595679,-614.9631430245986,62.44400452063587,0.8707943488564654,-612.7342614160606,63.78560293501002,2.3207312597207186,2.2075351554690066,-5.618854629715409,156.01102297659963
270,/yh/study/new_data/model_dataset_flight/vi/vi_000270.jpg,3,18,-611.7886352539062,61.259117126464844,863.4556302358392,0.9084558610595679,593.8188234055499,3.2121060845946374,-609.589111328125,57.644981384277344,0.5817569494247437,866.7374090061445,0.7380746428646063,-603.6820068359375,62.321346282958984,874.686767578125,1.9763935804367065,9.0,9.0,3.1119890213012695,-0.147236168384552,3.7330782413482666,-0.14792868494987488,0.4158473964776316,866.7374090061445,1.7957252822891576,-611.6060838015611,62.98016895072703,1.7307063340005164,-609.5453477332248,63.547759614379046,2.2432875206814553,2.2886424879142044,-5.623175257973971,131.17595890071243
271,/yh/study/new_data/model_dataset_flight/vi/vi_000271.jpg,3,18,-609.2074584960938,61.02897644042969,866.7374090061445,1.7957252822891576,874.6627626001654,2.062153670648103,-603.6968383789062,62.40916061401367,0.5785984992980957,869.3284618012714,1.616536017514835,-603.6968383789062,62.40916061401367,874.6627807617188,2.0621535778045654,9.0,9.0,2.9960482120513916,-0.13777786493301392,3.641105890274048,-0.139079287648201,0.430654152700735,869.3284618012714,1.997138851953681,-609.0082401401907,62.90715988103755,1.888719404756123,-607.0441779570857,63.396306392727304,2.1632805390080354,2.367329952297616,-5.628664835756384,173.8223769934848
272,/yh/study/new_data/model_dataset_flight/vi/vi_000272.jpg,3,18,-606.6270751953125,60.798919677734375,869.3284618012714,1.997138851953681,874.6696277259975,1.9459307813213915,-603.7022705078125,62.29286193847656,0.5798414349555969,871.9187167134925,1.8227978587877112,-599.803955078125,62.031803131103516,878.57373046875,2.0975148677825928,9.0,9.0,3.033085584640503,-0.13977891206741333,3.670076847076416,-0.1411791294813156,0.4345900758903813,871.9187167134925,2.057434196332472,-606.4260747797981,62.69390395397375,1.9056144873062422,-604.5463016482641,63.24244562821715,2.080773547048348,2.4435259504827704,-5.627050696636865,156.72728698700666
273,/yh/study/new_data/model_dataset_flight/vi/vi_000273.jpg,3,18,-604.047607421875,60.56893539428711,871.9187167134925,2.057434196332472,583.969100565192,1.9913624923693065,-599.6654663085938,57.813873291015625,0.5989590883255005,874.508053560548,1.8836350391898327,-595.6923828125,61.38984680175781,882.7301025390625,1.8928200006484985,9.0,9.0,3.1189465522766113,-0.14681103825569153,3.7379040718078613,-0.1477123647928238,0.42206332218959275,874.508053560548,1.8914799328316068,-603.8686867206706,62.25575735735837,1.6962844550425706,-602.0517761041752,63.086095224724126,1.9958313176997398,2.5171598304370133,-5.6246239517691015,150.6965240696445
274,/yh/study/new_data/model_dataset_flight/vi/vi_000274.jpg,3,18,-603.1896362304688,60.42048645019531,874.508053560548,1.8914799328316068,583.9974891008961,1.9686417743694502,-599.6912841796875,57.8394775390625,0.5984545946121216,875.3768967749837,1.7116090293396329,-595.6925048828125,61.48618698120117,882.7197875976562,1.9886099100112915,9.0,9.0,3.158083915710449,-0.149303138256073,3.767247200012207,-0.1501910537481308,0.41474373395729275,875.3768967749837,1.9481960261741909,-602.9987079294489,62.22051321827776,1.8101243001362297,-601.281116029081,63.00864834171777,1.9085202013877478,2.5881618915224607,-5.627430919394138,181.15050299093127
275,/yh/study/new_data/model_dataset_flight/vi/vi_000275.jpg,3,18,-602.3318481445312,60.272071838378906,875.3768967749837,1.9481960261741909,583.9937878298407,1.9032284535173156,-599.6806640625,57.90412902832031,0.5976728200912476,876.2455542840796,1.7635088587681087,-595.7015380859375,61.54175567626953,882.7049560546875,2.0429158210754395,9.0,9.0,3.18513822555542,-0.15064576268196106,3.786952257156372,-0.15161867439746857,0.4087319935489179,876.2455542840796,2.0021508946586515,-602.129205056126,62.182542845284985,1.9211880932139724,-600.5129399792639,62.928535233243906,1.8189081652673036,2.6564633948650016,-5.631817314903889,165.3372299624607
276,/yh/study/new_data/model_dataset_flight/vi/vi_000276.jpg,3,18,-601.4740600585938,60.1236572265625,876.2455542840796,2.0021508946586515,579.8390337982806,2.01157514344656,-595.5608520507812,57.355613708496094,0.592603862285614,877.1142117931755,1.814143897550192,-595.7041625976562,61.50542449951172,882.7061767578125,2.0065104961395264,9.0,9.0,3.2032864093780518,-0.1518956422805786,3.8000941276550293,-0.15282824635505676,0.40350081569662866,877.1142117931755,1.9784445876461063,-601.2678937287052,62.06734451909317,1.9545907107946974,-599.7469952243264,62.84565380555971,1.7270648342674193,2.721996578997206,-5.63677256378588,166.66137904394418
277,/yh/study/new_data/model_dataset_flight/vi/vi_000277.jpg,3,18,-601.4366455078125,60.10139465332031,877.1142117931755,1.9784445876461063,579.8385604769344,1.977465547825747,-595.5567626953125,57.38948059082031,0.5921494960784912,877.1537658438019,1.7878230327945743,-595.6776733398438,61.56231689453125,882.7265014648438,2.0658795833587646,9.0,9.0,3.202662229537964,-0.15171799063682556,3.7996649742126465,-0.15270701050758362,0.40118124610189526,877.1537658438019,2.0253116793600543,-601.223616877606,62.10977808674206,2.019649774820029,-599.8035839742261,62.8860893342683,1.6330615335863912,2.7846946809479856,-5.641824395811604,149.54162295907736
278,/yh/study/new_data/model_dataset_flight/vi/vi_000278.jpg,3,18,-601.399169921875,60.07913589477539,877.1537658438019,2.0253116793600543,579.8602088690055,1.9160880626467265,-595.57177734375,57.45280838012695,0.5891335010528564,877.1933801867415,1.8336597390142901,-595.706298828125,61.70975875854492,882.6824951171875,2.209479570388794,9.0,9.0,3.2019925117492676,-0.15121158957481384,3.7989983558654785,-0.1523343324661255,0.3986471391981148,877.1933801867415,2.1546481959468786,-601.1705813600695,62.23421467528816,2.1671680324341964,-599.862198589641,62.923627857701895,1.5369713322339578,2.844491962926503,-5.645919947992672,175.73985806666315
279,/yh/study/new_data/model_dataset_flight/vi/vi_000279.jpg,3,18,-601.3616943359375,60.05686569213867,877.1933801867415,2.1546481959468786,579.9004696672664,1.802227918626158,-595.5997314453125,57.57029724121094,0.5863606929779053,877.232995736781,1.962860088790125,-595.7642211914062,61.96177291870117,882.5983276367188,2.4539783000946045,9.0,9.0,3.2053751945495605,-0.15157370269298553,3.801391124725342,-0.15265892446041107,0.3949251930285603,877.232995736781,2.382325118726309,-601.1071718922542,62.456442964132364,2.41303807649345,-599.9228252487304,62.9581894368612,1.4388690872070669,2.9013237447225273,-5.649468978318434,172.81623894814402
280,/yh/study/new_data/model_dataset_flight/vi/vi_000280.jpg,3,18,-601.0995483398438,60.101402282714844,877.232995736781,2.382325118726309,579.8417737282388,1.9824426862887197,-595.5604858398438,57.38487243652344,0.5908132791519165,877.4889817563641,2.189987963384207,-595.7105712890625,61.640525817871094,882.685546875,2.1401820182800293,9.0,9.0,3.215737819671631,-0.1522243618965149,3.8087821006774902,-0.15329387784004211,0.3916594287903686,877.4889817563641,2.147448607739805,-600.8773881617773,62.195875784995636,2.106222779402714,-599.7607168519671,63.056528724634674,1.338831487876669,2.955126441919834,-5.653078546531802,163.2126730401069
281,/yh/study/new_data/model_dataset_flight/vi/vi_000281.jpg,3,18,-600.837646484375,60.145896911621094,877.4889817563641,2.147448607739805,579.8040852912368,2.0066072539300968,-595.5255737304688,57.35684585571289,0.5925183296203613,877.7447294232607,1.9541939581006753,-595.6696166992188,61.54813766479492,882.7360229492188,2.052629232406616,9.0,9.0,3.2261290550231934,-0.15319186449050903,3.8163552284240723,-0.15415512025356293,0.3889432279760985,877.7447294232607,2.0382677194337067,-600.634583330779,62.06032819358111,1.9251705840510334,-599.6007093842175,63.151734521613214,1.2369371001575251,3.00583760999212,-5.656567786021899,157.51957905013114
282,/yh/study/new_data/model_dataset_flight/vi/vi_000282.jpg,3,18,-600.5753784179688,60.19044876098633,877.7447294232607,2.0382677194337067,579.7920474323779,1.976182004911225,-595.5103759765625,57.38582229614258,0.592339277267456,878.0008352227369,1.8437192764739212,-595.6387329101562,61.56454849243164,882.7650146484375,2.0722060203552246,9.0,9.0,3.2324531078338623,-0.15386757254600525,3.8209164142608643,-0.1547430157661438,0.38676647870412717,878.0008352227369,2.0388702536849306,-600.3798426285385,62.03391383773226,1.8538062827949335,-599.4421120079422,63.24384475531093,1.1332664100265364,3.053395994324602,-5.659786459307415,171.32406902965158
283,/yh/study/new_data/model_dataset_flight/vi/vi_000283.jpg,3,18,-599.8977661132812,60.17464828491211,878.0008352227369,2.0388702536849306,579.7764993009503,1.989588471194896,-595.496337890625,57.37084197998047,0.5929247736930847,878.6763341621079,1.8431402827529237,-595.6235961914062,61.54902648925781,882.7816772460938,2.0583672523498535,9.0,9.0,3.235252618789673,-0.15414120256900787,3.8228821754455566,-0.15498928725719452,0.3849749681096004,878.6763341621079,2.0269660606756226,-599.7093674986032,61.95082576975112,1.7861412306034568,-598.8698642473299,63.272389871089416,1.0279018659513437,3.0977415861773068,-5.662640437843848,140.31255198642612
284,/yh/study/new_data/model_dataset_flight/vi/vi_000284.jpg,3,18,-599.28173828125,60.16028594970703,878.6763341621079,2.0269660606756226,579.8046782299333,1.9676817135153095,-595.5220336914062,57.39561462402344,0.5917255878448486,879.2904404771913,1.8304441675319687,-595.65576171875,61.593589782714844,882.7449951171875,2.0992891788482666,9.0,9.0,3.2369508743286133,-0.15428690612316132,3.824061393737793,-0.15512293577194214,0.3835486058314049,879.2904404771913,2.0600652203136374,-599.095195658675,61.91896558090627,1.7685452200133942,-598.36081036146,63.299101634285144,0.9209279197899424,3.1388156845781117,-5.665122571276914,172.87077195942402
285,/yh/study/new_data/model_dataset_flight/vi/vi_000285.jpg,3,18,-598.6656494140625,60.14591979980469,879.2904404771913,2.0600652203136374,579.812706603272,1.9919630216470456,-595.5325927734375,57.37232208251953,0.5920690298080444,879.9046078893211,1.863031338172524,-595.6715087890625,61.59043502807617,882.7296752929688,2.0944910049438477,9.0,9.0,3.2383368015289307,-0.15438899397850037,3.825092315673828,-0.15522140264511108,0.3819011161788302,879.9046078893211,2.060721494669408,-598.4843850733566,61.854837040604686,1.7185036796920194,-597.8532183483425,63.32248076391134,0.8124310657200285,3.1765609641066517,-5.6672351808037105,150.67955199629068
286,/yh/study/new_data/model_dataset_flight/vi/vi_000286.jpg,3,18,-597.80810546875,60.045772552490234,879.9046078893211,2.060721494669408,579.7641601707595,1.9844241197363508,-595.4835205078125,57.37466812133789,0.592739462852478,880.7679314743554,1.8633107770628636,-590.4288940429688,61.40928649902344,887.962158203125,2.4673335552215576,9.0,9.0,3.240309476852417,-0.15452474355697632,3.8264524936676025,-0.15535086393356323,0.38063670408915806,880.7679314743554,2.3792078195478013,-597.5922841190938,62.080485082950496,2.04612656905173,-597.1056055919913,63.256694100992576,0.70249987675868,3.210921548502345,-5.669184986368337,144.9479250004515
287,/yh/study/new_data/model_dataset_flight/vi/vi_000287.jpg,3,18,-596.9498291015625,59.94552993774414,880.7679314743554,2.3792078195478013,579.8442660765643,1.888894552628122,-595.5530395507812,57.47815704345703,0.5893902778625488,881.6319934547153,2.1814684419299653,-590.4539794921875,61.50159454345703,887.927490234375,2.556480646133423,9.0,9.0,3.2360732555389404,-0.15439710021018982,3.8235225677490234,-0.15518870949745178,0.3806895046530934,881.6319934547153,2.501767102907767,-596.7201148821209,62.111221151647406,2.17783999793177,-596.3586040631269,63.18737302774626,0.591225038435554,3.2418430900021176,-5.670894908218794,140.60465001966804
288,/yh/study/new_data/model_dataset_flight/vi/vi_000288.jpg,3,18,-596.0921020507812,59.845359802246094,881.6319934547153,2.501767102907767,574.8709197611901,1.7890508261684075,-590.59716796875,57.04981231689453,0.5848112106323242,882.4955015379892,2.304001603554358,-590.4593505859375,61.53285217285156,887.9188232421875,2.5869975090026855,9.0,9.0,3.237450122833252,-0.15438900887966156,3.824427604675293,-0.15520726144313812,0.37955977535611746,882.4955015379892,2.5457089628383844,-595.8567888614209,62.0638367774718,2.2309218692490176,-595.613402671595,63.11463265653246,0.4786993791861394,3.2692728542863656,-5.671987871888128,153.54474098421633
289,/yh/study/new_data/model_dataset_flight/vi/vi_000289.jpg,3,18,-594.8851928710938,59.681861877441406,882.4955015379892,2.5457089628383844,574.8388107075134,1.7868104572898686,-590.5650024414062,57.04863357543945,0.5881171226501465,883.7129235740998,2.3478786434337824,-590.4356689453125,61.40726089477539,887.9556274414062,2.464604616165161,9.0,9.0,3.240626811981201,-0.15453733503818512,3.8267011642456055,-0.1553613245487213,0.378519638931145,883.7129235740998,2.44757452625606,-594.6565090730986,61.83783852217692,2.1680709333669106,-594.5201749740548,62.97502168832529,0.36501789703893817,3.293159810883886,-5.6730937222034346,168.92265202477574
290,/yh/study/new_data/model_dataset_flight/vi/vi_000290.jpg,3,18,-593.7744140625,59.53138732910156,883.7129235740998,2.44757452625606,574.836285700558,1.8444200367361623,-590.568603515625,56.99108123779297,0.5885344743728638,884.8333778095333,2.2495440693554634,-590.434814453125,61.343902587890625,887.9631958007812,2.4016897678375244,9.0,9.0,3.2417795658111572,-0.1546747088432312,3.827503204345703,-0.1554802507162094,0.3780064676088949,884.8333778095333,2.3794920095854235,-593.5494863471988,61.651952516468846,2.132460829882851,-593.5241362803238,62.84484205796175,0.25027778217623786,3.313454728860184,-5.674176573991147,155.10748606175184
291,/yh/study/new_data/model_dataset_flight/vi/vi_000291.jpg,3,18,-592.55859375,59.36668395996094,884.8333778095333,2.3794920095854235,574.8401437383134,1.8554353263468395,-590.5736083984375,56.98053741455078,0.5872548818588257,886.0597884167793,2.1812418350630236,-585.885009765625,57.11686325073242,570.1924438476562,1.2224628925323486,9.0,9.0,3.0408103466033936,-0.14000540971755981,3.6767311096191406,-0.1414608359336853,0.4003357700682682,572.8982966222031,1.3623468550487807,-588.5904081256834,57.26483152462278,4.490465544792608,-592.4240153150416,62.69679423754756,0.13457843495833238,3.330110277586622,-5.675060016271606,161.78302199114114
292,/yh/study/new_data/model_dataset_flight/vi/vi_000292.jpg,3,18,-590.8184204101562,59.179298400878906,572.8982966222031,1.3623468550487807,583.3973460531432,6.147277813166416,-599.537841796875,53.62075424194336,0.5934360027313232,577.8888647832139,1.17706320906127,-599.6246337890625,57.85723876953125,583.93310546875,1.943909764289856,9.0,9.0,2.988206624984741,-0.13623258471488953,3.634058952331543,-0.13780319690704346,0.41107829693094955,583.8813279561012,1.8320283596938025,-599.5612852027481,57.96299637416117,8.827064936984403,-590.800398931146,62.522379533240915,0.018021479010234945,3.343081132362009,174.29688749113853,159.62135407608002
293,/yh/study/new_data/model_dataset_flight/vi/vi_000293.jpg,3,18,-589.0809326171875,58.99219512939453,583.8813279561012,1.8320283596938025,593.4774660535264,7.287176417546826,-609.6820068359375,53.55669403076172,0.5951073169708252,588.761505453965,1.6555229728644263,-599.6715087890625,57.9018669128418,583.9844360351562,1.9045065641403198,9.0,9.0,2.8764450550079346,-0.1295851320028305,3.540689706802368,-0.13113772869110107,0.41740884175492,584.02535842477,1.8681803477370749,-599.7083382155935,57.942328680590016,10.679137105279432,-589.1802218482039,62.34451921402723,-0.099289231016377,3.352324084632701,174.30535401754287,121.02919397875667
294,/yh/study/new_data/model_dataset_flight/vi/vi_000294.jpg,3,18,-587.4931640625,58.82122039794922,584.02535842477,1.8681803477370749,593.4731106032045,7.36079159885174,-609.6854858398438,53.4830322265625,0.5948469042778015,588.766282783138,1.700800283011199,-595.5206298828125,57.36104965209961,579.7996215820312,2.0019025802612305,9.0,9.0,2.7964870929718018,-0.12476897984743118,3.4698843955993652,-0.12633609771728516,0.42028611230364077,579.8764337802709,1.9579723471347479,-595.5923542155532,57.412881780228815,8.220723739274819,-587.7104116698815,62.17901855448158,-0.2172476073814693,3.3577981565323607,174.3130729583982,145.57636703830212
295,/yh/study/new_data/model_dataset_flight/vi/vi_000295.jpg,3,18,-585.1982421875,58.60494613647461,579.8764337802709,1.9579723471347479,587.7176201434626,6.342939734215038,-603.8544921875,53.88453674316406,0.5876729488372803,584.4924153590978,1.7982048088256506,-595.5385131835938,57.3547477722168,579.8167114257812,2.010066270828247,9.0,9.0,2.7426140308380127,-0.1216105967760086,3.4205758571624756,-0.12314470112323761,0.42403617964266865,579.8567654759318,1.9791561000946012,-595.5750443055276,57.3897309573504,10.447716024484802,-585.5339875207544,61.96441085591323,-0.33574533325443406,3.359464719438621,174.3190973186483,153.48472900222987
296,/yh/study/new_data/model_dataset_flight/vi/vi_000296.jpg,3,18,-582.7028198242188,58.369781494140625,579.8567654759318,1.9791561000946012,587.7089699455794,6.395249983570812,-603.8514404296875,53.83160400390625,0.5882375240325928,584.3756396443277,1.8251152270439115,-590.56396484375,57.029296875,574.8357543945312,1.8059279918670654,9.0,9.0,2.7103447914123535,-0.11987759917974472,3.390687942504883,-0.12134373188018799,0.42580367785339457,574.9174770715166,1.8087273717524721,-590.645550026989,57.03518610646593,8.054073995364153,-583.1574916973343,61.72706911036088,-0.4546718731155641,3.357287616220254,174.32432566837537,198.61655193381011
297,/yh/study/new_data/model_dataset_flight/vi/vi_000297.jpg,3,18,-580.4057006835938,58.15330123901367,574.9174770715166,1.8087273717524721,583.4697112812548,6.058138542763843,-599.600341796875,53.71706771850586,0.5919287204742432,579.3691725137163,1.658429133951874,-590.5986938476562,57.011924743652344,574.868408203125,1.8268864154815674,9.0,9.0,2.6774661540985107,-0.11836802959442139,3.3596670627593994,-0.11969494074583054,0.42990040397322704,574.90696364675,1.8023088293354619,-590.6344149883926,57.04045305079211,10.289073205066815,-580.9796151734797,61.50453452584007,-0.5739144898860178,3.3512332868263988,174.32834272674185,164.73970306105912
298,/yh/study/new_data/model_dataset_flight/vi/vi_000298.jpg,3,18,-577.5111083984375,57.838523864746094,574.90696364675,1.8023088293354619,583.506506864849,6.076861154891574,-599.638916015625,53.702354431152344,0.5929282903671265,579.3027504089875,1.6548792140762913,-585.9083251953125,57.17985153198242,570.2223510742188,1.1623036861419678,9.0,9.0,2.6209073066711426,-0.11464894562959671,3.304440975189209,-0.11607614904642105,0.43124397688816263,570.3001376012353,1.234169487141109,-585.9933134761937,57.116645433936796,8.5128674046987,-578.2044666675313,61.17979476159377,-0.6933582690937676,3.3412708968476728,174.33238766615395,142.83903199248016
299,/yh/study/new_data/model_dataset_flight/vi/vi_000299.jpg,3,18,-574.6156005859375,57.523643493652344,570.3001376012353,1.234169487141109,579.422020669724,5.872369866476128,-595.5557861328125,53.47236633300781,0.5947443246841431,574.6230359891442,1.0908855090365177,-585.9546508789062,57.207733154296875,570.2713623046875,1.1394940614700317,9.0,9.0,2.5513150691986084,-0.1084720715880394,3.2339024543762207,-0.11040045320987701,0.4392856441817799,570.3086405751843,1.132402169246533,-585.9909719139636,57.21874051042805,11.379456871031081,-575.4284867362989,60.85101596231104,-0.8128861503613919,3.327372468658692,174.3354871312941,155.03752592485398
300,/yh/study/new_data/model_dataset_flight/vi/vi_000300.jpg,3,18,-571.7047119140625,57.20708465576172,570.3086405751843,1.132402169246533,579.4039182232685,5.887280035123218,-595.5393676757812,53.45561981201172,0.5940670371055603,574.5394392964978,0.9960627134035611,-580.7847900390625,57.46982192993164,565.158447265625,0.3304111063480377,9.0,9.0,2.514326572418213,-0.10534524917602539,3.194979429244995,-0.107513427734375,0.4397496167976648,565.2388087963393,0.42752836698017616,-580.8749714208807,57.381775162215185,9.17192325499043,-572.637090880544,60.51659767049388,-0.932378966481443,3.3095130147321643,174.340316368522,157.5548080727458
301,/yh/study/new_data/model_dataset_flight/vi/vi_000301.jpg,3,18,-568.8550415039062,56.87386703491211,565.2388087963393,0.42752836698017616,574.6083438957937,5.506581185848666,-590.73046875,53.32540512084961,0.6048519611358643,569.3988782619765,0.29646913760624427,-580.7366943359375,57.35431671142578,565.098388671875,0.44016197323799133,9.0,9.0,2.4981279373168945,-0.10451775789260864,3.177882432937622,-0.10664886236190796,0.4397608759376247,565.1352284778509,0.4191974710553122,-580.7710918313611,57.379070150880565,11.926755032062207,-569.906756994227,60.16153770760875,-1.0517154903207178,3.287670672696644,174.34361775112947,164.44738302379847
302,/yh/study/new_data/model_dataset_flight/vi/vi_000302.jpg,3,18,-566.25830078125,56.570220947265625,565.1352284778509,0.4191974710553122,574.6059204720156,5.484420914768539,-590.7257080078125,53.34718322753906,0.6051668524742126,569.2521527637396,0.29089269152574065,-575.9300537109375,57.27849578857422,560.3108520507812,0.005615904461592436,9.0,9.0,2.5262749195098877,-0.10781195759773254,3.208174705505371,-0.10949867218732834,0.4380791019370677,560.3874470003873,0.04723722676885908,-576.0106431187098,57.24523654040549,9.775675276828363,-567.4290732710227,59.832047788958754,-1.1707724897727658,3.261826841693128,174.3457676065316,159.36583001166582
303,/yh/study/new_data/model_dataset_flight/vi/vi_000303.jpg,3,18,-563.42236328125,56.23860549926758,560.3874470003873,0.04723722676885908,569.8446424755036,4.8864037630406285,-585.9278564453125,53.43669891357422,0.6106603145599365,564.5131078966886,-0.08267054517614061,-575.9081420898438,57.21257781982422,560.2820434570312,0.0688372477889061,9.0,9.0,2.5494229793548584,-0.11032217741012573,3.232743740081787,-0.11168471723794937,0.4407406078771249,560.3182885379134,0.046732558697455906,-575.941821413292,57.23840130193244,12.559316206186518,-564.7117880722022,59.4705718188375,-1.2894247909521952,3.2319663195699198,174.34657639697886,153.15897902473807
304,/yh/study/new_data/model_dataset_flight/vi/vi_000304.jpg,3,18,-561.7368774414062,56.00497055053711,560.3182885379134,0.046732558697455906,569.8428184536165,4.920183849349509,-585.9296264648438,53.402915954589844,0.6099051237106323,564.468723031932,-0.08569958916307113,-572.1354370117188,57.678131103515625,906.547119140625,0.6865492463111877,9.0,9.0,2.8259851932525635,-0.1305772364139557,3.499403476715088,-0.13101725280284882,0.43705035805418746,903.6167314540854,0.5738796596495226,-575.061365474085,57.87518184886294,13.455098350936947,-563.144422791205,59.20304799097842,-1.407545349798734,3.1980774404413066,174.34803362851045,129.77482296992093
305,/yh/study/new_data/model_dataset_flight/vi/vi_000305.jpg,3,18,-559.8888549804688,55.748802185058594,903.6167314540854,0.5738796596495226,556.2395799181804,3.12788958980389,-572.2130126953125,53.741920471191406,0.5810641646385193,908.0231349956504,0.4242004160849169,-552.8328247070312,58.698448181152344,924.1354370117188,-5.843269348144531,9.0,9.0,2.9797470569610596,-0.14011523127555847,3.6300010681152344,-0.1405230313539505,0.42830923670087856,918.4647007799812,-4.928857832953902,-561.0507450317511,51.14999729372443,4.743310544316914,-561.4138603127021,58.90895439718081,-1.5250053322333303,3.160152212122211,-5.617017255467822,138.94992892164737
306,/yh/study/new_data/model_dataset_flight/vi/vi_000306.jpg,3,18,-560.1390380859375,55.755977630615234,918.4647007799812,-4.928857832953902,918.1547254465507,-4.931171816376312,-558.286865234375,49.23771667480469,0.5818999409675598,918.4647007799812,-5.093446641967269,-552.8365478515625,58.71411895751953,924.1480102539062,-5.8332343101501465,9.0,9.0,3.0476181507110596,-0.14274734258651733,3.6830437183380127,-0.14358091354370117,0.4287122712227622,918.4647007799812,-5.725300743969534,-561.1343808421606,50.357957924927526,5.489018486520021,-561.7807122889171,58.87416408355543,-1.6416742029796103,3.1181864529401917,-5.593432960119156,129.67141799163073
307,/yh/study/new_data/model_dataset_flight/vi/vi_000307.jpg,3,18,-560.3895874023438,55.76316452026367,918.4647007799812,-5.725300743969534,918.1547254465507,-4.946754639574843,-558.25830078125,49.26185989379883,0.5820591449737549,918.4647007799812,-5.897905930670355,-552.8234252929688,58.70174789428711,924.1423950195312,-5.850372791290283,9.0,9.0,3.094590902328491,-0.14518098533153534,3.719094753265381,-0.14614491164684296,0.4267028615854562,918.4647007799812,-5.857307782863815,-561.1482431234679,50.226680754503285,5.588220735772941,-562.147007225481,58.83534444767972,-1.7574198231373537,3.0721799274160415,-5.59542601465505,155.66798707004637
308,/yh/study/new_data/model_dataset_flight/vi/vi_000308.jpg,3,18,-560.6649780273438,55.77106475830078,918.4647007799812,-5.857307782863815,918.1547254465507,-4.945584289781079,-558.26416015625,49.25214385986328,0.5826719403266907,918.4647007799812,-6.035161322449882,-558.1697387695312,58.20917510986328,921.422607421875,-1.2212812900543213,9.0,9.0,3.0987040996551514,-0.14382827281951904,3.7213401794433594,-0.14522451162338257,0.4299908772993033,918.4647007799812,-1.923616921490738,-560.7351596261565,54.13862219285574,1.633950484650221,-562.5370865839095,58.79320123859627,-1.8721085565657514,3.022136480295486,-5.597424778802205,130.93433994799852
309,/yh/study/new_data/model_dataset_flight/vi/vi_000309.jpg,3,18,-561.0635375976562,55.83820343017578,918.4647007799812,-1.923616921490738,918.1547254465507,-3.175962177489266,-558.188720703125,53.57318115234375,0.5945350527763367,918.4647007799812,-2.1022878642740936,-558.1119384765625,58.20594024658203,921.4442749023438,-1.2749685049057007,9.0,9.0,3.1022210121154785,-0.14337264001369476,3.7238430976867676,-0.14493471384048462,0.4323599657655192,918.4647007799812,-1.3956727727211198,-560.6797193226237,54.66364733221981,1.2356773427940417,-563.0491429827601,58.80626759858453,-1.9856053851038806,2.9680641684087536,-5.597573175334094,135.23049105424434
310,/yh/study/new_data/model_dataset_flight/vi/vi_000310.jpg,3,18,-561.426025390625,55.899269104003906,918.4647007799812,-1.3956727727211198,918.1547254465507,-3.155663265179033,-558.1936645507812,53.61038589477539,0.59449702501297,918.4647007799812,-1.5741657062328538,-558.1254272460938,58.2290153503418,921.4594116210938,-1.2529460191726685,9.0,9.0,3.106480598449707,-0.1435975730419159,3.726884126663208,-0.14517655968666077,0.43371663876983946,918.4647007799812,-1.299811339916641,-560.669652752241,54.75897874603528,1.3683426722032248,-563.5237994232524,58.80924449383245,-2.09777403262745,2.909975389828547,-5.596840450782624,137.3082409845665
311,/yh/study/new_data/model_dataset_flight/vi/vi_000311.jpg,3,18,-561.7883911132812,55.96030807495117,918.4647007799812,-1.299811339916641,918.1547254465507,-3.1868099337711326,-558.1701049804688,53.58728790283203,0.5943377017974854,918.4647007799812,-1.4783437913078612,-558.102783203125,58.21582794189453,921.4571533203125,-1.2790486812591553,9.0,9.0,3.1101582050323486,-0.14359456300735474,3.7296030521392822,-0.1452329307794571,0.435065361007079,918.4647007799812,-1.308125445951314,-560.6705258305072,54.75071060879062,1.6470424465002216,-563.9968682111912,58.80819508474536,-2.20847709791002,2.847887009794187,-5.595889346940701,153.66542409174144
312,/yh/study/new_data/model_dataset_flight/vi/vi_000312.jpg,3,18,-561.8179931640625,55.98184585571289,918.4647007799812,-1.308125445951314,918.1547254465507,-3.1527279705221547,-558.2046508789062,53.593910217285156,0.5944297313690186,918.4647007799812,-1.4865956402910663,-558.1315307617188,58.25037384033203,921.4761962890625,-1.238337516784668,9.0,9.0,3.11029314994812,-0.1434009075164795,3.7294936180114746,-0.14510577917099,0.43621867580103263,918.4647007799812,-1.2745578888667946,-560.6670008448474,54.78409257045737,1.6611430556194031,-564.135569360289,58.76366633858066,-2.31757619622646,2.7818204828677757,-5.594799077994437,168.44980895984918
313,/yh/study/new_data/model_dataset_flight/vi/vi_000313.jpg,3,18,-561.8506469726562,56.005558013916016,918.4647007799812,-1.2745578888667946,918.1547254465507,-3.100239727755475,-558.2557373046875,53.608612060546875,0.5946007966995239,918.4647007799812,-1.4527883831275825,-558.1766357421875,58.27565383911133,921.4798583984375,-1.1867634057998657,9.0,9.0,3.109861135482788,-0.14342325925827026,3.729118824005127,-0.1451101303100586,0.4379513827356738,918.4647007799812,-1.2255759269204518,-560.6618571665923,54.832803710560235,1.6699023501513603,-564.2755790822628,58.71735998470343,-2.424932109606565,2.71180197078741,-5.593686744335503,161.90186701714993
314,/yh/study/new_data/model_dataset_flight/vi/vi_000314.jpg,3,18,-561.8803100585938,56.027099609375,918.4647007799812,-1.2255759269204518,918.1547254465507,-3.120216096595991,-558.228759765625,53.619049072265625,0.5955955982208252,918.4647007799812,-1.4036377996411702,-558.1506958007812,58.275386810302734,921.4906616210938,-1.2103534936904907,9.0,9.0,3.114254951477051,-0.14355021715164185,3.732417106628418,-0.14527741074562073,0.43867757058266366,918.4647007799812,-1.2385532938834893,-560.6632199417365,54.81989809561171,1.7142473121996904,-564.4107150042086,58.66496206486032,-2.5304049456148205,2.6378624554853203,-5.592357285366158,175.1823170343414
315,/yh/study/new_data/model_dataset_flight/vi/vi_000315.jpg,3,18,-561.5739135742188,56.06791305541992,918.4647007799812,-1.2385532938834893,918.1547254465507,-3.1447720982547276,-558.209228515625,53.602874755859375,0.595241129398346,918.4647007799812,-1.4166084610816705,-558.1273803710938,58.249488830566406,921.4771118164062,-1.242470145225525,9.0,9.0,3.116103172302246,-0.1434423327445984,3.7337589263916016,-0.14521712064743042,0.43988464643590475,918.4647007799812,-1.267876583109528,-560.6662992296859,54.790736935196556,1.5668256573309443,-564.2077678787215,58.62795090216057,-2.633854304502778,2.560037846740651,-5.591238975291701,178.44736797269434
316,/yh/study/new_data/model_dataset_flight/vi/vi_000316.jpg,3,18,-561.2676391601562,56.10872268676758,918.4647007799812,-1.267876583109528,918.1547254465507,-3.2282505830249937,-558.1446533203125,53.54401397705078,0.5947597026824951,918.4647007799812,-1.4457716820341648,-558.0623779296875,58.15739440917969,921.4214477539062,-1.3404709100723267,9.0,9.0,3.119417428970337,-0.14356383681297302,3.7362849712371826,-0.1453528106212616,0.44055640621294606,918.4647007799812,-1.3558340856539493,-560.6755357950508,54.70326575071781,1.5250887167832583,-564.0027786147053,58.58709177071036,-2.7351394545490484,2.4783690839427774,-5.590089582520434,161.05065902229398
317,/yh/study/new_data/model_dataset_flight/vi/vi_000317.jpg,3,18,-560.961181640625,56.14955139160156,918.4647007799812,-1.3558340856539493,918.1547254465507,-3.2082635593567055,-558.1642456054688,53.54931640625,0.5952063798904419,918.4647007799812,-1.5337225833641772,-558.07470703125,58.179107666015625,921.4358520507812,-1.3200771808624268,9.0,9.0,3.118156671524048,-0.14357537031173706,3.7353663444519043,-0.14534468948841095,0.44083041419253993,918.4647007799812,-1.351247625007227,-560.6750541630997,54.70782685276969,1.469843045792626,-563.7953011559972,58.54245362304797,-2.8341195153722167,2.392902231446407,-5.589107369301274,149.83847690746188
318,/yh/study/new_data/model_dataset_flight/vi/vi_000318.jpg,3,18,-560.7025756835938,56.1977653503418,918.4647007799812,-1.351247625007227,918.1547254465507,-3.3154657476772296,-558.0692138671875,53.49948501586914,0.594805121421814,918.5249225573398,-1.5291315778632908,-557.9817504882812,58.088783264160156,921.3936157226562,-1.4426243305206299,9.0,9.0,3.1223864555358887,-0.14349490404129028,3.7382161617279053,-0.14535169303417206,0.44124313370922325,918.5249225573398,-1.4552455678130762,-560.6600727973764,54.65887636979572,1.5394758165632048,-563.6332293325644,58.50145391735147,-2.9306536489706896,2.303688567009673,-5.576978559086282,169.14726607501507
319,/yh/study/new_data/model_dataset_flight/vi/vi_000319.jpg,3,18,-560.44384765625,56.246002197265625,918.5249225573398,-1.4552455678130762,918.1547254465507,-3.260337800254163,-558.095703125,53.572731018066406,0.5956618189811707,918.678625220222,-1.6330338403131144,-558.00732421875,58.150169372558594,921.4382934570312,-1.393369436264038,9.0,9.0,3.126556158065796,-0.14382147789001465,3.74151349067688,-0.1456363946199417,0.4416848014885998,918.678625220222,-1.4283360015747395,-560.5909329150294,54.824644834862326,1.428947453550431,-563.4684489144648,58.45678686008061,-3.0246012582148234,2.2107846628149868,-5.538283480026973,157.98798704054207
320,/yh/study/new_data/model_dataset_flight/vi/vi_000320.jpg,3,18,-560.1849975585938,56.29426574707031,918.678625220222,-1.4283360015747395,918.1547254465507,-3.112746320515313,-558.243408203125,53.60544204711914,0.5959625244140625,918.8324039711785,-1.6063173484203663,-558.15185546875,58.21404266357422,921.4346313476562,-1.235395908355713,9.0,9.0,3.1277284622192383,-0.14425379037857056,3.7423243522644043,-0.1459900140762329,0.4421087534648166,918.8324039711785,-1.2895126171369813,-560.5099264716702,55.101769503708944,1.2359717185210957,-563.30081975108,58.408518205655476,-3.1158221924862155,2.114252458585164,-5.486808300253225,148.843141971156
321,/yh/study/new_data/model_dataset_flight/vi/vi_000321.jpg,3,18,-559.9381713867188,56.76070022583008,918.8324039711785,-1.2895126171369813,918.1547254465507,-3.0534356150582864,-558.288818359375,53.64826202392578,0.5974954962730408,919.359527827764,-1.4679071731825135,-558.2003173828125,58.20598220825195,921.40673828125,-1.1949646472930908,9.0,9.0,3.1346218585968018,-0.14496968686580658,3.747582197189331,-0.14663465321063995,0.4415197563706088,919.359527827764,-1.234786425147202,-560.2742746596215,55.63268079460833,1.1770272924914515,-563.1423483468501,58.774859552149856,-3.2041769601313486,2.0141593263197755,-5.21602280569861,160.0770449731499
322,/yh/study/new_data/model_dataset_flight/vi/vi_000322.jpg,3,18,-559.69091796875,57.22782516479492,919.359527827764,-1.234786425147202,918.1547254465507,-3.2007989785029505,-558.2615356445312,53.3598518371582,0.5793176293373108,919.8874582986157,-1.4139559905864263,-558.2026977539062,58.158302307128906,921.362548828125,-1.2130903005599976,9.0,9.0,3.013209581375122,-0.13916322588920593,3.6542768478393555,-0.14045622944831848,0.4581826431810896,919.8874582986157,-1.242396209782754,-560.0414888540964,56.10204630000456,1.179100503799933,-562.980444916117,59.13840329098777,-3.289526947366997,1.910578126192847,-4.7995345161819944,178.7199160316959
323,/yh/study/new_data/model_dataset_flight/vi/vi_000323.jpg,3,18,-559.4190673828125,57.74142074584961,919.8874582986157,-1.242396209782754,918.1547254465507,-3.117268471889489,-558.2840576171875,53.50831604003906,0.5839016437530518,920.4679084151184,-1.416470710581933,-552.966552734375,58.654056549072266,924.0383911132812,-5.741122245788574,9.0,9.0,3.046834707260132,-0.13982407748699188,3.6801421642303467,-0.14149609208106995,0.46168050044892944,920.4679084151184,-5.110164090146642,-560.092552714448,52.771002133095365,5.015839279516633,-562.7908020260613,59.545007999018054,-3.371734643248852,1.8035872531684483,-4.170845567514457,159.3558059539646
324,/yh/study/new_data/model_dataset_flight/vi/vi_000324.jpg,3,18,-558.9118041992188,58.914100646972656,920.4679084151184,-5.110164090146642,918.1547254465507,-5.011634267542631,-558.4205322265625,48.76412582397461,0.5802159309387207,921.7449826211007,-5.282506569375616,-552.91748046875,63.59191131591797,928.5281982421875,-3.68528151512146,9.0,9.0,3.112973213195801,-0.14485204219818115,3.732100486755371,-0.14624914526939392,0.4525251121142034,921.7449826211007,-3.918313509993882,-559.3189667862976,55.106244131893106,3.82956297921192,-562.3624680695056,60.60737132088237,-3.4506638702867996,1.6932706739097123,-2.1958699515813316,183.33090108353645
325,/yh/study/new_data/model_dataset_flight/vi/vi_000325.jpg,3,18,-558.4044799804688,60.08686065673828,921.7449826211007,-3.918313509993882,919.5369347123459,-8.030914390325098,-552.808837890625,53.60616683959961,0.5736328363418579,923.0221552887245,-4.094437903933854,-552.7909545898438,63.662391662597656,928.645751953125,-3.7698140144348145,9.0,9.0,3.158100128173828,-0.1481650024652481,3.7662851810455322,-0.14939136803150177,0.443948048703107,923.0221552887245,-3.817176001621104,-558.5850742448785,56.359095404278044,3.732137198146341,-561.9306600007343,61.66657861031375,-3.5261800202655915,1.579717953575465,0.5968840432448674,178.42072097118944
326,/yh/study/new_data/model_dataset_flight/vi/vi_000326.jpg,3,18,-557.8973999023438,61.259117126464844,923.0221552887245,-3.817176001621104,919.4051412075502,-8.113354687225074,-552.790283203125,53.45182418823242,0.5801265835762024,924.2987683929238,-3.9979016059168346,-552.8026123046875,63.40070343017578,928.4039916992188,-3.8705689907073975,9.0,9.0,3.1886682510375977,-0.1504203826189041,3.788829803466797,-0.1515280157327652,0.4364068261683253,924.2987683929238,-3.88914656889874,-557.79651001415,57.450874320156615,3.8095789847879664,-561.4955501971474,62.72214139858614,-3.5981502948036144,1.4630242721212967,4.211810549070878,156.02808794938028
327,/yh/study/new_data/model_dataset_flight/vi/vi_000327.jpg,3,18,-557.3032836914062,62.58571243286133,924.2987683929238,-3.88914656889874,919.3971593145423,-8.15878356201395,-552.7525634765625,53.42527770996094,0.5797121524810791,925.752083242462,-4.0739138449474,-552.7619018554688,63.400901794433594,928.4214477539062,-3.9073290824890137,9.0,9.0,3.2073326110839844,-0.1518833190202713,3.802449941635132,-0.15289880335330963,0.4298323688857914,925.752083242462,-3.9316334717844557,-556.8270146838032,58.762375213543784,3.852887184985046,-560.9697276415658,63.92900286260412,-3.6664439501595023,1.3432904297427941,9.319551409800946,153.11237901914865
328,/yh/study/new_data/model_dataset_flight/vi/vi_000328.jpg,3,18,-556.6494140625,64.0456771850586,925.752083242462,-3.9316334717844557,924.1391972479144,-5.876497651273074,-552.8011474609375,58.68772888183594,0.5599117279052734,927.3515174539137,-4.1195417934034895,-553.2257690429688,69.81658935546875,934.0305786132812,-0.7586830258369446,9.0,9.0,3.2202351093292236,-0.15278027951717377,3.8117287158966064,-0.15376539528369904,0.42416803431016165,927.3515174539137,-1.2490257117374117,-556.4167923261839,62.89163208627917,1.1772565405312205,-560.3803466082734,65.26630002618222,-3.730932545773426,1.2206228411236268,16.06743999793296,169.3012670148164
329,/yh/study/new_data/model_dataset_flight/vi/vi_000329.jpg,3,18,-555.9979248046875,65.5003890991211,927.3515174539137,-1.2490257117374117,929.6352304715734,-3.0883891722625596,-552.98681640625,64.84771728515625,0.5806256532669067,928.9451852028653,-1.4392137620074923,-553.697509765625,71.00505065917969,934.9055786132812,0.1737554967403412,9.0,9.0,3.221491813659668,-0.15217220783233643,3.8121912479400635,-0.15334461629390717,0.4218357648324403,928.9451852028653,-0.06157354661067149,-556.0510977183216,65.48024188810469,0.056861840069369646,-559.7894150006955,66.59552261729732,-3.7914901960079757,1.095133518176229,23.699452189158748,160.32306803390384
330,/yh/study/new_data/model_dataset_flight/vi/vi_000330.jpg,3,18,-555.2718505859375,67.09474182128906,928.9451852028653,-0.06157354661067149,930.7135172704702,-1.799263091549238,-553.6948852539062,66.37191772460938,0.5903889536857605,930.6969565215531,-0.2523010934217753,-554.3736572265625,72.06710815429688,935.5791625976562,1.2374250888824463,9.0,9.0,3.2184388637542725,-0.15185745060443878,3.8100481033325195,-0.15306545794010162,0.4193119832536941,930.6969565215531,1.0200769680578965,-555.873096339356,67.98591076510392,1.075024903164537,-559.1198444104717,68.06168186227748,-3.8479938245342167,0.9669400409884217,32.576540063809254,174.8604440363124
331,/yh/study/new_data/model_dataset_flight/vi/vi_000331.jpg,3,18,-554.5454711914062,68.68971252441406,930.6969565215531,1.0200769680578965,935.4208827449589,1.0981644259121983,-554.31494140625,71.86463165283203,0.5827105045318604,932.4494169372181,0.8292525487978715,-554.3150024414062,71.86463165283203,935.4208374023438,1.098219633102417,9.0,9.0,3.110490560531616,-0.14337857067584991,3.729412078857422,-0.1450907438993454,0.43277449955120084,932.4494169372181,1.0589778643588286,-555.2767345239871,69.51004203883807,1.0989479395368893,-558.4457946121947,69.52587804113263,-3.9003234207884723,0.8361655167185652,41.21458174942408,179.58758096210659
332,/yh/study/new_data/model_dataset_flight/vi/vi_000332.jpg,3,18,-553.8839111328125,70.14241027832031,932.4494169372181,1.0589778643588286,935.5481678629309,1.1970318043951726,-554.3502807617188,72.02188110351562,0.5864218473434448,934.0455452858981,0.8756448250750761,-556.5552368164062,73.75752258300781,936.18115234375,3.9308269023895264,9.0,9.0,3.041666030883789,-0.1389981508255005,3.676276206970215,-0.14071111381053925,0.440786684973596,934.0455452858981,3.485081844560144,-556.4901610978837,72.4912197001318,3.508481805628217,-557.8322734307214,70.84534880452959,-3.94836229790894,0.7029385262092751,48.28603949134787,174.25880301743746
333,/yh/study/new_data/model_dataset_flight/vi/vi_000333.jpg,3,18,-552.7705078125,72.56969451904297,934.0455452858981,3.485081844560144,940.269890784908,6.347416059295448,-557.0032348632812,78.48585510253906,0.5760760307312012,936.7158942183614,3.3086646130003907,-557.0033569335938,78.4858627319336,940.2698364257812,6.347529888153076,9.0,9.0,2.988652467727661,-0.135549396276474,3.633720874786377,-0.1372825652360916,0.4479428022330653,936.7158942183614,5.904165419676188,-557.7281555372169,75.77555414189851,5.903880663076319,-556.7625051640448,73.13708757716235,-3.991997351544846,0.5673930581193782,57.54446326819553,167.37740102689713
334,/yh/study/new_data/model_dataset_flight/vi/vi_000334.jpg,3,18,-551.6575927734375,74.99594116210938,936.7158942183614,5.904165419676188,940.3233817758673,6.323391655751196,-556.958740234375,78.5240478515625,0.5795072913169861,939.385096404499,5.733629557230357,-558.1432495117188,79.02201080322266,940.270263671875,7.6072163581848145,9.0,9.0,2.9508907794952393,-0.1332332044839859,3.602597236633301,-0.13495728373527527,0.4543136078205418,939.385096404499,7.333863727865015,-558.1567207915584,78.33967796383516,7.308846748642348,-555.6887120923535,75.42560959251549,-4.031119318916037,0.42966843040610964,63.21973123575808,176.70255794655532
335,/yh/study/new_data/model_dataset_flight/vi/vi_000335.jpg,3,18,-551.047119140625,76.36161041259766,939.385096404499,7.333863727865015,944.0916413585728,9.66103970400317,-558.3766479492188,83.35408020019531,0.5840804576873779,940.8807319594213,7.167834647116457,-558.1490478515625,78.9905014038086,940.2392578125,7.599061489105225,9.0,9.0,2.879537343978882,-0.12900862097740173,3.542220115661621,-0.13071538507938385,0.45847079178669947,940.2447529503473,7.536146340758705,-558.0336097992798,79.08558971267662,7.498740891024952,-555.1127421781138,76.65151961161702,-4.065623037488735,0.2899091990193607,64.82790394930532,164.11009896546602
336,/yh/study/new_data/model_dataset_flight/vi/vi_000336.jpg,3,18,-550.3771362304688,77.8604965209961,940.2447529503473,7.536146340758705,944.1463019193355,9.581252933301727,-558.2811889648438,83.36961364746094,0.5839917659759521,942.5222449368104,7.375446600706482,-553.4481201171875,83.13932800292969,945.9935913085938,5.109207630157471,9.0,9.0,2.9150352478027344,-0.13176512718200684,3.573115348815918,-0.13324783742427826,0.4634424224505283,942.5222449368104,5.4398474399689105,-555.2238437202166,80.13829184394892,5.355270770413325,-554.4725439330902,78.00876157469935,-4.095407702621362,0.14826505370326,65.27691347620666,195.88863500393927
337,/yh/study/new_data/model_dataset_flight/vi/vi_000337.jpg,3,18,-549.70703125,79.35966491699219,942.5222449368104,5.4398474399689105,944.1252721515482,9.664099010347035,-558.3651123046875,83.38581848144531,0.58351731300354,944.1640653153881,5.279355317795601,-553.5738525390625,83.15975952148438,945.9585571289062,5.231689929962158,9.0,9.0,2.9351770877838135,-0.1332709640264511,3.5902891159057617,-0.13465674221515656,0.4667877210399536,944.1640653153881,5.238644216325004,-554.3434206468403,81.53861755769722,5.12288407535916,-553.8274083735249,79.36455561782576,-4.120377123524904,0.004890700833566551,65.28199775163094,197.31175096239895
338,/yh/study/new_data/model_dataset_flight/vi/vi_000338.jpg,3,18,-549.3936157226562,79.93855285644531,944.1640653153881,5.238644216325004,945.9919424117218,5.164148144113726,-553.49853515625,83.16122436523438,0.5706034898757935,944.8212864130853,5.077214215066154,-553.49853515625,83.16122436523438,945.991943359375,5.164148330688477,9.0,9.0,2.907801389694214,-0.1312732994556427,3.566979169845581,-0.13275179266929626,0.4734687132652839,944.8212864130853,5.151464814153357,-553.9849797227058,82.09634502100423,5.073134179812612,-553.534055699531,79.79849858969729,-4.140439976874718,-0.14005426674802177,65.28647339316716,156.95910796057433
339,/yh/study/new_data/model_dataset_flight/vi/vi_000339.jpg,3,18,-549.0498657226562,80.57357788085938,944.8212864130853,5.151464814153357,946.1987722057545,6.978756790267101,-553.0372314453125,88.40907287597656,0.5609908699989319,945.542215914092,4.99156721850936,-553.4339599609375,83.138427734375,945.998779296875,5.096009254455566,9.0,9.0,2.8751378059387207,-0.12940025329589844,3.5391688346862793,-0.13084717094898224,0.47840827405652536,945.542215914092,5.0807713667701355,-553.6143616173719,82.71874290734662,5.043446813810933,-553.2053757800603,80.2871723679541,-4.155510057404006,-0.28640551290527816,65.29172089944042,150.02220997121185
340,/yh/study/new_data/model_dataset_flight/vi/vi_000340.jpg,3,18,-548.73681640625,81.15190887451172,945.542215914092,5.0807713667701355,946.1987722057545,6.905248573332214,-552.9656982421875,88.38845825195312,0.5608237981796265,946.1987836028532,4.923191318924295,-553.3682861328125,83.12358093261719,946.0132446289062,5.030257225036621,9.0,9.0,2.8559341430664062,-0.12833993136882782,3.522597551345825,-0.12974749505519867,0.48241604763458906,946.0148340339396,5.014636519853137,-553.3534852470236,83.11834924435705,5.0180194213980025,-552.9023229310556,80.71791476015767,-4.165506524805588,-0.4339941143540452,65.29686061675369,172.2144209779799
341,/yh/study/new_data/model_dataset_flight/vi/vi_000341.jpg,3,18,-548.593017578125,81.02957916259766,946.0148340339396,5.014636519853137,946.1987722057545,6.977388347657233,-553.0462036132812,88.38676452636719,0.5620756149291992,946.3594055221294,4.859005692903064,-553.430419921875,83.1377182006836,945.9996337890625,5.092503547668457,9.0,9.0,2.841367244720459,-0.12735727429389954,3.5095906257629395,-0.12879474461078644,0.4857443774727951,946.0027157453288,5.058436669773269,-553.3982802734704,83.12601159761971,5.2426690269261265,-552.7633717243904,80.44693243287925,-4.1703541462653595,-0.5826467297184017,65.29425298478272,169.44551991764456
342,/yh/study/new_data/model_dataset_flight/vi/vi_000342.jpg,3,18,-548.4620361328125,80.91809844970703,946.0027157453288,5.058436669773269,946.1987722057545,6.944803698050209,-553.0209350585938,88.36392211914062,0.5624486207962036,946.5057188148329,4.904514722890068,-553.3995971679688,83.10746765136719,945.9853515625,5.051741123199463,9.0,9.0,2.826361894607544,-0.12649500370025635,3.496307373046875,-0.12792594730854034,0.4887692975014645,945.9898092476561,5.030261080878185,-553.3782699915845,83.10234664229317,5.3796185293152465,-552.6320196667633,80.18591266831328,-4.169983533950821,-0.7321857813937511,65.27911337021592,192.38029594998807
343,/yh/study/new_data/model_dataset_flight/vi/vi_000343.jpg,3,18,-548.318115234375,80.79568481445312,945.9898092476561,5.030261080878185,946.1987722057545,7.20668900969749,-553.2537841796875,88.48417663574219,0.564712405204773,946.6664740772472,4.877835493700909,-553.579345703125,83.21061706542969,946.0022583007812,5.258293151855469,9.0,9.0,2.8178110122680664,-0.1260705441236496,3.488723039627075,-0.1274750679731369,0.4908695273103905,946.0079482530101,5.202785127605469,-553.5266951005943,83.19214395422271,5.7334388137810155,-552.4824466111538,79.91325516437247,-4.164331376778834,-0.8824296500806587,65.24784288433978,172.5445460760966
344,/yh/study/new_data/model_dataset_flight/vi/vi_000344.jpg,3,18,-547.6167602539062,80.42304992675781,946.0079482530101,5.202785127605469,946.1987722057545,7.350297734048344,-553.3883666992188,88.53544616699219,0.5618010759353638,947.4160553832598,5.051385217155487,-553.7067260742188,83.20671081542969,945.944580078125,5.371915340423584,9.0,9.0,2.8112306594848633,-0.12599299848079681,3.4832441806793213,-0.12729427218437195,0.49428547566904313,945.9571853556399,5.325150625681022,-553.6590315027302,83.19824834104523,6.649117842468084,-551.7701009196961,79.38985704494137,-4.153340665789856,-1.0331928818164495,64.90103045578704,131.35025498922914
345,/yh/study/new_data/model_dataset_flight/vi/vi_000345.jpg,3,18,-546.9212646484375,80.05350494384766,945.9571853556399,5.325150625681022,946.1987722057545,7.347881854536495,-553.3734741210938,88.56145477294922,0.5608934164047241,948.1593779206569,5.174376742815117,-553.645751953125,83.1958236694336,945.9606323242188,5.312100887298584,9.0,9.0,2.8051300048828125,-0.12530681490898132,3.4776768684387207,-0.12668080627918243,0.497572397485406,945.9794677055066,5.292007205418502,-553.6195580373171,83.20431752143236,7.402347885811256,-551.0582255608987,78.86921853655157,-4.136960912461226,-1.1842864072960901,64.26196896035576,146.96722198277712
346,/yh/study/new_data/model_dataset_flight/vi/vi_000346.jpg,3,18,-546.2858276367188,79.71588897705078,945.9794677055066,5.292007205418502,946.1987722057545,7.162554009764548,-553.2275390625,88.4362564086914,0.5570173263549805,948.8385091980927,5.1421899472989185,-553.6836547851562,83.13404846191406,945.8886108398438,5.320128917694092,9.0,9.0,2.7887587547302246,-0.12441486120223999,3.462827205657959,-0.1257740706205368,0.5001877729681391,945.9138809122104,5.29416797178588,-553.6494101027696,83.14587823195689,8.123248920419881,-550.4009759960169,78.38037120381128,-4.115148359298079,-1.3355177732395032,63.4268312118195,147.6709870621562
347,/yh/study/new_data/model_dataset_flight/vi/vi_000347.jpg,3,18,-544.3756103515625,79.34844207763672,945.9138809122104,5.29416797178588,946.1987722057545,6.96969437619542,-553.076171875,88.3049087524414,0.5556864142417908,950.4477606691379,5.145540362771369,-548.0636596679688,83.15504455566406,946.1987915039062,0.2427670955657959,9.0,9.0,2.780930519104004,-0.12450233846902847,3.4560134410858154,-0.1257183998823166,0.4992063601617729,946.2351899642088,0.958072075174699,-549.5679138380448,81.55391898990372,5.641289206048452,-548.4634765336127,77.86175069211139,-4.087866182050213,-1.4866913855253379,60.48997743678056,167.73693007417023
348,/yh/study/new_data/model_dataset_flight/vi/vi_000348.jpg,3,18,-542.4663696289062,78.9811782836914,946.2351899642088,0.958072075174699,946.2205792788342,7.14711170379266,-547.6360473632812,88.21377563476562,0.5587048530578613,950.75498109046,0.8097793399556972,-542.1613159179688,82.81248474121094,952.4481201171875,2.634446382522583,9.0,9.0,2.940913200378418,-0.13509321212768555,3.595271110534668,-0.13615655899047852,0.49331318756852127,952.4336159748286,2.3682310487630716,-544.5012923717758,81.58595375768998,3.3054146244294556,-546.521454311819,77.3435695199131,-4.055084682912674,-1.637608763778305,59.776861781699516,149.6656759409234
349,/yh/study/new_data/model_dataset_flight/vi/vi_000349.jpg,3,18,-540.370361328125,78.89698028564453,952.4336159748286,2.3682310487630716,953.001015812509,7.271259677261931,-540.9146118164062,87.3126449584961,0.5525515079498291,954.8098024637809,2.2114944364431253,-540.80419921875,82.08829498291016,953.8990478515625,2.1234867572784424,9.0,9.0,2.906731128692627,-0.13187022507190704,3.5666208267211914,-0.13320863246917725,0.4953735568203379,953.906849759345,2.1363269046234983,-542.7308968620534,81.3878586632065,3.4317055670241556,-544.3871428022062,77.1089114785833,-4.016781474081157,-1.7880688070612318,45.685284268033264,154.97110201977193
350,/yh/study/new_data/model_dataset_flight/vi/vi_000350.jpg,3,18,-538.4627075195312,78.82035827636719,953.906849759345,2.1363269046234983,953.9534041395153,2.0897817069142017,-540.7555541992188,82.04676818847656,0.5722207427024841,956.7071522931893,1.9788814440655607,-533.573486328125,79.65480041503906,961.414306640625,0.8097432851791382,9.0,9.0,3.02533221244812,-0.1404167115688324,3.6644325256347656,-0.14146895706653595,0.4842808493605612,956.7071522931893,0.980318243743131,-538.9245963834434,80.35863115764951,1.6061210352568873,-542.4356491705779,76.88249020607657,-3.972941651046701,-1.9378680702906192,36.45465826282054,157.45184605475515
351,/yh/study/new_data/model_dataset_flight/vi/vi_000351.jpg,3,18,-536.3695068359375,78.73627471923828,956.7071522931893,0.980318243743131,961.4599083775075,0.7844710018821583,-533.5322265625,79.62293243408203,0.598151683807373,958.7890481385002,0.8152880325328802,-533.198486328125,78.681396484375,961.9320068359375,-0.0958736464381218,9.0,9.0,2.9528181552886963,-0.1339748352766037,3.604682683944702,-0.13556170463562012,0.4898559379097312,958.7890481385002,0.03706305095238349,-536.3065341163415,79.28437250920976,0.5517034989783353,-540.2930647909684,76.64947366827924,-3.9235579550308697,-2.086801050959037,25.411052089970248,162.8932299790904
352,/yh/study/new_data/model_dataset_flight/vi/vi_000352.jpg,3,18,-533.578125,78.49898529052734,958.7890481385002,0.03706305095238349,961.8463702313113,-0.013096871360036694,-533.2706298828125,78.77615356445312,0.5962076187133789,961.5842537751458,-0.12560550502257684,-529.3798828125,74.41580200195312,966.3509521484375,-3.7359426021575928,9.0,9.0,3.0217578411102295,-0.13900214433670044,3.66097354888916,-0.14037089049816132,0.48407679745910703,961.5842537751458,-3.2092015185097726,-532.9171450454177,75.67810566409548,2.8972843090000704,-537.44675592398,76.26432480481003,-3.868630923980091,-2.2346604857173067,11.459463240535753,184.67268894892186
353,/yh/study/new_data/model_dataset_flight/vi/vi_000353.jpg,3,18,-531.0382080078125,78.28306579589844,961.5842537751458,-3.2092015185097726,966.3485325005795,-3.705335918107108,-529.3776245117188,74.44641876220703,0.593921422958374,964.1276510866822,-3.375180129025367,-529.1725463867188,73.30750274658203,966.7232666015625,-4.800225734710693,9.0,9.0,2.951108694076538,-0.13358832895755768,3.6031911373138428,-0.1352396309375763,0.48856481871318724,964.1276510866822,-4.592314382836677,-530.9239191351467,73.85318374802468,4.431356102198226,-534.8463770393696,75.90182813956221,-3.808169031557152,-2.3812376563362183,1.6065775977405614,168.4573459206149
354,/yh/study/new_data/model_dataset_flight/vi/vi_000354.jpg,3,18,-528.2506103515625,78.04609680175781,964.1276510866822,-4.592314382836677,971.3090709133429,-4.322773217169298,-524.5671997070312,73.0870132446289,0.5797251462936401,966.9190675486719,-4.75511065666423,-529.147705078125,73.30888366699219,966.74755859375,-4.795109272003174,9.0,9.0,2.8498637676239014,-0.12703993916511536,3.5164475440979004,-0.12882520258426666,0.48816439887309526,966.7490278117284,-4.789273552672487,-528.879621938622,73.28141189018136,4.806025164651077,-531.9927991651523,75.51977409722086,-3.7421888135898285,-2.5263227045369496,-5.295535995346989,160.7707339571789
355,/yh/study/new_data/model_dataset_flight/vi/vi_000355.jpg,3,18,-525.3048095703125,77.60379791259766,966.7490278117284,-4.789273552672487,971.3279468359997,-4.307703315083229,-524.5462646484375,73.09906005859375,0.5796117186546326,969.8978782009764,-4.945702962653261,-524.5462646484375,73.09906005859375,971.3279418945312,-4.307703495025635,9.0,9.0,2.8355233669281006,-0.12643380463123322,3.503751277923584,-0.12812799215316772,0.4915453958731044,969.8978782009764,-4.400786362886254,-525.9720398262398,73.2226890239727,4.4316262600103515,-528.9755245517707,74.93409295744739,-3.670714981458272,-2.669704955150264,-8.17087049965781,167.4736439017579
356,/yh/study/new_data/model_dataset_flight/vi/vi_000356.jpg,3,18,-522.0663452148438,77.1175537109375,969.8978782009764,-4.400786362886254,976.81225309876,-4.701218042771264,-519.1842651367188,71.88191986083984,0.5736488103866577,973.1726324186659,-4.5540394860504305,-519.1842651367188,71.88191986083984,976.812255859375,-4.701218128204346,9.0,9.0,2.8178563117980957,-0.12557943165302277,3.4883344173431396,-0.1271849274635315,0.49346910798066795,973.1726324186659,-4.679745053704048,-522.7789098578103,72.4527342907184,4.7189287548827545,-525.6601257367727,74.30638046390334,-3.593780521928887,-2.811173247034157,-8.195465592828993,149.41137307323515
357,/yh/study/new_data/model_dataset_flight/vi/vi_000357.jpg,3,18,-518.834716796875,76.63233947753906,973.1726324186659,-4.679745053704048,976.9007487843917,-4.892926518781813,-519.125732421875,71.67904663085938,0.5730741024017334,976.4404735561486,-4.830970829184318,-519.125732421875,71.67904663085938,976.9007568359375,-4.8929266929626465,9.0,9.0,2.8146145343780518,-0.12539823353290558,3.485480308532715,-0.1269809454679489,0.49541517828559267,976.4404735561486,-4.883887454258086,-519.579365018755,71.7574842332553,4.931400878763552,-522.3461435798424,73.6818232063857,-3.511426782967371,-2.9505162711533646,-8.194074848920103,151.35782002471387
358,/yh/study/new_data/model_dataset_flight/vi/vi_000358.jpg,3,18,-515.6478271484375,76.06416320800781,976.4404735561486,-4.883887454258086,982.1406866135209,-9.415038846465777,-514.6287231445312,66.41754913330078,0.5902079343795776,979.6766162987077,-5.034063591943862,-514.6441650390625,71.0831298828125,981.4208984375,-4.8052873611450195,9.0,9.0,2.7951536178588867,-0.12423687428236008,3.4679760932922363,-0.12581561505794525,0.4979866377863967,979.6766162987077,-4.838665363387379,-516.3735007302821,71.31352584374663,4.805742139784614,-519.0715306935285,72.97664029281016,-3.4237035450909854,-3.087522915197658,-8.19248971142413,194.53251303639263
359,/yh/study/new_data/model_dataset_flight/vi/vi_000359.jpg,3,18,-512.4663696289062,75.4969482421875,979.6766162987077,-4.838665363387379,986.5343443028055,-8.792270683968374,-510.19140625,66.3697280883789,0.5767225027084351,982.9072440414009,-4.987399634913715,-510.10546875,71.11444091796875,985.90283203125,-4.088986396789551,9.0,9.0,2.7878668308258057,-0.12371211498975754,3.461353302001953,-0.12530378997325897,0.5005459310127416,982.9072440414009,-4.2200631217271205,-513.086507023706,71.4372057458121,4.1068332721581715,-515.7970387067569,72.27496562809795,-3.3306690778506076,-3.2219826140895576,-8.19055938257081,167.3978209728375
360,/yh/study/new_data/model_dataset_flight/vi/vi_000360.jpg,3,18,-508.9694519042969,74.87348937988281,982.9072440414009,-4.2200631217271205,986.5281700513226,-8.717493587140657,-510.18621826171875,66.444580078125,0.57814621925354,986.4582076868999,-4.3676864073783275,-504.8445739746094,66.0357437133789,991.8703002929688,-8.315046310424805,9.0,9.0,2.9284443855285645,-0.13377223908901215,3.5848140716552734,-0.13499024510383606,0.4947026508169428,986.4582076868999,-7.7391342620654875,-510.1076448213933,67.422285512227,7.537633726435461,-512.2018420853586,71.51980367417293,-3.232390181061728,-3.353685705709872,-8.18840888683846,123.7716389587149
361,/yh/study/new_data/model_dataset_flight/vi/vi_000361.jpg,3,18,-505.7897033691406,74.33113861083984,986.4582076868999,-7.7391342620654875,991.8183718525429,-8.20771963132003,-504.87969970703125,66.1496810913086,0.5700874328613281,989.6833915137521,-7.89448336766203,-504.87969970703125,66.1496810913086,991.818359375,-8.207719802856445,9.0,9.0,2.8810677528381348,-0.12984567880630493,3.544118881225586,-0.13133615255355835,0.49867168441580784,989.6833915137521,-8.162019222862622,-506.98329858859313,66.51724240571507,7.904533095152633,-508.9186455795771,70.84871481969323,-3.1289422104364757,-3.482423791146614,-8.189056207344876,160.8333101030439
362,/yh/study/new_data/model_dataset_flight/vi/vi_000362.jpg,3,18,-502.6083068847656,73.78850555419922,989.6833915137521,-8.162019222862622,996.778663227722,-10.0,-500.60955810546875,61.25493621826172,0.5903037190437317,992.9102470195149,-8.317163988835713,-500.5819396972656,65.95574188232422,996.0961303710938,-7.750467300415039,9.0,9.0,2.8360331058502197,-0.126659095287323,3.504490375518799,-0.12826967239379883,0.5006190353812019,992.9102470195149,-7.833147232988431,-503.74378352582545,66.35508384473964,7.519645305003254,-505.62871597206697,70.18051545544739,-3.020409087301321,-3.6079900987518316,-8.188087814586616,188.58491198625416
363,/yh/study/new_data/model_dataset_flight/vi/vi_000363.jpg,3,18,-499.1144104003906,73.19256591796875,992.9102470195149,-7.833147232988431,996.7850882418427,-10.0,-500.6021728515625,61.26073455810547,0.5897166728973389,996.4540686271976,-7.985623543718411,-495.90155029296875,66.12411499023438,1000.6974487304688,-6.877279758453369,9.0,9.0,2.9456446170806885,-0.13423258066177368,3.5988430976867676,-0.13561923801898956,0.49595609725134593,996.4540686271976,-7.038984937442921,-500.1206773680557,66.60501805263173,6.663959790418914,-502.0212936925092,69.46238606669557,-2.906883292118577,-3.730179851273171,-8.186776791791944,158.0909009790048
364,/yh/study/new_data/model_dataset_flight/vi/vi_000364.jpg,3,18,-495.6409606933594,72.65957641601562,996.4540686271976,-7.038984937442921,1001.1690292409937,-10.0,-496.0903625488281,61.76493453979492,0.5839470624923706,999.9681723537094,-7.196552378906391,-495.95404052734375,65.99519348144531,1000.6650390625,-7.012649059295654,9.0,9.0,2.882483959197998,-0.12934468686580658,3.5449938774108887,-0.13100996613502502,0.5010337025690157,999.9681723537094,-7.039480192027017,-496.6469427010024,66.0738940474562,6.662072654906718,-498.42942653492577,68.8107857807078,-2.7884658415663734,-3.8487906353078203,-8.187556660656941,163.73439400922507
365,/yh/study/new_data/model_dataset_flight/vi/vi_000365.jpg,3,18,-492.4820556640625,72.17485809326172,999.9681723537094,-7.039480192027017,1006.5070616620092,-10.0,-490.642333984375,62.07967758178711,0.5765511989593506,1003.1640490980404,-7.194989008269235,-490.653564453125,66.39704895019531,1005.8440551757812,-5.8150224685668945,9.0,9.0,2.839515209197998,-0.12666112184524536,3.5074315071105957,-0.12834592163562775,0.5031649350334713,1003.1640490980404,-6.016356873350692,-493.33321829105336,66.60270405594994,5.636787953534877,-495.14732191302915,68.21123532094954,-2.6652662489666197,-3.9636227723121844,-8.186286405553878,185.2333639981225
366,/yh/study/new_data/model_dataset_flight/vi/vi_000366.jpg,3,18,-489.3206481933594,71.68975067138672,1003.1640490980404,-6.016356873350692,1011.1633273912795,-9.669917951295794,-485.97735595703125,61.78313446044922,0.5782361030578613,1006.3624583441672,-6.168854403334213,-486.0609130859375,66.18057250976562,1010.4166870117188,-5.335520267486572,9.0,9.0,2.8137431144714355,-0.12499567121267319,3.48441481590271,-0.12670212984085083,0.5048525253669933,1006.3624583441672,-5.457102079363761,-490.08703519454133,66.67258205124124,5.075365011361567,-491.8580506612469,67.61527098099975,-2.5374024678875724,-4.074479690386963,-8.184714821714541,163.33526908420026
367,/yh/study/new_data/model_dataset_flight/vi/vi_000367.jpg,3,18,-484.2118225097656,70.93910217285156,1006.3624583441672,-5.457102079363761,1011.1070662134637,-9.604350791208416,-486.0230712890625,61.8564453125,0.5787655115127563,1010.947075005239,-5.607018668623862,-481.6514892578125,60.94770050048828,1015.5657348632812,-9.842560768127441,9.0,9.0,2.933317184448242,-0.13362257182598114,3.5885186195373535,-0.13497014343738556,0.5001338251458666,1011.5260529030979,-9.224603503943186,-485.55154653156654,62.168570690103834,8.872264814829384,-486.61682332855236,66.75793387680777,-2.4050008187867222,-4.181168296043795,-8.183102630266154,171.71399598009884
368,/yh/study/new_data/model_dataset_flight/vi/vi_000368.jpg,3,18,-479.54730224609375,70.25373077392578,1011.5260529030979,-9.224603503943186,1015.5990542442462,-9.912490296808627,-481.6291198730469,60.87354278564453,0.5801630020141602,1016.1973905076206,-9.380470290780764,-477.2694091796875,60.803810119628906,1019.9193115234375,-9.323101043701172,9.0,9.0,3.008493185043335,-0.138404980301857,3.6504077911376953,-0.13970839977264404,0.49449374307787564,1016.240579714959,-9.33147110404782,-480.90721573230985,61.35102853780527,9.00596867610684,-481.8154981446905,65.97023142877441,-2.268195898596747,-4.283499345151368,-8.183706248234053,187.6898860791698
369,/yh/study/new_data/model_dataset_flight/vi/vi_000369.jpg,3,18,-476.3033142089844,69.75653076171875,1016.240579714959,-9.33147110404782,1020.4788934331004,-10.0,-477.39801025390625,56.256065368652344,0.5879387259483337,1019.5224486195536,-9.493738520763442,-472.69866943359375,61.21774673461914,1024.3751220703125,-8.223723411560059,9.0,9.0,3.0534274578094482,-0.14095690846443176,3.686008930206299,-0.14233529567718506,0.4893255310319974,1019.5224486195536,-8.409016118826024,-477.5236862413333,61.76733958785921,8.081861388926102,-478.43044468218164,65.37524294946935,-2.1271304731972442,-4.381287812249396,-8.186072641977198,160.51805403549224
370,/yh/study/new_data/model_dataset_flight/vi/vi_000370.jpg,3,18,-473.05865478515625,69.25923156738281,1019.5224486195536,-8.409016118826024,1024.8078034954174,-10.0,-472.9318542480469,56.825828552246094,0.5871058106422424,1022.8049961890846,-8.576103167118184,-472.68572998046875,61.33955001831055,1024.3695068359375,-8.101362228393555,9.0,9.0,2.9585816860198975,-0.1340622454881668,3.609113931655884,-0.13574473559856415,0.4946067080034453,1022.8049961890846,-8.170625997894257,-474.2427805897,61.507327086097405,7.841822301478089,-475.0406101379112,64.78487830996966,-1.9819553527549367,-4.474353257413154,-8.189419648113915,156.5165399806574
371,/yh/study/new_data/model_dataset_flight/vi/vi_000371.jpg,3,18,-469.8147888183594,68.76204681396484,1022.8049961890846,-8.170625997894257,1029.865031095937,-10.0,-467.7164306640625,57.47743606567383,0.5895829200744629,1026.0867421189814,-8.333946658485383,-467.6639404296875,62.00516891479492,1029.2332763671875,-6.6850786209106445,9.0,9.0,2.8995344638824463,-0.13010405004024506,3.5592799186706543,-0.13187500834465027,0.49808466167315696,1026.0867421189814,-6.92564522550654,-470.81067083198724,62.24248426862535,6.595185878173647,-471.6476180683132,64.19952662411752,-1.8328292499538155,-4.562520189847323,-8.189746803502988,156.72649804037064
372,/yh/study/new_data/model_dataset_flight/vi/vi_000372.jpg,3,18,-466.52325439453125,68.29454803466797,1026.0867421189814,-6.92564522550654,1029.2167112060292,-6.634363472017297,-467.672607421875,62.057796478271484,0.5827558040618896,1029.4111272958328,-7.084188037377115,-462.3294677734375,61.68594741821289,1034.5546875,-6.195127487182617,9.0,9.0,3.0071702003479004,-0.13813774287700653,3.6491174697875977,-0.13951456546783447,0.49004275425570165,1029.4111272958328,-6.324839673340968,-467.43368207992205,62.33441404621355,6.029268258309261,-468.2031730157105,63.6489296072834,-1.6799186211792518,-4.645618427384567,-8.188742178725615,167.99487406387925
373,/yh/study/new_data/model_dataset_flight/vi/vi_000373.jpg,3,18,-463.23193359375,67.82707977294922,1029.4111272958328,-6.324839673340968,1034.570211302545,-6.232587489537032,-462.31982421875,61.64657974243164,0.5851902961730957,1032.7352966909384,-6.488194502294711,-457.7698974609375,60.83660888671875,1039.1903076171875,-6.346225738525391,9.0,9.0,3.0653581619262695,-0.14169815182685852,3.695225715637207,-0.1430852711200714,0.4834783554939376,1032.7352966909384,-6.3669387020132975,-464.15398609912603,61.790843655994635,6.106253129562937,-464.7553310845087,63.103596321883714,-1.523397490758736,-4.7234834510655075,-8.190903826876218,166.0758990328759
374,/yh/study/new_data/model_dataset_flight/vi/vi_000374.jpg,3,18,-459.9393310546875,67.35942077636719,1032.7352966909384,-6.3669387020132975,1039.9612878390617,-10.0,-457.6700134277344,56.384490966796875,0.5955146551132202,1036.0607619285677,-6.535346619036003,-457.77313232421875,60.87253189086914,1039.181640625,-6.3112030029296875,9.0,9.0,2.964010000228882,-0.13404323160648346,3.6133999824523926,-0.1358346790075302,0.4906470125538362,1036.0607619285677,-6.343905115797284,-460.86317402131573,61.31146336717154,6.118110382334807,-461.3027783130917,62.563464022389944,-1.363447258404202,-4.795956753977244,-8.1946064297366,175.2191260457039
375,/yh/study/new_data/model_dataset_flight/vi/vi_000375.jpg,3,18,-456.3824157714844,66.82246398925781,1036.0607619285677,-6.343905115797284,1039.9827153096064,-10.0,-457.64862060546875,56.38263702392578,0.5954042673110962,1039.6579732432947,-6.5079283661386995,-453.6632995605469,61.12369155883789,1043.2064208984375,-5.442333221435547,9.0,9.0,3.022369861602783,-0.13805769383907318,3.660801649093628,-0.13972748816013336,0.48632579732589243,1039.6579732432947,-5.597801457821619,-457.1945472660762,61.50582808101016,5.378305954980277,-457.58267226152446,61.959577805725075,-1.2002564900401158,-4.862886183532737,-8.194504083620755,171.7107540462166
376,/yh/study/new_data/model_dataset_flight/vi/vi_000376.jpg,3,18,-453.1473388671875,66.33409118652344,1039.6579732432947,-5.597801457821619,1043.7488843538185,-10.0,-453.844482421875,56.34521484375,0.5856794118881226,1042.9297002734827,-5.763445283948672,-449.12548828125,56.445716857910156,1048.3985595703125,-9.381452560424805,9.0,9.0,3.0790021419525146,-0.1421896368265152,3.7056198120117188,-0.14367727935314178,0.4790703755191935,1042.9297002734827,-8.853592412692603,-454.4519641627916,57.79333425293982,8.6398250075153,-454.1813595594319,61.40996491014549,-1.0340206922443824,-4.924126276377946,-8.195950002651536,177.67341097351164
377,/yh/study/new_data/model_dataset_flight/vi/vi_000377.jpg,3,18,-449.9106750488281,65.8454818725586,1042.9297002734827,-8.853592412692603,1048.4153263362225,-9.3923754951455,-449.110595703125,56.43239212036133,0.5840370059013367,1046.2030317349877,-9.023520724994238,-444.1244201660156,56.85744094848633,1053.2801513671875,-8.219281196594238,9.0,9.0,3.1174566745758057,-0.14488695561885834,3.735229969024658,-0.1462898999452591,0.47206617660790406,1046.2030317349877,-8.33661816245208,-451.1381023617827,57.81010315584279,8.12858468182723,-450.7756171193956,60.865943287435705,-0.8649420705674294,-4.979538585122888,-8.199429236981716,166.18458996526897
378,/yh/study/new_data/model_dataset_flight/vi/vi_000378.jpg,3,18,-446.7342834472656,65.36060333251953,1046.2030317349877,-8.33661816245208,1048.375214263293,-9.348656729184258,-449.1436462402344,56.481666564941406,0.5849480628967285,1049.4162187358013,-8.51076095527301,-444.12908935546875,56.937950134277344,1053.263427734375,-8.140399932861328,9.0,9.0,3.144144058227539,-0.146461620926857,3.7552716732025146,-0.14788851141929626,0.46564030262024436,1049.4162187358013,-8.194434877808948,-447.94028932253434,57.46546050810139,7.986722130457775,-447.42751271930246,60.33161133641754,-0.6932292720368032,-5.028991996101992,-8.204142227591584,158.38334802538157
379,/yh/study/new_data/model_dataset_flight/vi/vi_000379.jpg,3,18,-443.5564880371094,64.8755111694336,1049.4162187358013,-8.194434877808948,1053.297079278981,-8.20786906088835,-444.10595703125,56.86616516113281,0.5918083190917969,1052.6308257058852,-8.371844362791439,-439.03851318359375,56.66838836669922,1058.3363037109375,-7.638186931610107,9.0,9.0,3.1634600162506104,-0.14771735668182373,3.769580841064453,-0.14912523329257965,0.45993277243419955,1052.6308257058852,-7.745226108265771,-444.6947113313306,57.42410843729168,7.5378348976400265,-444.0755851493019,59.80314813205197,-0.5190971121925121,-5.072363037381617,-8.20945472738368,192.3589379293844
380,/yh/study/new_data/model_dataset_flight/vi/vi_000380.jpg,3,18,-440.06585693359375,64.34266662597656,1052.6308257058852,-7.745226108265771,1058.3706619048528,-7.619116669235789,-439.00164794921875,56.68204879760742,0.5951143503189087,1056.1618919304228,-7.925239437056436,-434.2770690917969,56.5794792175293,1063.0565185546875,-7.007092475891113,9.0,9.0,3.173617362976074,-0.1482943445444107,3.7770767211914062,-0.14971894025802612,0.4550218130601075,1056.1618919304228,-7.141048312218961,-441.11290221494113,57.48816267256119,6.934012422009266,-440.40862322063396,59.23313044973001,-0.3427662870402235,-5.1095361762465465,-8.214905485145614,172.66152892261744
381,/yh/study/new_data/model_dataset_flight/vi/vi_000381.jpg,3,18,-436.91912841796875,63.836238861083984,1056.1618919304228,-7.141048312218961,1063.040995305344,-6.978998845671244,-434.2882080078125,56.60960006713867,0.6057140827178955,1059.3490099376106,-7.322820916803655,-434.2882080078125,56.60960006713867,1063.041015625,-6.97899866104126,9.0,9.0,3.0516130924224854,-0.13950975239276886,3.6839091777801514,-0.14127838611602783,0.4652677905062142,1059.3490099376106,-7.029161652116591,-437.94543408205135,57.11750724824157,6.796665197104828,-437.08359148831426,58.69583475567063,-0.1644630703454896,-5.14040410541335,-8.220167292127462,178.71720099356025
382,/yh/study/new_data/model_dataset_flight/vi/vi_000382.jpg,3,18,-433.7699279785156,63.32941818237305,1059.3490099376106,-7.029161652116591,1063.0346640434027,-7.013743315513572,-434.2997131347656,56.576210021972656,0.6047332882881165,1062.538630854969,-7.204113384275252,-430.03363037109375,56.514198303222656,1067.26123046875,-6.430859565734863,9.0,9.0,3.101283073425293,-0.14330072700977325,3.722637176513672,-0.1448495239019394,0.46032620200256286,1062.538630854969,-6.543675777449829,-434.71907775030473,57.115789240996776,6.2857036129932276,-433.75434697524787,58.16455016513623,0.015581003267782261,-5.164868017236818,-8.220001393235824,167.07156400661916
383,/yh/study/new_data/model_dataset_flight/vi/vi_000383.jpg,3,18,-430.31292724609375,62.7730598449707,1062.538630854969,-6.543675777449829,1067.2849591597908,-6.440118356497867,-430.01153564453125,56.50145721435547,0.5922722816467285,1066.0400029439772,-6.719165501132233,-425.1740417480469,56.54621124267578,1072.0601806640625,-5.665409564971924,9.0,9.0,3.1373462677001953,-0.1459013819694519,3.7501189708709717,-0.14734698832035065,0.45468676026480664,1066.0400029439772,-5.819150484110436,-431.1484496479514,57.30329487040401,5.5332112340848285,-430.1157977771774,57.59022197977543,0.19712946891633204,-5.182837865195276,-8.221623136276879,154.60306499153376
384,/yh/study/new_data/model_dataset_flight/vi/vi_000384.jpg,3,18,-427.0655517578125,62.26048278808594,1066.0400029439772,-5.819150484110436,1072.0253680890492,-5.65123479488476,-425.20635986328125,56.565486907958984,0.5888986587524414,1069.3275424123276,-5.997220999504647,-420.3111877441406,56.7407112121582,1076.837890625,-4.738842010498047,9.0,9.0,3.159224271774292,-0.1473626345396042,3.7664761543273926,-0.14878356456756592,0.44993316204588935,1069.3275424123276,-4.92243703070682,-427.7632016206452,57.69330328966676,4.620156263795732,-426.6856104825957,57.06625017612309,0.37994127521683035,-5.19423261196285,-8.22465104451331,145.1126200845465
385,/yh/study/new_data/model_dataset_flight/vi/vi_000385.jpg,3,18,-423.8179626464844,61.74787139892578,1069.3275424123276,-4.92243703070682,1072.0517701348053,-5.676946559204566,-425.18414306640625,56.53608322143555,0.5879500508308411,1072.615298238448,-5.102955508861956,-420.4253234863281,52.27906799316406,1077.3988037109375,-9.166561126708984,9.0,9.0,3.175530433654785,-0.14863651990890503,3.7786178588867188,-0.14997868239879608,0.4455388424494853,1072.615298238448,-8.573689057128368,-425.06448867295336,53.58746255254637,8.255065092095393,-423.2541915058488,56.54889093552545,0.5637711406355996,-5.198980463400333,-8.228282944243611,184.05106698628515
386,/yh/study/new_data/model_dataset_flight/vi/vi_000386.jpg,3,18,-420.5804443359375,61.23685073852539,1072.615298238448,-8.573689057128368,1077.3982497631462,-9.115619911886343,-420.418212890625,52.32951354980469,0.5793485641479492,1075.8928585378649,-8.756437285439906,-415.8033142089844,52.165443420410156,1081.9849853515625,-8.580952644348145,9.0,9.0,3.1826417446136475,-0.14891569316387177,3.783743381500244,-0.1503012627363205,0.4426623723135579,1075.8928585378649,-8.606555508436813,-421.8294732155319,53.06005691152721,8.271640129460199,-419.8320744141142,56.03983165070369,0.7483699218233241,-5.1970190878216975,-8.23218170159922,173.62237500492483
387,/yh/study/new_data/model_dataset_flight/vi/vi_000387.jpg,3,18,-415.9250793457031,60.673606872558594,1075.8928585378649,-8.606555508436813,1081.9801225390986,-8.515429187266625,-415.7982482910156,52.230953216552734,0.5883902907371521,1080.5798936315869,-8.790567653240814,-411.28936767578125,51.7894287109375,1086.5040283203125,-8.27104377746582,9.0,9.0,3.1879324913024902,-0.14889967441558838,3.787442445755005,-0.1503743678331375,0.44015766723972016,1080.5798936315869,-8.346841289427735,-417.1569645502189,52.60904447498914,8.15810687729672,-414.9915943524067,55.48531105263749,0.9334849932963959,-5.188295819921099,-8.235722674436195,174.2453669430688
388,/yh/study/new_data/model_dataset_flight/vi/vi_000388.jpg,3,18,-410.8275451660156,60.05686569213867,1080.5798936315869,-8.346841289427735,1086.5129024205728,-8.300397119262222,-411.28497314453125,51.759063720703125,0.5871793031692505,1085.6559772917126,-8.531471564200379,-406.1912536621094,50.60734558105469,1091.72216796875,-8.669750213623047,9.0,9.0,3.195403814315796,-0.14979077875614166,3.7932915687561035,-0.15114472806453705,0.43625717565639327,1085.7121059733406,-8.64957563056263,-412.12931373259477,51.53481039519328,8.620906442197855,-409.7086845282193,54.88409784336528,1.1188606377963386,-5.172767848773391,-8.238900926875647,181.7174869356677
389,/yh/study/new_data/model_dataset_flight/vi/vi_000389.jpg,3,18,-407.634765625,59.57559585571289,1085.7121059733406,-8.64957563056263,1092.424302842629,-10.0,-406.1363830566406,46.31642150878906,0.5988151431083679,1088.9409480830684,-8.835379043953743,-401.3459777832031,50.63874053955078,1096.507080078125,-7.9070725440979,9.0,9.0,3.1918041706085205,-0.14861555397510529,3.7899770736694336,-0.15023693442344666,0.43584008054977297,1088.9409480830684,-8.042510637144506,-408.8458273242569,51.647354973233135,8.020204107753766,-406.330527178374,54.425193466360156,1.3042384466260344,-5.150402389352731,-8.242331976355667,171.68329004198313
390,/yh/study/new_data/model_dataset_flight/vi/vi_000390.jpg,3,18,-404.4422302246094,59.094364166259766,1088.9409480830684,-8.042510637144506,1092.4642915419295,-10.0,-406.10137939453125,46.2807502746582,0.5989083051681519,1092.1695430913517,-8.227852099637449,-396.617431640625,50.71180725097656,1101.17041015625,-7.120826721191406,9.0,9.0,3.2115490436553955,-0.1514655202627182,3.805176019668579,-0.15263642370700836,0.42846179537929313,1092.1695430913517,-7.282339547218383,-405.5394659557356,51.91128737787619,7.266396520798664,-402.9528724953747,53.97318732921454,1.489357729234663,-5.121176837045228,-8.244708135134891,142.38503598608077
391,/yh/study/new_data/model_dataset_flight/vi/vi_000391.jpg,3,18,-400.931640625,58.565185546875,1092.1695430913517,-7.282339547218383,1097.1228404158826,-10.0,-401.3905944824219,46.26896286010742,0.5972606539726257,1095.7197853994876,-7.470196459831298,-396.5787353515625,50.8457145690918,1101.1884765625,-6.982611656188965,9.0,9.0,3.2079100608825684,-0.15018367767333984,3.8019495010375977,-0.15164588391780853,0.4282467244617171,1095.7197853994876,-7.053749320326915,-401.9954148696534,51.601165083371995,7.0447992632634,-399.25768469370394,53.48010664220945,1.6739559312960683,-5.0850789046655525,-8.248835036817033,172.3908520070836
392,/yh/study/new_data/model_dataset_flight/vi/vi_000392.jpg,3,18,-397.45977783203125,57.918495178222656,1095.7197853994876,-7.053749320326915,1101.7035558095436,-10.0,-396.7530212402344,46.29334259033203,0.5963749885559082,1099.2494893932999,-7.241581228791347,-391.80792236328125,51.025787353515625,1105.8773193359375,-6.084204196929932,9.0,9.0,3.203953504562378,-0.14993903040885925,3.799013137817383,-0.15141108632087708,0.42678084847195596,1099.2494893932999,-6.253063230186289,-398.385279345085,51.85968005997478,6.129094034828787,-395.60200877153375,52.87638843669989,1.8577690604975081,-5.042106741522766,-8.251592805735706,166.79198399651796
393,/yh/study/new_data/model_dataset_flight/vi/vi_000393.jpg,3,18,-393.9891357421875,57.272037506103516,1099.2494893932999,-6.253063230186289,1106.5791120862496,-10.0,-391.80206298828125,46.41673278808594,0.5944100022315979,1102.7779515436198,-6.440770624547785,-387.2413635253906,51.359764099121094,1110.341064453125,-5.064500331878662,9.0,9.0,3.2010817527770996,-0.14965686202049255,3.7969634532928467,-0.15115821361541748,0.42544442591130777,1102.7779515436198,-5.2652954614880585,-394.7481218372507,52.30331907350302,5.026352828340173,-391.94860362295327,52.279768471987126,2.040532119234244,-4.992269034116387,-8.253898394786981,213.81084399763495
394,/yh/study/new_data/model_dataset_flight/vi/vi_000394.jpg,3,18,-390.8315124511719,56.68388366699219,1102.7779515436198,-5.2652954614880585,1105.8552758499438,-6.0870508507260785,-391.8301696777344,51.02630615234375,0.5741593837738037,1105.9881801499253,-5.452796683383276,-382.08416748046875,46.97311782836914,1116.1015625,-8.622103691101074,9.0,9.0,3.2200827598571777,-0.15226182341575623,3.8113842010498047,-0.1533590853214264,0.4190148700247986,1105.9881801499253,-8.159708030323952,-392.0117633631023,48.95734625168673,7.816160991511612,-388.60953290779,51.74829857891018,2.221979543381853,-4.935585088082006,-8.255864795576857,183.10810311231762
395,/yh/study/new_data/model_dataset_flight/vi/vi_000395.jpg,3,18,-387.4894714355469,56.12371826171875,1105.9881801499253,-8.159708030323952,1110.9270759378942,-9.470652967275674,-387.32745361328125,46.915653228759766,0.5879347324371338,1109.3764855737616,-8.349578417639702,-382.09375,46.9288444519043,1116.0987548828125,-8.667316436767578,9.0,9.0,3.2216365337371826,-0.15170270204544067,3.81209659576416,-0.15297973155975342,0.41773709104147727,1109.3764855737616,-8.620959084529101,-388.73195929020267,47.98974539203701,8.228322472635949,-385.0876257892493,51.25163337067454,2.4018456462976125,-4.872084891044214,-8.259393281974257,174.402300035581
396,/yh/study/new_data/model_dataset_flight/vi/vi_000396.jpg,3,18,-384.1477355957031,55.563602447509766,1109.3764855737616,-8.620959084529101,1116.043881282456,-8.603219358350621,-382.1383361816406,47.00049591064453,0.5831559896469116,1112.7644818327801,-8.81138813127917,-377.2100524902344,47.24468231201172,1120.8787841796875,-7.617655277252197,9.0,9.0,3.2217249870300293,-0.15152522921562195,3.812055826187134,-0.15284991264343262,0.4162985891692491,1112.7644818327801,-7.791818553477885,-385.2576099573774,48.297786598455886,7.350095308978272,-381.56787052851774,50.761793291435495,2.5798650671853602,-4.801809156074267,-8.262134028780856,165.08166899438947
397,/yh/study/new_data/model_dataset_flight/vi/vi_000397.jpg,3,18,-380.8028564453125,55.002960205078125,1112.7644818327801,-7.791818553477885,1116.0740597277984,-8.606967989921625,-382.10906982421875,46.99223327636719,0.5824452638626099,1116.155664851125,-7.982402587205531,-372.7302551269531,46.968563079833984,1125.348876953125,-7.214152812957764,9.0,9.0,3.2322163581848145,-0.15305054187774658,3.820054769515991,-0.15413165092468262,0.4116412806093731,1116.155664851125,-7.326238944449637,-381.83500859840143,48.245954429005316,6.835383319537202,-378.04708322237343,50.278150859586546,2.7557732229390814,-4.724809345491581,-8.26441899386249,166.52854694984853
398,/yh/study/new_data/model_dataset_flight/vi/vi_000398.jpg,3,18,-377.6221008300781,54.55384826660156,1116.155664851125,-7.326238944449637,1120.8706393579791,-7.574652618046223,-377.21160888671875,47.288421630859375,0.5902828574180603,1119.3677650205384,-7.518372356214735,-367.7762451171875,46.81496047973633,1130.269287109375,-6.617932319641113,9.0,9.0,3.2395830154418945,-0.15373697876930237,3.825408935546875,-0.15475045144557953,0.4079592483577809,1119.3677650205384,-6.7493047504872665,-378.5726219514373,48.33124175642614,6.294785316643256,-374.6927940675097,49.91270059181277,2.9293067625684177,-4.6411476747887885,-8.26753428049553,180.1216050516814
399,/yh/study/new_data/model_dataset_flight/vi/vi_000399.jpg,3,18,-374.12774658203125,54.06045913696289,1119.3677650205384,-6.7493047504872665,1125.2879057230036,-7.145242607136573,-372.7801513671875,47.045894622802734,0.5875972509384155,1122.8965538773714,-6.942810842320381,-367.7908935546875,46.83989334106445,1130.2510986328125,-6.595497131347656,9.0,9.0,3.234175205230713,-0.1525774747133255,3.821110486984253,-0.1538182944059372,0.4083396845584653,1122.8965538773714,-6.646169518873102,-375.06872219630947,47.90034248963235,6.231570605825238,-371.02754255873634,49.50956204045917,3.1002040232949026,-4.550897096503719,-8.270847936099191,208.67430791258812
400,/yh/study/new_data/model_dataset_flight/vi/vi_000400.jpg,3,18,-370.94781494140625,53.61146545410156,1122.8965538773714,-6.646169518873102,1130.2769765509765,-6.599835141120683,-367.76593017578125,46.83169174194336,0.574332058429718,1126.1078216634762,-6.839261120006449,-363.20880126953125,46.84785079956055,1134.7794189453125,-5.895728588104248,9.0,9.0,3.228727340698242,-0.15188002586364746,3.817002296447754,-0.15321847796440125,0.40838504128342246,1126.1078216634762,-6.033388129288236,-371.80174541301295,48.02119166380528,5.655117885668872,-367.67960945400733,49.157324190198054,3.2682054873989297,-4.454141263903509,-8.27286865823731,221.3709190255031
401,/yh/study/new_data/model_dataset_flight/vi/vi_000401.jpg,3,18,-367.7818908691406,53.21244812011719,1126.1078216634762,-6.033388129288236,1130.2830218475333,-6.575950977978951,-367.75634765625,46.85438919067383,0.5742439031600952,1129.2976960017563,-6.225745192581693,-358.8937072753906,47.063438415527344,1139.012451171875,-5.0310282707214355,9.0,9.0,3.2381763458251953,-0.15341916680335999,3.8242828845977783,-0.15449054539203644,0.4043907946815666,1129.2976960017563,-5.205335120509076,-368.5234104642562,48.35807449673939,4.910681682341711,-364.34883663025374,48.861473645725674,3.433054238886888,-4.350974474391516,-8.274166234097056,191.95388909429312
402,/yh/study/new_data/model_dataset_flight/vi/vi_000402.jpg,3,18,-364.3070068359375,52.77449035644531,1129.2976960017563,-5.205335120509076,1134.753608703442,-5.950739439945616,-363.24261474609375,46.797367095947266,0.5759029388427734,1132.7988676864325,-5.39886292333405,-353.9597473144531,47.14051818847656,1143.878173828125,-4.209797382354736,9.0,9.0,3.243250846862793,-0.15402038395404816,3.8280515670776367,-0.15501366555690765,0.40163518687743666,1132.7988676864325,-4.383279706783873,-364.9382532878371,48.64202218414602,4.18040252584634,-360.71251041689356,48.532988763854945,3.594496419043921,-4.241501592590368,-8.27640765672273,220.26727301999927
403,/yh/study/new_data/model_dataset_flight/vi/vi_000403.jpg,3,18,-361.1438293457031,52.37582015991211,1132.7988676864325,-4.383279706783873,1139.0463408914804,-5.045998292681053,-358.86248779296875,47.04352569580078,0.5742095708847046,1135.9859745179856,-4.577912862845046,-353.95849609375,47.202396392822266,1143.8701171875,-4.148439884185791,9.0,9.0,3.2372052669525146,-0.15274035930633545,3.8232040405273438,-0.1539842188358307,0.4027102213001997,1135.9859745179856,-4.211099147321067,-361.76169174184827,48.330970990072174,4.091767191242071,-357.39154766577127,48.2499822068119,3.75228167993184,-4.1258379531002065,-8.278829038824778,202.6580140227452
404,/yh/study/new_data/model_dataset_flight/vi/vi_000404.jpg,3,18,-358.0951232910156,51.888648986816406,1135.9859745179856,-4.211099147321067,1139.0201978945427,-4.966202424052841,-358.87628173828125,47.1263542175293,0.5745075941085815,1139.0732862618622,-4.405075281382881,-348.92547607421875,46.96860885620117,1148.8807373046875,-3.619553804397583,9.0,9.0,3.244354009628296,-0.15403181314468384,3.8287906646728516,-0.15503627061843872,0.39916847473085715,1139.0732862618622,-3.7341598433583814,-358.6377620048931,48.3362532348747,3.5936015850692318,-354.18895965612387,47.88453974384142,3.9061636348917372,-4.004109242974983,-8.280026669807059,178.39253996498883
405,/yh/study/new_data/model_dataset_flight/vi/vi_000405.jpg,3,18,-354.74200439453125,51.35283660888672,1139.0732862618622,-3.7341598433583814,1143.8798948122808,-4.237950973028076,-353.96234130859375,47.11243438720703,0.5721902251243591,1142.4688652024895,-3.9291130763619977,-344.40185546875,46.793052673339844,1153.3790283203125,-3.1100242137908936,9.0,9.0,3.247670888900757,-0.15433165431022644,3.8311986923217773,-0.15531019866466522,0.39710471706488193,1142.4688652024895,-3.2295276683068,-355.2049181387914,48.322362047139116,3.065626396680504,-350.68610408942254,47.47638524488062,4.055900305108684,-3.8764513640060976,-8.282044750582958,161.95113805588335
406,/yh/study/new_data/model_dataset_flight/vi/vi_000406.jpg,3,18,-351.39093017578125,50.81734848022461,1142.4688652024895,-3.2295276683068,1148.8474404524432,-3.478063520615413,-348.93701171875,47.113502502441406,0.5721098780632019,1145.862373948487,-3.4252265405153954,-344.36834716796875,46.8929557800293,1153.39697265625,-3.006206750869751,9.0,9.0,3.2373979091644287,-0.1526775062084198,3.823350667953491,-0.1539374738931656,0.3994282887235821,1145.862373948487,-3.0673409142815213,-351.8258304526319,47.97026467198867,2.8801084114880173,-347.18967561448034,47.07433820527831,4.201254561300916,-3.7430102749463,-8.284078812934299,177.6086399331689
407,/yh/study/new_data/model_dataset_flight/vi/vi_000407.jpg,3,18,-348.208984375,50.27159118652344,1145.862373948487,-3.0673409142815213,1148.8235021360074,-3.4418032337861924,-348.9552001953125,47.15296173095703,0.5725929141044617,1149.090244235984,-3.261867467435513,-339.6921081542969,42.40135955810547,1158.6978759765625,-6.740181922912598,9.0,9.0,3.244321823120117,-0.1540607511997223,3.828796863555908,-0.1550549566745758,0.39620686735414257,1149.090244235984,-6.232702683093192,-349.1129462813748,44.35378555637028,5.986448914377294,-343.8669898154014,46.66764937267058,4.341994559598596,-3.6039418138528574,-8.284587715388318,158.97804393898696
408,/yh/study/new_data/model_dataset_flight/vi/vi_000408.jpg,3,18,-344.71075439453125,49.67158889770508,1149.090244235984,-6.232702683093192,1154.1152850188282,-8.246327714796243,-344.4495849609375,41.604461669921875,0.5730228424072266,1152.6389631160196,-6.42805921602452,-335.3331298828125,42.50651931762695,1162.990966796875,-5.978016376495361,9.0,9.0,3.248478412628174,-0.15438377857208252,3.8317582607269287,-0.1553592085838318,0.39436431710382586,1152.6389631160196,-6.043676741886074,-345.5763754158945,44.0047826775773,5.732538049512173,-340.23286022384514,46.21217739693256,4.4778941706861115,-3.4594115007725144,-8.286045987456541,165.87632393930107
409,/yh/study/new_data/model_dataset_flight/vi/vi_000409.jpg,3,18,-341.5256652832031,49.12528991699219,1152.6389631160196,-6.043676741886074,1158.692608595806,-6.736406281623762,-339.6967468261719,42.405887603759766,0.576722264289856,1155.870022466941,-6.239726640748913,-330.576416015625,42.61566925048828,1167.6766357421875,-5.151847839355469,9.0,9.0,3.250662088394165,-0.15451671183109283,3.8332784175872803,-0.15549428761005402,0.39307629283674955,1155.870022466941,-5.310567217437422,-342.27166429507776,44.24159169760037,4.940346427509789,-336.9169318819144,45.81569559595503,4.608733401288719,-3.3095943210371632,-8.287638755554475,178.15744399558753
410,/yh/study/new_data/model_dataset_flight/vi/vi_000410.jpg,3,18,-338.1062927246094,48.60921096801758,1155.870022466941,-5.310567217437422,1158.5996676343584,-6.709007706808207,-339.78448486328125,42.44700622558594,0.5781409740447998,1159.3281156011985,-5.507072302071249,-330.54669189453125,42.66713333129883,1167.6982421875,-5.096485614776611,9.0,9.0,3.2527029514312744,-0.1547379493713379,3.8347795009613037,-0.15568731725215912,0.3914070319561955,1159.3281156011985,-5.156389405136954,-338.82994213502593,43.871824884578295,4.7923371514074855,-333.3719939175117,45.454536478536305,4.734298807097677,-3.154674489481275,-8.289124855307485,153.29049702268094
411,/yh/study/new_data/model_dataset_flight/vi/vi_000411.jpg,3,18,-334.9945068359375,48.139556884765625,1159.3281156011985,-5.156389405136954,1162.9799301674554,-5.9455973186969775,-335.33917236328125,42.54023742675781,0.5806162357330322,1162.4751387733168,-5.353346129065406,-325.52764892578125,42.494754791259766,1172.685791015625,-4.509005069732666,9.0,9.0,3.2541372776031494,-0.15481781959533691,3.8357651233673096,-0.15576964616775513,0.39032284614716173,1162.4751387733168,-4.632192770103972,-335.6398497265134,43.914806080227315,4.273755585765747,-330.140122939697,45.14471168882865,4.854383896240487,-2.9948451959369775,-8.290675068125239,184.9506039870903
412,/yh/study/new_data/model_dataset_flight/vi/vi_000412.jpg,3,18,-331.5685119628906,47.62247848510742,1162.4751387733168,-4.632192770103972,1167.683729122017,-5.119753442781917,-330.5646057128906,42.646331787109375,0.5829101800918579,1165.9399292060352,-4.829453596930067,-321.3164978027344,42.46833038330078,1176.8526611328125,-3.8992369174957275,9.0,9.0,3.254615068435669,-0.1548885703086853,3.8361287117004395,-0.15583005547523499,0.38933022756168845,1165.9399292060352,-4.034953701986945,-332.1246042115839,43.98200888457007,3.6826970417743214,-326.5997224404723,44.79217015270191,4.968789522418292,-2.830308332405517,-8.292062183496132,219.94432201609015
413,/yh/study/new_data/model_dataset_flight/vi/vi_000413.jpg,3,18,-326.8189697265625,46.92759323120117,1165.9399292060352,-4.034953701986945,1172.7234624682937,-4.524239766421799,-325.49273681640625,42.4740104675293,0.5785941481590271,1170.7399396958292,-4.232447821392691,-316.59088134765625,41.948482513427734,1181.6026611328125,-3.699549436569214,9.0,9.0,3.25500226020813,-0.15488997101783752,3.8363873958587646,-0.15583811700344086,0.3886736222668681,1170.7399396958292,-3.777298263103678,-327.3407264548994,43.511901836742176,3.4553115323724564,-321.74164545971115,44.26631902885622,5.077324266851372,-2.6612742023449485,-8.29331122766017,203.66799598559737
414,/yh/study/new_data/model_dataset_flight/vi/vi_000414.jpg,3,18,-321.60113525390625,46.16419219970703,1170.7399396958292,-3.777298263103678,1176.8038814465658,-3.9035912159956845,-321.3653869628906,42.47139358520508,0.5725103616714478,1175.914029127592,-3.9749224398443244,-311.17413330078125,41.35798645019531,1187.04638671875,-3.4653384685516357,9.0,9.0,3.255730152130127,-0.1549992859363556,3.836942195892334,-0.15592864155769348,0.38763367260488074,1176.0132187503675,-3.539685767993916,-322.09203335289845,42.95051747120278,3.250951584416636,-316.42133044571455,43.676230987149616,5.179804808191689,-2.4879612125574186,-8.294352911549879,237.163195037283
415,/yh/study/new_data/model_dataset_flight/vi/vi_000415.jpg,3,18,-318.32720947265625,45.66339111328125,1176.0132187503675,-3.539685767993916,1181.6016836058257,-3.734369972082616,-316.5970458984375,41.91419982910156,0.5611308217048645,1179.325225886713,-3.7375069827890286,-307.1423645019531,41.70185089111328,1190.97998046875,-2.5166141986846924,9.0,9.0,3.256040334701538,-0.15504410862922668,3.8371939659118652,-0.15596598386764526,0.38685428398755883,1179.325225886713,-2.6947400553054637,-318.6904152138224,43.285657090619736,2.405314427042369,-313.05115319307146,43.35279556508306,5.2760562795848145,-2.310595548198187,-8.295393981789777,233.11741603538394
416,/yh/study/new_data/model_dataset_flight/vi/vi_000416.jpg,3,18,-315.052978515625,45.162540435791016,1179.325225886713,-2.6947400553054637,1181.5922983274272,-3.694755995573942,-316.600341796875,41.954776763916016,0.5617947578430176,1182.6375421878765,-2.892718671066267,-307.127197265625,41.716094970703125,1190.992919921875,-2.5002431869506836,9.0,9.0,3.256795644760132,-0.15503345429897308,3.837660551071167,-0.1559707075357437,0.3862587501888719,1182.6375421878765,-2.5575045883783503,-315.39535666203136,42.92115470022304,2.267384574955083,-309.6870659035379,43.03312960432324,5.365912612087045,-2.1294108314677715,-8.296343458125689,202.6438630418852
417,/yh/study/new_data/model_dataset_flight/vi/vi_000417.jpg,3,18,-311.7767333984375,44.661380767822266,1182.6375421878765,-2.5575045883783503,1186.9699920348212,-3.5415011979912037,-311.26116943359375,41.29423522949219,0.5662180781364441,1185.951896211922,-2.7555694669613047,-302.1656188964844,41.83539962768555,1195.8795166015625,-1.6331015825271606,9.0,9.0,3.2565135955810547,-0.15508948266506195,3.8375189304351807,-0.15600818395614624,0.3858076642189602,1185.951896211922,-1.7968674398139786,-312.0041492532557,43.17259809176112,1.5060517346899134,-306.32751653476913,42.716733003233244,5.449216863668363,-1.9446477645890212,-8.297169057241614,194.42082603927702
418,/yh/study/new_data/model_dataset_flight/vi/vi_000418.jpg,3,18,-308.2463684082031,44.15618133544922,1185.951896211922,-1.7968674398139786,1190.9731775284017,-2.497901468349011,-307.14630126953125,41.72138214111328,0.5884332656860352,1189.5180662674986,-1.9950375652984451,-296.80279541015625,41.402076721191406,1201.246337890625,-1.2516621351242065,9.0,9.0,3.2578744888305664,-0.15522794425487518,3.8385119438171387,-0.1561286598443985,0.3848681663625396,1189.5180662674986,-1.3601191487249227,-308.4129209043156,43.06584191709563,1.1029867547604288,-302.72054687514225,42.39962757774365,5.5258215330608635,-1.756553757705569,-8.297863575422413,175.47838296741247
419,/yh/study/new_data/model_dataset_flight/vi/vi_000419.jpg,3,18,-305.0332336425781,43.69637680053711,1189.5180662674986,-1.3601191487249227,1195.8715786406988,-1.6521718620518335,-302.1763610839844,41.8177490234375,0.5767223834991455,1192.7637889101375,-1.5584940161641927,-292.40777587890625,40.971160888671875,1205.656005859375,-1.0139830112457275,9.0,9.0,3.258227825164795,-0.15516801178455353,3.8386759757995605,-0.15609164535999298,0.3845952256000036,1192.7637889101375,-1.0934260962187399,-305.1641441475349,42.83936842682598,0.8669491985803068,-299.4376447848373,42.13099425816187,5.595588857740814,-1.565382542375237,-8.298643844493808,182.99831298645586
420,/yh/study/new_data/model_dataset_flight/vi/vi_000420.jpg,3,18,-301.8195495605469,43.236488342285156,1192.7637889101375,-1.0934260962187399,1195.8945494243185,-1.6786624519888353,-302.15765380859375,41.78809356689453,0.5766005516052246,1196.0100672430149,-1.291848855990087,-292.4032897949219,40.981597900390625,1205.6588134765625,-1.002988338470459,9.0,9.0,3.25838041305542,-0.15526044368743896,3.8388478755950928,-0.1561616063117981,0.3840452086088324,1196.0100672430149,-1.0451325200046713,-301.94779668947444,42.39691581575799,0.8493111051772309,-296.16115846518284,41.86509457091871,5.658391095364035,-1.3713937713664515,-8.299246555327208,180.5921900086105
421,/yh/study/new_data/model_dataset_flight/vi/vi_000421.jpg,3,18,-298.4217224121094,42.7166633605957,1196.0100672430149,-1.0451325200046713,1201.2632397481918,-1.3443975989099268,-296.800048828125,41.30784606933594,0.58433598279953,1199.4474276723872,-1.2436797491754705,-288.49945068359375,37.11391830444336,1210.1019287109375,-4.236834526062012,9.0,9.0,3.2582106590270996,-0.1551310271024704,3.838623523712158,-0.15606440603733063,0.38402757284695205,1199.4474276723872,-3.8001391294039015,-298.9658602977305,39.15445324930612,3.6035297855771855,-292.70761162410196,41.541810755098815,5.7141107880074395,-1.1748526054968893,-8.29983080330551,163.59234391711652
422,/yh/study/new_data/model_dataset_flight/vi/vi_000422.jpg,3,18,-295.3232421875,42.242637634277344,1199.4474276723872,-3.8001391294039015,1206.3389152300397,-5.6511042637809235,-292.4328918457031,36.284088134765625,0.5882764458656311,1202.5819578731343,-3.9986314328945403,-285.131103515625,38.707496643066406,1213.1910400390625,-2.1529037952423096,9.0,9.0,3.2562026977539062,-0.1547016054391861,3.8370699882507324,-0.15572068095207214,0.3844946937531574,1202.5819578731343,-2.422191828414385,-295.6592001019988,40.04328208190741,2.2248668647932304,-289.56060117889655,41.266608345989674,5.762641008603433,-0.976029288287668,-8.300216735674042,150.2132760360837
423,/yh/study/new_data/model_dataset_flight/vi/vi_000423.jpg,3,18,-291.9236755371094,41.7225456237793,1202.5819578731343,-2.422191828414385,1206.3428602127876,-5.651061203388708,-292.4289855957031,36.28353500366211,0.5888168811798096,1206.0210781802693,-2.620287269278948,-285.24603271484375,38.7117805480957,1213.0767822265625,-2.1660232543945312,9.0,9.0,3.2557055950164795,-0.15454600751399994,3.8365988731384277,-0.1555996835231781,0.38489039115776863,1206.0210781802693,-2.232299480969692,-292.23084027494855,39.711685207925655,2.0341852885661353,-286.1197899481187,40.9473469145462,5.803885588990691,-0.7751987092330938,-8.300304114070649,139.72600200213492
424,/yh/study/new_data/model_dataset_flight/vi/vi_000424.jpg,3,18,-288.83154296875,41.227596282958984,1206.0210781802693,-2.232299480969692,1210.0696181423473,-4.245878791849779,-288.53277587890625,37.109859466552734,0.5938764810562134,1209.1524930039861,-2.4300880175183064,-280.9002685546875,40.78438186645508,1217.0596923828125,0.5390288829803467,9.0,9.0,3.2554097175598145,-0.15466633439064026,3.836540699005127,-0.1556815505027771,0.38457204030942255,1209.1524930039861,0.10584056522276253,-288.7822693269726,41.55016721506587,0.326312577162316,-282.99378363970834,40.654956326442914,5.837759329041679,-0.5726399565160671,-8.300222418604875,247.58923007175326
425,/yh/study/new_data/model_dataset_flight/vi/vi_000425.jpg,3,18,-285.4303283691406,40.68317794799805,1209.1524930039861,0.10584056522276253,1213.2340014275567,-2.2524622212840533,-285.1036682128906,38.60259246826172,0.5938284397125244,1212.5969156722133,-0.09194053564641624,-275.0340270996094,40.40980529785156,1222.915283203125,1.0545578002929688,9.0,9.0,3.2568414211273193,-0.1551274210214615,3.8377835750579834,-0.15603743493556976,0.3835954299798165,1212.5969156722133,0.8872859473814039,-285.2593426274069,41.80253970203987,1.1323457335495295,-279.5661401827739,40.31454208797503,5.864188186366751,-0.3686358600230195,-8.300280742017083,197.4332759855315
426,/yh/study/new_data/model_dataset_flight/vi/vi_000426.jpg,3,18,-282.0481872558594,40.141807556152344,1212.5969156722133,0.8872859473814039,1216.2661425989918,4.799878956485848,-281.0413818359375,45.1162109375,0.6362031698226929,1216.0220233156397,0.6890797312845258,-275.6280517578125,41.52145004272461,1222.16015625,2.0637574195861816,9.0,9.0,3.24941349029541,-0.15405291318893433,3.8322532176971436,-0.15512040257453918,0.38640714672076104,1216.0220233156397,1.8631946478225412,-281.7261452531422,42.25006229939489,2.132709336482305,-276.1650778097253,39.97833503061301,5.883109446134068,-0.16347252553933148,-8.300660457846254,191.29252794664353
427,/yh/study/new_data/model_dataset_flight/vi/vi_000427.jpg,3,18,-278.8616027832031,39.60797882080078,1216.0220233156397,1.8631946478225412,1216.490353791656,4.678272766921378,-280.8381042480469,44.96214294433594,0.6274378895759583,1219.252677857447,1.66584937611596,-270.23974609375,40.143310546875,1227.69482421875,1.5150617361068726,9.0,9.0,3.25296950340271,-0.15485796332359314,3.835102081298828,-0.1557651162147522,0.3849030910407566,1219.252677857447,1.5370613562980489,-278.5817814017376,41.43983537913072,1.8531050849376252,-272.9671309126165,39.650539959775315,5.894471870586656,0.042561138974536665,-8.299923170941863,156.8425369914621
428,/yh/study/new_data/model_dataset_flight/vi/vi_000428.jpg,3,18,-275.6933898925781,39.077232360839844,1219.252677857447,1.5370613562980489,1222.6333870153298,1.3547613768868143,-275.2673645019531,40.7491340637207,0.5817200541496277,1222.4647060461837,1.3393227237382725,-265.5194091796875,40.955230712890625,1232.2384033203125,3.030449390411377,9.0,9.0,3.2538468837738037,-0.15495845675468445,3.8357627391815186,-0.15585575997829437,0.3847186225723134,1222.4647060461837,2.783717334921046,-275.2183370121615,42.18717603271825,3.1460173046963154,-269.7951540646984,39.32640626494332,5.8982358278797,0.24917390410348117,-8.299970368616247,149.85561999492347
429,/yh/study/new_data/model_dataset_flight/vi/vi_000429.jpg,3,18,-272.2135925292969,38.49428176879883,1222.4647060461837,2.783717334921046,1227.0865703392772,5.91624835237106,-270.17645263671875,44.585880279541016,0.5882904529571533,1225.9926288362703,2.5857287353822427,-261.0495910644531,41.90581130981445,1236.513427734375,4.645078659057617,9.0,9.0,3.254227876663208,-0.15475967526435852,3.835848569869995,-0.1557217389345169,0.3849656032799181,1225.9926288362703,4.344623554389518,-271.49516799651775,43.19746308090743,4.757735623578355,-266.3192191293919,38.95035447455503,5.894373399904951,0.45607270575619835,-8.300065591058228,144.6960070170462
430,/yh/study/new_data/model_dataset_flight/vi/vi_000430.jpg,3,18,-267.29248046875,37.77089309692383,1225.9926288362703,4.344623554389518,1226.847804723519,5.947404237324257,-270.40777587890625,44.652732849121094,0.5943439602851868,1230.9665459091925,4.146709550063651,-255.14268493652344,41.77388381958008,1242.37255859375,5.406614780426025,9.0,9.0,3.2565462589263916,-0.1552213728427887,3.837686777114868,-0.15609566867351532,0.38374289269678,1230.9665459091925,5.222797084604417,-266.44567867339725,43.31449885820863,5.60790853323792,-261.4096119999368,38.43385623396786,5.882868468813158,0.6629631370440279,-8.300041045065898,150.95834503881633
431,/yh/study/new_data/model_dataset_flight/vi/vi_000431.jpg,3,18,-262.3687438964844,37.04712677001953,1230.9665459091925,5.222797084604417,1236.0782645708643,8.084115726460507,-260.96051025390625,45.371131896972656,0.637270450592041,1235.943114426437,5.024470467125092,-249.65301513671875,40.630897521972656,1247.971923828125,5.105681896209717,9.0,9.0,3.257293939590454,-0.15522998571395874,3.838144540786743,-0.15611658990383148,0.38347427416332813,1235.943114426437,5.093833308388217,-261.5456474079936,42.43554524141681,5.450921156305714,-256.5050271144938,37.91667671431122,5.863716781990549,0.8695499442916881,-8.300453044211066,172.26170701906085
432,/yh/study/new_data/model_dataset_flight/vi/vi_000432.jpg,3,18,-259.2642517089844,36.61650085449219,1235.943114426437,5.093833308388217,1242.02734078186,8.287415885581993,-255.0489501953125,44.67378234863281,0.6123173236846924,1239.0770342239368,4.895319577027782,-249.48001098632812,39.59242630004883,1248.2996826171875,4.1052422523498535,9.0,9.0,3.249844551086426,-0.1544143706560135,3.8326799869537354,-0.1554010808467865,0.38582631383704546,1239.0770342239368,4.220512980531073,-258.57953508203644,41.09901265220882,4.534506464422313,-253.4273257136932,37.69203838068954,5.8369259952911925,1.0755375261973479,-8.300814857474094,158.32192893140018
433,/yh/study/new_data/model_dataset_flight/vi/vi_000433.jpg,3,18,-255.854736328125,36.14356231689453,1239.0770342239368,4.220512980531073,1243.1462721643095,3.6860279655653585,-254.63766479492188,39.95619583129883,0.5866853594779968,1242.5188689466058,4.0227147880300045,-244.51559448242188,38.57642364501953,1260.977294921875,1.8325153589248657,9.0,9.0,3.249677896499634,-0.15486480295658112,3.832953453063965,-0.15573114156723022,0.384636526900141,1242.5188689466058,2.1520611491523685,-255.48950499847498,38.534556897162695,2.4187287998098608,-250.05222063375197,37.42419275204683,5.80251569437303,1.280630435152297,-8.300226820875237,141.62002690136433
434,/yh/study/new_data/model_dataset_flight/vi/vi_000434.jpg,3,18,-252.73838806152344,35.7112922668457,1242.5188689466058,2.1520611491523685,1249.7295875188797,-1.50201725028681,-248.91323852539062,33.83354949951172,0.5924720764160156,1245.6647571426772,1.9541154053531589,-240.93194580078125,34.15454864501953,1256.4161376953125,0.02048720419406891,9.0,9.0,3.219965696334839,-0.152709499001503,3.8118014335632324,-0.1537013053894043,0.392713999326048,1245.6647571426772,0.3025997567473395,-252.65896013375513,36.231268866328065,0.5260080414963333,-246.9778706674909,37.195826146565935,5.7605173940325605,1.4845338797202332,-8.30026102518194,151.4071139972657
435,/yh/study/new_data/model_dataset_flight/vi/vi_000435.jpg,3,18,-250.205810546875,35.360801696777344,1245.6647571426772,0.3025997567473395,1250.515126329443,-6.211359347662355,-248.8478240966797,29.059589385986328,0.6411257386207581,1248.2212195493164,0.1067685175238593,-237.02877807617188,34.36655807495117,1256.4161376953125,-5.008279800415039,9.0,9.0,3.208057165145874,-0.15170668065547943,3.8030548095703125,-0.15278881788253784,0.39597328022061345,1248.2212195493164,-4.262004308289896,-250.82107266688254,31.33297528935387,4.074546974162164,-244.4948360313952,37.04775592405143,5.710974515479781,1.6869542272740852,-8.297456138630166,142.70826592110097
436,/yh/study/new_data/model_dataset_flight/vi/vi_000436.jpg,3,18,-247.88943481445312,35.04023361206055,1248.2212195493164,-4.262004308289896,1254.625925399243,-8.138517656082838,-245.07516479492188,26.53379249572754,0.6111698150634766,1250.5594409035891,-4.456006847209345,-236.7761688232422,32.14908218383789,1256.4161376953125,-4.955281734466553,9.0,9.0,3.0925285816192627,-0.14112809300422668,3.7155404090881348,-0.14318807423114777,0.41450977329779337,1250.5594409035891,-4.882438510114816,-248.60334880405753,30.36658066569982,4.7278647450597795,-242.2354924729106,36.92783311784447,5.653942341542514,1.887599505783926,-8.294492210056351,160.6090470449999
437,/yh/study/new_data/model_dataset_flight/vi/vi_000437.jpg,3,18,-245.57943725585938,34.720550537109375,1250.5594409035891,-4.882438510114816,1254.690847473606,-5.7594761882040455,-244.65174865722656,28.875751495361328,0.6322588920593262,1252.8912235813348,-5.06618171876159,-235.51608276367188,33.97257995605469,1256.4161376953125,-6.452889442443848,9.0,9.0,3.031862735748291,-0.13663314282894135,3.6673855781555176,-0.13894060254096985,0.42319785396332893,1252.8912235813348,-6.250571512172231,-246.50489332208184,28.6620329374976,6.128793065140443,-239.9899493060226,36.80673044085849,5.5894879498367835,2.086179903749112,-8.286077897246571,166.32141394075006
438,/yh/study/new_data/model_dataset_flight/vi/vi_000438.jpg,3,18,-244.89129638671875,34.59495162963867,1252.8912235813348,-6.250571512172231,1256.4161293733152,-5.924016648976322,-239.23532104492188,27.881927490234375,0.6229875087738037,1253.5904395267883,-6.426164918134221,-234.20655822753906,32.043739318847656,1256.4161376953125,-7.486347675323486,9.0,9.0,2.9817955493927,-0.13353554904460907,3.627202272415161,-0.13579796254634857,0.43438831850560145,1253.5904395267883,-7.331669095633584,-245.97694209901468,27.48774914326203,7.1896421186999895,-239.37360626273204,36.87735989690992,5.517690123986707,2.2824082672712507,-8.277567748345,162.26842999458313
439,/yh/study/new_data/model_dataset_flight/vi/vi_000439.jpg,3,18,-244.13426208496094,34.45677947998047,1253.5904395267883,-7.331669095633584,1256.4161293733152,-4.4788773193641775,-239.84658813476562,29.43720245361328,0.6247586011886597,1254.3596575187626,-7.500950116394121,-235.4981689453125,33.34214782714844,1256.4161376953125,-6.384424686431885,9.0,9.0,2.933464765548706,-0.13164088129997253,3.587329864501953,-0.1336028277873993,0.4430171419440019,1254.3596575187626,-6.547323551295601,-245.0981070613345,28.146948072755677,6.3830219744319345,-238.69562284193526,36.93278007324652,5.438639243025665,2.476000593266054,-8.268119488969184,152.8998340945691
440,/yh/study/new_data/model_dataset_flight/vi/vi_000440.jpg,3,18,-243.38375854492188,34.31979751586914,1254.3596575187626,-6.547323551295601,1256.4161293733152,-5.185930113531123,-239.37974548339844,28.650636672973633,0.6214818954467773,1255.1222399140029,-6.712167587397896,-239.4981689453125,32.28472137451172,1256.4161376953125,-2.277400493621826,9.0,9.0,2.923567295074463,-0.1313147097826004,3.5792291164398193,-0.13314218819141388,0.45077514294365206,1255.1222399140029,-2.924424292744355,-243.79720607249132,31.613154581948162,2.738038500422821,-238.03132139576508,36.986474033689944,5.352437149156807,2.6666765178208047,-8.258958044177653,153.53174100164324
441,/yh/study/new_data/model_dataset_flight/vi/vi_000441.jpg,3,18,-243.58389282226562,34.33510971069336,1255.1222399140029,-2.924424292744355,1256.4161293733152,-4.929952466437789,-239.63961791992188,28.94927978515625,0.6214007139205933,1255.1222399140029,-3.0868413469206857,-239.6871337890625,32.52191925048828,1256.4161376953125,-2.1226470470428467,9.0,9.0,2.899270534515381,-0.12995758652687073,3.5587191581726074,-0.13173869252204895,0.45796701197455814,1255.1222399140029,-2.2633210995482855,-243.69737859356692,32.26667727207119,2.0715433312948823,-238.324695828168,37.18926950940625,5.2591969940976355,2.854159798712893,-8.25028781271741,157.08239295054227
442,/yh/study/new_data/model_dataset_flight/vi/vi_000442.jpg,3,18,-243.7839813232422,34.35041427612305,1255.1222399140029,-2.2633210995482855,1256.4161293733152,-2.6598289579539642,-241.44009399414062,31.520763397216797,0.6542017459869385,1255.1222399140029,-2.423342702655738,-237.55198669433594,32.69145202636719,1256.4161376953125,-4.260919570922852,9.0,9.0,2.793118715286255,-0.12556400895118713,3.4669137001037598,-0.12683065235614777,0.4654571148122705,1255.1222399140029,-3.992820718977617,-243.95853538207624,30.557008864039474,3.7974193526499516,-238.62493825896158,37.38859306723667,5.159043064280601,3.03817879111362,-8.242134994767222,181.81566789280623
443,/yh/study/new_data/model_dataset_flight/vi/vi_000443.jpg,3,18,-243.9658660888672,34.36432647705078,1255.1222399140029,-3.992820718977617,1256.4161293733152,-7.997529828398119,-241.79461669921875,26.175302505493164,0.570782482624054,1255.1222399140029,-4.1481497676111925,-237.10711669921875,32.228763580322266,1256.4161376953125,-4.638339042663574,9.0,9.0,2.7798011302948,-0.12374911457300186,3.4540443420410156,-0.12527596950531006,0.47276995289667983,1255.1222399140029,-4.566821391267939,-244.04521026219388,29.98958993860049,4.375456008085665,-238.91375550364086,37.58279339256819,5.05211058522634,3.218466915517411,-8.234214109764123,167.92230098508298
444,/yh/study/new_data/model_dataset_flight/vi/vi_000444.jpg,3,18,-243.88287353515625,34.3956413269043,1255.1222399140029,-4.566821391267939,1256.4161293733152,-7.036261973765751,-241.7515869140625,27.14114761352539,0.5871434211730957,1255.1222399140029,-4.718469167633219,-237.22552490234375,32.35200500488281,1256.4161376953125,-4.537896156311035,9.0,9.0,2.7739803791046143,-0.12296274304389954,3.448387384414673,-0.12461305409669876,0.477040688757789,1255.1222399140029,-4.564241403611315,-244.0448206805581,29.992140342971837,4.406477935199263,-238.94432802970442,37.79040444385463,4.938545505451831,3.3947631169503283,-8.226506081203205,174.05536107253283
445,/yh/study/new_data/model_dataset_flight/vi/vi_000445.jpg,3,18,-243.7915496826172,34.43009948730469,1255.1222399140029,-4.564241403611315,1256.4161293733152,-6.438741076891536,-241.73008728027344,27.7423152923584,0.5971841216087341,1255.1222399140029,-4.713587591322077,-237.37857055664062,32.45378494262695,1256.4161376953125,-4.400206089019775,9.0,9.0,2.7751169204711914,-0.1228824257850647,3.44930362701416,-0.12456086277961731,0.48110699919147376,1255.1222399140029,-4.445927834019401,-244.02695517106358,30.10909727658452,4.327409831416393,-238.97304542229702,37.99691180183417,4.818504260320162,3.566812314529489,-8.220001073070707,195.80782600678504
446,/yh/study/new_data/model_dataset_flight/vi/vi_000446.jpg,3,18,-243.70034790039062,34.464515686035156,1255.1222399140029,-4.445927834019401,1256.4161293733152,-6.4480194752439575,-241.68060302734375,27.725370407104492,0.5973236560821533,1255.1222399140029,-4.594089915857055,-237.216552734375,32.42106246948242,1256.4161376953125,-4.556227207183838,9.0,9.0,2.779794216156006,-0.12323971837759018,3.453545331954956,-0.12487901747226715,0.4851482833851528,1255.1222399140029,-4.5617513019317215,-244.0444446718268,29.994601892038723,4.483138623093466,-239.00819438410952,38.19888152650122,4.692153516281096,3.7343658404660602,-8.21434962514105,166.6488229529932
447,/yh/study/new_data/model_dataset_flight/vi/vi_000447.jpg,3,18,-243.38027954101562,34.39028549194336,1255.1222399140029,-4.5617513019317215,1256.4161293733152,-7.200087543502637,-241.9414825439453,27.00442886352539,0.5859056711196899,1255.1222399140029,-4.709524523066861,-241.60110473632812,31.15073013305664,1256.4161376953125,-0.039149172604084015,9.0,9.0,2.7960784435272217,-0.12448719888925552,3.4686219692230225,-0.12604209780693054,0.4897431864275731,1255.1222399140029,-0.7205477531125433,-243.464417725564,33.791760493555145,0.6044099666573252,-238.82060964502003,38.28746735956718,4.55966989599561,3.8971818676238192,-8.209261721178773,167.82407008577138
448,/yh/study/new_data/model_dataset_flight/vi/vi_000448.jpg,3,18,-243.06039428710938,34.316097259521484,1255.1222399140029,-0.7205477531125433,1256.4161293733152,-3.419210984691945,-241.46339416503906,30.756132125854492,0.6532160043716431,1255.4424550772278,-0.8689237113168127,-241.46339416503906,30.756132125854492,1256.4161376953125,-0.12160572409629822,9.0,9.0,2.7876384258270264,-0.12391476333141327,3.4610774517059326,-0.12546494603157043,0.4943225081009493,1255.4424550772278,-0.2306379490180146,-243.07389724678075,34.227699850069364,0.08942277068919607,-238.63915460223205,38.37112308429314,4.421239684877317,4.055025824771656,-8.204346386214743,186.3763378933072
449,/yh/study/new_data/model_dataset_flight/vi/vi_000449.jpg,3,18,-242.74037170410156,34.24187469482422,1255.4424550772278,-0.2306379490180146,1256.4161293733152,-3.28514378854579,-241.49156188964844,30.89605712890625,0.6474194526672363,1255.7700158469975,-0.3785843067450654,-241.49156188964844,30.89605712890625,1256.4161376953125,-0.11283702403306961,9.0,9.0,2.7751095294952393,-0.12315243482589722,3.4498543739318848,-0.12470372766256332,0.4974423570869113,1255.7700158469975,-0.15160903005523899,-242.73815896043584,34.2563604677648,0.014653799924124697,-238.46331318447642,38.44954549351644,4.277058519625131,4.207670798692217,-8.199548658570485,189.1913659637794
450,/yh/study/new_data/model_dataset_flight/vi/vi_000450.jpg,3,18,-242.4475860595703,34.182498931884766,1255.7700158469975,-0.15160903005523899,1256.4161293733152,-1.3354445202009433,-236.9649200439453,32.17691421508789,0.6456462740898132,1256.0684101019294,-0.29864464371128296,-241.32754516601562,30.96503448486328,1256.4161376953125,-0.284745454788208,9.0,9.0,2.7632999420166016,-0.12234804034233093,3.4389736652374268,-0.12392742931842804,0.5003301930845044,1256.0684101019294,-0.2867733191228088,-242.4635962176594,34.07768809526522,0.1060265845669165,-238.3202550002114,38.53739685422324,4.127331059358918,4.354897922338474,-8.19533816711229,205.84154094103724
451,/yh/study/new_data/model_dataset_flight/vi/vi_000451.jpg,3,18,-242.1549530029297,34.12315368652344,1256.0684101019294,-0.2867733191228088,1256.4161293733152,-0.841135577117482,-237.1885986328125,32.711124420166016,0.6372544765472412,1256.3666489104157,-0.4326833884692367,-241.4967498779297,31.37010955810547,1256.4161376953125,-0.17252333462238312,9.0,9.0,2.7632033824920654,-0.12261458486318588,3.438884735107422,-0.12413027882575989,0.5011168387778195,1256.3666489104157,-0.21048017493901525,-242.15725677965872,34.108071963718835,0.015256662478147352,-238.1826823629203,38.61965043478067,3.9722706400093943,4.496496748257233,-8.191590634413775,167.2046760795638
452,/yh/study/new_data/model_dataset_flight/vi/vi_000452.jpg,3,18,-241.8621063232422,34.06376266479492,1256.3666489104157,-0.21048017493901525,1256.4161293733152,-0.9134541008747904,-237.1475372314453,32.63169479370117,0.643613874912262,1256.4161293733152,-0.35612460128484047,-241.3539276123047,31.45276641845703,1256.4161376953125,-0.32530704140663147,9.0,9.0,2.7761781215667725,-0.12363393604755402,3.450815439224243,-0.12507472932338715,0.5029761976967968,1256.4161293733152,-0.3298032627978448,-242.1263616298631,33.98264547040895,0.27642515497394743,-238.0500074105947,38.69602827132714,3.8120989126474902,4.632265606532217,-8.18887942283925,197.1467250259593
453,/yh/study/new_data/model_dataset_flight/vi/vi_000453.jpg,3,18,-241.80137634277344,34.07073211669922,1256.4161293733152,-0.3298032627978448,1256.4161293733152,-4.434929169675208,-237.36550903320312,32.61308670043945,0.6490464210510254,1256.4161293733152,-0.4760492639222268,-241.5340118408203,31.271940231323242,1256.4161376953125,-0.12218698859214783,9.0,9.0,2.775650978088379,-0.1237279623746872,3.4505972862243652,-0.12512950599193573,0.5051841097068563,1256.4161293733152,-0.17381479878121908,-242.10280716020642,34.13684530136041,0.3085959994626687,-238.1543308762989,38.83274406322995,3.6470454664745295,4.762011946530736,-8.186466338349826,155.0115280551836
454,/yh/study/new_data/model_dataset_flight/vi/vi_000454.jpg,3,18,-241.73477172851562,34.078372955322266,1256.4161293733152,-0.17381479878121908,1256.4161293733152,-4.529580646022554,-237.32708740234375,33.026920318603516,0.6429415941238403,1256.4161293733152,-0.32027352888280447,-241.44381713867188,31.851917266845703,1256.4161376953125,-0.2908448874950409,9.0,9.0,2.785757303237915,-0.12405690550804138,3.4593520164489746,-0.12554873526096344,0.5067447545713514,1256.4161293733152,-0.29513846840945873,-242.12112719888947,34.0169127828564,0.39121337181559535,-238.25742429129002,38.96392561709641,3.4773474372256152,4.885552661774141,-8.184125077568392,152.32087101321667
455,/yh/study/new_data/model_dataset_flight/vi/vi_000455.jpg,3,18,-241.66806030273438,34.086029052734375,1256.4161293733152,-0.29513846840945873,1256.4161293733152,-4.569830881010479,-237.21331787109375,32.497108459472656,0.6377536058425903,1256.4161293733152,-0.4418549736985365,-241.48707580566406,31.191158294677734,1256.4161376953125,-0.15763536095619202,9.0,9.0,2.784590721130371,-0.12427646666765213,3.4586243629455566,-0.12567758560180664,0.5089656332686633,1256.4161293733152,-0.19910244360857615,-242.1066256288767,34.11184761590898,0.4393246447659598,-238.36481120096227,39.08874345002093,3.3032491017721015,5.002714397286557,-8.182057024353758,171.75671202130616
456,/yh/study/new_data/model_dataset_flight/vi/vi_000456.jpg,3,18,-241.79104614257812,34.13848876953125,1256.4161293733152,-0.19910244360857615,1256.4161293733152,-4.7206628991758,-237.08753967285156,32.688961029052734,0.6353346109390259,1256.4161293733152,-0.3459955425589622,-241.48248291015625,31.473880767822266,1256.4161376953125,-0.20084674656391144,9.0,9.0,2.7920429706573486,-0.12455622851848602,3.4653573036193848,-0.12601156532764435,0.5098903234884067,1256.4161293733152,-0.222023670500815,-242.11008676522889,34.08918921399275,0.32282714427023984,-238.66604468284214,39.251822608347254,3.125001459735985,5.113333838816008,-8.179935450203676,183.10429202392697
457,/yh/study/new_data/model_dataset_flight/vi/vi_000457.jpg,3,18,-241.9029541015625,34.186214447021484,1256.4161293733152,-0.222023670500815,1256.4161293733152,-4.766638079338554,-236.99148559570312,32.329345703125,0.6382350921630859,1256.4161293733152,-0.3691539661350847,-236.99148559570312,32.329345703125,1256.4161376953125,-4.766638278961182,9.0,9.0,2.7869551181793213,-0.12463556230068207,3.4612417221069336,-0.1259482204914093,0.5114553973036916,1256.4161293733152,-4.125053964271998,-242.69944963384415,30.23091280046389,4.034701506704783,-238.96009229860408,39.40347243038109,2.9428618029584053,5.217257983359607,-8.178232812109638,181.43066705670208
458,/yh/study/new_data/model_dataset_flight/vi/vi_000458.jpg,3,18,-241.96078491210938,34.227012634277344,1256.4161293733152,-4.125053964271998,1256.4161293733152,-3.899342647452658,-237.343505859375,28.537090301513672,0.5946029424667358,1256.4161293733152,-4.272271834030604,-237.08616638183594,32.20114517211914,1256.4161376953125,-4.655315399169922,9.0,9.0,2.7746481895446777,-0.12388958036899567,3.450321674346924,-0.12519674003124237,0.5118190515161419,1256.4161293733152,-4.599430096175385,-242.7710810732279,29.76197607614873,4.537965550127988,-239.20369163842133,39.541357024743505,2.7570932736880334,5.3143443904661645,-8.176578305504911,192.97626498155296
459,/yh/study/new_data/model_dataset_flight/vi/vi_000459.jpg,3,18,-242.0187225341797,34.26787185668945,1256.4161293733152,-4.599430096175385,1256.4161293733152,-3.815419723356028,-237.38995361328125,28.25985336303711,0.5873544216156006,1256.4161293733152,-4.746087995197487,-237.11814880371094,32.045616149902344,1256.4161376953125,-4.602365493774414,9.0,9.0,2.7679762840270996,-0.12347075343132019,3.4441473484039307,-0.1247791275382042,0.5126886199748492,1256.4161293733152,-4.623334324137717,-242.77469064407504,29.738345944689627,4.592177345296739,-239.45075812179843,39.67233327051883,2.5679644123812677,5.404461413829373,-8.175375605241605,181.04525795206428
460,/yh/study/new_data/model_dataset_flight/vi/vi_000460.jpg,3,18,-242.07655334472656,34.30866622924805,1256.4161293733152,-4.623334324137717,1256.4161293733152,-3.7270971932526553,-237.4873046875,28.319189071655273,0.5881665945053101,1256.4161293733152,-4.769403075949699,-237.21844482421875,32.040313720703125,1256.4161376953125,-4.502286434173584,9.0,9.0,2.76188325881958,-0.12302413582801819,3.4385764598846436,-0.12435164302587509,0.5136346011748959,1256.4161293733152,-4.541258226990706,-242.76229704207393,29.819480920823988,4.5412585427194125,-239.70080464870136,39.796154641977,2.3757486960251946,5.487488412728949,-8.174289498441867,158.91898702830076
461,/yh/study/new_data/model_dataset_flight/vi/vi_000461.jpg,3,18,-242.0294647216797,34.86949157714844,1256.4161293733152,-4.541258226990706,1256.4161293733152,-3.5460039427467387,-237.64894104003906,28.165802001953125,0.5805110931396484,1256.965245162921,-4.686698373317725,-237.08474731445312,34.32231140136719,1256.4161376953125,-4.946785926818848,9.0,9.0,2.7399709224700928,-0.12184351682662964,3.4182512760162354,-0.12315140664577484,0.5141852318158753,1256.4208415812632,-4.908839664160104,-242.81844618323728,29.460782194696293,5.465951786332131,-239.84874065376457,40.432807520068096,2.1807240679151123,5.563315942919655,-8.088143753527545,163.3170529967174
462,/yh/study/new_data/model_dataset_flight/vi/vi_000462.jpg,3,18,-241.9866180419922,35.37950897216797,1256.4208415812632,-4.908839664160104,1256.4161293733152,-3.5645460301667486,-237.63742065429688,28.217941284179688,0.5773383378982544,1257.4646122269078,-5.053106835781427,-237.1124267578125,34.07466125488281,1256.4161376953125,-4.885500907897949,9.0,9.0,2.7395198345184326,-0.12172071635723114,3.417783260345459,-0.12305127084255219,0.515297271990118,1256.425119369957,-4.909954283221046,-242.8191980497338,29.46391774220303,5.9738939620091305,-240.00344558215636,41.01135489878072,1.9831724598358376,5.6318459266127565,-7.864880220614068,158.8025139644742
463,/yh/study/new_data/model_dataset_flight/vi/vi_000463.jpg,3,18,-241.9438018798828,35.889404296875,1256.425119369957,-4.909954283221046,1256.4161293733152,-3.6891196584381145,-237.46324157714844,27.867155075073242,0.570919930934906,1257.9638625405287,-5.053600404246131,-236.9200439453125,33.88814926147461,1256.4161376953125,-5.050571441650391,9.0,9.0,2.731872320175171,-0.12129389494657516,3.410639762878418,-0.1226106584072113,0.5158594819361747,1256.4293961585176,-5.051013361337413,-242.84108057464928,29.3287123513217,6.62176621910875,-240.16042257227332,41.58239609811513,1.7833793076094908,5.69299180124013,-7.505455338972438,177.9943930450827
464,/yh/study/new_data/model_dataset_flight/vi/vi_000464.jpg,3,18,-241.87908935546875,36.535308837890625,1256.4293961585176,-5.051013361337413,1256.4161293733152,-3.5547214538459135,-237.6895294189453,28.523574829101562,0.5823943614959717,1258.5948501116536,-5.194057207229365,-237.12777709960938,34.50383377075195,1256.4161376953125,-4.928983211517334,9.0,9.0,2.730792760848999,-0.12113340944051743,3.4091103076934814,-0.12250614911317825,0.5162937325569994,1256.434801463938,-4.967656986290059,-242.82922865435535,29.416466817570107,7.181968838526788,-240.2974562944806,42.28198748462677,1.5816330609881513,5.746678646736142,-6.855908548419427,212.9199909977615
465,/yh/study/new_data/model_dataset_flight/vi/vi_000465.jpg,3,18,-241.814453125,37.18061065673828,1256.434801463938,-4.967656986290059,1256.4161293733152,-3.9106950803670344,-237.29580688476562,28.274574279785156,0.5870234966278076,1259.2252510556539,-5.1103220744667865,-236.79229736328125,34.55284881591797,1256.4161376953125,-5.268013954162598,9.0,9.0,2.734607219696045,-0.12139508128166199,3.412893295288086,-0.12274660915136337,0.5173964879428391,1256.440201744063,-5.245007018976588,-242.87184091409247,29.147645568265368,8.102258762169134,-240.43622843612178,42.973453947857884,1.378224688878208,5.7928432911196035,-5.983284886909743,187.5835789833218
466,/yh/study/new_data/model_dataset_flight/vi/vi_000466.jpg,3,18,-241.749755859375,37.82636260986328,1256.440201744063,-5.245007018976588,1256.4161293733152,-4.166932564983626,-237.1055450439453,28.77010726928711,0.597091019153595,1259.856089558916,-5.387667592101473,-236.6460723876953,34.913028717041016,1256.4161376953125,-5.462119102478027,9.0,9.0,2.7348222732543945,-0.12116564810276031,3.413130760192871,-0.12256908416748047,0.5179150487112312,1256.445605772505,-5.451256773504347,-242.90371552865585,28.949112749667073,8.951937667269604,-240.57630867848331,43.65779700406823,1.1734471808916909,5.831434394204946,-4.874974961792857,152.27522398345172
467,/yh/study/new_data/model_dataset_flight/vi/vi_000467.jpg,3,18,-241.69378662109375,38.54419708251953,1256.445605772505,-5.451256773504347,1256.4161293733152,-4.088671698886381,-237.14694213867188,28.49768829345703,0.5926669836044312,1260.5595269696523,-5.593698701891035,-236.2808837890625,39.59075927734375,1260.8560791015625,-6.463545799255371,9.0,9.0,2.863612174987793,-0.13043200969696045,3.5295963287353516,-0.13149073719978333,0.518552870985834,1260.5595269696523,-6.336636818086495,-243.06960943048117,32.09087044687954,6.598356846146715,-240.7261915748655,44.406609591837615,0.967595046228253,5.862412509318084,-3.3422820144308187,168.6553250765428
468,/yh/study/new_data/model_dataset_flight/vi/vi_000468.jpg,3,18,-241.6322021484375,39.33401870727539,1260.5595269696523,-6.336636818086495,1256.4161293733152,-0.4680611081176056,-241.16323852539062,31.11532974243164,0.6659108400344849,1261.3335074087508,-6.486182010805001,-236.6483612060547,38.63489532470703,1259.95947265625,-5.968808174133301,9.0,9.0,2.904973030090332,-0.13324537873268127,3.5655503273010254,-0.13423313200473785,0.5185470546528689,1259.9712432169315,-6.044291999617559,-243.1065447323772,31.810606922736632,7.666512305772073,-240.87123833754487,45.219768830216175,0.760963810892635,5.8857501229407845,-1.2592556992506814,161.15700697991997
469,/yh/study/new_data/model_dataset_flight/vi/vi_000469.jpg,3,18,-241.57615661621094,40.05275344848633,1259.9712432169315,-6.044291999617559,1256.4161293733152,0.6996073165052723,-241.59835815429688,25.728500366210938,0.5594847798347473,1262.0378261978221,-6.1988671985063375,-236.6586151123047,38.87383270263672,1260.197509765625,-5.9913249015808105,9.0,9.0,2.9437100887298584,-0.1355925351381302,3.598022937774658,-0.1365693360567093,0.5169020462799536,1260.2132746916568,-6.021604914622269,-243.0843594384352,32.06838802448182,8.125562563724676,-241.0223071019553,45.954185120740576,0.5538495142556298,5.9014316722542475,1.0385268000463788,135.5002149939537
470,/yh/study/new_data/model_dataset_flight/vi/vi_000470.jpg,3,18,-241.46749877929688,41.62010955810547,1260.2132746916568,-6.021604914622269,1256.4161293733152,-0.38533579203782603,-241.205078125,30.81346893310547,0.6526451706886292,1263.575599722795,-6.180084411458932,-236.46734619140625,39.76784896850586,1261.0570068359375,-6.303051471710205,9.0,9.0,3.0033390522003174,-0.1395697295665741,3.646758794784546,-0.14048588275909424,0.5109033792805371,1261.0785821638924,-6.285110819403488,-242.9895012370158,32.648244445500175,9.100046982301047,-241.12095057333102,47.52956309870557,0.34654820596585006,5.909453540600103,7.61813338263055,140.48568403813988
471,/yh/study/new_data/model_dataset_flight/vi/vi_000471.jpg,3,18,-241.36863708496094,43.04602813720703,1261.0785821638924,-6.285110819403488,1256.4161293733152,-0.1999878594240628,-241.38804626464844,30.783496856689453,0.6551146507263184,1264.9746039932963,-6.448561805550415,-236.14785766601562,48.541961669921875,1269.7049560546875,-7.81937837600708,9.0,9.0,3.0993950366973877,-0.14623960852622986,3.7227561473846436,-0.14696665108203888,0.49455473453272975,1264.9746039932963,-7.619378933745102,-241.23564901294029,35.437609672881656,7.609580629416254,-241.229281640746,48.95585216813169,0.1393554442149417,5.9098240309246615,15.8207170768361,153.17298204172403
472,/yh/study/new_data/model_dataset_flight/vi/vi_000472.jpg,3,18,-241.269775390625,44.472137451171875,1264.9746039932963,-7.619378933745102,1256.4161293733152,-4.526939776327238,-237.32803344726562,33.014461517333984,0.6562814712524414,1266.3737972068814,-7.790896827417091,-236.81173706054688,50.33469772338867,1271.5716552734375,-7.406888008117676,9.0,9.0,3.156953811645508,-0.14955760538578033,3.76605224609375,-0.15035480260849,0.4809038010636659,1266.3737972068814,-7.462914139796241,-240.18214299779245,37.45766974365884,7.098288627668068,-241.3372095942686,50.374700768490655,-0.06743420364357423,5.902563317318778,26.37629268459698,165.37667205557227
473,/yh/study/new_data/model_dataset_flight/vi/vi_000473.jpg,3,18,-241.15740966796875,46.194480895996094,1266.3737972068814,-7.462914139796241,1259.2074384736768,-6.042464634532036,-236.47256469726562,37.900047302246094,0.5992454290390015,1268.0645950578903,-7.640976459551795,-236.22720336914062,54.69487380981445,1275.8109130859375,-8.582174301147461,9.0,9.0,3.192073106765747,-0.1513250321149826,3.7916088104248047,-0.15222778916358948,0.46917673978472424,1268.0645950578903,-8.444855386688612,-238.1049396733283,39.49540878562835,7.361734864017264,-241.43093732510027,52.0821842708091,-0.2735276571315285,5.887703374813009,41.71637378383916,166.12090403214097
474,/yh/study/new_data/model_dataset_flight/vi/vi_000474.jpg,3,18,-241.04513549804688,47.91563415527344,1268.0645950578903,-8.444855386688612,1260.9629543180383,-9.889898483843837,-232.90133666992188,40.165199279785156,0.6054372787475586,1269.754226423681,-8.627541596367262,-237.89077758789062,56.4654541015625,1277.7923583984375,-7.1763505935668945,9.0,9.0,3.2138900756835938,-0.1524878293275833,3.807328224182129,-0.153433695435524,0.4586150261720631,1269.754226423681,-7.388076507471617,-237.69230357885596,43.51624438409374,5.531375257303199,-241.5237693124058,53.78092204290701,-0.47863381435890734,5.865287887633568,57.66018111617498,174.79385901242495
475,/yh/study/new_data/model_dataset_flight/vi/vi_000475.jpg,3,18,-240.94297790527344,49.48151397705078,1269.754226423681,-7.388076507471617,1270.6872384529531,-7.7709637009046215,-236.33013916015625,49.50837326049805,0.6078373193740845,1271.291426422406,-7.574092083595808,-238.7322540283203,56.912960052490234,1278.3507080078125,-6.403974533081055,9.0,9.0,3.221644163131714,-0.15232977271080017,3.812554121017456,-0.15345101058483124,0.451519366758919,1271.291426422406,-6.574692382957893,-237.93736068803446,46.78232749587804,4.039720598842084,-241.62544194371483,55.31688611322119,-0.6824640384413864,5.835372136170409,70.35521498473922,192.14877707418054
476,/yh/study/new_data/model_dataset_flight/vi/vi_000476.jpg,3,18,-240.92977905273438,51.15644073486328,1271.291426422406,-6.574692382957893,1274.8503923546969,-7.356636730810825,-237.30987548828125,53.57575988769531,0.6381015777587891,1272.948813860952,-6.762281432297187,-239.84756469726562,63.8410758972168,1285.3663330078125,-6.24654483795166,9.0,9.0,3.2313387393951416,-0.15332850813865662,3.819700241088867,-0.15433573722839355,0.44286172845995764,1272.948813860952,-6.321789792999756,-238.10293701963707,49.638707335912386,3.208512201999044,-241.81451169040318,56.95446359781717,-0.8847326376688043,5.7980228629538875,80.93244688227513,158.0417639343068
477,/yh/study/new_data/model_dataset_flight/vi/vi_000477.jpg,3,18,-240.91661071777344,52.82960891723633,1272.948813860952,-6.321789792999756,1275.6183774322894,-3.2461936749089886,-241.48672485351562,53.774436950683594,0.6524229049682617,1274.604463417476,-6.511276386007798,-239.74383544921875,64.02754211425781,1285.536865234375,-6.37479829788208,9.0,9.0,3.2363293170928955,-0.15351058542728424,3.823137044906616,-0.1545497477054596,0.4365378003817456,1274.604463417476,-6.394710182589624,-238.17310522566285,52.09880139933279,2.8391727692173427,-242.00176805625878,58.582927035216706,-1.0851573384853417,5.753318117980376,88.42227904412091,153.29360403120518
478,/yh/study/new_data/model_dataset_flight/vi/vi_000478.jpg,3,18,-240.90213012695312,54.669002532958984,1274.604463417476,-6.394710182589624,1279.2515493477672,-4.523067668759803,-240.7186737060547,57.54808807373047,0.6462899446487427,1276.4245974233097,-6.585439145011041,-240.12362670898438,63.578086853027344,1285.1435546875,-5.937112808227539,9.0,9.0,3.2258036136627197,-0.15181003510951996,3.8150298595428467,-0.15314647555351257,0.4342983521076277,1276.4245974233097,-6.031702345992797,-238.7915377182678,54.48606690441699,2.1185055486805364,-242.1855898773144,60.37034961672982,-1.2834597503612934,5.701347083770837,93.8436862693887,178.54456300847232
479,/yh/study/new_data/model_dataset_flight/vi/vi_000479.jpg,3,18,-241.29090881347656,56.285118103027344,1276.4245974233097,-6.031702345992797,1278.7025135567376,-4.46508275030785,-240.70103454589844,56.996280670166016,0.6490020751953125,1278.0786956419647,-6.2216740612046655,-242.78799438476562,68.28206634521484,1290.167724609375,-3.941032886505127,9.0,9.0,3.232673168182373,-0.15305618941783905,3.8205642700195312,-0.15415936708450317,0.4273405771383532,1278.0786956419647,-4.273773949583799,-240.79128692715676,56.24018799340964,0.5016380607968408,-242.7702746351327,61.92732798361584,-1.4793658216561312,5.642209880588498,96.79237823989823,211.5571399917826
480,/yh/study/new_data/model_dataset_flight/vi/vi_000480.jpg,3,18,-241.7179412841797,58.060272216796875,1278.0786956419647,-4.273773949583799,1285.1733336864925,-6.124313060479746,-239.9422607421875,63.633209228515625,0.6717543005943298,1279.8955694981937,-4.4648252986276455,-242.28106689453125,67.03837585449219,1288.8663330078125,-4.273126602172852,9.0,9.0,3.1761651039123535,-0.14710582792758942,3.778635025024414,-0.14892008900642395,0.4330492012218823,1279.8955694981937,-4.301095065058105,-241.02584748872576,58.15001223698037,0.6978875933331662,-243.39054756977646,63.636289569079786,-1.6726062855967767,5.576017352282913,98.2223055692647,179.1263420600444
481,/yh/study/new_data/model_dataset_flight/vi/vi_000481.jpg,3,18,-242.10719299316406,59.67837905883789,1279.8955694981937,-4.301095065058105,1284.8255697592954,-5.893497545406052,-240.12335205078125,63.25714874267578,0.6580647230148315,1281.5517049673579,-4.4874801899799035,-242.4841766357422,66.61225128173828,1288.4720458984375,-4.01365327835083,9.0,9.0,3.152594804763794,-0.14499740302562714,3.7609312534332275,-0.1469978243112564,0.43496320165421964,1281.5517049673579,-4.082783693095497,-241.46936252956186,59.766428025997115,0.6438791198018482,-243.97011008868068,65.18126989210595,-1.8629170955166179,5.502890833268047,98.29670435702162,178.59866691287607
482,/yh/study/new_data/model_dataset_flight/vi/vi_000482.jpg,3,18,-242.8861541748047,61.41960144042969,1281.5517049673579,-4.082783693095497,1285.7023839010217,-6.211948025270968,-239.92779541015625,64.16927337646484,0.6863412857055664,1283.3830912790443,-4.265506783148101,-242.97857666015625,69.65142059326172,1291.5501708984375,-3.9394969940185547,9.0,9.0,3.170959949493408,-0.14716286957263947,3.7749977111816406,-0.14887312054634094,0.4315956249087125,1283.3830912790443,-3.9870611812359105,-241.81462362049214,61.56752030597576,1.0816920632092055,-244.93619402333414,66.84256333761026,-2.0500398485294418,5.422961897180569,98.29598684031323,149.48279899545014
483,/yh/study/new_data/model_dataset_flight/vi/vi_000483.jpg,3,18,-243.60806274414062,63.03327941894531,1283.3830912790443,-3.9870611812359105,1289.1377783440544,-6.550156997113117,-240.0625457763672,67.61864471435547,0.6843067407608032,1285.080329539218,-4.170244016814829,-242.79623413085938,69.96038818359375,1291.831298828125,-4.162376880645752,9.0,9.0,3.0772006511688232,-0.14066126942634583,3.704200267791748,-0.1425711214542389,0.44270071208635986,1285.080329539218,-4.163524680344066,-241.87191120639432,63.272945534713834,1.7526157619588056,-245.8417849409811,68.36965150674696,-2.2337221968404886,5.336372087801646,98.29434180525989,147.95112190768123
484,/yh/study/new_data/model_dataset_flight/vi/vi_000484.jpg,3,18,-244.32330322265625,64.63209533691406,1285.080329539218,-4.163524680344066,1289.334236839185,-6.599180769501134,-240.0408477783203,67.81996154785156,0.6810692548751831,1286.7619335084685,-4.341110341755352,-242.85623168945312,70.11045837402344,1292.0390625,-2.9231255054473877,9.0,9.0,3.0537619590759277,-0.13883838057518005,3.685624122619629,-0.14086496829986572,0.4474787762563276,1286.7619335084685,-3.1300067049524825,-243.12567564326088,64.79742119923112,1.2089848881103937,-246.7370214685807,69.87536796977624,-2.413718245924467,5.243272632862171,98.29715931165337,163.05165900848806
485,/yh/study/new_data/model_dataset_flight/vi/vi_000485.jpg,3,18,-245.63450622558594,67.1124267578125,1286.7619335084685,-3.1300067049524825,1289.569009669638,-4.491921761565214,-242.16041564941406,67.76436614990234,0.685255229473114,1289.3982684322427,-3.303654615309004,-250.6522216796875,73.98622131347656,1297.66015625,-1.1793909072875977,9.0,9.0,3.122811794281006,-0.14489661157131195,3.7396135330200195,-0.14642882347106934,0.43867103387818457,1289.3982684322427,-1.489316805455075,-245.11146540880156,67.18462964922003,0.5280009029822504,-248.22429516442057,72.25625089919752,-2.5897889388346216,5.143824141385022,98.3006630119346,176.8177569610998
486,/yh/study/new_data/model_dataset_flight/vi/vi_000486.jpg,3,18,-246.94790649414062,69.5969467163086,1289.3982684322427,-1.489316805455075,1291.2334050536115,-4.6871785178784515,-242.19459533691406,69.43982696533203,0.7251648902893066,1292.0390527814666,-1.666704117509709,-249.64442443847656,73.60354614257812,1296.63037109375,-1.4980818033218384,9.0,9.0,3.149216413497925,-0.1453203558921814,3.758512496948242,-0.14718899130821228,0.43720566481652595,1292.0390527814666,-1.5226834674082765,-245.4395332937204,69.80516905478527,1.5226773308835606,-249.70960892007898,74.6351430015596,-2.7617024259383407,5.038196285251005,98.29985771662321,180.54025305900723
487,/yh/study/new_data/model_dataset_flight/vi/vi_000487.jpg,3,18,-248.10235595703125,70.97038269042969,1292.0390527814666,-1.5226834674082765,1292.0390527814666,-2.8811950976453224,-242.6027069091797,69.85926818847656,0.6951289176940918,1293.7942598680086,-1.7019613195858965,-249.61180114746094,73.95365905761719,1296.820068359375,-1.7940998077392578,9.0,9.0,3.154301166534424,-0.14581216871738434,3.762350559234619,-0.14763228595256805,0.43619124832264683,1293.7942598680086,-1.7806569834849557,-246.5700354408377,70.93958593287705,1.5326299633712714,-251.0315903764408,75.89695015613619,-2.929234419409544,4.926567465706494,98.91060159789397,177.94850596692413
488,/yh/study/new_data/model_dataset_flight/vi/vi_000488.jpg,3,18,-249.25552368164062,72.34230041503906,1293.7942598680086,-1.7806569834849557,1293.2286255004353,-5.366232635713478,-244.58258056640625,74.5584716796875,0.6471459865570068,1295.5475263953615,-1.9611405482194146,-249.24346923828125,81.7523193359375,1301.329833984375,-8.167254447937012,9.0,9.0,3.173203229904175,-0.14795559644699097,3.7769176959991455,-0.14948739111423492,0.4336659726400197,1295.5475263953615,-7.261794632737711,-242.5661973838267,73.04310517718255,6.725935892741462,-252.34769221348603,77.15142488059817,-3.0921685318454024,4.809124465559111,100.64421222417577,161.6584740113467
489,/yh/study/new_data/model_dataset_flight/vi/vi_000489.jpg,3,18,-250.52227783203125,73.84934997558594,1295.5475263953615,-7.261794632737711,1292.0390527814666,-8.002706418793414,-240.65965270996094,74.8400650024414,0.6098307371139526,1297.4734879387627,-7.444617307250574,-252.47769165039062,81.84278869628906,1303.9345703125,-6.247912883758545,9.0,9.0,3.197817087173462,-0.1498582363128662,3.79518723487854,-0.1512773036956787,0.4275532734979756,1297.4734879387627,-6.422509706126337,-244.97962334771447,74.4144610789404,5.571388452769334,-253.7725744304411,78.53541206342261,-3.2502965984098444,4.686062087836675,103.69215574772457,157.2221090318635
490,/yh/study/new_data/model_dataset_flight/vi/vi_000490.jpg,3,18,-251.84426879882812,75.05020141601562,1297.4734879387627,-6.422509706126337,1295.395233125377,-2.9368720893903055,-247.78543090820312,73.97732543945312,0.6709603071212769,1299.2545208245465,-6.608119553433542,-257.013916015625,80.30984497070312,1306.566162109375,-2.2477173805236816,9.0,9.0,3.212489366531372,-0.15056677162647247,3.8055758476257324,-0.1520356386899948,0.4229882792136006,1299.2545208245465,-2.883891483911833,-249.87683059793585,74.88114704716256,1.9746879383736917,-255.24768778077507,79.60778419772485,-3.4034189819469343,4.557582781709225,107.43249051552318,173.80768700968474
491,/yh/study/new_data/model_dataset_flight/vi/vi_000491.jpg,3,18,-253.2986602783203,76.3713150024414,1299.2545208245465,-2.883891483911833,1305.544288996319,-0.12033885356684325,-257.51788330078125,78.00418090820312,0.5134886503219604,1301.2139246868828,-3.071424445280394,-259.28216552734375,83.00192260742188,1310.0108642578125,-2.9733619689941406,9.0,9.0,3.1715917587280273,-0.14677560329437256,3.775269031524658,-0.1486155092716217,0.4278060972189719,1301.2139246868828,-2.987669091468992,-251.407600808189,76.36002247100863,1.8910931867149026,-256.85000513886695,80.79521125893864,-3.5513448605466222,4.423896256497233,112.36354561707086,151.6081989975646
492,/yh/study/new_data/model_dataset_flight/vi/vi_000492.jpg,3,18,-254.750244140625,77.68987274169922,1301.2139246868828,-2.987669091468992,1305.7484312001031,1.8086022238104527,-258.86602783203125,76.60955047607422,0.5710703134536743,1303.169542640819,-3.172663595324697,-261.8756103515625,83.94738006591797,1312.6368408203125,-2.1222667694091797,9.0,9.0,3.1879618167877197,-0.14856086671352386,3.787567615509033,-0.15017008781433105,0.42500708036101537,1303.169542640819,-2.275517600967826,-253.70037318925074,77.49546224259485,1.0677192780415183,-258.4441366377094,81.97509182631157,-3.6938924970843945,4.285219084612354,117.84537392675458,173.5124388942495
493,/yh/study/new_data/model_dataset_flight/vi/vi_000493.jpg,3,18,-256.15155029296875,78.97294616699219,1303.169542640819,-2.275517600967826,1308.6113069126293,4.158001603686819,-262.56842041015625,76.51997375488281,0.5614486336708069,1305.0636942589174,-2.461082327558936,-266.5707092285156,80.81150817871094,1314.4071044921875,3.2390494346618652,9.0,9.0,3.189619302749634,-0.1485915333032608,3.788802146911621,-0.15021997690200806,0.4243414037212036,1305.0636942589174,2.4074114184361295,-259.2344314209195,76.30580669685258,4.076492242388249,-259.9824397832688,83.11472046128698,-3.8308894903000255,4.141774294294795,123.32999254297934,146.79332601372153
494,/yh/study/new_data/model_dataset_flight/vi/vi_000494.jpg,3,18,-257.68707275390625,80.37890625,1305.0636942589174,2.4074114184361295,1311.8690802611886,5.18332882916514,-265.76708984375,77.71701049804688,0.5735613703727722,1307.139263328958,2.2215599040966825,-266.689453125,83.74578857421875,1316.3067626953125,0.9995070099830627,9.0,9.0,3.1465694904327393,-0.14565666019916534,3.757007122039795,-0.14735719561576843,0.4301630460911552,1307.139263328958,1.1778021243731223,-259.7685630725644,78.15506349271404,3.0459938535395747,-261.6492457609282,84.37269720303011,-3.9621730070219456,3.993790953030111,129.09896417210544,162.11956506595016
495,/yh/study/new_data/model_dataset_flight/vi/vi_000495.jpg,3,18,-259.0905456542969,81.66397857666016,1307.139263328958,1.1778021243731223,1311.7666595312196,4.624888836834872,-265.3426513671875,78.09410095214844,0.5649314522743225,1309.0363529630492,0.9945000944058142,-265.2005310058594,90.11920166015625,1319.0560302734375,-4.940067768096924,9.0,9.0,3.159026622772217,-0.14676077663898468,3.766176700592041,-0.14837326109409332,0.42799240663683985,1309.0363529630492,-4.074225985799962,-257.38207394427013,82.85603229683981,2.0832349017227663,-263.1781356494836,85.50548231920357,-4.087589995186732,3.8415037425434058,133.789106177214,222.6450650487095
496,/yh/study/new_data/model_dataset_flight/vi/vi_000496.jpg,3,18,-260.5148010253906,82.92538452148438,1309.0363529630492,-4.074225985799962,1313.9100593998885,0.716365864673665,-264.62628173828125,82.49382019042969,0.5320990085601807,1310.9352556121546,-4.257513367925816,-272.240234375,82.02581787109375,1319.6229248046875,5.771559715270996,9.0,9.0,3.1754887104034424,-0.14714862406253815,3.7780723571777344,-0.14895454049110413,0.4262816043323103,1310.9352556121546,4.3083376720943685,-264.7670488815549,78.06535327981834,6.457671058533686,-264.7217984027389,86.61053704776562,-4.206997377348263,3.6851525262812435,137.64615452571957,175.05788907874376
497,/yh/study/new_data/model_dataset_flight/vi/vi_000497.jpg,3,18,-262.0736999511719,84.30602264404297,1310.9352556121546,4.3083376720943685,1314.2181874463752,9.783142598282206,-270.4496765136719,75.53756713867188,0.7379095554351807,1313.0136631333012,4.124658732155823,-275.39483642578125,84.88362884521484,1323.8681640625,5.460838317871094,9.0,9.0,3.2020158767700195,-0.15022119879722595,3.7980761528015137,-0.15160714089870453,0.42007744468841157,1313.0136631333012,5.265892343577924,-266.84621586340484,78.45815563299892,7.548142600095339,-266.3939621755853,87.83100455434747,-4.320262224413397,3.5249819103045015,140.67555863976617,180.58241193648428
498,/yh/study/new_data/model_dataset_flight/vi/vi_000498.jpg,3,18,-263.5023498535156,85.5712890625,1313.0136631333012,5.265892343577924,1317.4500931484845,10.0,-274.38330078125,75.75146484375,0.7353758215904236,1314.9184053935073,5.079249085840765,-275.0074768066406,85.65959930419922,1324.0404052734375,4.610846519470215,9.0,9.0,3.201772451400757,-0.14997825026512146,3.79774808883667,-0.15142354369163513,0.41924771010638723,1314.9184053935073,4.67918553290728,-267.87637312897016,80.00396012039839,7.080058697763758,-267.92961176290277,88.93252986102262,-4.427261909387144,3.3612407985226205,142.18357721446202,162.38787304610014
499,/yh/study/new_data/model_dataset_flight/vi/vi_000499.jpg,3,18,-264.9350280761719,86.8134536743164,1314.9184053935073,4.67918553290728,1320.5168202965688,9.395043203086496,-275.1750183105469,79.72021484375,0.622707724571228,1316.8121035183037,4.4915112638271175,-274.7181091308594,91.08394622802734,1327.1510009765625,0.15758883953094482,9.0,9.0,3.1972529888153076,-0.1498270183801651,3.7945761680603027,-0.15123039484024048,0.41856890669676433,1316.8121035183037,0.7898995996621565,-266.95876302747666,84.22205579675291,3.287985114469526,-269.4629123171273,90.00763561752294,-4.5278842409554265,3.194181943206533,142.43501919668427,169.8798289289698
500,/yh/study/new_data/model_dataset_flight/vi/vi_000500.jpg,3,18,-266.5103759765625,88.1793212890625,1316.8121035183037,0.7898995996621565,1320.5645497346807,9.936250768155654,-275.5457458496094,79.32304382324219,0.615471601486206,1318.8943840025381,0.601898592820497,-284.32830810546875,84.69731140136719,1330.7943115234375,11.106181144714355,9.0,9.0,3.212932825088501,-0.15091198682785034,3.806051731109619,-0.1522761434316635,0.4147452280611737,1318.8943840025381,9.573626974435296,-274.0062259908655,78.58086581687942,12.178592483879562,-271.1324035533393,91.20338278078596,-4.622027576776833,3.0240614917234643,142.43352442579268,182.05753597430885
501,/yh/study/new_data/model_dataset_flight/vi/vi_000501.jpg,3,18,-267.94476318359375,89.4229507446289,1318.8943840025381,9.573626974435296,1322.853615128376,10.0,-280.5284423828125,76.66175842285156,0.6732748746871948,1320.7903306514975,9.384419554682221,-284.5898742675781,84.01087951660156,1330.577880859375,11.808178901672363,9.0,9.0,3.2137956619262695,-0.1505632996559143,3.8064427375793457,-0.15204273164272308,0.4135352707218765,1320.7903306514975,10.0,-275.7629304512346,79.41176718981652,12.70226497885147,-272.65436409999586,92.27408927506617,-4.709600916402086,2.851138530437271,142.43121454119273,159.86427501775324
502,/yh/study/new_data/model_dataset_flight/vi/vi_000502.jpg,3,18,-269.3892822265625,90.6632080078125,1320.7903306514975,10.0,1330.677897407076,10.0,-288.7408447265625,78.85795593261719,0.6820698976516724,1322.6921870579163,9.810528978705406,-282.50018310546875,87.93487548828125,1331.34619140625,7.429321765899658,9.0,9.0,3.025662660598755,-0.1382153481245041,3.6646504402160645,-0.13990318775177002,0.4299670516784876,1322.6921870579163,7.776735216200086,-275.89345659143964,82.33459578832247,10.567405815589916,-274.17980620034615,93.33888263453157,-4.790523973783637,2.6756746267190765,142.429289628466,126.99911301024258
503,/yh/study/new_data/model_dataset_flight/vi/vi_000503.jpg,3,18,-270.97442626953125,92.024169921875,1322.6921870579163,7.776735216200086,1331.674484802331,10.0,-289.6946716308594,79.25574493408203,0.6957257390022278,1324.779168860622,7.597923546850415,-290.1134338378906,91.23161315917969,1339.3756103515625,9.516935348510742,9.0,9.0,3.111626386642456,-0.14419463276863098,3.73123836517334,-0.1457057148218155,0.4260811276079999,1324.779168860622,9.23695529990485,-278.437050416494,82.46826025938415,12.124610040595842,-275.8391534989146,94.52210329188544,-4.864727229383332,2.4979333700104425,142.43378954919027,161.44793201237917
504,/yh/study/new_data/model_dataset_flight/vi/vi_000504.jpg,3,18,-272.4178161621094,93.26346588134766,1324.779168860622,9.23695529990485,1332.1263054823826,10.0,-289.5928955078125,80.12014770507812,0.6722859740257263,1326.6795436600155,9.057413563063648,-290.10467529296875,91.3467025756836,1339.4395751953125,9.420838356018066,9.0,9.0,3.156578540802002,-0.14729198813438416,3.7648770809173584,-0.14871113002300262,0.42270175811400384,1326.6795436600155,9.3678153933099,-280.0153584640704,83.53479316988054,12.343813096322066,-277.3499681240399,95.58164579422518,-4.932151961930515,2.3181799128775293,142.43535443624256,152.5637189624831
505,/yh/study/new_data/model_dataset_flight/vi/vi_000505.jpg,3,18,-273.9466857910156,94.55138397216797,1326.6795436600155,9.3678153933099,1331.7741512103705,10.0,-289.4739074707031,79.70036315917969,0.6901654005050659,1328.677215224076,9.18531889031441,-289.88720703125,91.43858337402344,1339.32470703125,9.21457290649414,9.0,9.0,3.1849567890167236,-0.14919918775558472,3.785804510116577,-0.15056167542934418,0.4199145340045362,1328.677215224076,9.210304803054218,-281.4928597286277,84.88848858507934,12.260354332502567,-278.9394360509434,96.68806448515461,-4.992750259927815,2.1366805129866417,142.4351888308356,130.10362698696554
506,/yh/study/new_data/model_dataset_flight/vi/vi_000506.jpg,3,18,-275.4753112792969,95.83911895751953,1328.677215224076,9.210304803054218,1335.826655634657,10.0,-292.76019287109375,82.076416015625,0.7015137672424316,1330.6745816704429,9.024950629870776,-291.96893310546875,94.45215606689453,1342.8201904296875,8.120739936828613,9.0,9.0,3.199695110321045,-0.1500318944454193,3.796367645263672,-0.15141840279102325,0.4176050229305727,1330.6745816704429,8.252662499039475,-282.4776442868362,86.87261329825263,11.376769808963362,-280.5217962923415,97.79282103444488,-5.046485013044617,1.9537020769253497,142.43410565888277,148.7762969918549
507,/yh/study/new_data/model_dataset_flight/vi/vi_000507.jpg,3,18,-277.00323486328125,97.12625885009766,1330.6745816704429,8.252662499039475,1335.753064821142,10.0,-292.54296875,82.2350082397461,0.6848192811012268,1332.6710286408254,8.06537336537153,-290.0111389160156,101.59673309326172,1345.6746826171875,1.2847914695739746,9.0,9.0,3.21498703956604,-0.15168336033821106,3.8077945709228516,-0.15286798775196075,0.4133620613933932,1332.6710286408254,2.274065035853824,-280.3713366354311,92.8133957559758,5.4721931267269,-282.09656474686375,98.89577055687836,-5.0933298835825145,1.7695117067807025,142.43259327890974,178.08530502952635
508,/yh/study/new_data/model_dataset_flight/vi/vi_000508.jpg,3,18,-278.5319519042969,98.3955078125,1332.6710286408254,2.274065035853824,1335.134584576695,10.0,-289.76837158203125,84.78303527832031,0.4894511103630066,1334.657089208395,2.084440547500095,-290.13287353515625,101.64317321777344,1345.7991943359375,1.3231168985366821,9.0,9.0,3.226357936859131,-0.1523570567369461,3.8158493041992188,-0.15353861451148987,0.4105539731904453,1334.657089208395,1.4341925219680594,-281.41969715365616,94.69774249727972,4.6917524392963506,-283.6652211625362,99.97988406287313,-5.133269258239368,1.5843762503731296,142.43012517938098,160.471205948852
509,/yh/study/new_data/model_dataset_flight/vi/vi_000509.jpg,3,18,-280.060546875,99.6646499633789,1334.657089208395,1.4341925219680594,1342.748256454477,8.056115919655086,-291.8724365234375,94.45879364013672,0.5712966918945312,1336.6429878254255,1.2429441199685858,-295.930908203125,100.19429779052734,1349.47705078125,6.03369140625,9.0,9.0,3.2242989540100098,-0.15180009603500366,3.814225196838379,-0.1531105935573578,0.4094432403570984,1336.6429878254255,5.334730796986882,-285.3856242011667,92.8458745738481,8.651713491703575,-285.2268450554396,101.0632118194107,-5.16629818043959,1.3985618560317972,142.42753808515027,178.83495800197124
510,/yh/study/new_data/model_dataset_flight/vi/vi_000510.jpg,3,18,-281.588623046875,100.93338012695312,1336.6429878254255,5.334730796986882,1342.4932502053398,10.0,-296.1051025390625,88.62454223632812,0.5571931600570679,1338.628223979819,5.143223338300054,-295.0315856933594,100.76898956298828,1349.1219482421875,5.027225017547607,9.0,9.0,3.2241132259368896,-0.15198193490505219,3.8141732215881348,-0.15323619544506073,0.40805236304607523,1338.628223979819,5.0441489444637275,-286.77142004487047,94.29679506832751,8.420549029772557,-286.78104531041515,102.14571365973107,-5.192422263540176,1.2123335327779416,142.42546771073853,164.4174149259925
511,/yh/study/new_data/model_dataset_flight/vi/vi_000511.jpg,3,18,-283.04119873046875,102.16487121582031,1338.628223979819,5.0441489444637275,1346.3864956502757,10.0,-295.99200439453125,95.09476470947266,0.4769792854785919,1340.5310346326694,4.852315433468816,-295.4552001953125,100.307861328125,1349.1719970703125,5.651391506195068,9.0,9.0,3.144307851791382,-0.1451755166053772,3.754669427871704,-0.1469631940126419,0.4186969994241285,1340.5310346326694,5.534807878367384,-288.573101900072,95.08125479492787,8.987745783910643,-288.25285631573007,103.19082593258567,-5.211657585261345,1.0259547167653504,142.42363516564814,155.33862996380776
512,/yh/study/new_data/model_dataset_flight/vi/vi_000512.jpg,3,18,-284.63873291015625,103.51927185058594,1340.5310346326694,5.534807878367384,1346.9514959090873,8.110104878475601,-295.2184143066406,97.00331115722656,0.5055013298988342,1342.6237431899378,5.348901334039648,-300.2620849609375,105.76710510253906,1356.3206787109375,4.307343006134033,9.0,9.0,3.184817314147949,-0.14989471435546875,3.7860350608825684,-0.15105780959129333,0.41238545106378716,1342.6237431899378,4.4593043182117285,-289.5604866526482,97.21695336072597,7.996429093624498,-289.8627634738856,104.3589586953924,-5.224030563729334,0.8396868448064646,142.42616964607788,168.3513280004263
513,/yh/study/new_data/model_dataset_flight/vi/vi_000513.jpg,3,18,-286.09234619140625,104.75164031982422,1342.6237431899378,4.4593043182117285,1346.9229337727406,8.423248587412346,-295.3886413574219,96.73892974853516,0.510025143623352,1344.527911638986,4.271619424603635,-299.18548583984375,107.33770751953125,1356.4388427734375,2.4068455696105957,9.0,9.0,3.209610939025879,-0.1512446403503418,3.8037447929382324,-0.15245185792446136,0.40968283058657773,1344.527911638986,2.678912408443076,-289.9654205851982,99.79215846808928,6.292627868985675,-291.3219240069633,105.4054292556129,-5.229577815557013,0.6537889357886875,142.4256080231012,174.87103608436882
514,/yh/study/new_data/model_dataset_flight/vi/vi_000514.jpg,3,18,-287.6138000488281,106.0279312133789,1344.527911638986,2.678912408443076,1353.326422680232,9.185656131744,-300.9047546386719,100.07935333251953,0.5654676556587219,1346.5125820553865,2.4892886353450843,-300.23486328125,105.4757080078125,1356.119873046875,4.52025032043457,9.0,9.0,3.118753671646118,-0.14405301213264465,3.735835552215576,-0.1457095742225647,0.42016861170557535,1346.5125820553865,4.223937003957787,-292.48057521375733,99.79601293532335,7.907104775474693,-292.8421460452519,106.49644839414266,-5.228345996423793,0.46851718076375176,142.42429702698698,148.7090199952945
515,/yh/study/new_data/model_dataset_flight/vi/vi_000515.jpg,3,18,-289.1354675292969,107.30440521240234,1346.5125820553865,4.223937003957787,1353.2099272839164,10.0,-301.57904052734375,99.02665710449219,0.5738014578819275,1348.4975335373072,4.039887442338029,-300.2691955566406,105.66041564941406,1356.2606201171875,4.395805835723877,9.0,9.0,3.0650570392608643,-0.14032097160816193,3.6940765380859375,-0.14210158586502075,0.42856029951372937,1348.4975335373072,4.34387804195331,-294.11882105139773,100.92320804426795,8.096510953789997,-294.35585915394864,107.58852975486734,-5.22039162465175,0.28412454246499447,142.4271149069064,163.0613449960947
516,/yh/study/new_data/model_dataset_flight/vi/vi_000516.jpg,3,18,-290.6573181152344,108.5810317993164,1348.4975335373072,4.34387804195331,1353.1386867527367,9.751907056507099,-301.1053161621094,99.51751708984375,0.5700745582580566,1350.4827232491903,4.1654833666984885,-306.6357116699219,109.49263763427734,1363.6370849609375,5.294024467468262,9.0,9.0,3.1400325298309326,-0.1468340903520584,3.752746343612671,-0.14808104932308197,0.4214999383047725,1350.4827232491903,5.129372539859535,-296.1668987771059,101.52599940773074,8.951478152573014,-295.8630990035427,108.68189216429629,-5.2057808883083245,0.10086036497987534,142.43188363292714,171.22962104622275
517,/yh/study/new_data/model_dataset_flight/vi/vi_000517.jpg,3,18,-292.20294189453125,109.85389709472656,1350.4827232491903,5.129372539859535,1357.4387083327665,10.0,-307.66265869140625,98.10711669921875,0.56568443775177,1352.4843345517609,4.947635385137321,-307.20166015625,107.42523193359375,1362.8106689453125,7.27177095413208,9.0,9.0,3.1625161170959473,-0.1473635733127594,3.7686705589294434,-0.14885255694389343,0.42191657984414327,1352.4843345517609,6.932684144446574,-298.85437931483654,101.33671414909779,10.806665770974279,-297.3875313309292,109.77286708900466,-5.184589436397971,-0.08103000572189407,142.43251217041333,149.12880398333073
518,/yh/study/new_data/model_dataset_flight/vi/vi_000518.jpg,3,18,-293.7490539550781,111.12715911865234,1352.4843345517609,6.932684144446574,1357.4999638698778,10.0,-307.480224609375,98.44024658203125,0.5726585388183594,1354.4865748731033,6.749217292735301,-306.9560241699219,108.3094253540039,1363.1612548828125,6.423713684082031,9.0,9.0,3.179908514022827,-0.14859242737293243,3.7815425395965576,-0.15003745257854462,0.4204690599877766,1354.4865748731033,6.471204020563175,-300.14838999765254,102.93279264400553,10.397073804999543,-298.90595610981416,110.86585352891505,-5.1569021547360085,-0.26130558973729595,142.43306653631402,163.12591801397502
519,/yh/study/new_data/model_dataset_flight/vi/vi_000519.jpg,3,18,-295.2937927246094,112.3992919921875,1354.4865748731033,6.471204020563175,1360.8839057196428,10.0,-311.966552734375,98.19342041015625,0.635981559753418,1356.4870378614191,6.285980917993595,-310.9230651855469,109.55482482910156,1367.0543212890625,7.883852481842041,9.0,9.0,3.1978697776794434,-0.1499413251876831,3.7947683334350586,-0.15131573379039764,0.41801864958175516,1356.4870378614191,7.6507261624910115,-302.45102685972506,103.2344350354965,11.628439426744784,-300.4166056517357,111.95956186316839,-5.1228129271263745,-0.4397301290191083,142.4329202475358,169.2492759320885
520,/yh/study/new_data/model_dataset_flight/vi/vi_000520.jpg,3,18,-296.8227844238281,113.6799087524414,1356.4870378614191,7.6507261624910115,1361.028554450631,10.0,-311.7720947265625,98.67743682861328,0.6213392019271851,1358.480311709369,7.463585176167655,-310.8331298828125,109.78445434570312,1367.1248779296875,7.647517204284668,9.0,9.0,3.2043025493621826,-0.15044498443603516,3.7995264530181885,-0.15179745852947235,0.41606382809695636,1358.480311709369,7.620681883038688,-304.0035168445799,104.48496217977376,11.666617357771198,-301.9052088063207,113.06383632204,-5.082424382492573,-0.6160724304014072,142.43196751618788,148.7621929263696
521,/yh/study/new_data/model_dataset_flight/vi/vi_000521.jpg,3,18,-298.3514709472656,114.96026611328125,1358.480311709369,7.620681883038688,1367.1766985651243,10.0,-316.77001953125,102.26654052734375,0.6363722085952759,1360.4731853768171,7.432261095585036,-310.46746826171875,117.6632080078125,1371.6859130859375,1.2128809690475464,9.0,9.0,3.1631112098693848,-0.1471518576145172,3.7693634033203125,-0.148675799369812,0.4220032111888114,1360.4731853768171,2.1202763006551537,-302.18871713484737,110.04666237294117,6.234417376242516,-303.387318575902,114.1701594179877,-5.035847628636387,-0.7901066952935476,142.43066407063432,197.07472692243755
522,/yh/study/new_data/model_dataset_flight/vi/vi_000522.jpg,3,18,-299.8791809082031,116.23981475830078,1360.4731853768171,2.1202763006551537,1368.730366911474,4.122982813437581,-309.92919921875,113.55049133300781,0.4987730383872986,1362.4647916150295,1.9343247697217736,-314.4844665527344,120.00299072265625,1376.2919921875,1.841239094734192,9.0,9.0,3.1934683322906494,-0.14987480640411377,3.7919270992279053,-0.15117131173610687,0.4176877055721269,1362.4647916150295,1.854820111685201,-303.5949982006098,111.48170103459007,6.0371304738520015,-304.8623828815257,115.27820192279312,-4.9832019733226,-0.9616128355076691,142.4318956124386,158.91405602451414
523,/yh/study/new_data/model_dataset_flight/vi/vi_000523.jpg,3,18,-301.4210510253906,117.51980590820312,1362.4647916150295,1.854820111685201,1368.5997295224552,4.518739361912389,-310.06982421875,113.15817260742188,0.49737662076950073,1364.4678304206473,1.6674278619817937,-314.64959716796875,119.8309326171875,1376.3162841796875,2.078482151031494,9.0,9.0,3.2082085609436035,-0.1508258879184723,3.802506923675537,-0.1521182805299759,0.4153669353582035,1364.4678304206473,2.018510138494509,-305.274426648655,112.58554838344949,6.260623053223681,-306.3456656588004,116.38942913347984,-4.9246146334097745,-1.1303767747232933,142.43118567297134,148.87487492524087
524,/yh/study/new_data/model_dataset_flight/vi/vi_000524.jpg,3,18,-302.9621887207031,118.79920196533203,1364.4678304206473,2.018510138494509,1372.8029421006297,6.744961331885896,-314.7527770996094,113.99064636230469,0.4876173734664917,1366.4699256981075,1.829650288326281,-314.3581237792969,120.28802490234375,1376.367919921875,1.5388284921646118,9.0,9.0,3.156193494796753,-0.14622291922569275,3.7639286518096924,-0.14790412783622742,0.4217329117884934,1366.4699256981075,1.5812588203963345,-306.5832356997706,114.16244187475611,5.883156071546248,-307.82240915346995,117.50301123020212,-4.860220432766835,-1.2961907351299153,142.42991194941283,157.51038794405758
525,/yh/study/new_data/model_dataset_flight/vi/vi_000525.jpg,3,18,-304.50543212890625,120.08033752441406,1366.4699256981075,1.5812588203963345,1376.2110411163733,1.9102468977554026,-314.4631042480469,119.89875030517578,0.5823168754577637,1368.4747512284441,1.3958636690196102,-319.3682556152344,121.3460693359375,1380.9677734375,3.7886455059051514,9.0,9.0,3.1717019081115723,-0.14756637811660767,3.7753472328186035,-0.14915671944618225,0.42116301787962046,1368.4747512284441,3.439543340710083,-309.3070850012818,113.9318085116357,7.801299848600208,-309.2955936186399,118.62148401558935,-4.790161489733637,-1.45885350882472,142.43131211151226,177.23487794864923
526,/yh/study/new_data/model_dataset_flight/vi/vi_000526.jpg,3,18,-306.0237731933594,121.29379272460938,1368.4747512284441,3.439543340710083,1378.742737785125,5.966266098600879,-318.95489501953125,118.2602767944336,0.5288331508636475,1370.4182933339716,3.2544157545837553,-319.6448059082031,120.88250732421875,1380.9005126953125,4.324213027954102,9.0,9.0,3.0922701358795166,-0.14178630709648132,3.7152557373046875,-0.1436212956905365,0.4307926241139864,1370.4182933339716,4.16813170925792,-311.28731313708164,114.5538161136215,8.551733008918337,-310.7383600882584,119.67562201102557,-4.714586894899001,-1.6181707135838146,142.43202277135106,159.04349402990192
527,/yh/study/new_data/model_dataset_flight/vi/vi_000527.jpg,3,18,-307.5467834472656,122.51099395751953,1370.4182933339716,4.16813170925792,1379.357308824253,3.3804620669357632,-317.84771728515625,120.67652130126953,0.5707927942276001,1372.367821082465,3.988256126801331,-318.5457763671875,123.28730773925781,1381.514404296875,1.752443790435791,9.0,9.0,3.0431249141693115,-0.13840323686599731,3.6765785217285156,-0.140343576669693,0.43795546484091996,1372.367821082465,2.078644414146222,-311.53775028068316,117.40055052969963,6.48416905195927,-312.18043582724977,120.73703892485612,-4.633652379984146,-1.773955032663404,142.43585504108395,186.54324405360967
528,/yh/study/new_data/model_dataset_flight/vi/vi_000528.jpg,3,18,-309.21337890625,123.84293365478516,1372.367821082465,2.078644414146222,1379.653933552457,1.4545594512370554,-316.8961181640625,122.3769760131836,0.6427741050720215,1374.5011351363178,1.9039400263622177,-322.730224609375,124.990966796875,1385.8609619140625,2.9852218627929688,9.0,9.0,3.1220531463623047,-0.1445731371641159,3.73812198638916,-0.1461384892463684,0.4321288065507966,1374.5011351363178,2.827464968927792,-313.67999837338283,118.12341579027972,7.256967277490423,-313.76089888488127,121.91690721645723,-4.547519978631271,-1.9260264383279304,142.4408530320091,173.76000294461846
529,/yh/study/new_data/model_dataset_flight/vi/vi_000529.jpg,3,18,-311.48468017578125,125.45458984375,1374.5011351363178,2.827464968927792,1386.119115401472,1.3519415331641034,-321.9284362792969,126.4371337890625,0.668942928314209,1377.2832068093342,2.6495872745594298,-322.6705322265625,130.17628479003906,1389.00537109375,-1.138283371925354,9.0,9.0,3.1137497425079346,-0.1439390331506729,3.731313943862915,-0.14556008577346802,0.43537338653039065,1377.2832068093342,-0.5856404925026881,-313.7719190492303,122.52577450737655,3.716102923600576,-315.94103785568814,123.38037744490804,-4.456357679906874,-2.074212398841966,142.4420623756986,155.3763709962368
530,/yh/study/new_data/model_dataset_flight/vi/vi_000530.jpg,3,18,-313.98260498046875,127.22704315185547,1377.2832068093342,-0.5856404925026881,1385.8874326139216,2.845874660055084,-322.66534423828125,125.11710357666016,0.6535845994949341,1380.3428595742075,-0.764117273155688,-329.04541015625,128.11782836914062,1392.7626953125,4.40777063369751,9.0,9.0,3.160834312438965,-0.1482032835483551,3.7675883769989014,-0.14943274855613708,0.42928912872293734,1380.3428595742075,3.653202357310594,-318.7923408378163,121.068163855762,7.814432365905008,-318.34294405580584,125.00869508315061,-4.3603390753370785,-2.2183480687048567,142.44398406009375,166.99806705582887
531,/yh/study/new_data/model_dataset_flight/vi/vi_000531.jpg,3,18,-315.52703857421875,128.31698608398438,1380.3428595742075,3.653202357310594,1390.2812239142972,7.275886431629599,-328.85491943359375,124.3299789428711,0.6293438076972961,1382.2309452337925,3.470741542596162,-329.30926513671875,127.26498413085938,1392.44580078125,5.242333889007568,9.0,9.0,3.095306158065796,-0.14258410036563873,3.7177252769470215,-0.14422520995140076,0.4387747406957777,1382.2309452337925,4.983862049059036,-321.0994326990318,121.18152088945502,9.053531897806016,-319.7866815745172,125.95870962203878,-4.25964300029849,-2.3582764619455996,142.4431036593819,193.29613901209086
532,/yh/study/new_data/model_dataset_flight/vi/vi_000532.jpg,3,18,-317.2200622558594,129.5117950439453,1382.2309452337925,4.983862049059036,1390.4981425044446,5.984908228899004,-328.2312927246094,125.48096466064453,0.6591362357139587,1384.3006853301588,4.804826862291458,-328.74212646484375,128.7627716064453,1392.920654296875,3.712794780731201,9.0,9.0,3.082474946975708,-0.14167964458465576,3.7077081203460693,-0.14334717392921448,0.44337281870894496,1384.3006853301588,3.8721201142231068,-322.0464105514469,123.33164347740542,7.841422782615804,-321.3745154264509,127.01794643560686,-4.154453170591527,-2.493848608338457,142.4458513697798,171.006168005988
533,/yh/study/new_data/model_dataset_flight/vi/vi_000533.jpg,3,18,-318.7620544433594,130.6000213623047,1384.3006853301588,3.8721201142231068,1392.9500788566147,3.1987684030363206,-328.44891357421875,129.1859893798828,0.6455433368682861,1386.1857902505017,3.6954170187870106,-333.1919250488281,133.1453094482422,1399.1251220703125,2.997558355331421,9.0,9.0,3.1398820877075195,-0.14682519435882568,3.7523298263549805,-0.1480371057987213,0.4373726842860739,1386.1857902505017,3.0993745621652145,-323.0565199624599,125.10094707676572,6.977266806753147,-322.80701225838374,127.97509766986423,-4.044957815024364,-2.624923692440465,142.44924672084926,174.71004906110466
534,/yh/study/new_data/model_dataset_flight/vi/vi_000534.jpg,3,18,-320.32354736328125,131.67010498046875,1386.1857902505017,3.0993745621652145,1396.8632366525328,6.4639321777395224,-333.542724609375,129.02110290527344,0.6598960161209106,1388.0750977872285,2.919164985081627,-333.2706298828125,132.983154296875,1399.08740234375,3.173801898956299,9.0,9.0,3.097891092300415,-0.14335045218467712,3.719942569732666,-0.14480243623256683,0.4442234974257289,1388.0750977872285,3.136650873901736,-324.5685051882378,126.23442542626287,6.896831094906673,-324.25489666811757,128.9187358050775,-3.9313493048363366,-2.75136917539125,142.449353629318,185.46166096348315
535,/yh/study/new_data/model_dataset_flight/vi/vi_000535.jpg,3,18,-322.04034423828125,132.8466339111328,1388.0750977872285,3.136650873901736,1396.822781510112,6.786751699367792,-333.70953369140625,128.7417755126953,0.661971926689148,1390.152323278984,2.958183153154742,-333.47174072265625,132.56227111816406,1398.98681640625,3.629300117492676,9.0,9.0,3.0741395950317383,-0.14162904024124146,3.7015011310577393,-0.1431356966495514,0.4497626207600506,1390.152323278984,3.5313854719792905,-326.4486097866348,127.20183839165313,7.16215900420667,-325.8541680190675,129.97357301167455,-3.813823780786264,-2.873060899458267,142.451820928434,225.00143200159073
536,/yh/study/new_data/model_dataset_flight/vi/vi_000536.jpg,3,18,-323.6027526855469,133.91734313964844,1390.152323278984,3.5313854719792905,1396.8110970996643,6.3932054176418776,-333.4580993652344,129.0447540283203,0.6576871871948242,1392.042737440292,3.355279704490811,-333.2461853027344,133.07962036132812,1399.1275634765625,3.0827274322509766,9.0,9.0,3.064534902572632,-0.14126916229724884,3.694216251373291,-0.1426943838596344,0.4540116387540332,1392.042737440292,3.122492272864949,-327.68685255391927,128.68764261793035,6.635483349515528,-327.2953334642738,130.92745996429903,-3.692580778726937,-2.989883175349401,142.45536334201398,236.0119349323213
537,/yh/study/new_data/model_dataset_flight/vi/vi_000537.jpg,3,18,-325.35205078125,135.10166931152344,1392.042737440292,3.122492272864949,1402.0886027829238,5.503355949287375,-337.06982421875,132.99435424804688,0.6242588758468628,1394.1503776512234,2.9478358221165055,-337.06982421875,132.99435424804688,1402.088623046875,5.503355979919434,9.0,9.0,2.992694139480591,-0.1363106667995453,3.6368398666381836,-0.1379113644361496,0.46095666047946676,1394.1503776512234,5.13051061368669,-330.58389464408515,128.4022796146893,8.500236027024975,-328.91987363573116,131.99994045916839,-3.56782285448119,-3.1017288523550484,142.45915308314713,186.09210394788533
538,/yh/study/new_data/model_dataset_flight/vi/vi_000538.jpg,3,18,-326.9438781738281,136.17941284179688,1394.1503776512234,5.13051061368669,1402.0567590902044,5.929683496412189,-337.30712890625,132.6387481689453,0.6199830770492554,1396.0683076776031,4.960715815789351,-336.6521911621094,138.42738342285156,1405.1033935546875,0.9643089771270752,9.0,9.0,3.0245273113250732,-0.13910537958145142,3.6627984046936035,-0.14044706523418427,0.4624672528639503,1396.0683076776031,1.5473768769542153,-329.8900979573209,132.40677073327532,4.786756677713437,-330.38363338265333,132.97091347037508,-3.439755208825184,-3.2084993714218086,142.46404718049172,172.30456590186805
539,/yh/study/new_data/model_dataset_flight/vi/vi_000539.jpg,3,18,-328.535400390625,137.25692749023438,1396.0683076776031,1.5473768769542153,1402.030957879806,6.0141388120826775,-337.3387756347656,132.55630493164062,0.6196502447128296,1397.9858563068663,1.3773824332992013,-336.69769287109375,138.25994873046875,1405.0362548828125,1.1242772340774536,9.0,9.0,3.0450167655944824,-0.14094118773937225,3.6793065071105957,-0.14212028682231903,0.46415959231337967,1397.9858563068663,1.1612047849758884,-331.16371123184996,133.89136861053208,4.270246415705257,-331.84398570400117,133.94682268893726,-3.3085853133761653,-3.3101048012971175,142.4677570404281,173.11976302880794
540,/yh/study/new_data/model_dataset_flight/vi/vi_000540.jpg,3,18,-330.219970703125,138.3772430419922,1397.9858563068663,1.1612047849758884,1405.2017124461704,-0.23339143675105387,-335.9924621582031,139.43182373046875,0.6151684522628784,1400.003083709087,0.9897528885468265,-339.6078186035156,139.6800079345703,1408.203857421875,1.7962342500686646,9.0,9.0,3.0713095664978027,-0.14208446443080902,3.699507236480713,-0.1434103548526764,0.4645264481770034,1400.003083709087,1.6785702051663511,-333.0720073687459,134.7252026612801,4.633736298538988,-333.39449324129316,134.9707791840689,-3.1745225381681714,-3.4064638579232973,142.47076077619815,150.40791407227516
541,/yh/study/new_data/model_dataset_flight/vi/vi_000541.jpg,3,18,-331.9036865234375,139.4969482421875,1400.003083709087,1.6785702051663511,1408.2467834933032,1.2793398802121239,-339.323486328125,140.11380004882812,0.6252962946891785,1402.019261982765,1.5056581588530653,-339.323486328125,140.11380004882812,1408.246826171875,1.2793399095535278,9.0,9.0,2.993439197540283,-0.1364215761423111,3.6372766494750977,-0.13802570104599,0.47121037524924264,1402.019261982765,1.3123592971281441,-334.43564075787594,136.2547742485122,4.113694744454817,-334.9414643051228,135.9994443348908,-3.037777781685292,-3.4975039072967022,142.47284158265663,161.55002801679075
542,/yh/study/new_data/model_dataset_flight/vi/vi_000542.jpg,3,18,-333.590576171875,140.6187744140625,1402.019261982765,1.3123592971281441,1408.3395189726489,1.7053025118045397,-339.65875244140625,139.8351593017578,0.6172128915786743,1404.0392471276882,1.1436829207853707,-339.65875244140625,139.8351593017578,1408.3394775390625,1.7053024768829346,9.0,9.0,2.942631959915161,-0.13349054753780365,3.595496416091919,-0.1350342035293579,0.4761399042001407,1404.0392471276882,1.623363287932575,-336.2190961748862,137.25294770214794,4.2705862432302695,-336.4891392759826,137.0356134620199,-2.8985631041076063,-3.583160952042585,142.47653351334642,205.952416989021
543,/yh/study/new_data/model_dataset_flight/vi/vi_000543.jpg,3,18,-335.299560546875,141.70977783203125,1404.0392471276882,1.623363287932575,1408.3103133673753,1.4226964910491704,-339.4617919921875,140.0399169921875,0.6281072497367859,1406.0576748273438,1.4589281694957617,-344.3843994140625,145.63125610351562,1415.6314697265625,0.045764584094285965,9.0,9.0,3.045654058456421,-0.14215879142284393,3.680577516555786,-0.14303509891033173,0.46816912679958866,1406.0576748273438,0.2519423725719072,-336.9658017505084,139.57615162973596,2.7071609704276214,-338.0566519113805,138.04639823003836,-2.7570913645055226,-3.6633796019928866,142.48065857407914,157.40708797238767
544,/yh/study/new_data/model_dataset_flight/vi/vi_000544.jpg,3,18,-337.0084533691406,142.8007049560547,1406.0576748273438,0.2519423725719072,1415.4350195091802,-0.8067898657714248,-343.704833984375,146.18228149414062,0.6577171683311462,1408.075983412018,0.08192062998958605,-343.704833984375,146.18228149414062,1415.43505859375,-0.8067898750305176,9.0,9.0,2.9819107055664062,-0.13607971370220184,3.6283068656921387,-0.13756613433361053,0.4758833452194421,1408.075983412018,-0.6771287597748347,-337.9846770626478,141.55064797317215,1.586081700360411,-339.62202923184094,139.06259192696695,-2.6135758627002894,-3.738113029087731,142.48055009146523,203.43512599356472
545,/yh/study/new_data/model_dataset_flight/vi/vi_000545.jpg,3,18,-338.71722412109375,143.89157104492188,1408.075983412018,-0.6771287597748347,1415.5569456752623,-0.511966028983983,-343.9823913574219,146.02496337890625,0.6468518972396851,1410.0941582212306,-0.8441502727600642,-343.9823913574219,146.02496337890625,1415.556884765625,-0.5119660496711731,9.0,9.0,2.937952995300293,-0.13309822976589203,3.5914735794067383,-0.13466905057430267,0.4807232279374837,1410.0941582212306,-0.5604310746627184,-339.6471113228239,142.70084806048007,1.5107982769448438,-341.18545410758105,140.08424813796788,-2.4682299864872745,-3.8073229069539933,142.4831795542131,195.94171596691012
546,/yh/study/new_data/model_dataset_flight/vi/vi_000546.jpg,3,18,-340.3313903808594,144.94007873535156,1410.0941582212306,-0.5604310746627184,1418.8154179828541,-1.4751872647028599,-345.9576721191406,148.78968811035156,0.6209414005279541,1412.0116999557354,-0.7236653979258867,-351.1250305175781,145.3507080078125,1420.7713623046875,4.415693759918213,9.0,9.0,2.979591131210327,-0.13613271713256836,3.6263227462768555,-0.13755665719509125,0.48118170438552077,1412.0116999557354,3.665871364052082,-343.7596693394159,140.5501585972569,5.569963683591693,-342.6526572457549,141.0690993998043,-2.3212668648954877,-3.8709793355472772,142.4865826959671,182.5905500445515
547,/yh/study/new_data/model_dataset_flight/vi/vi_000547.jpg,3,18,-341.9457702636719,145.98873901367188,1412.0116999557354,3.665871364052082,1420.2848999540702,3.1083162316131343,-349.93695068359375,146.08169555664062,0.6105039119720459,1413.9295039723756,3.501785364920879,-349.93695068359375,146.08169555664062,1420.284912109375,3.10831618309021,9.0,9.0,2.945990562438965,-0.13348077237606049,3.598445415496826,-0.1350587010383606,0.48568792169043673,1413.9295039723756,3.16572256306065,-344.9633319203285,142.1247434506978,4.902666627704543,-344.11866929180627,142.05967826239956,-2.1728990281344176,-3.9290607512723192,142.48895517284745,223.22606400121003
548,/yh/study/new_data/model_dataset_flight/vi/vi_000548.jpg,3,18,-343.7213439941406,147.14210510253906,1413.9295039723756,3.16572256306065,1423.9458756478841,2.1538223798305345,-352.2348327636719,149.0872802734375,0.6492054462432861,1416.0387973605252,3.003620817455181,-352.2348327636719,149.0872802734375,1423.9459228515625,2.153822422027588,9.0,9.0,2.9182827472686768,-0.13173548877239227,3.575040817260742,-0.13331934809684753,0.4892427683491639,1416.0387973605252,2.277806337004647,-346.0792467377536,144.12280449632087,3.830911314432514,-345.74468206899337,143.16055127951176,-2.0233380748527394,-3.981553823027305,142.4920744882249,191.75503100268543
549,/yh/study/new_data/model_dataset_flight/vi/vi_000549.jpg,3,18,-345.41619873046875,148.24368286132812,1416.0387973605252,2.277806337004647,1423.7183201379967,2.1055197734188056,-352.0257568359375,148.98529052734375,0.6419703960418701,1418.0525973468455,2.1180420173463674,-357.33013916015625,148.5153045654297,1427.609619140625,5.740750312805176,9.0,9.0,3.0018136501312256,-0.1381905972957611,3.644763946533203,-0.13940154016017914,0.4847346300535439,1418.0525973468455,5.212204295646779,-349.4725104940979,143.04956508012967,6.5903357007604795,-347.2889930777755,144.21522952668312,-1.8727943473067243,-4.02845333464501,142.49534620219816,165.81515094731003
550,/yh/study/new_data/model_dataset_flight/vi/vi_000550.jpg,3,18,-347.1117248535156,149.34571838378906,1418.0525973468455,5.212204295646779,1427.936366428956,5.925211653540534,-357.701171875,148.57101440429688,0.670915961265564,1420.067208231746,5.048056143772237,-357.701171875,148.57101440429688,1427.9364013671875,5.925211429595947,9.0,9.0,2.9503285884857178,-0.13410845398902893,3.6020941734313965,-0.1355823576450348,0.49026542909481463,1420.067208231746,5.797236198100572,-351.4203927553912,143.82845791010516,7.000341579032254,-348.8332014685254,145.27595632956042,-1.7214766150097665,-4.069762054228661,142.49589496520932,169.5988120045513
551,/yh/study/new_data/model_dataset_flight/vi/vi_000551.jpg,3,18,-348.6539611816406,150.3480987548828,1420.067208231746,5.797236198100572,1431.17364171971,8.18163549430361,-361.64141845703125,148.78515625,0.6724684834480286,1421.899667908152,5.634835088166719,-357.7350769042969,148.5912628173828,1427.9755859375,5.930121421813965,9.0,9.0,2.8865647315979004,-0.12996140122413635,3.54828143119812,-0.13151070475578308,0.49237083490647104,1421.899667908152,5.887039726341492,-352.9199040011428,144.88554786048925,6.930925653410381,-350.2235529490444,146.24260816397637,-1.5695917674037694,-4.105490590906451,142.4981874541712,154.89295800216496
552,/yh/study/new_data/model_dataset_flight/vi/vi_000552.jpg,3,18,-350.2903747558594,151.43093872070312,1421.899667908152,5.887039726341492,1430.9122539854293,8.028850436925703,-361.34136962890625,148.74468994140625,0.6625000238418579,1423.8558749847114,5.728684311474091,-361.35064697265625,152.407470703125,1433.1739501953125,5.147770881652832,9.0,9.0,2.935398817062378,-0.1336762011051178,3.590348243713379,-0.13497479259967804,0.49426066287244896,1423.8558749847114,5.232525008842906,-354.0588223435179,146.6054317668053,6.122639511113269,-351.70771927192334,147.29528148115273,-1.4173445160639395,-4.135657239550386,142.5004144693666,157.96672296710312
553,/yh/study/new_data/model_dataset_flight/vi/vi_000553.jpg,3,18,-351.92608642578125,152.5133514404297,1423.8558749847114,5.232525008842906,1431.1448797902178,8.139232776306141,-361.5926513671875,148.80087280273438,0.6695607900619507,1425.8112658939021,5.072973775789698,-361.5838928222656,152.21018981933594,1433.2364501953125,5.446817398071289,9.0,9.0,2.9588677883148193,-0.13526050746440887,3.6098031997680664,-0.1365157812833786,0.4949374919305149,1425.8112658939021,5.392274348650309,-355.6982720328057,147.68305794299485,6.128712713547888,-353.19102353269847,148.3530636264026,-1.2649371069172368,-4.16028781402709,142.5025234503554,151.60291397478431
554,/yh/study/new_data/model_dataset_flight/vi/vi_000554.jpg,3,18,-353.566162109375,153.5986328125,1425.8112658939021,5.392274348650309,1433.3083664241774,5.34835545139939,-361.58001708984375,152.33209228515625,0.6475800275802612,1427.771861902016,5.231037555847498,-361.58001708984375,152.33209228515625,1433.308349609375,5.348355293273926,9.0,9.0,2.9277596473693848,-0.1329958289861679,3.5837349891662598,-0.1343613713979721,0.4983072297905642,1427.771861902016,5.331238866059374,-357.20593235431437,148.93789753119555,5.91357597383699,-354.678731152298,149.41921734293285,-1.1125690429230115,-4.179415469567138,142.504131212853,167.27588896173984
555,/yh/study/new_data/model_dataset_flight/vi/vi_000555.jpg,3,18,-355.2530212402344,154.6995086669922,1427.771861902016,5.331238866059374,1436.4393043207656,7.735710643680088,-365.5810546875,152.42758178710938,0.6440421342849731,1429.7789282011304,5.171270713417124,-365.5810546875,152.42758178710938,1436.4393310546875,7.735710620880127,9.0,9.0,2.9053094387054443,-0.13159440457820892,3.5646371841430664,-0.13297174870967865,0.5000832390573262,1429.7789282011304,7.361563880710435,-360.03743758265045,148.57305107573316,7.773295462998522,-356.21345805786484,150.5064281521343,-0.9604368176304471,-4.193080514857893,142.50635566672744,166.21282510459423
556,/yh/study/new_data/model_dataset_flight/vi/vi_000556.jpg,3,18,-356.78955078125,155.70225524902344,1429.7789282011304,7.361563880710435,1436.4393043207656,7.423570994963175,-365.41131591796875,152.69107055664062,0.6448142528533936,1431.6071155217805,7.2032811090038535,-365.41131591796875,152.69107055664062,1436.4393310546875,7.4235711097717285,9.0,9.0,2.8924763202667236,-0.13082945346832275,3.553849458694458,-0.13218484818935394,0.5023156970597155,1431.6071155217805,7.39143123180484,-361.49669125254064,149.67474961206665,7.647744479257146,-357.59828444124594,151.50092503454323,-0.8087336599959144,-4.201330214480215,142.5084231329727,185.95407297834754
557,/yh/study/new_data/model_dataset_flight/vi/vi_000557.jpg,3,18,-358.3251953125,156.70445251464844,1431.6071155217805,7.39143123180484,1436.4393043207656,9.551524032680131,-369.9170837402344,153.50985717773438,0.6242538690567017,1433.4342672284847,7.234531377264015,-365.9468994140625,155.3873291015625,1436.4393310546875,5.628185749053955,9.0,9.0,2.881392240524292,-0.13035129010677338,3.544611692428589,-0.13163454830646515,0.5049727473685561,1433.4342672284847,5.862548417733218,-361.9957274130856,152.00432659704572,5.963555109391558,-358.98284460330746,152.50023393232465,-0.6576492908074775,-4.204218582323794,142.51054838902164,173.18496596999466
558,/yh/study/new_data/model_dataset_flight/vi/vi_000558.jpg,3,18,-359.27899169921875,157.27662658691406,1433.4342672284847,5.862548417733218,1436.4393043207656,8.56285278812133,-370.80615234375,155.45860290527344,0.6421409249305725,1434.538163527915,5.7067006298761624,-365.90533447265625,155.31028747558594,1436.4393310546875,5.663322448730469,9.0,9.0,2.866889238357544,-0.1296025663614273,3.531965970993042,-0.13085339963436127,0.5058466380563476,1434.538163527915,5.6696512400672905,-362.74702697222057,152.83579838459534,5.634556218309847,-359.78636139024803,153.07482042028545,-0.5073696910292772,-4.20180616662862,142.51285976772544,174.6662399964407
559,/yh/study/new_data/model_dataset_flight/vi/vi_000559.jpg,3,18,-360.32257080078125,157.90264892578125,1434.538163527915,5.6696512400672905,1436.4393043207656,8.699310373179422,-370.9530029296875,155.400146484375,0.6443058848381042,1435.7459646030613,5.514840125994491,-370.9530029296875,155.400146484375,1436.4393310546875,8.699310302734375,9.0,9.0,2.8623452186584473,-0.12934473156929016,3.5275497436523438,-0.13061273097991943,0.5066493987272356,1435.7459646030613,8.234702365411506,-365.27771870810403,151.5575691208537,8.050684971748964,-360.6806476831262,153.7084890984716,-0.3580768823449818,-4.194159827309645,142.51466800694735,187.66726704780012
560,/yh/study/new_data/model_dataset_flight/vi/vi_000560.jpg,3,18,-361.3684997558594,158.53009033203125,1435.7459646030613,8.234702365411506,1436.4393043207656,10.0,-375.0517883300781,153.56040954589844,0.6362081170082092,1436.4393043207656,8.080535950077758,-370.79412841796875,155.44918823242188,1436.4393310546875,8.562871932983398,9.0,9.0,2.861412286758423,-0.1295219510793686,3.527315139770508,-0.13070213794708252,0.5085194298167911,1436.4393043207656,8.49250006147044,-365.98284151129633,151.78113443269254,8.175607351578705,-361.5784484760016,154.3487378257999,-0.20994872014219648,-4.181352506231347,142.51612433134446,182.22737207543105
561,/yh/study/new_data/model_dataset_flight/vi/vi_000561.jpg,3,18,-361.5625,158.70816040039062,1436.4393043207656,8.49250006147044,1436.4393043207656,-8.729809165155936,-376.1446533203125,155.9108123779297,0.6452332735061646,1436.4393043207656,8.338543394881656,-370.87896728515625,155.63897705078125,1436.4393310546875,8.465509414672852,9.0,9.0,2.890064001083374,-0.13046471774578094,3.551576614379883,-0.1319247931241989,0.506155490672879,1436.4393043207656,8.446985322032212,-365.95482746445794,151.81700649265383,8.1719362904484,-361.6256586991452,154.5446974092858,-0.06315869914520501,-4.163462991104828,142.5177254770963,201.83942303992808
562,/yh/study/new_data/model_dataset_flight/vi/vi_000562.jpg,3,18,-361.756591796875,158.8863067626953,1436.4393043207656,8.446985322032212,1436.4393043207656,-8.766730350111702,-376.1063537597656,155.8527069091797,0.6477570533752441,1436.4393043207656,8.292281779442071,-370.86505126953125,155.56553649902344,1436.4393310546875,8.514825820922852,9.0,9.0,2.910909652709961,-0.13123086094856262,3.5692617893218994,-0.13284927606582642,0.5047715235923053,1436.4393043207656,8.482357082847956,-365.97659856930176,151.78912853618127,8.257021008707241,-361.6744675687427,154.74573108900995,0.08212422813226994,-4.140575673685363,142.51793881378615,166.5730009553954
563,/yh/study/new_data/model_dataset_flight/vi/vi_000563.jpg,3,18,-361.401611328125,158.74021911621094,1436.4393043207656,8.482357082847956,1436.4393043207656,-8.918878756800531,-376.2004699707031,155.7284393310547,0.6429698467254639,1436.4393043207656,8.326707063202266,-370.649658203125,155.4864959716797,1436.4393310546875,8.444547653198242,9.0,9.0,2.928898572921753,-0.13174721598625183,3.5840682983398438,-0.13355347514152527,0.5024331976577808,1436.4393043207656,8.427354942821852,-365.942745084784,151.83247801130446,8.266727464255883,-361.1758755081454,154.62743881325966,0.22573581997958309,-4.112780302951276,142.51759308882026,169.95731403585523
564,/yh/study/new_data/model_dataset_flight/vi/vi_000564.jpg,3,18,-361.0788879394531,158.60740661621094,1436.4393043207656,8.427354942821852,1436.4393043207656,-8.91243484430331,-376.12152099609375,155.69943237304688,0.6471995115280151,1436.4393043207656,8.270823847317091,-370.8663024902344,155.47225952148438,1436.4393310546875,8.589111328125,9.0,9.0,2.933408498764038,-0.13200920820236206,3.587606430053711,-0.13385465741157532,0.5005146615529477,1436.4393043207656,8.542673810507784,-366.013723150364,151.74159041341076,8.45529601430247,-360.7113712384272,154.5272348822651,0.3675167010259433,-4.080171733945822,142.5165499375071,169.67290895991027
565,/yh/study/new_data/model_dataset_flight/vi/vi_000565.jpg,3,18,-360.7557678222656,158.47442626953125,1436.4393043207656,8.542673810507784,1436.4393043207656,-10.0,-375.0119323730469,153.6031951904297,0.639761745929718,1436.4393043207656,8.385480790521632,-366.008056640625,155.3214111328125,1436.4393310546875,5.717780590057373,9.0,9.0,2.9434192180633545,-0.1323443353176117,3.5960564613342285,-0.13425064086914062,0.4997425833724718,1436.4393043207656,6.106992803940431,-364.5145762225,153.66125196025408,6.106986779186473,-360.248455317608,154.43157659656788,0.5073125046576265,-4.042849672963364,142.5152004415375,187.85598000977188
566,/yh/study/new_data/model_dataset_flight/vi/vi_000566.jpg,3,18,-360.1834716796875,158.25628662109375,1436.4393043207656,6.106992803940431,1436.4393043207656,-6.9845692510093675,-370.84588623046875,155.4073944091797,0.6440798044204712,1437.050478579263,5.949251406321183,-366.02667236328125,155.2574462890625,1436.4393310546875,5.779651641845703,9.0,9.0,2.9346797466278076,-0.13183531165122986,3.588987350463867,-0.13371700048446655,0.5014288930455244,1436.4445664019088,5.804395914007192,-364.3235441226826,153.89755344972448,6.011551770752903,-359.5384976774004,154.25536820133544,0.6449740022870617,-4.00091841975831,142.48852582945517,192.93151097372174
567,/yh/study/new_data/model_dataset_flight/vi/vi_000567.jpg,3,18,-359.6632385253906,158.0579833984375,1436.4445664019088,5.804395914007192,1436.4393043207656,-7.085593735398175,-370.7868347167969,155.26931762695312,0.645219624042511,1437.6060633431432,5.646919965673452,-366.046875,155.07102966308594,1436.4393310546875,5.939009189605713,9.0,9.0,2.9246392250061035,-0.13141903281211853,3.580434799194336,-0.13325762748718262,0.5005924616764623,1436.4493257751087,5.89639394615434,-364.3758402656629,153.8230674760899,6.335860480768987,-358.8828813059121,154.1034967909865,0.78035721947852,-3.9544866074510048,142.42141934095415,173.95121103618294
568,/yh/study/new_data/model_dataset_flight/vi/vi_000568.jpg,3,18,-359.09112548828125,157.83990478515625,1436.4493257751087,5.89639394615434,1436.4393043207656,-6.985396697229653,-371.04583740234375,155.49789428710938,0.6438485383987427,1438.217053296879,5.739295250518545,-366.2467346191406,155.31771850585938,1436.4393310546875,5.867595672607422,9.0,9.0,2.924751043319702,-0.1315549612045288,3.580348491668701,-0.13337227702140808,0.498498741891589,1436.4545597725116,5.848876893295319,-364.34183438320883,153.85834206116033,6.589596772518442,-358.1778019493097,153.9362378443579,0.9133235389715646,-3.903666940798365,142.29880468548427,162.29740798007697
569,/yh/study/new_data/model_dataset_flight/vi/vi_000569.jpg,3,18,-358.4125061035156,157.44131469726562,1436.4545597725116,5.848876893295319,1436.4393043207656,-6.732136882766486,-371.1063232421875,155.80401611328125,0.639815092086792,1438.9999591691546,5.691710114254029,-366.19378662109375,155.55613708496094,1436.4393310546875,5.647099018096924,9.0,9.0,2.931461811065674,-0.1318996101617813,3.5862374305725098,-0.1337171196937561,0.49875892941028416,1436.4612664741148,5.653607689309692,-364.21554913505594,154.00945439755208,6.741882047518967,-357.36876631283945,153.59273876377637,1.0437397906761812,-3.8485759334892644,142.0625476526789,171.43453494645655
570,/yh/study/new_data/model_dataset_flight/vi/vi_000570.jpg,3,18,-357.73309326171875,157.04226684570312,1436.4612664741148,5.653607689309692,1436.4393043207656,-6.9182278051707895,-370.92230224609375,155.51527404785156,0.6413699984550476,1439.7837769912926,5.496166728902435,-366.09881591796875,155.27609252929688,1436.4393310546875,5.809359550476074,9.0,9.0,2.9193193912506104,-0.13107514381408691,3.575977087020874,-0.13291418552398682,0.5005333912123123,1436.4679809878648,5.763665333623766,-364.2771842259296,153.91992317313589,7.25080385595189,-356.5616149329719,153.25293320058805,1.1714783287468404,-3.7893336451150863,141.7275181082568,152.12698001414537
571,/yh/study/new_data/model_dataset_flight/vi/vi_000571.jpg,3,18,-356.98736572265625,156.60426330566406,1436.4679809878648,5.763665333623766,1436.4393043207656,-6.933828150984897,-370.9083557128906,155.4917449951172,0.6430511474609375,1440.6441026574953,5.606847509975314,-361.909912109375,154.84463500976562,1435.1148681640625,3.57116436958313,9.0,9.0,2.8908963203430176,-0.12902872264385223,3.551893472671509,-0.13094905018806458,0.5028747053545987,1435.1622339166452,3.868166537105017,-362.1300798735573,154.63973498618304,5.505168512944971,-355.6909486267799,152.8781998872101,1.2964170958763543,-3.726063418453963,141.22429779761353,153.93327292986214
572,/yh/study/new_data/model_dataset_flight/vi/vi_000572.jpg,3,18,-355.90716552734375,156.0657958984375,1435.1622339166452,3.868166537105017,1436.4393043207656,8.489478992260757,-370.82330322265625,155.56509399414062,0.6388775110244751,1439.849100676899,3.713317663489752,-361.77996826171875,154.8546905517578,1435.0185546875,3.483259439468384,9.0,9.0,2.860166072845459,-0.1278240829706192,3.525646924972534,-0.12954705953598022,0.5035432101196137,1435.0599351799433,3.516824482001191,-361.83320507274146,154.85367802499468,6.048733291585693,-354.4887258523634,152.40690428074257,1.4184396749803074,-3.658891617694926,141.69590934413776,155.24177299812436
573,/yh/study/new_data/model_dataset_flight/vi/vi_000573.jpg,3,18,-354.8252868652344,155.5264892578125,1435.0599351799433,3.516824482001191,1436.4393043207656,8.052101284782408,-371.20050048828125,156.41461181640625,0.6217727661132812,1439.709384528393,3.363707957781678,-361.2883605957031,155.8533935546875,1435.245849609375,2.3935585021972656,9.0,9.0,2.839756488800049,-0.12787698209285736,3.5088658332824707,-0.12921862304210663,0.5029894845491666,1435.284086130338,2.53510140021097,-361.4056231442747,155.76537838823427,6.584671105065788,-353.2878515367591,151.9385418895993,1.537435328475294,-3.587947368213197,141.7660848866557,141.52078493498266
574,/yh/study/new_data/model_dataset_flight/vi/vi_000574.jpg,3,18,-353.6376647949219,154.93446350097656,1435.284086130338,2.53510140021097,1436.4393043207656,8.403368066188403,-371.05194091796875,155.8529052734375,0.6341744661331177,1439.9012874586156,2.382566080882662,-361.15771484375,152.8240966796875,1433.2783203125,4.700661659240723,9.0,9.0,2.7993080615997314,-0.1254652589559555,3.472379446029663,-0.12680087983608246,0.5025253518507231,1433.335055439863,4.362456072312981,-360.9942367087682,153.12554753555685,7.575706389079694,-351.9843657695379,151.42110120248503,1.6532990253840083,-3.513362298491536,141.67031903825747,159.4378179870546
575,/yh/study/new_data/model_dataset_flight/vi/vi_000575.jpg,3,18,-351.8291320800781,154.26657104492188,1433.335055439863,4.362456072312981,1436.4393043207656,8.397489665991174,-371.0266418457031,155.84060668945312,0.6343622207641602,1437.9041238717173,4.211994324070603,-357.4720458984375,152.6749725341797,1430.28173828125,2.5496859550476074,9.0,9.0,2.7696287631988525,-0.12392480671405792,3.445694923400879,-0.12518781423568726,0.5004762417388664,1430.3470348481428,2.792213477574756,-357.67277853292705,152.52401245843188,6.097927048862086,-350.0632006235505,150.83130076015632,1.765931456527626,-3.4352702847655396,142.36891295529048,167.00282495003194
576,/yh/study/new_data/model_dataset_flight/vi/vi_000576.jpg,3,18,-350.0169982910156,153.59735107421875,1430.3470348481428,2.792213477574756,1436.4393043207656,5.292878121577369,-365.9537048339844,155.81808471679688,0.6288443207740784,1434.8710230950605,2.6436664689411424,-357.41729736328125,152.65487670898438,1430.2261962890625,2.5318267345428467,9.0,9.0,2.74599289894104,-0.12293431907892227,3.4242000579833984,-0.12407874315977097,0.4980163597814568,1430.2659858327222,2.5481439318867154,-357.45867710235797,152.66648864402555,7.499672552526995,-348.14175925292017,150.24354387526753,1.8752390380954846,-3.35380719895121,142.51388829816491,149.91705596912652
577,/yh/study/new_data/model_dataset_flight/vi/vi_000577.jpg,3,18,-348.031005859375,152.86392211914062,1430.2659858327222,2.5481439318867154,1436.4393043207656,5.4237268608351235,-366.14794921875,155.8037567138672,0.6276869773864746,1434.751300678761,2.4009947266788907,-353.19219970703125,152.77723693847656,1426.9715576171875,-0.16513243317604065,9.0,9.0,2.7208776473999023,-0.12148384749889374,3.4009809494018555,-0.122614286839962,0.49471081502743514,1427.0382021744854,0.20926047380007518,-353.47515787512424,152.52317869618042,5.45480496909625,-346.04987195546744,149.59481145874747,1.9811339039075337,-3.269110660393153,142.51259595166874,158.43748406041414
578,/yh/study/new_data/model_dataset_flight/vi/vi_000578.jpg,3,18,-345.6299133300781,151.90760803222656,1427.0382021744854,0.20926047380007518,1435.100264236634,2.9339853235639297,-361.5062561035156,155.33786010742188,0.6424271464347839,1431.4859975655681,0.06363532955683482,-353.1970520019531,152.62722778320312,1426.883056640625,-0.043917424976825714,9.0,9.0,2.709669589996338,-0.12093976140022278,3.3904199600219727,-0.12203267216682434,0.49277888534852643,1426.9224873721778,-0.028225689565934325,-353.2377869275117,152.63912966207943,7.64296176684599,-343.54637944336747,148.72628824027674,2.0835338867106503,-3.1813197919498193,142.51059897511016,176.42499995417893
579,/yh/study/new_data/model_dataset_flight/vi/vi_000579.jpg,3,18,-343.2307434082031,150.9520721435547,1426.9224873721778,-0.028225689565934325,1435.170154053293,2.6897945953458966,-361.4110412597656,155.57333374023438,0.6436325311660767,1431.3453746974646,-0.17291484717110553,-347.8255615234375,152.6025390625,1450.6402587890625,0.035725682973861694,9.0,9.0,2.907287120819092,-0.1352466493844986,3.5687968730926514,-0.1357450783252716,0.4837332069273437,1450.4749706814453,0.00528543986508756,-347.9901861186463,152.64403410868712,5.051240462049451,-341.0483809193295,147.86149716264495,2.182362488873622,-3.090574980909744,142.50862478363578,172.13036306202412
580,/yh/study/new_data/model_dataset_flight/vi/vi_000580.jpg,3,18,-340.5963439941406,149.90283203125,1450.4749706814453,0.00528543986508756,1454.5765857725592,1.8194414236704655,-343.5039978027344,152.58816528320312,0.6243211030960083,1455.0600656101867,-0.15069127283861727,-333.8995056152344,147.83651733398438,1465.2872314453125,1.4912526607513428,9.0,9.0,3.010584592819214,-0.14134593307971954,3.6537790298461914,-0.14191868901252747,0.47501036166614985,1458.3374937591857,1.2516962693123093,-340.32560974146605,150.5108538598458,0.6655731211672021,-338.31879515127144,146.90581438604184,2.2775488428691606,-2.99701764520816,-21.795633189635428,144.25623195711523
581,/yh/study/new_data/model_dataset_flight/vi/vi_000581.jpg,3,18,-337.7970886230469,148.6259002685547,1458.3374937591857,1.2516962693123093,1465.3980211950463,1.4859400133456575,-333.8009033203125,147.7855987548828,0.6445654034614563,1461.4142418777546,1.0859895453838577,-329.0025329589844,145.00384521484375,1470.9185791015625,0.951054036617279,9.0,9.0,3.066453456878662,-0.1441030353307724,3.697340965270996,-0.14487284421920776,0.4693183594882962,1461.4142418777546,0.9707408620294213,-337.6382310951952,148.9733880301801,0.38207781751181763,-335.428060961096,145.72511026316545,2.3690276619509087,-2.9007900053892346,-24.08193580705257,162.0868620229885
582,/yh/study/new_data/model_dataset_flight/vi/vi_000582.jpg,3,18,-334.9996032714844,147.34976196289062,1461.4142418777546,0.9707408620294213,1465.3596568285127,1.4215915788098694,-333.862548828125,147.74302673339844,0.6369533538818359,1464.4890503214367,0.7986949010070443,-329.053466796875,144.8702850341797,1470.927734375,0.8084083795547485,9.0,9.0,3.1055703163146973,-0.14598624408245087,3.72700572013855,-0.14691564440727234,0.46284969009661814,1464.4890503214367,0.8069912021337626,-334.909872133785,147.5460414380213,0.21581776903304065,-332.5428640900299,144.54772710015817,2.4567391814544295,-2.8020348627324445,-24.087792267379033,178.68123902007937
583,/yh/study/new_data/model_dataset_flight/vi/vi_000583.jpg,3,18,-332.20166015625,146.0734405517578,1464.4890503214367,0.8069912021337626,1469.647106477287,2.8647550120892293,-329.36322021484375,147.27293395996094,0.622771143913269,1467.5643512170416,0.630595249432194,-324.5653076171875,144.10052490234375,1475.3297119140625,1.9743897914886475,9.0,9.0,3.13423752784729,-0.14745818078517914,3.7483139038085938,-0.14848072826862335,0.45719231911229063,1467.5643512170416,1.7783328100382054,-331.70912533557095,147.15081991598953,1.1846251913806694,-329.6610310650807,143.37254516782315,2.540629091169285,-2.700895383934676,-24.093862971529852,182.77093092910945
584,/yh/study/new_data/model_dataset_flight/vi/vi_000584.jpg,3,18,-329.4218444824219,144.74349975585938,1467.5643512170416,1.7783328100382054,1473.6146752830093,4.544112552966252,-325.0566101074219,147.15065002441406,0.6206803321838379,1470.64545925132,1.5987379952608312,-319.5957946777344,143.38162231445312,1480.148193359375,3.386758327484131,9.0,9.0,3.157533884048462,-0.14901334047317505,3.7657761573791504,-0.15000905096530914,0.4504202399110759,1470.64545925132,3.1258896767071658,-328.3466770913821,147.09533989297793,2.585949912375934,-326.801196023177,142.14598486314642,2.6206484592448827,-2.5975148927129545,-24.099789014408486,155.67666699644178
585,/yh/study/new_data/model_dataset_flight/vi/vi_000585.jpg,3,18,-326.3731689453125,143.28492736816406,1470.64545925132,3.1258896767071658,1473.606347311986,4.982615797120473,-324.8818664550781,147.55291748046875,0.622286319732666,1474.0245683826017,2.943419548766988,-319.11767578125,139.8196563720703,1482.06396484375,0.3460511267185211,9.0,9.0,3.179086208343506,-0.15050308406352997,3.781717300415039,-0.15145576000213623,0.4431074018266665,1474.0245683826017,0.7250020724205517,-326.2717071179532,143.5068667610043,0.24403195795914598,-323.67641529720345,140.79289069950104,2.6967536481090373,-2.4920366686630313,-24.106011156659807,152.81277999747545
586,/yh/study/new_data/model_dataset_flight/vi/vi_000586.jpg,3,18,-323.5925598144531,141.95462036132812,1474.0245683826017,0.7250020724205517,1480.0689577318171,3.645327977963233,-319.5603332519531,143.64971923828125,0.6251890063285828,1477.1065503016146,0.5398048680691265,-314.8667907714844,139.4635009765625,1486.078125,1.7895410060882568,9.0,9.0,3.188748359680176,-0.15076623857021332,3.7885570526123047,-0.15180686116218567,0.4384816028504225,1477.1065503016146,1.607206960844553,-323.10194475402324,143.0278004080906,1.1800078602660784,-320.8236535915622,139.5700166076473,2.76890622289093,-2.3846037536808473,-24.11261504245271,153.62070105038583
587,/yh/study/new_data/model_dataset_flight/vi/vi_000587.jpg,3,18,-320.7728271484375,140.6655731201172,1477.1065503016146,1.607206960844553,1480.0121379553464,3.855934568773096,-319.5244445800781,143.86488342285156,0.6241343021392822,1480.206959161341,1.4204701089139347,-314.8540954589844,139.115234375,1486.2344970703125,1.4780818223953247,9.0,9.0,3.197059392929077,-0.15124450623989105,3.7945759296417236,-0.15229175984859467,0.43409213909163147,1480.206959161341,1.4696763866774034,-320.3394018389505,141.6136552957762,1.0424573423916346,-317.9357542955856,138.39021435389282,2.837072852851945,-2.2753587662243846,-24.11852662454021,163.73083798680454
588,/yh/study/new_data/model_dataset_flight/vi/vi_000588.jpg,3,18,-317.9525146484375,139.3762664794922,1480.206959161341,1.4696763866774034,1486.1049753908424,1.7399333075490622,-314.86297607421875,139.40721130371094,0.6098867654800415,1483.3080032130413,1.2817089968553972,-309.9563293457031,139.46432495117188,1490.543701171875,3.831926107406616,9.0,9.0,3.1977431774139404,-0.1506640613079071,3.794654607772827,-0.15187987685203552,0.4321563140704618,1483.3080032130413,3.459854445340782,-316.691638062222,142.13433018950366,3.0326102938143333,-315.05128944209906,137.21182275582973,2.901225206338454,-2.164443723662451,-24.123905451872446,196.02523499634117
589,/yh/study/new_data/model_dataset_flight/vi/vi_000589.jpg,3,18,-314.8506774902344,137.958251953125,1483.3080032130413,3.459854445340782,1488.7028113751962,7.61533296601079,-310.0574951171875,143.67059326171875,0.6066608428955078,1486.718598315456,3.271766624334007,-305.446533203125,135.57752990722656,1496.26123046875,2.172058343887329,9.0,9.0,3.208348512649536,-0.15192417800426483,3.8027381896972656,-0.15296570956707,0.4269089678797466,1486.718598315456,2.3325036197034397,-314.0585307561817,139.69100770739925,1.9052398673765023,-311.88933765045624,135.90625208019682,2.9613398397781157,-2.051999872928192,-24.128079231063854,75.56646305602044
590,/yh/study/new_data/model_dataset_flight/vi/vi_000590.jpg,3,18,-310.1631164550781,135.9050750732422,1486.718598315456,2.3325036197034397,1490.5040404547738,4.127434618905494,-309.8695068359375,139.7495574951172,0.5935532450675964,1491.8222665283465,2.143071266922144,-301.1930236816406,134.92662048339844,1500.4002685546875,3.348569869995117,9.0,9.0,3.218459129333496,-0.152920663356781,3.8103091716766357,-0.15385422110557556,0.42154385428670155,1491.8354425952443,3.172689994118018,-309.0555952071046,138.3276866083413,2.6637661242511803,-307.1457183738295,133.96690754357905,3.0173980812486154,-1.9381675296631418,-24.132628750700892,160.47914093360305
591,/yh/study/new_data/model_dataset_flight/vi/vi_000591.jpg,3,18,-305.904541015625,134.039794921875,1491.8354425952443,3.172689994118018,1494.5279640939493,6.671993917511685,-305.15191650390625,140.39071655273438,0.577360987663269,1496.4840156328837,2.981629570267005,-295.9267883300781,130.6892852783203,1506.9515380859375,1.684403657913208,9.0,9.0,3.225893259048462,-0.153437539935112,3.8157081604003906,-0.15434888005256653,0.41709414612499696,1496.4840156328837,1.873666367855586,-305.36796275859444,135.21351567652803,1.2905567154609028,-302.835155106472,132.21670899586792,3.0693859091530045,-1.82308592600708,-24.137463724220467,169.85809395555407
592,/yh/study/new_data/model_dataset_flight/vi/vi_000592.jpg,3,18,-302.87823486328125,132.73512268066406,1496.4840156328837,1.873666367855586,1500.4237022554626,3.4566746319494523,-301.12677001953125,135.01519775390625,0.584690511226654,1499.7787930318038,1.6813016453652754,-295.61065673828125,131.5887451171875,1506.8651123046875,2.6338729858398438,9.0,9.0,3.2281360626220703,-0.15310953557491302,3.816955089569092,-0.1541461944580078,0.41509639583404756,1499.7787930318038,2.494894700257702,-302.11317652520336,134.40862479923987,1.8400879331000017,-299.7609410367433,131.02822961350503,3.1172938265379178,-1.7068930671590232,-24.142163854864787,183.80083295051008
593,/yh/study/new_data/model_dataset_flight/vi/vi_000593.jpg,3,18,-299.8516845703125,131.43031311035156,1499.7787930318038,2.494894700257702,1505.089961074027,7.686744995379973,-295.12420654296875,136.92221069335938,0.6183250546455383,1503.0738495666383,2.302170889584942,-291.42279052734375,131.72726440429688,1510.6162109375,4.501052379608154,9.0,9.0,3.22700834274292,-0.1527581810951233,3.815955638885498,-0.15386691689491272,0.41367931834425503,1503.0738495666383,4.180239893763804,-298.4157056802956,134.5713986917604,3.453759401334821,-296.6905678387187,129.84058751354894,3.1611167315937645,-1.589725596802609,-24.14591816439162,195.6944860285148
594,/yh/study/new_data/model_dataset_flight/vi/vi_000594.jpg,3,18,-296.8154296875,130.12135314941406,1503.0738495666383,4.180239893763804,1508.8652933127469,7.8183921267759935,-291.63592529296875,135.47225952148438,0.5958890914916992,1506.3794577399394,3.9875837343628637,-287.29522705078125,128.14718627929688,1515.858642578125,2.961212158203125,9.0,9.0,3.230128765106201,-0.1533314287662506,3.81844425201416,-0.15432967245578766,0.41082592677720287,1506.3794577399394,3.110957753062043,-295.8539373110211,132.22453855233925,2.312543281563524,-293.6145759026248,128.6496344779549,3.2008537848751955,-1.4717186714591772,-24.148854452043636,184.84665092546493
595,/yh/study/new_data/model_dataset_flight/vi/vi_000595.jpg,3,18,-293.98590087890625,128.87022399902344,1506.3794577399394,3.110957753062043,1511.4915992975793,2.7911191833025693,-291.33758544921875,129.80816650390625,0.6103054285049438,1509.4730105761246,2.9177111947534415,-287.05438232421875,127.58273315429688,1516.312255859375,2.5479965209960938,9.0,9.0,3.226980209350586,-0.15261338651180267,3.8158721923828125,-0.15375183522701263,0.41084345581737747,1509.4730105761246,2.60193716494593,-293.2520851419105,130.475385500291,1.7649444696686925,-290.74939260512804,127.51721815522217,3.2365082737782247,-1.3530058438012706,-24.151761711391682,189.40552603453398
596,/yh/study/new_data/model_dataset_flight/vi/vi_000596.jpg,3,18,-290.8750305175781,127.49466705322266,1509.4730105761246,2.60193716494593,1516.1059209209116,2.935749734630951,-287.08087158203125,128.0211944580078,0.6223442554473877,1512.8741683896208,2.409040471000999,-284.4155578613281,123.59447479248047,1520.3704833984375,0.017952080816030502,9.0,9.0,3.2207515239715576,-0.1519993543624878,3.8112974166870117,-0.15319132804870605,0.41181286243184323,1512.8741683896208,0.3668071754672244,-291.08814509332296,127.02849646693178,0.5125747144735858,-287.6069430427705,126.26094809829438,3.268087474807606,-1.233718954928282,-24.153645296137874,196.16583501920104
597,/yh/study/new_data/model_dataset_flight/vi/vi_000597.jpg,3,18,-287.77740478515625,126.12498474121094,1512.8741683896208,0.3668071754672244,1517.6719304208737,1.1940946616578658,-286.3807678222656,125.7861099243164,0.688008725643158,1516.2608381171844,0.1746024020411685,-281.3856201171875,121.76603698730469,1523.8863525390625,-0.3851892054080963,9.0,9.0,3.2269885540008545,-0.1529276967048645,3.8161096572875977,-0.15396781265735626,0.40897398501677734,1516.2608381171844,-0.3035167105713202,-288.2867778363335,125.01077313424777,1.2251238347028692,-284.4818022709944,125.01099670563346,3.2956025141618444,-1.113988035577484,-24.154530339243916,208.24626402463764
598,/yh/study/new_data/model_dataset_flight/vi/vi_000598.jpg,3,18,-284.7847900390625,124.76673126220703,1516.2608381171844,-0.3035167105713202,1520.604921917013,-0.12559064863251318,-284.2619934082031,123.36643981933594,0.6876344084739685,1519.5472518576498,-0.49635007458117736,-280.8683776855469,121.39385223388672,1524.511474609375,-0.508624255657196,9.0,9.0,3.217571258544922,-0.1517910659313202,3.8090858459472656,-0.1529771089553833,0.4109412929411526,1519.5472518576498,-0.5068334767723096,-285.3824214336866,123.45946179626887,1.43739929748647,-281.46572181190504,123.77279004599384,3.3190682271574636,-0.9939412162131911,-24.156099228360183,184.3477829825133
599,/yh/study/new_data/model_dataset_flight/vi/vi_000599.jpg,3,18,-281.7932434082031,123.40894317626953,1519.5472518576498,-0.5068334767723096,1520.6854303524415,-0.2944296549219727,-284.25897216796875,123.17941284179688,0.6932525634765625,1522.8325006831592,-0.698888925662042,-271.4562072753906,119.33158874511719,1533.928955078125,1.5291354656219482,9.0,9.0,3.231977939605713,-0.15382051467895508,3.8201279640197754,-0.15469221770763397,0.40531289689994476,1522.8325006831592,1.2040710877858705,-281.683243503183,123.64955891095576,0.2645674032888957,-278.45474039119773,122.53523853036174,3.338503017005393,-0.8737046459077982,-24.156430439174077,169.96873600874096
600,/yh/study/new_data/model_dataset_flight/vi/vi_000600.jpg,3,18,-278.8006286621094,122.05068969726562,1522.8325006831592,1.2040710877858705,1525.611780882555,-1.2454299701937703,-280.17401123046875,120.26626586914062,0.6543676853179932,1526.1189144236246,1.0103772264205522,-267.3153076171875,117.93346405029297,1538.2762451171875,1.9792580604553223,9.0,9.0,3.2396137714385986,-0.1544753909111023,3.8256754875183105,-0.15529870986938477,0.40186060980047356,1526.1189144236246,1.8379002518312837,-278.4308246723216,122.85960547475072,0.8894378707516802,-275.4466999486672,121.29728727736398,3.353928713442202,-0.7534024199016481,-24.158615672821657,171.74103006254882
601,/yh/study/new_data/model_dataset_flight/vi/vi_000601.jpg,3,18,-275.9123840332031,120.75180053710938,1526.1189144236246,1.8379002518312837,1532.644404599126,0.5788090601137263,-273.01959228515625,119.00138092041016,0.6275844573974609,1529.2857247606933,1.6428340382234956,-267.66058349609375,116.99437713623047,1538.3526611328125,0.9816318154335022,9.0,9.0,3.2391929626464844,-0.15378330647945404,3.824918746948242,-0.15479253232479095,0.4015409782916581,1529.2857247606933,1.0780999196499002,-275.866614482185,120.851917661233,0.1100831065295006,-272.547013601495,120.11864402140978,3.365370431708108,-0.6331565156995909,-24.161244361837188,177.305709104985
602,/yh/study/new_data/model_dataset_flight/vi/vi_000602.jpg,3,18,-272.74658203125,119.32808685302734,1529.2857247606933,1.0780999196499002,1534.0384033117653,1.220820913753977,-271.48486328125,119.00568389892578,0.6793721914291382,1532.7568634315187,0.8830312324493539,-263.35955810546875,118.77175903320312,1541.525390625,4.386353492736816,9.0,9.0,3.2434394359588623,-0.15440402925014496,3.8281283378601074,-0.15531454980373383,0.3989942782265954,1532.7568634315187,3.875225663367165,-271.54675446387137,121.95261086119432,2.885777618058356,-269.37372559889974,118.815000115491,3.3728564323502392,-0.5130867375363466,-24.163064900735687,176.11242493148893
603,/yh/study/new_data/model_dataset_flight/vi/vi_000603.jpg,3,18,-269.8647155761719,118.03205871582031,1532.7568634315187,3.875225663367165,1538.3359155191172,1.6473344411088626,-267.3990783691406,117.60679626464844,0.673707127571106,1535.9166834847833,3.6795139910611043,-263.1012268066406,115.67768096923828,1543.0467529296875,1.6797940731048584,9.0,9.0,3.238722562789917,-0.1535111367702484,3.8243796825408936,-0.15458589792251587,0.39990392068582353,1535.9166834847833,1.9715492771860168,-269.4644941586523,118.90751011185515,0.9625966600091156,-266.48829759385603,117.63874804680363,3.3764179823158385,-0.39331066901668726,-24.165139597376506,183.43396903946996
604,/yh/study/new_data/model_dataset_flight/vi/vi_000604.jpg,3,18,-267.037353515625,116.79301452636719,1535.9166834847833,1.9715492771860168,1541.87516834356,2.370987509144571,-263.8793640136719,116.79341125488281,0.6435937285423279,1539.003241134844,1.776356254696469,-260.4911193847656,113.60941314697266,1546.280517578125,0.8839809894561768,9.0,9.0,3.231536626815796,-0.15289387106895447,3.819194793701172,-0.15400882065296173,0.40098850670125397,1539.003241134844,1.0141767860221516,-267.0554163750686,116.75350350865513,0.04344407222995978,-263.66126429784094,116.51907089265531,3.3760892177840303,-0.2739436337118854,-24.166169755321985,200.08334098383784
605,/yh/study/new_data/model_dataset_flight/vi/vi_000605.jpg,3,18,-263.93048095703125,115.43147277832031,1539.003241134844,1.0141767860221516,1543.0281961040105,0.8976420669232689,-263.44329833984375,114.97405242919922,0.675280749797821,1542.3949359357669,0.8197521568107258,-255.23097229003906,113.20167541503906,1551.2340087890625,2.7001819610595703,9.0,9.0,3.24082612991333,-0.15418894588947296,3.8262712955474854,-0.15510456264019012,0.39747490798181134,1542.3949359357669,2.4258309500141735,-263.38384932546063,116.62718446197081,1.3147366926696284,-260.5585739478629,115.27637411485121,3.371907009168332,-0.1550986634691062,-24.16645977155745,176.7607299843803
606,/yh/study/new_data/model_dataset_flight/vi/vi_000606.jpg,3,18,-260.84710693359375,114.08021545410156,1542.3949359357669,2.4258309500141735,1546.274492944284,1.176971550905661,-260.374755859375,113.87837219238281,0.6603885889053345,1545.7609835750945,2.2304721074028606,-255.36300659179688,112.31129455566406,1551.4840087890625,1.8355122804641724,9.0,9.0,3.24023175239563,-0.15383747220039368,3.8256146907806396,-0.1548411250114441,0.3975167695709041,1545.7609835750945,1.8931361426248918,-260.54401479494743,114.74320455036131,0.7289851756164322,-257.48319610489034,114.04332897993233,3.3639108287033856,-0.03688647416923886,-24.167878022986002,194.94955404661596
607,/yh/study/new_data/model_dataset_flight/vi/vi_000607.jpg,3,18,-257.8822937011719,112.78462219238281,1545.7609835750945,1.8931361426248918,1551.3478362210526,0.10694638718374182,-256.2055969238281,110.79586029052734,0.6292405128479004,1548.9960603049583,1.6976919461622606,-246.30908203125,107.22589111328125,1561.8326416015625,0.9748724102973938,9.0,9.0,3.246136426925659,-0.1548127979040146,3.830218553543091,-0.15564888715744019,0.3946157801230734,1548.9960603049583,1.0803303593363935,-257.93975668682197,112.65892664285566,0.13820769114182843,-254.53015108016143,112.86520674373706,3.352142621010458,0.08058455135424927,-24.168785237526425,171.3233640184626
608,/yh/study/new_data/model_dataset_flight/vi/vi_000608.jpg,3,18,-254.93836975097656,111.49815368652344,1548.9960603049583,1.0803303593363935,1553.525904757387,-2.8293070843924015,-255.44552612304688,107.2198486328125,0.5693719983100891,1552.2083450650146,0.8839018368687803,-242.1368408203125,108.87787628173828,1564.9404296875,4.212005138397217,9.0,9.0,3.2510790824890137,-0.15514829754829407,3.8337314128875732,-0.15597565472126007,0.39237827952008597,1552.2083450650146,3.726441410586285,-253.91810394863217,113.72990111904379,2.453902791472114,-251.6017230739609,111.6953620600667,3.336646677015651,0.19720837354325968,-24.170390278620523,176.4064150629565
609,/yh/study/new_data/model_dataset_flight/vi/vi_000609.jpg,3,18,-251.72735595703125,110.09497833251953,1552.2083450650146,3.726441410586285,1559.324063344406,1.9975559976292054,-248.1654052734375,109.19901275634766,0.6058799028396606,1555.712063162034,3.529226389929699,-242.633056640625,107.33784484863281,1565.12939453125,2.605081796646118,9.0,9.0,3.246732234954834,-0.15474075078964233,3.8306212425231934,-0.15560530126094818,0.39277925964913335,1555.712063162034,2.7399126757071777,-251.1417542253475,111.37593390131524,1.4084660298990954,-248.4098864454581,110.40785963233495,3.317469511573139,0.3128812998154198,-24.17221668721284,161.2527179531753
610,/yh/study/new_data/model_dataset_flight/vi/vi_000610.jpg,3,18,-248.52195739746094,108.68334197998047,1555.712063162034,2.7399126757071777,1565.3950658856563,2.504874385066374,-242.43309020996094,107.13624572753906,0.6677186489105225,1559.2141922321964,2.542736100046472,-238.72320556640625,106.40470886230469,1569.0732421875,3.382033348083496,9.0,9.0,3.225724220275879,-0.1524125188589096,3.8152849674224854,-0.15356199443340302,0.3969993827412756,1559.2141922321964,3.2595815298628437,-247.74061382560015,110.39246670650746,1.8792565306828515,-245.2272976523374,109.11084396206236,3.294659745123551,0.4275019820818966,-24.173263493744425,149.86674196552485
611,/yh/study/new_data/model_dataset_flight/vi/vi_000611.jpg,3,18,-245.5406494140625,107.37039947509766,1559.2141922321964,3.2595815298628437,1565.2392674707658,2.5550446074696924,-242.55392456054688,107.24665069580078,0.6544529795646667,1562.4714837612073,3.0645392177176105,-234.24591064453125,95.49681854248047,1577.680419921875,-4.676812648773193,9.0,9.0,3.239837646484375,-0.15441325306892395,3.825833320617676,-0.15525174140930176,0.39299072870913926,1562.4714837612073,-3.5473646328828514,-247.60835201811545,102.84747028624554,4.973156191612912,-242.27238142436852,107.91137088354084,3.268267989693968,0.5409714084431876,-24.17246689625205,178.21044905576855
612,/yh/study/new_data/model_dataset_flight/vi/vi_000612.jpg,3,18,-242.57696533203125,106.0652084350586,1562.4714837612073,-3.5473646328828514,1304.141794646701,-10.0,-247.06375122070312,89.11207580566406,0.7603511810302734,1565.7095240585518,-3.7433963225267113,-234.4685516357422,94.78166961669922,1577.7752685546875,-5.41978645324707,9.0,9.0,3.240901470184326,-0.15467117726802826,3.826843500137329,-0.1554686278104782,0.3893868434266055,1565.7095240585518,-5.175204429376536,-245.34026753519285,100.02071239979664,6.646184724057501,-239.33861859250908,106.71840132449705,3.238346739522165,0.6531928894384644,-24.173352126121078,173.28759795054793
613,/yh/study/new_data/model_dataset_flight/vi/vi_000613.jpg,3,18,-239.30657958984375,104.62032318115234,1565.7095240585518,-5.175204429376536,1572.5812243166515,-10.0,-242.92889404296875,88.76785278320312,0.7058823108673096,1569.284580913631,-5.372039828050547,-232.93038940429688,93.51400756835938,1579.701171875,-5.933159351348877,9.0,9.0,3.2394497394561768,-0.15367604792118073,3.8251705169677734,-0.15473024547100067,0.3910336660685191,1569.284580913631,-5.851293116200736,-242.36996495586925,97.91941993639112,7.36793283061339,-236.10162932328132,105.38439522039089,3.2049502665624363,0.764072039238535,-24.175188886718857,160.7882509706542
614,/yh/study/new_data/model_dataset_flight/vi/vi_000614.jpg,3,18,-236.33230590820312,103.30626678466797,1569.284580913631,-5.851293116200736,1578.3556248785412,-10.0,-237.08978271484375,87.65206909179688,0.6759226322174072,1572.5359380920922,-6.047551869738868,-232.84756469726562,93.87228393554688,1579.6275634765625,-5.572882175445557,9.0,9.0,3.1046764850616455,-0.14318297803401947,3.7255449295043945,-0.14485681056976318,0.4085247666767168,1572.5359380920922,-5.642135550523814,-239.32599582524284,96.7578165957433,7.20030410442593,-233.16417138709792,104.17978353685098,3.1681345211052023,0.8735167521830047,-24.175806378508508,162.3961649602279
615,/yh/study/new_data/model_dataset_flight/vi/vi_000615.jpg,3,18,-233.3551025390625,101.99092102050781,1572.5359380920922,-5.642135550523814,1578.8551017526165,-10.0,-236.38742065429688,87.98710632324219,0.6656969785690308,1575.7904958131057,-5.828751732851084,-231.5087890625,90.58170318603516,1582.2132568359375,-8.00893497467041,9.0,9.0,3.105980396270752,-0.14351886510849,3.7263989448547363,-0.1451326310634613,0.41272968192578524,1575.7904958131057,-7.690850526473582,-237.21787767682767,93.54141847293386,9.290593364602474,-230.2271455013462,102.97235819558193,3.127957037716293,0.9814371750741198,-24.17008588163521,184.9438459612429
616,/yh/study/new_data/model_dataset_flight/vi/vi_000616.jpg,3,18,-230.3217010498047,100.60299682617188,1575.7904958131057,-7.690850526473582,1583.355553069174,-10.0,-233.1712646484375,84.1978759765625,0.6625105738639832,1579.1263400876342,-7.873667657754481,-228.173095703125,90.00872802734375,1585.4852294921875,-7.143147945404053,9.0,9.0,3.0571630001068115,-0.1399965137243271,3.688596248626709,-0.14175929129123688,0.42295794356873223,1579.1263400876342,-7.249729335051827,-234.0006260445707,92.55565132793194,8.848404301632963,-227.23722420312967,101.69074250182062,3.0844768466750176,1.0877456756487434,-24.164895818320073,185.49009610433131
617,/yh/study/new_data/model_dataset_flight/vi/vi_000617.jpg,3,18,-227.28855895996094,99.21519470214844,1579.1263400876342,-7.249729335051827,1583.1164122558841,-10.0,-233.2808074951172,84.53343200683594,0.6591160297393799,1582.4618976930478,-7.4276690778554,-227.9055938720703,90.01614379882812,1585.7254638671875,-7.02518367767334,9.0,9.0,3.0415902137756348,-0.13894934952259064,3.6762256622314453,-0.14075465500354767,0.4301494123932416,1582.4618976930478,-7.083905506173111,-230.89809625806794,91.31962907687004,8.681515769121392,-224.25080456889725,100.4075515098046,3.0377543910636873,1.1923568076561741,-24.15794239226031,179.8354940256104
618,/yh/study/new_data/model_dataset_flight/vi/vi_000618.jpg,3,18,-224.2557830810547,97.82756805419922,1582.4618976930478,-7.083905506173111,1586.4484972324851,-10.0,-230.7810516357422,81.98724365234375,0.6841707825660706,1585.7970492829659,-7.258693385163284,-222.54837036132812,89.38513946533203,1590.8599853515625,-5.37167501449585,9.0,9.0,3.0911855697631836,-0.14254479110240936,3.7148821353912354,-0.14420540630817413,0.4291260045956504,1585.7970492829659,-5.646987284426952,-227.2674493753794,91.23979602016347,7.24354017320227,-221.2679316314213,99.1227553271761,2.9878514496333826,1.2951872729768792,-24.150905669909182,151.71992091927677
619,/yh/study/new_data/model_dataset_flight/vi/vi_000619.jpg,3,18,-221.19956970214844,96.47349548339844,1585.7970492829659,-5.646987284426952,1590.8818345061063,-10.0,-226.3236541748047,81.07454681396484,0.7033307552337646,1589.1395656727732,-5.823449413185383,-219.17291259765625,85.17316436767578,1595.68115234375,-7.798910617828369,9.0,9.0,3.122149705886841,-0.14435702562332153,3.7386107444763184,-0.14604640007019043,0.4288425517450949,1589.1395656727732,-7.5106947123209284,-225.0024144945478,88.15508563156394,9.146451277855046,-218.26473863660476,97.8696513646191,2.9348310655436802,1.3961558812206667,-24.146689975767835,153.53734605014324
620,/yh/study/new_data/model_dataset_flight/vi/vi_000620.jpg,3,18,-218.14288330078125,95.11922454833984,1589.1395656727732,-7.5106947123209284,1591.8116214049783,-10.0,-227.4630889892578,76.34584045410156,0.7171096205711365,1592.4825947360796,-7.689288496891622,-219.42230224609375,85.21755981445312,1595.435791015625,-7.8622236251831055,9.0,9.0,3.106452703475952,-0.14284592866897583,3.726210117340088,-0.144700825214386,0.43335519903278413,1592.4825947360796,-7.83699272999902,-222.09770048352976,86.46838760623534,9.511969236064786,-215.26412581973494,96.61440805558532,2.8787574810463097,1.4951835072454713,-24.14404898707571,151.79468295536935
621,/yh/study/new_data/model_dataset_flight/vi/vi_000621.jpg,3,18,-215.08497619628906,93.764404296875,1592.4825947360796,-7.83699272999902,1595.6986989000889,-10.0,-223.09219360351562,76.55776977539062,0.7497745752334595,1595.826962381265,-8.014992300964787,-214.83782958984375,84.50746154785156,1599.9005126953125,-6.601937294006348,9.0,9.0,3.122891426086426,-0.14356239140033722,3.7384700775146484,-0.14549751579761505,0.43364393460777584,1595.826962381265,-6.808099241102623,-218.6283174353874,86.0136371000025,8.522303636741054,-212.26528011813429,95.3565973439149,2.8196960781547755,1.5921930470398944,-24.140752913873076,162.07050601951778
622,/yh/study/new_data/model_dataset_flight/vi/vi_000622.jpg,3,18,-212.0742950439453,92.42574310302734,1595.826962381265,-6.808099241102623,1600.2673827045435,-10.0,-218.64697265625,75.29290771484375,0.7822887897491455,1599.1216610127617,-6.986412466610359,-203.47183227539062,84.65646362304688,1610.175537109375,-1.7407530546188354,9.0,9.0,3.1768651008605957,-0.14842230081558228,3.7795684337615967,-0.14989954233169556,0.4249366973960525,1599.1216610127617,-2.506084448552234,-213.8432322940377,88.55633852520813,4.254577626699588,-209.31658171863032,94.11285247543805,2.757713325315,1.6871093724106971,-24.138509410174137,156.81410301476717
623,/yh/study/new_data/model_dataset_flight/vi/vi_000623.jpg,3,18,-209.0592498779297,91.08515167236328,1599.1216610127617,-2.506084448552234,1604.4250820961088,-10.0,-214.28330993652344,74.83812713623047,0.7756562232971191,1602.4211311172614,-2.688883296108348,-203.82354736328125,81.42727661132812,1611.1983642578125,-4.823830604553223,9.0,9.0,3.1988303661346436,-0.14980410039424896,3.7955737113952637,-0.15125931799411774,0.4214055429560088,1602.4211311172614,-4.512345990090587,-211.6766167657122,85.35987712297565,6.29518689882406,-206.36637314786566,92.86501095727878,2.6928767300640195,1.779859284915509,-24.140098656455784,161.62155498750508
624,/yh/study/new_data/model_dataset_flight/vi/vi_000624.jpg,3,18,-206.04693603515625,89.74577331542969,1602.4211311172614,-4.512345990090587,1604.7769981758017,-10.0,-213.9823455810547,74.6500473022461,0.7774516344070435,1605.7176128062047,-4.698231240658977,-198.48110961914062,81.66375732421875,1615.958740234375,-2.387519121170044,9.0,9.0,3.2228469848632812,-0.1519019901752472,3.813171863555908,-0.15316712856292725,0.41535954488007815,1605.7176128062047,-2.724647475966503,-207.93529407093484,85.61514560219605,4.541803758048484,-203.42168123751975,91.616144784907,2.6252547976364915,1.8703714694773068,-24.14236758660112,180.7225460652262
625,/yh/study/new_data/model_dataset_flight/vi/vi_000625.jpg,3,18,-203.00331115722656,88.43207550048828,1605.7176128062047,-2.724647475966503,1611.7882542074315,-10.0,-205.5057373046875,76.3287353515625,0.6770439743995667,1609.0318936287122,-2.913778348454525,-198.5380859375,81.8414306640625,1615.8331298828125,-2.249619960784912,9.0,9.0,3.206963062286377,-0.14999710023403168,3.801414966583252,-0.15152890980243683,0.4169081835526728,1609.0318936287122,-2.3465193636446884,-204.76384452320406,84.58105372718342,4.234364938357131,-200.44839416177405,90.39065194859916,2.554916995452528,1.958576448110875,-24.14595847851598,164.25122902728617
626,/yh/study/new_data/model_dataset_flight/vi/vi_000626.jpg,3,18,-199.96046447753906,87.11870574951172,1609.0318936287122,-2.3465193636446884,1611.9114339149507,-10.0,-205.3482666015625,76.37692260742188,0.6737809181213379,1612.3453303043448,-2.5353259272604873,-193.57101440429688,82.23707580566406,1620.18603515625,0.175379678606987,9.0,9.0,3.2226929664611816,-0.15174737572669983,3.8131678104400635,-0.15305164456367493,0.4120456758330055,1612.3453303043448,-0.220106939365035,-200.8662738023619,85.1373224370638,2.1786166169803867,-197.47853075414605,89.16311228369773,2.4819337233930225,2.0444065341860154,-24.147750549399458,175.022698007524
627,/yh/study/new_data/model_dataset_flight/vi/vi_000627.jpg,3,18,-196.9169921875,85.80506134033203,1612.3453303043448,-0.220106939365035,1617.6285239045465,-6.760887268677683,-198.78085327148438,76.99208068847656,0.6327576041221619,1615.6594501483055,-0.4104576507107076,-189.5389404296875,77.89630126953125,1625.6578369140625,-2.095992088317871,9.0,9.0,3.2312259674072266,-0.152094304561615,3.8189637660980225,-0.1534426212310791,0.40964977353821197,1615.6594501483055,-1.8500759280525423,-198.52988262390568,82.27699631834076,3.8792600272793187,-194.5106158977569,87.9328571279752,2.406376289743089,2.1277957876431595,-24.15061725449931,170.37825006991625
628,/yh/study/new_data/model_dataset_flight/vi/vi_000628.jpg,3,18,-193.94146728515625,84.52278137207031,1615.6594501483055,-1.8500759280525423,1622.9111341166026,-10.0,-195.44351196289062,71.58671569824219,0.6483685970306396,1618.8987335011257,-2.041449425300238,-189.50497436523438,77.85897827148438,1625.7042236328125,-2.115813970565796,9.0,9.0,3.179237127304077,-0.14691510796546936,3.780712604522705,-0.1488286703824997,0.416621662453076,1618.8987335011257,-2.104964329630815,-195.68983190529633,80.69837772829328,4.205097154108643,-191.61315039249743,86.73146134363762,2.328316892658808,2.2086799715673093,-24.15331918128543,193.85856797453016
629,/yh/study/new_data/model_dataset_flight/vi/vi_000629.jpg,3,18,-190.96539306640625,83.24026489257812,1618.8987335011257,-2.104964329630815,1622.8894334036418,-10.0,-195.40814208984375,71.71627807617188,0.6485638618469238,1622.13861477486,-2.292190207869493,-184.87026977539062,77.50405883789062,1630.06689453125,-0.5116183161735535,9.0,9.0,3.2003560066223145,-0.14971646666526794,3.7969307899475098,-0.15121302008628845,0.41242120283522393,1622.13861477486,-0.7714002541230707,-192.18880221265363,80.56415812237584,2.942495095092636,-188.71756445941918,85.5272614030938,2.2478286069870705,2.2869965105156846,-24.152635281914357,152.70455996505916
630,/yh/study/new_data/model_dataset_flight/vi/vi_000630.jpg,3,18,-187.6951141357422,81.8309555053711,1622.13861477486,-0.7714002541230707,1626.676725248751,-8.214102466447912,-191.156005859375,71.90843200683594,0.6500557661056519,1625.6987830138733,-0.959459971539834,-179.34585571289062,76.93017578125,1635.329833984375,1.263353705406189,9.0,9.0,3.2162508964538574,-0.1505463868379593,3.808168411254883,-0.15207427740097046,0.4104405813780525,1625.6987830138733,0.9390495605464557,-188.23978279225562,80.63953766802398,1.3100154230149486,-185.53012875949693,84.19363995635166,2.1649853762452467,2.3626844509805607,-24.153660904187344,179.28978509735316
631,/yh/study/new_data/model_dataset_flight/vi/vi_000631.jpg,3,18,-184.639404296875,80.46227264404297,1625.6987830138733,0.9390495605464557,1631.1576279013962,-6.1129978546113914,-186.20718383789062,71.95628356933594,0.6537741422653198,1629.0469160098662,0.7498866803641895,-179.22259521484375,72.35660552978516,1637.343505859375,-2.844916343688965,9.0,9.0,3.2127885818481445,-0.14942485094070435,3.8051509857177734,-0.15120375156402588,0.4123691760036555,1629.0469160098662,-2.3204416507599217,-186.54996858444892,76.2830705835007,4.595213353022204,-182.55954228733194,82.89795706839902,2.0798620095430733,2.435684424356061,-24.155020778842836,180.69535004906356
632,/yh/study/new_data/model_dataset_flight/vi/vi_000632.jpg,3,18,-181.58236694335938,79.0929946899414,1629.0469160098662,-2.3204416507599217,1634.8038554050527,-10.0,-184.8582763671875,66.13714599609375,0.6660610437393188,1632.3965037620242,-2.5090297484514577,-175.18235778808594,71.63983917236328,1641.31591796875,-1.8169723749160767,9.0,9.0,3.21291446685791,-0.14988155663013458,3.8057026863098145,-0.15153129398822784,0.4121077611853438,1632.3965037620242,-1.9179421849572962,-183.3362755507613,75.25646403052836,4.218431332110882,-179.58983276015175,81.59893330270279,1.9925341832076378,2.5059386127613847,-24.155229686581905,168.75147202517837
633,/yh/study/new_data/model_dataset_flight/vi/vi_000633.jpg,3,18,-178.52432250976562,77.7232666015625,1632.3965037620242,-1.9179421849572962,1639.7920740403308,-9.450198156935834,-179.741943359375,65.33123779296875,0.694611668586731,1635.7471945753946,-2.106684941800863,-174.8817138671875,71.30494689941406,1641.7286376953125,-1.996546745300293,9.0,9.0,3.0879714488983154,-0.1400362104177475,3.7122769355773926,-0.1422910988330841,0.4291926523009109,1635.7471945753946,-2.012615691610532,-180.3282902693824,73.77723566861975,4.338831617092065,-176.62124406291568,80.29665731961971,1.9030784468499389,2.5733907180572184,-24.155456977134794,164.75823696237057
634,/yh/study/new_data/model_dataset_flight/vi/vi_000634.jpg,3,18,-175.4991912841797,76.3694076538086,1635.7471945753946,-2.012615691610532,1644.168992716351,-9.9936927287046,-175.98724365234375,63.01714324951172,0.6987533569335938,1639.0613539054189,-2.1925972362243704,-172.4364013671875,66.07105255126953,1646.128662109375,-5.739914894104004,9.0,9.0,3.0239169597625732,-0.13570038974285126,3.6618518829345703,-0.1380476951599121,0.4393612031494732,1639.0613539054189,-5.222368222731591,-178.64869405694176,69.4801296728384,7.575058997441323,-173.68761905058736,79.0073935881818,1.8115722335923368,2.63798593437321,-24.149625009439806,166.37063794769347
635,/yh/study/new_data/model_dataset_flight/vi/vi_000635.jpg,3,18,-172.47206115722656,75.0146484375,1639.0613539054189,-5.222368222731591,1645.4772319565127,-10.0,-175.16110229492188,61.677734375,0.7216836214065552,1642.377705480479,-5.394854960102082,-167.50582885742188,66.61732482910156,1650.3857421875,-3.1930999755859375,9.0,9.0,3.0834450721740723,-0.1400907188653946,3.7084615230560303,-0.14225660264492035,0.438618580159793,1642.377705480479,-3.5143316986267994,-174.92242160660183,69.65468672058525,5.893509645249961,-170.7539672830709,77.71431936194648,1.718093874155677,2.699670924446476,-24.142275245645195,154.8256289679557
636,/yh/study/new_data/model_dataset_flight/vi/vi_000636.jpg,3,18,-169.44541931152344,73.66011047363281,1642.377705480479,-3.5143316986267994,1647.7047745306154,-8.653376674893433,-172.21429443359375,62.76603698730469,0.6734959483146667,1645.6935209883688,-3.687374562234206,-167.69654846191406,66.54373168945312,1650.242919921875,-3.3393266201019287,9.0,9.0,3.0363683700561523,-0.13631118834018707,3.6715893745422363,-0.13870571553707123,0.4492241030326774,1645.6935209883688,-3.3901061305098716,-171.85514205847625,68.38904038460245,5.795769457168937,-167.82269669703606,76.41850427368328,1.6227226144873599,2.7583938000504693,-24.137757795880745,185.87277305778116
637,/yh/study/new_data/model_dataset_flight/vi/vi_000637.jpg,3,18,-164.8690185546875,71.61128234863281,1645.6935209883688,-3.3901061305098716,1649.7019950702997,-9.06453220605598,-170.56883239746094,61.56171417236328,0.6878821849822998,1650.5901832236289,-3.55979819980194,-161.67958068847656,67.90560150146484,1655.14892578125,0.4009420871734619,9.0,9.0,3.0979020595550537,-0.14091326296329498,3.71950626373291,-0.14311997592449188,0.4447932846128961,1650.7074603965762,-0.17692213289190928,-165.95916761288316,69.22667104822209,2.6219832232742113,-163.3434799180928,74.42538645540533,1.5255386365947015,2.814104106772517,-24.131109540538667,177.63914191164076
638,/yh/study/new_data/model_dataset_flight/vi/vi_000638.jpg,3,18,-160.2950439453125,69.56355285644531,1650.7074603965762,-0.17692213289190928,1658.9246139290537,-6.297736131001565,-161.03079223632812,60.24351501464844,0.6734204292297363,1655.6416182449343,-0.3491872154896418,-156.91371154785156,61.93185806274414,1661.967041015625,-3.050471544265747,9.0,9.0,3.0604426860809326,-0.13779254257678986,3.6902928352355957,-0.14020468294620514,0.45161643015032726,1655.7187365184145,-2.656359472096773,-162.4324519164047,64.88814891683184,5.140808772308266,-158.86842086308107,72.4303056698221,1.4266230822314345,2.8667528133767908,-24.12833893833487,136.6022260626778
639,/yh/study/new_data/model_dataset_flight/vi/vi_000639.jpg,3,18,-157.47520446777344,68.32182312011719,1655.7187365184145,-2.656359472096773,1658.8921036180154,-6.5389380856608295,-161.16064453125,60.03766632080078,0.6779117584228516,1658.7995691928463,-2.8267987303145845,-151.76220703125,61.42638397216797,1666.8623046875,-1.3683292865753174,9.0,9.0,3.132519245147705,-0.14437758922576904,3.746434450149536,-0.14618495106697083,0.4426472711921898,1658.7995691928463,-1.5811171107017927,-159.18347504190982,64.58512190057365,4.108664546856845,-156.14914638870133,71.23811542608296,1.3260580790721166,2.916292305965769,-24.124149951300392,146.60893008112907
640,/yh/study/new_data/model_dataset_flight/vi/vi_000640.jpg,3,18,-154.3899383544922,66.96321868896484,1658.7995691928463,-1.5811171107017927,1665.027419828596,-5.521759305530698,-155.15785217285156,58.411861419677734,0.6724147796630859,1662.170392354922,-1.7565676443302565,-151.51278686523438,61.7958869934082,1666.935546875,-0.9285757541656494,9.0,9.0,3.0461549758911133,-0.13780811429023743,3.679569721221924,-0.13995474576950073,0.452751895738989,1662.170392354922,-1.0493781429018727,-155.89673481320497,63.66722550725067,3.6240870052877745,-153.16601158549707,69.9258950760951,1.2239267689951276,2.9626763871302577,-24.124566326035502,171.290114056319
641,/yh/study/new_data/model_dataset_flight/vi/vi_000641.jpg,3,18,-151.57359313964844,65.72303009033203,1662.170392354922,-1.0493781429018727,1670.131064564774,-3.3453559454879707,-149.61135864257812,58.2692756652832,0.7001960277557373,1665.247406344311,-1.221060754009699,-146.62066650390625,58.65517044067383,1672.6905517578125,-1.7508915662765503,9.0,9.0,3.0193607807159424,-0.13606859743595123,3.658270835876465,-0.1382335126399994,0.4572397569105105,1665.247406344311,-1.6735902925464843,-153.35781771240954,61.82018575295495,4.291346088098804,-150.4532798015652,68.72889037058555,1.1203133380832384,3.0058602802535086,-24.12130034835389,158.53673801757395
642,/yh/study/new_data/model_dataset_flight/vi/vi_000642.jpg,3,18,-149.53396606445312,64.71604919433594,1665.247406344311,-1.6735902925464843,1670.1992215012824,-3.6710799306132254,-149.68479919433594,57.9447021484375,0.6963173151016235,1667.521058210047,-1.842155297610495,-146.74014282226562,58.48322296142578,1672.6534423828125,-1.9569482803344727,9.0,9.0,3.0080645084381104,-0.13529476523399353,3.6491265296936035,-0.13746845722198486,0.4623863044501151,1667.521058210047,-1.9402002098667104,-151.4008519559491,60.6323900286744,4.49015980931171,-148.5186630165114,67.76184983344532,1.0153030479417366,3.045800639109393,-24.11760668343637,147.34787202905864
643,/yh/study/new_data/model_dataset_flight/vi/vi_000643.jpg,3,18,-147.67930603027344,63.800376892089844,1667.521058210047,-1.9402002098667104,1674.001456847596,-2.1282910584321186,-145.58541870117188,57.76689529418945,0.7131721377372742,1669.5885247467188,-2.106639817606159,-142.35948181152344,58.44823455810547,1675.371337890625,-0.16731509566307068,9.0,9.0,2.93511962890625,-0.13084115087985992,3.589402437210083,-0.13300801813602448,0.47064475020860097,1669.5885247467188,-0.45025875939794435,-148.90107915901288,61.12784877547438,2.938560210751174,-146.77032376234948,66.88283245495944,0.908982267923973,3.082455562869594,-24.113404516271228,163.10717992018908
644,/yh/study/new_data/model_dataset_flight/vi/vi_000644.jpg,3,18,-145.82395935058594,62.88438034057617,1669.5885247467188,-0.45025875939794435,1674.2028119856768,-2.359606426735332,-145.49847412109375,57.472801208496094,0.731834888458252,1671.6566930644863,-0.6119266725964154,-142.43075561523438,57.80164337158203,1675.371337890625,-0.7849982976913452,9.0,9.0,2.8708224296569824,-0.12741756439208984,3.5348904132843018,-0.12944886088371277,0.47683946498153806,1671.6566930644863,-0.7597474878920232,-147.14883574509673,59.986461062989456,3.1864139091054446,-145.02252084273812,66.00016495718447,0.8014385078478174,3.1157846166082894,-24.107795493960083,177.7685850393027
645,/yh/study/new_data/model_dataset_flight/vi/vi_000645.jpg,3,18,-145.80694580078125,62.32038497924805,1671.6566930644863,-0.7597474878920232,1675.3713040619054,0.1897239483022247,-140.84109497070312,58.146629333496094,0.6997531652450562,1671.9066722199445,-0.9165351515902196,-141.43519592285156,59.43120574951172,1675.371337890625,1.1109694242477417,9.0,9.0,2.7266478538513184,-0.118155337870121,3.404933214187622,-0.12033790349960327,0.4837383295692212,1671.9066722199445,0.8151604932132159,-146.26668589010836,61.314850279098074,1.1056495751096713,-145.11418535000038,65.46613383661435,0.6927604507808752,3.145748857366293,-24.101978094508357,200.33621205948293
646,/yh/study/new_data/model_dataset_flight/vi/vi_000646.jpg,3,18,-145.78990173339844,61.75592803955078,1671.9066722199445,0.8151604932132159,1675.3713040619054,-0.09668882124575806,-140.920654296875,57.86807632446289,0.6900684833526611,1672.1568710515166,0.6678909462275897,-141.5787811279297,59.19336700439453,1675.371337890625,0.8349629640579224,9.0,9.0,2.695326566696167,-0.11615052074193954,3.374843120574951,-0.11839748919010162,0.4850126400971046,1672.1568710515166,0.8105874851617791,-146.04104164471016,61.20666000062985,0.6039591324201526,-145.20686374793115,64.92823890536081,0.5830379854672945,3.172310865810027,-24.09578468390875,187.88201303686947
647,/yh/study/new_data/model_dataset_flight/vi/vi_000647.jpg,3,18,-145.7729034423828,61.192325592041016,1672.1568710515166,0.8105874851617791,1675.3713040619054,-0.9778103459572283,-141.3304443359375,57.086585998535156,0.6824711561203003,1672.4066729584256,0.6687337652120569,-141.3304443359375,57.086585998535156,1675.371337890625,-0.9778103232383728,9.0,9.0,2.6973934173583984,-0.11665765196084976,3.3763649463653564,-0.11882121860980988,0.48799903358998686,1672.4066729584256,-0.7375827782502498,-146.45754471866263,59.69478192348745,1.6466240361451487,-145.30054120441483,64.38776037553427,0.4723622379679771,3.195434783493256,-24.091315725428373,144.1474350867793
648,/yh/study/new_data/model_dataset_flight/vi/vi_000648.jpg,3,18,-146.5421600341797,61.21087646484375,1672.4066729584256,-0.7375827782502498,1675.3713040619054,0.34935435348611543,-140.51943969726562,58.17509460449219,0.7483108639717102,1672.4066729584256,-0.8775499962916697,-140.81436157226562,59.5858154296875,1675.371337890625,1.5097198486328125,9.0,9.0,2.7080307006835938,-0.11808864027261734,3.3871281147003174,-0.11998111754655838,0.4907038418621648,1672.4066729584256,1.16142187222691,-145.66798951402157,61.42186653095696,0.8992724316423639,-146.1813344320959,64.42596282054637,0.36082560208379266,3.215086355702617,-24.08736147278576,145.35602601245046
649,/yh/study/new_data/model_dataset_flight/vi/vi_000649.jpg,3,18,-147.3113555908203,61.22942352294922,1672.4066729584256,1.16142187222691,1675.3713040619054,-6.349820896192133,-143.81585693359375,52.31606674194336,0.7065880298614502,1672.4066729584256,1.0212093065664334,-143.81585693359375,52.31606674194336,1675.371337890625,-6.349821090698242,9.0,9.0,2.731912136077881,-0.11957991868257523,3.409649133682251,-0.12143515795469284,0.494112212979707,1672.4066729584256,-5.274402249023519,-148.3438325825527,55.56868824969277,5.754123093256393,-147.0628338226883,64.46065650278994,0.24852176813200877,3.231232979840729,-24.083844512332583,184.89876796957105
650,/yh/study/new_data/model_dataset_flight/vi/vi_000650.jpg,3,18,-148.08091735839844,61.247982025146484,1672.4066729584256,-5.274402249023519,1675.3713040619054,-10.0,-147.85816955566406,47.96516799926758,0.6577781438827515,1672.4066729584256,-5.415704894229971,-143.11660766601562,53.884857177734375,1675.371337890625,-4.632327079772949,9.0,9.0,2.7037909030914307,-0.11697008460760117,3.382530689239502,-0.11906915158033371,0.5063534060762508,1672.4066729584256,-4.746620362585848,-148.12439502864916,56.04868916592996,5.199474641125812,-147.94537160874881,64.49182578441965,0.13554574964962823,3.243843759273155,-24.080365544806668,181.41808407381177
651,/yh/study/new_data/model_dataset_flight/vi/vi_000651.jpg,3,18,-148.108154296875,61.30363464355469,1672.4066729584256,-4.746620362585848,1675.3713040619054,-6.529882045529928,-142.74444580078125,51.62824249267578,0.6268539428710938,1672.4066729584256,-4.885735517329042,-146.4390411376953,55.754730224609375,1674.061767578125,-4.31320333480835,9.0,9.0,2.65350079536438,-0.1128292828798294,3.3338074684143066,-0.1152283102273941,0.5108206699585565,1672.4066729584256,-4.396734654496895,-147.97892193474087,56.36689914011942,4.938426716506079,-148.08616038927542,64.55652420609348,0.021993907599591446,3.2528895625387957,-24.073819822343413,167.85762505605817
652,/yh/study/new_data/model_dataset_flight/vi/vi_000652.jpg,3,18,-148.1353759765625,61.35929489135742,1672.4066729584256,-4.396734654496895,1675.3713040619054,-4.042773989834672,-141.8050537109375,53.933475494384766,0.6719170212745667,1672.4066729584256,-4.531531869958626,-146.093505859375,56.53573226928711,1674.05126953125,-3.459242820739746,9.0,9.0,2.603738784790039,-0.10884842276573181,3.284358501434326,-0.11150166392326355,0.514913447375275,1672.4066729584256,-3.6156876846327757,-147.65418355141443,57.077236631406805,4.3090102218063,-148.22741200490043,64.61763797915359,-0.09203602833792797,3.258343087796158,-24.068001515026765,165.5251270858571
653,/yh/study/new_data/model_dataset_flight/vi/vi_000653.jpg,3,18,-148.16261291503906,61.41496276855469,1672.4066729584256,-3.6156876846327757,1675.3713040619054,-3.994066045988735,-141.5834197998047,53.885704040527344,0.6904300451278687,1672.4066729584256,-3.7454677834286665,-146.13954162597656,56.03868865966797,1674.216064453125,-3.930424690246582,9.0,9.0,2.5490477085113525,-0.10405507683753967,3.2279305458068848,-0.10712037235498428,0.5177897574286437,1672.4066729584256,-3.903439841213308,-147.77382318095286,56.81553515517739,4.61583056751744,-148.36905785683902,64.67514170090617,-0.2064449417999543,3.2601789323514745,-24.062787145843142,134.6600049873814
654,/yh/study/new_data/model_dataset_flight/vi/vi_000654.jpg,3,18,-148.1230926513672,61.47601318359375,1672.4066729584256,-3.903439841213308,1675.3713040619054,-4.049340354917271,-141.7255096435547,53.889888763427734,0.6763365864753723,1672.4066729584256,-4.027344456853948,-147.0792236328125,58.04026412963867,1672.529296875,-2.500788927078247,9.0,9.0,2.5052196979522705,-0.10124608874320984,3.181922435760498,-0.10437726974487305,0.517485387123755,1672.4066729584256,-2.723510377283193,-147.28324015414393,57.888643646271085,3.6843686588617572,-148.4442249668713,64.73438685068226,-0.3211323155041294,3.258373667088506,-24.058391118699443,168.41066104825586
655,/yh/study/new_data/model_dataset_flight/vi/vi_000655.jpg,3,18,-148.08352661132812,61.53709411621094,1672.4066729584256,-2.723510377283193,1675.3713040619054,-5.15699784043389,-141.98211669921875,52.789276123046875,0.6779489517211914,1672.4066729584256,-2.8429320083809864,-147.15518188476562,57.26533508300781,1672.7823486328125,-3.237137794494629,9.0,9.0,2.4827475547790527,-0.09968626499176025,3.1575801372528076,-0.10288526862859726,0.5156202652326656,1672.4066729584256,-3.179623945407651,-147.47287994335116,57.47382279653393,4.108900481932009,-148.51952283246086,64.79000003180501,-0.43599622113275077,3.252905915594071,-24.055640206650367,166.77620308473706
656,/yh/study/new_data/model_dataset_flight/vi/vi_000656.jpg,3,18,-148.04006958007812,61.60420608520508,1672.4066729584256,-3.179623945407651,1675.3713040619054,-3.385663945774894,-141.45091247558594,54.49409484863281,0.716935396194458,1672.4066729584256,-3.2961360428259594,-146.86424255371094,57.95398712158203,1672.7606201171875,-2.4898664951324463,9.0,9.0,2.4745187759399414,-0.09997297078371048,3.1493079662323,-0.10295312851667404,0.5119318563591528,1672.4066729584256,-2.607499636813686,-147.23500599952564,57.99415174184931,3.69873217883018,-148.59100289379734,64.84796252295341,-0.5509333137192197,3.243756437748334,-24.054504954505116,167.35696501564234
657,/yh/study/new_data/model_dataset_flight/vi/vi_000657.jpg,3,18,-148.21701049804688,61.63016891479492,1672.4066729584256,-2.607499636813686,1675.3713040619054,-3.655843326654504,-141.53538513183594,54.23563766479492,0.6869231462478638,1672.4066729584256,-2.723263494774387,-146.87655639648438,58.21941375732422,1672.6390380859375,-2.253591775894165,9.0,9.0,2.4693987369537354,-0.0999537780880928,3.1442105770111084,-0.10283695161342621,0.5107690166529583,1672.4066729584256,-2.3221159561869205,-147.1163511187691,58.25369916418428,3.551337641788063,-148.8828493289513,64.86107713231922,-0.6658388309044126,3.2309082175243,-24.055057986384476,161.71270702034235
658,/yh/study/new_data/model_dataset_flight/vi/vi_000658.jpg,3,18,-148.39414978027344,61.65616226196289,1672.4066729584256,-2.3221159561869205,1675.3713040619054,-3.5915105295416687,-141.53060913085938,54.30419158935547,0.7045072317123413,1672.4066729584256,-2.437624497651726,-146.860595703125,58.06564712524414,1672.717529296875,-2.3867998123168945,9.0,9.0,2.460390090942383,-0.09951513260602951,3.1344680786132812,-0.10236603766679764,0.5101690805839078,1672.4066729584256,-2.394215033973225,-147.14632798170183,58.188127335581235,3.6856919963004904,-149.1747563776908,64.87050881668009,-0.7806065974173866,3.2143465547171886,-24.055824408314546,136.33743103127927
659,/yh/study/new_data/model_dataset_flight/vi/vi_000659.jpg,3,18,-148.5711212158203,61.68212890625,1672.4066729584256,-2.394215033973225,1675.3713040619054,-3.0090947613502346,-141.42694091796875,54.897193908691406,0.6927052736282349,1672.4066729584256,-2.5093165502200208,-146.8004608154297,58.79533767700195,1672.46875,-1.698172688484192,9.0,9.0,2.4312403202056885,-0.09672418981790543,3.1021480560302734,-0.09984336048364639,0.510166039015293,1672.4066729584256,-1.8165169830000871,-146.90613662527613,58.713525423126804,3.4036422148575993,-149.4662502509377,64.87618806655156,-0.8951290351173739,3.1940591603015696,-24.056532560193258,148.672636016272
660,/yh/study/new_data/model_dataset_flight/vi/vi_000660.jpg,3,18,-148.72430419921875,61.637603759765625,1672.4066729584256,-1.8165169830000871,1675.3713040619054,-4.436037228335415,-141.8726043701172,53.531944274902344,0.6749288439750671,1672.4066729584256,-1.9292666042721742,-147.0430145263672,57.97026824951172,1672.59130859375,-2.549391746520996,9.0,9.0,2.417898654937744,-0.0953434556722641,3.086989164352417,-0.09861646592617035,0.509641128305407,1672.4066729584256,-2.4589167075877585,-147.17322920236947,58.12928321187196,3.835902333561677,-149.73360137813722,64.80764001485743,-1.0092971789184764,3.1700362550918,-24.056993918127354,178.89726301655173
661,/yh/study/new_data/model_dataset_flight/vi/vi_000661.jpg,3,18,-148.87750244140625,61.593074798583984,1672.4066729584256,-2.4589167075877585,1675.3713040619054,-3.7097817110882967,-141.4649658203125,54.144134521484375,0.7013943791389465,1672.4066729584256,-2.569662659121076,-146.94027709960938,57.865509033203125,1672.728271484375,-2.6019482612609863,9.0,9.0,2.4174041748046875,-0.09552590548992157,3.0867414474487305,-0.09873166680335999,0.5108048217852479,1672.4066729584256,-2.5972378553903286,-147.2307394260185,58.00348450716773,3.949302076200154,-150.0005031403054,64.73534546994443,-1.1230006988991548,3.142270671360454,-24.057477527537102,157.2901699692011
662,/yh/study/new_data/model_dataset_flight/vi/vi_000662.jpg,3,18,-149.0306854248047,61.548545837402344,1672.4066729584256,-2.5972378553903286,1675.3713040619054,-4.686789513047235,-141.848876953125,53.24538040161133,0.6689444780349731,1672.4066729584256,-2.7072813810861294,-146.195068359375,55.86857604980469,1674.236328125,-4.108222961425781,9.0,9.0,2.4425225257873535,-0.09799937903881073,3.1149840354919434,-0.10093238204717636,0.5127567617839907,1672.4066729584256,-3.9038283394551665,-147.77398470810277,56.8151818283262,4.897349439623076,-150.26681335368357,64.65930379445155,-1.2361279288788773,3.1107579570492,-24.057384572931365,165.29254394117743
663,/yh/study/new_data/model_dataset_flight/vi/vi_000663.jpg,3,18,-149.0669403076172,61.512611389160156,1672.4066729584256,-3.9038283394551665,1675.3713040619054,-4.089600082550903,-141.5443115234375,53.762779235839844,0.6909492015838623,1672.4066729584256,-4.015443438468019,-146.11386108398438,55.88885498046875,1674.3017578125,-4.056014537811279,9.0,9.0,2.4509243965148926,-0.09858117997646332,3.1241350173950195,-0.1014942079782486,0.5145420024783027,1672.4066729584256,-4.050095294190009,-147.8347985851772,56.682156663779864,4.985124479702205,-150.41550620934157,64.58810787134767,-1.3485659017243936,3.0754964821875186,-24.056640989446333,170.62046995852143
664,/yh/study/new_data/model_dataset_flight/vi/vi_000664.jpg,3,18,-149.10678100585938,61.47312927246094,1672.4066729584256,-4.050095294190009,1675.3713040619054,-4.0114111758061455,-141.5636749267578,53.85760498046875,0.6941745281219482,1672.4066729584256,-4.162711900246699,-146.04196166992188,55.95958709716797,1674.3377685546875,-3.9617912769317627,9.0,9.0,2.4559648036956787,-0.09892444312572479,3.1295666694641113,-0.10182054340839386,0.5167487405495986,1672.4066729584256,-3.9911052008133,-147.81027208639472,56.73580628609043,4.911533819026984,-150.5669813974839,64.50961681957803,-1.4602003916245097,3.0364875471170962,-24.05553284461435,217.7772840950638
665,/yh/study/new_data/model_dataset_flight/vi/vi_000665.jpg,3,18,-149.1430206298828,61.437225341796875,1672.4066729584256,-3.9911052008133,1675.3713040619054,-4.344659848812054,-141.7507781982422,53.57672119140625,0.6718318462371826,1672.4066729584256,-4.104291522965914,-146.10873413085938,56.07395553588867,1674.2294921875,-3.8855414390563965,9.0,9.0,2.4539852142333984,-0.09866362810134888,3.1272780895233154,-0.10159962624311447,0.5183924149011916,1672.4066729584256,-3.9174566461815115,-147.77965099254473,56.80278731482829,4.830816969605439,-150.71393659343335,64.43096083389985,-1.5709159635505223,2.993735492102974,-24.054040181476434,151.039271033369
666,/yh/study/new_data/model_dataset_flight/vi/vi_000666.jpg,3,18,-149.12939453125,61.463199615478516,1672.4066729584256,-3.9174566461815115,1675.3713040619054,-4.2850916394354,-141.68983459472656,53.614356994628906,0.6795831918716431,1672.4066729584256,-4.030595828510689,-146.1128387451172,55.92207717895508,1674.288818359375,-4.0253753662109375,9.0,9.0,2.464026927947998,-0.09959481656551361,3.138416051864624,-0.10243513435125351,0.5199042345852916,1672.4066729584256,-4.026137021395739,-147.8248373778815,56.703945954371726,4.934811523975696,-150.80999056134536,64.41044742337549,-1.680596030095356,2.947247807896975,-24.052494637733314,162.17430599499494
667,/yh/study/new_data/model_dataset_flight/vi/vi_000667.jpg,3,18,-149.11578369140625,61.489173889160156,1672.4066729584256,-4.026137021395739,1675.3713040619054,-4.441737277375217,-141.7626495361328,53.475406646728516,0.6768984794616699,1672.4066729584256,-4.1399180563421805,-146.13995361328125,55.88660430908203,1674.2789306640625,-4.068910598754883,9.0,9.0,2.4571373462677,-0.09891980141401291,3.130704402923584,-0.10183341056108475,0.5219840271875604,1672.4066729584256,-4.079270447198478,-147.8469288313555,56.65562278579866,4.997320174321582,-150.9049066072645,64.38620913596571,-1.7891229158582496,2.89703524680556,-24.05096094009953,142.2930338885635
668,/yh/study/new_data/model_dataset_flight/vi/vi_000668.jpg,3,18,-149.1021728515625,61.51515197753906,1672.4066729584256,-4.079270447198478,1675.3713040619054,-4.877162633224998,-141.88946533203125,53.05461120605469,0.681148886680603,1672.4066729584256,-4.192693600956527,-146.31715393066406,55.40164566040039,1674.3194580078125,-4.583639144897461,9.0,9.0,2.4644253253936768,-0.09961360692977905,3.138823986053467,-0.1024552658200264,0.5222383450124377,1672.4066729584256,-4.526600958733031,-148.0329168611837,56.24878984796006,5.37381414386698,-150.9985507810801,64.35826391134022,-1.8963779295175847,2.8431119338011563,-24.04923610389069,168.9000689657405
669,/yh/study/new_data/model_dataset_flight/vi/vi_000669.jpg,3,18,-149.10897827148438,61.5225715637207,1672.4066729584256,-4.526600958733031,1675.3713040619054,-4.21873850740668,-141.65399169921875,53.670928955078125,0.6936522722244263,1672.4066729584256,-4.640410991339156,-146.0631103515625,55.836097717285156,1674.369873046875,-4.082893371582031,9.0,9.0,2.4566216468811035,-0.09886230528354645,3.130178451538086,-0.10177449882030487,0.5261889157562025,1672.4066729584256,-4.164234096085751,-147.88225443793968,56.578351037069254,5.094130738403573,-151.11121971519123,64.30806704092575,-2.002241443706846,2.785495477205042,-24.04802593310798,181.40007404144853
670,/yh/study/new_data/model_dataset_flight/vi/vi_000670.jpg,3,18,-149.11578369140625,61.529991149902344,1672.4066729584256,-4.164234096085751,1675.3713040619054,-3.5616120446143857,-141.3933868408203,54.274330139160156,0.6978516578674316,1672.4066729584256,-4.2774437907096985,-145.98489379882812,56.287296295166016,1674.25341796875,-3.6400246620178223,9.0,9.0,2.4507265090942383,-0.0983276516199112,3.123666763305664,-0.10129263997077942,0.5262860858693165,1672.4066729584256,-3.7330228595688064,-147.70296837036415,56.970524004612635,4.773341364322018,-151.22237667418784,64.25419822836287,-2.106592982781604,2.7242070784605192,-24.045856600994558,172.83806600607932
671,/yh/study/new_data/model_dataset_flight/vi/vi_000671.jpg,3,18,-149.12258911132812,61.53741455078125,1672.4066729584256,-3.7330228595688064,1675.3713040619054,-4.20739421817687,-141.80029296875,53.75028991699219,0.6783534288406372,1672.4066729584256,-3.845573431129666,-146.16079711914062,56.177337646484375,1674.13916015625,-3.813167095184326,9.0,9.0,2.4563865661621094,-0.09883394837379456,3.12985897064209,-0.10175885260105133,0.5252602234724923,1672.4066729584256,-3.8178951158798036,-147.73825597836614,56.89333537453788,4.84601378642629,-151.33190042986627,64.19668619128744,-2.2093113185381337,2.6592716405061894,-24.04441254959363,104.4187149964273
672,/yh/study/new_data/model_dataset_flight/vi/vi_000672.jpg,3,18,-149.04354858398438,61.497920989990234,1672.4066729584256,-3.8178951158798036,1675.3713040619054,-3.8494196730120405,-141.5560760498047,54.032249450683594,0.6963897347450256,1672.4066729584256,-3.9306206047213372,-146.0537567138672,56.06659698486328,1674.282470703125,-3.8693745136260986,9.0,9.0,2.4582505226135254,-0.09895719587802887,3.131929636001587,-0.10187461972236633,0.5271314285008113,1672.4066729584256,-3.8783101978917864,-147.76337494920668,56.83838977017841,4.832191606670933,-151.35382315789903,64.08863886424399,-2.310274573914645,2.5907178742537535,-24.04383294400953,152.66611997503787
673,/yh/study/new_data/model_dataset_flight/vi/vi_000673.jpg,3,18,-148.96446228027344,61.45841598510742,1672.4066729584256,-3.8783101978917864,1675.3713040619054,-5.39444089079035,-142.14205932617188,52.601318359375,0.6644926071166992,1672.4066729584256,-3.991119498314455,-146.25343322753906,55.43537139892578,1674.3634033203125,-4.526472568511963,9.0,9.0,2.466898202896118,-0.09958841651678085,3.1413068771362305,-0.10247533768415451,0.5290102107702409,1672.4066729584256,-4.448365608207952,-148.00038870061366,56.319942422345754,5.228130490165545,-151.37382261495173,63.976994387776315,-2.4093603346782855,2.518578402668893,-24.042801318640596,185.4723480064422
674,/yh/study/new_data/model_dataset_flight/vi/vi_000674.jpg,3,18,-148.8774871826172,61.41496276855469,1672.4066729584256,-4.448365608207952,1675.3713040619054,-3.290272157321717,-141.4450225830078,54.596290588378906,0.7029476165771484,1672.4066729584256,-4.561614284269583,-146.00479125976562,56.53514099121094,1674.1322021484375,-3.422893524169922,9.0,9.0,2.4534623622894287,-0.0982261598110199,3.1265082359313965,-0.10124935209751129,0.5297851704367729,1672.4066729584256,-3.589030644059127,-147.64310026885377,57.101480365851515,4.486629190305379,-151.38393295168893,63.857852630505036,-2.506445769071747,2.4428898619503494,-24.041473167012146,162.75277105160058
675,/yh/study/new_data/model_dataset_flight/vi/vi_000675.jpg,3,18,-148.44296264648438,61.237342834472656,1672.4066729584256,-3.589030644059127,1675.3713040619054,-4.074147912281083,-141.56417846679688,53.78885269165039,0.6968502402305603,1672.4066729584256,-3.701352780818885,-146.0814971923828,55.86309051513672,1674.3419189453125,-4.0659894943237305,9.0,9.0,2.4505319595336914,-0.09790387749671936,3.1229634284973145,-0.10098668932914734,0.5299095545848611,1672.4066729584256,-4.0127897147901965,-147.81928792575366,56.71608490715618,4.564070924361345,-151.04437040184732,63.60103583377434,-2.6014077553629398,2.363692999301682,-24.040338661918835,188.5024330113083
676,/yh/study/new_data/model_dataset_flight/vi/vi_000676.jpg,3,18,-148.0474853515625,61.07568359375,1672.4066729584256,-4.0127897147901965,1675.3713040619054,-3.3167737402107647,-141.30772399902344,54.50437927246094,0.7203121781349182,1672.4066729584256,-4.124489951587529,-145.8873291015625,56.21742248535156,1674.37109375,-3.6630051136016846,9.0,9.0,2.469831943511963,-0.099978506565094,3.1444664001464844,-0.10280513018369675,0.528441223995867,1672.4066729584256,-3.730334844069402,-147.70185076560887,56.97296866960726,4.117248233443169,-150.74160836877505,63.356716360538805,-2.694123017212561,2.2810327667888064,-24.039557672475926,171.0787219926715
677,/yh/study/new_data/model_dataset_flight/vi/vi_000677.jpg,3,18,-147.65199279785156,60.914024353027344,1672.4066729584256,-3.730334844069402,1675.3713040619054,-1.823584799259647,-140.9498291015625,55.98259735107422,0.7357120513916016,1672.4066729584256,-3.843471970038335,-145.31640625,57.66144561767578,1674.2899169921875,-2.1123392581939697,9.0,9.0,2.4805655479431152,-0.10128773003816605,3.1558804512023926,-0.103957399725914,0.5257949525793103,1672.4066729584256,-2.364908117012914,-147.13414295160612,58.214781048705014,2.748469188327451,-150.43646106459568,63.10898276380623,-2.784468266744118,2.1949584107788884,-24.039563969056566,166.0474989330396
678,/yh/study/new_data/model_dataset_flight/vi/vi_000678.jpg,3,18,-146.78369140625,60.6616325378418,1672.4066729584256,-2.364908117012914,1675.3713040619054,-4.127479791210936,-142.01251220703125,53.935184478759766,0.6471834182739258,1672.4066729584256,-2.479772689895566,-146.06610107421875,56.94744110107422,1673.905029296875,-3.073415756225586,9.0,9.0,2.4894182682037354,-0.10207943618297577,3.166184186935425,-0.1046435609459877,0.5285323643326044,1672.4066729584256,-2.986804400098528,-147.3927107476006,57.64918606836108,3.0733919843758857,-149.65601176142096,62.76715609430107,-2.8723203551709653,2.1055235564592727,-24.04049420880501,145.94702096655965
679,/yh/study/new_data/model_dataset_flight/vi/vi_000679.jpg,3,18,-145.9160614013672,60.40943145751953,1672.4066729584256,-2.986804400098528,1675.3713040619054,-4.45290218707456,-141.91419982910156,53.53241729736328,0.6732513904571533,1672.6019995948968,-3.1028468948723926,-146.198486328125,55.98415756225586,1674.1851806640625,-4.004527568817139,9.0,9.0,2.45794677734375,-0.09925811737775803,3.131899833679199,-0.10209367424249649,0.5298795657855365,1672.6019995948968,-3.872974131417941,-147.58351518858075,56.76202721564302,4.010481247450434,-148.87361783217332,62.422217744459026,-2.9575564308061377,2.0127862869394924,-24.04014636576891,180.370461079292
680,/yh/study/new_data/model_dataset_flight/vi/vi_000680.jpg,3,18,-145.04782104492188,60.15705108642578,1672.6019995948968,-3.872974131417941,1675.3713040619054,-3.043814102369275,-141.37173461914062,54.833778381347656,0.7229844927787781,1673.4965666532664,-3.987242426884841,-145.8572998046875,56.56836700439453,1674.2525634765625,-3.3313496112823486,9.0,9.0,2.4559717178344727,-0.09888868033885956,3.1297965049743652,-0.10176478326320648,0.5355239700826117,1673.4965666532664,-3.4270430834297105,-146.5845388641789,56.79563228762628,3.6960300319322026,-148.08787514917188,62.07386030287304,-3.040054104249992,1.9168092164472559,-24.0394760719996,175.6584420800209
681,/yh/study/new_data/model_dataset_flight/vi/vi_000681.jpg,3,18,-144.4994659423828,59.85633850097656,1673.4965666532664,-3.4270430834297105,1675.3713040619054,-2.6640733353360364,-141.32781982421875,55.23124694824219,0.7199446558952332,1674.1203075408669,-3.5400604338649675,-141.8129119873047,56.32238006591797,1675.371337890625,-1.8734313249588013,9.0,9.0,2.4757752418518066,-0.10031883418560028,3.150120735168457,-0.10320217907428741,0.5329711868803193,1674.1203075408669,-2.1165892349392514,-145.47242085201316,57.728100752919495,2.340093410193023,-147.6191575629054,61.67399805811276,-3.1196916205225826,1.8176595571361984,-24.037071253751726,175.1049009617418
682,/yh/study/new_data/model_dataset_flight/vi/vi_000682.jpg,3,18,-143.95172119140625,59.55595016479492,1674.1203075408669,-2.1165892349392514,1675.3713040619054,-2.153535286252727,-141.40635681152344,55.82851791381836,0.622821033000946,1674.7433585179422,-2.2303357513457875,-141.2171173095703,58.72930145263672,1675.371337890625,0.5632922649383545,9.0,9.0,2.546800136566162,-0.10660669207572937,3.2262048721313477,-0.10893351584672928,0.5338083119404691,1674.7433585179422,0.15570743033270418,-143.96101935822983,59.53562053584049,0.022355082636928977,-147.14806922928446,61.27135934382929,-3.1963480378782148,1.7154091790343664,-24.036414563989446,173.3615129487589
683,/yh/study/new_data/model_dataset_flight/vi/vi_000683.jpg,3,18,-143.4036102294922,59.25536346435547,1674.7433585179422,0.15570743033270418,1675.3713040619054,-1.4519047888034269,-140.76722717285156,56.307796478271484,0.741362988948822,1675.3668250274618,0.03682258376459657,-141.19924926757812,57.227909088134766,1675.371337890625,-0.7947326898574829,9.0,9.0,2.5652661323547363,-0.10870753973722458,3.2457590103149414,-0.11076892167329788,0.534544691710361,1675.3668250274618,-0.673410410481316,-143.73872886454308,58.522331038288506,0.8060031248227196,-146.67351364250385,60.86549812702805,-3.2699034130116744,1.6101346626725799,-24.03570878821933,145.32958704512566
684,/yh/study/new_data/model_dataset_flight/vi/vi_000684.jpg,3,18,-143.45632934570312,59.165565490722656,1675.3668250274618,-0.673410410481316,1675.3713040619054,-10.0,-144.80023193359375,47.65102767944336,0.6386541128158569,1675.3668250274618,-0.795971462922913,-142.31382751464844,54.9083137512207,1675.371337890625,-3.367743968963623,9.0,9.0,2.638859987258911,-0.11367499083280563,3.3197343349456787,-0.11561953276395798,0.5372694035806672,1675.3668250274618,-2.9925274170791623,-144.702960192334,56.41316967964429,3.021551119642578,-146.79656833804034,60.667482834669435,-3.340238992337217,1.5019173439467763,-24.03497038073703,139.89840692374855
685,/yh/study/new_data/model_dataset_flight/vi/vi_000685.jpg,3,18,-143.5139923095703,59.067344665527344,1675.3668250274618,-2.9925274170791623,1675.3713040619054,-8.389965539291886,-143.75331115722656,50.044219970703125,0.5999634265899658,1675.3668250274618,-3.1202527202522274,-142.24388122558594,55.807884216308594,1675.371337890625,2.644489049911499,9.0,9.0,2.663220167160034,-0.11466085910797119,3.343130588531494,-0.11672987043857574,0.5416845339096986,1675.3668250274618,1.8034245605662989,-142.7089223191822,60.774931747010825,1.887853630521392,-146.92122971856506,60.45818801630881,-3.407237408994742,1.3908433507814688,-24.033536788063266,143.32785608712584
686,/yh/study/new_data/model_dataset_flight/vi/vi_000686.jpg,3,18,-143.56700134277344,58.97706604003906,1675.3668250274618,1.8034245605662989,1675.3713040619054,-1.4507166772305569,-137.7843017578125,54.945343017578125,0.6642029285430908,1675.3668250274618,1.6731123264030145,-142.48306274414062,55.27336502075195,1675.371337890625,3.2295353412628174,9.0,9.0,2.659039258956909,-0.11433742195367813,3.3391690254211426,-0.11640989035367966,0.5451894348101202,1675.3668250274618,3.0024562837110342,-142.21039466957154,61.86541203371074,3.1910694516000655,-147.03778422798433,60.25406967121787,-3.4707828852109035,1.277003631178805,-24.03105961718952,186.81649200152606
687,/yh/study/new_data/model_dataset_flight/vi/vi_000687.jpg,3,18,-143.4983367919922,58.98100662231445,1675.3668250274618,3.0024562837110342,1675.3713040619054,-3.144259628442376,-138.79075622558594,53.543338775634766,0.6617127656936646,1675.3713040619054,2.871523311875898,-143.4497528076172,53.63862609863281,1675.371337890625,5.105506420135498,9.0,9.0,2.67130184173584,-0.11458142101764679,3.350663661956787,-0.11680815368890762,0.5473142106113759,1675.3713040619054,4.779572677209004,-141.467349132703,63.47973747737528,4.935938631958599,-147.02909823160928,60.141500594569905,-3.530761439617081,1.1604939722554555,-24.029423837733773,183.61743702553213
688,/yh/study/new_data/model_dataset_flight/vi/vi_000688.jpg,3,18,-143.43556213378906,58.9846076965332,1675.3713040619054,4.779572677209004,1675.3713040619054,1.6616366864897012,-137.756103515625,55.08544158935547,0.657918393611908,1675.3713040619054,4.648325112058743,-142.53958129882812,55.325538635253906,1675.371337890625,3.201871871948242,9.0,9.0,2.665924072265625,-0.11402978003025055,3.345649242401123,-0.11627066880464554,0.5521077227482555,1675.3713040619054,3.412906555592137,-142.03560106289243,62.23681107898667,3.5407227850917424,-147.02262323289077,60.02602270642108,-3.587061099101701,1.0414150098878772,-24.026836209894544,176.40543403103948
689,/yh/study/new_data/model_dataset_flight/vi/vi_000689.jpg,3,18,-143.3729705810547,58.988197326660156,1675.3713040619054,3.412906555592137,1675.3713040619054,0.6717946634103337,-137.49017333984375,56.04481887817383,0.6551216244697571,1675.3713040619054,3.2821980399480637,-142.298583984375,56.326698303222656,1675.371337890625,2.1823816299438477,9.0,9.0,2.6638972759246826,-0.11414705961942673,3.343442678451538,-0.11632995307445526,0.5541350082712799,1675.3713040619054,2.3428426816497936,-142.48052748067346,61.263632176072605,2.4441887082094773,-147.01254269580483,59.908069555269115,-3.6395721147501385,0.9198722286089597,-24.02347655723569,166.39197594486177
690,/yh/study/new_data/model_dataset_flight/vi/vi_000690.jpg,3,18,-143.34661865234375,59.00255584716797,1675.3713040619054,2.3428426816497936,1675.3713040619054,1.290074992243974,-137.4072265625,55.346797943115234,0.6698591709136963,1675.3713040619054,2.2123355999027385,-142.18563842773438,55.72030258178711,1675.371337890625,2.7044310569763184,9.0,9.0,2.6557953357696533,-0.11352822184562683,3.335890293121338,-0.11573755741119385,0.5551671672487452,1675.3713040619054,2.63263529737182,-142.36003337415104,61.52718659250378,2.7105554617903396,-147.03480583374682,59.79853179858768,-3.6881871814030656,0.7959759514197129,-24.020583225070247,161.11318801995367
691,/yh/study/new_data/model_dataset_flight/vi/vi_000691.jpg,3,18,-143.3202362060547,59.01694107055664,1675.3713040619054,2.63263529737182,1675.3713040619054,1.0616633516732619,-137.26272583007812,55.53520965576172,0.6696914434432983,1675.3713040619054,2.5027356018561875,-142.13290405273438,55.90935516357422,1675.371337890625,2.5092532634735107,9.0,9.0,2.6477296352386475,-0.11316131800413132,3.3282828330993652,-0.11532819271087646,0.5553588927931815,1675.3713040619054,2.5083023494588934,-142.4117303003572,61.414110910955735,2.56355343701009,-147.05303786639703,59.686782389759685,-3.732801660342356,0.6698413192030432,-24.018341268836046,146.43447590060532
692,/yh/study/new_data/model_dataset_flight/vi/vi_000692.jpg,3,18,-143.29127502441406,59.0327262878418,1675.3713040619054,2.5083023494588934,1675.3713040619054,0.20924791853456104,-137.0319061279297,56.36067199707031,0.6612321734428406,1675.3713040619054,2.3789282029974066,-141.8107147216797,56.777687072753906,1675.371337890625,1.5833042860031128,9.0,9.0,2.631568193435669,-0.11239905655384064,3.3121604919433594,-0.11453784257173538,0.5545932712759054,1675.3713040619054,1.6993842510973045,-142.74807380334482,60.67843330639315,1.733037552241816,-147.06458882900705,59.57431454729462,-3.7733138045929846,0.5415882594528201,-24.01681690935152,129.6874120598659
693,/yh/study/new_data/model_dataset_flight/vi/vi_000693.jpg,3,18,-143.31105041503906,59.0327262878418,1675.3713040619054,1.6993842510973045,1675.3713040619054,0.7245807088546905,-137.09332275390625,55.830650329589844,0.6667281985282898,1675.3713040619054,1.5707395015750953,-141.85748291015625,56.25999450683594,1675.371337890625,2.0817761421203613,9.0,9.0,2.6421024799346924,-0.11338658630847931,3.322598457336426,-0.11542296409606934,0.5524529674664584,1675.3713040619054,2.00721690109044,-142.62007875410268,60.958394388994456,2.0458835431211804,-147.12067540134967,59.44406773189734,-3.809624986310607,0.41134144405554723,-24.016094029877408,152.5552780367434
694,/yh/study/new_data/model_dataset_flight/vi/vi_000694.jpg,3,18,-143.330810546875,59.0327262878418,1675.3713040619054,2.00721690109044,1675.3713040619054,-1.0087110947380065,-136.3741912841797,57.41007614135742,0.671435534954071,1675.3713040619054,1.8780009006527036,-141.16090393066406,57.83946228027344,1675.371337890625,0.35675930976867676,9.0,9.0,2.662895917892456,-0.11508987843990326,3.3433115482330322,-0.11699674278497696,0.55104584177573,1675.3713040619054,0.5787054667378579,-143.2140456104027,59.6592222326991,0.6372842531492713,-147.17245047258137,59.31195652373177,-3.8416399257063802,0.27923023588997714,-24.016373267220587,166.1532400175929
695,/yh/study/new_data/model_dataset_flight/vi/vi_000695.jpg,3,18,-143.3525390625,59.0327262878418,1675.3713040619054,0.5787054667378579,1675.3713040619054,1.0134155648256802,-136.126953125,55.136688232421875,0.693642258644104,1675.3713040619054,0.4478832403327142,-141.6119842529297,56.832725524902344,1675.371337890625,1.4588805437088013,9.0,9.0,2.6627206802368164,-0.1153111606836319,3.343554973602295,-0.11713326722383499,0.5510881035712195,1675.3713040619054,1.311378025019359,-142.9094045654138,60.32555766727153,1.3666679033861973,-147.2218059834441,59.1781149118799,-3.869266920944115,0.1453886240381017,-24.017047268153448,162.9665659274906
696,/yh/study/new_data/model_dataset_flight/vi/vi_000696.jpg,3,18,-143.40359497070312,59.08281326293945,1675.3713040619054,1.311378025019359,1675.3713040619054,2.5442510007625385,-137.6004638671875,54.0742301940918,0.6880208253860474,1675.3713040619054,1.1797411968352312,-142.27084350585938,54.36619186401367,1675.371337890625,3.9945809841156006,9.0,9.0,2.6453945636749268,-0.11389012634754181,3.3268837928771973,-0.11581146717071533,0.5513465301817693,1675.3713040619054,3.5839013938292386,-141.96450239047803,62.392323822788086,3.6088568273358432,-147.29601304913334,59.09276841036841,-3.892418078430211,0.009955147428954363,-24.01747057979943,154.24425108358264
697,/yh/study/new_data/model_dataset_flight/vi/vi_000697.jpg,3,18,-143.4546661376953,59.132911682128906,1675.3713040619054,3.5839013938292386,1675.3713040619054,1.5291044682079233,-137.14114379882812,54.984134674072266,0.6813246607780457,1675.3713040619054,3.4530514065607907,-142.0347137451172,55.32774353027344,1675.371337890625,3.0137035846710205,9.0,9.0,2.628793239593506,-0.11234927922487259,3.3102357387542725,-0.11441469937562943,0.5527010420715475,1675.3713040619054,3.077803568017222,-142.17493496199896,61.93204875053808,3.077804446320701,-147.3656756805983,59.00598448889735,-3.9110095429029603,-0.1269271932315561,-24.017655315072137,129.82200109399855
698,/yh/study/new_data/model_dataset_flight/vi/vi_000698.jpg,3,18,-143.4579620361328,59.08980178833008,1675.3713040619054,3.077803568017222,1675.3713040619054,1.5892767650782487,-137.24560546875,54.96083068847656,0.6803450584411621,1675.3713040619054,2.9485286781904474,-142.03785705566406,55.37345504760742,1675.371337890625,2.9723703861236572,9.0,9.0,2.601700782775879,-0.11006701737642288,3.2825441360473633,-0.11234522610902786,0.5502614905990892,1675.3713040619054,2.9688919278149526,-142.22021979696055,61.83299811149901,3.0095069227497566,-147.38292376284898,58.82469075296785,-3.9249617267161527,-0.26511103536223485,-24.017301265813206,149.0419339388609
699,/yh/study/new_data/model_dataset_flight/vi/vi_000699.jpg,3,18,-143.4612579345703,59.046695709228516,1675.3713040619054,2.9688919278149526,1675.3713040619054,2.704411890553634,-137.82608032226562,53.99140930175781,0.6854528188705444,1675.3713040619054,2.841891804552547,-142.51792907714844,54.27711486816406,1675.371337890625,4.168471813201904,9.0,9.0,2.606112003326416,-0.11032506823539734,3.286787271499634,-0.11261549592018127,0.5482894335588068,1675.3713040619054,3.9749263983274865,-141.80191643766642,62.747944916216454,4.056187852599543,-147.39545747227186,58.64225094290298,-3.934199537701543,-0.4044447663255324,-24.017925000822647,181.57679098658264
700,/yh/study/new_data/model_dataset_flight/vi/vi_000700.jpg,3,18,-143.46487426757812,58.99932861328125,1675.3713040619054,3.9749263983274865,1675.3713040619054,2.5216226660516443,-137.6400909423828,54.114288330078125,0.6892561912536621,1675.3713040619054,3.8485501270796227,-142.24742126464844,54.446651458740234,1675.371337890625,3.911153554916382,9.0,9.0,2.600778341293335,-0.11009719222784042,3.281355381011963,-0.1123661994934082,0.549052066868321,1675.3713040619054,3.902019837888969,-141.8322305670923,62.68163941032044,4.028019148257302,-147.40352687256433,58.4545559660653,-3.9386526049861983,-0.5447726472159485,-24.019020659215055,159.06832390464842
701,/yh/study/new_data/model_dataset_flight/vi/vi_000701.jpg,3,18,-143.43084716796875,58.954803466796875,1675.3713040619054,3.902019837888969,1675.3713040619054,2.2728093607837874,-137.61917114257812,54.3736572265625,0.6865274310112,1675.3713040619054,3.7760922853081356,-142.2916717529297,54.791019439697266,1675.371337890625,3.6073527336120605,9.0,9.0,2.5992209911346436,-0.10992278158664703,3.279723644256592,-0.11221716552972794,0.5482182501810505,1675.3713040619054,3.6319715024204275,-141.94451511519603,62.436041601400106,3.7852611430276992,-147.36910267010248,58.26886851815776,-3.938255502133726,-0.6859349486391131,-24.01946590217157,189.8256300482899
702,/yh/study/new_data/model_dataset_flight/vi/vi_000702.jpg,3,18,-143.3968048095703,58.9102783203125,1675.3713040619054,3.6319715024204275,1675.3713040619054,2.6248779421637214,-137.75430297851562,54.04850387573242,0.6805968284606934,1675.3713040619054,3.5063221098155997,-142.56588745117188,54.25044250488281,1675.371337890625,4.2109456062316895,9.0,9.0,2.6003708839416504,-0.1096164733171463,3.280642509460449,-0.11200501024723053,0.5486473781599978,1675.3713040619054,4.1081424235703095,-141.7465259788857,62.869099389751526,4.289019057877934,-147.3297527765434,58.08251022184418,-3.932947966973084,-0.8277680984683154,-24.020047161942113,174.69196300953627
703,/yh/study/new_data/model_dataset_flight/vi/vi_000703.jpg,3,18,-143.36276245117188,58.865745544433594,1675.3713040619054,4.1081424235703095,1675.3713040619054,2.3694179864178864,-137.67091369628906,54.29024887084961,0.6821802854537964,1675.3713040619054,3.982880014121686,-142.34408569335938,54.586788177490234,1675.371337890625,3.8165221214294434,9.0,9.0,2.5907609462738037,-0.10938256233930588,3.2709975242614746,-0.11169077455997467,0.5496036046437995,1675.3713040619054,3.8407934108720876,-141.85768816407273,62.625956503416845,4.050238889960042,-147.28543756864747,57.895640702902014,-3.9226751174755887,-0.9701048415315778,-24.020274745979687,176.00067798048258
704,/yh/study/new_data/model_dataset_flight/vi/vi_000704.jpg,3,18,-143.37681579589844,58.858089447021484,1675.3713040619054,3.8407934108720876,1675.3713040619054,2.0607076867307317,-137.52452087402344,54.564292907714844,0.6823114156723022,1675.3713040619054,3.7158798227058507,-142.2587127685547,54.895660400390625,1675.371337890625,3.497931480407715,9.0,9.0,2.590637683868408,-0.10908661782741547,3.2708892822265625,-0.11145173013210297,0.5500270230114874,1675.3713040619054,3.5297297150081537,-141.98702666364525,62.34305691802857,3.751867815649507,-147.284203458937,57.74531503587203,-3.9073876630385587,-1.1127744111494546,-24.020088036355425,201.45052194129676
705,/yh/study/new_data/model_dataset_flight/vi/vi_000705.jpg,3,18,-143.39083862304688,58.85044479370117,1675.3713040619054,3.5297297150081537,1675.3713040619054,1.7984957461250146,-137.4972381591797,54.83555221557617,0.6782850027084351,1675.3713040619054,3.4052226603216074,-142.2059326171875,55.20866394042969,1675.371337890625,3.1875157356262207,9.0,9.0,2.5843887329101562,-0.10870564728975296,3.2643868923187256,-0.11107578128576279,0.5499272915774347,1675.3713040619054,3.2192787478731058,-142.11611039412873,62.06071458411536,3.4540938297687798,-147.2778807335815,57.59484208129363,-3.887042110534633,-1.2556027124075437,-24.019818457326622,154.0997700067237
706,/yh/study/new_data/model_dataset_flight/vi/vi_000706.jpg,3,18,-143.4036102294922,58.843482971191406,1675.3713040619054,3.2192787478731058,1675.3713040619054,1.4891512814004402,-137.1962890625,55.04898452758789,0.681186854839325,1675.3713040619054,3.0952165375516794,-141.931640625,55.45979309082031,1675.371337890625,2.852956533432007,9.0,9.0,2.571261405944824,-0.10749545693397522,3.25081467628479,-0.10998869687318802,0.5492917638195062,1675.3713040619054,2.8883017916894103,-142.25372871306172,61.75970471082434,3.134737108042101,-147.2652111939796,57.44507045417602,-3.8616009644874216,-1.3984125170153876,-24.019678118283522,162.0011340128258
707,/yh/study/new_data/model_dataset_flight/vi/vi_000707.jpg,3,18,-143.4036102294922,58.85784912109375,1675.3713040619054,2.8883017916894103,1675.3713040619054,2.229779294227065,-137.561767578125,54.39718246459961,0.6826434135437012,1675.3713040619054,2.765327083013072,-142.33433532714844,54.73405456542969,1675.371337890625,3.6760334968566895,9.0,9.0,2.5781078338623047,-0.10803687572479248,3.257859945297241,-0.11050233244895935,0.5471366790538085,1675.3713040619054,3.5431632217531046,-141.98144108863445,62.35527413764947,3.7755194095167592,-147.23464315023045,57.316825451526235,-3.8310329207382705,-1.541023669567513,-24.019809332620778,171.99920595157892
708,/yh/study/new_data/model_dataset_flight/vi/vi_000708.jpg,3,18,-143.4036102294922,58.87351989746094,1675.3713040619054,3.5431632217531046,1675.3713040619054,3.0022801697266597,-138.1073455810547,53.78251647949219,0.6793109178543091,1675.3713040619054,3.4201092687015375,-142.91281127929688,53.85918426513672,1675.371337890625,4.702539920806885,9.0,9.0,2.5953304767608643,-0.10937020182609558,3.2755322456359863,-0.11173632740974426,0.5483920464789156,1675.3713040619054,4.51543581024358,-141.57717572612853,63.23951590493257,4.732629726942037,-147.1989232824662,57.19026659247133,-3.7953130529740102,-1.683253304989605,-24.02064891228016,151.37318708002567
709,/yh/study/new_data/model_dataset_flight/vi/vi_000709.jpg,3,18,-143.4036102294922,58.88801193237305,1675.3713040619054,4.51543581024358,1675.3713040619054,2.362861488440103,-137.60975646972656,54.273048400878906,0.6860828399658203,1675.3713040619054,4.391384984409306,-142.34193420410156,54.5645637512207,1675.371337890625,3.836388111114502,9.0,9.0,2.5830867290496826,-0.1083407923579216,3.2627270221710205,-0.1107981950044632,0.5496255359543376,1675.3713040619054,3.917361063665787,-141.82585177345626,62.69559162161773,4.121527002888795,-147.1580332209858,57.063095855456375,-3.754422991493602,-1.8249160769166697,-24.020755260459968,170.51660793367773
710,/yh/study/new_data/model_dataset_flight/vi/vi_000710.jpg,3,18,-143.41348266601562,58.905967712402344,1675.3713040619054,3.917361063665787,1675.3713040619054,1.843979323724848,-137.40728759765625,54.75094985961914,0.6780017018318176,1675.3713040619054,3.7937579134172594,-142.2253875732422,55.0174446105957,1675.371337890625,3.372439384460449,9.0,9.0,2.5834732055664062,-0.10843899101018906,3.26324462890625,-0.1108616515994072,0.5504619139625468,1675.3713040619054,3.4339089294178233,-142.0268683963865,62.255911870645924,3.625579263523195,-147.1218337596161,56.94014331568414,-3.7083510936004718,-1.9658243967182079,-24.020392673464574,168.6631590127945
711,/yh/study/new_data/model_dataset_flight/vi/vi_000711.jpg,3,18,-143.42434692382812,58.92570495605469,1675.3713040619054,3.4339089294178233,1675.3713040619054,3.012060610261503,-137.9641876220703,53.7152214050293,0.6879726648330688,1675.3713040619054,3.310447533915733,-142.62393188476562,53.93429946899414,1675.371337890625,4.526220321655273,9.0,9.0,2.586517572402954,-0.1087607815861702,3.2661499977111816,-0.11115933209657669,0.5490982773669244,1675.3713040619054,4.348841462436935,-141.64644469987596,63.08800522545056,4.5261108968458785,-147.0814395288466,56.819916273203944,-3.6570926050184815,-2.1057886828507435,-24.0198642409384,173.0608110083267
712,/yh/study/new_data/model_dataset_flight/vi/vi_000712.jpg,3,18,-143.4342498779297,58.94367218017578,1675.3713040619054,4.348841462436935,1675.3713040619054,1.635889130586483,-137.2364959716797,54.907073974609375,0.6780145168304443,1675.3713040619054,4.225120041672012,-142.09335327148438,55.28754806518555,1675.371337890625,3.072685480117798,9.0,9.0,2.5760629177093506,-0.10789065062999725,3.2556450366973877,-0.11034722626209259,0.5497886067207717,1675.3713040619054,3.2408234166744645,-142.1071522444841,62.08030857065983,3.4058297043166577,-147.0348996896722,56.69905455999075,-3.6006498117425014,-2.244617620185033,-24.019998069957452,180.62911904416978
713,/yh/study/new_data/model_dataset_flight/vi/vi_000713.jpg,3,18,-143.47706604003906,58.92930603027344,1675.3713040619054,3.2408234166744645,1675.3713040619054,1.4769977426944576,-137.29486083984375,55.10115051269531,0.6760907173156738,1675.3713040619054,3.1177037495020326,-142.13116455078125,55.49885559082031,1675.371337890625,2.890199661254883,9.0,9.0,2.574127197265625,-0.1076962947845459,3.253612995147705,-0.11017338931560516,0.5493329583979378,1675.3713040619054,2.9233920604003,-142.23913838071175,61.791617861093776,3.1185403487179184,-147.0160982217879,56.54718760134945,-3.5390321817488437,-2.382118428923987,-24.01984343020578,166.62107792217284
714,/yh/study/new_data/model_dataset_flight/vi/vi_000714.jpg,3,18,-143.51988220214844,58.91494369506836,1675.3713040619054,2.9233920604003,1675.3713040619054,1.7177721428495198,-137.22500610351562,54.814430236816406,0.6806696057319641,1675.3713040619054,2.800644803048425,-142.11392211914062,55.145591735839844,1675.371337890625,3.212226152420044,9.0,9.0,2.57068133354187,-0.10730263590812683,3.2500081062316895,-0.109843410551548,0.5479609975092644,1675.3713040619054,3.152177242818423,-142.14401081484073,61.99968853635952,3.3776726914081654,-146.99213869815623,56.39684655237485,-3.4722564960077835,-2.5180971426935046,-24.01990239394822,204.7358499839902
715,/yh/study/new_data/model_dataset_flight/vi/vi_000715.jpg,3,18,-143.56700134277344,58.89914321899414,1675.3713040619054,3.152177242818423,1675.3713040619054,2.119644749440212,-137.47142028808594,54.47983169555664,0.6846759915351868,1675.3895465544342,3.029823644342967,-142.18592834472656,54.845481872558594,1675.371337890625,3.5177440643310547,9.0,9.0,2.5690128803253174,-0.10730043053627014,3.248283863067627,-0.10981275141239166,0.5473962796031219,1675.3714938737119,3.4465574344281644,-142.02178566370856,62.26748513743016,3.7058627570811584,-146.96734831103169,56.246784323635026,-3.4003469682582543,-2.6523588953591153,-24.02042598728443,166.2535760551691
716,/yh/study/new_data/model_dataset_flight/vi/vi_000716.jpg,3,18,-143.590087890625,58.906333923339844,1675.3714938737119,3.4465574344281644,1675.3713040619054,1.959340363397449,-137.41497802734375,54.62989807128906,0.6799502372741699,1675.4136579330086,3.3243325000290365,-142.26258850097656,54.91316223144531,1675.371337890625,3.483091115951538,9.0,9.0,2.5713257789611816,-0.10750563442707062,3.2506861686706543,-0.10999580472707748,0.5474223196993325,1675.371700421941,3.4599285460475238,-142.0164180329354,62.27972175490802,3.7223893245028807,-146.913423243649,56.12162570724912,-3.3233353530239866,-2.7847082160907206,-24.020982974139603,174.8896240023896
717,/yh/study/new_data/model_dataset_flight/vi/vi_000717.jpg,3,18,-143.61541748046875,58.914222717285156,1675.371700421941,3.4599285460475238,1675.3713040619054,1.2747623322188928,-137.11215209960938,55.24625015258789,0.6788337826728821,1675.4401117232771,3.3375983274939807,-141.99658203125,55.63842010498047,1675.371337890625,2.7108511924743652,9.0,9.0,2.567986488342285,-0.10728760808706284,3.2473948001861572,-0.10978590697050095,0.5470982058788743,1675.3719270362556,2.8022923671323707,-142.29007003549194,61.6817123495567,3.0684759595990054,-146.85667852184204,55.99927338511784,-3.241261041373286,-2.9149493321673146,-24.02136624941206,157.0475739426911
718,/yh/study/new_data/model_dataset_flight/vi/vi_000718.jpg,3,18,-143.63848876953125,58.92140579223633,1675.3719270362556,2.8022923671323707,1675.3713040619054,2.1219784565003468,-137.50140380859375,54.48921203613281,0.6808742880821228,1675.4642061051911,2.6800710015613487,-142.2359619140625,54.80219268798828,1675.371337890625,3.5764291286468506,9.0,9.0,2.576267719268799,-0.10794363170862198,3.255825996398926,-0.11040037125349045,0.5473079140307348,1675.3721334388838,3.4456522403689607,-142.02275655753402,62.266897675303134,3.715226308120588,-146.79265991347748,55.878519313249534,-3.154171143946233,-3.042886478986793,-24.021759083576114,188.27534699812531
719,/yh/study/new_data/model_dataset_flight/vi/vi_000719.jpg,3,18,-143.6248779296875,58.93253707885742,1675.3721334388838,3.4456522403689607,1675.3713040619054,1.9421087399433472,-137.4464569091797,54.660919189453125,0.6785081624984741,1675.4642061051911,3.3229773132535203,-137.4464569091797,54.660919189453125,1675.371337890625,1.9421087503433228,9.0,9.0,2.577745199203491,-0.10812784731388092,3.2574005126953125,-0.11055545508861542,0.547146657533299,1675.3721334388838,2.143574758539544,-142.5641529021858,61.08271197758302,2.3975799630206462,-146.6869984904859,55.7642128621397,-3.062120560798407,-3.168324216717724,-24.02190241082698,191.99296401347965
720,/yh/study/new_data/model_dataset_flight/vi/vi_000720.jpg,3,18,-143.61126708984375,58.943668365478516,1675.3721334388838,2.143574758539544,1675.3713040619054,1.960462385509427,-137.4154052734375,54.62886047363281,0.6823238134384155,1675.4642061051911,2.0205672449568377,-137.4154052734375,54.62886047363281,1675.371337890625,1.9604623317718506,9.0,9.0,2.5648324489593506,-0.1069796085357666,3.243971824645996,-0.10951219499111176,0.547137852992572,1675.3721334388838,1.9692315204242736,-142.63664382008247,60.924154002384604,2.2073091935547873,-146.57643912748037,55.652600612474316,-2.9651720376366333,-3.2910677530042025,-24.02205198129763,150.2223500283435
721,/yh/study/new_data/model_dataset_flight/vi/vi_000721.jpg,3,18,-143.59764099121094,58.954803466796875,1675.3721334388838,1.9692315204242736,1675.3713040619054,2.0098687777615982,-137.46214294433594,54.59424591064453,0.6774100065231323,1675.4642061051911,1.8469799949029952,-137.46214294433594,54.59424591064453,1675.371337890625,2.009868860244751,9.0,9.0,2.5614795684814453,-0.10662807524204254,3.240543842315674,-0.10920282453298569,0.5458867544356961,1675.3721334388838,1.986103695071569,-142.62962846668924,60.939498548454694,2.208180883620634,-146.46103719925947,55.5438801956862,-2.8633962080485174,-3.4109232711106774,-24.022152299701066,204.76150198373944
722,/yh/study/new_data/model_dataset_flight/vi/vi_000722.jpg,3,18,-143.5772247314453,58.954803466796875,1675.3721334388838,1.986103695071569,1675.3713040619054,1.7225422422714474,-137.2421875,54.81611251831055,0.6868259310722351,1675.4642061051911,1.8643744477995543,-137.2421875,54.81611251831055,1675.371337890625,1.7225422859191895,9.0,9.0,2.545011043548584,-0.10545732080936432,3.223484754562378,-0.10808021575212479,0.5468264924159547,1675.3721334388838,1.7432353194600911,-142.7306117435084,60.71861979059187,1.9564768272149713,-146.3340963528037,55.427105203927745,-2.7568716213583824,-3.527698262869128,-24.02265538582212,168.78510906826705
723,/yh/study/new_data/model_dataset_flight/vi/vi_000723.jpg,3,18,-143.55677795410156,58.954803466796875,1675.3721334388838,1.7432353194600911,1675.3713040619054,2.073335701169422,-137.43218994140625,54.51409149169922,0.684587836265564,1675.4642061051911,1.6226521875507207,-137.43218994140625,54.51409149169922,1675.371337890625,2.073335647583008,9.0,9.0,2.546269416809082,-0.10546793043613434,3.2248830795288086,-0.10810485482215881,0.5453001052190155,1675.3721334388838,2.007581816920508,-142.62069798688196,60.95903201329249,2.212052841054612,-146.20246270987235,55.31360160102708,-2.645684755770798,-3.641201865769797,-24.022653518192268,156.651051947847
724,/yh/study/new_data/model_dataset_flight/vi/vi_000724.jpg,3,18,-143.53636169433594,58.954803466796875,1675.3721334388838,2.007581816920508,1675.3713040619054,2.0384313896379367,-137.37867736816406,54.530418395996094,0.6875231862068176,1675.4642061051911,1.8873880970566166,-137.37867736816406,54.530418395996094,1675.371337890625,2.038431406021118,9.0,9.0,2.5553345680236816,-0.10635793954133987,3.234442710876465,-0.10889124870300293,0.5454485551117575,1675.3721334388838,2.016394484232056,-142.61703373038748,60.967046770274884,2.2123035545986256,-146.06629171083057,55.20355826328039,-2.5299300164946197,-3.7512452035164805,-24.023186539751794,170.3729770379141
725,/yh/study/new_data/model_dataset_flight/vi/vi_000725.jpg,3,18,-143.52032470703125,58.91398620605469,1675.3721334388838,2.016394484232056,1675.3713040619054,2.6372485363083915,-137.82794189453125,54.06439971923828,0.6797442436218262,1675.4642061051911,1.895672190378296,-137.82794189453125,54.06439971923828,1675.371337890625,2.6372485160827637,9.0,9.0,2.5704405307769775,-0.1075616404414177,3.2501025199890137,-0.11000995337963104,0.5454031450259474,1675.3721334388838,2.5290539882866985,-142.40387285062462,61.433289417869744,2.7556040028885618,-145.9300344256055,55.056344476707636,-2.4097097185742533,-3.8576417293470495,-24.023481038298897,138.12581810634583
726,/yh/study/new_data/model_dataset_flight/vi/vi_000726.jpg,3,18,-143.5057373046875,58.87687683105469,1675.3721334388838,2.5290539882866985,1675.3713040619054,2.0107914063364114,-137.47799682617188,54.59954071044922,0.6786935329437256,1675.4642061051911,2.407191487380708,-137.47799682617188,54.59954071044922,1675.371337890625,2.010791301727295,9.0,9.0,2.5717086791992188,-0.107676200568676,3.2512974739074707,-0.11011696606874466,0.5455361202713511,1675.3721334388838,2.068625309392388,-142.5953164530253,61.014548548777405,2.3234686354441956,-145.7908713588744,54.91666925965078,-2.2851340541868947,-3.960207571403905,-24.023688345212378,140.28142800088972
727,/yh/study/new_data/model_dataset_flight/vi/vi_000727.jpg,3,18,-143.538330078125,58.87687683105469,1675.3721334388838,2.068625309392388,1675.3713040619054,1.1230508390891905,-137.14466857910156,55.4223518371582,0.6725000143051147,1675.4642061051911,1.9462223880733802,-137.14466857910156,55.4223518371582,1675.371337890625,1.1230508089065552,9.0,9.0,2.5481066703796387,-0.10565079748630524,3.226757049560547,-0.10825182497501373,0.5472470826584394,1675.3721334388838,1.2431499237461372,-142.93854438118285,60.263812775258856,1.5110705461962681,-145.69465112232533,54.818114951631884,-2.1563210442003364,-4.0587618794228035,-24.023776550702205,140.1862018974498
728,/yh/study/new_data/model_dataset_flight/vi/vi_000728.jpg,3,18,-143.56797790527344,58.87687683105469,1675.3721334388838,1.2431499237461372,1675.3713040619054,2.363731965619994,-137.62327575683594,54.27747344970703,0.6762620210647583,1675.4642061051911,1.122175196771173,-137.62327575683594,54.27747344970703,1675.371337890625,2.363731861114502,9.0,9.0,2.5455026626586914,-0.10535763204097748,3.223860502243042,-0.10802363604307175,0.5448601449869315,1675.3721334388838,2.18259118499721,-142.54793009597012,61.1181958061816,2.462520716974473,-145.59137437909476,54.723749659060495,-2.02339647382132,-4.15312717199419,-24.02323504476707,147.40623300895095
729,/yh/study/new_data/model_dataset_flight/vi/vi_000729.jpg,3,18,-143.59764099121094,58.87687683105469,1675.3721334388838,2.18259118499721,1675.3713040619054,1.4631111667490062,-137.2028350830078,55.079593658447266,0.677344799041748,1675.4642061051911,2.0623049140211434,-137.2028350830078,55.079593658447266,1675.371337890625,1.463111162185669,9.0,9.0,2.5269250869750977,-0.10408292710781097,3.2042412757873535,-0.10680443793535233,0.5462971527552787,1675.3721334388838,1.550532352413939,-142.81073653133268,60.5433644001341,1.8429322957918204,-145.48413480341094,54.63374714741457,-1.8864938122000146,-4.243129683640119,-24.023718494094265,159.18464108835906
730,/yh/study/new_data/model_dataset_flight/vi/vi_000730.jpg,3,18,-143.53607177734375,59.10188674926758,1675.3721334388838,1.550532352413939,1675.3713040619054,0.8209355502927141,-137.02679443359375,55.70061111450195,0.6743530631065369,1675.4642061051911,1.4315521831176743,-137.02679443359375,55.70061111450195,1675.371337890625,0.8209355473518372,9.0,9.0,2.5234060287475586,-0.10376394540071487,3.2007217407226562,-0.10650493949651718,0.5458530837375221,1675.3721334388838,0.9100233138853053,-143.07705651383375,59.96084788074817,0.9739143892198988,-145.28182589323882,54.77328703832973,-1.7457541158950647,-4.328599710937854,-24.02352981011844,199.74565203301609
731,/yh/study/new_data/model_dataset_flight/vi/vi_000731.jpg,3,18,-143.48007202148438,59.30660629272461,1675.3721334388838,0.9100233138853053,1675.3713040619054,0.7359560511397933,-137.04010009765625,55.797306060791016,0.67305588722229,1675.4642061051911,0.791797426467512,-137.04010009765625,55.797306060791016,1675.371337890625,0.735956072807312,9.0,9.0,2.5499095916748047,-0.10588992387056351,3.228412628173828,-0.10850095748901367,0.5448250869065823,1675.3721334388838,0.7441032165082911,-143.1460451381497,59.809950404200045,0.6040937454959043,-145.08139793762405,54.89723433581025,-1.6013259161396818,-4.409371956914357,-24.023562573682113,138.25229089707136
732,/yh/study/new_data/model_dataset_flight/vi/vi_000732.jpg,3,18,-143.4240264892578,59.51139831542969,1675.3721334388838,0.7441032165082911,1675.3713040619054,10.0,-142.24246215820312,45.312862396240234,0.7249041795730591,1675.4823485001455,0.6244905376228312,-138.96737670898438,52.56297302246094,1675.371337890625,4.45297908782959,9.0,9.0,2.6122546195983887,-0.11126783490180969,3.29252290725708,-0.11342236399650574,0.5446606821188259,1675.3722888542839,3.894410136118828,-141.83631006884076,62.67508174262622,3.53973674998296,-144.8773915791469,55.02611244250151,-1.4533650898890746,-4.4852858729281815,-24.024000024021046,178.63028403371572
733,/yh/study/new_data/model_dataset_flight/vi/vi_000733.jpg,3,18,-143.00880432128906,60.395076751708984,1675.3722888542839,3.894410136118828,1675.3713040619054,4.1806626327537995,-138.84896850585938,52.808963775634766,0.6732295751571655,1675.4823485001455,3.7700710175189363,-138.84896850585938,52.808963775634766,1675.371337890625,4.180662631988525,9.0,9.0,2.653291702270508,-0.11465688049793243,3.333369731903076,-0.11653001606464386,0.5473860876802197,1675.3722888542839,4.1207581227630445,-141.74219587493238,62.88093588896013,2.789944911039842,-144.31083903595572,55.83889075445767,-1.3020347146666669,-4.556185997251312,-24.024305248099584,190.80785592086613
734,/yh/study/new_data/model_dataset_flight/vi/vi_000734.jpg,3,18,-142.5524444580078,61.36627960205078,1675.3722888542839,4.1207581227630445,1675.3713040619054,3.6174290881431697,-138.5059051513672,53.2788200378418,0.6684294939041138,1675.4823485001455,3.992036721667654,-138.5059051513672,53.2788200378418,1675.371337890625,3.61742901802063,9.0,9.0,2.682332992553711,-0.11687800288200378,3.361607074737549,-0.11860615760087967,0.5496284174403937,1675.3722888542839,3.6720835454104517,-141.92875218939653,62.472884889823895,1.270262692852506,-143.69994936527587,56.74435731249051,-1.147504907268049,-4.621922289560275,-24.023549765144356,181.73681490588933
735,/yh/study/new_data/model_dataset_flight/vi/vi_000735.jpg,3,18,-142.1372528076172,62.24985885620117,1675.3722888542839,3.6720835454104517,1675.3713040619054,1.2746041681106979,-137.3325653076172,55.333831787109375,0.6551510691642761,1675.4823485001455,3.5400036908028696,-137.3325653076172,55.333831787109375,1675.371337890625,1.2746042013168335,9.0,9.0,2.699815034866333,-0.1184886246919632,3.3789587020874023,-0.12005055695772171,0.5506732763008471,1675.3722888542839,1.6051215324918144,-142.78818313273808,60.593068298643864,1.7800745039950014,-143.1272054540359,57.567508395655715,-0.9899526464187063,-4.682350460545455,-24.02227390715174,205.89538500644267
736,/yh/study/new_data/model_dataset_flight/vi/vi_000736.jpg,3,18,-142.2937774658203,63.466373443603516,1675.3722888542839,1.6051215324918144,1675.3713040619054,4.22185721841864,-138.8466033935547,52.763710021972656,0.6784030795097351,1675.8896998136572,1.4704972599068993,-140.53817749023438,47.172122955322266,1675.371337890625,10.043218612670898,9.0,9.0,2.716785192489624,-0.11930327117443085,3.394379138946533,-0.12096985429525375,0.550732880373526,1675.3757783972853,8.792475423413286,-139.80296636070997,67.13095624163924,4.430948774811138,-143.12333904534285,58.72904114775459,-0.8295615795225401,-4.737332295848922,-24.02495199956554,188.05159605108202
737,/yh/study/new_data/model_dataset_flight/vi/vi_000737.jpg,3,18,-142.45030212402344,64.68299865722656,1675.3757783972853,8.792475423413286,1675.3713040619054,0.5252041682011707,-138.1509552001953,56.464569091796875,0.6648544073104858,1676.4837073160138,8.65621393044568,-141.83834838867188,53.669822692871094,1675.371337890625,4.4824652671813965,9.0,9.0,2.682041645050049,-0.11752117425203323,3.3621346950531006,-0.11912539601325989,0.5534319790344446,1675.3808669158536,5.091406990519663,-141.3465794332039,63.76686318755986,1.434401609386755,-143.11682393770116,59.8962626836827,-0.6665218136777171,-4.786735973543865,-24.038661440492493,208.12582795042545
738,/yh/study/new_data/model_dataset_flight/vi/vi_000738.jpg,3,18,-142.60702514648438,65.90113830566406,1675.3808669158536,5.091406990519663,1675.3713040619054,1.8866450748485784,-137.19357299804688,54.620296478271484,0.6939388513565063,1677.078457505723,4.955943141809603,-141.22384643554688,54.26996994018555,1675.371337890625,3.698051929473877,9.0,9.0,2.6531147956848145,-0.11552364379167557,3.333850383758545,-0.11720474809408188,0.5510576345242189,1675.385961796595,3.88157578402546,-141.85435625894235,62.66844984692363,3.319154278660056,-143.1080548376591,61.07070193128925,-0.5010296911747343,-4.830436374374809,-24.062342284866716,208.93097599036992
739,/yh/study/new_data/model_dataset_flight/vi/vi_000739.jpg,3,18,-143.5851593017578,66.93292999267578,1675.385961796595,3.88157578402546,1675.3713040619054,0.8690994513123138,-136.719482421875,55.52692413330078,0.6717989444732666,1678.3680690204735,3.7478485613444144,-141.65826416015625,56.02325439453125,1675.371337890625,-2.081172227859497,9.0,9.0,2.643360137939453,-0.11445458233356476,3.32419753074646,-0.11625964194536209,0.5485728330485095,1675.3970091522474,-1.2307295560249343,-143.9902931577451,58.023092036755074,8.91904399821149,-143.918446851491,62.06461460869145,-0.33328754973319014,-4.86831538398433,-24.156196937253128,202.4590210057795
740,/yh/study/new_data/model_dataset_flight/vi/vi_000740.jpg,3,18,-144.5650634765625,67.96660614013672,1675.3970091522474,-1.2307295560249343,1675.3713040619054,4.6260439006629435,-141.5701904296875,53.409019470214844,0.6840338110923767,1679.6600205937896,-1.3630334048875823,-141.91175842285156,55.03968048095703,1675.371337890625,-3.0810935497283936,9.0,9.0,2.620654582977295,-0.1127062737941742,3.301800489425659,-0.1145937517285347,0.5460047886422904,1675.4080765538276,-2.8304319527313373,-144.66572887650295,56.57230908488865,11.39474172177588,-144.72856694433358,63.06634395377498,-0.16350346777108424,-4.900262186361736,-24.31729294154332,188.8688470935449
741,/yh/study/new_data/model_dataset_flight/vi/vi_000741.jpg,3,18,-145.45631408691406,68.9067611694336,1675.4080765538276,-2.8304319527313373,1675.3713040619054,4.016487824591879,-141.21913146972656,53.925537109375,0.7276026606559753,1679.7005284123481,-2.9609274413749835,-141.81451416015625,54.80409240722656,1675.371337890625,-3.2549173831939697,9.0,9.0,2.592064142227173,-0.11058202385902405,3.272696018218994,-0.11260519176721573,0.5414430760503681,1675.4084235608707,-3.2120248287402102,-144.8247157164328,56.22539411275001,12.697085765164157,-145.4482050819533,63.98058762167287,0.00810900496076329,-4.92617354776073,-24.325065663923017,208.70913099497557
742,/yh/study/new_data/model_dataset_flight/vi/vi_000742.jpg,3,18,-146.68765258789062,69.60233306884766,1675.4084235608707,-3.2120248287402102,1675.3713040619054,4.192656607103195,-141.29782104492188,53.76722717285156,0.7257214784622192,1679.6632844388614,-3.340374684282393,-141.88516235351562,54.682044982910156,1675.371337890625,-3.395289659500122,9.0,9.0,2.59206485748291,-0.11022574454545975,3.2727062702178955,-0.1123238056898117,0.5404692938459653,1675.4081045133,-3.387277672592408,-144.89728830564326,56.06589129019458,13.654327529761824,-146.50632145688428,64.65637897850202,0.1813311310063577,-4.945954090345643,-24.321730661261093,194.75769193377346
743,/yh/study/new_data/model_dataset_flight/vi/vi_000743.jpg,3,18,-148.03573608398438,70.36384582519531,1675.4081045133,-3.387277672592408,1675.3713040619054,4.047396606612471,-141.57823181152344,54.034698486328125,0.7043748497962952,1679.647928808344,-3.514514202777154,-142.7418975830078,56.93177795410156,1675.371337890625,-1.7054760456085205,9.0,9.0,2.593735933303833,-0.11027969419956207,3.2742760181427,-0.1123899519443512,0.5375348738237986,1675.4079729704983,-1.9694111557187182,-144.307624796665,57.35533362562847,13.532191375269472,-147.6797968012984,65.40432927035326,0.3559392826859653,-4.959516554842061,-24.32131703842573,166.58417996950448
744,/yh/study/new_data/model_dataset_flight/vi/vi_000744.jpg,3,18,-149.37789916992188,71.12202453613281,1675.4079729704983,-1.9694111557187182,1675.3713040619054,3.3067423059930983,-141.63038635253906,54.85215377807617,0.674227237701416,1679.6432530074246,-2.096370732921515,-145.6549072265625,55.12452697753906,1675.9388427734375,4.537186145782471,9.0,9.0,2.627596855163574,-0.11213016510009766,3.3074092864990234,-0.11431160569190979,0.5395851578744189,1675.9705763124682,3.5693632404086797,-142.5273050437757,62.59988238429915,10.934237364226579,-148.84619391693724,66.15524248464884,0.5317052529846262,-4.966782051483981,-24.322903343332396,168.802198022604
745,/yh/study/new_data/model_dataset_flight/vi/vi_000745.jpg,3,18,-150.61305236816406,71.59953308105469,1675.9705763124682,3.5693632404086797,1675.3713040619054,0.21070092030312942,-136.8876190185547,56.30188751220703,0.657548189163208,1680.2343120836474,3.441203568386814,-149.3990936279297,56.07394027709961,1679.7694091796875,5.0349297523498535,9.0,9.0,2.792638063430786,-0.1230885237455368,3.4638783931732178,-0.12509024143218994,0.5424510625614739,1679.773391733864,4.802408235773252,-145.5258382384437,65.11224833011165,8.24406520118834,-149.90465578879937,66.63185278248517,0.7083965793646901,-4.967680298569526,-24.425660175041788,163.76080608461052
746,/yh/study/new_data/model_dataset_flight/vi/vi_000746.jpg,3,18,-151.84901428222656,72.07735443115234,1679.773391733864,4.802408235773252,1675.3713040619054,1.5371525054665443,-142.7145233154297,57.185768127441406,0.6747559309005737,1684.1945653064042,4.665470796331571,-149.39491271972656,55.45360565185547,1679.5367431640625,5.610032081604004,9.0,9.0,2.9031870365142822,-0.12958918511867523,3.560741424560547,-0.13169249892234802,0.5377263859248234,1679.5766440312493,5.472222447326085,-145.06375895837826,65.64857909460444,9.347130155166255,-150.96323740224128,67.11520458319465,0.8857768799852862,-4.962149847957692,-26.34126745769825,194.21577791217715
747,/yh/study/new_data/model_dataset_flight/vi/vi_000747.jpg,3,18,-153.20758056640625,72.60256958007812,1679.5766440312493,5.472222447326085,1675.3713040619054,0.7100635402498892,-142.72618103027344,58.08014678955078,0.6639925241470337,1684.1562243382562,5.326564371516606,-149.44630432128906,55.85666275024414,1679.733154296875,5.254308223724365,9.0,9.0,2.9739768505096436,-0.13426615297794342,3.6205453872680664,-0.1362806260585785,0.5318539707033463,1679.771044178645,5.264850253613625,-145.32909023967144,65.53090260478191,10.58674093562079,-152.14397436463153,67.65243128321649,1.0636062017747308,-4.95013829686164,-26.29979350084863,168.12778008170426
748,/yh/study/new_data/model_dataset_flight/vi/vi_000748.jpg,3,18,-155.34170532226562,73.28709411621094,1679.771044178645,5.264850253613625,1675.3713040619054,0.687085485453335,-142.75155639648438,58.11492919921875,0.6701206564903259,1684.4744295317334,5.111794153602753,-151.04519653320312,59.40864562988281,1682.5289306640625,2.5419249534606934,9.0,9.0,3.0507729053497314,-0.13983358442783356,3.6828997135162354,-0.1415930539369583,0.5199139996213706,1682.5455966271584,2.9168638167569156,-148.85998719225617,64.40662324586638,10.994336396342046,-154.10006394249518,68.35549163089208,1.2416413797704553,-4.931602485318858,-26.693098878664024,184.58561005536467
749,/yh/study/new_data/model_dataset_flight/vi/vi_000749.jpg,3,18,-157.4763946533203,73.9718017578125,1682.5455966271584,2.9168638167569156,1676.955296638695,2.6307680108978,-145.8969268798828,57.27136993408203,0.7027055025100708,1687.3633103646462,2.755903976936054,-159.6078338623047,58.556732177734375,1690.17431640625,6.490440368652344,9.0,9.0,3.124001979827881,-0.14548750221729279,3.7401657104492188,-0.1469145119190216,0.5020892336000472,1690.1502361439943,5.9455788521319395,-159.10909350292536,58.952880503564664,15.107405507723655,-156.0567582462116,69.06529307906816,1.4196364071087317,-4.9065086787443395,-110.33755465337487,151.8122450215742
750,/yh/study/new_data/model_dataset_flight/vi/vi_000750.jpg,3,18,-159.203369140625,74.50363159179688,1690.1502361439943,5.9455788521319395,1699.7703947432917,9.102941408171228,-169.4910888671875,59.66579055786133,0.6787065267562866,1695.0748090886354,5.7760909883528715,-171.04779052734375,65.37740325927734,1703.322998046875,4.3674798011779785,9.0,9.0,3.096553087234497,-0.14210982620716095,3.718571424484253,-0.14395730197429657,0.501344156011134,1695.6771984663073,4.5729934037054925,-164.00028862196177,62.36145401860857,13.055378689615454,-157.60602632561154,69.62879885679536,1.5973428150134494,-4.874832735001517,159.18792728810106,89.8153610760346
751,/yh/study/new_data/model_dataset_flight/vi/vi_000751.jpg,3,18,-160.77369689941406,74.98722839355469,1695.6771984663073,4.5729934037054925,1705.3698866289042,8.750317321722395,-174.5662078857422,62.057823181152344,0.6963518857955933,1697.3152035025,4.402768215569392,-170.9972381591797,65.96769714355469,1703.49365234375,3.8001248836517334,9.0,9.0,2.9428577423095703,-0.13158294558525085,3.595663547515869,-0.13374121487140656,0.5051616981486422,1697.3152035025,3.8880493608312583,-165.28234542606074,63.6067008245711,12.241091425409287,-158.99918683730817,70.15066813809983,1.7745100621058996,-4.836560255454863,158.94542594577229,160.77547706663609
752,/yh/study/new_data/model_dataset_flight/vi/vi_000752.jpg,3,18,-162.5009307861328,75.5191421508789,1697.3152035025,3.8880493608312583,1705.3324975162122,8.953454922545054,-174.60633850097656,61.85520935058594,0.6877512335777283,1699.1168755639578,3.7259699073629355,-170.9873504638672,65.93386840820312,1703.4720458984375,3.82792592048645,9.0,9.0,2.833890914916992,-0.12441831827163696,3.5018398761749268,-0.12671607732772827,0.5055965890997016,1699.1168755639578,3.813050738642708,-166.9334267128299,64.34216527273642,12.023802737683203,-160.550044853805,70.72745543137935,1.9508859323278076,-4.791686719499552,158.87968321226336,172.221272950992
753,/yh/study/new_data/model_dataset_flight/vi/vi_000753.jpg,3,18,-164.32679748535156,75.98976135253906,1699.1168755639578,3.813050738642708,1705.4246843410317,8.139537392218214,-174.39198303222656,62.64578628540039,0.7007280588150024,1700.9876374720748,3.6598319179515992,-170.8411865234375,66.75108337402344,1703.6373291015625,3.014385223388672,9.0,9.0,2.7628276348114014,-0.12031453847885132,3.437490940093994,-0.12256181240081787,0.503257356030678,1700.9876374720748,3.1085546270160433,-168.41277816039494,65.68672061579089,11.083676578641233,-162.20058054460853,71.24954375044287,2.1262169407430487,-4.740217602096195,158.87681193893656,175.85177009459585
754,/yh/study/new_data/model_dataset_flight/vi/vi_000754.jpg,3,18,-166.3332061767578,76.50691223144531,1700.9876374720748,3.1085546270160433,1709.7210002643012,8.514394977483452,-178.52389526367188,63.881160736083984,0.725168764591217,1703.0433794289743,2.9619320586471316,-175.40768432617188,64.84269714355469,1707.1787109375,6.471794128417969,9.0,9.0,2.7127256393432617,-0.11737364530563354,3.3908610343933105,-0.11958455294370651,0.5023558777819421,1703.0433794289743,5.959712153703592,-171.37480682018042,63.79421950510331,13.675901922803783,-164.03295743029827,71.82474375757312,2.3002487464595474,-4.682168473872195,158.87476613719758,201.12147100735456
755,/yh/study/new_data/model_dataset_flight/vi/vi_000755.jpg,3,18,-168.1586456298828,76.97742462158203,1703.0433794289743,5.959712153703592,1708.6870856155674,9.299349932696215,-177.8521728515625,62.77033996582031,0.726701021194458,1704.9137048065145,5.81795716884794,-175.28514099121094,65.0237045288086,1707.131591796875,6.258359909057617,9.0,9.0,2.675929546356201,-0.11498205363750458,3.3555355072021484,-0.11722873151302338,0.5019502285782669,1704.9137048065145,6.194106015202775,-173.19981201594595,64.26582690072831,13.674723951465577,-165.68591905799576,72.3598595381943,2.472726571887043,-4.6175650833877375,158.87312086202041,181.3973910175264
756,/yh/study/new_data/model_dataset_flight/vi/vi_000756.jpg,3,18,-170.2132110595703,77.51460266113281,1704.9137048065145,6.194106015202775,1712.815620903331,10.0,-182.25482177734375,62.86791229248047,0.7010195255279541,1707.0215947509098,6.056134703395142,-179.70639038085938,64.94742584228516,1711.2132568359375,7.959153175354004,9.0,9.0,2.6593592166900635,-0.11403076350688934,3.3396995067596436,-0.1162353903055191,0.5016164564434353,1707.0215947509098,7.6815065221046765,-175.7075688505779,63.66025614188044,14.90405599194817,-167.56981543204398,72.96815923993265,2.6433956275263246,-4.546443421200169,158.87190946393807,176.94081598892808
757,/yh/study/new_data/model_dataset_flight/vi/vi_000757.jpg,3,18,-172.0809326171875,78.00292205810547,1707.0215947509098,7.6815065221046765,1712.85382250633,10.0,-182.26950073242188,62.93452453613281,0.6965311765670776,1708.937788782883,7.5457735584234555,-179.61300659179688,65.27896118164062,1711.2486572265625,7.616542339324951,9.0,9.0,2.643483877182007,-0.11333104968070984,3.3242874145507812,-0.11545561999082565,0.5006923531930738,1708.937788782883,7.606217313340516,-177.4610479223451,64.43664469022488,14.594160555477664,-169.2689310757221,73.53407229270725,2.812001541465404,-4.468849765398223,158.871005210925,203.44474993180484
758,/yh/study/new_data/model_dataset_flight/vi/vi_000758.jpg,3,18,-173.94912719726562,78.49137115478516,1708.937788782883,7.606217313340516,1718.38407054312,10.0,-188.0249786376953,63.423160552978516,0.6697263121604919,1710.854470335413,7.47186787777266,-179.55946350097656,65.29368591308594,1711.204345703125,7.583116054534912,9.0,9.0,2.602245807647705,-0.1106463074684143,3.2833375930786133,-0.1128304973244667,0.4957826211185982,1710.854470335413,7.566885164286992,-179.2282356939456,65.17978839884634,14.320168364510467,-170.97083640452766,74.10653044646769,2.9782907927379685,-4.3848407083174745,158.87009402100102,178.97858598735183
759,/yh/study/new_data/model_dataset_flight/vi/vi_000759.jpg,3,18,-175.8144989013672,78.9737319946289,1710.854470335413,7.566885164286992,1719.517322194204,10.0,-188.33750915527344,65.70916748046875,0.6936228275299072,1712.766283403594,7.434945589210889,-184.7748565673828,69.17337036132812,1717.482666015625,5.89932918548584,9.0,9.0,2.59686541557312,-0.11063264310359955,3.278285026550293,-0.11270596086978912,0.4971598647317078,1712.766283403594,6.123372599384055,-180.47324887889644,67.22641975353591,12.637376952629934,-172.67248775368185,74.67924883044181,3.1420111476853356,-4.294483164187105,158.8677833359883,209.34811001643538
760,/yh/study/new_data/model_dataset_flight/vi/vi_000760.jpg,3,18,-177.6796112060547,79.45601654052734,1712.766283403594,6.123372599384055,1719.5922608745782,10.0,-188.40235900878906,65.7489242553711,0.6996423602104187,1714.6778272165056,5.992462575337157,-184.80078125,69.0458984375,1717.459716796875,6.027379989624023,9.0,9.0,2.5749988555908203,-0.10869313031435013,3.255974054336548,-0.11092078685760498,0.4983479974821727,1714.6778272165056,6.022285607535925,-182.21289493790144,68.02507482175409,12.297035820530786,-174.37669910760744,75.25816218302788,3.3029120984472375,-4.1978543574994704,158.866763450007,236.13772599492222
761,/yh/study/new_data/model_dataset_flight/vi/vi_000761.jpg,3,18,-179.54556274414062,79.93852996826172,1714.6778272165056,6.022285607535925,1724.382991413649,10.0,-193.533935546875,65.80474090576172,0.6950966119766235,1716.5902355316055,5.893367004473295,-184.9259796142578,68.53506469726562,1717.3878173828125,6.548389434814453,9.0,9.0,2.5486645698547363,-0.10717980563640594,3.229016065597534,-0.10940483212471008,0.49143205742156454,1716.5902355316055,6.452822950165325,-184.1493271213339,68.32986715438118,12.488222402211079,-176.08481744144584,75.84348817632656,3.460745302694783,-4.0950417919351585,158.86651638925812,215.37071105558425
762,/yh/study/new_data/model_dataset_flight/vi/vi_000762.jpg,3,18,-181.41416931152344,80.41712951660156,1716.5902355316055,6.452822950165325,1724.5798351192686,10.0,-193.46218872070312,66.51961517333984,0.7015354633331299,1718.503669033551,6.3255542781758844,-189.87930297851562,70.05123138427734,1722.55126953125,6.965043544769287,9.0,9.0,2.5639500617980957,-0.10867296904325485,3.2449727058410645,-0.11072077602148056,0.4938702215118475,1718.503669033551,6.871743318168878,-186.08242970634947,68.64583619859569,12.663175016259984,-177.79890428781528,76.43098631688252,3.6152650237081647,-3.986143199719037,158.86393521808208,293.1586609920487
763,/yh/study/new_data/model_dataset_flight/vi/vi_000763.jpg,3,18,-183.28305053710938,80.89580535888672,1718.503669033551,6.871743318168878,1728.6372790807727,10.0,-197.9691162109375,66.1613998413086,0.6992777585983276,1720.4173859748607,6.744070616094827,-189.91030883789062,69.81346130371094,1722.492431640625,7.197497367858887,9.0,9.0,2.539008378982544,-0.10705199092626572,3.2194786071777344,-0.10913188755512238,0.4911245388263553,1720.4173859748607,7.131343296326718,-187.95706254604764,69.11000900740807,12.678776908607022,-179.51682196721495,77.02453888756233,3.766228569894416,-3.871266471324395,158.86311079290493,230.20589805673808
764,/yh/study/new_data/model_dataset_flight/vi/vi_000764.jpg,3,18,-185.15220642089844,81.37454986572266,1720.4173859748607,7.131343296326718,1728.557131142171,10.0,-198.04258728027344,65.75872802734375,0.7111669778823853,1722.3313835429697,7.004643938101849,-194.76644897460938,68.85247039794922,1726.6522216796875,9.881012916564941,9.0,9.0,2.542994976043701,-0.10725478827953339,3.2233004570007324,-0.10934717208147049,0.4921070722106322,1722.3313835429697,9.461356338266773,-190.59521090492134,67.64969373223302,14.764754440832451,-181.23880968806617,77.6240203002354,3.9133967328322705,-3.7505295654872626,158.86161391425964,232.80818795319647
765,/yh/study/new_data/model_dataset_flight/vi/vi_000765.jpg,3,18,-186.9937744140625,81.84137725830078,1722.3313835429697,9.461356338266773,1728.5704633389582,10.0,-197.96304321289062,65.99546813964844,0.7094936370849609,1724.2153430404846,9.334933158163471,-194.71099853515625,69.06825256347656,1726.6802978515625,9.659987449645996,9.0,9.0,2.553433895111084,-0.10805214941501617,3.2340312004089355,-0.11008428037166595,0.494468663477017,1724.2153430404846,9.612562667656594,-192.40222299581066,68.2036558660511,14.671017716369866,-182.93724019113375,78.21731685876532,4.056534222928759,-3.6240603995354697,158.8609848431649,172.20936401281506
766,/yh/study/new_data/model_dataset_flight/vi/vi_000766.jpg,3,18,-189.0194091796875,82.35486602783203,1724.2153430404846,9.612562667656594,1733.791276095081,10.0,-203.19993591308594,66.9523696899414,0.7186293601989746,1726.2876069264073,9.485735040236168,-194.64512634277344,69.55368041992188,1726.7979736328125,9.184464454650879,9.0,9.0,2.523237466812134,-0.10599654167890549,3.202909231185913,-0.10809746384620667,0.4913299247491317,1726.2876069264073,9.22841924071458,-194.18692110339907,69.3246805982191,14.017450260721395,-184.82399907791742,78.86286930775125,4.19541010177008,-3.491996720080771,158.8614024985605,206.7497979151085
767,/yh/study/new_data/model_dataset_flight/vi/vi_000767.jpg,3,18,-190.86099243164062,82.82170104980469,1726.2876069264073,9.22841924071458,1733.7538389313258,10.0,-203.1865997314453,66.88444519042969,0.7291255593299866,1728.1715834205825,9.102886643411189,-199.23243713378906,71.72929382324219,1731.8642578125,8.853187561035156,9.0,9.0,2.524916172027588,-0.10586744546890259,3.2047224044799805,-0.10800601541996002,0.49501032949471074,1728.1715834205825,8.889618166183077,-195.8133085025118,70.33414462765035,13.433707599255579,-186.5311942213927,79.4672150956366,4.329798210247931,-3.3544859541680827,158.86057540534068,221.37708100490272
768,/yh/study/new_data/model_dataset_flight/vi/vi_000768.jpg,3,18,-192.71914672851562,83.32991790771484,1728.1715834205825,8.889618166183077,1739.647573700956,10.0,-209.25535583496094,67.56912994384766,0.8031903505325317,1730.08621919378,8.764880888556085,-199.41299438476562,71.33267211914062,1731.8858642578125,9.288436889648438,9.0,9.0,2.5037624835968018,-0.10423489660024643,3.182300329208374,-0.10648277401924133,0.49124380033256604,1730.08621919378,9.212051098530885,-197.7119587336465,70.74024860409234,13.543557320480968,-188.25966913696902,80.11823286669669,4.459477591546612,-3.211685041018152,158.8613259257366,237.58682201150805
769,/yh/study/new_data/model_dataset_flight/vi/vi_000769.jpg,3,18,-194.578125,83.83836364746094,1730.08621919378,9.212051098530885,1739.6982949257217,10.0,-209.23263549804688,67.76400756835938,0.7950544953346252,1732.00170528507,9.088739072268602,-199.31472778320312,71.73912811279297,1731.9443359375,8.874382019042969,9.0,9.0,2.4894142150878906,-0.10344430804252625,3.1671786308288574,-0.10567539930343628,0.4882473749993403,1731.9448273875057,8.9056562916291,-199.3267110720687,71.71023679012403,13.024612499091926,-189.9938920919202,80.77460340291557,4.5842329080798105,-3.063760244545364,158.8604955241439,279.60805397015065
770,/yh/study/new_data/model_dataset_flight/vi/vi_000770.jpg,3,18,-196.43699645996094,84.3467788696289,1731.9448273875057,8.9056562916291,1739.72878529195,10.0,-209.2902374267578,67.70146942138672,0.790272057056427,1733.9170808374333,8.783390349234367,-205.27236938476562,70.65328979492188,1737.08203125,12.080018997192383,9.0,9.0,2.4764082431793213,-0.10195910185575485,3.152517080307007,-0.10440126806497574,0.48917846852143054,1733.9170808374333,10.0,-201.5634846468074,71.42003720681468,13.90616881628486,-191.73314160848835,81.4358919227526,4.7038548514725855,-2.9108869468762966,158.85890697155335,193.6925520421937
771,/yh/study/new_data/model_dataset_flight/vi/vi_000771.jpg,3,18,-198.3873291015625,84.86249542236328,1733.9170808374333,10.0,1744.3931647235697,10.0,-214.59564208984375,66.97622680664062,0.798956036567688,1735.9201674817773,9.879361346364021,-205.38189697265625,70.2645263671875,1737.04052734375,12.481779098510742,9.0,9.0,2.477698564529419,-0.1023111492395401,3.1542043685913086,-0.104660764336586,0.4872178307036667,1735.9201674817773,10.0,-203.4254916396569,72.15847208094293,13.6665756800894,-193.5691885568687,82.1092459992262,4.8181405446937875,-2.753249423137078,158.85820031377853,194.29604709148407
772,/yh/study/new_data/model_dataset_flight/vi/vi_000772.jpg,3,18,-200.33766174316406,85.37820434570312,1735.9201674817773,10.0,1744.509608478239,10.0,-214.71853637695312,66.98220825195312,0.7992058396339417,1737.9232513135564,9.879650846123695,-209.88531494140625,69.47721862792969,1740.9365234375,14.87381362915039,9.0,9.0,2.49349045753479,-0.10368035733699799,3.1711301803588867,-0.10591033101081848,0.4890217476964905,1737.9232513135564,10.0,-205.28749601803366,72.89690591822338,13.426975451846264,-195.4107678077102,82.78716374787986,4.9268939354538785,-2.5910405978232665,158.85705476298864,260.5870799161494
773,/yh/study/new_data/model_dataset_flight/vi/vi_000773.jpg,3,18,-202.2887420654297,85.89411926269531,1737.9232513135564,10.0,1748.0481050704484,10.0,-218.3229217529297,67.49210357666016,0.7899160385131836,1739.9271061052566,9.878771133720875,-209.7926025390625,69.5399398803711,1740.87353515625,14.781332015991211,9.0,9.0,2.4785919189453125,-0.10253573954105377,3.1551358699798584,-0.10484173148870468,0.48643513371346553,1739.9271061052566,10.0,-207.1502170567547,73.63562396871741,13.187291077539657,-197.25881588543243,83.46965747958846,5.0299261799972586,-2.424461783106845,158.85694153125883,201.35381410364062
774,/yh/study/new_data/model_dataset_flight/vi/vi_000774.jpg,3,18,-204.21278381347656,86.35020446777344,1739.9271061052566,10.0,1748.4167458013894,10.0,-218.49676513671875,68.05372619628906,0.7882281541824341,1741.8837705468416,9.879199415445328,-209.240478515625,76.25090026855469,1742.834228515625,8.339491844177246,9.0,9.0,2.477585554122925,-0.10264809429645538,3.154470920562744,-0.10487710684537888,0.4882087951027003,1741.8837705468416,8.564132151375732,-208.43974089543693,75.69168342436217,11.466090746439074,-199.0857277970429,84.09648206829611,5.127056016433679,-2.2537223994773288,158.85596262641255,256.01085904054344
775,/yh/study/new_data/model_dataset_flight/vi/vi_000775.jpg,3,18,-206.328125,86.85163116455078,1741.8837705468416,8.564132151375732,1749.5787901624553,10.0,-219.23348999023438,69.34820556640625,0.7547658681869507,1744.0349760643142,8.443493371079883,-215.599609375,77.5811538696289,1749.2359619140625,9.447214126586914,9.0,9.0,2.5076112747192383,-0.1047394722700119,3.18603515625,-0.1069110706448555,0.4928643694348574,1744.0349760643142,9.300773241924057,-210.71099621053443,75.79996347021542,11.88902514397827,-201.11001487323063,84.77259148539349,5.218110126769364,-2.0790396791572974,158.85594709840436,253.44742403831333
776,/yh/study/new_data/model_dataset_flight/vi/vi_000776.jpg,3,18,-208.25283813476562,87.30787658691406,1744.0349760643142,9.300773241924057,1754.1009637379698,10.0,-223.99075317382812,69.619384765625,0.7522266507148743,1745.9923236699547,9.178768405126343,-215.30389404296875,76.67042541503906,1748.625244140625,10.184783935546875,9.0,9.0,2.509528398513794,-0.10550753027200699,3.188717842102051,-0.10748789459466934,0.49157276999063737,1745.9923236699547,10.0,-212.7882545078606,75.87155728772522,12.302820846876417,-202.94991464794617,85.40723823414278,5.302923486819461,-1.9006383527712845,158.85756644020702,270.5685499822721
777,/yh/study/new_data/model_dataset_flight/vi/vi_000777.jpg,3,18,-210.1998748779297,87.79022216796875,1745.9923236699547,10.0,1754.0085914814063,10.0,-223.09906005859375,71.61727142333984,0.7004725337028503,1747.9800443912632,9.876776166260242,-219.81747436523438,81.41438293457031,1754.56982421875,7.438873291015625,9.0,9.0,2.5614373683929443,-0.10921844094991684,3.2425880432128906,-0.11105112731456757,0.4993085461950586,1747.9800443912632,7.794558526988055,-213.8229451400605,78.65443728018592,9.82798064915565,-204.81853517472575,86.07147184818069,5.381339703203949,-1.7187503197880512,158.85816696324545,252.78777698986232
778,/yh/study/new_data/model_dataset_flight/vi/vi_000778.jpg,3,18,-212.1474609375,88.27271270751953,1747.9800443912632,7.794558526988055,1753.9778969554136,10.0,-223.54660034179688,70.40550994873047,0.7279216051101685,1749.968329178735,7.668296502943065,-219.80555725097656,80.90069580078125,1754.369384765625,7.9119873046875,9.0,9.0,2.601717472076416,-0.11224288493394852,3.283780813217163,-0.11389894038438797,0.5047889725912005,1749.968329178735,7.876433295869949,-215.70137579772927,79.31130723550572,9.640388937568725,-206.69424960084737,86.73909840422431,5.453211336652619,-1.533614303295217,158.86126482756003,249.86593099310994
779,/yh/study/new_data/model_dataset_flight/vi/vi_000779.jpg,3,18,-214.09437561035156,88.7550277709961,1749.968329178735,7.876433295869949,1758.824033254971,10.0,-227.8675537109375,72.65565490722656,0.6956529021263123,1751.9559251770218,7.746849013233306,-219.98574829101562,82.1461181640625,1754.9959716796875,6.820708751678467,9.0,9.0,2.5708374977111816,-0.11010337620973587,3.2530694007873535,-0.11181224882602692,0.5051704493285163,1751.9559251770218,6.955830794816321,-217.20960444291163,80.89979493492389,8.450404344652421,-208.57597539948074,87.40955228129458,5.518400210870813,-1.3454754897015104,158.86519661528357,167.17689007055014
780,/yh/study/new_data/model_dataset_flight/vi/vi_000780.jpg,3,18,-215.94342041015625,89.19693756103516,1751.9559251770218,6.955830794816321,1760.3246725734805,10.0,-228.43035888671875,75.30715942382812,0.6080151796340942,1753.8376490446112,6.826599610095328,-223.2567138671875,82.17971801757812,1758.0489501953125,7.995311737060547,9.0,9.0,2.5561885833740234,-0.10928341746330261,3.2378575801849365,-0.11099465191364288,0.5038341334895738,1753.8376490446112,7.8247989357161725,-219.27914017243964,80.78572386952261,9.048510490504833,-210.36664270391267,88.04235240703424,5.576777706243589,-1.1545851540009056,158.86788578882584,189.95671498123556
781,/yh/study/new_data/model_dataset_flight/vi/vi_000781.jpg,3,18,-217.97567749023438,89.68262481689453,1753.8376490446112,7.8247989357161725,1765.2790377883712,10.0,-232.8587188720703,77.5800552368164,0.5944457054138184,1755.9058198417742,7.696270057623407,-223.34036254882812,82.42367553710938,1758.2166748046875,7.799373626708984,9.0,9.0,2.5323257446289062,-0.10806909203529358,3.213561534881592,-0.10973473638296127,0.496652403020717,1755.9058198417742,7.784331018706759,-221.18672893117406,81.58576963452306,8.710333816832541,-212.34745245254817,88.72142454562834,5.628225037686195,-0.9612002712661977,158.86916602240842,231.82328196708113
782,/yh/study/new_data/model_dataset_flight/vi/vi_000782.jpg,3,18,-219.82357788085938,90.12425994873047,1755.9058198417742,7.784331018706759,1765.4753977598145,10.0,-232.91720581054688,77.96522521972656,0.5970309972763062,1757.7863786498804,7.656688208362063,-223.15101623535156,85.69447326660156,1759.2464599609375,4.689139366149902,9.0,9.0,2.525923728942871,-0.10796322673559189,3.207577705383301,-0.10953830927610397,0.4934366645821104,1757.7863786498804,5.122098907286682,-221.9534100038066,84.75376290766755,5.777406281369125,-214.15094436488044,89.35867683365721,5.672633515978943,-0.7655831150732519,158.86748456857296,195.85774303413928
783,/yh/study/new_data/model_dataset_flight/vi/vi_000783.jpg,3,18,-221.82676696777344,90.63362121582031,1757.7863786498804,5.122098907286682,1766.510836796467,10.0,-233.14674377441406,80.19517517089844,0.6037433743476868,1759.836256134001,4.994744985754051,-228.20372009277344,85.72103881835938,1763.9530029296875,6.527116775512695,9.0,9.0,2.5383529663085938,-0.1090877428650856,3.220639705657959,-0.1105649396777153,0.49148008218916617,1759.836256134001,6.303546744412458,-224.2944512703216,84.41121002090766,6.693867857645298,-216.11686217581652,90.06562037222844,5.7099047919569115,-0.5680008435918779,158.8652661444749,174.36361603904516
784,/yh/study/new_data/model_dataset_flight/vi/vi_000784.jpg,3,18,-223.64881896972656,91.096923828125,1759.836256134001,6.303546744412458,1768.714168153061,10.0,-235.61038208007812,79.95974731445312,0.6171422600746155,1761.7007747686382,6.175338673419034,-228.37588500976562,84.71166229248047,1763.740966796875,7.528870105743408,9.0,9.0,2.5361247062683105,-0.10902291536331177,3.218104839324951,-0.11049873381853104,0.48915482966359997,1761.7007747686382,7.331392531148034,-226.40656355567396,84.14310855824215,7.480688605267438,-217.90886788676718,90.72819875401763,5.739951082959375,-0.368725074107375,158.86313934096123,231.31554701831192
785,/yh/study/new_data/model_dataset_flight/vi/vi_000785.jpg,3,18,-225.4710693359375,91.5602798461914,1761.7007747686382,7.331392531148034,1767.1111912177619,10.0,-235.95286560058594,74.7479019165039,0.6166151762008667,1763.5654974844688,7.202782590738374,-233.1345977783203,85.58899688720703,1768.4879150390625,8.467619895935059,9.0,9.0,2.6014881134033203,-0.11344312131404877,3.2846572399139404,-0.11480209231376648,0.4973688791924808,1763.5654974844688,8.283082620092815,-228.49079086527598,83.94587429590615,8.191330172747602,-219.7083739549584,91.39224839942374,5.762695380979087,-0.16803144676766826,158.8609430616171,243.34263894706964
786,/yh/study/new_data/model_dataset_flight/vi/vi_000786.jpg,3,18,-227.31642150878906,92.19490051269531,1763.5654974844688,8.283082620092815,1772.2294611781895,10.0,-241.10488891601562,75.6406478881836,0.571502685546875,1765.5148313753086,8.151239366122669,-233.00413513183594,85.32797241210938,1768.2705078125,8.662164688110352,9.0,9.0,2.5586793422698975,-0.11010830104351044,3.2412009239196777,-0.11167038232088089,0.49345251275541896,1765.5148313753086,8.587621688239102,-230.4150988404103,84.38140326031483,8.405506559301514,-221.53834986680022,92.2287013343175,5.778071641988852,0.033800821622188934,158.8623904213909,217.79547992628068
787,/yh/study/new_data/model_dataset_flight/vi/vi_000787.jpg,3,18,-229.160400390625,92.82905578613281,1765.5148313753086,8.587621688239102,1774.0499025596087,10.0,-240.7496337890625,81.47459411621094,0.5469584465026855,1767.4627171311151,8.45691782175732,-233.250244140625,85.62409973144531,1768.6083984375,8.477622032165527,9.0,9.0,2.5416994094848633,-0.10900738835334778,3.2239878177642822,-0.11058835685253143,0.4905111558223764,1767.4627171311151,8.474601328576616,-232.18412802021535,85.20454861829863,8.202197164803033,-223.37437543466405,93.06554517904284,5.786024955960944,0.23648939291003723,158.86196049299917,177.3815320339054
788,/yh/study/new_data/model_dataset_flight/vi/vi_000788.jpg,3,18,-231.00624084472656,93.4638442993164,1767.4627171311151,8.474601328576616,1774.0235760778994,10.0,-241.1271209716797,80.45132446289062,0.5578683614730835,1769.4125667894316,8.345078125799708,-235.18553161621094,88.72631072998047,1771.551025390625,6.30734395980835,9.0,9.0,2.5177581310272217,-0.10658822953701019,3.198789358139038,-0.10842476785182953,0.48999974540827174,1769.4125667894316,6.604645367932328,-233.30729111988424,87.66161061107132,6.241854543467778,-225.21972914759164,93.90359357045732,5.786511697134933,0.4397492711409165,158.86065155127775,183.77673905342817
789,/yh/study/new_data/model_dataset_flight/vi/vi_000789.jpg,3,18,-233.90895080566406,94.50687408447266,1769.4125667894316,6.604645367932328,1778.1924827463722,10.0,-246.3677520751953,78.5453872680664,0.6447470188140869,1772.4953469732193,6.4774852061987005,-235.06918334960938,88.87718963623047,1771.49853515625,6.124199867248535,9.0,9.0,2.5008578300476074,-0.10582897812128067,3.1811256408691406,-0.10759987682104111,0.4836502841619515,1771.5070742663113,6.175743503554178,-235.09616604669185,88.83244145974723,5.797298132844037,-228.1294511515341,95.15016735791336,5.7794996541299435,0.6432932734407049,158.8596217401778,175.96294090617448
790,/yh/study/new_data/model_dataset_flight/vi/vi_000790.jpg,3,18,-236.55160522460938,95.45646667480469,1771.5070742663113,6.175743503554178,1778.1041322711374,10.0,-246.64173889160156,77.61485290527344,0.671953022480011,1775.30194213901,6.049827365262819,-240.90737915039062,87.84075164794922,1776.54345703125,9.239882469177246,9.0,9.0,2.526923894882202,-0.10787197202444077,3.208360195159912,-0.10952874273061752,0.48447076063599925,1775.30194213901,8.774459701960973,-239.58176990718434,87.81572809904179,8.219658386251574,-230.7866370850696,96.30329918213118,5.7649681395397625,0.8468325073264921,158.8567300621988,182.37402697559446
791,/yh/study/new_data/model_dataset_flight/vi/vi_000791.jpg,3,18,-238.54660034179688,96.2207260131836,1775.30194213901,8.774459701960973,1781.443978575427,10.0,-249.3141326904297,79.93595886230469,0.6863754391670227,1777.4381705539533,8.647473272865705,-240.7089385986328,88.31576538085938,1776.5340576171875,8.72516918182373,9.0,9.0,2.516892194747925,-0.10713888704776764,3.198068141937256,-0.10881059616804123,0.4827157755452762,1776.5418026295795,8.71383350147631,-240.71195586757042,88.32915703006014,8.183252749878504,-232.8036922631052,97.27080286669677,5.742908078691678,1.0500768535131735,158.855137614266,176.4131310628727
792,/yh/study/new_data/model_dataset_flight/vi/vi_000792.jpg,3,18,-240.36712646484375,96.91815948486328,1776.5418026295795,8.71383350147631,1781.900320256498,10.0,-249.1984405517578,81.46556091308594,0.700955867767334,1779.387582767687,8.58692156328585,-247.59854125976562,85.65369415283203,1781.95703125,13.73958969116211,9.0,9.0,2.5418121814727783,-0.10868498682975769,3.2237565517425537,-0.11036162823438644,0.48840873821848185,1779.387582767687,10.0,-243.83144784329585,88.18266924982943,9.397356663422539,-234.65380438754963,98.17089493813089,5.713322077294123,1.2527354532676056,158.853488283664,208.88570602983236
793,/yh/study/new_data/model_dataset_flight/vi/vi_000793.jpg,3,18,-242.18890380859375,97.61605834960938,1779.387582767687,10.0,1785.6108804028258,10.0,-252.17706298828125,84.02009582519531,0.6777223944664001,1781.3383296436914,9.872163534164429,-247.48887634277344,88.76177978515625,1783.0008544921875,10.809982299804688,9.0,9.0,2.512749671936035,-0.10605090856552124,3.1932127475738525,-0.1079452633857727,0.48926998238413816,1781.3383296436914,10.0,-245.64480141672004,88.90180914720024,9.374506250440142,-236.5126793408511,99.07057554896014,5.676224467742643,1.4545171993507677,158.85440875837637,207.65144703909755
794,/yh/study/new_data/model_dataset_flight/vi/vi_000794.jpg,3,18,-244.05494689941406,98.58720397949219,1781.3383296436914,10.0,1785.6984934101256,10.0,-252.19142150878906,84.22154998779297,0.658835768699646,1783.430956588644,9.873909324407578,-250.37953186035156,89.32284545898438,1785.894775390625,11.354068756103516,9.0,9.0,2.531621217727661,-0.10662832856178284,3.2124674320220947,-0.10867417603731155,0.4959603661195772,1783.430956588644,10.0,-247.5900422858204,89.67325291827063,9.589339023772402,-238.42330556551516,100.24233520906733,5.631641333898898,1.6551312295751435,158.8553085290778,186.95329397451133
795,/yh/study/new_data/model_dataset_flight/vi/vi_000795.jpg,3,18,-245.75389099121094,99.47138977050781,1783.430956588644,10.0,1787.4310676105822,10.0,-259.7928466796875,85.039794921875,0.6645047664642334,1785.3361958919245,9.874478548765182,-250.37306213378906,89.63263702392578,1786.0030517578125,11.063711166381836,9.0,9.0,2.5114965438842773,-0.10496613383293152,3.1913888454437256,-0.10711698979139328,0.49601314000308616,1785.3361958919245,10.0,-249.3610934361923,90.3756165175062,9.784937432048253,-240.1742804770073,101.32567719250305,5.579610514203627,1.854287421995244,158.8582349983329,199.03925398830324
796,/yh/study/new_data/model_dataset_flight/vi/vi_000796.jpg,3,18,-247.62193298339844,100.44357299804688,1785.3361958919245,10.0,1787.4310676105822,10.0,-259.8934326171875,84.5371322631836,0.6782278418540955,1787.4310634621795,9.876013666391373,-250.34085083007812,89.32960510253906,1785.861328125,11.333525657653809,9.0,9.0,2.499082565307617,-0.1037922352552414,3.1779890060424805,-0.10605695843696594,0.49662396168612627,1785.8747751393541,10.0,-249.8617399398018,90.57416294579316,10.120374992137371,-242.10175140036833,102.49526988879049,5.52018158303012,2.0516968907436155,158.86015566887184,193.85589007288218
797,/yh/study/new_data/model_dataset_flight/vi/vi_000797.jpg,3,18,-249.2537841796875,101.4964599609375,1785.8747751393541,10.0,1787.4310676105822,10.0,-259.5522155761719,85.37158203125,0.6653279066085815,1789.3697788854042,9.877576887607574,-256.5396423339844,98.47058868408203,1793.4642333984375,6.857080459594727,9.0,9.0,2.7177655696868896,-0.11885693669319153,3.3972740173339844,-0.12073105573654175,0.5035366467347081,1789.3697788854042,7.297764949391652,-251.90862250602086,94.81692393434568,7.187792990167883,-243.80036836945516,103.74353244245461,5.453415810232351,2.247072481517106,158.59486054871374,164.88721303176135
798,/yh/study/new_data/model_dataset_flight/vi/vi_000798.jpg,3,18,-251.04574584960938,102.65266418457031,1789.3697788854042,7.297764949391652,1789.9683291448343,10.0,-260.2767028808594,87.43952941894531,0.6798231601715088,1791.4987207751046,7.164553873132039,-256.7111511230469,98.04737854003906,1793.352783203125,7.299922943115234,9.0,9.0,2.7471132278442383,-0.1205236092209816,3.4249463081359863,-0.12240206450223923,0.5064386767191701,1791.4987207751046,7.280172861974077,-253.71870142836514,96.13041292251899,7.048719958356388,-245.66635975072117,105.09279345028811,5.379386098888206,2.440129265717797,157.76216653297126,202.52038689795882
799,/yh/study/new_data/model_dataset_flight/vi/vi_000799.jpg,3,18,-252.67710876464844,103.70523834228516,1791.4987207751046,7.280172861974077,1793.8913715708065,10.0,-263.1688232421875,90.13059997558594,0.6337665915489197,1793.4368578306235,7.141508616368609,-260.23858642578125,99.19776916503906,1796.8790283203125,8.453822135925293,9.0,9.0,2.749422073364258,-0.1214384138584137,3.427483558654785,-0.12308840453624725,0.5071509907444084,1793.4368578306235,8.262358173758017,-255.8163042620111,96.43495069666102,7.919067547431136,-247.3789318633634,106.33582337453775,5.29817690128505,2.6305850322525903,156.60505369585695,182.17030900996178
800,/yh/study/new_data/model_dataset_flight/vi/vi_000800.jpg,3,18,-254.19894409179688,104.81472778320312,1793.4368578306235,8.262358173758017,1793.6865454725196,10.0,-263.215087890625,89.72039031982422,0.6325423717498779,1795.3201902946776,8.120810180932509,-260.2940979003906,99.20358276367188,1796.9273681640625,8.481901168823242,9.0,9.0,2.773592233657837,-0.12314621359109879,3.4503402709960938,-0.12470121681690216,0.5090546925321379,1795.3201902946776,8.429218703685025,-257.59196172234186,97.48026245148652,8.081271579605641,-248.98905997855394,107.63288855919836,5.209884113242938,2.8181607759952403,155.2023367667836,188.77986993175
801,/yh/study/new_data/model_dataset_flight/vi/vi_000801.jpg,3,18,-255.72320556640625,105.92599487304688,1795.3201902946776,8.429218703685025,1798.486351043166,10.0,-267.4852600097656,92.01250457763672,0.5541841983795166,1797.2065304523271,8.285287523446302,-259.5460205078125,108.5242919921875,1801.8260498046875,0.517103910446167,9.0,9.0,2.789926528930664,-0.12402697652578354,3.4642391204833984,-0.1256500780582428,0.5092356391842904,1797.2065304523271,1.6504666253943077,-256.2588182920155,104.74263246062021,1.2989332511637526,-250.60859061948952,108.92857605496839,5.114614946916734,3.002581181921513,153.6075567047032,194.29681391920894
802,/yh/study/new_data/model_dataset_flight/vi/vi_000802.jpg,3,18,-257.395263671875,107.14501190185547,1797.2065304523271,1.6504666253943077,1801.497419094186,4.720210200435697,-261.7621154785156,104.93778991699219,0.5436278581619263,1799.2757744474347,1.5049017861504188,-261.30828857421875,110.11257934570312,1804.18603515625,0.27548494935035706,9.0,9.0,2.815645217895508,-0.12560229003429413,3.4872841835021973,-0.12724481523036957,0.5100102253248521,1799.2757744474347,0.45485444849901846,-257.40122189320687,107.0374066627929,0.1077700694773425,-252.38277588960943,110.32858700578846,5.0124877822655645,3.1835751039330002,151.74128867126595,205.36717306822538
803,/yh/study/new_data/model_dataset_flight/vi/vi_000803.jpg,3,18,-258.9176940917969,108.22977447509766,1799.2757744474347,0.45485444849901846,1806.1228583941033,6.664821815796288,-266.6435241699219,106.09884643554688,0.48391270637512207,1801.1449896637432,0.3074481684582775,-261.356689453125,109.99346923828125,1804.15478515625,0.40019771456718445,9.0,9.0,2.72479248046875,-0.11930036544799805,3.403839588165283,-0.12115707248449326,0.5074352440077573,1801.1449896637432,0.3866657381586607,-258.8870979321911,108.20633933233171,0.03853999090660084,-254.01406209437212,111.59065051249165,4.903631997424766,3.360876037393992,150.04458695890247,174.17170305270702
804,/yh/study/new_data/model_dataset_flight/vi/vi_000804.jpg,3,18,-260.4407653808594,109.31502532958984,1801.1449896637432,0.3866657381586607,1805.9725297695293,6.943398298861533,-266.6866455078125,105.78524780273438,0.5048553943634033,1803.0150104127824,0.24330269449277475,-261.48907470703125,115.02195739746094,1807.230224609375,-3.580369234085083,9.0,9.0,2.706281900405884,-0.11841510236263275,3.3867764472961426,-0.12017884105443954,0.5077146414334931,1803.0150104127824,-3.022503017999297,-258.5950400953602,112.20449919752974,3.428667534631858,-255.65257760259883,112.8492479140081,4.7881877782605455,3.534222584418262,148.42441498888044,245.07139599882066
805,/yh/study/new_data/model_dataset_flight/vi/vi_000805.jpg,3,18,-262.1134338378906,110.5068588256836,1803.0150104127824,-3.022503017999297,1808.4891758785873,0.43346262153089415,-264.8747863769531,112.52542114257812,0.5721057653427124,1805.0686991772645,-3.1635549958721456,-266.31640625,115.39840698242188,1811.348876953125,-1.0343903303146362,9.0,9.0,2.772448778152466,-0.12259211391210556,3.4477946758270264,-0.12434931844472885,0.5120487699878364,1805.0686991772645,-1.3450312685501247,-261.11234601171174,111.97537860491452,1.7772808381671243,-257.4471279304562,114.21021773663689,4.666305907434409,3.7033589109533027,146.83634656883314,209.2078779824078
806,/yh/study/new_data/model_dataset_flight/vi/vi_000806.jpg,3,18,-263.7135925292969,111.65731048583984,1805.0686991772645,-1.3450312685501247,1808.8011547226356,-1.1891740386018264,-264.1686706542969,114.01930236816406,0.6199679374694824,1807.0394321401943,-1.4881978851091533,-265.0592041015625,117.33940887451172,1811.47998046875,-3.3432538509368896,9.0,9.0,2.8121094703674316,-0.12504281103610992,3.4835970401763916,-0.12680698931217194,0.5117881022214653,1807.0394321401943,-3.0726048330258307,-261.6903553881699,114.53914971262479,3.5211483720900056,-259.1754449959487,115.525345680567,4.538147533348197,3.86803519472715,145.60002714455882,195.1269720448181
807,/yh/study/new_data/model_dataset_flight/vi/vi_000807.jpg,3,18,-265.31304931640625,112.80723571777344,1807.0394321401943,-3.0726048330258307,1814.569382699722,-1.4978483062550274,-268.6422424316406,117.67373657226562,0.6490991711616516,1809.0092877859795,-3.2185287306498465,-266.1882019042969,116.51869201660156,1811.90673828125,-2.0143089294433594,9.0,9.0,2.7271101474761963,-0.11960367858409882,3.4060046672821045,-0.1214204654097557,0.5087712930424353,1809.0092877859795,-2.1900022306425813,-263.75851950628874,114.95920510245011,2.654719413258152,-260.9091653970219,116.83524378091376,4.4038839193843495,4.028008063140315,144.73853498348055,184.35421702452004
808,/yh/study/new_data/model_dataset_flight/vi/vi_000808.jpg,3,18,-266.9132995605469,113.957763671875,1809.0092877859795,-2.1900022306425813,1814.6568311170859,-0.9443050141758732,-269.03961181640625,117.27857208251953,0.6452704071998596,1810.9801396856142,-2.3329532572014573,-268.3875427246094,120.83077239990234,1816.2275390625,-4.19639778137207,9.0,9.0,2.7332606315612793,-0.12012585997581482,3.411406993865967,-0.12191389501094818,0.5103425567166555,1810.9801396856142,-3.924524889292786,-264.3134387124075,117.51410647239624,4.405320708473697,-262.6496033866461,118.14080469207832,4.263696173900758,4.18304102020332,144.342644421995,158.01619295962155
809,/yh/study/new_data/model_dataset_flight/vi/vi_000809.jpg,3,18,-268.5203552246094,115.14909362792969,1810.9801396856142,-3.924524889292786,1814.5268602631327,-2.0755960102200093,-268.266845703125,118.11495971679688,0.6514561176300049,1812.9805721221073,-4.066627875866959,-267.8571472167969,121.58775329589844,1816.246337890625,-5.120512008666992,9.0,9.0,2.736448287963867,-0.12043946236371994,3.4143855571746826,-0.12218473106622696,0.509859854441406,1812.9805721221073,-4.966752385890811,-265.31196430439763,119.53568774253316,5.4347014842740835,-264.40258026312944,119.481998489574,4.117774961479942,4.332904861644309,144.32783878576566,157.93032106012106
810,/yh/study/new_data/model_dataset_flight/vi/vi_000810.jpg,3,18,-270.1268615722656,116.34001922607422,1812.9805721221073,-4.966752385890811,1816.279004202429,-4.6209289581196575,-268.1784362792969,121.20379638671875,0.6168099641799927,1814.9803224666082,-5.108783012426227,-270.767578125,121.40811920166016,1818.4893798828125,-3.2573401927948,9.0,9.0,2.7871005535125732,-0.12343786656856537,3.4604320526123047,-0.1252417415380478,0.5115841570417169,1814.9803224666082,-3.5274620597801647,-267.7757425164026,119.55452932464408,3.982566507749726,-266.16054137629106,120.8173973034079,3.9663201959745513,4.477378077333676,144.32783083499857,187.1127439662814
811,/yh/study/new_data/model_dataset_flight/vi/vi_000811.jpg,3,18,-271.73358154296875,117.53112030029297,1814.9803224666082,-3.5274620597801647,1818.81426148503,-3.6187852460787413,-270.8163757324219,121.89161682128906,0.583889365196228,1816.9803488287428,-3.671704823299452,-270.8163757324219,121.89161682128906,1818.814208984375,-3.6187851428985596,9.0,9.0,2.7394537925720215,-0.12046660482883453,3.4168004989624023,-0.12227226048707962,0.5102975201568157,1816.9803488287428,-3.6265060202157446,-269.33158365143,120.81519324412808,4.068750296022911,-267.924040827038,122.14736754049197,3.809540715930746,4.616247240199008,144.32842917024203,177.07970400806516
812,/yh/study/new_data/model_dataset_flight/vi/vi_000812.jpg,3,18,-273.207763671875,118.68585968017578,1816.9803488287428,-3.6265060202157446,1819.2207418143346,-5.819484042172775,-269.84527587890625,123.90786743164062,0.5992461442947388,1818.8519316602144,-3.7693922118222662,-268.29840087890625,130.71231079101562,1821.9892578125,-12.224861145019531,9.0,9.0,2.792771100997925,-0.12429387122392654,3.466132164001465,-0.1259002387523651,0.5115173492538977,1818.8519316602144,-10.0,-267.07961341596217,127.06442342583628,10.380489198450185,-269.5601097288649,123.43516706100662,3.647653943010101,4.749307380830841,144.32836775190037,195.03232499118894
813,/yh/study/new_data/model_dataset_flight/vi/vi_000813.jpg,3,18,-274.8296813964844,119.9563217163086,1818.8519316602144,-10.0,1822.2887599075248,-10.0,-269.3971252441406,129.71751403808594,0.5979213714599609,1820.911075780407,-10.0,-282.56085205078125,121.1812973022461,1827.8743896484375,3.887929677963257,9.0,9.0,2.9512202739715576,-0.13429391384124756,3.6033730506896973,-0.13591527938842773,0.500808466408964,1820.911075780407,1.8617080450857664,-275.7442339116917,118.7059221295775,1.5491628157070336,-271.3487958724176,124.8326840633191,3.4808855240667547,4.876362347010517,144.32875477816637,171.96205002255738
814,/yh/study/new_data/model_dataset_flight/vi/vi_000814.jpg,3,18,-276.4517517089844,121.2269287109375,1820.911075780407,1.8617080450857664,1828.900255506844,7.898138590351663,-285.75628662109375,118.55007934570312,0.6709089279174805,1822.9704286378537,1.707186371167996,-281.8895263671875,122.02867126464844,1827.832763671875,2.807656764984131,9.0,9.0,2.858132839202881,-0.12815502285957336,3.524293899536133,-0.12984931468963623,0.5001921485580761,1822.9704286378537,2.6471002983259213,-277.87008949583,119.28774101747332,2.4025259599173916,-273.1422827514099,126.22415385835836,3.3094689575744978,4.997225147420864,144.32525825491987,167.77241101954132
815,/yh/study/new_data/model_dataset_flight/vi/vi_000815.jpg,3,18,-278.048095703125,122.50807189941406,1822.9704286378537,2.6471002983259213,1829.8010991093277,7.287066280784116,-286.1226501464844,119.57511901855469,0.6837924122810364,1825.015236687594,2.4936489450143826,-280.95037841796875,128.83648681640625,1831.09375,-3.241668701171875,9.0,9.0,2.8549296855926514,-0.12840266525745392,3.5218594074249268,-0.12993288040161133,0.4994020344093232,1825.015236687594,-2.404897133659813,-276.53808630224546,124.57259536791234,2.5578087384956585,-274.91445049799387,127.61979017824922,3.1336452051311294,5.111718278835161,144.3227697715453,183.28925396781415
816,/yh/study/new_data/model_dataset_flight/vi/vi_000816.jpg,3,18,-279.5004577636719,123.67367553710938,1825.015236687594,-2.404897133659813,1833.5088519352244,2.6181519940156908,-286.3590393066406,125.5324935913086,0.6410398483276367,1826.8756212964033,-2.5581553679222795,-287.06866455078125,131.6216278076172,1837.6763916015625,-1.8777352571487427,9.0,9.0,2.955418586730957,-0.13516201078891754,3.6070756912231445,-0.1365041732788086,0.49784549833050074,1826.8756212964033,-1.9770072134347734,-278.29229310429116,125.32550915592596,2.046513168398679,-276.546795474872,128.89334957322365,2.953662288799904,5.2196740361142835,144.32087572807194,185.54427800700068
817,/yh/study/new_data/model_dataset_flight/vi/vi_000817.jpg,3,18,-281.09844970703125,124.95613098144531,1826.8756212964033,-1.9770072134347734,1833.8198548054786,2.4284061876805194,-286.498046875,125.86924743652344,0.6405044198036194,1828.9225341745616,-2.1355442138524827,-287.24554443359375,131.94815063476562,1838.0118408203125,-2.036865234375,9.0,9.0,3.0229296684265137,-0.1399804800748825,3.662106513977051,-0.1411227136850357,0.493711312891939,1828.9225341745616,-2.0512623034532527,-279.9006126510285,126.59384443681448,2.029019214948582,-278.3286748319503,130.27706578582232,2.769774875080958,5.320934804377003,144.31909982552688,190.43552898801863
818,/yh/study/new_data/model_dataset_flight/vi/vi_000818.jpg,3,18,-283.39080810546875,126.81491088867188,1828.9225341745616,-2.0512623034532527,1834.6718621620294,2.075732968961293,-286.9775390625,126.65689086914062,0.6504120826721191,1831.8701364453616,-2.2159021042402247,-291.943115234375,139.43545532226562,1846.2236328125,-5.3069844245910645,9.0,9.0,3.101062059402466,-0.14599354565143585,3.723900318145752,-0.14682115614414215,0.4813875171951203,1831.8701364453616,-4.8560015918915145,-280.6239706345483,130.59780183551547,4.686752981137442,-280.80856425913635,132.23026422141956,2.5822438463324215,5.415353332747689,144.31649853730931,205.65554196946323
819,/yh/study/new_data/model_dataset_flight/vi/vi_000819.jpg,3,18,-285.683837890625,128.6741943359375,1831.8701364453616,-4.8560015918915145,1842.2260088669093,-0.5257135154945068,-291.5390625,133.21624755859375,0.6084647178649902,1834.8185778890822,-5.028476691455113,-291.91717529296875,139.3611297607422,1846.1588134765625,-5.2623066902160645,9.0,9.0,3.112220048904419,-0.14533817768096924,3.7313971519470215,-0.14653877913951874,0.4798925061796809,1834.8185778890822,-5.228191353165003,-282.78406823467986,132.63883356563434,4.911927145142866,-283.2925020301353,134.17698732506133,2.3913358604896664,5.502792989123829,144.31049437414205,182.39585298579186
820,/yh/study/new_data/model_dataset_flight/vi/vi_000820.jpg,3,18,-287.1240234375,129.89248657226562,1834.8185778890822,-5.228191353165003,1846.3638428881318,-5.697867974633861,-291.82550048828125,139.83370971679688,0.6855635643005371,1836.7002391399622,-5.403325505338999,-295.26654052734375,139.95208740234375,1849.211181640625,-3.761988639831543,9.0,9.0,3.1112046241760254,-0.14425340294837952,3.730076551437378,-0.14572963118553162,0.47922730978754513,1836.7002391399622,-4.001456461230987,-285.0270486988044,132.7595240611471,3.5520708069208453,-284.92670053754335,135.47561456771183,2.1973228999566516,5.583127995446199,144.3060684115599,163.40236307587475
821,/yh/study/new_data/model_dataset_flight/vi/vi_000821.jpg,3,18,-288.7078857421875,131.23231506347656,1836.7002391399622,-4.001456461230987,1849.4358315910397,-3.9090873682529454,-295.3610534667969,140.20346069335938,0.6698927879333496,1838.769617681262,-4.176803729812377,-295.3610534667969,140.20346069335938,1849.435791015625,-3.9090874195098877,9.0,9.0,3.0134129524230957,-0.13731883466243744,3.6531293392181396,-0.13907727599143982,0.4842095592610992,1838.769617681262,-3.9481467027859103,-286.7288095594272,133.93815863165227,3.3523621452055217,-286.70740393162225,136.88855870647342,2.0004818105652724,5.656243642996856,144.30295870113596,169.20177696738392
822,/yh/study/new_data/model_dataset_flight/vi/vi_000822.jpg,3,18,-290.2896728515625,132.5703887939453,1838.769617681262,-3.9481467027859103,1849.4775910864137,-3.8341560462167092,-295.4389953613281,140.16763305664062,0.6730961203575134,1840.8362853104684,-4.117854224582137,-295.721435546875,144.79237365722656,1852.435791015625,-7.400254726409912,9.0,9.0,3.040203094482422,-0.13958941400051117,3.6748030185699463,-0.14113318920135498,0.4830465594723458,1840.8362853104684,-6.921358947212191,-286.6416667584598,137.55803601524633,6.179366736119992,-288.4885790200398,138.2924252812368,1.801093831522664,5.722036487291496,144.30268117134008,163.10229909140617
823,/yh/study/new_data/model_dataset_flight/vi/vi_000823.jpg,3,18,-291.78533935546875,133.79493713378906,1840.8362853104684,-6.921358947212191,1852.6036057451172,-7.460244800549233,-295.82147216796875,144.9398651123047,0.6859527230262756,1842.7664210665375,-7.090658251697512,-299.6157531738281,145.15182495117188,1855.791259765625,-5.391363143920898,9.0,9.0,3.0719380378723145,-0.141597181558609,3.6998450756073,-0.1431121975183487,0.47990072375102605,1842.7664210665375,-5.639286958907037,-288.9564416013277,137.66267848692513,4.79187705165138,-290.1858952381851,139.57535165596656,1.5994441172836436,5.7804145221774945,144.3020937217106,170.70629901718348
824,/yh/study/new_data/model_dataset_flight/vi/vi_000824.jpg,3,18,-293.2826843261719,135.02084350585938,1842.7664210665375,-5.639286958907037,1852.623927939039,-7.340082160525951,-295.9088134765625,144.85487365722656,0.6816573143005371,1844.6987133073505,-5.81015960249701,-299.9108581542969,145.0589599609375,1855.974609375,-5.142191410064697,9.0,9.0,3.096935987472534,-0.14316783845424652,3.7192091941833496,-0.14466677606105804,0.4764872299916064,1844.6987133073505,-5.239646655948324,-290.75201107627396,138.48084469027035,4.286713810586636,-291.8868630738692,140.85214083865262,1.3958212523026439,5.831297332793233,144.3006108236088,142.90398708544672
825,/yh/study/new_data/model_dataset_flight/vi/vi_000825.jpg,3,18,-294.9261169433594,136.3663787841797,1844.6987133073505,-5.239646655948324,1856.214229807918,-5.046543939352113,-300.16070556640625,145.12319946289062,0.6607785820960999,1846.8195427677067,-5.412560296685857,-300.4605712890625,148.13946533203125,1858.2369384765625,-7.30408239364624,9.0,9.0,3.071784734725952,-0.14125683903694153,3.699500799179077,-0.14285343885421753,0.47898206330765936,1846.8195427677067,-7.028113038904447,-291.4080027135353,141.17643452826906,5.959342580800133,-293.73560018372257,142.24099501126867,1.1905167596368034,5.8746162270889695,144.2984522170268,178.8777409819886
826,/yh/study/new_data/model_dataset_flight/vi/vi_000826.jpg,3,18,-296.44732666015625,137.60165405273438,1846.8195427677067,-7.028113038904447,1856.2433879418052,-4.958881074468389,-300.2359924316406,145.0696563720703,0.6587048172950745,1848.7766282814464,-7.200198592312116,-303.91107177734375,147.94638061523438,1860.907958984375,-5.111222743988037,9.0,9.0,3.1142168045043945,-0.1447756141424179,3.7325592041015625,-0.14611303806304932,0.4727144576096735,1848.7766282814464,-5.416000212810418,-293.93937044178153,141.03059593070233,4.248233373505607,-295.4635020557742,143.51196839839076,0.9838246043820262,5.910314345656403,144.2979223437576,179.3511649593711
827,/yh/study/new_data/model_dataset_flight/vi/vi_000827.jpg,3,18,-297.9695129394531,138.8377227783203,1848.7766282814464,-5.416000212810418,1856.1811461429556,-5.201883060941332,-300.04229736328125,145.2290496826172,0.6630010604858398,1850.7349704426153,-5.590874816558739,-303.77813720703125,148.09718322753906,1860.8897705078125,-5.311420440673828,9.0,9.0,3.1417593955993652,-0.14679169654846191,3.753446340560913,-0.14805161952972412,0.4668567166227413,1850.7349704426153,-5.352192284638358,-295.557706426085,142.13520632075756,4.085365145316796,-297.1934722465171,144.77606952798035,0.7760406929360166,5.938346749660037,144.29538423478985,120.43015705421567
828,/yh/study/new_data/model_dataset_flight/vi/vi_000828.jpg,3,18,-299.4911193847656,140.0733184814453,1850.7349704426153,-5.352192284638358,1860.9568501635524,-5.349851174866585,-303.80963134765625,148.16783142089844,0.6588835120201111,1852.6925653433645,-5.530093582446051,-303.80963134765625,148.16783142089844,1860.9569091796875,-5.349851131439209,9.0,9.0,3.0605151653289795,-0.1402570754289627,3.6906049251556396,-0.14193664491176605,0.4757081615394018,1852.6925653433645,-5.376148150639445,-297.12362766611375,143.3102137032799,4.010300202605896,-298.9236570156749,146.0319989681559,0.5674623690906915,5.958680486710595,144.29168424661125,167.07197902724147
829,/yh/study/new_data/model_dataset_flight/vi/vi_000829.jpg,3,18,-301.0998840332031,141.42408752441406,1852.6925653433645,-5.376148150639445,1860.8784797900103,-5.373124660134688,-303.7326354980469,148.14035034179688,0.6591511964797974,1854.7885024807294,-5.549600974993616,-308.87738037109375,150.72769165039062,1866.5584716796875,-4.424271106719971,9.0,9.0,3.1152987480163574,-0.14526402950286865,3.733759880065918,-0.14648625254631042,0.46747266094765894,1854.7885024807294,-4.588454521821597,-299.2803707056106,143.91177267648817,3.0820782217745166,-300.74149612524235,147.39538215898227,0.3583879079607485,5.971294634568206,144.2923772973686,160.6917519820854
830,/yh/study/new_data/model_dataset_flight/vi/vi_000830.jpg,3,18,-302.5628662109375,142.65243530273438,1854.7885024807294,-4.588454521821597,1864.2797335756452,-2.4910501349276206,-308.17938232421875,147.82203674316406,0.6404373049736023,1856.6945002433329,-4.7645462822185545,-308.89605712890625,150.6486053466797,1866.52685546875,-4.3494110107421875,9.0,9.0,3.0993659496307373,-0.14326399564743042,3.7210588455200195,-0.1447591632604599,0.4700140782882855,1856.6945002433329,-4.409978430590993,-300.92415181563337,144.89292753099502,2.7758224536654654,-302.41375020217566,148.6286156253447,0.14911600876182166,5.976180322610321,144.28994532313726,159.79112894274294
831,/yh/study/new_data/model_dataset_flight/vi/vi_000831.jpg,3,18,-304.02545166015625,143.8804473876953,1856.6945002433329,-4.409978430590993,1864.3554521963042,-2.453760650966523,-308.26251220703125,147.83663940429688,0.6413965821266174,1858.5999796108588,-4.585384737573033,-314.62799072265625,150.4255828857422,1871.021728515625,-0.7855367064476013,9.0,9.0,3.143056631088257,-0.14741255342960358,3.754988193511963,-0.14851391315460205,0.46079017461844773,1858.5999796108588,-1.3399270627388091,-304.274563897139,143.53985476672122,0.4219718474928706,-304.0855063727055,149.8537881187426,-0.06005471254922795,5.973340731047305,144.28925403328805,148.50578201003373
832,/yh/study/new_data/model_dataset_flight/vi/vi_000832.jpg,3,18,-305.5746765136719,145.14605712890625,1858.5999796108588,-1.3399270627388091,1868.4934516651124,0.8753180859823502,-313.56781005859375,147.59246826171875,0.6099821329116821,1860.597585451451,-1.5188611898311706,-314.5973205566406,150.41989135742188,1870.99365234375,-0.7990490198135376,9.0,9.0,3.125288724899292,-0.14505761861801147,3.7409377098083496,-0.1464938074350357,0.4636131771797786,1860.597585451451,-0.904068200088658,-306.1442326674408,144.36734539015887,0.9647726075915591,-305.84350274343205,151.10884819682238,-0.2688262297601773,5.962791067916142,144.28557634994596,165.2034530416131
833,/yh/study/new_data/model_dataset_flight/vi/vi_000833.jpg,3,18,-307.1240539550781,146.41177368164062,1860.597585451451,-0.904068200088658,1868.5616544208897,0.6971366163335266,-313.5176696777344,147.77655029296875,0.6097069978713989,1862.595377509128,-1.082366420127072,-314.77545166015625,153.94161987304688,1873.2164306640625,-3.536435604095459,9.0,9.0,3.147517442703247,-0.14696954190731049,3.7578132152557373,-0.14825616776943207,0.45935290004583607,1862.595377509128,-3.1783917354672298,-306.4140881334895,147.38245710894103,1.20261289859193,-307.60095556608263,152.35633220557082,-0.47690161100449163,5.944558523930208,144.2841739200103,150.2155769849196
834,/yh/study/new_data/model_dataset_flight/vi/vi_000834.jpg,3,18,-308.672119140625,147.6764373779297,1862.595377509128,-3.1783917354672298,1870.9900964678156,-1.0155692712340507,-314.4666748046875,150.59259033203125,0.5987257361412048,1864.5914888288808,-3.3581868218510493,-319.87640380859375,153.61642456054688,1877.1417236328125,-0.26259469985961914,9.0,9.0,3.1711113452911377,-0.149125874042511,3.775688409805298,-0.15023905038833618,0.4524548358709463,1864.5914888288808,-0.7142355037511354,-309.4799615205294,146.5719346170933,1.3684062479632384,-309.3561046610999,153.59511958324018,-0.6839855204748985,5.918682205310501,144.2817712408872,142.2400230076164
835,/yh/study/new_data/model_dataset_flight/vi/vi_000835.jpg,3,18,-310.2829284667969,148.9464569091797,1864.5914888288808,-0.7142355037511354,1872.707046651111,3.8534273838055175,-318.7269287109375,147.67620849609375,0.6321576833724976,1866.6414056227884,-0.8967270148576265,-319.862548828125,153.6145782470703,1877.12939453125,-0.26928380131721497,9.0,9.0,3.174996852874756,-0.14899146556854248,3.7781877517700195,-0.15021060407161713,0.45062701321602744,1866.6414056227884,-0.3608265324627403,-311.3431783149543,147.4968562029074,1.7959598960285676,-311.1727131830496,154.8316699539503,-0.8897847162527328,5.885213044770601,144.27779516365572,162.82982495613396
836,/yh/study/new_data/model_dataset_flight/vi/vi_000836.jpg,3,18,-311.89483642578125,150.2173309326172,1866.6414056227884,-0.3608265324627403,1875.0876855872816,1.7205192432140082,-319.3892822265625,150.80319213867188,0.6237877011299133,1868.6927136248842,-0.5443800791298393,-319.7550048828125,153.8479766845703,1877.180419921875,-0.5211591124534607,9.0,9.0,3.132411003112793,-0.14537522196769714,3.7459940910339355,-0.14686007797718048,0.45613934940219797,1868.6927136248842,-0.5245470058333259,-312.9022292312805,148.8399977267853,1.7064252179509065,-312.98884496904816,156.0615446234913,-1.094008543266916,5.84421369087411,144.27457099420238,157.95819996856153
837,/yh/study/new_data/model_dataset_flight/vi/vi_000837.jpg,3,18,-313.3596496582031,151.3722381591797,1868.6927136248842,-0.5245470058333259,1875.0781981766804,2.0134643088958257,-319.5545654296875,150.56114196777344,0.6275421380996704,1870.5568334837285,-0.7053384434592109,-324.6431884765625,158.33026123046875,1883.77197265625,-1.253261685371399,9.0,9.0,3.1708199977874756,-0.14938972890377045,3.77557373046875,-0.1504223346710205,0.4473506568485369,1870.5568334837285,-1.1733207617303123,-314.02383957026024,150.4641407260228,1.1250729698044264,-314.65601907861105,157.1679965352092,-1.2963694204079546,5.795758376029506,144.27440461506305,172.05307306721807
838,/yh/study/new_data/model_dataset_flight/vi/vi_000838.jpg,3,18,-314.9186706542969,152.59669494628906,1870.5568334837285,-1.1733207617303123,1879.2151893190705,4.87826388101674,-324.5849609375,150.6911163330078,0.630261242389679,1872.5380514761273,-1.3566962395211448,-324.52996826171875,158.54957580566406,1883.81005859375,-1.4971203804016113,9.0,9.0,3.1769044399261475,-0.1491946280002594,3.7796454429626465,-0.15037916600704193,0.4462920042076114,1872.5380514761273,-1.4766327743560739,-315.4439094122259,151.87857508446706,0.8897032588307494,-316.41525397513533,158.33662770972126,-1.496583320838459,5.739932763432189,144.2712204128885,156.40816499944776
839,/yh/study/new_data/model_dataset_flight/vi/vi_000839.jpg,3,18,-316.47821044921875,153.82154846191406,1872.5380514761273,-1.4766327743560739,1881.081473161123,3.0209840430313046,-324.994873046875,153.29197692871094,0.6274151802062988,1874.519922424363,-1.6609300081760354,-328.84393310546875,158.56336975097656,1887.3001708984375,1.0385068655014038,9.0,9.0,3.19486141204834,-0.1507546752691269,3.792989730834961,-0.15182606875896454,0.4405491224565265,1874.519922424363,0.6446643333987669,-318.29588092563387,151.3363829030973,3.078956611509844,-318.17258069377414,159.49838223522255,-1.6943702445553614,5.676833773308491,144.26878011436412,172.89719497784972
840,/yh/study/new_data/model_dataset_flight/vi/vi_000840.jpg,3,18,-318.0369567871094,155.04579162597656,1874.519922424363,0.6446643333987669,1882.6753056916584,6.932057422552623,-328.5902404785156,151.0760955810547,0.6358612179756165,1876.5007926147148,0.458437160785623,-328.7294921875,159.02084350585938,1887.4779052734375,0.6016985774040222,9.0,9.0,3.193626880645752,-0.1503816545009613,3.7918758392333984,-0.15153434872627258,0.4397463617856384,1876.5007926147148,0.580797018407113,-319.8570268744636,152.5573452577182,3.083021318541256,-319.92641146938945,160.65236101483637,-1.8894546822800589,5.606569388859822,144.26518393972484,159.82489194720984
841,/yh/study/new_data/model_dataset_flight/vi/vi_000841.jpg,3,18,-319.66668701171875,156.27857971191406,1876.5007926147148,0.580797018407113,1884.6031363034929,5.021697242387175,-329.01849365234375,153.75613403320312,0.6336511373519897,1878.5440016382943,0.3940581399185723,-328.1253662109375,165.46401977539062,1890.7940673828125,-4.955528736114502,9.0,9.0,3.2021028995513916,-0.15119534730911255,3.7981531620025635,-0.15226662158966064,0.43620261418431255,1878.5440016382943,-4.175034529524784,-318.6985753759,157.60220669801728,1.6398867454029604,-321.74825308149207,161.80783815426145,-2.0815660697733227,5.529258442347387,144.26256546931262,162.49230003450066
842,/yh/study/new_data/model_dataset_flight/vi/vi_000842.jpg,3,18,-321.2928466796875,157.50868225097656,1878.5440016382943,-4.175034529524784,1887.3441061252252,0.6992347336828859,-328.6790771484375,158.86312866210938,0.5555469989776611,1880.58274328367,-4.362821853714924,-332.795166015625,165.4153594970703,1894.5345458984375,-2.159423589706421,9.0,9.0,3.2146997451782227,-0.15227657556533813,3.8074443340301514,-0.15327100455760956,0.43082440050188286,1880.58274328367,-2.4808950639941196,-321.3442761238048,157.43836659976907,0.08711646530332762,-323.56328591137986,162.95371263277687,-2.2704392316923516,5.445030381800314,144.25962315188423,168.79835398867726
843,/yh/study/new_data/model_dataset_flight/vi/vi_000843.jpg,3,18,-322.7755432128906,158.63027954101562,1880.58274328367,-2.4808950639941196,1887.3601296426027,0.7511457211726378,-328.72265625,158.8306884765625,0.5564078688621521,1882.441632953511,-2.6702614046313267,-332.8409423828125,165.30313110351562,1894.5052490234375,-2.0418148040771484,9.0,9.0,3.2223501205444336,-0.15274928510189056,3.8128864765167236,-0.15374772250652313,0.42686030278191023,1882.441632953511,-2.133503927415073,-323.04975361518217,158.2553720665935,0.4644856931084747,-325.23135802702535,163.98430455988503,-2.4558148141347407,5.35402501886941,144.25582826142877,158.90203299932182
844,/yh/study/new_data/model_dataset_flight/vi/vi_000844.jpg,3,18,-324.4669494628906,159.92913818359375,1882.441632953511,-2.133503927415073,1891.1222788228756,3.3913885712356198,-333.31793212890625,158.92062377929688,0.5398205518722534,1884.5736284293744,-2.324094666665256,-332.8664245605469,165.5522003173828,1894.6728515625,-2.227806329727173,9.0,9.0,3.197277784347534,-0.15018847584724426,3.794369697570801,-0.15144501626491547,0.430813328124908,1884.5736284293744,-2.2418546087595272,-324.70661876051065,159.60145619080154,0.40597642865312866,-327.1043891679298,165.18553044198225,-2.6374397050391685,5.256392258388503,144.2519741404266,151.28976595588028
845,/yh/study/new_data/model_dataset_flight/vi/vi_000845.jpg,3,18,-326.00640869140625,161.111328125,1884.5736284293744,-2.2418546087595272,1890.8303900979233,3.9800791686990777,-333.42987060546875,158.2731475830078,0.5400933027267456,1886.514104883503,-2.4306504137369442,-335.2946472167969,172.1345672607422,1900.5186767578125,-6.10722541809082,9.0,9.0,3.2162017822265625,-0.1525566130876541,3.8087286949157715,-0.15348319709300995,0.4243793432876089,1886.514104883503,-5.570820354020032,-324.30760128294406,163.4339810576148,2.8776141604513534,-328.82147613304727,166.26361993524296,-2.8150674416410375,5.15229181024296,144.25085252197928,186.2770419102162
846,/yh/study/new_data/model_dataset_flight/vi/vi_000846.jpg,3,18,-327.5447692871094,162.2926788330078,1886.514104883503,-5.570820354020032,1894.4961286452528,-1.8047380550851593,-332.97357177734375,165.10641479492188,0.5307018160820007,1888.4531991375115,-5.76115777352992,-335.5169677734375,172.04359436035156,1900.6444091796875,-5.902549743652344,9.0,9.0,3.220736026763916,-0.1525132954120636,3.8117218017578125,-0.15353448688983917,0.4224085935882222,1888.4531991375115,-5.881920933223399,-325.6890731430694,164.82983405703527,3.143368385953948,-330.5332278913223,167.33457171718823,-2.9884586042129437,5.0418928841804185,144.2478715712934,178.15357097424567
847,/yh/study/new_data/model_dataset_flight/vi/vi_000847.jpg,3,18,-329.7925720214844,164.03598022460938,1888.4531991375115,-5.881920933223399,1894.4119696331359,-1.6693063432584774,-332.985595703125,164.94741821289062,0.5272641777992249,1891.2966654522893,-6.072943433619174,-338.8555908203125,172.5565185546875,1903.6419677734375,-4.345588684082031,9.0,9.0,3.230771541595459,-0.15348654985427856,3.819131851196289,-0.15441526472568512,0.4176746321631687,1891.2966654522893,-4.597606345628769,-328.7423624379878,165.47185362427652,1.7789526663572832,-332.94995321683365,168.96135409284432,-3.1573811953492585,4.9253738682349475,144.24524418961875,154.62560101877898
848,/yh/study/new_data/model_dataset_flight/vi/vi_000848.jpg,3,18,-332.25274658203125,165.9439697265625,1891.2966654522893,-4.597606345628769,1898.118417479017,-1.2294505803461149,-336.2369079589844,166.78050231933594,0.5857139825820923,1894.4087707797041,-4.789945169900925,-339.76776123046875,176.0640869140625,1906.448974609375,-6.638204097747803,9.0,9.0,3.235816717147827,-0.15378551185131073,3.822681427001953,-0.15472006797790527,0.41470075179028926,1894.4087707797041,-6.368546754313478,-330.2088043039974,168.7384998790232,3.462238987843891,-335.57435758612087,170.74689171803016,-3.321611004089609,4.802921991467658,144.24187952103972,145.98462695721537
849,/yh/study/new_data/model_dataset_flight/vi/vi_000849.jpg,3,18,-333.7705078125,167.15240478515625,1894.4087707797041,-6.368546754313478,1900.689966700488,-5.963916448865222,-335.51751708984375,172.12002563476562,0.6177856922149658,1896.3472276721552,-6.561813429189691,-346.3617248535156,176.28103637695312,1911.8992919921875,-2.920549154281616,9.0,9.0,3.242722749710083,-0.15437299013137817,3.827728748321533,-0.15526558458805084,0.4104646738031326,1896.3472276721552,-3.451802452355972,-333.4953287952693,167.52863657469376,0.46612643240075186,-337.25143976671103,171.8271377569145,-3.4809319542110337,4.67473297175825,144.23865161632665,169.93301699403673
850,/yh/study/new_data/model_dataset_flight/vi/vi_000850.jpg,3,18,-335.2862854003906,168.35928344726562,1896.3472276721552,-3.451802452355972,1903.6858437997435,-4.169912662275022,-338.9947204589844,172.4406280517578,0.596646785736084,1898.2831646537616,-3.6461442609134824,-346.171142578125,176.3643798828125,1911.794677734375,-3.100330352783203,9.0,9.0,3.2450428009033203,-0.15436969697475433,3.829280138015747,-0.15530391037464142,0.40792144219350784,1898.2831646537616,-3.179963528772986,-335.2183922111787,168.45210875179518,0.1150044447070262,-338.9214218364435,172.90029409667824,-3.6351364360529206,4.541010649412624,144.23507086297386,185.42234494816512
851,/yh/study/new_data/model_dataset_flight/vi/vi_000851.jpg,3,18,-336.9504699707031,169.68429565429688,1898.2831646537616,-3.179963528772986,1903.6348149309367,-4.439100952013642,-338.79461669921875,172.62777709960938,0.6012865900993347,1900.4086281055042,-3.374869078060782,-346.3027038574219,176.27037048339844,1911.8453369140625,-2.9467835426330566,9.0,9.0,3.2471611499786377,-0.15437979996204376,3.830695152282715,-0.1553468257188797,0.4056167069158781,1900.4086281055042,-3.009240380528913,-337.03473706387746,169.56908352953866,0.14274024198996713,-340.73449559198235,174.0862622616751,-3.784025621279204,4.401966607378226,144.23185323022497,182.8081530984491
852,/yh/study/new_data/model_dataset_flight/vi/vi_000852.jpg,3,18,-338.47467041015625,170.87103271484375,1900.4086281055042,-3.009240380528913,1907.9439667516556,-0.05705717610571987,-344.85968017578125,171.63475036621094,0.5137807130813599,1902.339472903012,-3.20450291693543,-353.40716552734375,174.73175048828125,1916.67138671875,2.4892449378967285,9.0,9.0,3.2490363121032715,-0.15460313856601715,3.832106590270996,-0.15554051101207733,0.4031069592414422,1902.339472903012,1.6585383212066405,-341.3488454462807,166.9413871038995,4.868572353975471,-342.40208017017596,175.12885249372908,-3.9274097600197235,4.257819778885338,144.2289551222632,151.29430103115737
853,/yh/study/new_data/model_dataset_flight/vi/vi_000853.jpg,3,18,-340.1466979980469,172.17286682128906,1902.339472903012,1.6585383212066405,1908.0794138695635,0.10617229051504716,-345.06536865234375,171.5829620361328,0.5107605457305908,1904.4575835548198,1.462816069076132,-353.2640075683594,178.69342041015625,1918.89453125,-0.7929122447967529,9.0,9.0,3.2515180110931396,-0.15487445890903473,3.833951711654663,-0.15577751398086548,0.4004048990531881,1904.4575835548198,-0.4638059191277848,-341.80553690141005,169.90485985096416,2.809911408701971,-344.21180645791975,176.28166286464554,-4.065108459872876,4.108796043356489,144.22619292439373,137.66520097851753
854,/yh/study/new_data/model_dataset_flight/vi/vi_000854.jpg,3,18,-341.66864013671875,173.35784912109375,1904.4575835548198,-0.4638059191277848,1913.6296819810152,7.3865990295016495,-353.84326171875,168.98321533203125,0.5136277675628662,1906.3855696475039,-0.6600778750947343,-353.3155212402344,178.7508544921875,1918.9700927734375,-0.8088586926460266,9.0,9.0,3.240475654602051,-0.15345199406147003,3.825674057006836,-0.15455575287342072,0.40243717381595784,1906.3855696475039,-0.7871518639055286,-343.1708137754689,171.30403890696348,2.5445357212312185,-345.86559108301304,177.31297693254092,-4.196950946294279,3.95512781144718,144.22345177738075,171.22736491728574
855,/yh/study/new_data/model_dataset_flight/vi/vi_000855.jpg,3,18,-343.20819091796875,174.47422790527344,1906.3855696475039,-0.7871518639055286,1916.8134495050565,2.6443129300938804,-353.6134033203125,174.6904754638672,0.5467665195465088,1908.287268200911,-0.9823776689497028,-357.00146484375,179.29029846191406,1922.263671875,0.9317384958267212,9.0,9.0,3.2401466369628906,-0.15345585346221924,3.825425624847412,-0.15454772114753723,0.4021256531567818,1908.287268200911,0.6524727110161461,-345.5556472634391,171.26472555801934,3.9763622333633695,-347.5309672219048,178.27128150537598,-4.322776303936044,3.7970536001025477,144.22238133199133,153.0226489994675
856,/yh/study/new_data/model_dataset_flight/vi/vi_000856.jpg,3,18,-344.8912658691406,175.6946563720703,1908.287268200911,0.6524727110161461,1916.7095620824032,3.0372204954484,-353.7615051269531,174.31201171875,0.5524003505706787,1910.3662376382536,0.45764673392912525,-357.2264404296875,178.8197784423828,1922.16748046875,1.4443315267562866,9.0,9.0,3.238983631134033,-0.15343064069747925,3.8246309757232666,-0.15450872480869293,0.40161360241244237,1910.3662376382536,1.3003761555514664,-347.6161693839846,171.96909860235573,4.615720947012467,-349.33369956768684,179.32947397060138,-4.4424336985462025,3.634817598531077,144.2215765169276,148.80643400829285
857,/yh/study/new_data/model_dataset_flight/vi/vi_000857.jpg,3,18,-346.4276428222656,176.80874633789062,1910.3662376382536,1.3003761555514664,1919.7279091297785,4.940386224380732,-357.3212890625,174.55776977539062,0.5929489731788635,1912.2640232408062,1.105702736552748,-361.0861511230469,184.2291259765625,1928.4761962890625,-0.6432074904441833,9.0,9.0,3.245102882385254,-0.1543501764535904,3.82930326461792,-0.15527857840061188,0.39877693947277143,1912.2640232408062,-0.3880449271195132,-348.1511942224628,174.45226278699502,2.9195280705557733,-350.9834254013469,180.2774155639024,-4.555782579081251,3.4686692260117606,144.22087415470142,168.97565696854144
858,/yh/study/new_data/model_dataset_flight/vi/vi_000858.jpg,3,18,-348.1031188964844,177.86666870117188,1912.2640232408062,-0.3880449271195132,1919.7935910767383,4.970410421406418,-357.39202880859375,174.5723114013672,0.5960587859153748,1914.2409233561218,-0.5835577434294421,-361.3336181640625,183.81161499023438,1928.429443359375,-0.1601225733757019,9.0,9.0,3.249161720275879,-0.1547190546989441,3.83223032951355,-0.1556147336959839,0.39672894993882546,1914.2409233561218,-0.22190093210727302,-349.8449235510529,175.4852288341075,2.9504473042439137,-352.76581175621226,181.16553138363835,-4.662692859727894,3.298862682466479,144.21942479389563,197.59927701670676
859,/yh/study/new_data/model_dataset_flight/vi/vi_000859.jpg,3,18,-349.77764892578125,178.9239959716797,1914.2409233561218,-0.22190093210727302,1922.0824917762275,1.7694226278850096,-357.34979248046875,178.50723266601562,0.6116276979446411,1916.2167085610133,-0.41815941742450324,-361.4187927246094,183.6973876953125,1928.4307861328125,-0.017641499638557434,9.0,9.0,3.2485408782958984,-0.15445169806480408,3.8316502571105957,-0.15540994703769684,0.3964099587602447,1916.2167085610133,-0.0760762763252974,-351.5257574072425,176.53393735127946,2.9611253725410234,-354.54069400735796,182.0496524644182,-4.763045081576725,3.1256564927384884,144.21776591170095,178.71317395474762
860,/yh/study/new_data/model_dataset_flight/vi/vi_000860.jpg,3,18,-351.4521789550781,179.98135375976562,1916.2167085610133,-0.0760762763252974,1925.4686954869162,3.750270111142284,-361.2523498535156,178.90745544433594,0.6089123487472534,1918.1925117820406,-0.2724322152367354,-366.93927001953125,184.01071166992188,1933.071533203125,2.9884893894195557,9.0,9.0,3.2511861324310303,-0.1547718048095703,3.8336129188537598,-0.15568897128105164,0.39452367929098403,1918.1925117820406,2.5127273390862794,-354.6488251311982,175.61081735963384,5.4148070325894215,-356.3089095088127,182.9306668052937,-4.8567305537345895,2.9493130455280805,144.21657599136194,140.95578796695918
861,/yh/study/new_data/model_dataset_flight/vi/vi_000861.jpg,3,18,-353.1844177246094,180.97923278808594,1918.1925117820406,2.5127273390862794,1925.3218377928401,3.939943538514056,-361.24578857421875,178.66766357421875,0.6200661063194275,1920.1797808963972,2.315969575462088,-366.8106384277344,183.77932739257812,1932.8311767578125,3.0993120670318604,9.0,9.0,3.2516980171203613,-0.1548617035150528,3.8340282440185547,-0.1557646095752716,0.3935405055764724,1920.1797808963972,2.9850239377587577,-356.53166177818,176.40279511864966,5.669905157619427,-358.1280691983182,183.74933091602907,-4.943651473708822,2.770098127943118,144.2151423453273,184.56188996788114
862,/yh/study/new_data/model_dataset_flight/vi/vi_000862.jpg,3,18,-354.9168395996094,181.9772186279297,1920.1797808963972,2.9850239377587577,1930.0823334748147,6.471794476053241,-366.5828857421875,179.43446350097656,0.6004563570022583,1922.1672608599602,2.787978581723525,-366.8798522949219,183.8599395751953,1932.9345703125,3.0751070976257324,9.0,9.0,3.2095725536346436,-0.151084303855896,3.8031845092773438,-0.1523238569498062,0.4012985332565491,1922.1672608599602,3.033215611721954,-358.16429710615625,177.53721167743547,5.500876473550799,-359.94056062655096,184.56549908455665,-5.023721026941607,2.5882804566269573,144.21386638061298,195.53717609960586
863,/yh/study/new_data/model_dataset_flight/vi/vi_000863.jpg,3,18,-356.65032958984375,182.97584533691406,1922.1672608599602,3.033215611721954,1930.0796277248062,6.341245041113156,-366.5036315917969,179.53823852539062,0.600609302520752,1924.155981286638,2.8395320172566985,-371.23736572265625,189.50045776367188,1939.7816162109375,1.0948588848114014,9.0,9.0,3.2290592193603516,-0.1534881740808487,3.8179421424865723,-0.15438106656074524,0.397375443352023,1924.155981286638,1.3494032643721738,-358.7754403459993,180.07033956543629,3.599730477968967,-361.74719305526355,185.37997654334143,-5.096863465419781,2.4041312064273788,144.21575231323672,175.89926696382463
864,/yh/study/new_data/model_dataset_flight/vi/vi_000864.jpg,3,18,-358.3006896972656,183.98841857910156,1924.155981286638,1.3494032643721738,1930.0869288855904,6.478331575984923,-366.5904541015625,179.43190002441406,0.6029750108718872,1926.0858371877994,1.154906677453343,-371.35491943359375,189.21194458007812,1939.7061767578125,1.3971290588378906,9.0,9.0,3.2397446632385254,-0.15423531830310822,3.825667142868042,-0.1551007777452469,0.3952016556073871,1926.0858371877994,1.3617892896635662,-360.3404267162278,181.19963796438532,3.455115688879578,-363.4637038625952,186.206342116674,-5.163014165329555,2.21792353757242,144.21560509064358,161.7572649847716
865,/yh/study/new_data/model_dataset_flight/vi/vi_000865.jpg,3,18,-359.9513244628906,185.0011749267578,1926.0858371877994,1.3617892896635662,1937.0252181188976,4.978455759275175,-371.3052062988281,184.73855590820312,0.5982519388198853,1928.0160228748719,1.1662465220196376,-374.78082275390625,189.4940948486328,1942.637939453125,3.1918842792510986,9.0,9.0,3.2410714626312256,-0.15378086268901825,3.826241970062256,-0.15479309856891632,0.39584294633742784,1928.0160228748719,2.8963477133806297,-362.8042979199984,181.10051665683508,4.8326589457231695,-365.1734441266636,187.031107049073,-5.222119663772962,2.0299321223151794,144.2147485689134,196.58072001766413
866,/yh/study/new_data/model_dataset_flight/vi/vi_000866.jpg,3,18,-361.76678466796875,186.11505126953125,1928.0160228748719,2.8963477133806297,1936.9024189595245,5.269794711111473,-371.3780822753906,184.430908203125,0.6025859117507935,1930.138943117809,2.7007927416856834,-374.84368896484375,189.08456420898438,1942.447021484375,3.5595481395721436,9.0,9.0,3.2408783435821533,-0.15358534455299377,3.826016902923584,-0.15464849770069122,0.39591522361266834,1930.138943117809,3.434257415548039,-364.8353596222297,181.91961711910312,5.197866866368952,-367.04092234257655,187.95548394153633,-5.274137674607809,1.8404326720050732,144.21441626420201,213.49897095933557
867,/yh/study/new_data/model_dataset_flight/vi/vi_000867.jpg,3,18,-363.35491943359375,187.07640075683594,1930.138943117809,3.434257415548039,1936.9640467460601,5.074497337201626,-371.3125305175781,184.6249237060547,0.5915195941925049,1931.9883340386148,3.2388609028012283,-374.74322509765625,189.58692932128906,1942.6624755859375,3.094757556915283,9.0,9.0,3.2424285411834717,-0.15370601415634155,3.827101230621338,-0.15476346015930176,0.39548758973760206,1931.9883340386148,3.115781951736884,-366.140074069366,183.26846611378053,4.717780472949659,-368.6739565171109,188.7261022223745,-5.319037083517156,1.6497014655385571,144.21422557919422,208.08888995088637
868,/yh/study/new_data/model_dataset_flight/vi/vi_000868.jpg,3,18,-365.09765625,188.13133239746094,1931.9883340386148,3.115781951736884,1940.4750946148786,6.5616718157014695,-375.0244140625,185.497314453125,0.6224099397659302,1934.017757768932,2.9203275032753515,-378.86517333984375,189.66470336914062,1946.035400390625,5.465385913848877,9.0,9.0,3.2417707443237305,-0.15373922884464264,3.8266725540161133,-0.1547773778438568,0.3956379606210481,1934.017757768932,5.094066895966497,-368.94599996763833,182.8697784526414,6.5187191443819925,-370.45445417246043,189.58934727759222,-5.356797922460452,1.458014880131287,144.2139519447406,186.52572494465858
869,/yh/study/new_data/model_dataset_flight/vi/vi_000869.jpg,3,18,-366.8424072265625,189.18746948242188,1934.017757768932,5.094066895966497,1940.4504244058535,6.600984487063068,-375.0277099609375,185.45101928710938,0.6227720975875854,1936.0495188566524,4.898569681172338,-379.1561279296875,192.58531188964844,1947.994384765625,3.2797961235046387,9.0,9.0,3.2469217777252197,-0.15434730052947998,3.830488920211792,-0.15530554950237274,0.39383455055632677,1936.0495188566524,3.515972002655359,-369.65429386637067,185.34298615982829,4.763061882112377,-372.22981855026393,190.45311840776597,-5.38741132370141,1.2656489253441041,144.21382670681888,139.26509593147784
870,/yh/study/new_data/model_dataset_flight/vi/vi_000870.jpg,3,18,-368.55572509765625,190.2322540283203,1936.0495188566524,3.515972002655359,1942.5963910909359,3.040486761592395,-374.6578674316406,189.59173583984375,0.6101924777030945,1938.0492068564201,3.319866120129915,-379.12738037109375,192.84185791015625,1948.1226806640625,3.0557548999786377,9.0,9.0,3.2459957599639893,-0.1540047526359558,3.8296306133270264,-0.15504279732704163,0.3941891867846385,1938.0492068564201,3.0942882076901057,-371.0193905829658,186.86386757325027,4.173209188886273,-373.9666045513078,191.30513280960272,-5.4108794536515425,1.0728787812824168,144.21311412598936,170.3230949351564
871,/yh/study/new_data/model_dataset_flight/vi/vi_000871.jpg,3,18,-370.2688903808594,191.27691650390625,1938.0492068564201,3.0942882076901057,1945.9396082694057,5.215595987808203,-378.6404113769531,189.80978393554688,0.5883001089096069,1940.0486996310356,2.898236788908825,-384.569580078125,193.04315185546875,1952.6341552734375,6.1060991287231445,9.0,9.0,3.2489986419677734,-0.15445154905319214,3.8319015502929688,-0.15541936457157135,0.39285231065674076,1940.0486996310356,5.638078320802549,-374.1350053758207,185.99106521426407,6.548821955930448,-375.6961058076703,192.15689484577814,-5.427215426810894,0.8799783418718891,144.2127750711301,161.94562998134643
872,/yh/study/new_data/model_dataset_flight/vi/vi_000872.jpg,3,18,-371.8260803222656,192.22650146484375,1940.0486996310356,5.638078320802549,1945.9489394560028,5.347890961170259,-378.7260437011719,189.70851135253906,0.5865739583969116,1941.8661683600017,5.4416124113215005,-384.5673522949219,193.01547241210938,1952.615966796875,6.127125263214111,9.0,9.0,3.2510268688201904,-0.15453872084617615,3.833322763442993,-0.15551818907260895,0.3918771677505892,1941.8661683600017,6.027110286012408,-375.8316329240845,186.75000751325447,6.78501567041166,-377.2625235223946,192.91372122894273,-5.43644320012899,0.6872197640989949,144.21208676948865,157.04517194535583
873,/yh/study/new_data/model_dataset_flight/vi/vi_000873.jpg,3,18,-373.537841796875,193.2503204345703,1941.8661683600017,6.027110286012408,1949.5778876004977,8.67927854864834,-383.621826171875,189.16195678710938,0.5569744110107422,1943.8522230361914,5.830355115190264,-384.66796875,192.80941772460938,1952.5755615234375,6.352840423583984,9.0,9.0,3.2212347984313965,-0.15144047141075134,3.811560869216919,-0.152753084897995,0.39865858510105984,1943.8522230361914,6.276610844425914,-377.5819610897771,187.72109711666243,6.850343885858524,-378.97643924502506,193.74519345865406,-5.438597448150088,0.4948730240837406,144.21129806940252,155.55947495158762
874,/yh/study/new_data/model_dataset_flight/vi/vi_000874.jpg,3,18,-375.2490539550781,194.27381896972656,1943.8522230361914,6.276610844425914,1949.643894874317,8.62785376168052,-383.6447448730469,189.242431640625,0.5602502822875977,1945.8376451647628,6.082625665359256,-391.0121154785156,192.68267822265625,1957.621337890625,10.200422286987305,9.0,9.0,3.23543119430542,-0.15348729491233826,3.822394609451294,-0.15447799861431122,0.3950313277649599,1945.8376451647628,9.59964385650808,-381.1462470075547,186.21102581889494,9.989270208142088,-380.68277737442423,194.57702445055747,-5.433723419346127,0.3032054808309015,144.21315892242538,174.3625570088625
875,/yh/study/new_data/model_dataset_flight/vi/vi_000875.jpg,3,18,-376.96295166015625,195.29891967773438,1945.8376451647628,9.59964385650808,1954.7899911235606,10.0,-391.04583740234375,187.8404541015625,0.5384771227836609,1947.8261807671827,9.40490749500448,-391.2388916015625,197.93209838867188,1960.9034423828125,6.097254753112793,9.0,9.0,3.239877462387085,-0.1536528617143631,3.8254127502441406,-0.15467306971549988,0.3946107375224752,1947.8261807671827,6.57983478448363,-380.96853173837263,189.8223881597121,6.785062212750553,-382.3848284342358,195.4114011262199,-5.421876774079558,0.11248144848554509,144.21309894482673,186.2909389892593
876,/yh/study/new_data/model_dataset_flight/vi/vi_000876.jpg,3,18,-379.53057861328125,196.84576416015625,1947.8261807671827,6.57983478448363,1954.6479448015511,10.0,-390.7421875,188.01499938964844,0.5298835635185242,1950.811812842911,6.384642030214984,-396.6534423828125,197.87979125976562,1965.242919921875,9.335968971252441,9.0,9.0,3.2480576038360596,-0.1547425091266632,3.8315441608428955,-0.15560857951641083,0.3915001199640633,1950.811812842911,8.905376173600743,-384.7512605650925,189.70791428663767,8.843326345830322,-384.93370201795665,196.76872593804757,-5.4031234046753776,-0.07703822210869751,144.21291274213056,184.36289194505662
877,/yh/study/new_data/model_dataset_flight/vi/vi_000877.jpg,3,18,-382.0998229980469,198.3936004638672,1950.811812842911,8.905376173600743,1959.2565138592565,10.0,-396.8214111328125,187.50979614257812,0.5881694555282593,1953.7993359455088,8.70894465599973,-396.70166015625,197.80917358398438,1965.2401123046875,9.421433448791504,9.0,9.0,3.2481741905212402,-0.1541854739189148,3.8312175273895264,-0.15520992875099182,0.3919641459408011,1953.7993359455088,9.317482734854048,-387.40591422916754,191.13897683949716,8.988001339799814,-387.4773622361642,198.1285039120923,-5.377539238117297,-0.2650965517748977,144.21170299823467,172.86201706156135
878,/yh/study/new_data/model_dataset_flight/vi/vi_000878.jpg,3,18,-383.7599182128906,199.38453674316406,1953.7993359455088,9.317482734854048,1962.2382668890682,10.0,-396.92413330078125,192.42015075683594,0.5865660905838013,1955.724276053147,9.121034408743208,-400.3663024902344,197.6466064453125,1968.10205078125,11.716080665588379,9.0,9.0,3.2490954399108887,-0.15433470904827118,3.8319382667541504,-0.1553361564874649,0.3911430291365186,1955.724276053147,10.0,-389.36254665401765,191.7244798618988,9.490306468894707,-389.10512823480866,198.93309591261817,-5.3452100219180325,-0.45144083054589806,144.21107907646225,197.20561406575143
879,/yh/study/new_data/model_dataset_flight/vi/vi_000879.jpg,3,18,-385.42144775390625,200.3763427734375,1955.724276053147,10.0,1965.0830102269983,10.0,-400.6743469238281,192.11148071289062,0.582295298576355,1957.65088733038,9.803378373384476,-399.9508361816406,203.37139892578125,1971.1463623046875,6.850069046020508,9.0,9.0,3.248746395111084,-0.15415029227733612,3.8315629959106445,-0.15519627928733826,0.3913624222831788,1957.65088733038,7.280951069939377,-389.312404027092,195.0565278529384,6.590900659864964,-390.7276788476524,199.74051976976693,-5.306231093746145,-0.6358230036705755,144.2103861324266,156.27811301965266
880,/yh/study/new_data/model_dataset_flight/vi/vi_000880.jpg,3,18,-387.2469177246094,201.4660186767578,1957.65088733038,7.280951069939377,1968.1585543492915,10.0,-400.2355651855469,197.9210662841797,0.5705378651618958,1959.7676001134732,7.08442239676738,-399.89361572265625,203.5720977783203,1971.2186279296875,6.654295444488525,9.0,9.0,3.217193126678467,-0.1514110118150711,3.808763027191162,-0.15266525745391846,0.39705602528661915,1959.7676001134732,6.717050121089026,-390.68799846849134,196.76128508463313,5.828855364373155,-392.50762486003265,200.6480186313607,-5.260707135423257,-0.818000045397096,144.21001249973466,222.059348016046
881,/yh/study/new_data/model_dataset_flight/vi/vi_000881.jpg,3,18,-388.8319396972656,202.5543670654297,1959.7676001134732,6.717050121089026,1968.0313803038177,10.0,-400.2994384765625,197.61831665039062,0.5743857622146606,1961.6894527074448,6.523090884944007,-403.1183166503906,203.9357452392578,1974.0361328125,8.264490127563477,9.0,9.0,3.229469060897827,-0.1530178338289261,3.818006753921509,-0.15403388440608978,0.3949585969224699,1961.6894527074448,8.010423402091007,-393.002759344588,196.8519157828381,7.064961936261299,-394.04069160920136,201.55663274554806,-5.208751911935753,-0.9977343198816396,144.21176241554437,162.64774010051042
882,/yh/study/new_data/model_dataset_flight/vi/vi_000882.jpg,3,18,-390.573974609375,203.75054931640625,1961.6894527074448,8.010423402091007,1968.0565253490902,10.0,-400.49395751953125,197.39495849609375,0.5741450190544128,1963.8016975840146,7.8160746644935415,-403.1603088378906,203.77188110351562,1973.9732666015625,8.42154312133789,9.0,9.0,3.235870122909546,-0.15349870920181274,3.8225831985473633,-0.15449413657188416,0.3940800371600505,1963.8016975840146,8.333206463986462,-394.8982038724896,197.83835248394462,7.324822871970762,-395.7244626055073,202.57575538780145,-5.150487996132291,-1.1747939286047904,144.21216574355094,167.85767395049334
883,/yh/study/new_data/model_dataset_flight/vi/vi_000883.jpg,3,18,-392.15911865234375,204.8389892578125,1963.8016975840146,8.333206463986462,1971.151246234384,10.0,-403.448974609375,198.59693908691406,0.5841557383537292,1965.7237027548808,8.1382638853131,-403.1689758300781,203.56211853027344,1973.8564453125,8.595968246459961,9.0,9.0,3.203678607940674,-0.15029411017894745,3.7989590167999268,-0.15162481367588043,0.40149909002213885,1965.7237027548808,8.52919008012969,-396.5652409032297,198.81482623821256,7.463541610821763,-397.2451651321492,203.49003621410174,-5.086046479805495,-1.348953043710777,144.2121204135064,177.1150630665943
884,/yh/study/new_data/model_dataset_flight/vi/vi_000884.jpg,3,18,-393.6463928222656,206.11888122558594,1965.7237027548808,8.52919008012969,1971.096270320772,10.0,-403.40081787109375,198.5696563720703,0.5842006206512451,1967.679736939941,8.337008463108129,-406.6329345703125,210.4134521484375,1979.5184326171875,5.699244499206543,9.0,9.0,3.2244670391082764,-0.15292750298976898,3.8146708011627197,-0.15388059616088867,0.3973340886910327,1967.679736939941,6.084089075037222,-396.70057274850893,201.94312832558862,5.173483092047717,-398.6619594941455,204.59888899886255,-5.015566671879844,-1.5199922267233976,144.2146876308194,150.90995701029897
885,/yh/study/new_data/model_dataset_flight/vi/vi_000885.jpg,3,18,-395.1337890625,207.39883422851562,1967.679736939941,6.084089075037222,1973.7675892269044,8.643492230762968,-403.12530517578125,203.47129821777344,0.6097280979156494,1969.63590568576,5.890651677557211,-406.8621826171875,210.32723999023438,1979.6053466796875,5.92825984954834,9.0,9.0,3.2298901081085205,-0.15298166871070862,3.81835675239563,-0.1540110856294632,0.39734934989495946,1969.63590568576,5.92277289120189,-398.1842518339956,203.22816351754875,5.167186594230694,-400.0729848469511,205.71113549638739,-4.939195784451106,-1.687698732128232,144.21489856627088,148.87293602805585
886,/yh/study/new_data/model_dataset_flight/vi/vi_000886.jpg,3,18,-396.6219787597656,208.6795196533203,1969.63590568576,5.92277289120189,1977.4096670128201,10.0,-407.3787841796875,203.91004943847656,0.5719664096832275,1971.593147254006,5.728792584814943,-406.86773681640625,210.20938110351562,1979.5205078125,6.0103278160095215,9.0,9.0,3.1701536178588867,-0.14786267280578613,3.77429461479187,-0.14929555356502533,0.4074246259726687,1971.593147254006,5.969252379346792,-399.7914695877471,204.34611073960983,5.368808519782029,-401.4790673672083,206.8276528579709,-4.85708860744268,-1.8518667953494188,144.21504101306766,156.2701240181923
887,/yh/study/new_data/model_dataset_flight/vi/vi_000887.jpg,3,18,-398.0214538574219,209.94296264648438,1971.593147254006,5.969252379346792,1979.5734490952711,5.828118935954418,-406.7659912109375,210.36953735351562,0.5700095891952515,1973.4686041275581,5.779734344888632,-410.3978271484375,210.66256713867188,1982.19384765625,8.359835624694824,9.0,9.0,3.1611204147338867,-0.14697985351085663,3.76755952835083,-0.14848105609416962,0.4117385307637665,1973.4686041275581,7.983403921094428,-402.4942957953492,203.8275787645325,7.576558257237815,-402.790861030085,207.93066474179665,-4.769407172663118,-2.0122979046877196,144.21865994611073,168.90186094678938
888,/yh/study/new_data/model_dataset_flight/vi/vi_000888.jpg,3,18,-399.560546875,211.3324737548828,1973.4686041275581,7.983403921094428,1977.4096670128201,10.0,-407.23699951171875,204.18942260742188,0.5743170976638794,1975.5311776155208,7.79661989208747,-410.6519470214844,210.62803649902344,1982.3359375,8.573354721069336,9.0,9.0,3.1849453449249268,-0.14935743808746338,3.785557270050049,-0.15060584247112274,0.40989173832564496,1975.5311776155208,8.460030636775494,-404.44047031491783,204.6605176330754,8.266114641763872,-404.23686728306564,209.16367269805485,-4.6763204080656084,-2.1688010568279594,144.22252212460168,159.04379298444837
889,/yh/study/new_data/model_dataset_flight/vi/vi_000889.jpg,3,18,-400.9622802734375,212.59796142578125,1975.5311776155208,8.460030636775494,1982.2600195025193,8.500174985542932,-410.546875,210.6194610595703,0.5875329971313477,1977.4096643471876,8.272319576728345,-411.16595458984375,213.53143310546875,1984.8543701171875,7.0400390625,9.0,9.0,3.161149263381958,-0.1470363885164261,3.7677791118621826,-0.1485108733177185,0.4152078132948834,1977.4096643471876,7.219826366554743,-405.22452418320034,206.77051255357947,7.219825725350738,-405.54028405646267,210.27676843021942,-4.5780037830251645,-2.321192995561823,144.2243861525953,146.39208593871444
890,/yh/study/new_data/model_dataset_flight/vi/vi_000890.jpg,3,18,-402.49005126953125,214.03440856933594,1977.4096643471876,7.219826366554743,1982.1978730915403,8.118145201758747,-410.2191162109375,210.82533264160156,0.592574954032898,1979.4974007788014,7.033906187664515,-410.9314270019531,213.629150390625,1984.772705078125,6.799458026885986,9.0,9.0,3.1433591842651367,-0.14613644778728485,3.7544167041778564,-0.14756245911121368,0.4196102437409268,1979.4974007788014,6.833663552559951,-406.4018560982789,208.66753730604862,6.641199001303372,-406.96469021499286,211.56511013592086,-4.474638945461578,-2.469298433415065,143.96329038577238,162.98601403832436
891,/yh/study/new_data/model_dataset_flight/vi/vi_000891.jpg,3,18,-403.88134765625,215.342529296875,1979.4974007788014,6.833663552559951,1982.2185260491067,8.321754222676406,-410.38555908203125,210.7062530517578,0.5872000455856323,1981.3986341114437,6.649409323491195,-414.34246826171875,213.54490661621094,1986.964111328125,9.414849281311035,9.0,9.0,3.17227840423584,-0.14878442883491516,3.7762928009033203,-0.14997325837612152,0.4170812594790238,1981.3986341114437,9.011377029010566,-409.0337486365604,208.40340510654033,8.642839833688425,-408.24776100789614,212.7295790409657,-4.36641335164612,-2.61295025590932,143.31962657110878,158.49125699605793
892,/yh/study/new_data/model_dataset_flight/vi/vi_000892.jpg,3,18,-405.2719421386719,216.64999389648438,1981.3986341114437,9.011377029010566,1984.4114522315883,10.0,-413.8569641113281,210.57093811035156,0.6014090776443481,1983.2989111408283,8.825518302509101,-414.4306640625,213.50323486328125,1986.9910888671875,9.508576393127441,9.0,9.0,3.15450119972229,-0.1469523310661316,3.7630863189697266,-0.14832957088947296,0.4217623402988626,1983.2989111408283,9.40891956076898,-410.65448740403286,209.60844938575846,8.863133905690145,-409.52546202821173,213.8980041882555,-4.253519889539844,-2.7519897082288676,142.3609153628322,182.60536098387092
893,/yh/study/new_data/model_dataset_flight/vi/vi_000893.jpg,3,18,-406.6560363769531,217.98985290527344,1983.2989111408283,9.40891956076898,1987.1171920812626,9.571122240853837,-414.5609436035156,213.5565185546875,0.6270133852958679,1985.2192011253692,9.224151807883162,-414.237060546875,219.8207244873047,1991.6038818359375,5.187668323516846,9.0,9.0,3.17153263092041,-0.14875321090221405,3.775918960571289,-0.14992325007915497,0.42079170638478036,1985.2192011253692,5.7765833271515135,-409.78039812189735,213.98621041125898,5.078463304302712,-410.7921928734693,215.10358634116673,-4.136156496516135,-2.886266564106699,141.1486852755385,168.97685697767884
894,/yh/study/new_data/model_dataset_flight/vi/vi_000894.jpg,3,18,-408.0395202636719,219.3291473388672,1985.2192011253692,5.7765833271515135,1991.6058241396124,5.238430281978267,-414.27642822265625,219.7886199951172,0.5916517972946167,1987.1386640224835,5.590745492078042,-414.27642822265625,219.7886199951172,1991.6058349609375,5.238430500030518,9.0,9.0,3.069364070892334,-0.1412499099969864,3.698274612426758,-0.1427595466375351,0.4322873416447349,1987.1386640224835,5.289832564631009,-410.8389675644637,215.88553787555637,4.437944493311569,-412.0540460359968,216.31350806208226,-4.0145257723249435,-3.0156392767849196,139.76560002388337,153.7746930262074
895,/yh/study/new_data/model_dataset_flight/vi/vi_000895.jpg,3,18,-409.5611877441406,220.80221557617188,1987.1386640224835,5.289832564631009,1992.1984625757143,5.612179320839064,-414.9486083984375,219.98631286621094,0.5871273279190063,1989.2498474911029,5.110188620725179,-424.8201599121094,220.76876831054688,1999.310302734375,12.502803802490234,9.0,9.0,3.139857292175293,-0.14739960432052612,3.7529420852661133,-0.14841999113559723,0.42480801769930654,1989.2498474911029,10.0,-415.51568609731936,214.08434697400384,8.976959908231931,-413.4500223322994,217.66224046422494,-3.888834588158773,-3.139975111946948,138.14365131850965,195.3558709938079
896,/yh/study/new_data/model_dataset_flight/vi/vi_000896.jpg,3,18,-411.035400390625,222.30255126953125,1989.2498474911029,10.0,1998.9238290924766,10.0,-424.2731628417969,220.7354736328125,0.5664868950843811,1991.350127098725,9.81749564409256,-424.9245910644531,223.5501708984375,2001.466552734375,10.742767333984375,9.0,9.0,3.1212189197540283,-0.14476603269577026,3.738185167312622,-0.14618265628814697,0.43029594129527954,1991.350127098725,10.0,-417.11118272626413,215.85436622971983,8.859696456296476,-414.7946940833041,219.04340100696948,-3.759293692679069,-3.259150262561762,136.51773919135698,185.96672103740275
897,/yh/study/new_data/model_dataset_flight/vi/vi_000897.jpg,3,18,-412.3760070800781,223.66693115234375,1991.350127098725,10.0,2000.1721779543539,10.0,-429.1761779785156,218.08047485351562,0.5382736921310425,1993.2600743627709,9.81877389550209,-424.33917236328125,223.56002807617188,2001.0870361328125,10.296942710876465,9.0,9.0,3.0574240684509277,-0.1400778889656067,3.6888647079467773,-0.14170275628566742,0.4386548922201851,1993.2600743627709,10.0,-418.54745773924617,217.45912087741564,8.7534971096156,-416.0021243959396,220.29388120672323,-3.626117315861455,-3.373049945620526,135.1207317429818,178.7797249853611
898,/yh/study/new_data/model_dataset_flight/vi/vi_000898.jpg,3,18,-413.7176513671875,225.0323486328125,1993.2600743627709,10.0,1999.9267261207503,10.0,-428.5960693359375,218.26434326171875,0.5030615925788879,1995.171486072901,9.823472559452057,-425.88031005859375,223.78477478027344,2002.2742919921875,11.304892539978027,9.0,9.0,3.0665149688720703,-0.14073768258094788,3.695786476135254,-0.1423383355140686,0.44094151148825844,1995.171486072901,10.0,-419.96199257312145,219.04962058912633,8.647822381434157,-417.20717413870005,221.55078015202372,-3.48952277151254,-3.481568480788767,133.87993648909685,189.16209891904145
899,/yh/study/new_data/model_dataset_flight/vi/vi_000899.jpg,3,18,-415.0327453613281,226.4407501220703,1995.171486072901,10.0,2002.5705959632135,10.0,-426.3861389160156,223.73402404785156,0.5748302340507507,1997.0976050394852,9.824940860271454,-426.3861389160156,223.73402404785156,2002.570556640625,11.71802043914795,9.0,9.0,3.0026211738586426,-0.13630741834640503,3.6448681354522705,-0.1380576640367508,0.4483407141130714,1997.0976050394852,10.0,-421.3565516795797,220.62555322311036,8.591102451049688,-418.3824754206334,222.85614077103168,-3.3497300593052803,-3.584609351038624,132.8619566199354,190.2867309981957
900,/yh/study/new_data/model_dataset_flight/vi/vi_000900.jpg,3,18,-416.3580017089844,227.86004638671875,1997.0976050394852,10.0,2002.8283049770985,10.0,-426.59332275390625,223.89495849609375,0.5757095813751221,1999.0386165864522,9.8294318318367,-427.05230712890625,228.8350372314453,2006.8387451171875,8.846345901489258,9.0,9.0,3.067650556564331,-0.14153672754764557,3.696868896484375,-0.14294065535068512,0.4460312563999609,1999.0386165864522,8.989776205734548,-421.9691444442047,222.84714279717457,7.52423585442938,-419.56496317615694,224.17796114135425,-3.206961467172575,-3.682085245364508,132.15036684623973,179.14278793614358
901,/yh/study/new_data/model_dataset_flight/vi/vi_000901.jpg,3,18,-417.8026428222656,229.40721130371094,1999.0386165864522,8.989776205734548,2005.3587756003594,10.0,-428.78924560546875,225.3328857421875,0.6957951188087463,2001.1544920451013,8.816710513548193,-427.0184020996094,228.8707733154297,2006.84326171875,8.797283172607422,9.0,9.0,3.035726308822632,-0.13927911221981049,3.6717076301574707,-0.14076046645641327,0.4514728894560512,2001.1544920451013,8.800117583451676,-423.2600760638075,224.5994984698721,7.273079147001294,-420.8640839971527,225.63329321998373,-3.0614411748870887,-3.773918083727199,131.81901831677428,235.65321404021233
902,/yh/study/new_data/model_dataset_flight/vi/vi_000902.jpg,3,18,-419.09088134765625,230.8329620361328,2001.1544920451013,8.800117583451676,2008.5645792033704,8.766045890418003,-428.1327209472656,230.18316650390625,0.6962987780570984,2003.0758797482335,8.62813128667872,-428.1327209472656,230.18316650390625,2008.5645751953125,8.766045570373535,9.0,9.0,2.982013702392578,-0.13536587357521057,3.62844181060791,-0.13700361549854279,0.45789465465803836,2003.0758797482335,8.745924147556378,-424.4897958898686,226.07764295391365,7.194535273930474,-422.0042762073007,226.9729230117228,-2.913394859644442,-3.86003902441,131.8183408344983,206.39962400309741
903,/yh/study/new_data/model_dataset_flight/vi/vi_000903.jpg,3,18,-420.38153076171875,232.2613983154297,2003.0758797482335,8.745924147556378,2008.6640450007417,8.897349831629636,-428.2969970703125,230.1710205078125,0.7038902044296265,2005.0008762435943,8.577810915897443,-427.83355712890625,236.5743408203125,2013.162841796875,4.317220211029053,9.0,9.0,3.0499696731567383,-0.1410609632730484,3.6836206912994385,-0.1422715038061142,0.4555152942276409,2005.0008762435943,4.938832017484222,-422.90523315399554,230.03854221166952,3.363058581530719,-423.1445800661713,228.32100986142112,-2.7630493044525237,-3.940388454008583,131.82285054693907,207.6798719353974
904,/yh/study/new_data/model_dataset_flight/vi/vi_000904.jpg,3,18,-421.7957458496094,233.8265838623047,2005.0008762435943,4.938832017484222,2013.0395828740045,4.513109582935308,-427.8990478515625,236.35232543945312,0.651092529296875,2007.1101642554388,4.767606976333175,-427.8990478515625,236.35232543945312,2013.03955078125,4.5131096839904785,9.0,9.0,2.984426259994507,-0.1358347237110138,3.63053035736084,-0.13739347457885742,0.46341958400549105,2007.1101642554388,4.550240338538057,-424.0077872404169,231.87823617979913,2.9477424932599754,-424.40637785972245,229.81166790198972,-2.610632010113088,-4.014915960314958,131.82494912256155,161.4516560221091
905,/yh/study/new_data/model_dataset_flight/vi/vi_000905.jpg,3,18,-423.7689208984375,236.0883026123047,2007.1101642554388,4.550240338538057,2013.2439408516043,4.283457884027637,-427.8617858886719,236.657470703125,0.6555978059768677,2010.1115955348525,4.382327706311113,-429.2821044921875,237.19931030273438,2014.58935546875,4.991156101226807,9.0,9.0,2.966949224472046,-0.13457772135734558,3.615936040878296,-0.13618889451026917,0.46724662437481385,2010.1115955348525,4.9023292355172465,-426.2558353334777,233.89784903569628,3.314035346596034,-426.2252917100032,232.004722323914,-2.456370811565696,-4.083580288390688,131.82907967946213,191.79462897591293
906,/yh/study/new_data/model_dataset_flight/vi/vi_000906.jpg,3,18,-425.7581787109375,238.36842346191406,2010.1115955348525,4.9023292355172465,2017.6794951405627,3.3585546092667067,-430.0994567871094,240.59732055664062,0.6710480451583862,2013.1374662018677,4.736928313218815,-430.0994567871094,240.59732055664062,2017.679443359375,3.3585546016693115,9.0,9.0,2.901707410812378,-0.13122954964637756,3.56172513961792,-0.13268882036209106,0.4736753264876768,2013.1374662018677,3.5596566159575085,-427.2482560417178,237.05597572642202,1.9856609756208543,-428.05867221028103,234.22207418175233,-2.3004934993435566,-4.146349280161741,131.83310399490458,177.64091806020588
907,/yh/study/new_data/model_dataset_flight/vi/vi_000907.jpg,3,18,-427.0047607421875,239.90916442871094,2013.1374662018677,3.5596566159575085,2017.433171098198,3.071320411783947,-429.7210998535156,240.60232543945312,0.656733512878418,2015.1176113522847,3.398182686075459,-429.7210998535156,240.60232543945312,2017.4332275390625,3.0713202953338623,9.0,9.0,2.835383653640747,-0.12693846225738525,3.5038065910339355,-0.12850914895534515,0.4757607753403521,2015.1176113522847,3.1190088754499885,-428.22638767318284,238.83316557544262,1.6279268689863897,-429.14798818905695,235.70596463080977,-2.1432274468694263,-4.203199797901156,131.83796986435797,176.59881303552538
908,/yh/study/new_data/model_dataset_flight/vi/vi_000908.jpg,3,18,-428.25006103515625,241.4483184814453,2015.1176113522847,3.1190088754499885,2020.5579462869366,2.6366792443047973,-431.4602966308594,243.2344970703125,0.7257295846939087,2017.0957184714239,2.962561733087394,-430.124755859375,240.89682006835938,2017.9210205078125,3.1795814037323,9.0,9.0,2.7611963748931885,-0.12194843590259552,3.4369797706604004,-0.12367726862430573,0.4744626658720794,2017.0957184714239,3.147918660500067,-429.5555370379633,240.29846606222495,1.7396632374951126,-430.23486027945495,237.19420084944753,-1.9847992442986886,-4.254117631997786,131.8418625919372,161.89652599859983
909,/yh/study/new_data/model_dataset_flight/vi/vi_000909.jpg,3,18,-429.4959411621094,242.98818969726562,2017.0957184714239,3.147918660500067,2020.4502430334603,2.563017688877449,-431.3338317871094,243.20236206054688,0.6995558142662048,2019.0747470118324,2.9973286728644544,-434.237548828125,243.6740264892578,2022.723388671875,4.43026876449585,9.0,9.0,2.8379602432250977,-0.1271878033876419,3.506232500076294,-0.1287490874528885,0.4799918640877634,2019.0747470118324,4.221205622644832,-431.66901569800245,241.07416369688707,2.895815682786467,-431.3213755017003,238.68909230382272,-1.8254343395908885,-4.299097393442909,131.84393854255808,203.45331297721714
910,/yh/study/new_data/model_dataset_flight/vi/vi_000910.jpg,3,18,-430.7725524902344,244.4873504638672,2019.0747470118324,4.221205622644832,2022.294791322246,3.464003467912344,-433.2291259765625,243.99102783203125,0.7277538180351257,2021.0435378417912,4.06911285290282,-433.2291259765625,243.99102783203125,2022.2947998046875,3.464003562927246,9.0,9.0,2.8015458583831787,-0.12443486601114273,3.473536491394043,-0.12615999579429626,0.48218147332528144,2021.0435378417912,3.5522878185387317,-432.46834440006694,242.9937110359324,2.2597940043585742,-432.43790917770053,240.14920807237164,-1.665356687466186,-4.338142391495555,131.8472231164969,175.0280549749732
911,/yh/study/new_data/model_dataset_flight/vi/vi_000911.jpg,3,18,-432.04913330078125,245.98646545410156,2021.0435378417912,3.5522878185387317,2026.0852415800075,1.012768933714809,-433.89501953125,248.45562744140625,0.6444289684295654,2023.0122741493242,3.4018612221356097,-432.9609069824219,244.46658325195312,2022.474365234375,2.9484024047851562,9.0,9.0,2.7487380504608154,-0.1214589774608612,3.4259700775146484,-0.12311269342899323,0.48096564629216626,2022.4789731888047,3.0145611546233306,-433.01359334833626,244.4263059490019,1.8341976078609075,-433.5539217076572,241.6152009570845,-1.5047884068759423,-4.3712644970170516,131.85012445279028,183.43298300169408
912,/yh/study/new_data/model_dataset_flight/vi/vi_000912.jpg,3,18,-433.32562255859375,247.48548889160156,2022.4789731888047,3.0145611546233306,2027.2344778472884,4.177560689697613,-437.029541015625,247.22622680664062,0.6073665618896484,2024.980881241026,2.867057122965158,-437.029541015625,247.22622680664062,2027.2344970703125,4.177560806274414,9.0,9.0,2.738912343978882,-0.12140221893787384,3.416938543319702,-0.12293501943349838,0.4841646294229652,2024.980881241026,3.9863608956570475,-435.3965179159303,245.6614614629352,2.759652811780014,-434.6695720061823,243.08700489960944,-1.343949447588572,-4.398483991992124,131.85158477925134,150.50358592998236
913,/yh/study/new_data/model_dataset_flight/vi/vi_000913.jpg,3,18,-434.60565185546875,248.9586944580078,2024.980881241026,3.9863608956570475,2027.0523994111056,3.8433370012606685,-436.65838623046875,247.3105010986328,0.6056852340698242,2026.9324539504191,3.840190026187405,-444.12139892578125,247.9805908203125,2032.488037109375,9.00081729888916,9.0,9.0,2.909677743911743,-0.1323588490486145,3.5687904357910156,-0.13378265500068665,0.4817167002966032,2026.9324539504191,8.247891926883721,-439.88436759246053,244.30924548498515,7.034359642832187,-435.7887091219299,244.53886505222707,-1.1830572664611727,-4.4198294057807495,131.85365363287877,195.75573306065053
914,/yh/study/new_data/model_dataset_flight/vi/vi_000914.jpg,3,18,-435.8853759765625,250.43153381347656,2026.9324539504191,8.247891926883721,2032.4755582517864,8.714027278062176,-443.89794921875,248.16079711914062,0.5600999593734741,2028.8835501384467,8.093556785701775,-443.89794921875,248.16079711914062,2032.4755859375,8.714027404785156,9.0,9.0,2.8515145778656006,-0.12775170803070068,3.518526077270508,-0.12945374846458435,0.4855207421383301,2028.8835501384467,8.62350196146105,-441.4558341266535,245.52512054638018,7.423132435128346,-436.9077024905011,245.99619647480856,-1.0223265139386049,-4.435337338668017,131.85414161787844,242.02027590945363
915,/yh/study/new_data/model_dataset_flight/vi/vi_000915.jpg,3,18,-437.16552734375,251.90487670898438,2028.8835501384467,8.62350196146105,2036.3362612326307,10.0,-447.9581298828125,249.72935485839844,0.6328033208847046,2030.8353065860965,8.469727461567862,-441.5462646484375,254.90664672851562,2035.9833984375,2.4905242919921875,9.0,9.0,2.8203415870666504,-0.1257808804512024,3.491199016571045,-0.1274709552526474,0.48574512452473556,2030.8353065860965,3.3628782778269324,-438.79820131239666,250.4668310393512,2.1756837168685927,-438.02749607503824,247.45982443568204,-0.8619687312882522,-4.445052273302346,131.8557902014285,169.71616994123906
916,/yh/study/new_data/model_dataset_flight/vi/vi_000916.jpg,3,18,-438.4551086425781,253.4366912841797,2030.8353065860965,3.3628782778269324,2036.3115473823734,3.6703967490865375,-442.6485595703125,254.373046875,0.48986995220184326,2032.8371741141596,3.210888087678579,-442.6485595703125,254.373046875,2036.3115234375,3.6703968048095703,9.0,9.0,2.792970657348633,-0.12444303184747696,3.466745615005493,-0.12603871524333954,0.4886380831642062,2032.8371741141596,3.603355386489029,-440.30181951752195,251.81012368539655,2.4609069891092865,-439.1573007016242,248.987664909546,-0.702192059046066,-4.449026374633687,131.85694034125171,163.6625260580331
917,/yh/study/new_data/model_dataset_flight/vi/vi_000917.jpg,3,18,-439.7456970214844,254.9696807861328,2032.8371741141596,3.603355386489029,2039.4060655162334,6.23283363734457,-446.6168212890625,255.00155639648438,0.581323504447937,2034.8405889716673,3.4532470043832015,-446.6168212890625,255.00155639648438,2039.406005859375,6.2328338623046875,9.0,9.0,2.7883763313293457,-0.1240525096654892,3.462529420852661,-0.12567327916622162,0.4899733317860908,2034.8405889716673,5.827297605095725,-443.2948899615035,251.84358112624923,4.729616222169166,-440.2888979786019,250.52236150715154,-0.5432009571174936,-4.447319278981267,131.8587004489843,166.5154929505661
918,/yh/study/new_data/model_dataset_flight/vi/vi_000918.jpg,3,18,-441.0360412597656,256.50238037109375,2034.8405889716673,5.827297605095725,2039.188486102925,6.919438646378411,-446.9882507324219,254.38446044921875,0.5860943794250488,2036.8436249021795,5.678314797101836,-446.9882507324219,254.38446044921875,2039.1884765625,6.91943883895874,9.0,9.0,2.7638373374938965,-0.1228228509426117,3.440417766571045,-0.12435617297887802,0.49132144037352204,2036.8436249021795,6.738361281611574,-445.3025012059845,252.7445178901915,5.685438496550902,-441.42123719670616,252.06238249821502,-0.3851959369405127,-4.439997872878728,131.8603118400199,171.54364194720984
919,/yh/study/new_data/model_dataset_flight/vi/vi_000919.jpg,3,18,-442.3226013183594,258.0457458496094,2036.8436249021795,6.738361281611574,2044.2835745347697,7.462405888744234,-450.76336669921875,257.8490295410156,0.7335028052330017,2038.8521635183317,6.590842289187563,-449.2621765136719,256.4982604980469,2042.2777099609375,7.228692531585693,9.0,9.0,2.715146541595459,-0.11945614218711853,3.395092487335205,-0.12110620737075806,0.4895063176015912,2038.8521635183317,7.135631435392644,-446.92818920025695,253.9891822999577,6.137356725027843,-442.5509746244435,253.61860978725034,-0.22837330608411374,-4.427136062359049,131.86183107686256,209.64820007793605
920,/yh/study/new_data/model_dataset_flight/vi/vi_000920.jpg,3,18,-443.60980224609375,259.5898742675781,2038.8521635183317,7.135631435392644,2044.5877012264496,8.49938767303697,-451.7425537109375,257.391845703125,0.7452478408813477,2040.8616982491583,6.991241850732114,-450.5868835449219,255.92604064941406,2042.723876953125,8.600993156433105,9.0,9.0,2.681628465652466,-0.11736609041690826,3.363354206085205,-0.11901940405368805,0.48881726890821325,2040.8616982491583,8.366133606104327,-449.1798085611709,254.68385897300882,7.422530324663355,-443.6827271717138,255.18105973422226,-0.0729249256200528,-4.408814533355859,131.8621833118525,193.37739807087928
921,/yh/study/new_data/model_dataset_flight/vi/vi_000921.jpg,3,18,-444.8963623046875,261.1332702636719,2040.8616982491583,8.366133606104327,2044.6140590297618,8.561817473487022,-451.80682373046875,257.370361328125,0.7426744103431702,2042.8702597662748,8.22459112670846,-450.54705810546875,255.92555236816406,2042.6971435546875,8.571430206298828,9.0,9.0,2.656709909439087,-0.11560014635324478,3.3392624855041504,-0.11732814460992813,0.4887394687846986,2042.6986265411037,8.520827066558825,-450.5100344295836,255.96007790229288,7.633821712200599,-444.8154002852557,256.7481497597629,0.08096201943182356,-4.385120503908966,131.86217109221718,195.72928501293063
922,/yh/study/new_data/model_dataset_flight/vi/vi_000922.jpg,3,18,-446.21337890625,262.6949768066406,2042.6986265411037,8.520827066558825,2045.7752986885998,9.239270361243161,-453.0827331542969,257.79400634765625,0.7113152742385864,2044.9126924993184,8.381797563690172,-451.175537109375,260.375244140625,2046.4517822265625,6.101973056793213,9.0,9.0,2.6736085414886475,-0.11668971180915833,3.355649471282959,-0.11838894337415695,0.491280939486178,2044.9126924993184,6.434594969645262,-450.4079015359233,259.000476116598,5.589575604602456,-445.9802736699318,258.3388293377692,0.23310523631816535,-4.356147468871429,131.86213592741512,165.77347996644676
923,/yh/study/new_data/model_dataset_flight/vi/vi_000923.jpg,3,18,-447.5318603515625,264.2584228515625,2044.9126924993184,6.434594969645262,2049.4038102925892,8.822069939722889,-455.16796875,260.79266357421875,0.6469441652297974,2046.957398794337,6.295843000903845,-450.9407958984375,260.55474853515625,2046.4312744140625,5.807172775268555,9.0,9.0,2.641068935394287,-0.11454660445451736,3.3241891860961914,-0.11627564579248428,0.4894544508525814,2046.4357814172024,5.878468800341066,-450.99727888566457,260.51100930311793,5.104138900888578,-447.1485328243621,259.93642791373844,0.3833275272003816,-4.321994937824047,131.86300256102692,169.97382894624025
924,/yh/study/new_data/model_dataset_flight/vi/vi_000924.jpg,3,18,-448.8486022949219,265.81982421875,2046.4357814172024,5.878468800341066,2049.214080376718,8.34810165288974,-454.6868896484375,260.96356201171875,0.6573163866996765,2048.9994209789234,5.7414169646849,-450.999755859375,260.658935546875,2046.5484619140625,5.782553672790527,9.0,9.0,2.6133265495300293,-0.11282175779342651,3.296800136566162,-0.11456384509801865,0.4887808234456889,2046.5694578621985,5.776551907962956,-451.009153670362,260.6786858798578,5.576673351160468,-448.3171453168781,261.53705605184183,0.5314569780437898,-4.282768166908195,131.86292662853327,191.69523008167744
925,/yh/study/new_data/model_dataset_flight/vi/vi_000925.jpg,3,18,-450.1956481933594,267.3493347167969,2046.5694578621985,5.776551907962956,2048.9929921242606,7.508174475981018,-453.91046142578125,261.3528137207031,0.6525644063949585,2050.857007834733,5.641486054367222,-451.2135009765625,264.2062683105469,2049.351806640625,3.5982978343963623,9.0,9.0,2.638549327850342,-0.11475923657417297,3.3215973377227783,-0.11639179289340973,0.49072273160408814,2049.364700828316,3.8963949782719176,-451.4457997506516,264.0190022601521,3.5572451683826656,-449.51832105976484,263.1107568315044,0.6773271335945135,-4.238577885292511,131.86264152149627,167.02987905591726
926,/yh/study/new_data/model_dataset_flight/vi/vi_000926.jpg,3,18,-451.4228210449219,268.7427062988281,2049.364700828316,3.8963949782719176,2054.6211482854246,10.0,-459.8984375,263.57867431640625,0.5776041746139526,2052.894269088505,3.760692725883917,-459.8984375,263.57867431640625,2054.62109375,10.5304536819458,9.0,9.0,2.6583688259124756,-0.1161327064037323,3.340827226638794,-0.11771345883607864,0.4936541100576401,2052.894269088505,9.542758869496716,-458.0158501601487,262.93562101971656,8.785799471482548,-450.6020438865953,264.5531662818377,0.8207771583265685,-4.189540016990385,131.86313585643745,187.54102406091988
927,/yh/study/new_data/model_dataset_flight/vi/vi_000927.jpg,3,18,-452.7701721191406,270.2725830078125,2052.894269088505,9.542758869496716,2058.4926209383193,10.0,-466.678955078125,262.7655334472656,0.6496016383171082,2054.9328660690153,9.405865716306103,-459.5386962890625,264.065673828125,2054.748779296875,9.938608169555664,9.0,9.0,2.6285719871520996,-0.11423318833112717,3.3115756511688232,-0.11584412306547165,0.4906170237545116,2054.7503562617358,9.860882093131234,-459.4813801005783,264.1181961647926,9.105865691061394,-451.80852013586167,266.13680760906647,0.9616519832789721,-4.135775398746022,131.8644831646121,183.9718429837376
928,/yh/study/new_data/model_dataset_flight/vi/vi_000928.jpg,3,18,-454.0604553222656,271.7755432128906,2054.7503562617358,9.860882093131234,2061.4371313221113,10.0,-469.4660949707031,264.2344665527344,0.694679856300354,2056.9135446677406,9.724847082912614,-462.15936279296875,266.67828369140625,2058.441650390625,10.17836856842041,9.0,9.0,2.618187189102173,-0.11407487839460373,3.301640033721924,-0.11555516719818115,0.48832992423876226,2056.9135446677406,10.0,-461.0155635294901,265.64954167718923,9.268302163266872,-452.96065288352634,267.6981337181861,1.099802438739316,-4.077409494704516,131.8642959213793,197.7706589968875
929,/yh/study/new_data/model_dataset_flight/vi/vi_000929.jpg,3,18,-455.35009765625,273.2777099609375,2056.9135446677406,10.0,2061.2521528629277,10.0,-469.16998291015625,264.248779296875,0.6851230263710022,2058.8932042508272,9.86430874466896,-461.9337463378906,266.7958679199219,2058.380615234375,9.931343078613281,9.0,9.0,2.601384401321411,-0.11284037679433823,3.2846717834472656,-0.11438030004501343,0.486354825629865,2058.385006287885,9.921562901097042,-461.9292840238395,266.8055981361256,9.22897203009879,-454.11501228348385,269.26313785235965,1.2350853727661477,-4.014572108577854,131.86337373911962,203.37172597646713
930,/yh/study/new_data/model_dataset_flight/vi/vi_000930.jpg,3,18,-456.6407165527344,274.7810363769531,2058.385006287885,9.921562901097042,2065.5526308991507,10.0,-469.4572448730469,269.7265319824219,0.6448402404785156,2060.8743795418973,9.786885163145763,-467.28033447265625,267.2948303222656,2062.2890625,13.613727569580078,9.0,9.0,2.5770957469940186,-0.11071321368217468,3.2598888874053955,-0.11244407296180725,0.48515260561423695,2060.8743795418973,10.0,-463.6335274342395,268.6218266389258,9.318544340266186,-455.27335279715453,270.8336392829397,1.3673637555798415,-3.9473970940134344,131.86208304680991,201.42926590051502
931,/yh/study/new_data/model_dataset_flight/vi/vi_000931.jpg,3,18,-457.9073181152344,276.27301025390625,2060.8743795418973,10.0,2065.553660512109,10.0,-470.0708923339844,269.1874084472656,0.6572017073631287,2062.831161113547,9.867344975471497,-466.946533203125,272.7873229980469,2066.18994140625,9.732904434204102,9.0,9.0,2.6368892192840576,-0.11452370882034302,3.319309949874878,-0.11621043086051941,0.49159950377793565,2062.831161113547,9.752519044831343,-464.7411726004944,270.2538079893066,9.10672076149642,-456.4108113453499,272.39698819004184,1.4965067698844952,-3.876022063864415,131.86082330379486,181.87973799649626
932,/yh/study/new_data/model_dataset_flight/vi/vi_000932.jpg,3,18,-459.17364501953125,277.7646789550781,2062.831161113547,9.752519044831343,2069.2362153974445,10.0,-472.9451599121094,271.5631103515625,0.6409765481948853,2064.7875321367387,9.618001911595412,-467.0753173828125,273.3521728515625,2066.698974609375,9.456201553344727,9.0,9.0,2.6321022510528564,-0.11469937115907669,3.3152735233306885,-0.11621195077896118,0.48986372859425326,2064.7875321367387,9.479807907473598,-465.82961320645757,271.9021574644223,8.869671399424918,-457.5512551323097,273.9640908560265,1.6223898872215794,-3.800588099051666,131.86226089853258,178.51886700373143
933,/yh/study/new_data/model_dataset_flight/vi/vi_000933.jpg,3,18,-460.43975830078125,279.2560729980469,2064.7875321367387,9.479807907473598,2074.847952253098,10.0,-474.93463134765625,277.2889404296875,0.6148626804351807,2066.743555854396,9.344327056538615,-467.6888122558594,273.7471618652344,2067.40087890625,9.65550708770752,9.0,9.0,2.602614402770996,-0.11306162178516388,3.2864928245544434,-0.11452145129442215,0.4858651864437397,2066.743555854396,9.610106533017614,-467.22025035996256,273.28387191507727,9.035610568193173,-458.6948633702944,275.5348335403501,1.7448949304868373,-3.7212394576967593,131.8625877871174,222.55584597587585
934,/yh/study/new_data/model_dataset_flight/vi/vi_000934.jpg,3,18,-461.7334899902344,280.73309326171875,2066.743555854396,9.610106533017614,2074.8383768233484,10.0,-475.11181640625,277.1201171875,0.5979081392288208,2068.7070479540175,9.47532700523422,-470.2630920410156,281.3038330078125,2074.773193359375,6.592617511749268,9.0,9.0,2.632552146911621,-0.11539100855588913,3.3163952827453613,-0.11670258641242981,0.49008229464769365,2068.7070479540175,7.01319915872209,-466.569277175396,276.4737720779227,6.444117833102293,-459.8695798674565,277.09496997652604,1.8639101227779216,-3.638123285192726,131.86140077494485,197.93569401372224
935,/yh/study/new_data/model_dataset_flight/vi/vi_000935.jpg,3,18,-463.0269775390625,282.2098388671875,2068.7070479540175,7.01319915872209,2078.9363519193034,10.0,-476.48492431640625,281.3716125488281,0.6657330989837646,2070.670172577125,6.877066203170942,-471.61846923828125,281.36810302734375,2075.71728515625,7.567237854003906,9.0,9.0,2.6302313804626465,-0.11519549787044525,3.3138794898986816,-0.11651993542909622,0.48875761147468144,2070.670172577125,7.466543167197168,-468.2070270914626,277.64729424997347,6.902878149684302,-461.04764741629117,278.65844954132245,1.9793301227713465,-3.551389325865022,131.86210519156387,170.24542507715523
936,/yh/study/new_data/model_dataset_flight/vi/vi_000936.jpg,3,18,-464.32049560546875,283.68658447265625,2070.670172577125,7.466543167197168,2078.9629719572504,10.0,-476.4771423339844,281.4139404296875,0.666581392288208,2072.633317371212,7.329963072502077,-471.59515380859375,281.3517761230469,2075.689453125,7.560533046722412,9.0,9.0,2.6260666847229004,-0.11525927484035492,3.3100361824035645,-0.11649797856807709,0.48635226430892625,2072.633317371212,7.526893340841804,-469.54988037701156,279.08058580422886,6.968621730471439,-462.22943955860944,280.22539483579703,2.0910560468593027,-3.4611896368592205,131.86209942859176,190.9152059815824
937,/yh/study/new_data/model_dataset_flight/vi/vi_000937.jpg,3,18,-465.5886535644531,285.1946105957031,2072.633317371212,7.526893340841804,2080.8441681226873,10.0,-479.3961181640625,281.34979248046875,0.645232081413269,2074.603173570087,7.389963679806266,-472.21356201171875,285.27923583984375,2079.04541015625,5.428693771362305,9.0,9.0,2.64009428024292,-0.11598799377679825,3.3239057064056396,-0.11723623424768448,0.48782203564094834,2074.603173570087,5.71483919465794,-469.49208224363167,281.75650303925823,5.201666946577513,-463.38965808614586,281.82693229082787,2.19899547830727,-3.3676783048752648,131.861253819156,218.3748420793563
938,/yh/study/new_data/model_dataset_flight/vi/vi_000938.jpg,3,18,-466.9836120605469,286.8533935546875,2074.603173570087,5.71483919465794,2084.2122908888764,9.47954652389776,-478.66845703125,286.4790344238281,0.6504918336868286,2076.7699709519143,5.577284027578968,-476.5517578125,285.62744140625,2082.174072265625,8.454007148742676,9.0,9.0,2.6456305980682373,-0.11645795404911041,3.3293042182922363,-0.1176791861653328,0.4881632249343316,2076.7699709519143,8.03429890172082,-472.6648205527139,281.8494323062483,7.5707171461726075,-464.68054959682325,283.5823823883394,2.3030624637236086,-3.2710111663481025,131.86121860099308,204.41531704273075
939,/yh/study/new_data/model_dataset_flight/vi/vi_000939.jpg,3,18,-468.2522888183594,288.36199951171875,2076.7699709519143,8.03429890172082,2083.98849776049,9.080070962240782,-478.22076416015625,286.57513427734375,0.6546082496643066,2078.7406051757607,7.896136169596492,-476.449951171875,285.6910095214844,2082.154541015625,8.335593223571777,9.0,9.0,2.6493043899536133,-0.11647982895374298,3.3324975967407227,-0.1177581176161766,0.48901128896932394,2078.7406051757607,8.271477303479077,-474.1453192987105,283.171467215605,7.8529888424310945,-465.8491113212006,285.1906539800628,2.403177497158748,-3.1713455316559394,131.86131513077595,189.1113390447572
940,/yh/study/new_data/model_dataset_flight/vi/vi_000940.jpg,3,18,-469.551513671875,289.889404296875,2078.7406051757607,8.271477303479077,2085.8485515804596,9.841493342120224,-480.0215759277344,287.4676818847656,0.67140793800354,2080.7455375439026,8.133100009534719,-475.7276611328125,291.1552734375,2085.777587890625,4.181898593902588,9.0,9.0,2.6719565391540527,-0.117829330265522,3.3546054363250732,-0.11908889561891556,0.4925599991299687,2080.7455375439026,4.758371111394778,-472.834203764372,286.99803813135975,4.374477402669282,-467.0522461796939,286.8205643829613,2.499267492181093,-3.068839913913664,131.86167467620274,196.49875001050532
941,/yh/study/new_data/model_dataset_flight/vi/vi_000941.jpg,3,18,-470.8517150878906,291.4179992675781,2080.7455375439026,4.758371111394778,2087.7427772365722,5.495493139746598,-478.01226806640625,291.7616882324219,0.6234818696975708,2082.752008520992,4.619033392907992,-475.68756103515625,291.3199462890625,2085.874755859375,4.042963981628418,9.0,9.0,2.6631476879119873,-0.11703523993492126,3.3459997177124023,-0.11836065351963043,0.49275529985154876,2082.752008520992,4.127011376037809,-473.6866219172037,288.9210368807238,3.777766256963371,-468.2604493455905,288.45434550468974,2.591265742300155,-2.9636537628883795,131.8631504239503,175.80999806523323
942,/yh/study/new_data/model_dataset_flight/vi/vi_000942.jpg,3,18,-472.1534729003906,292.9483642578125,2082.752008520992,4.127011376037809,2089.157660619682,5.458398608108951,-478.91961669921875,292.84796142578125,0.6343303918838501,2084.760836473959,3.9879256361868114,-477.3464660644531,291.875244140625,2087.387939453125,4.920806407928467,9.0,9.0,2.6544833183288574,-0.11637048423290253,3.33736515045166,-0.1177377998828888,0.49411589487855645,2084.760836473959,4.784700937607883,-475.50792477235,289.99379091304206,4.470106375794629,-469.4743610302571,290.0924170532644,2.679111870133489,-2.855947204548128,131.86417804725525,154.32813903316855
943,/yh/study/new_data/model_dataset_flight/vi/vi_000943.jpg,3,18,-473.5220031738281,294.5506286621094,2084.760836473959,4.784700937607883,2090.0989933157516,7.178150261328439,-480.83233642578125,292.41766357421875,0.6009235382080078,2086.8677532016627,4.646296300032733,-477.2317199707031,296.6790771484375,2090.9169921875,1.659544825553894,9.0,9.0,2.697406053543091,-0.11889593303203583,3.3785934448242188,-0.12024184316396713,0.49968388643429196,2086.8677532016627,2.095305992981212,-474.8823454979374,293.35245044283766,1.812777505349239,-470.7592514080922,291.8047478753789,2.7627517657358993,-2.7458807867304627,131.86532221066292,159.12922692950815
944,/yh/study/new_data/model_dataset_flight/vi/vi_000944.jpg,3,18,-474.7676086425781,296.00897216796875,2086.8677532016627,2.095305992981212,2093.1614279648725,3.3187937726578256,-479.9603576660156,297.26666259765625,0.6210827231407166,2088.7854202768085,1.9554920184815097,-476.923583984375,296.689208984375,2090.720947265625,1.421617031097412,9.0,9.0,2.67584228515625,-0.11757020652294159,3.357837677001953,-0.11893279105424881,0.4999155792575435,2088.7854202768085,1.4995083420252264,-475.70275404540945,295.1853038650233,1.2461646751989162,-471.9254711280466,293.3753569365774,2.842137514531528,-2.633615231391338,131.8680146925781,187.40401999093592
945,/yh/study/new_data/model_dataset_flight/vi/vi_000945.jpg,3,18,-476.0137634277344,297.46795654296875,2088.7854202768085,1.4995083420252264,2093.036095647081,3.184855725659096,-479.7770080566406,297.2611389160156,0.6298031210899353,2090.7039313498326,1.3601621745800436,-479.7770080566406,297.2611389160156,2093.0361328125,3.1848556995391846,9.0,9.0,2.689385175704956,-0.11830216646194458,3.37038516998291,-0.11969376355409622,0.5046984725846978,2090.7039313498326,2.918636502050714,-478.0357586574301,295.68699994053503,2.694489029234403,-473.0965361124257,294.9486453491013,2.9172273153086667,-2.5193111938674475,131.86984587696674,171.3909109821543
946,/yh/study/new_data/model_dataset_flight/vi/vi_000946.jpg,3,18,-477.16741943359375,298.8033752441406,2090.7039313498326,2.918636502050714,2098.5911882777427,3.370294648350655,-483.9710998535156,301.7423095703125,0.5782545804977417,2092.4685781798626,2.7791329336398407,-479.707275390625,301.7991638183594,2096.3955078125,0.13306206464767456,9.0,9.0,2.6710681915283203,-0.11715073883533478,3.3529090881347656,-0.11856436729431152,0.5034613545712793,2092.4685781798626,0.5191186015976199,-477.40148094954645,298.59721580514224,0.31190785103649754,-474.1794340448371,296.4002462145841,2.987985388756654,-2.4031290295565277,131.87271018082822,168.88142901007086
947,/yh/study/new_data/model_dataset_flight/vi/vi_000947.jpg,3,18,-478.322509765625,300.14044189453125,2092.4685781798626,0.5191186015976199,2096.1217299479067,0.16200853186265457,-479.548095703125,301.57464599609375,0.6339397430419922,2094.235409697995,0.3803823833835849,-479.548095703125,301.57464599609375,2096.121826171875,0.16200853884220123,9.0,9.0,2.6007699966430664,-0.11066263914108276,3.2822017669677734,-0.11271090060472488,0.5109918515746299,2094.235409697995,0.19386885338328616,-478.3252170610138,300.13805733124093,0.0036077126282138424,-475.2681278885859,297.85521332613865,3.054381877039065,-2.2852285683926072,131.87413897102522,133.54135490953922
948,/yh/study/new_data/model_dataset_flight/vi/vi_000948.jpg,3,18,-479.4757995605469,301.4754333496094,2094.235409697995,0.19386885338328616,2098.5911882777427,-5.345505498370402,-479.3179931640625,309.6459655761719,0.6343315839767456,2095.999493862772,0.06086585693858401,-478.6593017578125,301.8910217285156,2101.49658203125,-0.13647408783435822,9.0,9.0,2.663266658782959,-0.11384637653827667,3.343844413757324,-0.11608998477458954,0.5198105329276155,2095.999493862772,-0.10768257791159011,-479.2649209371294,301.6611734894334,0.28101457854763734,-476.3594068256319,299.3096644521476,3.1163927349150216,-2.1657688974617533,131.87770336927662,163.02296798676252
949,/yh/study/new_data/model_dataset_flight/vi/vi_000949.jpg,3,18,-480.0034484863281,302.1618957519531,2095.999493862772,-0.10768257791159011,2098.5911882777427,-5.22907773382068,-479.59918212890625,309.7890625,0.6283446550369263,2096.8633843873895,-0.24041632527468063,-477.025390625,309.77362060546875,2098.7412109375,7.427488803863525,9.0,9.0,2.6091248989105225,-0.10890495777130127,3.289397954940796,-0.11167795211076736,0.52682737836104,2096.8633843873895,6.308756522538303,-484.65093684919424,298.06842660671396,6.193192853932536,-476.8294488733966,300.1169875998775,3.1739996129315258,-2.044908152075617,131.88310679596202,173.4920119633898
950,/yh/study/new_data/model_dataset_flight/vi/vi_000950.jpg,3,18,-480.5308532714844,302.84808349609375,2096.8633843873895,6.308756522538303,2098.5911882777427,7.77067822653903,-489.46710205078125,301.3246154785156,0.5420132875442505,2097.7269074354936,6.180288530590175,-478.6059265136719,308.40167236328125,2098.59130859375,5.429418563842773,9.0,9.0,2.500936508178711,-0.09968765079975128,3.1766481399536133,-0.10314638912677765,0.5347094700240876,2097.7269074354936,5.538969015593384,-484.6440303103864,299.2252313266979,5.481175347920125,-477.30366353826145,300.9252801805061,3.2271897332229367,-1.9228033155876745,131.88907488719275,197.2332529257983
951,/yh/study/new_data/model_dataset_flight/vi/vi_000951.jpg,3,18,-481.0587463378906,303.53485107421875,2097.7269074354936,5.538969015593384,2098.5911882777427,6.985157588572885,-488.6704406738281,301.60858154296875,0.5384576916694641,2098.5911882777427,5.419726593310688,-480.64764404296875,308.97845458984375,2098.59130859375,4.8463873863220215,9.0,9.0,2.470308303833008,-0.0967898890376091,3.14339280128479,-0.10054627060890198,0.5359044863245753,2098.5911882777427,4.930036449293633,-484.7583332170802,300.2762856022234,4.930029615727639,-477.7827905794273,301.73524104601165,3.2759557584633665,-1.7996100282070966,131.89571287057063,184.38695406075567
952,/yh/study/new_data/model_dataset_flight/vi/vi_000952.jpg,3,18,-480.9981384277344,303.5174560546875,2098.5911882777427,4.930036449293633,2098.5911882777427,3.993483649424372,-483.19122314453125,309.5482177734375,0.57496178150177,2098.6518851864366,4.8167888461156085,-480.02001953125,309.0569152832031,2098.59130859375,5.243158340454102,9.0,9.0,2.460550546646118,-0.09617504477500916,3.1330907344818115,-0.09995163977146149,0.5369253861620807,2098.591827518369,5.180951869578999,-484.9460811434137,300.1101037416142,5.21500733189242,-477.67784277320857,301.84197364965445,3.320295654525824,-1.6754824050330595,131.90012672199012,229.18045101687312
953,/yh/study/new_data/model_dataset_flight/vi/vi_000953.jpg,3,18,-480.9313659667969,303.4983215332031,2098.591827518369,5.180951869578999,2098.5911882777427,3.6601364086465673,-483.843017578125,309.55926513671875,0.5781832933425903,2098.718742290271,5.070608860345525,-480.59637451171875,309.2489013671875,2098.59130859375,5.103383541107178,9.0,9.0,2.488865613937378,-0.0995744839310646,3.164531946182251,-0.10290950536727905,0.5340704204498683,2098.5924002444926,5.098601779627258,-484.88379694388453,300.16423291509795,5.170866227434292,-477.571153419388,301.94774866970226,3.360212547408874,-1.5505728635008638,131.90247281774677,232.322053052485
954,/yh/study/new_data/model_dataset_flight/vi/vi_000954.jpg,3,18,-480.8647155761719,303.47918701171875,2098.5924002444926,5.098601779627258,2098.5911882777427,3.534580959759763,-484.00537109375,309.51202392578125,0.5826115012168884,2098.7854955636117,4.986619553255493,-480.7991638183594,309.194580078125,2098.59130859375,4.95054292678833,9.0,9.0,2.497692346572876,-0.10040715336799622,3.174288511276245,-0.10363564640283585,0.5366430538894359,2098.5929720811605,4.9558064356542335,-484.77615424870044,300.25831461472984,5.066889725130899,-477.469001001176,302.0541550513193,3.395714574995855,-1.425031960399465,131.9018531683771,203.69163597933948
955,/yh/study/new_data/model_dataset_flight/vi/vi_000955.jpg,3,18,-480.19537353515625,302.9892272949219,2098.5929720811605,4.9558064356542335,2098.5911882777427,2.911080075636083,-484.6651611328125,309.1868896484375,0.5680477023124695,2099.6124677828498,4.842637838432859,-478.2334899902344,308.7945556640625,2098.59130859375,5.959441184997559,9.0,9.0,2.4972734451293945,-0.1003279983997345,3.1738333702087402,-0.10357058048248291,0.5395349986727016,2098.6000562736604,5.796501772647996,-485.4010026085096,299.6989217002809,6.1583021162872,-476.7685588009405,301.69021905633457,3.4268147342157214,-1.2990082385873174,131.8179748398337,201.73881796654314
956,/yh/study/new_data/model_dataset_flight/vi/vi_000956.jpg,3,18,-479.4656066894531,302.4550476074219,2098.6000562736604,5.796501772647996,2098.5911882777427,-5.476520380957978,-488.65899658203125,301.794921875,0.5610949993133545,2100.5140890189286,5.683045724576612,-478.15582275390625,309.1978759765625,2098.59130859375,6.343338489532471,9.0,9.0,2.5319252014160156,-0.10290732979774475,3.2105274200439453,-0.10604025423526764,0.5423772111410732,2098.607779941094,6.2470030734258515,-485.7324989267399,299.3970971387159,6.973162796237028,-476.01207596527854,301.2823995239185,3.4535307241746103,-1.1726480835033508,131.59404906342016,177.37403698265553
957,/yh/study/new_data/model_dataset_flight/vi/vi_000957.jpg,3,18,-478.6358337402344,301.84967041015625,2098.607779941094,6.2470030734258515,2098.5911882777427,-5.236295330494021,-488.42266845703125,301.9312438964844,0.5424376726150513,2101.5382123573763,6.131566266151033,-479.1606750488281,301.80706787109375,2096.0400390625,-0.2823413908481598,9.0,9.0,2.500279426574707,-0.10210666060447693,3.1772093772888184,-0.10495133697986603,0.5334558635071258,2096.087138731767,0.6534351249641146,-479.89400795665955,301.22387347508334,1.4052132090269271,-475.15994895440633,300.8035748206207,3.475884785828015,-1.0460955895355115,131.15835269838252,177.17706295661628
958,/yh/study/new_data/model_dataset_flight/vi/vi_000958.jpg,3,18,-477.80670166015625,301.2447509765625,2096.087138731767,0.6534351249641146,2098.5911882777427,-3.0069499009283773,-481.7664489746094,308.8876953125,0.5694831609725952,2100.18763359337,0.5373565842813219,-480.1829833984375,301.6956481933594,2096.632080078125,0.5584622621536255,9.0,9.0,2.562650203704834,-0.10765054076910019,3.2424144744873047,-0.110018789768219,0.5298278057582325,2096.6625384477775,0.5553829852510889,-480.2007455070963,301.7204730425814,2.440851782712103,-474.3127981213957,300.3252585402819,3.4939035387605535,-0.9194924362806277,131.69303819440762,192.98034999519587
959,/yh/study/new_data/model_dataset_flight/vi/vi_000959.jpg,3,18,-476.9022521972656,300.58489990234375,2096.6625384477775,0.5553829852510889,2098.5911882777427,-4.039462464684635,-480.7513122558594,309.29730224609375,0.5987122058868408,2100.8138460306327,0.43457292355789734,-479.7933349609375,301.6002502441406,2096.302978515625,0.3291172385215759,9.0,9.0,2.5609097480773926,-0.10769154876470566,3.2408900260925293,-0.11000601202249527,0.5292980392107335,2096.3416205075505,0.3445030156161678,-479.83038244148366,301.6190339693267,3.105379203189062,-473.39463438162875,299.7919221276478,3.5076178156368782,-0.7929777746959427,131.4853579703089,182.363071013242
960,/yh/study/new_data/model_dataset_flight/vi/vi_000960.jpg,3,18,-475.5808410644531,299.6831970214844,2096.3416205075505,0.3445030156161678,2098.5911882777427,-6.325548256705788,-478.27630615234375,309.946044921875,0.6687401533126831,2100.511751237226,0.22174248132966878,-477.89080810546875,302.1336975097656,2102.0224609375,0.47405073046684265,9.0,9.0,2.6638331413269043,-0.11356747150421143,3.3428544998168945,-0.11602800339460373,0.5367592738270319,2102.0095195616236,0.4372394530187443,-478.48442489066787,301.454273122044,3.401104172151947,-472.0637785695714,299.0165088983713,3.5170624948817073,-0.6666881231130751,131.59163474059142,180.10918598156422
961,/yh/study/new_data/model_dataset_flight/vi/vi_000961.jpg,3,18,-474.3531494140625,298.8454284667969,2102.0095195616236,0.4372394530187443,2098.5911882777427,7.755149085118935,-477.6107482910156,310.5207214355469,0.697257399559021,2106.2795786703578,0.3095587043176487,-474.9042663574219,301.84173583984375,2104.71630859375,1.7961770296096802,9.0,9.0,2.797278881072998,-0.12194003164768219,3.468029022216797,-0.12435167282819748,0.533678431624533,2104.729700223958,1.579282339012386,-477.0920476252643,299.34771313169,2.7845741677878038,-470.8308730819229,298.3046711937425,3.5222763321396227,-0.5407572730543851,124.28818626482571,175.8480869466439
962,/yh/study/new_data/model_dataset_flight/vi/vi_000962.jpg,3,18,-473.13385009765625,298.0133972167969,2104.729700223958,1.579282339012386,2101.817073903807,0.4640858610231955,-478.0708312988281,302.2332763671875,0.6150329113006592,2108.2353776489244,1.4430688277838246,-475.173828125,301.8974609375,2104.457763671875,1.7018275260925293,9.0,9.0,2.828840732574463,-0.12395282089710236,3.496652126312256,-0.12632766366004944,0.5321171464298033,2104.4901243050153,1.6640751407934982,-477.35628799529707,299.41323258377594,4.448429032150429,-469.61054830659936,297.59808101203436,3.523301791056908,-0.41531620476252284,113.28658009078778,155.34883190412074
963,/yh/study/new_data/model_dataset_flight/vi/vi_000963.jpg,3,18,-471.3346862792969,296.9286804199219,2104.4901243050153,1.6640751407934982,2101.973343381444,0.4835560993566475,-477.92767333984375,302.16766357421875,0.622144341468811,2109.0084324677046,1.5228296415402252,-472.1199035644531,302.1174011230469,2106.939697265625,3.494800090789795,9.0,9.0,2.883823871612549,-0.12761013209819794,3.5444366931915283,-0.12994185090065002,0.5315937298237982,2106.9574189230907,3.2070934796305566,-476.68642643044575,297.47512429853356,5.379565368864956,-467.81450140537964,296.6381874075982,3.5201848739172106,-0.2904930123236948,103.29238202573501,179.0397739969194
964,/yh/study/new_data/model_dataset_flight/vi/vi_000964.jpg,3,18,-469.53460693359375,295.8433837890625,2106.9574189230907,3.2070934796305566,2101.4233018324076,-0.0045982670103283255,-478.6522216796875,302.04168701171875,0.6032805442810059,2111.559319500636,3.060970666405764,-464.6748046875,301.0262451171875,2113.84619140625,6.481665134429932,9.0,9.0,2.9782721996307373,-0.1341150552034378,3.6245486736297607,-0.13624948263168335,0.5184903854270989,2112.437914001113,5.982592537484624,-468.53085321178395,302.18897785841494,6.424491079225493,-466.0216319809431,295.6769709508235,3.512974952650645,-0.16641283823902128,11.25368319129059,174.80290308594704
965,/yh/study/new_data/model_dataset_flight/vi/vi_000965.jpg,3,18,-467.557861328125,294.65155029296875,2112.437914001113,5.982592537484624,2109.0056123807467,10.0,-466.0790710449219,307.9600524902344,0.6847048997879028,2114.7460147268657,5.828814982853391,-465.05078125,285.59930419921875,2074.55126953125,-0.15794460475444794,9.0,9.0,2.7829055786132812,-0.1187005564570427,3.4546799659729004,-0.1218177080154419,0.524794489948462,2074.895594655879,0.715511847613385,-465.93377241941084,285.2803099592209,9.510931088819358,-464.0561367274016,294.6083524757006,3.501724600723394,-0.04319781726812623,-23.055390283031308,200.64628403633833
966,/yh/study/new_data/model_dataset_flight/vi/vi_000966.jpg,3,18,-465.18170166015625,293.2563171386719,2074.895594655879,0.715511847613385,2082.1058704212687,8.244955473847737,-476.3497314453125,285.71435546875,0.6391753554344177,2079.489042817958,0.5710260014515427,-470.1981201171875,296.7980041503906,2111.37158203125,-0.019206196069717407,9.0,9.0,2.9224050045013428,-0.13038989901542664,3.578943967819214,-0.13262516260147095,0.5111712507620485,2111.098462765667,0.06690752100476227,-470.4503987882709,297.0177082328002,6.473579565494761,-461.69521223375693,293.3353501093266,3.486489426399338,0.07903297065471913,131.90001647671713,168.39819203596562
967,/yh/study/new_data/model_dataset_flight/vi/vi_000967.jpg,3,18,-462.8042907714844,291.8603515625,2111.098462765667,0.06690752100476227,2110.776432470511,5.075422506729083,-468.02532958984375,301.4443359375,0.6580661535263062,2115.763908570263,-0.08368139374724426,-458.6595764160156,283.6524658203125,2068.865966796875,-3.6672375202178955,9.0,9.0,2.7433977127075195,-0.11592476069927216,3.4187982082366943,-0.119150310754776,0.5167408431433708,2069.267714327986,-3.144403727531931,-459.31740051579055,283.6083027626704,8.95849948652237,-459.3369628636347,292.06051510115924,3.4673279078496746,0.20016353865922965,-25.891183615130398,198.7078789388761
968,/yh/study/new_data/model_dataset_flight/vi/vi_000968.jpg,3,18,-460.4295349121094,290.4659423828125,2069.267714327986,-3.144403727531931,2079.2701217380386,4.333762518978237,-471.5403747558594,286.1715087890625,0.6879180073738098,2073.80641204756,-3.2858398871426795,-467.33026123046875,296.154296875,2114.1494140625,0.9413235783576965,9.0,9.0,2.9145071506500244,-0.130503311753273,3.57293963432312,-0.13257315754890442,0.5029486634967052,2113.803818907484,0.3245887404000225,-468.01127857693757,295.8414706015002,9.29403790766264,-456.98523368154076,290.7860234053958,3.444301230568637,0.32008102258329246,131.89300646147288,202.62839004863054
969,/yh/study/new_data/model_dataset_flight/vi/vi_000969.jpg,3,18,-458.9386901855469,289.5532531738281,2113.803818907484,0.3245887404000225,2117.6607946725517,-1.218108635142858,-465.47906494140625,292.4710693359375,0.5706050395965576,2118.4408123156873,0.17470398002023124,-455.333251953125,281.12750244140625,2064.772705078125,-4.494467258453369,9.0,9.0,2.7428958415985107,-0.12115253508090973,3.421222686767578,-0.1229332908987999,0.497840002162653,2065.232448699418,-3.8132443555165456,-456.1483300796753,281.0222422355971,8.975759419049561,-455.5212170580117,289.9919288761254,3.4174731275351644,0.4386757022973052,-29.6465550672226,160.5140439933166
970,/yh/study/new_data/model_dataset_flight/vi/vi_000970.jpg,3,18,-457.4474792480469,288.6402893066406,2065.232448699418,-3.8132443555165456,2076.060588509525,2.6368923320296194,-468.1456298828125,284.88458251953125,0.6585073471069336,2069.760202052537,-3.9595481582451986,-464.67095947265625,289.5013732910156,2119.90966796875,-3.319131374359131,9.0,9.0,2.9501190185546875,-0.13553869724273682,3.6044692993164062,-0.13687670230865479,0.48418501326876945,2119.4800665117027,-3.412566923908809,-465.04267409649685,289.6217604085099,7.658346447486268,-454.0605695255067,289.19613032164574,3.3869097225401936,0.5558410150051263,131.88155879761968,171.28879600204527
971,/yh/study/new_data/model_dataset_flight/vi/vi_000971.jpg,3,18,-455.95648193359375,287.72747802734375,2119.4800665117027,-3.412566923908809,2066.529856683068,2.7080859450778165,-461.89959716796875,277.68548583984375,0.6732226610183716,2124.143512461257,-3.569374391250232,-449.67926025390625,277.2777404785156,2139.1484375,-5.7180399894714355,9.0,9.0,3.0672154426574707,-0.14289957284927368,3.6976752281188965,-0.14416448771953583,0.468019556328936,2128.257408368462,-5.404553903504016,-458.66914387524827,283.3349783838415,5.1626144469511255,-452.6038025565156,288.3989515881839,3.3526793770781524,0.6714735608401448,-31.225442113956714,192.12284195236862
972,/yh/study/new_data/model_dataset_flight/vi/vi_000972.jpg,3,18,-455.8806457519531,287.59454345703125,2128.257408368462,-5.404553903504016,2138.5019357363994,-10.0,-453.66119384765625,272.1913757324219,0.622734785079956,2128.3925597186085,-5.572167931361797,-449.60821533203125,278.07525634765625,2138.7822265625,-5.006048679351807,9.0,9.0,2.943084955215454,-0.1325610876083374,3.59684681892395,-0.1345856636762619,0.47549178328092995,2128.3925597186085,-5.088644365088263,-458.3888254532544,283.5314552702963,4.774898012230719,-452.5657932107734,288.38001655812394,3.314852541179753,0.7854731010926946,-31.23726969324855,186.4852689905092
973,/yh/study/new_data/model_dataset_flight/vi/vi_000973.jpg,3,18,-455.80487060546875,287.461669921875,2128.3925597186085,-5.088644365088263,2141.152016744923,-10.0,-451.1713562011719,271.1702880859375,0.7143861055374146,2128.527626859557,-5.251988897339621,-447.8236083984375,277.16802978515625,2140.775390625,-4.8188395500183105,9.0,9.0,2.8107917308807373,-0.12513688206672668,3.4832823276519775,-0.12692347168922424,0.47754788366451534,2128.527626859557,-4.882035188112722,-458.16605970608015,283.63501241615546,4.4965010435810795,-452.53136899692936,288.3594124713011,3.273501608539406,0.8977425494260677,-31.24233078846785,153.81034999154508
974,/yh/study/new_data/model_dataset_flight/vi/vi_000974.jpg,3,18,-455.7215881347656,287.31561279296875,2128.527626859557,-4.882035188112722,2140.8884265930856,-10.0,-451.6387023925781,270.92449951171875,0.6765042543411255,2128.6760859298415,-5.037762395773397,-447.298828125,277.24090576171875,2141.179931640625,-4.47673225402832,9.0,9.0,2.790689468383789,-0.12327545881271362,3.4646215438842773,-0.12522059679031372,0.48144952250617934,2128.6760859298415,-4.558585448583588,-457.8705414213885,283.8307967716664,4.09413518711982,-452.4928873584982,288.3238007494214,3.2287007762674027,1.0081879564526925,-31.2452221641696,166.04465804994106
975,/yh/study/new_data/model_dataset_flight/vi/vi_000975.jpg,3,18,-456.0074768066406,287.5085144042969,2128.6760859298415,-4.558585448583588,2139.6925832143543,-10.0,-452.9068908691406,271.15655517578125,0.6460779905319214,2128.6760859298415,-4.709600387534127,-448.5217590332031,277.6781311035156,2139.91259765625,-4.760921001434326,9.0,9.0,2.7664618492126465,-0.12146390229463577,3.4424993991851807,-0.12347856163978577,0.48514134647427704,2128.6760859298415,-4.7534334247754275,-457.9730066416315,283.66506622992284,4.316874031210361,-452.82695089706897,288.6252328923564,3.180525909571664,1.1167184880595364,-31.24533977148937,185.21283299196512
976,/yh/study/new_data/model_dataset_flight/vi/vi_000976.jpg,3,18,-456.2934265136719,287.70147705078125,2128.6760859298415,-4.7534334247754275,2137.6892937878147,-10.0,-454.2456359863281,272.78759765625,0.5710510015487671,2128.6760859298415,-4.900958347861594,-446.7917785644531,280.3787841796875,2139.93115234375,-1.5537387132644653,9.0,9.0,2.8460230827331543,-0.1260940283536911,3.5130558013916016,-0.12820658087730408,0.4867086614453834,2128.6760859298415,-2.0420914764826357,-456.54718608493073,285.9712342421591,1.748752154192868,-453.16437210202287,288.92472344866616,3.1290544116490007,1.2232463978848969,-31.244124104538816,186.9413669919595
977,/yh/study/new_data/model_dataset_flight/vi/vi_000977.jpg,3,18,-456.5794372558594,287.89447021484375,2128.6760859298415,-2.0420914764826357,2130.9272518659845,-6.750216128081731,-457.17901611328125,280.7999267578125,0.6304377317428589,2128.6760859298415,-2.1917577262346803,-445.60540771484375,282.7417297363281,2139.670654296875,1.0774509906768799,9.0,9.0,2.9844810962677,-0.13681255280971527,3.6317896842956543,-0.13824285566806793,0.4782120128395933,2128.6760859298415,0.6004798669600917,-455.1575301079702,288.21890850033856,1.45845128074718,-453.50507215682023,289.22215720920525,3.0743650990391447,1.3276869943614789,-31.24278533410064,172.38632298540324
978,/yh/study/new_data/model_dataset_flight/vi/vi_000978.jpg,3,18,-456.72576904296875,288.1207580566406,2128.6760859298415,0.6004798669600917,2130.9968234007433,-5.583825183820811,-456.4967346191406,281.7485046386719,0.6494299173355103,2128.6760859298415,0.4410964358830882,-444.915283203125,283.88494873046875,2139.642822265625,2.412533760070801,9.0,9.0,3.084141492843628,-0.1433897614479065,3.711014986038208,-0.14466281235218048,0.466589752275729,2128.6760859298415,2.1249049308098305,-454.35587667043336,289.51552854544764,2.7498681011729214,-453.7092309603001,289.55071665939244,3.0165380826686627,1.4299586027518205,-31.24488897900415,159.00235495064408
979,/yh/study/new_data/model_dataset_flight/vi/vi_000979.jpg,3,18,-456.8721923828125,288.34716796875,2128.6760859298415,2.1249049308098305,2130.8028184507293,-6.8907738903642235,-457.35931396484375,280.7476501464844,0.6548840403556824,2128.6760859298415,1.955858573535775,-446.73883056640625,281.39324951171875,2139.43359375,-0.668067991733551,9.0,9.0,3.1278836727142334,-0.14610517024993896,3.7442846298217773,-0.1473797708749771,0.45876822518071236,2128.6760859298415,-0.28524226515553774,-455.6233071466394,287.4655457420554,1.5287158283125,-453.916537728028,289.87715049136114,2.9556546547844924,1.5299825226111332,-31.250324155397042,181.85035197529942
980,/yh/study/new_data/model_dataset_flight/vi/vi_000980.jpg,3,18,-457.0185546875,288.5735168457031,2128.6760859298415,-0.28524226515553774,2130.375087038185,-7.246598373046937,-457.9110107421875,280.6755676269531,0.6564038991928101,2128.6760859298415,-0.4607126918341953,-449.4503479003906,280.0535888671875,2137.85791015625,-3.2496891021728516,9.0,9.0,3.153909206390381,-0.1470804065465927,3.7632250785827637,-0.14851441979408264,0.4533897713744447,2128.6760859298415,-2.842782927728429,-456.96824781470616,285.2901954621938,3.2837067604857384,-454.126757505551,290.2011998268246,2.891797181949026,1.6276829811214897,-31.256594535859378,176.43823905382305
981,/yh/study/new_data/model_dataset_flight/vi/vi_000981.jpg,3,18,-456.9674987792969,288.60693359375,2128.6760859298415,-2.842782927728429,2133.507175733702,-10.0,-457.83013916015625,274.94403076171875,0.5461004972457886,2128.6760859298415,-3.021861685491338,-453.4696044921875,283.5406799316406,2132.59716796875,-2.451056718826294,9.0,9.0,2.960230827331543,-0.132874995470047,3.610995054244995,-0.13497966527938843,0.4672110326859357,2128.6760859298415,-2.5343360411176383,-456.8060440351877,285.5525490704591,3.0586487948952557,-454.1424497750551,290.32992067649576,2.8250490042417518,1.7229870827457532,-31.2625527553323,176.81342794094235
982,/yh/study/new_data/model_dataset_flight/vi/vi_000982.jpg,3,18,-456.9164123535156,288.64031982421875,2128.6760859298415,-2.5343360411176383,2133.2746547899733,-10.0,-457.59967041015625,275.743408203125,0.5482057332992554,2128.6760859298415,-2.7028658049354255,-457.42486572265625,282.9910583496094,2129.54833984375,-5.02981424331665,9.0,9.0,2.8198082447052,-0.12342077493667603,3.4900951385498047,-0.12580949068069458,0.46907540752508475,2128.6760859298415,-4.690317041518463,-457.93981546234517,283.71875071048305,5.026847567257154,-454.16091801273257,290.45614457987534,2.7554943407830366,1.815824755656572,-31.261588151194598,171.57704301644117
983,/yh/study/new_data/model_dataset_flight/vi/vi_000983.jpg,3,18,-456.8653869628906,288.6737060546875,2128.6760859298415,-4.690317041518463,2133.042894705363,-10.0,-457.9635925292969,275.6015930175781,0.5550932884216309,2128.6760859298415,-4.847097522856964,-457.60467529296875,282.96112060546875,2129.412353515625,-5.151231288909912,9.0,9.0,2.7252068519592285,-0.11742544174194336,3.403127670288086,-0.11991024762392044,0.46808711116869567,2128.6760859298415,-5.106858770445709,-458.1588633622982,283.36445559414096,5.464542217664526,-454.1821687612216,290.5798347500841,2.6832182016690322,1.9061286953965906,-31.26030861130313,212.8536649979651
984,/yh/study/new_data/model_dataset_flight/vi/vi_000984.jpg,3,18,-456.729248046875,288.6329040527344,2128.6760859298415,-5.106858770445709,2133.996630415952,-10.0,-458.50433349609375,272.9624328613281,0.5624679327011108,2128.6760859298415,-5.25429687936676,-453.6924133300781,283.232177734375,2132.57373046875,-2.830885410308838,9.0,9.0,2.681966543197632,-0.11518871784210205,3.361873149871826,-0.11757444590330124,0.47066444036331767,2128.6760859298415,-3.184456378612352,-457.14792453540014,284.9995805570709,3.6573664878138885,-454.12094174049787,290.62673835896334,2.608306306377158,1.993834306228961,-31.259822814098413,193.47389799077064
985,/yh/study/new_data/model_dataset_flight/vi/vi_000985.jpg,3,18,-456.5930480957031,288.5920715332031,2128.6760859298415,-3.184456378612352,2134.1109655943483,-10.0,-458.357177734375,272.981201171875,0.5580794811248779,2128.6760859298415,-3.3263100985620744,-453.26708984375,283.36810302734375,2132.860595703125,-2.488656520843506,9.0,9.0,2.646026611328125,-0.11309865862131119,3.326773166656494,-0.115458182990551,0.4723521374185455,2128.6760859298415,-2.6108685307965622,-456.8462903778183,285.48745334186407,3.1149294963841974,-454.06220308702876,290.67095117383946,2.5308450086743655,2.0788796406363304,-31.258605012713733,187.74302199017256
986,/yh/study/new_data/model_dataset_flight/vi/vi_000986.jpg,3,18,-456.4568786621094,288.5512390136719,2128.6760859298415,-2.6108685307965622,2133.555342365097,-10.0,-457.106689453125,275.99774169921875,0.5376113653182983,2128.6760859298415,-2.7487870924935685,-451.5869140625,284.08349609375,2133.898193359375,-0.9859246611595154,9.0,9.0,2.6699719429016113,-0.1145266741514206,3.3499913215637207,-0.11687024682760239,0.47756170412541404,2128.6760859298415,-1.2431228236634542,-456.1270303277175,286.65080767297303,1.928844007277809,-454.00595743407746,290.7124443510967,2.4509212280319232,2.1612053374248106,-31.257222699819607,182.05037200823426
987,/yh/study/new_data/model_dataset_flight/vi/vi_000987.jpg,3,18,-456.361328125,288.4794006347656,2128.6760859298415,-1.2431228236634542,2130.988825303814,-7.600429216685376,-457.5814514160156,280.0484619140625,0.6485704779624939,2128.6760859298415,-1.3803347275931646,-452.7408142089844,283.44219970703125,2133.265869140625,-2.1447184085845947,9.0,9.0,2.744739055633545,-0.11991467326879501,3.420928478240967,-0.12202288955450058,0.4858002996466246,2128.6760859298415,-2.0331963324971167,-456.54250837205234,285.9788001253693,2.507155597388249,-453.9927057374769,290.7201551936514,2.368622387523115,2.2407545588858087,-31.254500869435358,181.8908789427951
988,/yh/study/new_data/model_dataset_flight/vi/vi_000988.jpg,3,18,-456.2562255859375,288.4004211425781,2128.6760859298415,-2.0331963324971167,2130.7909605571913,-5.787007607646674,-456.7793273925781,281.68682861328125,0.6694626212120056,2128.6760859298415,-2.1739682281441657,-450.3712158203125,284.4178771972656,2134.746826171875,-0.05348452553153038,9.0,9.0,2.866591453552246,-0.1276765614748001,3.530616283416748,-0.12967549264431,0.4860648093944039,2128.6760859298415,-0.3628589283423025,-455.6641236264581,287.3995278552409,1.1629153464702915,-453.9721892277854,290.7178940700425,2.2840363581521124,2.3174729274643853,-31.249848176589257,170.8538429811597
989,/yh/study/new_data/model_dataset_flight/vi/vi_000989.jpg,3,18,-456.1607360839844,288.32861328125,2128.6760859298415,-0.3628589283423025,2131.2236792719627,-5.264597662833647,-456.1343688964844,281.89703369140625,0.6639555096626282,2128.6760859298415,-0.5110957544045049,-448.66998291015625,284.7316589355469,2136.016845703125,1.1210843324661255,9.0,9.0,2.9636123180389404,-0.13455823063850403,3.6133742332458496,-0.13627852499485016,0.4822069798129632,2128.6760859298415,0.8829524670652815,-455.00898549514915,288.4591693332099,1.159126525270494,-453.9634846744479,290.7199217436247,2.1972514095364706,2.391308462374693,-31.246731369171908,193.2403219398111
990,/yh/study/new_data/model_dataset_flight/vi/vi_000990.jpg,3,18,-456.13690185546875,288.2544250488281,2128.6760859298415,0.8829524670652815,2130.87818253366,-6.307821684163155,-456.9840087890625,281.2000427246094,0.6226425170898438,2128.6760859298415,0.72613166318459,-448.2582702636719,285.2264404296875,2136.100341796875,1.7593225240707397,9.0,9.0,3.0379860401153564,-0.1398431658744812,3.674056053161621,-0.14135386049747467,0.47559236848862896,2128.6760859298415,1.6085820089786549,-454.6273967700306,289.0763632062837,1.7187751271312675,-454.02854568863114,290.71663656542523,2.108356166837627,2.46221151659708,-31.246055660691752,209.21407407149673
991,/yh/study/new_data/model_dataset_flight/vi/vi_000991.jpg,3,18,-456.1130676269531,288.1802062988281,2128.6760859298415,1.6085820089786549,2130.92045258217,-6.465713741735778,-457.0326843261719,281.04400634765625,0.6348370313644409,2128.6760859298415,1.4438251893728276,-450.00909423828125,284.4278869628906,2135.047607421875,0.14854393899440765,9.0,9.0,3.0727148056030273,-0.1415640115737915,3.7009687423706055,-0.14318861067295074,0.47157333577060534,2128.6760859298415,0.3375229265782691,-455.29581196923067,287.9952469718154,0.8379240793343791,-454.09562805314374,290.7103410135079,2.0174395738093636,2.530134714679748,-31.24793156147512,198.0558290379122
992,/yh/study/new_data/model_dataset_flight/vi/vi_000992.jpg,3,18,-456.0892333984375,288.1059875488281,2128.6760859298415,0.3375229265782691,2130.900385916449,-6.1315750114176595,-456.87103271484375,281.3371276855469,0.6466574668884277,2128.6760859298415,0.16804151500199804,-457.5394592285156,282.95672607421875,2129.4697265625,-5.120084762573242,9.0,9.0,2.9425086975097656,-0.13230973482131958,3.595721960067749,-0.13428999483585358,0.4777130355042121,2128.6760859298415,-4.34855753645164,-457.7600934881106,284.00943881013757,4.424193147651857,-454.1646425366297,290.70102044058655,1.9245908618077867,2.5950328917584473,-31.250557555767585,199.8870549723506
993,/yh/study/new_data/model_dataset_flight/vi/vi_000993.jpg,3,18,-456.1130676269531,288.0799865722656,2128.6760859298415,-4.34855753645164,2135.325886293155,-10.0,-456.42095947265625,273.7696533203125,0.5238378643989563,2128.6760859298415,-4.512304891793551,-458.0633544921875,282.5182800292969,2129.26123046875,-5.77067756652832,9.0,9.0,2.831441879272461,-0.12525230646133423,3.5002808570861816,-0.12733128666877747,0.4769907429994833,2128.6760859298415,-5.587083467559392,-458.41140039305196,282.95599408087935,5.615837653948559,-454.2831681023707,290.73684960646,1.8298995245823906,2.6568630341943615,-31.25011556782309,166.24217189382762
994,/yh/study/new_data/model_dataset_flight/vi/vi_000994.jpg,3,18,-456.13690185546875,288.05401611328125,2128.6760859298415,-5.587083467559392,2134.500734806908,-10.0,-456.7162170410156,274.84649658203125,0.5255515575408936,2128.6760859298415,-5.743044355229909,-457.7400207519531,282.8724365234375,2129.34521484375,-5.298529624938965,9.0,9.0,2.75014591217041,-0.12024335563182831,3.4263830184936523,-0.12235923111438751,0.47363215755768817,2128.6760859298415,-5.363383450061465,-458.2937626735885,283.14626511069736,5.360789913072832,-454.4034465568249,290.76960033549807,1.7334552986438476,2.7155842222168465,-31.250081096712123,218.09288300573826
995,/yh/study/new_data/model_dataset_flight/vi/vi_000995.jpg,3,18,-456.1607360839844,288.0280456542969,2128.6760859298415,-5.363383450061465,2134.071124308137,-10.0,-456.390625,276.16497802734375,0.5224505662918091,2128.6760859298415,-5.512480579764033,-457.754638671875,282.8968505859375,2129.31982421875,-5.285710334777832,9.0,9.0,2.697957992553711,-0.11708933115005493,3.3772244453430176,-0.11920492351055145,0.47147088293305517,2128.6760859298415,-5.318795667634396,-458.27031517859353,283.18418984299996,5.283300396252984,-454.52538793500275,290.7992032292392,1.6353481489816035,2.771157574942336,-31.25123417138224,224.5710960123688
996,/yh/study/new_data/model_dataset_flight/vi/vi_000996.jpg,3,18,-456.1437072753906,288.06146240234375,2128.6760859298415,-5.318795667634396,2133.8937258057936,-9.590642656251916,-456.19024658203125,276.81365966796875,0.5308998227119446,2128.6760859298415,-5.462788762197881,-457.5350341796875,283.01641845703125,2129.441650390625,-5.067270755767822,9.0,9.0,2.6688311100006104,-0.11564330756664276,3.3494460582733154,-0.11765474826097488,0.46876538096978965,2128.6760859298415,-5.124976055218813,-458.16839074672765,283.34904569623467,5.128958409962136,-454.608039015509,290.88500860046855,1.5356682598816132,2.823546198124806,-31.252740121372522,197.8808749699965
997,/yh/study/new_data/model_dataset_flight/vi/vi_000997.jpg,3,18,-456.1266784667969,288.0948486328125,2128.6760859298415,-5.124976055218813,2134.090435446621,-9.642801444530052,-456.0518798828125,276.6644287109375,0.5240833759307861,2128.6760859298415,-5.265930355980036,-457.48321533203125,283.0527038574219,2129.466064453125,-5.008904933929443,9.0,9.0,2.649632453918457,-0.11490850150585175,3.331260919570923,-0.11678636819124222,0.4683300097710542,2128.6760859298415,-5.0464044376304695,-458.1270720825137,283.4158758322365,5.088650222439195,-454.6921724362215,290.96756376778717,1.434506030575366,2.8727151349746425,-31.254665914553346,199.90730797871947
998,/yh/study/new_data/model_dataset_flight/vi/vi_000998.jpg,3,18,-456.1096496582031,288.12823486328125,2128.6760859298415,-5.0464044376304695,2133.999931821123,-10.0,-456.44189453125,276.21710205078125,0.5264872312545776,2128.6760859298415,-5.1856004162719795,-457.8243103027344,282.876708984375,2129.271728515625,-5.339974880218506,9.0,9.0,2.6281867027282715,-0.11381648480892181,3.3104233741760254,-0.11562752723693848,0.4663924238417391,2128.6760859298415,-5.317451949467449,-458.2696085539695,283.1853327603867,5.394228733581805,-454.7776975827738,291.04686618364644,1.3319520754293346,2.9186313203651855,-31.256070052036314,188.8297670520842
999,/yh/study/new_data/model_dataset_flight/vi/vi_000999.jpg,3,18,-456.0858154296875,288.14678955078125,2128.6760859298415,-5.317451949467449,2133.7176638662754,-9.400883227486258,-456.23760986328125,277.0681457519531,0.5353896617889404,2128.6760859298415,-5.45518497680643,-457.5551452636719,283.0823974609375,2129.389404296875,-5.02225923538208,9.0,9.0,2.623281955718994,-0.11364284157752991,3.3056557178497314,-0.11540421098470688,0.4664929023277324,2128.6760859298415,-5.085422249815791,-458.14759048253563,283.3826887123212,5.191105197119629,-454.85771820131987,291.1080530895064,1.2280972283676477,2.9612635387251713,-31.257660899143545,177.96644510235637
1000,/yh/study/new_data/model_dataset_flight/vi/vi_001000.jpg,3,18,-456.06201171875,288.16534423828125,2128.6760859298415,-5.085422249815791,2134.5007543798256,-9.25761982173948,-455.49920654296875,276.7706298828125,0.5307440757751465,2128.6760859298415,-5.2224300227383065,-457.19976806640625,283.1317443847656,2067.510498046875,-4.418527603149414,9.0,9.0,2.631929397583008,-0.11535333096981049,3.3156323432922363,-0.11678395420312881,0.4628550795427601,2068.034468246669,-4.535815385494555,-457.4581294512079,283.60252284880033,4.771633237706772,-454.9389791675483,291.1659266241765,1.1230325512016777,3.000582385895282,-31.258659760948806,174.05162891373038
1001,/yh/study/new_data/model_dataset_flight/vi/vi_001001.jpg,3,18,-456.0381774902344,288.18389892578125,2068.034468246669,-4.535815385494555,2076.971770228626,2.3911083527647135,-468.5634460449219,285.7308044433594,0.6795680522918701,2072.325038505763,-4.674070087585772,-467.6136474609375,295.85546875,2114.0654296875,0.5381287932395935,9.0,9.0,2.867591619491577,-0.1326615810394287,3.5360307693481445,-0.13320095837116241,0.4623279810379055,2113.7078639080487,-0.22232077498842173,-468.2726882511504,295.3754226662847,14.191591428349192,-455.02132814470934,291.22045916098597,1.0168493455250067,3.0365602352046976,131.83975659915617,174.73575507756323
1002,/yh/study/new_data/model_dataset_flight/vi/vi_001002.jpg,3,18,-456.05517578125,288.21356201171875,2113.7078639080487,-0.22232077498842173,2116.438018878872,1.9687133675874124,-464.8433532714844,295.82470703125,0.653073787689209,2118.206330399748,-0.37473301072526866,-455.36468505859375,284.6594543457031,2130.3974609375,-2.51853084564209,9.0,9.0,2.9983551502227783,-0.14025692641735077,3.6447086334228516,-0.1408998966217041,0.4569611065367151,2128.6760859298415,-2.2057549567695425,-456.63325223188843,285.8320280888199,2.4506889253229582,-455.14553661343285,291.2827332197197,0.9096391678171358,3.0691712080009865,-29.491432169113825,188.48223600070924
1003,/yh/study/new_data/model_dataset_flight/vi/vi_001003.jpg,3,18,-456.07220458984375,288.2432556152344,2128.6760859298415,-2.2057549567695425,2130.9396920621625,-5.4397741378794375,-456.468017578125,281.9007873535156,0.6660040616989136,2128.6760859298415,-2.3700717301841543,-457.2095642089844,283.2198486328125,2067.5830078125,-4.469409942626953,9.0,9.0,2.879044532775879,-0.13138027489185333,3.544187545776367,-0.13254743814468384,0.4602601412666842,2068.1063568630875,-4.163120625254647,-457.78532229698425,283.4101321027815,5.127753422810321,-455.2707107424579,291.3416467640775,0.8014938473858566,3.098391148843101,-31.264826994882505,217.7606199402362
1004,/yh/study/new_data/model_dataset_flight/vi/vi_001004.jpg,3,18,-456.0892333984375,288.27294921875,2068.1063568630875,-4.163120625254647,2076.953131912395,2.4760493880909142,-468.6148681640625,285.6606750488281,0.680419385433197,2072.7749941387833,-4.325018448469178,-467.60345458984375,295.7974853515625,2114.104736328125,0.4941692054271698,9.0,9.0,3.01716947555542,-0.14097997546195984,3.659576892852783,-0.14178384840488434,0.4518923591206252,2113.750688340982,-0.20894079755010253,-468.2328028674788,295.3658629961859,14.063275056101716,-455.39672789167105,291.397146824293,0.6925055067664759,3.1241976055429532,131.83483966336655,247.76956799905747
1005,/yh/study/new_data/model_dataset_flight/vi/vi_001005.jpg,3,18,-456.1218566894531,288.249267578125,2113.750688340982,-0.20894079755010253,2116.2752195164376,1.9250424531706054,-465.0047912597656,295.8731689453125,0.6467690467834473,2118.527230527719,-0.3778825486725772,-455.3045959472656,284.37884521484375,2130.598388671875,-2.7235653400421143,9.0,9.0,3.0920703411102295,-0.14539514482021332,3.7178683280944824,-0.14623324573040009,0.44562432653581624,2128.6760859298415,-2.3813348329793476,-456.72558488546633,285.6826862861888,2.6366318026562214,-455.5390901052686,291.3958373923413,0.5827665841845112,3.146569814216337,-29.77322318858872,163.8841190142557
1006,/yh/study/new_data/model_dataset_flight/vi/vi_001006.jpg,3,18,-456.1514892578125,288.22772216796875,2128.6760859298415,-2.3813348329793476,2131.101325649755,-5.4732422175674005,-456.34930419921875,281.7861022949219,0.6578665971755981,2128.6760859298415,-2.556910655571129,-457.1650085449219,283.1684265136719,2067.514892578125,-4.468857288360596,9.0,9.0,2.943350315093994,-0.13439130783081055,3.597784996032715,-0.13585416972637177,0.4503851284698738,2068.0388251325126,-4.189908034001077,-457.720584570369,283.3771604990219,5.098039682480243,-455.6791194001313,291.39321085744683,0.47236985768121925,3.1654886894780674,-31.273246376973308,150.33301198855042
1007,/yh/study/new_data/model_dataset_flight/vi/vi_001007.jpg,3,18,-456.18115234375,288.2061767578125,2068.0388251325126,-4.189908034001077,2077.327607801957,2.189890917816554,-468.64764404296875,286.1308288574219,0.6939828395843506,2072.8378973981376,-4.359159475956643,-467.6120910644531,295.7368469238281,2114.129150390625,0.43804994225502014,9.0,9.0,3.061487913131714,-0.14348062872886658,3.694225549697876,-0.1443711668252945,0.44102632856392826,2113.775432118161,-0.26185347935055603,-468.229697689668,295.30307007322523,13.98332362791451,-455.8197438732588,291.3871135777033,0.3614084704912264,3.1809368198908317,131.8259108452132,188.2643080316484
1008,/yh/study/new_data/model_dataset_flight/vi/vi_001008.jpg,3,18,-456.1879577636719,288.1950378417969,2113.775432118161,-0.26185347935055603,2117.20151417258,-0.9620014632577804,-465.73504638671875,292.930419921875,0.6373692750930786,2118.641130455716,-0.4362802137980353,-455.54718017578125,284.294921875,2130.438232421875,-2.924163818359375,9.0,9.0,3.121904134750366,-0.14709264039993286,3.740265369415283,-0.14798958599567413,0.4357214860542233,2128.6760859298415,-2.5611864922542282,-456.82016395289537,285.52971106156673,2.739279378067248,-455.9379818064139,291.3879363105472,0.24997595725793703,3.19289846875034,-29.87311022095711,193.69491306133568
1009,/yh/study/new_data/model_dataset_flight/vi/vi_001009.jpg,3,18,-456.19476318359375,288.18389892578125,2128.6760859298415,-2.5611864922542282,2133.7521989146016,-9.538210449858687,-456.2818298339844,276.9336242675781,0.5385687351226807,2128.6760859298415,-2.7408280370731064,-457.3066101074219,283.1084899902344,2067.5634765625,-4.322980880737305,9.0,9.0,2.9617018699645996,-0.13532312214374542,3.6127209663391113,-0.1368548572063446,0.44196966840175694,2068.086992926005,-4.092147891754228,-457.82578273152217,283.3486907144765,5.102887732685627,-456.0565969129278,291.38525850604435,0.13816627066600046,3.201359580263098,-31.282956824899806,188.26934706885368
1010,/yh/study/new_data/model_dataset_flight/vi/vi_001010.jpg,3,18,-456.2015686035156,288.1727600097656,2068.086992926005,-4.092147891754228,2077.278104890018,2.218689739535184,-468.63653564453125,286.07464599609375,0.6913703083992004,2072.9256584113873,-4.26418342196377,-467.49188232421875,295.9109802246094,2114.139892578125,0.6493754982948303,9.0,9.0,3.0710318088531494,-0.14401985704898834,3.701540470123291,-0.14492899179458618,0.4340914987613968,2113.7868340813766,-0.06750308688722217,-468.1559730732483,295.480575684671,14.01113686195224,-456.1754947954475,291.3790678009117,0.02607380806813121,3.2063077911460622,131.81665364437117,189.14840708021075
1011,/yh/study/new_data/model_dataset_flight/vi/vi_001011.jpg,3,18,-456.19476318359375,288.1913146972656,2113.7868340813766,-0.06750308688722217,2117.0813156972395,-0.5271937691913536,-465.608642578125,293.36346435546875,0.6336504817008972,2118.6762808167587,-0.2438308965786513,-455.2135009765625,284.3910827636719,2130.668701171875,-2.6645288467407227,9.0,9.0,3.1306357383728027,-0.14754953980445862,3.746732473373413,-0.14847464859485626,0.4290453496665061,2128.6760859298415,-2.3113537755086573,-456.68878376180714,285.7422096068467,2.4984339246044085,-456.28096974591193,291.39904714491604,-0.08620656231816591,3.2077324476504185,-29.90867897153995,229.12238398566842
1012,/yh/study/new_data/model_dataset_flight/vi/vi_001012.jpg,3,18,-456.1879577636719,288.2098693847656,2128.6760859298415,-2.3113537755086573,2131.037107412684,-5.518661900072753,-456.4278564453125,281.78204345703125,0.6647135019302368,2128.6760859298415,-2.492470743901983,-457.17669677734375,283.1711730957031,2067.524658203125,-4.461901664733887,9.0,9.0,2.9584603309631348,-0.13486070930957794,3.6097841262817383,-0.13648469746112823,0.4378029862037847,2068.048507101054,-4.1745655657774385,-457.7384972665553,283.3742852318407,5.078094805143039,-456.3865372397397,291.4154940127504,-0.19857947606785364,3.2056246279847564,-31.290782300697934,218.4219720074907
1013,/yh/study/new_data/model_dataset_flight/vi/vi_001013.jpg,3,18,-456.18115234375,288.2284240722656,2068.048507101054,-4.1745655657774385,2077.1430029196854,2.4753048987233015,-468.73980712890625,285.80364990234375,0.6854668855667114,2072.891003496165,-4.347032484603542,-467.63885498046875,295.8814697265625,2114.0302734375,0.5469894409179688,9.0,9.0,3.0739517211914062,-0.1438821405172348,3.703599452972412,-0.14488814771175385,0.4303950057186712,2113.6778571158948,-0.16703873514655232,-468.27984163815745,295.44334586794196,14.086638320065395,-456.4921013922327,291.42840124235136,-0.3109490484827199,3.1999771700857416,131.8101087223207,175.80398602876812
1014,/yh/study/new_data/model_dataset_flight/vi/vi_001014.jpg,3,18,-456.1875305175781,288.2249450683594,2113.6778571158948,-0.16703873514655232,2116.5302967553753,1.6840539907882948,-464.91455078125,295.5340576171875,0.643169105052948,2118.571198657185,-0.34361698865416646,-455.40106201171875,284.5247497558594,2130.438720703125,-2.651820421218872,9.0,9.0,3.1350953578948975,-0.14768829941749573,3.750014543533325,-0.14864704012870789,0.4251884805804174,2128.6760859298415,-2.315058078911953,-456.6907317536287,285.73905886224156,2.5363047359750848,-456.6107493697988,291.415729773017,-0.42321885222067945,3.190784704657646,-29.832109603733826,173.73846203554422
1015,/yh/study/new_data/model_dataset_flight/vi/vi_001015.jpg,3,18,-456.194580078125,288.2210998535156,2128.6760859298415,-2.315058078911953,2130.9445935276344,-5.719049397707942,-456.6131591796875,281.6621398925781,0.6463635563850403,2128.6760859298415,-2.4965852166683007,-457.36859130859375,283.1778259277344,2067.656494140625,-4.3222975730896,9.0,9.0,2.9843556880950928,-0.1370803415775299,3.631481170654297,-0.13851507008075714,0.4313701753052492,2068.17921367636,-4.055929730094077,-457.9139159923203,283.39395604747165,5.124200748416339,-456.7298719751605,291.39914354689085,-0.5352918970354936,3.178043693375258,-31.29573840335357,201.1278240242973
1016,/yh/study/new_data/model_dataset_flight/vi/vi_001016.jpg,3,18,-456.2015686035156,288.21728515625,2068.17921367636,-4.055929730094077,2077.354084409444,2.042006309832135,-468.5541687011719,286.2484436035156,0.6902053952217102,2073.0458437537222,-4.230656544125678,-467.45135498046875,295.96917724609375,2114.143798828125,0.7201878428459167,9.0,9.0,3.0893030166625977,-0.1450638622045517,3.7154853343963623,-0.1459992378950119,0.4246388904760694,2113.7917364270793,-0.00213061861702446,-468.1301738589044,295.53968839814934,13.996757216436489,-456.848639215549,291.37903762836845,-0.6470706120333451,3.161752472118452,131.8046357931244,168.24015509337187
1017,/yh/study/new_data/model_dataset_flight/vi/vi_001017.jpg,3,18,-456.1817932128906,288.2352600097656,2113.7917364270793,-0.00213061861702446,2117.186996939759,-0.7963911794599171,-465.6603088378906,293.07891845703125,0.6292316913604736,2118.707504096757,-0.18085748545834068,-455.346923828125,284.4604797363281,2130.518798828125,-2.677198648452759,9.0,9.0,3.142900228500366,-0.14831414818763733,3.7557802200317383,-0.14924097061157227,0.42076836101164067,2128.6760859298415,-2.3129873812018977,-456.68964283035086,285.74082012176285,2.545612222789205,-456.94025004373725,291.3771713088463,-0.7584568308466155,3.1419112990806597,-29.943606705989172,159.7208030289039
1018,/yh/study/new_data/model_dataset_flight/vi/vi_001018.jpg,3,18,-456.1620178222656,288.2532043457031,2128.6760859298415,-2.3129873812018977,2130.9424296382076,-5.50444781309146,-456.5002746582031,281.84466552734375,0.6634206771850586,2128.6760859298415,-2.4961125194846736,-457.3311767578125,283.1028747558594,2067.57568359375,-4.3008341789245605,9.0,9.0,2.979276418685913,-0.13662193715572357,3.627183198928833,-0.13811054825782776,0.42769457303643027,2068.0990953866817,-4.037528837345675,-457.87476917135547,283.3216714737143,5.22049170589473,-457.03136960238027,291.37172675327105,-0.869351780114653,3.1185224075678994,-31.300907255729687,161.7961749434471
1019,/yh/study/new_data/model_dataset_flight/vi/vi_001019.jpg,3,18,-456.1402893066406,288.27294921875,2068.0990953866817,-4.037528837345675,2077.1636396921144,2.1166200994967026,-468.4842834472656,286.05621337890625,0.6831135153770447,2072.9675302926876,-4.21271565022333,-467.5255126953125,295.720947265625,2114.211181640625,0.4700529873371124,9.0,9.0,3.088646411895752,-0.14506246149539948,3.714972734451294,-0.14599712193012238,0.42113113477001823,2113.8578711439063,-0.2131537493905995,-468.14512883460566,295.3062656915426,13.913436408689527,-457.11994537829133,291.36453928203025,-0.9796560716507031,3.0915900632802313,131.79998955694148,158.4281650139019
1020,/yh/study/new_data/model_dataset_flight/vi/vi_001020.jpg,3,18,-456.16583251953125,288.33416748046875,2113.8578711439063,-0.2131537493905995,2117.184109036184,-0.7326981424982547,-465.6292724609375,293.1346130371094,0.6457250714302063,2118.7738061834266,-0.39224895803546644,-455.41143798828125,284.6571350097656,2130.359375,-2.5454821586608887,9.0,9.0,3.1434245109558105,-0.14841140806674957,3.7562732696533203,-0.14930908381938934,0.4177247380040331,2128.6760859298415,-2.231329668483741,-456.6467012731341,285.8102751770876,2.5692931162594563,-457.2551022181926,291.39528810631185,-1.089269698661306,3.061120625843099,-29.997527867118933,143.2241089642048
1021,/yh/study/new_data/model_dataset_flight/vi/vi_001021.jpg,3,18,-456.19134521484375,288.3954162597656,2128.6760859298415,-2.231329668483741,2130.957673220149,-5.961014693511097,-456.7314453125,281.4506530761719,0.6543829441070557,2128.6760859298415,-2.4148376175975867,-457.3096008300781,283.0752868652344,2067.54052734375,-4.29879093170166,9.0,9.0,2.977576971054077,-0.13690027594566345,3.626049041748047,-0.1382768452167511,0.42652092775752526,2068.0642402999333,-4.023925847496486,-457.8619392002874,283.2865244930834,5.375096217545692,-457.3894372512153,291.42253887409794,-1.198092036371584,3.0271226143322987,-31.304733575727493,174.8745129443705
1022,/yh/study/new_data/model_dataset_flight/vi/vi_001022.jpg,3,18,-456.2045593261719,288.3558654785156,2068.0642402999333,-4.023925847496486,2076.5966493298947,2.7618131132111348,-468.59368896484375,285.20428466796875,0.6683773398399353,2072.9315250747136,-4.199551708187556,-467.6178894042969,295.92877197265625,2114.0234375,0.5982484221458435,9.0,9.0,3.0821428298950195,-0.14473798871040344,3.710040807723999,-0.145649254322052,0.42057538148716134,2113.6714268628325,-0.1017411831968067,-468.26432772512374,295.50856146518083,14.021379165902848,-457.51058117356456,291.3454722550296,-1.3060218473926997,2.9896067765139938,131.79709168910355,169.52208103612065
1023,/yh/study/new_data/model_dataset_flight/vi/vi_001023.jpg,3,18,-456.2177429199219,288.31634521484375,2113.6714268628325,-0.1017411831968067,2115.970970732445,2.6355640814297425,-464.88995361328125,296.63751220703125,0.6059212684631348,2118.5815173093047,-0.2807812575452564,-455.627197265625,283.65887451171875,2130.71044921875,-3.5044867992401123,9.0,9.0,3.130753993988037,-0.14739426970481873,3.7468316555023193,-0.14837388694286346,0.41814047240890473,2128.6760859298415,-3.0341544993168372,-457.0688848888719,285.1274218226953,3.3005567791358743,-457.63070021207557,291.26493137634236,-1.4129572921536697,2.9485861614986235,-29.852208865274605,182.20001400914043
1024,/yh/study/new_data/model_dataset_flight/vi/vi_001024.jpg,3,18,-456.2322082519531,288.27294921875,2128.6760859298415,-3.0341544993168372,2134.466778077028,-10.0,-457.19775390625,274.148681640625,0.5390243530273438,2128.6760859298415,-3.216803873325016,-457.52984619140625,282.77386474609375,2067.4599609375,-3.9342856407165527,9.0,9.0,2.916717529296875,-0.13113369047641754,3.57380747795105,-0.1331382840871811,0.42829288159946755,2067.984364059468,-3.8296064616024266,-457.9549649097119,283.09814600463216,5.454033260505167,-457.75100419665245,291.1770254142373,-1.5187959446993387,2.904076195487287,-31.305938863992164,172.54119599238038
1025,/yh/study/new_data/model_dataset_flight/vi/vi_001025.jpg,3,18,-456.1935119628906,288.2192687988281,2067.984364059468,-3.8296064616024266,2076.9832421865854,2.5956057928919583,-468.7244873046875,285.604248046875,0.6765116453170776,2072.7943158416947,-4.000188711363054,-467.7193908691406,295.8384094238281,2113.984619140625,0.4680136740207672,9.0,9.0,3.06134033203125,-0.14266113936901093,3.693178176879883,-0.14383675158023834,0.4206462446998002,2113.631765645774,-0.18388826840520123,-468.3235848414329,295.4513332308796,14.12237317125171,-457.8169467770297,291.07536355909684,-1.6234348141390846,2.856094760268708,131.79692843157414,177.65217297710478
1026,/yh/study/new_data/model_dataset_flight/vi/vi_001026.jpg,3,18,-456.15496826171875,288.165771484375,2113.631765645774,-0.18388826840520123,2116.274385447176,2.2725131238399126,-464.8227844238281,296.1691589355469,0.6324005126953125,2118.501370233329,-0.3592462062180064,-455.21337890625,284.1820068359375,2130.780517578125,-2.84116268157959,9.0,9.0,3.125755548477173,-0.1469872146844864,3.7426791191101074,-0.14801748096942902,0.41649541067513657,2128.6760859298415,-2.4790559478918217,-456.77697374645214,285.59956829014516,2.6405093556194554,-457.8817386337284,290.9704337584815,-1.7267703720096275,2.804662274106452,-29.787786820146295,163.6574420845136
1027,/yh/study/new_data/model_dataset_flight/vi/vi_001027.jpg,3,18,-456.119873046875,288.1170959472656,2128.6760859298415,-2.4790559478918217,2130.9971243691757,-6.352006367226061,-456.9071044921875,281.09912109375,0.6417330503463745,2128.6760859298415,-2.6599984236875676,-457.5023193359375,282.8880615234375,2067.527587890625,-4.030422210693359,9.0,9.0,2.965681314468384,-0.1354839950799942,3.6155059337615967,-0.13708357512950897,0.423166824627373,2068.051411691616,-3.8304800747645533,-457.99862531442267,283.14903723410345,5.311432712577855,-457.94857163266914,290.86689772190374,-1.8286985857941336,2.749801774638098,-31.306567481519643,169.2796649876982
1028,/yh/study/new_data/model_dataset_flight/vi/vi_001028.jpg,3,18,-456.0926513671875,288.09857177734375,2068.051411691616,-3.8304800747645533,2077.148875725644,2.3819652668406466,-468.67364501953125,285.8697509765625,0.6899663805961609,2072.895091596554,-4.0041164218199885,-467.5495300292969,295.93634033203125,2114.077392578125,0.6406324505805969,9.0,9.0,3.08551025390625,-0.14463569223880768,3.712167978286743,-0.14565777778625488,0.4166491166118883,2113.7246076344964,-0.03702727716664311,-468.19859832161626,295.54198027235066,14.211202682636818,-458.021766326005,290.7901107807355,-1.9291149588174983,2.691539003391784,131.79472572224722,185.7647099532187
1029,/yh/study/new_data/model_dataset_flight/vi/vi_001029.jpg,3,18,-456.0653991699219,288.0799865722656,2113.7246076344964,-0.03702727716664311,2116.1366012512785,2.390225296723769,-464.8780822753906,296.34173583984375,0.6384428143501282,2118.6279064893242,-0.21539644163350102,-455.2298583984375,284.30950927734375,2130.698486328125,-2.7422139644622803,9.0,9.0,3.1400036811828613,-0.14799298346042633,3.7534093856811523,-0.14897216856479645,0.41383619925175374,2128.6760859298415,-2.3735562562357186,-456.72149434475455,285.6893024582575,2.4790787424786633,-458.0933137466358,290.7098890637761,-2.0279145767139006,2.6299024915104243,-29.89161900089747,174.53465703874826
1030,/yh/study/new_data/model_dataset_flight/vi/vi_001030.jpg,3,18,-456.0381774902344,288.0614318847656,2128.6760859298415,-2.3735562562357186,2130.8475463669433,-6.153765267900389,-456.92755126953125,281.34661865234375,0.6433504819869995,2128.6760859298415,-2.5566472708593606,-457.58795166015625,282.9652099609375,2067.64208984375,-4.017154216766357,9.0,9.0,2.9739832878112793,-0.1357254683971405,3.6222739219665527,-0.13736702501773834,0.422275164775569,2068.164932772762,-3.8040691250798484,-458.0934777819901,283.2167689366077,5.262605663599097,-458.1631696508738,290.62635553102524,-2.124992160639403,2.5649236462595897,-31.309338190445143,178.76534606330097
1031,/yh/study/new_data/model_dataset_flight/vi/vi_001031.jpg,3,18,-456.03497314453125,288.06842041015625,2068.164932772762,-3.8040691250798484,2076.93685641545,2.424096856141238,-468.56512451171875,285.68280029296875,0.6830284595489502,2073.0257225486102,-3.9787877136704703,-467.42376708984375,296.0165710449219,2114.142333984375,0.7750070691108704,9.0,9.0,3.0891058444976807,-0.14490480720996857,3.715088367462158,-0.14589683711528778,0.415248527625639,2113.7901117650763,0.08143775745056514,-468.10387886785827,295.61939488000377,14.236421629147006,-458.2552152719067,290.56505724803975,-2.220242127375431,2.4966368378835004,131.79261265915318,180.73877703864127
1032,/yh/study/new_data/model_dataset_flight/vi/vi_001032.jpg,3,18,-456.0314636230469,288.0760803222656,2113.7901117650763,0.08143775745056514,2117.1631827196566,-0.4759359876693359,-465.5120544433594,293.364013671875,0.605141818523407,2118.703286871125,-0.0976480038581049,-455.38629150390625,284.0694885253906,2130.694580078125,-3.0286855697631836,9.0,9.0,3.1434123516082764,-0.1481391340494156,3.755988597869873,-0.14912642538547516,0.41301812401608606,2128.6760859298415,-2.601052952049322,-456.84112863347895,285.49580211312207,2.7043285794627563,-458.34502227949224,290.5011598086268,-2.3135586564453465,2.4250794863611898,-29.951508387763674,158.64232403691858
1033,/yh/study/new_data/model_dataset_flight/vi/vi_001033.jpg,3,18,-456.0279541015625,288.0837097167969,2128.6760859298415,-2.601052952049322,2133.9538907136603,-10.0,-457.03045654296875,275.3726806640625,0.5258071422576904,2128.6760859298415,-2.7845872464161587,-457.81500244140625,282.87347412109375,2067.72314453125,-3.786137104034424,9.0,9.0,2.9668819904327393,-0.13520120084285736,3.6164021492004395,-0.13688938319683075,0.42127358156681005,2068.2452931116536,-3.6400129491050106,-458.2697038033969,283.16863784144664,5.402163757748699,-458.43278986590013,290.43400186440374,-2.4048357643376357,2.350292147606861,-31.310835949544504,146.20710106100887
1034,/yh/study/new_data/model_dataset_flight/vi/vi_001034.jpg,3,18,-456.0213317871094,288.14501953125,2068.2452931116536,-3.6400129491050106,2076.9886436042316,2.337083721943382,-468.5340576171875,285.7791748046875,0.6842368841171265,2073.1027636240437,-3.8145454966981274,-467.27789306640625,296.2279357910156,2114.1552734375,1.0314968824386597,9.0,9.0,3.082136869430542,-0.14435361325740814,3.7094857692718506,-0.14539819955825806,0.4158308546132355,2113.803600339709,0.3244688278519017,-468.011510914549,295.84147475619426,14.247800480693858,-458.51529917301286,290.41733812989906,-2.4939673859034923,2.272318598649057,131.79128856294955,170.3744389815256
1035,/yh/study/new_data/model_dataset_flight/vi/vi_001035.jpg,3,18,-456.01409912109375,288.2120056152344,2113.803600339709,0.3244688278519017,2117.360901712766,-0.542315496932009,-465.3787841796875,293.2035827636719,0.60483717918396,2118.7095837877378,0.1459254092060429,-455.4953308105469,284.0527038574219,2130.611572265625,-3.1011569499969482,9.0,9.0,3.1401569843292236,-0.14790815114974976,3.7534327507019043,-0.14891695976257324,0.41311524076834716,2128.6760859298415,-2.6274140183638965,-456.85499119709675,285.47338035700926,2.864815489429154,-458.59494658406203,290.4032115365519,-2.5808474629682614,2.1912059213175583,-29.95694148068512,191.42215396277606
1036,/yh/study/new_data/model_dataset_flight/vi/vi_001036.jpg,3,18,-456.0075378417969,288.27294921875,2128.6760859298415,-2.6274140183638965,2133.73615597099,-9.746634003905287,-456.40679931640625,276.76605224609375,0.5308287143707275,2128.6760859298415,-2.810544431657735,-457.4798583984375,283.1706237792969,2067.724609375,-4.234040260314941,9.0,9.0,2.971080780029297,-0.1356380134820938,3.6199796199798584,-0.13727349042892456,0.42052684979145727,2068.246745406935,-4.026355017862079,-457.98074536387844,283.4250853477401,5.2340550280869635,-458.6729078819651,290.37995380271155,-2.665370040168201,2.107004583961576,-31.311228898865192,194.21660294756293
1037,/yh/study/new_data/model_dataset_flight/vi/vi_001037.jpg,3,18,-455.97869873046875,288.23455810546875,2068.246745406935,-4.026355017862079,2077.51301495805,2.00405609779208,-468.6307373046875,286.3927917480469,0.6951614618301392,2073.105571090529,-4.201114301523921,-467.76904296875,292.477294921875,2115.709716796875,-2.4169905185699463,9.0,9.0,3.0846121311187744,-0.14475777745246887,3.711541175842285,-0.1457282155752182,0.4137617875423976,2115.3447517321965,-2.6772906704701054,-467.95671709962244,292.30647799808486,12.651223484851808,-458.7261280984643,290.25432662618863,-2.7474293679955446,2.0197685207199028,131.79077178976974,167.00814000796527
1038,/yh/study/new_data/model_dataset_flight/vi/vi_001038.jpg,3,18,-455.9470520019531,288.1923522949219,2115.3447517321965,-2.6772906704701054,2075.5080882880793,-0.5190079988430114,-465.4122009277344,286.555908203125,0.6222532987594604,2120.2533773349187,-2.856358118251668,-455.8455505371094,282.31451416015625,2131.24462890625,-4.757381916046143,9.0,9.0,3.132540464401245,-0.14799118041992188,3.7482094764709473,-0.14886178076267242,0.4097974230181606,2128.6760859298415,-4.4800262818353715,-457.8292293047308,283.8976163174403,4.689066913082627,-458.7739720149596,290.1219075027828,-2.8269200130065135,1.9295552078608984,-30.84138373072195,172.52992908470333
1039,/yh/study/new_data/model_dataset_flight/vi/vi_001039.jpg,3,18,-455.9156188964844,288.1505126953125,2128.6760859298415,-4.4800262818353715,2133.4986423061396,-10.0,-458.14227294921875,274.46649169921875,0.5487585663795471,2128.6760859298415,-4.663617811562354,-457.6071472167969,280.63323974609375,2065.90478515625,-2.461404323577881,9.0,9.0,2.934079647064209,-0.1325499713420868,3.5888381004333496,-0.13442865014076233,0.4221966976413931,2066.4425105692812,-2.7827029413732394,-457.7214734303804,281.24914603303955,7.133720796661816,-458.8193558716014,289.9869384320243,-2.9037369751170234,1.836425736711831,-31.31307918643918,146.46032499149442
1040,/yh/study/new_data/model_dataset_flight/vi/vi_001040.jpg,3,18,-455.6431579589844,287.9500427246094,2066.4425105692812,-2.7827029413732394,2075.1573162947852,1.785620152471677,-466.9097900390625,284.7694091796875,0.639827311038971,2071.2677421214053,-2.955089259818445,-467.547119140625,292.01422119140625,2081.01513671875,-2.5246663093566895,9.0,9.0,3.0026228427886963,-0.1368875950574875,3.6449952125549316,-0.13868488371372223,0.42641954213703287,2080.9316364292667,-2.587464171510069,-467.4447552626292,291.9930129707124,12.474907106999687,-458.6209337708679,289.69048760730584,-2.9777758118835385,1.7404448826964787,131.79015355092815,173.10675501357764
1041,/yh/study/new_data/model_dataset_flight/vi/vi_001041.jpg,3,18,-455.37109375,287.7498474121094,2080.9316364292667,-2.587464171510069,2087.95129043543,-0.9058829677672723,-473.34637451171875,296.14923095703125,0.6192045211791992,2085.7576423649357,-2.75860713706526,-467.64306640625,292.13543701171875,2081.169677734375,-2.5327847003936768,9.0,9.0,2.827227830886841,-0.1243554875254631,3.4960556030273438,-0.1267031580209732,0.433253706690586,2081.2089801726793,-2.565731749880766,-467.6443775353505,292.18677261148815,13.050662822271885,-458.42002651963577,289.39152858211446,-3.0489327696357416,1.6416811700050633,131.79351253657634,150.30942007433623
1042,/yh/study/new_data/model_dataset_flight/vi/vi_001042.jpg,3,18,-455.0986328125,287.54937744140625,2081.2089801726793,-2.565731749880766,2088.13265415794,-0.6567566349189101,-473.6531982421875,296.12066650390625,0.611390233039856,2085.885308831737,-2.726052121270155,-467.61883544921875,291.98883056640625,2081.04345703125,-2.454066753387451,9.0,9.0,2.7146806716918945,-0.11720814555883408,3.3931169509887695,-0.119640052318573,0.43578738670754336,2081.084934374035,-2.493748883770394,-467.61640519202797,292.04610832609984,13.300947860774079,-458.2157377338004,289.08958437283025,-3.117104921300357,1.5402069314239681,131.79808785618573,165.40508007165045
1043,/yh/study/new_data/model_dataset_flight/vi/vi_001043.jpg,3,18,-454.4962158203125,287.1932373046875,2081.084934374035,-2.493748883770394,2088.0205470089018,-0.8550482451083699,-473.4302978515625,296.1676025390625,0.6099535822868347,2085.6029411756404,-2.6439601434931035,-467.486328125,291.96795654296875,2080.9404296875,-2.539705753326416,9.0,9.0,2.6448962688446045,-0.11302854120731354,3.326089382171631,-0.11543158441781998,0.4370627377720581,2080.980370725599,-2.554916263861574,-467.5013913740271,292.00807115177923,13.867848288686888,-457.67840613103846,288.62933566754737,-3.18219031072596,1.4360983628598543,131.80194859393367,169.83742697630078
1044,/yh/study/new_data/model_dataset_flight/vi/vi_001044.jpg,3,18,-453.893798828125,286.8370666503906,2080.980370725599,-2.554916263861574,2088.312840604397,-0.1830040273194578,-474.1278076171875,295.9427490234375,0.6167826652526855,2085.373044218031,-2.697727532429613,-467.71881103515625,291.75823974609375,2080.9365234375,-2.2266311645507812,9.0,9.0,2.583387851715088,-0.10908821225166321,3.264669895172119,-0.11153320223093033,0.4378205152439593,2080.9745285439694,-2.295363198331218,-467.69230341071676,291.832132187478,14.6747881904852,-457.1378869314158,288.1665022224913,-3.244088103290754,1.329435572100704,131.80490443833827,172.97816695645452
1045,/yh/study/new_data/model_dataset_flight/vi/vi_001045.jpg,3,18,-453.291015625,286.480712890625,2080.9745285439694,-2.295363198331218,2088.474231654237,0.26183726146346636,-474.56829833984375,295.76983642578125,0.6222482919692993,2085.2617142129147,-2.4320694611581377,-467.8645935058594,291.6612854003906,2116.0576171875,-3.161316394805908,9.0,9.0,2.8529298305511475,-0.12888410687446594,3.520420789718628,-0.13038370013237,0.43836378208723975,2115.7938065058256,-3.0549207010682515,-467.7886193650067,291.7544511226945,15.427016209969041,-456.59371436754685,287.7010155119912,-3.302698742546833,1.2203026213662016,131.80709095264632,159.09860900137573
1046,/yh/study/new_data/model_dataset_flight/vi/vi_001046.jpg,3,18,-452.222412109375,285.8055725097656,2115.7938065058256,-3.0549207010682515,2075.2351666122486,-0.031810431275585735,-465.597412109375,286.0290832519531,0.6451042890548706,2120.277374697354,-3.204868806284278,-455.82598876953125,282.9975891113281,2130.89599609375,-4.1696295738220215,9.0,9.0,2.9880452156066895,-0.13765253126621246,3.634378433227539,-0.1389833390712738,0.4303551451615618,2130.805032508388,-4.02887287479882,-455.79402112498803,283.1441488198407,4.454162886301061,-455.5803362220026,286.9143600729759,-3.3579241126276065,1.1087875632103064,-30.83188780994364,182.31506494339556
1047,/yh/study/new_data/model_dataset_flight/vi/vi_001047.jpg,3,18,-451.1537780761719,285.1304016113281,2130.805032508388,-4.02887287479882,2133.5155197479794,-10.0,-457.176025390625,275.9626159667969,0.5424953699111938,2133.704621607524,-4.191479739966438,-457.16357421875,281.49993896484375,2130.566162109375,-6.150351524353027,9.0,9.0,2.8247621059417725,-0.12474672496318817,3.4950809478759766,-0.12685255706310272,0.4430136468081375,2130.593047475922,-5.864555982642052,-456.9388304055907,281.69629425592905,6.727549612044503,-454.56344578228925,286.1253840806818,-3.4096677061174026,0.9949824693536784,-31.377819988464232,172.81814198940992
1048,/yh/study/new_data/model_dataset_flight/vi/vi_001048.jpg,3,18,-450.08428955078125,284.4546813964844,2130.593047475922,-5.864555982642052,2132.7737123390634,-9.453895384669234,-457.063720703125,277.5279235839844,0.5617630481719971,2134.9696920198835,-6.021287409357903,-446.82720947265625,271.739990234375,2144.518798828125,-8.873690605163574,9.0,9.0,2.968174695968628,-0.1351529210805893,3.6178066730499268,-0.13680516183376312,0.43948315937875493,2134.9696920198835,-8.45753058743241,-454.61705413452523,277.15970172492894,8.588520430205127,-453.54212434783784,285.3336648485197,-3.457834797056616,0.8789834520353134,-31.410918821796294,168.14510500989854
1049,/yh/study/new_data/model_dataset_flight/vi/vi_001049.jpg,3,18,-448.42645263671875,283.37860107421875,2134.9696920198835,-8.45753058743241,2140.7085170359346,-10.0,-454.1351318359375,267.3140563964844,0.5971354246139526,2136.9460095744485,-8.62036775004628,-446.0705261230469,272.10345458984375,2144.964111328125,-8.162034034729004,9.0,9.0,2.977905511856079,-0.1344773769378662,3.625026226043701,-0.13646845519542694,0.4449518730676873,2136.9460095744485,-8.228904022595271,-452.8340157144847,276.3023815187391,8.336635741223095,-451.92878525544836,284.13949175171024,-3.502332618729627,0.7608906774914644,-31.474547671019106,160.17544805072248
1050,/yh/study/new_data/model_dataset_flight/vi/vi_001050.jpg,3,18,-446.768798828125,282.3026123046875,2136.9460095744485,-8.228904022595271,2146.817156755836,-10.0,-446.6129150390625,267.7793273925781,0.6338063478469849,2138.922123440099,-8.393341346403941,-446.56768798828125,272.289794921875,2144.4443359375,-8.270302772521973,9.0,9.0,2.8231751918792725,-0.12349731475114822,3.493091583251953,-0.12590357661247253,0.45408965232095944,2138.922123440099,-8.288253858526796,-451.2039363272851,275.2010793942106,8.372706510743267,-450.3118693739833,282.94342067587274,-3.5430705458583303,0.6408083711852498,-31.542477525595263,180.6500139646232
1051,/yh/study/new_data/model_dataset_flight/vi/vi_001051.jpg,3,18,-445.1108093261719,281.2264404296875,2138.922123440099,-8.288253858526796,2147.52159529118,-10.0,-449.46356201171875,261.9544372558594,0.6846522092819214,2140.8986188918734,-8.444164961417764,-441.3499450683594,272.8904113769531,2148.532958984375,-4.973599433898926,9.0,9.0,2.7746615409851074,-0.12063562124967575,3.4494588375091553,-0.12299345433712006,0.461276398709988,2140.8986188918734,-5.479948120365551,-448.051928352012,276.53025927344163,5.541145962383373,-448.6907696069721,281.74528524411784,-3.5799602808002127,0.518844814430319,-31.610067934113626,199.51144699007273
1052,/yh/study/new_data/model_dataset_flight/vi/vi_001052.jpg,3,18,-442.9400329589844,279.8542175292969,2140.8986188918734,-5.479948120365551,2149.8299005444833,-9.620020949474757,-442.73760986328125,268.2702941894531,0.6374852657318115,2143.4667437543317,-5.629854472527912,-442.73760986328125,268.2702941894531,2149.829833984375,-9.620020866394043,9.0,9.0,2.7169671058654785,-0.11695191264152527,3.395618200302124,-0.11935335397720337,0.46592903819523607,2143.4667437543317,-9.037863435192389,-447.78191195875917,272.14961751899233,9.09970623521688,-446.55294900231104,280.2493298613686,-3.612916043326684,0.3951123320717528,-31.694980797680255,170.4787799390033
1053,/yh/study/new_data/model_dataset_flight/vi/vi_001053.jpg,3,18,-440.7690124511719,278.48187255859375,2143.4667437543317,-9.037863435192389,2151.52340205315,-10.0,-444.370849609375,262.5198974609375,0.636014461517334,2146.0351402020106,-9.182259293241781,-438.0299072265625,268.8661804199219,2153.489990234375,-6.599952697753906,9.0,9.0,2.7514877319335938,-0.11964399367570877,3.4279277324676514,-0.12188229709863663,0.4729830227822725,2146.0351402020106,-6.9767061525760585,-444.5226615162043,272.5269794311902,7.039221083487624,-444.4108672147077,278.75159982950277,-3.64185476353584,0.26972727090902543,-31.768289785747516,151.91969508305192
1054,/yh/study/new_data/model_dataset_flight/vi/vi_001054.jpg,3,18,-438.4012145996094,276.98516845703125,2146.0351402020106,-6.9767061525760585,2157.6324275948114,-10.0,-436.7633056640625,263.1193542480469,0.6451560258865356,2148.836316608728,-7.1206944638667995,-437.2198486328125,269.004150390625,2154.100830078125,-6.0503387451171875,9.0,9.0,2.672466516494751,-0.11441309005022049,3.3530516624450684,-0.11677545309066772,0.47111320513612864,2148.836316608728,-6.206501539896162,-441.75024181045364,271.68478471300494,6.269772810310886,-442.0679108770425,277.1279784256003,-3.6666962774330973,0.14280996856904643,-31.824322848084964,184.66168304439634
1055,/yh/study/new_data/model_dataset_flight/vi/vi_001055.jpg,3,18,-435.843017578125,275.36529541015625,2148.836316608728,-6.206501539896162,2157.9639999876813,-10.0,-436.54541015625,262.84356689453125,0.6631956100463867,2151.8642463050737,-6.346318390319975,-432.4368591308594,261.74578857421875,2162.023193359375,-9.627986907958984,9.0,9.0,2.806947708129883,-0.12361562997102737,3.4782779216766357,-0.12568987905979156,0.47789355526954147,2151.8642463050737,-9.14919792381514,-440.76662248778587,267.58076528513925,9.21090628405988,-439.5303811028183,275.37978012271645,-3.687363524693275,0.014484712560185577,-31.84758412647274,167.10579104255885
1056,/yh/study/new_data/model_dataset_flight/vi/vi_001056.jpg,3,18,-433.263427734375,273.73187255859375,2151.8642463050737,-9.14919792381514,2158.9152832483664,-10.0,-436.7713623046875,260.7066955566406,0.6750036478042603,2154.9174989117932,-9.294246542131791,-432.8916015625,261.5494079589844,2161.74365234375,-10.03703498840332,9.0,9.0,2.8536815643310547,-0.12696897983551025,3.519448757171631,-0.12890471518039703,0.48198489194323196,2154.9174989117932,-9.928663614599852,-438.60284572035573,265.2899178836538,9.988792878158751,-436.96721048247474,273.6167522478594,-3.703782748099752,-0.11512031073434621,-31.843144047167243,146.46504807751626
1057,/yh/study/new_data/model_dataset_flight/vi/vi_001057.jpg,3,18,-430.7010192871094,272.109375,2154.9174989117932,-9.928663614599852,2165.071440019453,-10.0,-432.0348815917969,256.67864990234375,0.6950533390045166,2157.950390772361,-10.0,-429.24310302734375,261.9665222167969,2164.604248046875,-7.734241962432861,9.0,9.0,2.797713041305542,-0.1238391101360321,3.470147132873535,-0.12569297850131989,0.484087576351391,2157.950390772361,-8.06481160506788,-435.0433144539147,265.24393403253305,8.12341104422487,-434.4169029812485,271.863501922658,-3.7158836941391327,-0.24587307734201064,-31.83882171136139,170.32984597608447
1058,/yh/study/new_data/model_dataset_flight/vi/vi_001058.jpg,3,18,-426.8499755859375,269.60980224609375,2157.950390772361,-8.06481160506788,2166.9007134272306,-10.0,-429.3266906738281,257.538330078125,0.6966355443000793,2162.496502356071,-8.213674175592097,-425.7522888183594,259.7981872558594,2168.713623046875,-7.700811386108398,9.0,9.0,2.803912878036499,-0.12448006123304367,3.476022481918335,-0.12624558806419373,0.48717492857794253,2162.541195753036,-7.775637058677772,-431.0088538505172,263.03435490326365,7.780281240284627,-430.5735754001521,269.2321644486404,-3.723599814214571,-0.3776377974533369,-31.835276256212772,151.33072098251432
1059,/yh/study/new_data/model_dataset_flight/vi/vi_001059.jpg,3,18,-422.6229553222656,266.8662109375,2162.541195753036,-7.775637058677772,2166.07740954978,-10.0,-430.3243408203125,257.5011901855469,0.7086948752403259,2167.085653665481,-7.924568547072509,-426.4248046875,259.1023864746094,2168.51708984375,-8.64834976196289,9.0,9.0,2.8039186000823975,-0.12495660036802292,3.4763526916503906,-0.1265859752893448,0.4907910334957883,2167.580192443548,-8.542751505844969,-427.1602369594787,259.6924841325636,8.488184783995573,-426.34982378819194,266.3559359396969,-3.726868465926302,-0.5102749978030787,-31.831891097066244,166.88411100767553
1060,/yh/study/new_data/model_dataset_flight/vi/vi_001060.jpg,3,18,-419.8501281738281,265.0935363769531,2167.580192443548,-8.542751505844969,2174.866724323468,-10.0,-424.22833251953125,250.69662475585938,0.5486234426498413,2170.87119386298,-8.691925659649748,-417.9221496582031,256.1180114746094,2177.29833984375,-6.625555515289307,9.0,9.0,2.820443630218506,-0.12573140859603882,3.490550994873047,-0.12749962508678436,0.49354381317471496,2170.87119386298,-6.927034856351851,-423.5152047918612,259.29882040400304,6.856494718383125,-423.5757592876838,264.4498947621414,-3.725631113855699,-0.6436416148116928,-31.828425149588426,136.15741906687617
1061,/yh/study/new_data/model_dataset_flight/vi/vi_001061.jpg,3,18,-417.0742492675781,263.3188781738281,2170.87119386298,-6.927034856351851,2178.7600519521147,-10.0,-418.5130920410156,252.44927978515625,0.6159888505935669,2174.165834791052,-7.076791973384855,-416.34735107421875,255.99517822265625,2178.695068359375,-5.887572765350342,9.0,9.0,2.7630724906921387,-0.12151896208524704,3.437778949737549,-0.12348810583353043,0.4946284258705718,2174.165834791052,-6.061077509500684,-420.2678737065624,258.2695576610916,5.97451878376991,-420.7940827968562,262.5412870752389,-3.719833529278064,-0.7775910985892012,-31.825208770819582,155.17613594420254
1062,/yh/study/new_data/model_dataset_flight/vi/vi_001062.jpg,3,18,-414.2997741699219,261.5451354980469,2174.165834791052,-6.061077509500684,2180.1796104615873,-9.979110222549519,-417.27972412109375,251.74365234375,0.6693217754364014,2177.4587999138603,-6.20771897254199,-417.27972412109375,251.74365234375,2180.1796875,-9.979109764099121,9.0,9.0,2.7298765182495117,-0.11960788816213608,3.4074440002441406,-0.12151531875133514,0.49721439952336216,2177.4587999138603,-9.42887126310689,-419.28507189141095,253.66306716842854,9.326317307740315,-418.0092001581414,260.6331619701745,-3.709425988219532,-0.9119735278723421,-31.822738536856715,173.1797179672867
1063,/yh/study/new_data/model_dataset_flight/vi/vi_001063.jpg,3,18,-411.2735290527344,259.6844177246094,2177.4587999138603,-9.42887126310689,2181.742291344648,-10.0,-418.1451416015625,247.45196533203125,0.653708815574646,2181.011038356852,-9.572658453424998,-416.3502502441406,250.08331298828125,2181.852783203125,-10.885492324829102,9.0,9.0,2.693824529647827,-0.11707533895969391,3.373288631439209,-0.1190783753991127,0.4955667764686552,2181.011038356852,-10.0,-416.58821540346213,251.28156531594487,9.942525816331115,-414.96789252000025,258.6377819886735,-3.6943634672658754,-1.0466357359358534,-31.8202278020065,171.0642899852246
1064,/yh/study/new_data/model_dataset_flight/vi/vi_001064.jpg,3,18,-408.52392578125,257.9938049316406,2181.011038356852,-10.0,2183.0648208457565,-10.0,-419.00738525390625,243.61456298828125,0.6517897844314575,2184.2385469196274,-10.0,-416.1663513183594,250.66578674316406,2181.69677734375,-10.294917106628418,9.0,9.0,2.648385524749756,-0.11376068741083145,3.3291921615600586,-0.11588872224092484,0.49403275866975266,2181.718551212989,-10.0,-415.9902661280792,250.9033707817855,10.296625399038346,-412.19853161777485,256.812383484156,-3.6746058365248473,-1.1814214474846114,-31.81917248441888,166.64239892270416
1065,/yh/study/new_data/model_dataset_flight/vi/vi_001065.jpg,3,18,-405.7723693847656,256.302001953125,2181.718551212989,-10.0,2185.134354260275,-10.0,-418.2723693847656,240.90505981445312,0.7290737628936768,2186.073375279151,-10.0,-417.22113037109375,241.74839782714844,2185.572021484375,-18.395204544067383,9.0,9.0,2.652653694152832,-0.11446618288755417,3.334160089492798,-0.11642874032258987,0.4965317007714782,2185.5763162922417,-10.0,-412.72990440641144,248.84123769912946,10.201485030676931,-409.4224874339046,254.98583052662087,-3.65011804913898,-1.3161714265041253,-31.819023447556756,177.79819597490132
1066,/yh/study/new_data/model_dataset_flight/vi/vi_001066.jpg,3,18,-403.11895751953125,254.65374755859375,2185.5763162922417,-10.0,2185.07121992905,-10.0,-418.416259765625,240.79566955566406,0.7066926956176758,2189.910886700109,-10.0,-409.1330871582031,245.1231231689453,2190.603515625,-11.219691276550293,9.0,9.0,2.8449020385742188,-0.12775838375091553,3.512726306915283,-0.12937627732753754,0.4969178199029955,2190.591913164265,-10.0,-408.49100967930445,246.16019620837366,10.04984372744917,-406.7398278462744,253.2030239235826,-3.6208703267431357,-1.4507236350111408,-31.818051906508174,179.82758197467774
1067,/yh/study/new_data/model_dataset_flight/vi/vi_001067.jpg,3,18,-400.2083740234375,252.845703125,2190.591913164265,-10.0,2194.5247337366495,-10.0,-408.81732177734375,238.28689575195312,0.5131968259811401,2194.0182449880704,-10.0,-402.01226806640625,244.79263305664062,2196.79833984375,-7.692633628845215,9.0,9.0,2.887908697128296,-0.12973102927207947,3.549287796020508,-0.13154397904872894,0.5010020595832515,2194.0182449880704,-8.029273845538299,-404.5418369300426,245.9942265147878,8.10688796661254,-403.7952123636975,251.2607897223845,-3.5868383402599746,-1.5849134026155127,-31.817285271134693,177.2013190202415
1068,/yh/study/new_data/model_dataset_flight/vi/vi_001068.jpg,3,18,-397.2959899902344,251.03659057617188,2194.0182449880704,-8.029273845538299,2200.27692147378,-10.0,-400.77178955078125,240.24639892578125,0.5548176765441895,2197.4466694737835,-8.180468894824187,-395.7024841308594,245.09182739257812,2201.97119140625,-4.066934585571289,9.0,9.0,2.9201853275299072,-0.1314978450536728,3.5762505531311035,-0.13338956236839294,0.5004797101943043,2197.4466694737835,-4.667091153055749,-399.8471052014693,247.0031174447667,4.77253541870163,-400.8439933756619,249.31801696940155,-3.5480033854275588,-1.7185736067703077,-31.81535750360231,147.39199704490602
1069,/yh/study/new_data/model_dataset_flight/vi/vi_001069.jpg,3,18,-394.5057373046875,249.26361083984375,2197.4466694737835,-4.667091153055749,2204.895990087153,-7.947198136785944,-395.3047180175781,240.24899291992188,0.5940682291984558,2200.7525610863877,-4.821804232389054,-395.164306640625,244.6199188232422,2202.67822265625,-4.178086757659912,9.0,9.0,2.869842052459717,-0.1283842772245407,3.533337116241455,-0.13024860620498657,0.502976090975091,2200.7525610863877,-4.272003871513612,-396.8419649751059,245.56988838623636,4.370531465658608,-398.01008985714276,247.4120759762896,-3.504352552455255,-1.8515348635541424,-31.81428724497588,176.5425760531798
1070,/yh/study/new_data/model_dataset_flight/vi/vi_001070.jpg,3,18,-391.71441650390625,247.489990234375,2200.7525610863877,-4.272003871513612,2208.372053580319,-4.690306827545749,-390.6260070800781,241.1434326171875,0.6143934726715088,2204.059697979454,-4.4255688908827375,-390.6260070800781,241.1434326171875,2208.3720703125,-4.690306663513184,9.0,9.0,2.866133213043213,-0.1281890571117401,3.530017137527466,-0.13000492751598358,0.5025367177123888,2204.059697979454,-4.651681943026963,-394.2499160511783,243.4812064469659,4.743322191081973,-395.17029539311545,245.50636450557855,-3.4558788892091847,-1.9836257287964496,-31.812717848931513,188.8734180247411
1071,/yh/study/new_data/model_dataset_flight/vi/vi_001071.jpg,3,18,-388.9217834472656,245.71551513671875,2204.059697979454,-4.651681943026963,2208.3161130510894,-4.416086585934681,-390.5267028808594,241.40509033203125,0.6301432847976685,2207.368400676881,-4.80464711615223,-386.39202880859375,240.79002380371094,2212.13916015625,-2.7257533073425293,9.0,9.0,2.9660515785217285,-0.13544291257858276,3.6152868270874023,-0.13689500093460083,0.49863619944863546,2207.368400676881,-3.029059826423569,-390.5862325245742,243.08391676658223,3.1137920149969123,-392.3243650045992,243.60084222739454,-3.402581557333558,-2.1146729093241987,-31.81185153548483,187.98290600534528
1072,/yh/study/new_data/model_dataset_flight/vi/vi_001072.jpg,3,18,-386.143310546875,243.91171264648438,2207.368400676881,-3.029059826423569,2212.206122841222,-2.6180282133631585,-386.2779541015625,240.8453369140625,0.6167430281639099,2210.680812712424,-3.187648995806618,-385.886962890625,237.0118865966797,2214.585693359375,-5.648839950561523,9.0,9.0,2.994828701019287,-0.1374077945947647,3.6388940811157227,-0.13878314197063446,0.49760110562426124,2210.680812712424,-5.2897570295787215,-388.99520694668394,239.40268559371842,5.335226146829995,-389.4877765275986,241.66721116241047,-3.3444659807236374,-2.2445014840739046,-31.812653602464632,162.9872260382399
1073,/yh/study/new_data/model_dataset_flight/vi/vi_001073.jpg,3,18,-383.36572265625,242.10845947265625,2210.680812712424,-5.2897570295787215,2214.51749204819,-5.490184288546892,-385.85980224609375,237.18243408203125,0.5970898270606995,2213.99218315642,-5.452181385324037,-380.533935546875,236.34767150878906,2219.46484375,-3.3487844467163086,9.0,9.0,3.05991792678833,-0.14222267270088196,3.6912126541137695,-0.143376424908638,0.4892764390473379,2213.99218315642,-3.655665924255609,-385.32313815057876,239.01366282505592,3.661863147010897,-386.64726664202374,239.73552433787356,-3.281543985773753,-2.3729351347827037,-31.8135372581885,178.02592797670513
1074,/yh/study/new_data/model_dataset_flight/vi/vi_001074.jpg,3,18,-380.58837890625,240.30538940429688,2213.99218315642,-3.655665924255609,2219.464002250381,-3.409714909251604,-380.56719970703125,236.29661560058594,0.6071790456771851,2217.3032493894107,-3.8238434246227735,-380.56719970703125,236.29661560058594,2219.464111328125,-3.409714937210083,9.0,9.0,2.9989919662475586,-0.13738484680652618,3.6423726081848145,-0.13883550465106964,0.4934759915306909,2217.3032493894107,-3.4701354692435866,-382.42564131926963,237.40056231314094,3.4370850445993004,-383.80221283908713,237.80559301835933,-3.213833932837153,-2.4997963859375516,-31.817025243698556,159.884202061221
1075,/yh/study/new_data/model_dataset_flight/vi/vi_001075.jpg,3,18,-377.8736572265625,238.56005859375,2217.3032493894107,-3.4701354692435866,2226.0059925385553,-4.617107102851764,-375.6836853027344,231.77923583984375,0.607735812664032,2220.530527048437,-3.6365746597505217,-375.6836853027344,231.77923583984375,2226.006103515625,-4.617106914520264,9.0,9.0,2.963855266571045,-0.13475178182125092,3.613499402999878,-0.13631726801395416,0.495799323065553,2220.530527048437,-4.474049186520595,-380.23476430044633,234.82700024305626,4.4170749669921285,-381.01501806490904,235.9351517401179,-3.141360838346526,-2.6249068536321003,-31.81782261492331,170.69666599854827
1076,/yh/study/new_data/model_dataset_flight/vi/vi_001076.jpg,3,18,-375.1526184082031,236.81068420410156,2220.530527048437,-4.474049186520595,2226.122097148,-5.09869182260082,-375.8429870605469,231.31016540527344,0.603337287902832,2223.7653050489193,-4.6375978944826315,-372.65325927734375,230.35415649414062,2229.328857421875,-4.201615810394287,9.0,9.0,3.0177834033966064,-0.13852988183498383,3.6574957370758057,-0.1399502456188202,0.4922100586567113,2223.7653050489193,-4.265224739213141,-377.3892903157389,233.27436565483157,4.184286092497824,-378.21677489526223,234.06259670115324,-3.064156487059127,-2.748087502948315,-31.817527689489374,158.87146291788667
1077,/yh/study/new_data/model_dataset_flight/vi/vi_001077.jpg,3,18,-372.1733093261719,234.895263671875,2223.7653050489193,-4.265224739213141,2229.2281762363295,-4.100373243616859,-372.68426513671875,230.49356079101562,0.6073474884033203,2227.3071167077624,-4.430761917729529,-372.9988708496094,225.13717651367188,2231.825439453125,-8.795451164245605,9.0,9.0,3.032641887664795,-0.13968881964683533,3.6694579124450684,-0.14103098213672638,0.4907222513564121,2227.3071167077624,-8.158651585247764,-376.4771500528017,228.09062158583393,8.051471848011312,-375.15556886007926,232.02610475842482,-2.982259533907372,-2.8691589134501925,-31.818592238504547,180.31968595460057
1078,/yh/study/new_data/model_dataset_flight/vi/vi_001078.jpg,3,18,-369.3402099609375,233.13587951660156,2227.3071167077624,-8.158651585247764,2231.8458055653805,-8.57013831222524,-372.86126708984375,225.31674194335938,0.5798841714859009,2230.6419524822295,-8.325972134735832,-368.2614440917969,224.95159912109375,2235.928466796875,-6.419942855834961,9.0,9.0,3.08504056930542,-0.14336368441581726,3.7103724479675293,-0.1446116864681244,0.48322163643068033,2230.6419524822295,-6.698028779897129,-372.8779756007362,227.54245018401207,6.618325877502015,-372.2359255558912,230.1479379642545,-2.8957155949536744,-2.987941552347057,-31.819804970608192,178.24062798172235
1079,/yh/study/new_data/model_dataset_flight/vi/vi_001079.jpg,3,18,-366.507080078125,231.37649536132812,2230.6419524822295,-6.698028779897129,2238.942730234146,-10.0,-368.51397705078125,218.9134063720703,0.5425547957420349,2233.976814048403,-6.869355446967518,-361.4776916503906,227.5137176513672,2240.292236328125,-0.6283942461013794,9.0,9.0,3.070552110671997,-0.14131690561771393,3.698620557785034,-0.14291250705718994,0.48160517611406156,2233.976814048403,-1.5389382140197565,-367.3017971948974,230.11999776237477,1.4867284593585337,-369.31165740509385,228.272239306473,-2.804577326968828,-3.104256054855103,-31.82321841100676,173.5180460382253
1080,/yh/study/new_data/model_dataset_flight/vi/vi_001080.jpg,3,18,-363.676513671875,229.61871337890625,2233.976814048403,-1.5389382140197565,2240.4742454100583,-1.6015212110043915,-361.843994140625,226.59396362304688,0.5535709857940674,2237.308652684392,-1.7103159324683954,-362.7634582519531,220.42630004882812,2242.994140625,-7.305567741394043,9.0,9.0,3.0694844722747803,-0.14173613488674164,3.698042631149292,-0.14316129684448242,0.48088379074383186,2237.308652684392,-6.489231504133896,-367.132052387812,224.15528996945756,6.464498678803446,-366.3854181670484,226.4007898676477,-2.7089044951734014,-3.2179235112585567,-31.826002940393156,171.1471809539944
1081,/yh/study/new_data/model_dataset_flight/vi/vi_001081.jpg,3,18,-361.0223388671875,227.96498107910156,2237.308652684392,-6.489231504133896,2242.8282315069946,-6.243688046267059,-362.3359680175781,221.41236877441406,0.5185481905937195,2240.4357964511246,-6.660999826720909,-356.58868408203125,224.17529296875,2246.20849609375,-0.8364648818969727,9.0,9.0,3.105898141860962,-0.14428433775901794,3.7261433601379395,-0.14564815163612366,0.4739000824000525,2240.4357964511246,-1.6862530778567866,-361.92178164027086,226.5429056500926,1.6826454848966077,-363.6311028958943,224.63621531895797,-2.608764028706764,-3.328765760143604,-31.828065390718237,189.2642609309405
1082,/yh/study/new_data/model_dataset_flight/vi/vi_001082.jpg,3,18,-358.10552978515625,226.1476287841797,2240.4357964511246,-1.6862530778567866,2246.266199027016,-1.1477741724262853,-356.7064208984375,223.88140869140625,0.5667928457260132,2243.872365215243,-1.8605619441192225,-357.5019836425781,217.88882446289062,2248.797119140625,-6.637623310089111,9.0,9.0,3.0904133319854736,-0.14340566098690033,3.7141919136047363,-0.14474305510520935,0.4740787878963835,2243.872365215243,-5.940659449689509,-361.2915449420676,221.11033902358506,5.960283610052502,-360.6097598485668,222.7110230969248,-2.5042300634105215,-3.4366056872548927,-31.831850276013775,193.95942299161106
1083,/yh/study/new_data/model_dataset_flight/vi/vi_001083.jpg,3,18,-355.1899719238281,224.33103942871094,2243.872365215243,-5.940659449689509,2248.757241926787,-5.851519624170536,-357.115478515625,218.5745086669922,0.5115758180618286,2247.3074686970917,-6.115283058278681,-351.3613586425781,220.29437255859375,2252.700927734375,-1.3221771717071533,9.0,9.0,3.1249873638153076,-0.1457119882106781,3.7406229972839355,-0.14701320230960846,0.46730798935563816,2247.3074686970917,-2.0214818961150014,-356.2934319942591,222.58639985851025,2.0643137738593826,-357.5853558953693,220.78977189931373,-2.3953839715411567,-3.5412675293972105,-31.83424788585586,214.57069099415094
1084,/yh/study/new_data/model_dataset_flight/vi/vi_001084.jpg,3,18,-351.1648864746094,221.77389526367188,2247.3074686970917,-2.0214818961150014,2252.85479028873,-1.8617585623228188,-351.519775390625,219.75611877441406,0.5415672063827515,2252.0761380502,-2.1984132177359426,-347.4383239746094,212.08224487304688,2260.40625,-6.165574073791504,9.0,9.0,3.1594979763031006,-0.14892755448818207,3.7671802043914795,-0.1499299854040146,0.45834379295681954,2252.0761380502,-5.586773105321779,-354.16902008684866,217.02417163113833,5.620026098305373,-353.447200852662,218.13131808088795,-2.282314378052615,-3.642577182783933,-31.838176098402265,185.24580704979599
1085,/yh/study/new_data/model_dataset_flight/vi/vi_001085.jpg,3,18,-346.7442321777344,218.96543884277344,2252.0761380502,-5.586773105321779,2260.4661828014096,-6.34976131406458,-347.486083984375,211.89451599121094,0.6071635484695435,2257.0941224404587,-5.767671473680391,-343.86785888671875,211.0277557373047,2263.9873046875,-5.148208141326904,9.0,9.0,3.1636197566986084,-0.14807970821857452,3.7696027755737305,-0.14938639104366302,0.45587179808580386,2257.313456169867,-5.238586623497696,-349.5566193783767,214.51887831154346,5.261313745085818,-348.9093493408532,215.2250763275628,-2.1651171631188686,-3.7403625152106588,-31.843866926641354,172.10023605730385
1086,/yh/study/new_data/model_dataset_flight/vi/vi_001086.jpg,3,18,-343.8734130859375,217.12535095214844,2257.313456169867,-5.238586623497696,2264.139525641284,-5.134530126848483,-343.73199462890625,210.9580078125,0.6238042712211609,2260.72330993772,-5.4205051849562835,-343.64056396484375,206.24026489257812,2266.738525390625,-9.072822570800781,9.0,9.0,3.1392126083374023,-0.14605851471424103,3.7512965202331543,-0.14748592674732208,0.45731008651462046,2260.72330993772,-8.539956645573977,-348.43952378752374,209.90604358854492,8.542117170193837,-345.9173085365338,213.2908972707357,-2.0438954505963105,-3.834453681412717,-31.848431147193363,178.38522302918136
1087,/yh/study/new_data/model_dataset_flight/vi/vi_001087.jpg,3,18,-341.0033264160156,215.28573608398438,2260.72330993772,-8.539956645573977,2266.616677233238,-9.018748520041328,-343.7147216796875,206.3511505126953,0.5839514136314392,2264.132291854788,-8.720585153903368,-338.84527587890625,206.9514923095703,2270.4111328125,-5.908456325531006,9.0,9.0,3.1567437648773193,-0.14733044803142548,3.76428484916687,-0.1487211287021637,0.45255045851932646,2264.132291854788,-6.318740392243112,-344.371116989919,209.96104798984587,6.300342581918298,-342.9220859981726,211.3610526430389,-1.9187595821569468,-3.924683440945462,-31.850894497606216,169.99919805675745
1088,/yh/study/new_data/model_dataset_flight/vi/vi_001088.jpg,3,18,-338.39044189453125,213.61097717285156,2264.132291854788,-6.318740392243112,2270.442733639233,-6.151480399744748,-338.948486328125,206.72921752929688,0.5772204399108887,2267.235779026025,-6.500122720514978,-334.3287658691406,206.30804443359375,2274.572265625,-4.0380024909973145,9.0,9.0,3.1718626022338867,-0.1486269235610962,3.775663375854492,-0.14991873502731323,0.4479368791783944,2267.235779026025,-4.3972209913408165,-340.7210970397458,209.92606523104914,4.36010658410471,-340.1802689713859,209.60008969494163,-1.789827076854638,-4.010887477909926,-31.854161515824444,141.31805999204516
1089,/yh/study/new_data/model_dataset_flight/vi/vi_001089.jpg,3,18,-335.52252197265625,211.7858123779297,2267.235779026025,-4.3972209913408165,2274.6043867917324,-4.105691432718746,-334.3377380371094,206.23362731933594,0.5938928723335266,2270.6352055773013,-4.580187909094036,-334.403564453125,202.302490234375,2276.650146484375,-7.463249683380127,9.0,9.0,3.1337056159973145,-0.14552263915538788,3.747011184692383,-0.14701072871685028,0.4516669095171619,2270.6352055773013,-7.04261663933109,-339.26216882474455,205.8731961885802,6.995998054666072,-337.1797445485783,207.69290765610032,-1.6572225759220378,-4.092904721829376,-31.85789987045626,163.11627603136003
1090,/yh/study/new_data/model_dataset_flight/vi/vi_001090.jpg,3,18,-332.6539611816406,209.96022033691406,2270.6352055773013,-7.04261663933109,2276.6832782861097,-7.737608452236484,-334.5221862792969,202.05288696289062,0.5928200483322144,2274.0354021349044,-7.223533052995908,-330.485595703125,201.96505737304688,2280.1416015625,-5.654114246368408,9.0,9.0,3.146829843521118,-0.146432563662529,3.756906509399414,-0.14788348972797394,0.44909235508689016,2274.0354021349044,-5.883089364386127,-335.7687030538655,205.03561810901192,5.826948089150082,-334.17503895426734,205.7896426679448,-1.5210777726266975,-4.170577668969255,-31.859024290348376,175.6941870553419
1091,/yh/study/new_data/model_dataset_flight/vi/vi_001091.jpg,3,18,-330.0468444824219,208.301025390625,2274.0354021349044,-5.883089364386127,2280.097647384977,-5.449067094943137,-330.4132385253906,202.1619110107422,0.6028769016265869,2277.1256950984357,-6.0640433736806365,-325.21685791015625,201.90316772460938,2284.627685546875,-2.890064239501953,9.0,9.0,3.1707468032836914,-0.14850394427776337,3.774879217147827,-0.14979806542396545,0.4438077630208573,2277.1256950984357,-3.3531415543431518,-331.80460424293375,205.5218969787579,3.2883543156603032,-331.428375809475,204.05727268724536,-1.38153132705315,-4.243752703379642,-31.860656225312333,193.63014993723482
1092,/yh/study/new_data/model_dataset_flight/vi/vi_001092.jpg,3,18,-327.2398376464844,206.50228881835938,2277.1256950984357,-3.3531415543431518,2280.0725367393657,-5.696933951577091,-330.56695556640625,201.96585083007812,0.6014665365219116,2280.4595144391133,-3.5360530397767302,-325.0440673828125,195.81655883789062,2288.027099609375,-7.941753387451172,9.0,9.0,3.194849729537964,-0.15097513794898987,3.7930848598480225,-0.15200388431549072,0.4366174948155379,2280.4595144391133,-7.298970369432389,-331.09625814848016,200.40504616553918,7.214454037249342,-328.4785664121953,202.1900084014301,-1.2387287657109294,-4.312280416929261,-31.8635666329507,176.69251305051148
1093,/yh/study/new_data/model_dataset_flight/vi/vi_001093.jpg,3,18,-324.429443359375,204.7013702392578,2280.4595144391133,-7.298970369432389,2288.074581992029,-7.940030538272897,-325.00311279296875,195.79269409179688,0.5581369400024414,2283.797363031002,-7.485038382742822,-320.36383056640625,195.3126220703125,2292.251953125,-5.86587381362915,9.0,9.0,3.197807788848877,-0.15027719736099243,3.7947046756744385,-0.1515551209449768,0.4347515991920815,2283.797363031002,-6.102106740581012,-327.6355274943508,199.63235016580126,5.997827938983337,-325.52226572528133,200.3253543116666,-1.0928223659063125,-4.3760159275912205,-31.867974959770986,176.41540407203138
1094,/yh/study/new_data/model_dataset_flight/vi/vi_001094.jpg,3,18,-321.6215515136719,202.90203857421875,2283.797363031002,-6.102106740581012,2288.172688283067,-8.158856513191699,-325.03717041015625,195.55531311035156,0.5617345571517944,2287.1322484325656,-6.288966348277545,-321.13800048828125,189.37425231933594,2294.77197265625,-11.298468589782715,9.0,9.0,3.2106449604034424,-0.1516544669866562,3.8042795658111572,-0.15276962518692017,0.4296714592338994,2287.1322484325656,-10.0,-326.90065691300225,194.55544188102263,9.875962240516694,-322.5655225385237,198.4672193789858,-0.9439710248517797,-4.434819195232952,-31.871493441008468,176.1916079558432
1095,/yh/study/new_data/model_dataset_flight/vi/vi_001095.jpg,3,18,-318.77154541015625,201.1204833984375,2287.1322484325656,-10.0,2294.841396896249,-10.0,-321.2981262207031,188.99139404296875,0.5831599235534668,2290.493224128755,-10.0,-318.317138671875,188.20803833007812,2297.779541015625,-10.776220321655273,9.0,9.0,3.185527801513672,-0.14889153838157654,3.7856030464172363,-0.1503189206123352,0.43298554172438364,2290.493224128755,-10.0,-324.0601530766631,192.75886302494098,9.893738743301592,-319.56388552368173,196.63192806427884,-0.792340113525503,-4.488555334158676,-31.875558497462105,160.35427304450423
1096,/yh/study/new_data/model_dataset_flight/vi/vi_001096.jpg,3,18,-315.9222717285156,199.33937072753906,2290.493224128755,-10.0,2296.6050601725788,-10.0,-321.6534423828125,185.13021850585938,0.5898202657699585,2293.853344287053,-10.0,-312.309814453125,188.25741577148438,2302.830078125,-7.52332878112793,9.0,9.0,3.20542573928833,-0.15125790238380432,3.800630807876587,-0.15237724781036377,0.42674354923578534,2293.853344287053,-7.884670242207362,-320.0896420932527,192.75049684181417,7.796167958611211,-316.5603730438449,194.80227580589042,-0.6381013153292706,-4.5370949216486425,-31.877040861955415,150.87628492619842
1097,/yh/study/new_data/model_dataset_flight/vi/vi_001097.jpg,3,18,-313.0736999511719,197.55870056152344,2293.853344287053,-7.884670242207362,2299.8865838140077,-10.0,-318.2982177734375,184.29608154296875,0.6254664659500122,2297.212634699165,-8.073047518270327,-311.8510437011719,184.48863220214844,2305.232421875,-10.4632568359375,9.0,9.0,3.211880922317505,-0.1514766961336136,3.8051369190216064,-0.15264683961868286,0.4241995972546465,2297.212634699165,-10.0,-318.3812927609442,189.1670634859512,9.92925547271624,-313.55513240080614,192.97838625978505,-0.48143244963427073,-4.580314301738389,-31.88018909891511,180.99518597591668
1098,/yh/study/new_data/model_dataset_flight/vi/vi_001098.jpg,3,18,-310.3135681152344,195.83432006835938,2297.212634699165,-10.0,2302.4500373480387,-10.0,-317.4856872558594,180.78512573242188,0.600759744644165,2300.4670916162568,-10.0,-307.0425109863281,184.80844116210938,2309.12548828125,-7.622615337371826,9.0,9.0,3.2228176593780518,-0.15252353250980377,3.813173770904541,-0.15359702706336975,0.41969887611757833,2300.4670916162568,-7.9694710851174335,-314.5454118029364,189.14350981585355,7.916782353467903,-310.63608539557316,191.21622418487723,-0.3225172803388041,-4.61809588348215,-31.88312584013439,188.73969709966332
1099,/yh/study/new_data/model_dataset_flight/vi/vi_001099.jpg,3,18,-307.3031921386719,193.95361328125,2300.4670916162568,-7.9694710851174335,2307.362787630473,-10.0,-311.6596374511719,180.80587768554688,0.5772572755813599,2304.0166033166784,-8.160239893243883,-302.3875427246094,180.68634033203125,2315.262939453125,-8.618107795715332,9.0,9.0,3.231684684753418,-0.1533534824848175,3.8196778297424316,-0.15434959530830383,0.41534201583990354,2304.0166033166784,-8.551305769027367,-311.85658256755215,186.75441746649304,8.518320537349641,-307.46473744827586,189.3032848483035,-0.1615453096039794,-4.650328432946502,-31.886609956982603,175.69062707480043
1100,/yh/study/new_data/model_dataset_flight/vi/vi_001100.jpg,3,18,-304.5564880371094,192.2376251220703,2304.0166033166784,-8.551305769027367,2311.182125544296,-10.0,-307.0275573730469,180.98440551757812,0.5866068601608276,2307.255225837569,-8.743564007819787,-302.24249267578125,180.80633544921875,2315.3212890625,-8.439159393310547,9.0,9.0,3.225202798843384,-0.1518852412700653,3.8144006729125977,-0.15317435562610626,0.415946327498891,2307.255225837569,-8.483571428031969,-309.0832778422384,185.08048656161,8.468557038448033,-304.55519959407854,187.56071776388453,0.001288443030815606,-4.676907358185782,-31.890399538033197,159.98853696510196
1101,/yh/study/new_data/model_dataset_flight/vi/vi_001101.jpg,3,18,-301.740234375,190.4744415283203,2307.255225837569,-8.483571428031969,2311.2199804687593,-10.0,-306.95770263671875,181.02403259277344,0.5875193476676941,2310.5778555453376,-8.675199139089631,-297.1964111328125,180.7271270751953,2319.62841796875,-5.808764934539795,9.0,9.0,3.234139919281006,-0.15345560014247894,3.821420669555664,-0.15446330606937408,0.4110654903262558,2310.5778555453376,-6.226972048858265,-305.0689372511363,185.2115535355715,6.227218709971365,-301.57445069908874,185.77670654186403,0.16578367591125853,-4.697734986456286,-31.89265125930348,155.75407107826322
1102,/yh/study/new_data/model_dataset_flight/vi/vi_001102.jpg,3,18,-298.9256286621094,188.7122802734375,2310.5778555453376,-6.226972048858265,2315.497067921662,-8.466370256753693,-302.1085510253906,180.68942260742188,0.5895836353302002,2313.898546019068,-6.419885253289799,-293.893310546875,175.00633239746094,2325.47802734375,-8.878010749816895,9.0,9.0,3.2413954734802246,-0.15412645041942596,3.8266773223876953,-0.15507017076015472,0.4075700076163695,2313.898546019068,-8.519375073162074,-303.48786326929564,181.49910125815336,8.53486591092933,-298.5938936074782,183.9995594405016,0.33173505463116465,-4.712720832935911,-31.895823188481863,174.25135499797761
1103,/yh/study/new_data/model_dataset_flight/vi/vi_001103.jpg,3,18,-296.11077880859375,186.949951171875,2313.898546019068,-8.519375073162074,2318.4635559913804,-10.0,-301.86279296875,175.52838134765625,0.5752014517784119,2317.2195325473576,-8.71353322490787,-293.7420349121094,175.32012939453125,2325.43798828125,-8.531944274902344,9.0,9.0,3.2438724040985107,-0.15412908792495728,3.8283438682556152,-0.1551145613193512,0.40528565618454404,2317.2195325473576,-8.558437745658935,-300.70203657820036,179.69088471673882,8.589161408837095,-295.61184633341526,182.22816931164968,0.49893247517851325,-4.721781860225308,-31.89910834939008,225.6895110476762
1104,/yh/study/new_data/model_dataset_flight/vi/vi_001104.jpg,3,18,-293.50213623046875,185.28282165527344,2317.2195325473576,-8.558437745658935,2324.622281060047,-10.0,-297.3629455566406,171.12139892578125,0.5880240201950073,2320.3153564482786,-8.753218065588058,-290.033203125,175.1890869140625,2328.642578125,-6.6601715087890625,9.0,9.0,3.235363721847534,-0.15261682868003845,3.821728467941284,-0.1538727730512619,0.40637005543698934,2320.3153564482786,-6.965542885973903,-297.23415643099133,179.38226368032292,6.981730386720813,-292.8349748899589,180.5579789273536,0.667161340509837,-4.72484272791986,-31.902043222979497,186.07933993916959
1105,/yh/study/new_data/model_dataset_flight/vi/vi_001105.jpg,3,18,-290.6324768066406,183.4488983154297,2320.3153564482786,-6.965542885973903,2328.18785441499,-10.0,-293.304443359375,170.8677978515625,0.5990665555000305,2323.720934926988,-7.1592839095144,-289.5557556152344,170.75119018554688,2331.41845703125,-10.155611991882324,9.0,9.0,3.215205192565918,-0.15076595544815063,3.807111978530884,-0.15217256546020508,0.40990110315532724,2323.720934926988,-9.71845361619399,-295.8275001649273,175.2352406019749,9.718664554708088,-289.79627395647753,178.7270622838741,0.8362028501630744,-4.721836031555605,-31.903571344404156,170.31105607748032
1106,/yh/study/new_data/model_dataset_flight/vi/vi_001106.jpg,3,18,-287.7671813964844,181.6177520751953,2323.720934926988,-9.71845361619399,2328.18935719693,-10.0,-293.5076904296875,170.54364013671875,0.5957987308502197,2327.1213407184814,-9.910085916809301,-286.848388671875,169.57029724121094,2334.337646484375,-9.706437110900879,9.0,9.0,3.226396083831787,-0.15246351063251495,3.815656900405884,-0.15359386801719666,0.40667885469266796,2327.1213407184814,-9.736149071258517,-292.96313121803365,173.40262956522315,9.720397749161773,-286.7613470940044,176.90504954494654,1.0058343024799596,-4.712702530248788,-31.903328765966915,144.91042611189187
1107,/yh/study/new_data/model_dataset_flight/vi/vi_001107.jpg,3,18,-285.0561218261719,179.91217041015625,2327.1213407184814,-9.736149071258517,2333.9367421356583,-10.0,-288.8770751953125,167.11293029785156,0.5846993327140808,2330.324275830137,-9.928489698571177,-284.834716796875,167.31698608398438,2337.244140625,-10.534416198730469,9.0,9.0,3.2106213569641113,-0.15056905150413513,3.8039443492889404,-0.15194228291511536,0.40975051882846963,2330.324275830137,-10.0,-290.3972333205135,171.4675381922961,9.991961033246177,-283.8802924171945,175.21477904778945,1.1758294089773937,-4.697391362366811,-31.904298866272466,138.74849793501198
1108,/yh/study/new_data/model_dataset_flight/vi/vi_001108.jpg,3,18,-282.34503173828125,178.20655822753906,2330.324275830137,-10.0,2333.9912785422116,-10.0,-289.0997009277344,166.65892028808594,0.5875461101531982,2333.5272530463913,-10.0,-284.4319152832031,163.1331024169922,2339.82080078125,-13.855080604553223,9.0,9.0,3.221663475036621,-0.15209203958511353,3.8122403621673584,-0.153231680393219,0.40732678884889356,2333.5272530463913,-10.0,-287.69026073490653,169.7554159803571,9.999663909775542,-280.99907311791253,173.53069797895105,1.345958620368696,-4.6758602485880205,-31.90385437036789,156.07285406440496
1109,/yh/study/new_data/model_dataset_flight/vi/vi_001109.jpg,3,18,-279.3623046875,176.330078125,2333.5272530463913,-10.0,2339.2454317505126,-10.0,-286.4712219238281,160.9854278564453,0.640634298324585,2337.051138125359,-10.0,-281.4844055175781,162.05123901367188,2342.890380859375,-13.19384479522705,9.0,9.0,3.2098305225372314,-0.15096908807754517,3.803600788116455,-0.1522108018398285,0.4096953970674335,2337.051138125359,-10.0,-284.7120752344952,167.871755401879,10.00816008035256,-277.8463152237951,171.68200244326974,1.5159894637049225,-4.64807568173026,-31.90441375218874,162.85948897711933
1110,/yh/study/new_data/model_dataset_flight/vi/vi_001110.jpg,3,18,-274.939453125,173.52549743652344,2337.051138125359,-10.0,2339.261378457292,-10.0,-286.5357666015625,160.85354614257812,0.6476093530654907,2342.169596873223,-10.0,-270.276123046875,161.5760498046875,2352.616943359375,-7.604162693023682,9.0,9.0,3.228226900100708,-0.1533593237400055,3.8175511360168457,-0.15426114201545715,0.40402604657163205,2342.2882415105123,-7.953710645297177,-279.1921506286881,166.80171599318479,7.95579492921106,-273.253766234928,168.91148433377268,1.6856868900720203,-4.614013102750758,-31.903948338829828,148.07868900243193
1111,/yh/study/new_data/model_dataset_flight/vi/vi_001111.jpg,3,18,-270.86553955078125,170.9422149658203,2342.2882415105123,-7.953710645297177,2345.6771688376384,-10.0,-280.2763366699219,158.74766540527344,0.6464205980300903,2347.1121495860793,-8.146665930607922,-260.79339599609375,165.6204071044922,2358.46923828125,0.8828010559082031,9.0,9.0,3.2392373085021973,-0.1542489379644394,3.8254599571228027,-0.15510356426239014,0.3999386052402025,2347.1121495860793,-0.43458042323788515,-271.09597790160734,170.57787748219425,0.43109585419766866,-269.0107259185326,166.36855790347437,1.8548136322486588,-4.573657062345938,-31.90563008614996,158.93906401470304
1112,/yh/study/new_data/model_dataset_flight/vi/vi_001112.jpg,3,18,-268.18585205078125,169.2104949951172,2347.1121495860793,-0.43458042323788515,2350.195584173933,-6.150694080831007,-271.5455322265625,164.09872436523438,0.4577409625053406,2350.3025428162705,-0.629262574317063,-260.61590576171875,160.88458251953125,2361.15087890625,-3.024770498275757,9.0,9.0,3.245187759399414,-0.154669851064682,3.829650402069092,-0.15551415085792542,0.3975076715454862,2350.3025428162705,-2.6752706023368833,-269.5973810457301,166.97877913600874,2.640638138666015,-266.16272147908273,164.68349362751076,2.023130571698542,-4.527001367606431,-31.90815381436785,191.4788590511307
1113,/yh/study/new_data/model_dataset_flight/vi/vi_001113.jpg,3,18,-265.2349853515625,167.3035430908203,2350.3025428162705,-2.6752706023368833,2358.9472963567846,0.4555732408213697,-260.6177673339844,165.00381469726562,0.6074045896530151,2353.8157897772253,-2.8711169066343305,-257.6678466796875,159.88153076171875,2364.178466796875,-2.2966341972351074,9.0,9.0,3.2414374351501465,-0.1539047509431839,3.8266241550445557,-0.15489673614501953,0.39795296786285933,2353.8157897772253,-2.380450094960008,-266.47059266329524,165.34997044506363,2.3115301233287338,-263.04458823731926,162.82949387760976,2.190397114243232,-4.474049213210542,-31.91064507250676,203.37862300220877
1114,/yh/study/new_data/model_dataset_flight/vi/vi_001114.jpg,3,18,-262.28704833984375,165.39849853515625,2353.8157897772253,-2.380450094960008,2361.3103151518567,-3.1900752040385436,-260.5694274902344,160.6595916748047,0.6286979913711548,2357.3255411785954,-2.576115663073335,-255.54872131347656,158.518310546875,2366.6982421875,-2.315990447998047,9.0,9.0,3.242555856704712,-0.15384575724601746,3.8272905349731445,-0.15487469732761383,0.3972047419836256,2357.3255411785954,-2.353942205406409,-263.49018258611545,163.4962678423053,2.25078066976239,-259.9306767661126,160.98368523848532,2.3563715737311544,-4.414813296670942,-31.912108547258143,187.33365507796407
1115,/yh/study/new_data/model_dataset_flight/vi/vi_001115.jpg,3,18,-259.55682373046875,163.6753387451172,2357.3255411785954,-2.353942205406409,2364.1000770447017,-2.2667760266018955,-257.7181396484375,159.94866943359375,0.6490974426269531,2360.5540697078955,-2.54952781388877,-255.81423950195312,154.6124267578125,2368.5615234375,-5.7589497566223145,9.0,9.0,3.2344439029693604,-0.1531418114900589,3.8213751316070557,-0.1542239636182785,0.3985336406640162,2360.5540697078955,-5.290701405702373,-262.33143330001747,159.2885070177105,5.190640699182844,-257.03601216747336,159.32602282793852,2.5208115629953642,-4.349315917178669,-31.913321679568185,194.09386697225273
1116,/yh/study/new_data/model_dataset_flight/vi/vi_001116.jpg,3,18,-256.5542907714844,161.7803192138672,2360.5540697078955,-5.290701405702373,2365.83007107762,-5.648734167766544,-258.0638427734375,156.16567993164062,0.649657130241394,2364.1046036864554,-5.485611902175686,-250.78819274902344,153.73524475097656,2373.2783203125,-3.813666343688965,9.0,9.0,3.2422595024108887,-0.15425705909729004,3.827333927154541,-0.15516649186611176,0.39566071902480604,2364.1046036864554,-4.05759991320975,-258.67158254003937,158.432748150748,3.9609539830479696,-253.87081638011972,157.5027301562432,2.683474391364658,-4.2775890576239926,-31.913645099697558,155.3949019871652
1117,/yh/study/new_data/model_dataset_flight/vi/vi_001117.jpg,3,18,-253.82090759277344,160.05516052246094,2364.1046036864554,-4.05759991320975,2368.910065820186,-6.283259788086813,-255.79998779296875,153.9830322265625,0.6203027367591858,2367.336870151814,-4.253302346795871,-244.2133026123047,153.42929077148438,2378.99853515625,-0.557693600654602,9.0,9.0,3.247994899749756,-0.15490394830703735,3.831645965576172,-0.15573857724666595,0.3928447600960567,2367.336870151814,-1.0968756502270818,-254.35722825270466,159.2072039260192,1.0033295768181723,-250.97679012480188,155.85548607305515,2.8441174679715484,-4.19967444940578,-31.914860846689393,176.06391897425056
1118,/yh/study/new_data/model_dataset_flight/vi/vi_001118.jpg,3,18,-251.05770874023438,158.3080596923828,2367.336870151814,-1.0968756502270818,2373.5445338393547,-3.7047221252254268,-250.50486755371094,153.68495178222656,0.5521998405456543,2370.6060640839282,-1.2935742413401723,-244.21005249023438,150.292724609375,2380.677734375,-3.2068021297454834,9.0,9.0,3.248411178588867,-0.15492889285087585,3.8318660259246826,-0.15576617419719696,0.39231237886676595,2370.6060640839282,-2.9276659427108807,-252.57292532444765,155.91240725231685,2.8346131853692023,-248.0552100301564,154.19243607270494,3.0024987100779903,-4.115623619677886,-31.91663666919317,174.9103469774127
1119,/yh/study/new_data/model_dataset_flight/vi/vi_001119.jpg,3,18,-248.29263305664062,156.55978393554688,2370.6060640839282,-2.9276659427108807,2373.4915536512544,-4.294604710887714,-250.86495971679688,153.21473693847656,0.5190333724021912,2373.87747225234,-3.1248128650608105,-238.64244079589844,149.4727783203125,2385.821533203125,-0.9236575961112976,9.0,9.0,3.250905990600586,-0.15525272488594055,3.833773374557495,-0.1560460329055786,0.3905596349318643,2373.87747225234,-1.2448018218301782,-248.9085591810685,155.5859661076142,1.1522526427621012,-245.13425610102047,152.53428601482972,3.1583769556201555,-4.025497920717153,-31.917977280580768,178.0084960628301
1120,/yh/study/new_data/model_dataset_flight/vi/vi_001120.jpg,3,18,-245.52838134765625,154.81201171875,2373.87747225234,-1.2448018218301782,2381.149428057293,-2.569729397640725,-243.470947265625,150.5790557861328,0.512339174747467,2377.147914881956,-1.4424870337270745,-238.40011596679688,142.1011962890625,2389.966796875,-7.024163246154785,9.0,9.0,3.2525851726531982,-0.155134916305542,3.8348240852355957,-0.15599088370800018,0.38944719455122495,2377.147914881956,-6.209807661730674,-248.79856721531786,149.6416427860472,6.117747175988222,-242.21686896850127,150.88264317761428,3.311512379154983,-3.92936854113573,-31.919462126353732,188.97108605597168
1121,/yh/study/new_data/model_dataset_flight/vi/vi_001121.jpg,3,18,-242.76480102539062,153.04612731933594,2377.147914881956,-6.209807661730674,2384.799521465426,-9.333000989529683,-244.0013427734375,142.91200256347656,0.5112813711166382,2380.427471795799,-6.4076721942013775,-233.50526428222656,142.56590270996094,2393.855224609375,-4.01492166519165,9.0,9.0,3.254103422164917,-0.15499600768089294,3.8358843326568604,-0.1559191197156906,0.38808473189436604,2380.427471795799,-4.3640192626291965,-245.04022453518124,149.44854005675785,4.256781208938502,-239.30313411501416,149.21881082063746,3.461666910376476,-3.8273164986984867,-31.92081663824351,154.66994408052415
1122,/yh/study/new_data/model_dataset_flight/vi/vi_001122.jpg,3,18,-240.00369262695312,151.2818145751953,2380.427471795799,-4.3640192626291965,2390.2217984090244,-6.9998579504504095,-238.1715850830078,141.98541259765625,0.5754885673522949,2383.7040994674703,-4.561916100817368,-229.39413452148438,143.49517822265625,2396.8330078125,-1.0319846868515015,9.0,9.0,3.25168514251709,-0.15474526584148407,3.834083080291748,-0.1556989699602127,0.3881114656816643,2383.7040994674703,-1.5469947394225918,-240.76519208452027,150.07783617855114,1.4245860463520363,-236.39508797260066,147.5623819606481,3.6086046543524555,-3.7194326145471956,-31.92217392489764,159.8108869511634
1123,/yh/study/new_data/model_dataset_flight/vi/vi_001123.jpg,3,18,-237.23583984375,149.51321411132812,2383.7040994674703,-1.5469947394225918,2394.060636630653,-4.846314004452131,-233.77606201171875,141.75344848632812,0.603131890296936,2386.9887190676254,-1.7447000678870999,-230.76858520507812,136.01785278320312,2399.668212890625,-8.086091041564941,9.0,9.0,3.241870403289795,-0.15353348851203918,3.8267393112182617,-0.15465930104255676,0.3900094578581345,2386.9887190676254,-7.160894567263346,-240.99007891025974,143.57752671588995,7.0232966493571665,-233.4837475311261,145.9073966426562,3.752092312623897,-3.605817468671914,-31.923046828409653,169.06631097663194
1124,/yh/study/new_data/model_dataset_flight/vi/vi_001124.jpg,3,18,-234.49920654296875,147.7901611328125,2386.9887190676254,-7.160894567263346,2397.4406066950023,-10.0,-234.29229736328125,134.61412048339844,0.624930739402771,2390.222606760106,-7.357436651480418,-228.2015380859375,136.07913208007812,2401.80517578125,-6.662109851837158,9.0,9.0,3.225841522216797,-0.1517704576253891,3.8150181770324707,-0.1531210094690323,0.3927352636259249,2390.222606760106,-6.763556664719009,-238.04458921736034,142.18468879086114,6.632575554357272,-230.60730693867401,144.3035797962996,3.891899604294731,-3.486581336512897,-31.922949898420377,201.00099104456604
1125,/yh/study/new_data/model_dataset_flight/vi/vi_001125.jpg,3,18,-231.49073791503906,145.8959503173828,2390.222606760106,-6.763556664719009,2397.707907528468,-10.0,-234.4024658203125,133.93988037109375,0.6324862241744995,2393.7777249338696,-6.958057021631622,-226.92100524902344,133.9305419921875,2404.035888671875,-7.793478012084961,9.0,9.0,3.2305495738983154,-0.15272057056427002,3.8188517093658447,-0.15389008820056915,0.3914917423101595,2393.7777249338696,-7.671591732224078,-235.52538914758483,139.51691370257373,7.5478817360474055,-227.46293822880466,142.53410621076603,4.027799686234406,-3.361844106616787,-31.921932867244706,203.45601299777627
1126,/yh/study/new_data/model_dataset_flight/vi/vi_001126.jpg,3,18,-228.74928283691406,144.1698760986328,2393.7777249338696,-7.671591732224078,2402.4315301292154,-10.0,-231.12718200683594,130.28152465820312,0.6232885718345642,2397.0173026922994,-7.866115871389956,-227.17262268066406,128.67294311523438,2406.633544921875,-12.37139892578125,9.0,9.0,3.2052528858184814,-0.15019527077674866,3.8001251220703125,-0.1516345739364624,0.3967227333994637,2397.0173026922994,-10.0,-234.03211325320189,135.8173899200289,9.882930869485296,-224.58971326540637,140.938140919319,4.159569571507697,-3.231735179313803,-31.921707044115273,170.03020597621799
1127,/yh/study/new_data/model_dataset_flight/vi/vi_001127.jpg,3,18,-225.81781005859375,142.3313751220703,2397.0173026922994,-10.0,2404.101381973566,-10.0,-231.13916015625,127.13868713378906,0.6627955436706543,2400.477569205832,-10.0,-225.560791015625,127.37110137939453,2408.691650390625,-12.610050201416016,9.0,9.0,3.1982343196868896,-0.14992386102676392,3.7950775623321533,-0.15131671726703644,0.39907848165245696,2400.477569205832,-10.0,-231.10769451444443,133.96773606455235,9.896127315303222,-221.5308195134514,139.23498177564525,4.286990545142347,-3.0963933464250646,-31.919729410865862,173.17485297098756
1128,/yh/study/new_data/model_dataset_flight/vi/vi_001128.jpg,3,18,-222.8794403076172,140.48854064941406,2400.477569205832,-10.0,2406.873326455332,-10.0,-228.48023986816406,126.15695190429688,0.6949374675750732,2403.9459810757185,-10.0,-220.67526245117188,127.68020629882812,2412.655517578125,-9.737298011779785,9.0,9.0,3.2092196941375732,-0.15116970241069794,3.8032686710357666,-0.15240353345870972,0.3984803598524048,2403.9459810757185,-9.775625715323413,-228.05645456357487,132.30335645610626,9.68497376789246,-218.46959173127397,137.5325739973618,4.409848576343215,-2.9559666520522723,-31.917619416020866,178.00070298835635
1129,/yh/study/new_data/model_dataset_flight/vi/vi_001129.jpg,3,18,-220.21165466308594,138.81539916992188,2403.9459810757185,-9.775625715323413,2409.19021831301,-10.0,-226.63299560546875,124.74320220947266,0.71019047498703,2407.0950029431215,-9.967091301747287,-220.72195434570312,122.22978210449219,2415.529296875,-14.368642807006836,9.0,9.0,3.2158656120300293,-0.1516546756029129,3.8081037998199463,-0.15286467969417572,0.3986354531713317,2407.0950029431215,-10.0,-225.5150191675797,130.4304473101546,9.921345309893175,-215.6837199368252,136.00478693537667,4.5279347262607335,-2.8106122345452067,-31.91645727000575,170.12251692358404
1130,/yh/study/new_data/model_dataset_flight/vi/vi_001130.jpg,3,18,-217.21551513671875,136.92379760742188,2407.0950029431215,-10.0,2411.7632829792256,-10.0,-226.6258544921875,119.9408950805664,0.6697725057601929,2410.6383065152577,-10.0,-218.70921325683594,121.39863586425781,2417.6748046875,-13.995187759399414,9.0,9.0,3.2194972038269043,-0.1517980843782425,3.8106272220611572,-0.153030127286911,0.3988306738516324,2410.6383065152577,-10.0,-222.52042227079826,128.53640675354018,9.924231206344706,-212.5744695862935,134.263301457637,4.641045550425234,-2.6604961497848887,-31.915647599104414,168.9067690167576
1131,/yh/study/new_data/model_dataset_flight/vi/vi_001131.jpg,3,18,-214.49151611328125,135.20399475097656,2410.6383065152577,-10.0,2413.5763579538957,-10.0,-225.853271484375,117.77056121826172,0.7079156637191772,2413.859779118303,-10.0,-219.0345001220703,121.17630767822266,2417.518798828125,-14.356966018676758,9.0,9.0,3.1948013305664062,-0.1495925635099411,3.7925076484680176,-0.1510104238986969,0.4039804497228369,2413.859779118303,-10.0,-219.79781844537175,126.81439800154631,9.926841293059928,-209.7425326183208,132.698201575011,4.748983494960429,-2.505793175965537,-31.915052972440225,168.23437402490526
1132,/yh/study/new_data/model_dataset_flight/vi/vi_001132.jpg,3,18,-211.76593017578125,133.4832000732422,2413.859779118303,-10.0,2416.5648388652353,-10.0,-224.28057861328125,114.66634368896484,0.6690505743026733,2417.0831230590816,-10.0,-213.04867553710938,117.2969741821289,2424.651123046875,-14.435888290405273,9.0,9.0,3.215404510498047,-0.15205134451389313,3.808039665222168,-0.1531379073858261,0.4003261917951743,2417.0831230590816,-10.0,-217.0736330726531,125.09138894306152,9.929461419739043,-206.91437289008266,131.13651347314374,4.8515572856986005,-2.346686600098453,-31.912864056893795,186.85757694765925
1133,/yh/study/new_data/model_dataset_flight/vi/vi_001133.jpg,3,18,-209.04757690429688,131.75563049316406,2417.0831230590816,-10.0,2420.0846433581182,-10.0,-221.11334228515625,113.08921813964844,0.7811037302017212,2420.3039758276473,-10.0,-203.20594787597656,120.77153015136719,2431.112548828125,-6.2380523681640625,9.0,9.0,3.2310919761657715,-0.15323872864246368,3.8194284439086914,-0.15426185727119446,0.3975580441906151,2420.3039758276473,-6.786913130720581,-212.63402686115563,126.08522820227097,6.709402762811146,-204.09899459497086,129.57226250665693,4.948582309326014,-2.1833679865071267,-31.912720249395253,172.02254105359316
1134,/yh/study/new_data/model_dataset_flight/vi/vi_001134.jpg,3,18,-206.32176208496094,130.0233154296875,2420.3039758276473,-6.786913130720581,2422.5132849122883,-10.0,-219.35479736328125,111.326171875,0.8481944799423218,2423.5336713231827,-6.9804892282089845,-203.4698486328125,120.65018463134766,2430.954345703125,-6.481672286987305,9.0,9.0,3.237459659576416,-0.15347018837928772,3.823941946029663,-0.1545383632183075,0.3962262640241684,2423.5336713231827,-6.554448697912894,-209.78021177974244,124.55528958013568,6.469944434282355,-201.28188109926154,128.0072785020648,5.039880985699406,-2.016036927622707,-31.913595634186926,176.50306806899607
1135,/yh/study/new_data/model_dataset_flight/vi/vi_001135.jpg,3,18,-203.34063720703125,128.1287384033203,2423.5336713231827,-6.554448697912894,2422.4317415813016,-10.0,-219.52005004882812,111.21744537353516,0.8531733751296997,2427.0658758828927,-6.748953242051803,-197.25845336914062,117.27782440185547,2438.00634765625,-6.0115532875061035,9.0,9.0,3.244835138320923,-0.15406152606010437,3.8292479515075684,-0.15508782863616943,0.39362668335389095,2427.0658758828927,-6.119138490961893,-206.5623040369114,123.03508111201711,6.02697948926295,-198.21535407654468,126.28383762588774,5.125283130486575,-1.8449007774325688,-31.91463075469173,181.9339389912784
1136,/yh/study/new_data/model_dataset_flight/vi/vi_001136.jpg,3,18,-200.51148986816406,126.3474349975586,2427.0658758828927,-6.119138490961893,2426.5291883315704,-10.0,-214.4644775390625,111.5452651977539,0.7428887486457825,2430.4090883665226,-6.314632919238909,-197.3172607421875,117.26844787597656,2437.961669921875,-6.050912857055664,9.0,9.0,3.249450922012329,-0.15428128838539124,3.8324437141418457,-0.15532205998897552,0.3921969326615369,2430.4090883665226,-6.08938909558871,-203.72091038119905,121.27313990116421,6.004069516151674,-195.3068635608654,124.6772606295832,5.204626307298668,-1.6701743679753858,-31.916213437588468,176.1910979403183
1137,/yh/study/new_data/model_dataset_flight/vi/vi_001137.jpg,3,18,-197.68243408203125,124.56620788574219,2430.4090883665226,-6.08938909558871,2437.148050614131,-10.0,-200.83148193359375,113.2344970703125,0.5362744331359863,2433.7521826928028,-6.285533348604228,-189.7914581298828,118.40184020996094,2443.71630859375,-1.0701854228973389,9.0,9.0,3.246269941329956,-0.15312735736370087,3.8296732902526855,-0.1544416844844818,0.39327410151841546,2433.7521826928028,-1.8310944305817598,-198.61928633893103,123.08498571684127,1.752629813994314,-192.40467791353197,123.07412817642431,5.277756168499273,-1.492079709317872,-31.917742599549758,185.90897298417985
1138,/yh/study/new_data/model_dataset_flight/vi/vi_001138.jpg,3,18,-194.85406494140625,122.785400390625,2433.7521826928028,-1.8310944305817598,2438.677143145474,-4.351800734446709,-195.80441284179688,118.32203674316406,0.6094337701797485,2437.09447240342,-2.0265026854435915,-184.55455017089844,113.25955200195312,2450.890869140625,-2.6168110370635986,9.0,9.0,3.2528302669525146,-0.15434125065803528,3.834717273712158,-0.1554192304611206,0.39060072278859015,2437.09447240342,-2.5306862092558498,-196.1685352201269,120.70714044850168,2.4590641513946685,-189.5095381575121,121.47455471713856,5.344526783894133,-1.3108456734864469,-31.918359531050452,175.32674490939826
1139,/yh/study/new_data/model_dataset_flight/vi/vi_001139.jpg,3,18,-192.0177764892578,120.99646759033203,2437.09447240342,-2.5306862092558498,2442.344643846364,-8.01445345171059,-194.66268920898438,113.26614379882812,0.585106372833252,2440.447798369456,-2.726929018551504,-184.5635986328125,113.41458129882812,2450.800537109375,-2.490626096725464,9.0,9.0,3.2529525756835938,-0.154298335313797,3.834803342819214,-0.1553913950920105,0.3899526552302323,2440.447798369456,-2.5251022283893376,-193.33151163087894,118.91936994606425,2.457688883108079,-186.612975532732,119.86975992746245,5.4048009565258095,-1.1267076628695836,-31.919696220415364,217.9691670462489
1140,/yh/study/new_data/model_dataset_flight/vi/vi_001140.jpg,3,18,-189.18141174316406,119.20748901367188,2440.447798369456,-2.5251022283893376,2447.1881878527647,-2.9804275955973196,-187.87831115722656,114.9315414428711,0.5689443349838257,2443.801213284097,-2.7216791813236028,-179.31829833984375,116.00751495361328,2453.847412109375,2.5046000480651855,9.0,9.0,3.2503132820129395,-0.15362125635147095,3.8326640129089355,-0.15485915541648865,0.3902827187857879,2443.801213284097,1.7420961846672482,-188.21640580224488,120.73322392254694,1.8052987226964199,-183.72296121834256,118.26758175003137,5.458450524821507,-0.9399072636405109,-31.920791905488198,185.79698889516294
1141,/yh/study/new_data/model_dataset_flight/vi/vi_001141.jpg,3,18,-186.34707641601562,117.4197998046875,2443.801213284097,1.7420961846672482,2450.496735982152,0.27464302504675336,-183.34214782714844,115.91398620605469,0.5817743539810181,2447.1522238305615,1.5459541966282315,-174.80184936523438,109.23490142822266,2461.28466796875,-0.8049977421760559,9.0,9.0,3.2538540363311768,-0.15455618500709534,3.835516929626465,-0.1555875986814499,0.3883917702418993,2447.1522238305615,-0.46199847686301876,-186.562502605789,117.07919748910982,0.4030116383147726,-180.84171976564946,116.66910791989616,5.505356650366159,-0.7506918847913397,-31.921388559864795,201.90261397510767
1142,/yh/study/new_data/model_dataset_flight/vi/vi_001142.jpg,3,18,-183.55494689941406,115.63081359863281,2447.1522238305615,-0.46199847686301876,2452.84119716928,-3.166194882225148,-183.20001220703125,111.75277709960938,0.586208164691925,2450.468257745272,-0.6588280938864868,-174.2659454345703,110.66107940673828,2460.975341796875,0.6867886185646057,9.0,9.0,3.2537572383880615,-0.1541241854429245,3.8352606296539307,-0.15527459979057312,0.3881029279452018,2450.468257745272,0.49046578603642765,-183.25084991377983,116.1116100030821,0.568893803097902,-178.00953680881406,115.07149921523043,5.545410090600006,-0.559314383402383,-31.922438221202007,169.19073997996747
1143,/yh/study/new_data/model_dataset_flight/vi/vi_001143.jpg,3,18,-180.76480102539062,113.84308624267578,2450.468257745272,0.49046578603642765,2455.9734801219906,0.9065029413342883,-178.37576293945312,113.52045440673828,0.61674964427948,2453.7819422922585,0.29369765120404545,-168.98175048828125,111.4961929321289,2464.994873046875,4.217196941375732,9.0,9.0,3.2558646202087402,-0.15467366576194763,3.8369321823120117,-0.15570256114006042,0.3870169545475962,2453.7819422922585,3.644766109518925,-178.76421142004435,117.00614386727689,3.742631735232146,-175.18628956962235,113.4770535658689,5.578511455768288,-0.3660326768068801,-31.923221611883296,172.11039597168565
1144,/yh/study/new_data/model_dataset_flight/vi/vi_001144.jpg,3,18,-177.97283935546875,112.05419921875,2453.7819422922585,3.644766109518925,2460.5838287004785,3.42911720449939,-173.13092041015625,113.18800354003906,0.6410008072853088,2457.0977813356835,3.447517605953137,-168.1524658203125,109.20039367675781,2466.9228515625,2.720205545425415,9.0,9.0,3.250626564025879,-0.15367668867111206,3.83297061920166,-0.1548895239830017,0.38838157831899717,2457.0977813356835,2.8263189449793,-176.39934794843066,114.54198780816209,2.943631647069944,-172.36826790598772,111.88308987640596,5.604571449481039,-0.17110934234404587,-31.924110897177147,158.3017660304904
1145,/yh/study/new_data/model_dataset_flight/vi/vi_001145.jpg,3,18,-175.1536407470703,110.28015899658203,2457.0977813356835,2.8263189449793,2460.1277021354404,4.908367374533519,-172.72569274902344,114.68199920654297,0.7103796601295471,2460.4287032546476,2.6297649696355956,-163.80703735351562,110.00208282470703,2470.166748046875,5.720556259155273,9.0,9.0,3.25356388092041,-0.15428589284420013,3.8352346420288086,-0.15537585318088531,0.38694990663593903,2460.4287032546476,5.26961588728175,-172.2782017792582,114.82640832573375,5.379268744023187,-169.53012965479792,110.30534779115618,5.623511092272399,0.02518879457414656,-31.924211322302288,171.93372396286577
1146,/yh/study/new_data/model_dataset_flight/vi/vi_001146.jpg,3,18,-172.33653259277344,108.50743865966797,2460.4287032546476,5.26961588728175,2464.438579766105,6.092389376065249,-168.44947814941406,113.37832641601562,0.712966799736023,2463.7571529091306,5.072767315981244,-157.98635864257812,110.16075134277344,2475.001220703125,8.966044425964355,9.0,9.0,3.255016326904297,-0.1545925736427307,3.836426258087158,-0.15562333166599274,0.38568237293637275,2463.7571529091306,8.39802295077271,-167.792925669349,115.69116613876864,8.500017904015063,-166.70127066519052,108.73002974299632,5.6352619275829285,0.22259108332835126,-31.924777667714444,156.5160509198904
1147,/yh/study/new_data/model_dataset_flight/vi/vi_001147.jpg,3,18,-169.51690673828125,106.7331314086914,2463.7571529091306,8.39802295077271,2468.4172462274855,7.779335411216659,-164.18519592285156,112.67727661132812,0.7078061103820801,2467.088578649792,8.200737909559674,-156.85960388183594,108.56002044677734,2476.809326171875,8.215495109558105,9.0,9.0,3.256051540374756,-0.15436813235282898,3.8368887901306152,-0.15547636151313782,0.38582343235098937,2467.088578649792,8.213342063094673,-165.0761152415749,113.75430125051413,8.307674467920629,-163.87714052865837,107.15395488979463,5.639766209622875,0.4208234811032303,-31.925589446369468,196.3070349302143
1148,/yh/study/new_data/model_dataset_flight/vi/vi_001148.jpg,3,18,-166.68472290039062,104.95948791503906,2467.088578649792,8.213342063094673,2473.3221434856523,10.0,-158.61529541015625,112.30773162841797,0.6688436269760132,2470.4302628721452,8.016073934699593,-152.42410278320312,108.10406494140625,2480.801513671875,10.201104164123535,9.0,9.0,3.254059314727783,-0.15456102788448334,3.8357090950012207,-0.15558405220508575,0.3853961986823198,2470.4302628721452,9.882312549965581,-161.35978252434472,113.37855258076934,9.961708681455802,-161.04774582777932,105.57909691027508,5.636977072611312,0.6196089952360242,-31.92606771969393,168.76528307329863
1149,/yh/study/new_data/model_dataset_flight/vi/vi_001149.jpg,3,18,-163.85231018066406,103.1856918334961,2470.4302628721452,9.882312549965581,2477.702731764539,10.0,-153.7366943359375,111.82605743408203,0.6790434718132019,2473.7722220967576,9.684869571345052,-152.6524658203125,107.76669311523438,2480.7890625,9.793907165527344,9.0,9.0,3.210238218307495,-0.15026387572288513,3.803502321243286,-0.1517443060874939,0.3943474550743124,2473.7722220967576,9.777998794931282,-158.59111028364478,111.50397880467025,9.842465264922273,-158.22545149974073,104.0043599675598,5.626858680923324,0.8186681340636951,-31.92652811713267,166.7431709356606
1150,/yh/study/new_data/model_dataset_flight/vi/vi_001150.jpg,3,18,-161.02012634277344,101.41205596923828,2473.7722220967576,9.777998794931282,2479.158774560317,10.0,-153.44119262695312,109.56935119628906,0.7041264772415161,2477.1139022408875,9.584453483241905,-147.80523681640625,104.15138244628906,2486.818115234375,9.329496383666992,9.0,9.0,3.2259297370910645,-0.1526302993297577,3.8155970573425293,-0.15371422469615936,0.3918951770384398,2477.1139022408875,9.366694123185656,-155.98677309594143,109.37010309802345,9.4162178719144,-155.41073998305654,102.42977533464816,5.609386359716907,1.0177193654098722,-31.923694442400762,207.00733095873147
1151,/yh/study/new_data/model_dataset_flight/vi/vi_001151.jpg,3,18,-158.17091369628906,99.62356567382812,2477.1139022408875,9.366694123185656,2482.8870718993267,10.0,-149.0249786376953,109.57689666748047,0.717313289642334,2480.4779144575614,9.172654987014315,-147.43125915527344,105.03746032714844,2486.660400390625,10.278264999389648,9.0,9.0,3.2085072994232178,-0.15029171109199524,3.8024849891662598,-0.15171697735786438,0.39739334591816783,2480.4779144575614,10.0,-152.80517509545783,108.10713489143338,10.038032546388246,-152.58636699063757,100.8400452556576,5.584546705651498,1.2164795818294727,-31.922710841799425,177.56174807436764
1152,/yh/study/new_data/model_dataset_flight/vi/vi_001152.jpg,3,18,-155.32330322265625,97.83607482910156,2480.4779144575614,10.0,2482.8808696932465,10.0,-149.06985473632812,109.51754760742188,0.7099606990814209,2483.840038362426,9.807961493730545,-143.1890411376953,104.5495376586914,2490.506591796875,12.133539199829102,9.0,9.0,3.2267463207244873,-0.1524428129196167,3.816145420074463,-0.15358182787895203,0.39410396950257204,2483.840038362426,10.0,-149.96370085902007,106.30994227089322,10.026553092531412,-149.77096554530522,99.25073940081136,5.552337677351044,1.4146645717097868,-31.920147146302718,160.55723605677485
1153,/yh/study/new_data/model_dataset_flight/vi/vi_001153.jpg,3,18,-152.4722900390625,96.04645538330078,2483.840038362426,10.0,2488.2582998574408,10.0,-144.19497680664062,107.16513061523438,0.7640067338943481,2487.2061758667933,9.80683907866478,-137.7477569580078,100.80032348632812,2497.109375,11.873507499694824,9.0,9.0,3.238020896911621,-0.15339182317256927,3.82427978515625,-0.15445877611637115,0.3925048514631428,2487.2061758667933,10.0,-147.1188345585467,104.51060421740313,10.01505372265675,-146.95952137375508,97.65844487860933,5.5127686653074175,1.6119894953085547,-31.919632027309337,190.22647908423096
1154,/yh/study/new_data/model_dataset_flight/vi/vi_001154.jpg,3,18,-149.82516479492188,94.34442138671875,2487.2061758667933,10.0,2492.7254893216073,10.0,-139.5751953125,106.11223602294922,0.7365638613700867,2490.35318098017,9.805534690618515,-138.16720581054688,99.89469146728516,2497.239013671875,10.883906364440918,9.0,9.0,3.215449094772339,-0.15095722675323486,3.80778431892395,-0.1523018330335617,0.39805646123704086,2490.35318098017,10.0,-144.45916638312391,102.82840138175546,10.03851859148556,-144.35930425395932,96.15259075151432,5.465860540962542,1.8081693647955692,-31.919856889943425,185.7259509852156
1155,/yh/study/new_data/model_dataset_flight/vi/vi_001155.jpg,3,18,-146.9134063720703,92.47222900390625,2490.35318098017,10.0,2492.8649212949604,10.0,-139.49139404296875,105.98388671875,0.733615517616272,2493.8147954849314,9.807291746139526,-133.6314697265625,99.5457992553711,2501.2587890625,13.013579368591309,9.0,9.0,3.2289209365844727,-0.1526799350976944,3.817883014678955,-0.1537841111421585,0.395646818522628,2493.8147954849314,10.0,-141.53360839951503,100.97802696988124,10.064334317951397,-141.50176068731778,94.47514853125442,5.411645684752522,2.0029195273481646,-31.91805998990275,162.94381499756128
1156,/yh/study/new_data/model_dataset_flight/vi/vi_001156.jpg,3,18,-144.0061492919922,90.60293579101562,2493.8147954849314,10.0,2499.2725618365935,10.0,-134.45486450195312,101.95977020263672,0.7346566915512085,2497.271055988229,9.806463807821274,-139.085693359375,78.2801742553711,2508.0166015625,-7.8744120597839355,9.0,9.0,3.218186140060425,-0.15178915858268738,3.8100032806396484,-0.15296541154384613,0.3975514007644302,2497.271055988229,-5.294807035716934,-146.78827469455436,86.20422106029086,5.2047010517297485,-138.65598129905118,92.79889194135737,5.350167992941017,2.1959561503417366,-31.917735395834608,216.37376805301756
1157,/yh/study/new_data/model_dataset_flight/vi/vi_001157.jpg,3,18,-139.83798217773438,87.919189453125,2497.271055988229,-5.294807035716934,2505.8293409043836,-10.0,-144.3021697998047,74.12437438964844,0.6834502220153809,2502.2283237909032,-5.487852920087738,-136.05596923828125,77.75868225097656,2510.85595703125,-6.69563627243042,9.0,9.0,3.2028746604919434,-0.1499047875404358,3.798478126525879,-0.15136808156967163,0.4021910735624258,2502.2283237909032,-6.519423056127258,-143.25328365738653,82.51938363755148,6.389224291165225,-134.55649931461994,90.30618616079221,5.281482863114445,2.3869967076672034,-31.916857796567548,194.0056529128924
1158,/yh/study/new_data/model_dataset_flight/vi/vi_001158.jpg,3,18,-135.67276000976562,85.23733520507812,2502.2283237909032,-6.519423056127258,2507.689003333028,-10.0,-144.319091796875,70.6186294555664,0.6615613698959351,2507.182091294587,-6.7105027918831786,-130.2467041015625,73.54170989990234,2518.019775390625,-7.154289722442627,9.0,9.0,3.2196507453918457,-0.15171149373054504,3.811023473739624,-0.15295636653900146,0.3995370915026263,2507.182091294587,-7.089542081869916,-139.37139548240276,79.38956057849751,6.919275427581257,-130.46710285150732,87.81309567127636,5.205657158258298,2.5757604661982287,-31.91466346489455,160.14678205829114
1159,/yh/study/new_data/model_dataset_flight/vi/vi_001159.jpg,3,18,-132.8868408203125,83.48136901855469,2507.182091294587,-7.089542081869916,2512.7912300581115,-10.0,-138.22268676757812,70.71236419677734,0.6649543046951294,2510.4752260472787,-7.281441247381047,-126.12203979492188,73.32792663574219,2521.619873046875,-5.130165100097656,9.0,9.0,3.2254796028137207,-0.1515779346227646,3.8148772716522217,-0.1529616266489029,0.39954090680360793,2510.4752260472787,-5.444032060040257,-135.70863456888304,79.0199361451579,5.27891117971285,-127.76407167093379,86.24333798998339,5.1227691493787075,2.7619689714287,-31.91416606170433,181.84175400529057
1160,/yh/study/new_data/model_dataset_flight/vi/vi_001160.jpg,3,18,-130.10357666015625,81.72706604003906,2510.4752260472787,-5.444032060040257,2516.330602566039,-10.0,-134.01553344726562,70.74280548095703,0.7178817987442017,2513.765227868883,-5.636147784127019,-126.36951446533203,73.35911560058594,2521.39404296875,-5.236091613769531,9.0,9.0,3.198184013366699,-0.14905960857868195,3.794795274734497,-0.15070663392543793,0.40543640059396036,2513.765227868883,-5.29445902241437,-132.848160878589,77.38770627566068,5.134470342379645,-125.07066822347548,84.67241257133603,5.032908436680774,2.9453465312969604,-31.913841414275343,174.3393710348755
1161,/yh/study/new_data/model_dataset_flight/vi/vi_001161.jpg,3,18,-127.31895446777344,79.971923828125,2513.765227868883,-5.29445902241437,2521.4734469546534,-10.0,-130.23077392578125,67.10569763183594,0.6590527296066284,2517.0568260259606,-5.484315462243242,-122.36564636230469,70.17991638183594,2526.477294921875,-5.7827372550964355,9.0,9.0,3.1885201930999756,-0.14768098294734955,3.7873270511627197,-0.14954854547977448,0.40974424892825495,2517.0568260259606,-5.739198102290911,-130.30402217054035,75.25234459410522,5.58435827434924,-122.38277861841226,83.09754452533846,4.9361758493611845,3.1256206972134577,-31.91156696128173,205.30081691686064
1162,/yh/study/new_data/model_dataset_flight/vi/vi_001162.jpg,3,18,-124.50147247314453,78.22492980957031,2517.0568260259606,-5.739198102290911,2521.458883174805,-10.0,-130.2528076171875,67.09810638427734,0.6621012687683105,2520.371839860374,-5.92680381112842,-122.40513610839844,70.1473159790039,2526.46142578125,-5.831398010253906,9.0,9.0,3.1813151836395264,-0.14708848297595978,3.781991481781006,-0.14900392293930054,0.412613328586057,2520.371839860374,-5.845317529009872,-127.55908783306042,73.3906481800774,5.7200778458379515,-119.6687891490247,81.52745255088035,4.83268332411983,3.302522741310046,-31.908580807912685,165.8804960316047
1163,/yh/study/new_data/model_dataset_flight/vi/vi_001163.jpg,3,18,-121.68000030517578,76.47545623779297,2520.371839860374,-5.845317529009872,2528.257602538701,-10.0,-125.37167358398438,62.096683502197266,0.6070504784584045,2523.6915513828994,-6.031393991278701,-119.02308654785156,69.62132263183594,2529.600830078125,-4.4680938720703125,9.0,9.0,3.0501708984375,-0.13808327913284302,3.6826181411743164,-0.14025411009788513,0.428066818346196,2523.6915513828994,-4.69617628562445,-124.13919515462742,72.58731496276533,4.60057408180142,-116.95744654263542,79.95124436672772,4.722553762540354,3.475788128934746,-31.90563563567866,206.22732199262828
1164,/yh/study/new_data/model_dataset_flight/vi/vi_001164.jpg,3,18,-118.86302185058594,74.72877502441406,2523.6915513828994,-4.69617628562445,2531.450451409264,-10.0,-121.92298889160156,61.576202392578125,0.6272295713424683,2527.005972447011,-4.873602728128379,-111.3750991821289,65.02668762207031,2538.5205078125,-4.263053894042969,9.0,9.0,3.1227262020111084,-0.1435074508190155,3.7386491298675537,-0.1454055905342102,0.42520811737428116,2527.005972447011,-4.352131768444577,-121.1541307686091,71.10638814777627,4.28612491165189,-114.25710098304795,78.37393200983355,4.60592086753799,3.645156985419491,-31.898312552310493,164.30032497737557
1165,/yh/study/new_data/model_dataset_flight/vi/vi_001165.jpg,3,18,-116.19981384277344,73.051025390625,2527.005972447011,-4.352131768444577,2531.4229692442323,-10.0,-122.04531860351562,61.4342041015625,0.6282061338424683,2530.1535888052667,-4.530596687773267,-111.53434753417969,64.98837280273438,2538.406494140625,-4.380559921264648,9.0,9.0,3.1579082012176514,-0.14601309597492218,3.7651095390319824,-0.14781948924064636,0.4232510280532345,2530.1535888052667,-4.4024499904885115,-118.52084315002172,69.38133250229049,4.342098909490468,-111.71688488365696,76.86139994678601,4.482928959116476,3.8103745561610047,-31.894553093461358,167.595143080689
1166,/yh/study/new_data/model_dataset_flight/vi/vi_001166.jpg,3,18,-113.27178192138672,71.20645141601562,2530.1535888052667,-4.4024499904885115,2536.456472002225,-10.0,-116.49789428710938,60.78853225708008,0.6227881908416748,2533.6141935695528,-4.583445559121591,-104.17460632324219,64.91277313232422,2544.666748046875,-0.510370135307312,9.0,9.0,3.1838533878326416,-0.1480807065963745,3.784513473510742,-0.1497563272714615,0.41937924460876286,2533.6141935695528,-1.1046238309585479,-113.83331569300562,70.31863130886155,1.0504973676005136,-108.91804915166288,75.17764307507757,4.353732769723838,3.971191659061939,-31.892794426471784,172.76945896446705
1167,/yh/study/new_data/model_dataset_flight/vi/vi_001167.jpg,3,18,-110.34581756591797,69.36317443847656,2533.6141935695528,-1.1046238309585479,2542.1228054472795,-8.043518911148333,-110.35144805908203,59.90607452392578,0.649584174156189,2537.072357647807,-1.2885011202537444,-104.61904907226562,60.46113967895508,2546.6708984375,-4.5102081298828125,9.0,9.0,3.165388584136963,-0.14614884555339813,3.770512580871582,-0.14805051684379578,0.42421894056381937,2537.072357647807,-4.040167411858323,-112.47984181707768,65.98914827105305,3.9922565151798994,-106.12732034637781,73.49053956687223,4.218497219540154,4.127365128395663,-31.89300642914032,149.29267205297947
1168,/yh/study/new_data/model_dataset_flight/vi/vi_001168.jpg,3,18,-107.5041732788086,67.54548645019531,2537.072357647807,-4.040167411858323,2544.0590294627887,-10.0,-111.36189270019531,54.686279296875,0.7115426063537598,2540.445580881346,-4.223382344538453,-101.43648529052734,60.89942932128906,2549.126220703125,-2.4385805130004883,9.0,9.0,3.1625850200653076,-0.14560070633888245,3.768184185028076,-0.14761954545974731,0.4265427523463575,2540.445580881346,-2.698979590855839,-108.91206736677829,65.31951760696889,2.6338380842327433,-103.4267761067329,71.82414469936711,4.077397172075687,4.2786582491718,-31.89145031994832,154.62680999189615
1169,/yh/study/new_data/model_dataset_flight/vi/vi_001169.jpg,3,18,-104.66370391845703,65.72854614257812,2540.445580881346,-2.698979590855839,2546.7786133503823,-10.0,-107.9778060913086,54.949031829833984,0.6794016361236572,2543.817411468326,-2.8813661977875253,-102.31806945800781,60.6390380859375,2548.520263671875,-3.1298909187316895,9.0,9.0,3.0554115772247314,-0.13778014481067657,3.686445951461792,-0.1401440054178238,0.43984465247666316,2543.817411468326,-3.0936316506075903,-106.27334725291423,63.18359908880147,3.0112633844765173,-100.7330867479558,70.15338732367596,3.9306171705012365,4.4248411810978325,-31.889625512181592,163.3278529625386
1170,/yh/study/new_data/model_dataset_flight/vi/vi_001170.jpg,3,18,-101.81839752197266,63.90851974487305,2543.817411468326,-3.0936316506075903,2547.7190244987523,-10.0,-108.33179473876953,52.63006591796875,0.6729118824005127,2547.1949796820063,-3.2687308297562643,-100.14933776855469,56.40129089355469,2552.618408203125,-5.5521159172058105,9.0,9.0,3.101201057434082,-0.14152832329273224,3.721972703933716,-0.14363986253738403,0.4378920721476858,2547.1949796820063,-5.21897452265213,-104.55490299008757,59.58193299137217,5.119356904201159,-98.04004636679699,68.47421111612418,3.7783511551756743,4.5656913712511304,-31.88378372608968,169.5468520047143
1171,/yh/study/new_data/model_dataset_flight/vi/vi_001171.jpg,3,18,-98.92457580566406,62.05345916748047,2547.1949796820063,-5.21897452265213,2554.2774036989226,-10.0,-102.29429626464844,49.90654754638672,0.5572662353515625,2550.632277461353,-5.394265047611694,-95.8193359375,56.27031707763672,2556.347900390625,-3.3482446670532227,9.0,9.0,3.0275959968566895,-0.13633371889591217,3.664559841156006,-0.1386065036058426,0.4484531454301122,2550.632277461353,-3.6467550175897756,-100.80948053342992,59.07330658902356,3.526212589115614,-95.30377364278777,66.75445312207928,3.620802162876294,4.700993954598818,-31.880669986921365,168.73287793714553
1172,/yh/study/new_data/model_dataset_flight/vi/vi_001172.jpg,3,18,-96.2905502319336,60.36494445800781,2550.632277461353,-3.6467550175897756,2553.936732282456,-10.0,-103.38090515136719,48.82586669921875,0.5602658987045288,2553.760984873412,-3.8174269723407903,-96.25924682617188,55.91695022583008,2556.1650390625,-3.882040500640869,9.0,9.0,2.9917473793029785,-0.13369940221309662,3.6354422569274902,-0.1360885053873062,0.45611213536722367,2553.760984873412,-3.872613513908217,-98.28600712140889,57.21000197907567,3.7330296333038797,-92.83236822365258,65.19548659953216,3.4581820082810175,4.830542141524348,-31.874949676811056,169.53848500270396
1173,/yh/study/new_data/model_dataset_flight/vi/vi_001173.jpg,3,18,-93.41352844238281,58.52065658569336,2553.760984873412,-3.872613513908217,2557.7851398722337,-9.786767342643408,-98.04637908935547,50.06062316894531,0.6134369969367981,2557.1783258673977,-4.038952985844443,-86.4195556640625,54.636329650878906,2565.16552734375,0.2953695058822632,9.0,9.0,3.086721181869507,-0.1414680778980255,3.711503744125366,-0.14333193004131317,0.4476770651856695,2557.1783258673977,-0.3369996233004309,-93.50793646150001,58.37139158706804,0.17661515758351443,-90.12281749409529,63.47479417724164,3.290710948287529,4.954137591548282,-31.868550830095383,170.76118395198137
1174,/yh/study/new_data/model_dataset_flight/vi/vi_001174.jpg,3,18,-90.70120239257812,56.80291748046875,2557.1783258673977,-0.3369996233004309,2562.985725403202,-9.449493133015217,-93.47085571289062,47.56574249267578,0.6016614437103271,2560.388829983455,-0.5082415623682714,-85.94303894042969,55.00928497314453,2565.368896484375,0.8652876019477844,9.0,9.0,3.052943229675293,-0.13759765028953552,3.6841797828674316,-0.1399783343076706,0.4536313893163339,2560.388829983455,0.664892397575358,-90.2590503444701,57.501987596230265,0.8271622938679819,-87.58258506278159,61.87450825292436,3.118617329796541,5.071590772455605,-31.86734383428342,188.9042550465092
1175,/yh/study/new_data/model_dataset_flight/vi/vi_001175.jpg,3,18,-87.73210144042969,54.92256164550781,2560.388829983455,0.664892397575358,2566.868342340832,-6.259395222687776,-88.4842529296875,48.1864128112793,0.531731128692627,2563.903270802961,0.4951006395149027,-80.44635009765625,54.7484245300293,2570.15380859375,3.5830280780792236,9.0,9.0,3.056213617324829,-0.13784535229206085,3.6868762969970703,-0.1402277797460556,0.45679931643075045,2563.903270802961,3.1325055364290413,-85.96980652845818,57.70886041623557,3.296838515384043,-84.78996421880908,60.10528294958127,2.9421372216206088,5.182721304073458,-31.86447526155372,147.27165002841502
1176,/yh/study/new_data/model_dataset_flight/vi/vi_001176.jpg,3,18,-85.02908325195312,53.210716247558594,2563.903270802961,3.1325055364290413,2572.0695025556975,-2.6549011118517134,-82.16178131103516,48.452491760253906,0.5084366798400879,2567.1027580212376,2.9632549289385017,-82.16178131103516,48.452491760253906,2572.069580078125,-2.6549010276794434,9.0,9.0,2.913872718811035,-0.12877558171749115,3.5707712173461914,-0.13124127686023712,0.46676397546041726,2567.1027580212376,-1.8352231203062632,-85.92123746246436,51.800164493047944,1.6690103017914537,-82.26756922073604,58.49807453353205,2.7615140312170903,5.287358285973451,-31.861501941469797,176.5091889537871
1177,/yh/study/new_data/model_dataset_flight/vi/vi_001177.jpg,3,18,-82.29035949707031,51.505859375,2567.1027580212376,-1.8352231203062632,2576.4632241615345,-6.630496128782218,-80.57357788085938,42.74392318725586,0.5617404580116272,2570.3286858833744,-1.9965877948744395,-77.83226013183594,48.34418487548828,2575.786376953125,-0.4321298897266388,9.0,9.0,2.8198394775390625,-0.12304864078760147,3.4889793395996094,-0.12550202012062073,0.47246547587008536,2570.3286858833744,-0.6603812219728404,-82.56686730301358,51.068683193781546,0.51728094897484,-79.71336139009306,56.89119998340595,2.5769981069772565,5.385340608405946,-31.856081652754863,176.72854603733867
1178,/yh/study/new_data/model_dataset_flight/vi/vi_001178.jpg,3,18,-79.28849792480469,49.6371955871582,2570.3286858833744,-0.6603812219728404,2576.5811366777834,-6.545383203016718,-80.42842864990234,42.75282669067383,0.5671297311782837,2573.864564222517,-0.8138206692565852,-76.14736938476562,45.88090515136719,2578.527099609375,-1.613309621810913,9.0,9.0,2.8417797088623047,-0.12480192631483078,3.508324384689331,-0.12713037431240082,0.4774923350166561,2573.864564222517,-1.4966657556281375,-80.0255740452215,48.47183201815577,1.3788957376273185,-76.8996515979679,55.11371283296634,2.3888463268367883,5.476517245808143,-31.850562913266348,189.22127794940025
1179,/yh/study/new_data/model_dataset_flight/vi/vi_001179.jpg,3,18,-76.55272674560547,47.934173583984375,2573.864564222517,-1.4966657556281375,2581.77972213286,-10.0,-78.38018035888672,36.265907287597656,0.6755895018577576,2577.0870159244096,-1.648077110169916,-76.0978775024414,40.53196334838867,2581.42822265625,-6.107472896575928,9.0,9.0,2.7630274295806885,-0.11976822465658188,3.4373104572296143,-0.12215953320264816,0.4803958057441462,2577.0870159244096,-5.456855819624849,-79.41902616422557,43.402374455253394,5.3621708011167275,-74.35540507160347,53.49492111624914,2.1973216740020014,5.560747532264765,-31.845216369250107,156.16672299802303
1180,/yh/study/new_data/model_dataset_flight/vi/vi_001180.jpg,3,18,-73.80789947509766,46.203880310058594,2577.0870159244096,-5.456855819624849,2585.796113136418,-10.0,-76.29205322265625,32.053646087646484,0.7532777786254883,2580.331698923779,-5.603379637998529,-74.37224578857422,39.85105514526367,2583.25048828125,-5.76051664352417,9.0,9.0,2.69140887260437,-0.11549387127161026,3.370508909225464,-0.11785591393709183,0.47974474997802646,2580.331698923779,-5.737590663388566,-76.82687048966368,41.4306978139814,5.64778338179214,-71.80520667447989,51.841781728395006,2.0026928006177704,5.637901418336412,-31.84072487954059,183.8346349541098
1181,/yh/study/new_data/model_dataset_flight/vi/vi_001181.jpg,3,18,-71.07186889648438,44.47914505004883,2580.331698923779,-5.737590663388566,2586.661406197821,-10.0,-75.24019622802734,32.097938537597656,0.8095201849937439,2583.5659764782667,-5.878862075761155,-74.39384460449219,39.960899353027344,2583.173583984375,-5.67922830581665,9.0,9.0,2.653532028198242,-0.11382200568914413,3.334406614303589,-0.11600973457098007,0.4772870558155855,2583.176945383824,-5.7083544803217166,-74.40660348129434,39.934506054547434,5.636860682202427,-69.26663531625614,50.187004758759755,1.8052335802282313,5.707859708710926,-31.83803330475993,190.09260507300496
1182,/yh/study/new_data/model_dataset_flight/vi/vi_001182.jpg,3,18,-68.07637023925781,42.59083557128906,2583.176945383824,-5.7083544803217166,2587.6261999350118,-10.0,-75.03242492675781,30.621536254882812,0.8387466669082642,2587.1069786712824,-5.846360213811707,-73.6493911743164,34.06931686401367,2586.9521484375,-10.260515213012695,9.0,9.0,2.651151180267334,-0.11451499164104462,3.3326573371887207,-0.11645673215389252,0.47855112105971387,2586.953474778525,-9.616498677960147,-73.30396027982707,34.61285750275137,9.538125166631401,-66.47114758935129,48.36134985146225,1.605222649906529,5.770514280173187,-31.8371439394248,187.05316609703004
1183,/yh/study/new_data/model_dataset_flight/vi/vi_001183.jpg,3,18,-65.07719421386719,40.68674850463867,2586.953474778525,-9.616498677960147,2588.41852374218,-10.0,-74.71810913085938,29.63623809814453,0.8570585250854492,2590.659522530376,-9.753707109919299,-73.60847473144531,34.08384704589844,2586.97900390625,-10.226363182067871,9.0,9.0,2.614783763885498,-0.11198954284191132,3.296762704849243,-0.11400708556175232,0.47828196891773306,2587.010532779683,-10.0,-73.4607352591493,34.258244353868015,10.564536245117695,-63.67425127091171,46.51251678406823,1.4029429429554763,5.825768279429562,-31.836123466474117,189.20259701553732
1184,/yh/study/new_data/model_dataset_flight/vi/vi_001184.jpg,3,18,-62.333858489990234,38.945091247558594,2587.010532779683,-10.0,2588.3550926577377,-10.0,-74.79670715332031,29.630634307861328,0.8502434492111206,2591.304881496419,-10.0,-69.49752807617188,29.006935119628906,2593.1669921875,-12.319608688354492,9.0,9.0,2.786470890045166,-0.12326933443546295,3.4598684310913086,-0.12506702542304993,0.4874075818965461,2593.151040562663,-10.0,-68.27113036721288,30.97589201165568,9.937773080805098,-61.13517727689068,44.818627547925416,1.1986812130995532,5.873536300366826,-31.835554319617184,180.88199093472213
1185,/yh/study/new_data/model_dataset_flight/vi/vi_001185.jpg,3,18,-59.589805603027344,37.202972412109375,2593.151040562663,-10.0,2591.6274096350644,-10.0,-74.02389526367188,24.730764389038086,0.7764896154403687,2597.1593692542015,-10.0,-69.34134674072266,29.132408142089844,2593.23193359375,-12.130081176757812,9.0,9.0,2.786832332611084,-0.12346561998128891,3.4606614112854004,-0.12517426908016205,0.49235178508198907,2593.2655776625625,-10.0,-68.17433018147038,30.91466725119424,10.641280187772736,-58.597078051917755,43.11671695247776,0.992727551109591,5.913744540368385,-31.831990454974317,198.06306494865566
1186,/yh/study/new_data/model_dataset_flight/vi/vi_001186.jpg,3,18,-56.75384521484375,35.429100036621094,2593.2655776625625,-10.0,2591.605467660812,-10.0,-74.03472137451172,24.754695892333984,0.770875871181488,2597.7481082564345,-10.0,-61.00666809082031,32.247100830078125,2598.611083984375,-5.042495250701904,9.0,9.0,2.9575772285461426,-0.13528841733932495,3.6092305183410645,-0.13664405047893524,0.4857036631420395,2598.6036913706484,-5.765785445932347,-61.39950201701837,31.639742552443316,5.995111113773077,-55.968470320025816,41.375430971976485,0.7853748948179368,5.946330935355394,-31.82794346116938,160.52823595236987
1187,/yh/study/new_data/model_dataset_flight/vi/vi_001187.jpg,3,18,-53.91852569580078,33.65562438964844,2598.6036913706484,-5.765785445932347,2601.940239849261,-9.632216532102474,-60.64640808105469,26.58853530883789,0.5437947511672974,2603.254952223462,-5.921844144824941,-51.38456726074219,28.604591369628906,2608.690185546875,-2.977529287338257,9.0,9.0,3.061511754989624,-0.14209596812725067,3.6927974224090576,-0.14334386587142944,0.47616135526300274,2603.8486121461497,-3.4070990357874043,-55.70598160912181,30.829544497920562,3.3439088200031626,-53.34160716230328,39.626869662913954,0.5769185334974956,5.971245273265514,-31.827639731194726,187.0570860337466
1188,/yh/study/new_data/model_dataset_flight/vi/vi_001188.jpg,3,18,-51.08280944824219,31.88190269470215,2603.8486121461497,-3.4070990357874043,2606.54667135406,-8.19095362469969,-55.98290252685547,25.344282150268555,0.652698814868927,2607.1933235602837,-3.5733065579412586,-49.65813446044922,29.31235694885254,2609.77099609375,-1.4565174579620361,9.0,9.0,3.089785099029541,-0.14245998859405518,3.7138137817382812,-0.14410346746444702,0.47344016520898735,2607.1933235602837,-1.7653528255131046,-52.00164297143365,30.429169273763414,1.718921009137066,-50.715153840653265,37.87035198043047,0.3676556075889241,5.988449285728323,-31.83078215182146,189.39933308865875
1189,/yh/study/new_data/model_dataset_flight/vi/vi_001189.jpg,3,18,-48.375633239746094,30.155149459838867,2607.1933235602837,-1.7653528255131046,2615.282576058577,-8.0988980465509,-48.55060958862305,20.752384185791016,0.5587466955184937,2610.4042937465724,-1.9360137832071582,-40.17527770996094,29.121051788330078,2617.887451171875,3.4507768154144287,9.0,9.0,3.1097307205200195,-0.14327646791934967,3.728881359100342,-0.14504024386405945,0.4688695413546323,2610.4042937465724,2.6648546588508553,-46.9197882450366,32.456931693660096,2.723542931652764,-48.2177486349718,36.153066177581366,0.15788460477429817,5.997916717742498,-31.83377713641166,170.68286205176264
1190,/yh/study/new_data/model_dataset_flight/vi/vi_001190.jpg,3,18,-45.6643180847168,28.425758361816406,2610.4042937465724,2.6648546588508553,2619.9145438045575,0.11490429404377465,-40.245323181152344,25.218242645263672,0.6172944903373718,2613.620171978671,2.4915395212261147,-40.245323181152344,25.218242645263672,2619.91455078125,0.11490429192781448,9.0,9.0,3.034700632095337,-0.13843628764152527,3.6706697940826416,-0.14023524522781372,0.4753905577429962,2613.620171978671,0.46165069882416665,-45.37961501167321,28.875891774252167,0.5326123625973448,-45.716413231317716,34.42539173702386,-0.05209514660092117,5.999633375207455,-31.837323605416483,175.4819720517844
1191,/yh/study/new_data/model_dataset_flight/vi/vi_001191.jpg,3,18,-42.68815612792969,26.527435302734375,2613.620171978671,0.46165069882416665,2620.6719117320818,-3.8288069066043677,-41.713314056396484,21.48040008544922,0.5965762138366699,2617.150184569726,0.2914406949713224,-35.44460678100586,25.110755920410156,2624.029296875,2.5902416706085205,9.0,9.0,3.088911533355713,-0.14274734258651733,3.7131781578063965,-0.14427600800991058,0.4691614785807975,2617.150184569726,2.2548511282797463,-41.4377119808019,28.50446591567977,2.3392863462195863,-42.950140113674784,32.52103245294337,-0.26198398574509657,5.993597150209002,-31.83734644386152,167.6663130056113
1192,/yh/study/new_data/model_dataset_flight/vi/vi_001192.jpg,3,18,-39.91069030761719,24.739112854003906,2617.150184569726,2.2548511282797463,2627.068646458632,-1.9193034965447437,-35.28645324707031,19.67488670349121,0.6253207921981812,2620.4534707641874,2.082137431323112,-35.28645324707031,19.67488670349121,2627.068603515625,-1.9193035364151,9.0,9.0,3.025552272796631,-0.13836583495140076,3.663255214691162,-0.14002010226249695,0.4744175225905339,2620.4534707641874,-1.3355011670541357,-40.56515402343941,23.70436467735464,1.2243473953118105,-40.382172735881355,30.718930878010454,-0.4714824282641666,5.9798180240065495,-31.83954144254518,182.4149099411443
1193,/yh/study/new_data/model_dataset_flight/vi/vi_001193.jpg,3,18,-37.13270950317383,22.950458526611328,2620.4534707641874,-1.3355011670541357,2632.213928254696,-6.130452946057726,-33.188987731933594,13.365501403808594,0.7227180004119873,2623.7573695963983,-1.5054772822808813,-29.186147689819336,18.430938720703125,2632.88916015625,0.2902456521987915,9.0,9.0,2.99566650390625,-0.1367594599723816,3.6396539211273193,-0.13831910490989685,0.47808293293645066,2623.7573695963983,0.028253206897860705,-37.0439058352064,23.09086269461617,0.16613073718490737,-37.81300117778991,28.90877657432823,-0.6802916746160809,5.958318047716902,-31.839128589626362,167.1543390257284
1194,/yh/study/new_data/model_dataset_flight/vi/vi_001194.jpg,3,18,-34.354774475097656,21.161834716796875,2623.7573695963983,0.028253206897860705,2636.833809046889,-5.381711097022122,-28.884296417236328,11.528779983520508,0.8054783344268799,2627.0612134281578,-0.13917600185763246,-29.274232864379883,18.351409912109375,2632.857177734375,0.17594733834266663,9.0,9.0,2.9145472049713135,-0.13168542087078094,3.5726239681243896,-0.13329187035560608,0.4811619608699512,2627.0612134281578,0.12997146261861126,-34.19731400857399,21.410789588840355,0.29457142908306017,-35.242888592259334,27.0909660175344,-0.8881141171616799,5.929131300737525,-31.83757733627197,166.48609098047018
1195,/yh/study/new_data/model_dataset_flight/vi/vi_001195.jpg,3,18,-31.521751403808594,19.36168670654297,2627.0612134281578,0.12997146261861126,2638.9600464015493,-1.9313610924231712,-25.242969512939453,13.308257102966309,0.7421848773956299,2630.4177746696637,-0.03230882870028218,-25.242969512939453,13.308257102966309,2638.9599609375,-1.9313610792160034,9.0,9.0,2.8672850131988525,-0.1296941339969635,3.5324997901916504,-0.13106320798397064,0.4863802787566939,2630.4177746696637,-1.6542930898766484,-32.314303333456344,18.108612404214448,1.4826779044500806,-32.61640524860895,25.253990533542815,-1.094653844800355,5.892303826999847,-31.835491353810774,175.28891190886497
1196,/yh/study/new_data/model_dataset_flight/vi/vi_001196.jpg,3,18,-28.691030502319336,17.562999725341797,2630.4177746696637,-1.6542930898766484,2640.473304119744,-4.810626037975896,-25.503135681152344,10.065969467163086,0.720187783241272,2633.7716092695987,-1.8127364513974156,-23.271873474121094,13.637469291687012,2640.449951171875,-0.599498450756073,9.0,9.0,2.8680765628814697,-0.1292974203824997,3.5327835083007812,-0.1307862550020218,0.49029018853055595,2633.7716092695987,-0.7765074895208088,-29.010622467830647,17.057704786004468,0.5978812592307087,-29.990647646505558,23.410893274532093,-1.299617144186223,5.847893549190295,-31.83230907262693,175.12187699321657
1197,/yh/study/new_data/model_dataset_flight/vi/vi_001197.jpg,3,18,-25.85799217224121,15.762840270996094,2633.7716092695987,-0.7765074895208088,2642.6869842279816,-4.0236721779735545,-23.21160125732422,9.547755241394043,0.7106240391731262,2637.1281895242923,-0.9329003916566578,-23.31981658935547,13.424175262451172,2640.5234375,-0.8053898811340332,9.0,9.0,2.815504312515259,-0.1262238472700119,3.4868125915527344,-0.12767888605594635,0.4936137692528547,2637.1281895242923,-0.823993413901783,-26.199216573570272,15.223343094044132,0.6383504492060079,-27.360705168766042,21.55881043212051,-1.502712996524833,5.795970161124416,-31.828872100092237,178.20921703241765
1198,/yh/study/new_data/model_dataset_flight/vi/vi_001198.jpg,3,18,-23.043832778930664,14.023212432861328,2637.1281895242923,-0.823993413901783,2644.2815791522535,-6.329514436393747,-23.096508026123047,6.746613502502441,0.6881697177886963,2640.436457762238,-0.9770191006426583,-18.890705108642578,9.975950241088867,2646.10986328125,-1.3520907163619995,9.0,9.0,2.871168851852417,-0.1299831122159958,3.536128044128418,-0.13129809498786926,0.49716253277435235,2640.436457762238,-1.2973685051129937,-23.656296387819424,13.054869059133487,1.1457750920907908,-24.747486347895894,19.759827431366617,-1.7036535689652301,5.736614998505287,-31.825474828032096,203.71888694353402
1199,/yh/study/new_data/model_dataset_flight/vi/vi_001199.jpg,3,18,-20.227121353149414,12.282008171081543,2640.436457762238,-1.2973685051129937,2648.5189176831973,-3.8806368168216987,-18.206327438354492,6.551233768463135,0.626177966594696,2643.747725494475,-1.451800846569407,-18.243757247924805,9.721685409545898,2646.79248046875,-1.2211607694625854,9.0,9.0,2.7985165119171143,-0.12506607174873352,3.4721195697784424,-0.1265328973531723,0.5001007414170743,2643.747725494475,-1.254810703216492,-20.83505398658346,11.320828553688433,1.1372987046884477,-22.12927605275924,17.951929059425936,-1.902154699609827,5.669920888344392,-31.822024515284184,150.81912698224187
1200,/yh/study/new_data/model_dataset_flight/vi/vi_001200.jpg,3,18,-17.412273406982422,10.541955947875977,2643.747725494475,-1.254810703216492,2650.700279105552,-6.659505135222215,-17.84818458557129,3.0366668701171875,0.6544324159622192,2647.0568025089556,-1.4058313940152514,-14.191886901855469,5.785486221313477,2652.321044921875,-2.381920099258423,9.0,9.0,2.8545238971710205,-0.12816506624221802,3.52142596244812,-0.12970666587352753,0.5038224474627908,2647.0568025089556,-2.239510676397553,-18.56477431403993,8.71977973957881,2.1560576232681306,-19.51020978216499,16.137947925243765,-2.097936375182567,5.595991977367786,-31.818753441641128,181.19055801071227
1201,/yh/study/new_data/model_dataset_flight/vi/vi_001201.jpg,3,18,-14.758000373840332,8.920994758605957,2647.0568025089556,-2.239510676397553,2654.2663575305983,-5.0341034432564005,-13.965496063232422,2.504148483276367,0.6741671562194824,2650.166511794968,-2.3913757712976844,-13.936077117919922,5.11594295501709,2652.89501953125,-2.8110389709472656,9.0,9.0,2.8013858795166016,-0.12506669759750366,3.474541187286377,-0.12658019363880157,0.5044251582961915,2650.166511794968,-2.7498109352810256,-16.209402774034658,6.626236545312034,2.715231884161971,-17.048723574251092,14.435938298381505,-2.2907232004107607,5.514943539775548,-31.81532463331693,144.8094790102914
1202,/yh/study/new_data/model_dataset_flight/vi/vi_001202.jpg,3,18,-12.100358963012695,7.297976970672607,2650.166511794968,-2.7498109352810256,2655.2095105378485,-7.461322654798767,-14.465845108032227,-0.05135176703333855,0.662799596786499,2653.280167176582,-2.899592311404454,-11.082186698913574,4.924784183502197,2655.4091796875,-1.447074294090271,9.0,9.0,2.8078811168670654,-0.12493647634983063,3.479633331298828,-0.12661147117614746,0.5074166210700984,2653.280167176582,-1.658993816803317,-12.994833552462893,5.883756551546743,1.6733511840150694,-14.580603821208145,12.724878735438624,-2.4802448581954497,5.426901764766017,-31.812884975122763,186.37423904147
1203,/yh/study/new_data/model_dataset_flight/vi/vi_001203.jpg,3,18,-9.446541786193848,5.6772942543029785,2653.280167176582,-1.658993816803317,2660.4166210149533,-6.204438391121427,-9.393238067626953,-1.7725186347961426,0.6226020455360413,2656.389342343838,-1.8076826993926571,-10.716997146606445,0.5125293731689453,2658.076416015625,-4.9808502197265625,9.0,9.0,2.769487142562866,-0.12258856743574142,3.4452483654022217,-0.12424547225236893,0.506308316155558,2656.389342343838,-4.5178913177494815,-11.895334620433529,1.8055992176439828,4.581114362457405,-12.112778345859297,11.009297778582406,-2.6662365596654496,5.332003524279427,-31.81025220400199,179.19291695579886
1204,/yh/study/new_data/model_dataset_flight/vi/vi_001204.jpg,3,18,-7.240681171417236,4.304375171661377,2656.389342343838,-4.5178913177494815,2662.6940635567144,-6.477689534522704,-7.614538192749023,-3.2208409309387207,0.6427676677703857,2658.987490537408,-4.664372250581246,-4.682146072387695,1.5732421875,2662.609619140625,-0.8585221171379089,9.0,9.0,2.7518837451934814,-0.12183573842048645,3.429216146469116,-0.12341681122779846,0.5106803309154538,2658.987490537408,-1.4137881683556675,-8.040258842527706,3.040192731490354,1.4958214111902546,-10.089120654652039,9.534771293117903,-2.8484394832348032,5.2303961214565255,-31.808928801489447,210.13371704611927
1205,/yh/study/new_data/model_dataset_flight/vi/vi_001205.jpg,3,18,-5.034453868865967,2.9312281608581543,2658.987490537408,-1.4137881683556675,2664.219100312786,-1.1102434629404754,-3.456545352935791,0.5002220869064331,0.6790154576301575,2661.5860704713646,-1.5586169349400638,-3.5560081005096436,2.777378559112549,2662.917724609375,0.7611116170883179,9.0,9.0,2.6503360271453857,-0.11459489166736603,3.332122802734375,-0.11644824594259262,0.5166841739176008,2661.5860704713646,0.4226677825129108,-4.862427412505189,3.20321277627882,0.3218209637571392,-8.061055070671625,8.053465181207624,-3.026601201805658,5.122237020349469,-31.8065383953625,184.3406279804185
1206,/yh/study/new_data/model_dataset_flight/vi/vi_001206.jpg,3,18,-2.8288562297821045,1.5584728717803955,2661.5860704713646,0.4226677825129108,2665.615964564019,-1.572743089385164,-2.5232207775115967,-0.6373370885848999,0.7377197742462158,2664.1839088586125,0.28440349897504613,-2.5232207775115967,-0.6373370885848999,2665.615966796875,-1.5727430582046509,9.0,9.0,2.596426486968994,-0.10998181998729706,3.278822422027588,-0.11217164248228073,0.5227823589076586,2664.1839088586125,-1.3017890271259653,-3.588676082616888,0.3571500355478996,1.421443901677291,-6.029332327069752,6.566166429241069,-3.2004760972876474,5.007693557460674,-31.802883283661192,187.24185798782855
1207,/yh/study/new_data/model_dataset_flight/vi/vi_001207.jpg,3,18,-1.2973566055297852,0.534582257270813,2664.1839088586125,-1.3017890271259653,2667.114954318456,-3.5011689185850363,-2.2871830463409424,-3.0684032440185547,0.7607067823410034,2666.025555852379,-1.43354214397205,-2.4468014240264893,-0.6024311780929565,2665.661865234375,-1.502393364906311,9.0,9.0,2.502270460128784,-0.10175853967666626,3.1806647777557373,-0.1045973002910614,0.530621121558159,2665.664980761461,-1.4923481071506939,-2.438820696185682,-0.5955930225121466,1.6063114372030678,-4.667182367163161,5.421524892993727,-3.369825761633376,4.886942635722914,-31.79837306429231,190.27727702632546
1208,/yh/study/new_data/model_dataset_flight/vi/vi_001208.jpg,3,18,0.2352524697780609,-0.4900501072406769,2665.664980761461,-1.4923481071506939,2667.0327553041548,-4.002141571421635,-2.624443292617798,-3.4478578567504883,0.7599613070487976,2667.868536986215,-1.6147388691221676,-2.791924238204956,-1.0459487438201904,2665.607177734375,-2.061711311340332,9.0,9.0,2.4665825366973877,-0.09905264526605606,3.1421656608581543,-0.10205688327550888,0.5251245801844441,2665.6265494906193,-1.9964989108801254,-2.7407898082111997,-1.0011292734960575,3.0196075166418237,-3.299166913840099,4.270120294331124,-3.53441938361816,4.760170401571801,-31.79269787078311,191.28596899099648
1209,/yh/study/new_data/model_dataset_flight/vi/vi_001209.jpg,3,18,1.7667585611343384,-1.5139451026916504,2665.6265494906193,-1.9964989108801254,2667.2222724396547,-3.657582599373314,-2.2800934314727783,-3.2579610347747803,0.7577928304672241,2669.710191787399,-2.113296901977099,-2.438687324523926,-0.9121525883674622,2665.834228515625,-1.759814739227295,9.0,9.0,2.4470012187957764,-0.09728524088859558,3.120957374572754,-0.1004248559474945,0.5278770396982534,2665.8674316502666,-1.8113870917383004,-2.4382601945583833,-0.9734447419774441,4.239613588012444,-1.927275559492379,3.113626803103423,-3.6940341206267173,4.627571905795073,-31.7909328004912,167.44928690604866
1210,/yh/study/new_data/model_dataset_flight/vi/vi_001210.jpg,3,18,2.570725440979004,-2.1137428283691406,2665.8674316502666,-1.8113870917383004,2667.2234046325743,-4.0492225859926,-2.4884841442108154,-3.5895578861236572,0.7400773763656616,2669.9099578953837,-1.9244484453025628,-1.128762125968933,-3.4328010082244873,2668.288818359375,-3.189913749694824,9.0,9.0,2.4834728240966797,-0.10043622553348541,3.1604976654052734,-0.10334117710590363,0.5282910665558326,2668.3027057237573,-3.005284850004749,-1.0182934019172596,-3.2842121422162385,3.775056909415026,-1.2777300137628518,2.3756079205082665,-3.8484554547418557,4.489350748877407,-31.788822111955103,195.76260598842055
1211,/yh/study/new_data/model_dataset_flight/vi/vi_001211.jpg,3,18,3.37847638130188,-2.7163639068603516,2668.3027057237573,-3.005284850004749,2673.5099446566683,-10.0,-2.286879062652588,-15.031442642211914,0.7101618647575378,2671.7150652111027,-3.1192884039912983,-0.8835576772689819,-6.504842758178711,2670.13818359375,-5.655155181884766,9.0,9.0,2.435436248779297,-0.096462182700634,3.1083922386169434,-0.09961840510368347,0.5285321508891928,2670.1516918261514,-5.2851772051373604,-0.6743320578571694,-6.199404992034374,5.343859227705109,-0.6190011511640772,1.6293548047301734,-3.997477532465957,4.345718711590525,-31.787305276350832,167.7913940511644
1212,/yh/study/new_data/model_dataset_flight/vi/vi_001212.jpg,3,18,4.258603096008301,-3.3729805946350098,2670.1516918261514,-5.2851772051373604,2673.425037901136,-10.0,-2.2006750106811523,-14.736308097839355,0.6993996500968933,2672.809886269037,-5.396456305317033,-0.7779395580291748,-6.119257926940918,2670.021240234375,-5.272823810577393,9.0,9.0,2.407724618911743,-0.09431035816669464,3.0775725841522217,-0.09758836030960083,0.5251121471057205,2670.045128951389,-5.290861548467552,-0.7674313998031215,-6.147246861642797,5.74086893016586,0.11769960856577111,0.8239147769738242,-4.14090348744253,4.196895371608834,-31.78623496436355,173.25757804792374
1213,/yh/study/new_data/model_dataset_flight/vi/vi_001213.jpg,3,18,4.784184455871582,-3.690023422241211,2670.045128951389,-5.290861548467552,2673.4370639813246,-10.0,-2.368988037109375,-15.024919509887695,0.7094218134880066,2673.423549828666,-5.399530903979217,-0.7859349846839905,-5.99875020980835,2669.9501953125,-5.175251483917236,9.0,9.0,2.3909642696380615,-0.09323376417160034,3.058964729309082,-0.09651632606983185,0.5225461837727643,2669.9799495308894,-5.20797341031494,-0.7782102095385355,-6.042353498822421,6.039345262772406,0.5056387102871414,0.35308428471612885,-4.278545745584441,4.04310770695734,-31.786736236215607,176.33369902614504
1214,/yh/study/new_data/model_dataset_flight/vi/vi_001214.jpg,3,18,5.310488224029541,-4.007501602172852,2669.9799495308894,-5.20797341031494,2673.3841999700553,-10.0,-2.3242039680480957,-14.855216979980469,0.7024815678596497,2673.9230323403376,-5.314880032963179,-0.722585916519165,-5.743578910827637,2669.8671875,-4.925732612609863,9.0,9.0,2.375781774520874,-0.09215183556079865,3.0418734550476074,-0.09546564519405365,0.5215085286274512,2669.9019315759565,-4.98250845607842,-0.7236262774123454,-5.810099669501123,6.297610468173375,0.9002619119772612,-0.12291191504577492,-4.41022631205228,3.8845896871270766,-31.78796017409836,162.70601900760084
1215,/yh/study/new_data/model_dataset_flight/vi/vi_001215.jpg,3,18,5.415514945983887,-3.9759202003479004,2669.9019315759565,-4.98250845607842,2673.233543470845,-10.0,-2.0973739624023438,-14.214741706848145,0.6976696252822876,2673.8178628007795,-5.0879178547533845,-0.5529642701148987,-5.1085920333862305,2669.671142578125,-4.298408508300781,9.0,9.0,2.345999240875244,-0.0895768254995346,3.0074267387390137,-0.09309055656194687,0.5261085009508961,2669.7066651308996,-4.413596369575712,-0.5845475153083495,-5.22490991850947,6.128680515044128,0.8797379064134709,-0.2543383476336314,-4.535777039570416,3.721581852714269,-31.78911890501888,160.72773304767907
1216,/yh/study/new_data/model_dataset_flight/vi/vi_001216.jpg,3,18,5.5110697746276855,-3.9471869468688965,2669.7066651308996,-4.413596369575712,2673.544033630854,-10.0,-2.0659639835357666,-14.74593448638916,0.7038068771362305,2673.5835181200964,-4.516220666717741,-0.4130554795265198,-5.067170143127441,2669.767333984375,-4.188614368438721,9.0,9.0,2.270817279815674,-0.08188587427139282,2.917001724243164,-0.08619068562984467,0.5365241659091954,2669.8000250257473,-4.236411483201849,-0.4109325258833394,-5.1250680967500175,6.038005900171276,0.8560298970212248,-0.3928560624042641,-4.655039877606461,3.5543308844646324,-31.78826208980402,158.32691895775497
1217,/yh/study/new_data/model_dataset_flight/vi/vi_001217.jpg,3,18,5.606649875640869,-3.9184460639953613,2669.8000250257473,-4.236411483201849,2673.2599820739033,-10.0,-2.4566385746002197,-14.832221984863281,0.7186644077301025,2673.588961402319,-4.331493892881738,-1.0474634170532227,-6.345201015472412,2669.914306640625,-5.607849597930908,9.0,9.0,2.29052472114563,-0.08460178971290588,2.941108226776123,-0.08854857087135315,0.5292707718149062,2669.945785281742,-5.421631810198237,-0.921293018786201,-6.204663133343363,6.916706363658865,0.8387827736557965,-0.5353569013735027,-4.767867101985073,3.3830891626218587,-31.784059655834607,171.24860803596675
1218,/yh/study/new_data/model_dataset_flight/vi/vi_001218.jpg,3,18,5.553946495056152,-3.9040839672088623,2669.945785281742,-5.421631810198237,2673.406083150272,-10.0,-2.0940651893615723,-14.532291412353516,0.6985281109809875,2673.7186253047826,-5.51614160550635,-0.6017986536026001,-5.599952697753906,2669.892578125,-4.739782333374023,9.0,9.0,2.32108998298645,-0.08790278434753418,2.9780242443084717,-0.09147879481315613,0.5241008522217355,2669.9253536573638,-4.853051624661956,-0.6346313112988886,-5.713210242295103,6.447591266862191,0.6798249705070587,-0.6959696497104404,-4.874121524549094,3.208114317498422,-31.78386680971226,191.82478496804833
1219,/yh/study/new_data/model_dataset_flight/vi/vi_001219.jpg,3,18,5.4960036277771,-3.888293981552124,2669.9253536573638,-4.853051624661956,2673.4825469605335,-10.0,-1.8659443855285645,-14.314663887023926,0.6835169792175293,2673.7211886755217,-4.9501265356603,-0.4265027940273285,-5.354576110839844,2669.90966796875,-4.438701629638672,9.0,9.0,2.3315930366516113,-0.08885222673416138,2.9904417991638184,-0.09234509617090225,0.5238692661201898,2669.9423190612247,-4.513317517838168,-0.4386913619241004,-5.435155167702854,6.132975146697087,0.5223269452511126,-0.8586252093498214,-4.973676682525987,3.0296687722023026,-31.785550931590343,186.25850195530802
1220,/yh/study/new_data/model_dataset_flight/vi/vi_001220.jpg,3,18,5.4432501792907715,-3.873918294906616,2669.9423190612247,-4.513317517838168,2673.2862539363887,-10.0,-1.079489827156067,-12.704011917114258,0.6459069848060608,2673.7573863524844,-4.612165562710452,0.11647158861160278,-3.7664337158203125,2669.51953125,-2.8062527179718018,9.0,9.0,2.2429423332214355,-0.07946835458278656,2.8827145099639893,-0.08400068432092667,0.5375887682852182,2669.5558345025574,-3.0697318511436094,0.0063295931043958475,-4.008527591648135,5.438586684357109,0.37683317198909183,-1.0258990164395558,-5.06641700730168,2.8480192784670604,-31.786726631262084,164.80525711085647
1221,/yh/study/new_data/model_dataset_flight/vi/vi_001221.jpg,3,18,5.280296802520752,-3.9370739459991455,2669.5558345025574,-3.0697318511436094,2673.1727325760667,-10.0,-2.045503616333008,-14.01896858215332,0.6951266527175903,2673.293027848581,-3.1614081906507123,-0.7120388746261597,-5.476386070251465,2669.7333984375,-4.694278717041016,9.0,9.0,2.217862606048584,-0.07797778397798538,2.8507351875305176,-0.08251620084047318,0.5435651304481265,2669.763891722994,-4.47063592124686,-0.5666728541022605,-5.3037064272159125,6.004559809360461,0.12805883016998454,-1.2736374994563335,-5.152237972350767,2.663436446542812,-31.782689028967255,169.83553406316787
1222,/yh/study/new_data/model_dataset_flight/vi/vi_001222.jpg,3,18,5.131995677947998,-3.9945504665374756,2669.763891722994,-4.47063592124686,2673.1728228997254,-10.0,-0.8865571022033691,-12.18677043914795,0.6965752840042114,2673.445287492113,-4.558107086009834,-0.01456544641405344,-3.8645060062408447,2669.461181640625,-2.9591822624206543,9.0,9.0,2.30696177482605,-0.08696907758712769,2.9591264724731445,-0.09062939137220383,0.5338984384210015,2669.4953111701734,-3.1924622502968854,-0.11042566888304295,-4.079900089414643,5.24311607117705,-0.09905054216776588,-1.5183561964199557,-5.231046220115764,2.47619427011752,-31.777972836706216,169.96249905787408
1223,/yh/study/new_data/model_dataset_flight/vi/vi_001223.jpg,3,18,4.983688831329346,-4.052029609680176,2669.4953111701734,-3.1924622502968854,2673.14347834794,-10.0,-1.8908783197402954,-13.719768524169922,0.7001030445098877,2673.2404254966505,-3.2856474962876385,-0.7712301015853882,-5.676385879516602,2669.790283203125,-4.894947528839111,9.0,9.0,2.3135225772857666,-0.0878048688173294,2.967331886291504,-0.09133270382881165,0.5324329893180635,2669.819838575834,-4.660153818375533,-0.620694844476049,-5.493781960178134,5.786861517765945,-0.3190708363474686,-1.7654599624391367,-5.302759667676814,2.286569647241039,-31.778290653946033,186.57496094238013
1224,/yh/study/new_data/model_dataset_flight/vi/vi_001224.jpg,3,18,4.890326976776123,-3.9933173656463623,2669.819838575834,-4.660153818375533,2673.200596691669,-10.0,-2.524691581726074,-14.82872200012207,0.6812775135040283,2673.5968432946147,-4.756335792190497,-1.182330846786499,-6.951857566833496,2670.12451171875,-6.192653179168701,9.0,9.0,2.2762560844421387,-0.08411210030317307,2.9227423667907715,-0.08800877630710602,0.5324775456302273,2670.154257174202,-5.98309729656719,-1.0452307822755635,-6.790618296398282,6.561687161715669,-0.4769806143212927,-1.8984754674133706,-5.367307591097416,2.0948418982329917,-31.779010171686412,177.43549798615277
1225,/yh/study/new_data/model_dataset_flight/vi/vi_001225.jpg,3,18,4.8038411140441895,-3.938929319381714,2670.154257174202,-5.98309729656719,2673.160288069299,-10.0,-2.5100998878479004,-14.730243682861328,0.6907925009727478,2673.9082530695878,-6.077595603080023,-0.7715661525726318,-5.642376899719238,2669.771728515625,-4.866384506225586,9.0,9.0,2.311789035797119,-0.0878123939037323,2.965932846069336,-0.09132656455039978,0.528506217514688,2669.807163728005,-5.043097823713211,-0.8361061185764904,-5.810649039537919,5.9424186572108235,-0.6207895743355163,-2.0376370378269186,-5.424630688379706,1.901292281554795,-31.7794622448321,196.79333502426744
1226,/yh/study/new_data/model_dataset_flight/vi/vi_001226.jpg,3,18,4.718164443969727,-3.8850502967834473,2669.807163728005,-5.043097823713211,2673.2380628195083,-10.0,-1.4599084854125977,-13.215323448181152,0.696713387966156,2673.586257231957,-5.139977350685982,-0.4216313362121582,-5.219470500946045,2669.841552734375,-4.321913719177246,9.0,9.0,2.3577322959899902,-0.09192407876253128,3.0198028087615967,-0.09510578215122223,0.5238846874066752,2669.873631451047,-4.441267594497013,-0.4582285610284891,-5.337546371498069,5.376317456145595,-0.7565166770391558,-2.1788467881554046,-5.474681121008882,1.7062035086280427,-31.781146046545075,200.63251594547182
1227,/yh/study/new_data/model_dataset_flight/vi/vi_001227.jpg,3,18,4.711565971374512,-3.7483949661254883,2669.873631451047,-4.441267594497013,2673.3623899368085,-9.753479473991394,-0.34932437539100647,-11.692007064819336,0.6714786291122437,2673.706517431653,-4.542484134237576,0.4075816869735718,-3.2388687133789062,2669.483642578125,-2.2047746181488037,9.0,9.0,2.423797845840454,-0.09785196185112,3.094949245452881,-0.10055442899465561,0.5186409697539566,2669.5198175035575,-2.545841840025557,0.2559307116145957,-3.546513252471599,4.460206474404928,-0.805856562737941,-2.2385357075470136,-5.517422534112453,1.5098592585784747,-31.783858058532385,148.6839730059728
1228,/yh/study/new_data/model_dataset_flight/vi/vi_001228.jpg,3,18,4.7043280601501465,-3.5984930992126465,2669.5198175035575,-2.545841840025557,2673.525720466153,-10.0,-0.6799765825271606,-12.520341873168945,0.6850546598434448,2673.4364425264457,-2.653633859869612,0.3037031888961792,-3.4287261962890625,2669.497314453125,-2.4207587242126465,9.0,9.0,2.469165086746216,-0.10199299454689026,3.145578384399414,-0.10428280383348465,0.5174682582899771,2669.531058684073,-2.4547347486143356,0.314131575925755,-3.475523636060341,4.391918334733033,-0.8485019951563801,-2.285949405331416,-5.552830055306527,1.3125436938812303,-31.787456180842806,150.90293099638075
1229,/yh/study/new_data/model_dataset_flight/vi/vi_001229.jpg,3,18,4.697739601135254,-3.4620361328125,2669.531058684073,-2.4547347486143356,2673.6076164138403,-10.0,-0.30305778980255127,-12.077617645263672,0.6743189692497253,2673.523617163382,-2.5684257209425216,0.4602736532688141,-3.252887010574341,2669.53564453125,-2.1884560585021973,9.0,9.0,2.4995365142822266,-0.10431333631277084,3.1783785820007324,-0.10647857189178467,0.5151944989874505,2669.5698071852707,-2.2438928851370115,0.4595831781969606,-3.3180448465793146,4.240601768122562,-0.8831506712119346,-2.347495154937843,-5.5808902723471885,1.1145409778746571,-31.790205385344592,157.48189098667353
1230,/yh/study/new_data/model_dataset_flight/vi/vi_001230.jpg,3,18,4.694444179534912,-3.311176061630249,2669.5698071852707,-2.2438928851370115,2673.728858622812,-10.0,-0.2796304225921631,-12.267393112182617,0.6779319643974304,2673.6208168402695,-2.361838228393008,0.4446716010570526,-3.361027956008911,2669.580078125,-2.2881906032562256,9.0,9.0,2.5154707431793213,-0.10602428019046783,3.195856809616089,-0.10795801132917404,0.5139735493124578,2669.6146927955238,-2.2989356469540625,0.46809531533968296,-3.388557023949562,4.227057195640221,-0.9071570102148163,-2.3950412665263934,-5.601601189749728,0.9161347951038555,-31.79278821070706,141.30886201746762
1231,/yh/study/new_data/model_dataset_flight/vi/vi_001231.jpg,3,18,4.691150665283203,-3.160377264022827,2669.6146927955238,-2.2989356469540625,2673.432633998958,-9.230148152471921,-0.01021614670753479,-11.28726577758789,0.6834673881530762,2673.703898060569,-2.419972563925269,0.583078145980835,-2.488476276397705,2669.230712890625,-1.4767760038375854,9.0,9.0,2.5271995067596436,-0.10702211409807205,3.208399772644043,-0.10887297987937927,0.512189162391792,2669.2690320797037,-1.6143865273944398,0.541882187726979,-2.6252456032212184,4.183634161017671,-0.9238214993008471,-2.442769388580845,-5.61497216458405,0.7176078754419823,-31.794894363570656,149.6562419924885
1232,/yh/study/new_data/model_dataset_flight/vi/vi_001232.jpg,3,18,4.687527179718018,-2.9944941997528076,2669.2690320797037,-1.6143865273944398,2669.627477280338,-2.1344321804810797,0.5668338537216187,-3.256361961364746,0.7803716659545898,2673.3843208141398,-1.7375135780922433,0.5668338537216187,-3.256361961364746,2669.62744140625,-2.134432077407837,9.0,9.0,2.5753583908081055,-0.11043025553226471,3.2579760551452637,-0.1121501550078392,0.5151994081859164,2669.659624418334,-2.076522448798566,0.624957888515145,-3.2246039374313105,4.06908094502912,-0.9334966419801534,-2.475252676828698,-5.621023821698171,0.5192415229241093,-31.796887925034653,136.7520239436999
1233,/yh/study/new_data/model_dataset_flight/vi/vi_001233.jpg,3,18,4.7226786613464355,-2.984044313430786,2669.659624418334,-2.076522448798566,2673.634621164646,-10.0,-0.29760947823524475,-12.119523048400879,0.658172607421875,2673.8291447964466,-2.2029896320308735,0.516754686832428,-3.3500618934631348,2669.63525390625,-2.240391254425049,9.0,9.0,2.556490421295166,-0.10881438106298447,3.2387866973876953,-0.11065810918807983,0.5122760338602981,2669.6711805428395,-2.234934431258667,0.550046783822634,-3.3646618775642465,4.18995543120147,-0.8971092873188109,-2.6627291632152534,-5.6197879486652464,0.32131515021553286,-31.79713012994592,117.37625789828598
1234,/yh/study/new_data/model_dataset_flight/vi/vi_001234.jpg,3,18,4.7613205909729,-2.9725568294525146,2669.6711805428395,-2.234934431258667,2673.905546575669,-9.906218834552016,0.028075024485588074,-12.111433029174805,0.6622108221054077,2673.845299538506,-2.3616020202078705,0.028075024485588074,-12.111433029174805,2673.905517578125,-9.906218528747559,9.0,9.0,2.577014207839966,-0.11038481444120407,3.2600009441375732,-0.11213111132383347,0.5143615360738263,2673.905001725023,-8.805473814751448,0.6160077430710231,-11.18085524419671,9.195639263937686,-0.849986779818904,-2.848451009836183,-5.611307370791804,0.12410581961633163,-31.798310738816134,159.68903806060553
1235,/yh/study/new_data/model_dataset_flight/vi/vi_001235.jpg,3,18,4.799864292144775,-2.9610984325408936,2673.905001725023,-8.805473814751448,2674.2407517751285,-10.0,-0.9488918781280518,-16.75276756286621,0.6840301752090454,2674.2407516524254,-8.933346773530783,-0.4776272177696228,-11.950271606445312,2673.39208984375,-10.040332794189453,9.0,9.0,2.5879955291748047,-0.11090752482414246,3.2709920406341553,-0.11268267035484314,0.5154675998325452,2673.3993598384127,-9.878825710386266,-0.38508222118468005,-11.817704435782995,10.262706282591903,-0.7957715144219204,-3.033210641054465,-5.595635806566696,-0.07211220851357157,-31.798348198134864,209.28873808588833
1236,/yh/study/new_data/model_dataset_flight/vi/vi_001236.jpg,3,18,4.843355655670166,-3.0796165466308594,2673.3993598384127,-9.878825710386266,2674.2407517751285,-10.0,-0.4090877175331116,-16.44774627685547,0.6779612302780151,2674.2407516524254,-10.0,-0.15783286094665527,-12.37407398223877,2673.888916015625,-10.22756290435791,9.0,9.0,2.5642595291137695,-0.10891115665435791,3.2464396953582764,-0.11081366240978241,0.5208322865387671,2673.8919299879467,-10.0,-0.03356279956669184,-12.183412867324696,10.327799430067786,-0.729482048300107,-3.346684465677391,-5.572837703970273,-0.26706791904653177,-31.79798545105691,184.41625800915062
1237,/yh/study/new_data/model_dataset_flight/vi/vi_001237.jpg,3,18,4.882905960083008,-3.187394380569458,2673.8919299879467,-10.0,2674.2407517751285,-10.0,-0.40742504596710205,-16.265419006347656,0.6900744438171387,2674.2407516524254,-10.0,-0.15494553744792938,-12.213737487792969,2673.8056640625,-10.0905122756958,9.0,9.0,2.572338104248047,-0.10918392986059189,3.254685878753662,-0.11115303635597229,0.5200976143161676,2673.8093912061327,-10.0,-0.10331984263465799,-12.13929251549296,10.246898456300535,-0.6600820980197524,-3.647888356826117,-5.54298805810276,-0.4604939762566592,-31.79587204111732,171.07830895110965
1238,/yh/study/new_data/model_dataset_flight/vi/vi_001238.jpg,3,18,4.9224138259887695,-3.2950568199157715,2673.8093912061327,-10.0,2674.2407517751285,-10.0,-0.5602066516876221,-16.04489517211914,0.6853209137916565,2674.2407516524254,-10.0,-0.2582709789276123,-11.900527000427246,2673.55078125,-9.881036758422852,9.0,9.0,2.5947093963623047,-0.11108387261629105,3.277682304382324,-0.11289551109075546,0.5199653327618515,2673.5566918272075,-9.898393261457521,-0.262573906204179,-11.91834218473284,10.062064811263124,-0.5837583846399577,-3.9471839679693304,-5.506172210628727,-0.6521271480535591,-31.794755465270583,161.2193729961291
1239,/yh/study/new_data/model_dataset_flight/vi/vi_001239.jpg,3,18,4.946234226226807,-3.395207166671753,2673.5566918272075,-9.898393261457521,2674.2407517751285,-10.0,-0.509968101978302,-16.56667709350586,0.6843096017837524,2674.2407516524254,-10.0,-0.28276515007019043,-12.603531837463379,2673.906005859375,-10.488268852233887,9.0,9.0,2.58206844329834,-0.11016672849655151,3.264636516571045,-0.11201156675815582,0.521342629735814,2673.9088734328934,-10.0,-0.019243171957764815,-12.192469831043573,10.101870924627388,-0.5162514053442226,-4.236915886162387,-5.462485631571029,-0.8417087194906339,-31.79407596816987,176.96955299470574
1240,/yh/study/new_data/model_dataset_flight/vi/vi_001240.jpg,3,18,4.9700703620910645,-3.495424747467041,2673.9088734328934,-10.0,2674.2407517751285,-10.0,-0.23826751112937927,-15.861042022705078,0.6837755441665649,2674.2407516524254,-10.0,-0.055896561592817307,-12.057161331176758,2673.8056640625,-9.905238151550293,9.0,9.0,2.5757453441619873,-0.1094876229763031,3.2584962844848633,-0.11140789091587067,0.5199232310489207,2673.8093912061327,-9.91906371891365,-0.06005609292814551,-12.07088981410317,9.941869706578371,-0.44196332193203336,-4.524409642258192,-5.412033684023098,-1.028984894791151,-31.79315223844548,155.9254010207951
1241,/yh/study/new_data/model_dataset_flight/vi/vi_001241.jpg,3,18,4.993901252746582,-3.5956194400787354,2673.8093912061327,-9.91906371891365,2674.2407517751285,-10.0,-0.44417572021484375,-16.372865676879883,0.6742956042289734,2674.2407516524254,-10.0,-0.28843116760253906,-12.386462211608887,2673.78515625,-10.307843208312988,9.0,9.0,2.591606378555298,-0.1105794683098793,3.2745614051818848,-0.11246241629123688,0.5201844857846737,2673.7890590721963,-10.0,-0.12050339576556368,-12.128424159030137,9.94816019575891,-0.3610301196351129,-4.809326627239574,-5.354931372381695,-1.2137071871608385,-31.793048611669168,148.92743295058608
1242,/yh/study/new_data/model_dataset_flight/vi/vi_001242.jpg,3,18,5.021136283874512,-3.6104629039764404,2673.7890590721963,-10.0,2674.2407517751285,-10.0,-0.35120755434036255,-16.337743759155273,0.6922307014465332,2674.2407516524254,-10.0,-0.24646252393722534,-12.661707878112793,2673.9677734375,-10.518031120300293,9.0,9.0,2.595139265060425,-0.11082498729228973,3.27799916267395,-0.11270580440759659,0.5213005280228832,2673.9701118839166,-10.0,0.03251205354418474,-12.225204285628356,9.954905362894456,-0.2701667908603458,-5.006095699667187,-5.2913030747348575,-1.395632795690746,-31.792889809770966,139.932080055587
1243,/yh/study/new_data/model_dataset_flight/vi/vi_001243.jpg,3,18,5.048360824584961,-3.625300884246826,2673.9701118839166,-10.0,2674.2407517751285,-10.0,-0.6935467720031738,-16.573312759399414,0.6935903429985046,2674.2407516524254,-10.0,-0.5467097163200378,-12.859012603759766,2673.8193359375,-10.84527587890625,9.0,9.0,2.5891034603118896,-0.11025233566761017,3.2717583179473877,-0.11219292879104614,0.5221134272558204,2673.82294596209,-10.0,-0.09186414054736858,-12.146538086468174,9.951552449175495,-0.17292143548475547,-5.199825852932164,-5.221282260069716,-1.5745249686853375,-31.79239595507746,145.26676398236305
1244,/yh/study/new_data/model_dataset_flight/vi/vi_001244.jpg,3,18,5.075601100921631,-3.6401474475860596,2673.82294596209,-10.0,2674.2407517751285,-10.0,-0.7086729407310486,-16.922574996948242,0.6897773742675781,2674.2407516524254,-10.0,-0.5197829008102417,-12.923047065734863,2673.87646484375,-10.885001182556152,9.0,9.0,2.5832135677337646,-0.10972291976213455,3.2660558223724365,-0.11169911921024323,0.5228149623887749,2673.8795854780565,-10.0,-0.04399567111066105,-12.176814222329247,9.954142390543131,-0.06941009007223631,-5.390300800371907,-5.145011190993867,-1.7501533527858475,-31.79179046947971,131.03733607567847
1245,/yh/study/new_data/model_dataset_flight/vi/vi_001245.jpg,3,18,5.068787097930908,-3.662430763244629,2673.8795854780565,-10.0,2674.2407517751285,-10.0,-0.3326628804206848,-16.135417938232422,0.6894027590751648,2674.2407516524254,-10.0,-0.17409615218639374,-12.28475570678711,2673.827392578125,-10.160770416259766,9.0,9.0,2.585599184036255,-0.10986024141311646,3.268551826477051,-0.1118430569767952,0.5208353281073819,2673.830933586137,-10.0,-0.08511345896014788,-12.150807797935775,9.930520411005356,0.006146485239859167,-5.584725090538646,-5.062640612691049,-1.9222943272940165,-31.791151366544636,155.15657200012356
1246,/yh/study/new_data/model_dataset_flight/vi/vi_001246.jpg,3,18,5.061983108520508,-3.6846792697906494,2673.830933586137,-10.0,2674.2407517751285,-10.0,-0.43605685234069824,-16.213926315307617,0.6836314797401428,2674.2407516524254,-10.0,-0.2288459986448288,-12.2778902053833,2673.77734375,-10.184233665466309,9.0,9.0,2.5970458984375,-0.11090078949928284,3.2802226543426514,-0.11277797818183899,0.5207719887750005,2673.781313497363,-10.0,-0.12704951124429087,-12.1242838327584,9.907218818026035,0.08765367966439719,-5.775410592930361,-4.974329428856111,-2.0907313231397113,-31.791428789618816,161.76350298337638
1247,/yh/study/new_data/model_dataset_flight/vi/vi_001247.jpg,3,18,5.055176258087158,-3.7069389820098877,2673.781313497363,-10.0,2674.2407517751285,-10.0,-0.22301729023456573,-15.909122467041016,0.6899886131286621,2674.2407516524254,-10.0,-0.1250937283039093,-12.257497787475586,2673.854248046875,-10.111538887023926,9.0,9.0,2.602945566177368,-0.11125608533620834,3.286074638366699,-0.1131361722946167,0.5203168206998426,2673.8575589996253,-10.0,-0.06261118700261292,-12.16504016949448,9.885910379466665,0.17493189270802123,-5.962194107980867,-4.880244365379137,-2.25525512597098,-31.791631294055538,158.17376098129898
1248,/yh/study/new_data/model_dataset_flight/vi/vi_001248.jpg,3,18,4.985660076141357,-3.7185966968536377,2673.8575589996253,-10.0,2674.2407517751285,-10.0,-0.18081091344356537,-15.900079727172852,0.6872881650924683,2674.2407516524254,-10.0,0.01811431348323822,-11.979875564575195,2673.826904296875,-9.800358772277832,9.0,9.0,2.606140375137329,-0.11133046448230743,3.288813591003418,-0.11325358599424362,0.5204447800250747,2673.8304494877098,-9.829486034857995,0.005624091254079033,-12.00644040673934,9.668976769558618,0.2051004535738139,-6.134260859741476,-4.7805596225675435,-2.415664162887838,-31.791922217425498,158.36130501702428
1249,/yh/study/new_data/model_dataset_flight/vi/vi_001249.jpg,3,18,4.9224138259887695,-3.72920298576355,2673.8304494877098,-9.829486034857995,2674.2407517751285,-10.0,-0.28328925371170044,-16.066822052001953,0.6757752299308777,2674.2407516524254,-9.958631165373093,-0.06183912977576256,-11.879969596862793,2673.705810546875,-9.758662223815918,9.0,9.0,2.6215689182281494,-0.11261121183633804,3.3045177459716797,-0.11444078385829926,0.519943614894725,2673.710393077799,-9.787837299200241,-0.07357774747552437,-11.907066227575784,9.583182091764193,0.24695730927223636,-6.300967758140674,-4.675456516716533,-2.5717647723771235,-31.792066558532568,145.9869520040229
1250,/yh/study/new_data/model_dataset_flight/vi/vi_001250.jpg,3,18,4.878164768218994,-3.7032313346862793,2673.710393077799,-9.787837299200241,2674.2407517751285,-10.0,-0.42252016067504883,-16.304471969604492,0.6788805723190308,2674.2407516524254,-9.918120148273651,-0.11606603115797043,-12.058892250061035,2673.755615234375,-9.938863754272461,9.0,9.0,2.624032735824585,-0.1128789484500885,3.3072197437286377,-0.11465850472450256,0.5210371388530146,2673.759771117359,-9.935837302944343,-0.11095831133024259,-12.058541919833466,9.731524242232739,0.3130416563652121,-6.426602791735436,-4.565123111853782,-2.723371457049157,-31.7923357640354,142.8520129993558
1251,/yh/study/new_data/model_dataset_flight/vi/vi_001251.jpg,3,18,4.833906650543213,-3.6772544384002686,2673.759771117359,-9.935837302944343,2674.2407517751285,-10.0,-0.49391981959342957,-16.804615020751953,0.6795749068260193,2674.2407516524254,-10.0,-0.2016012966632843,-12.205080032348633,2673.761474609375,-10.108135223388672,9.0,9.0,2.634848117828369,-0.11357679963111877,3.317808151245117,-0.11535978317260742,0.5199835821735401,2673.7655802984837,-10.0,-0.14034630830995454,-12.115873795019231,9.795585186427799,0.38415280804292173,-6.547561557217035,-4.449753842500291,-2.8703071188167666,-31.792128030235098,155.12151608709246
1252,/yh/study/new_data/model_dataset_flight/vi/vi_001252.jpg,3,18,4.789651870727539,-3.6512792110443115,2673.7655802984837,-10.0,2674.2407517751285,-10.0,-0.37640053033828735,-16.05194664001465,0.6900976300239563,2674.2407516524254,-10.0,-0.2903789281845093,-12.563202857971191,2673.8779296875,-10.458255767822266,9.0,9.0,2.6095128059387207,-0.11147010326385498,3.292680025100708,-0.11339797079563141,0.5243214993484386,2673.8810377733375,-10.0,-0.04276827445856313,-12.177590533505102,9.800523926154332,0.4601027424253674,-6.663682487243979,-4.329549128302172,-3.0124032761996675,-31.79236175077076,162.31616295408458
1253,/yh/study/new_data/model_dataset_flight/vi/vi_001253.jpg,3,18,4.46619176864624,-3.5956084728240967,2673.8810377733375,-10.0,2674.2407517751285,-10.0,-0.8708164691925049,-16.85432243347168,0.7152091860771179,2674.2407516524254,-10.0,-1.120849847793579,-13.962997436523438,2673.92431640625,-12.08520221710205,9.0,9.0,2.593001127243042,-0.11044187843799591,3.275757312774658,-0.11237344890832901,0.522837854194665,2673.9270271239084,-10.0,-0.0039007138048923196,-12.202173720742726,9.698179837904986,0.2614767872470676,-6.745108736302921,-4.204714981399173,-3.1495002634788243,-31.790995392771638,183.0740189179778
1254,/yh/study/new_data/model_dataset_flight/vi/vi_001254.jpg,3,18,4.142780303955078,-3.5399458408355713,2673.9270271239084,-10.0,2674.2407517751285,-10.0,-0.8574090600013733,-16.950929641723633,0.7116560935974121,2674.2407516524254,-10.0,-0.9316458702087402,-13.386882781982422,2673.776123046875,-11.49716567993164,9.0,9.0,2.558941125869751,-0.10704326629638672,3.240898847579956,-0.10931974649429321,0.5257749422594762,2673.7801032512957,-10.0,-0.12807234178755422,-12.123636906778634,9.5874884426109,0.06731769655084019,-6.821393252305427,-4.075462607404238,-3.281447411469855,-31.790626562556458,165.98465899005532
1255,/yh/study/new_data/model_dataset_flight/vi/vi_001255.jpg,3,18,3.8194665908813477,-3.484300136566162,2673.7801032512957,-10.0,2674.2407517751285,-10.0,-0.3734782338142395,-16.44330596923828,0.6910672187805176,2674.2407516524254,-10.0,-0.17613539099693298,-12.524951934814453,2673.9541015625,-10.364860534667969,9.0,9.0,2.5507092475891113,-0.10641027241945267,3.2327747344970703,-0.10872835665941238,0.5247831240867963,2673.956557127959,-10.0,0.021056351456895328,-12.217958714653141,9.523902167995889,-0.12254140999476792,-6.892403346290537,-3.9420080008761156,-3.408103209724375,-31.78935881541348,174.47755206376314
1256,/yh/study/new_data/model_dataset_flight/vi/vi_001256.jpg,3,18,3.8194665908813477,-3.484300136566162,2673.956557127959,-10.0,2674.2407517751285,-10.0,-0.39510515332221985,-16.3082275390625,0.6854113340377808,2674.2407516524254,-10.0,-0.16000482439994812,-12.239251136779785,2673.81494140625,-10.114779472351074,9.0,9.0,2.5559394359588623,-0.10704143345355988,3.2379703521728516,-0.10930412262678146,0.5220693511913328,2673.818589076247,-10.0,-0.09554633050377603,-12.144209152940553,9.503754539469911,0.01489505471135999,-7.013635586581374,-3.8045715361699877,-3.529335450015212,-31.788881929471195,162.96083002816886
1257,/yh/study/new_data/model_dataset_flight/vi/vi_001257.jpg,3,18,3.8194665908813477,-3.484300136566162,2673.818589076247,-10.0,2674.2407517751285,-10.0,-0.516543984413147,-16.312232971191406,0.6820005178451538,2674.2407516524254,-10.0,-0.28154700994491577,-12.25621223449707,2673.72119140625,-10.194083213806152,9.0,9.0,2.5650665760040283,-0.10761979967355728,3.2471795082092285,-0.10987325012683868,0.5212751816177601,2673.7256421782513,-10.0,-0.1740997162458875,-12.094525237681458,9.49128801276717,0.1560890363259615,-7.1293214875669415,-3.663377554555386,-3.6450213510007794,-31.78952177945821,197.88924197200686
