PATCH FAILED [forward-origin, cadence init and train-only calibration]: expected 1 old block, found 0
[PATCH OK] bearing ICLR main alignment already present
[TEMPORAL V5] existing direct-delta2 patch: PASS
[PATCH ORDER] legacy 5-block Context-GRU prepatch disabled: PASS
[CALIBRATION V5] direct delta2 + residual Kalman train-validation search: PASS
[RUNNER V5] patience=4, minimal losses=measurement+next-step+variance-NLL: PASS
[PRE-RUN AUDIT] single_city_runner: PASS
[PRE-RUN AUDIT] other_cities_not_looped: PASS
[PRE-RUN AUDIT] patience_is_4: PASS
[PRE-RUN AUDIT] fresh_prepare_current_city_only: PASS
[PRE-RUN AUDIT] legacy_context_gru_disabled: PASS
[PRE-RUN AUDIT] active_runner_has_no_legacy_centroid_decoder: PASS
[PRE-RUN AUDIT] runner_requests_front_softms: PASS
[PRE-RUN AUDIT] quadratic_next_step: PASS
[PRE-RUN AUDIT] separate_1_2_3_checkpoints: PASS
[PRE-RUN AUDIT] seven_block_current_delta_delta2_gru: PASS
[PRE-RUN AUDIT] direct_delta2_acceleration: PASS
[PRE-RUN AUDIT] direct_delta2_next_step: PASS
[PRE-RUN AUDIT] smooth_measurement_preserving_kalman: PASS
[PRE-RUN AUDIT] continuous_step_relaxation: PASS
[PRE-RUN AUDIT] raw_visual_previous_measurement: PASS
[PRE-RUN AUDIT] v5_train_only_calibration: PASS
[PRE-RUN AUDIT] calibration_loads_delta2: PASS
[PRE-RUN AUDIT] forward_backshift_enabled: PASS
================================================================================
[FRESH BEARING PREP] ONLY cityc
[FRESH BEARING PREP] source=/yh/study/cvpr_data/Bearing_UAV_90K
[FRESH BEARING PREP] cityb/cityc/cityd WILL NOT RUN unless CITY is changed
================================================================================
[TURN-DIVERSITY-AUDIT] PASS
{
  "city": "cityc",
  "routes": {
    "test_01": {
      "source": "Bearing-UAV official wps37bc_50.json",
      "waypoints": 13,
      "turn_delta_mod360_deg": [
        283.3,
        110.1,
        45.3,
        356.4,
        271.1,
        346.3,
        336.9,
        310.7,
        3.7,
        356.2,
        268.3
      ],
      "meaningful_20_350_deg": [
        283.3,
        110.1,
        45.3,
        271.1,
        346.3,
        336.9,
        310.7,
        268.3
      ]
    },
    "test_02": {
      "source": "Bearing-UAV official wps37bc_51.json",
      "waypoints": 11,
      "turn_delta_mod360_deg": [
        349.1,
        309.4,
        58.2,
        351.4,
        311.4,
        350.8,
        90.4,
        253.9,
        112.8
      ],
      "meaningful_20_350_deg": [
        349.1,
        309.4,
        58.2,
        311.4,
        90.4,
        253.9,
        112.8
      ]
    }
  },
  "combined": {
    "meaningful_turn_count": 15,
    "occupied_turn_bins": [
      0,
      1,
      4,
      5
    ],
    "near_90_fraction": 0.26666666666666666,
    "rule": "meaningful delta in [20,350] deg; >=4 bins across two tests; <=65% near 90deg"
  }
}
[TRAIN-ROUTE-PROBE] city=cityc profile=strict
{
  "train_01": {
    "candidate": "train_01",
    "status": "ok",
    "full": true,
    "frames": 196,
    "targets": 196,
    "selected_ratio": 1.0,
    "first_target": 0,
    "last_target": 195,
    "target_span_ratio": 1.0,
    "start_m": 4.95188561680051,
    "end_m": 7.129644133846016,
    "worst_waypoint_m": 6.614724721326079,
    "centerline_cross_p90_m": 6.430249478924221,
    "same_leg_lateral_delta_p90_m": 4.292132412559953,
    "backward_step_pct": 17.435897435897434,
    "actual_step_p90_m": 10.181094484033606
  },
  "train_02": {
    "candidate": "train_02",
    "status": "ok",
    "full": true,
    "frames": 196,
    "targets": 198,
    "selected_ratio": 0.98989898989899,
    "first_target": 0,
    "last_target": 197,
    "target_span_ratio": 1.0,
    "start_m": 5.954255268039213,
    "end_m": 6.822230030399121,
    "worst_waypoint_m": 7.804761760501425,
    "centerline_cross_p90_m": 6.332216149381889,
    "same_leg_lateral_delta_p90_m": 4.541588796686153,
    "backward_step_pct": 17.435897435897434,
    "actual_step_p90_m": 10.212814301602426
  },
  "train_03": {
    "candidate": "train_03",
    "status": "ok",
    "full": true,
    "frames": 166,
    "targets": 203,
    "selected_ratio": 0.8177339901477833,
    "first_target": 0,
    "last_target": 202,
    "target_span_ratio": 1.0,
    "start_m": 6.234876881024557,
    "end_m": 9.40626564737032,
    "worst_waypoint_m": 6.2100240167436125,
    "centerline_cross_p90_m": 6.922893521919052,
    "same_leg_lateral_delta_p90_m": 3.8511971430206193,
    "backward_step_pct": 6.666666666666667,
    "actual_step_p90_m": 11.23261540840018
  }
}
[SEQUENCE-V12-FULLROUTE] train_01 {
  "split": "train",
  "planned_length_m": 781.1736496816332,
  "waypoints": 6,
  "frames": 196,
  "sample_step_m": 4.0,
  "selection_version": "soft_sequence_v13_multicity_auto_train_fullroute",
  "max_sample_distance_m": 10.0,
  "preferred_step_m": 4.0,
  "safety_max_step_m": 22.0,
  "point_cross_weight": 20.0,
  "lateral_smooth_weight": 35.0,
  "big_turn_threshold_deg": 20.0,
  "heading_weight_px_per_deg": 0.0,
  "targets": 196,
  "dense_frames_before_prune": 196,
  "dense_selected_ratio": 1.0,
  "selected_ratio": 1.0,
  "prune_keep_ratio": 1.0,
  "skipped_targets": 0,
  "per_leg_prune": [
    {
      "leg": 0,
      "dense": 196,
      "kept": 196,
      "coverage": 1.0,
      "mode": "dense_fallback_for_coverage",
      "first_target": 0,
      "last_target": 195
    }
  ],
  "mean_target_error_m": 5.631633194093209,
  "max_target_error_m": 9.762560827587418,
  "centerline_cross_mean_m": 3.1719397438640193,
  "centerline_cross_p90_m": 6.430249478924221,
  "centerline_cross_max_m": 8.783376322091513,
  "same_leg_lateral_delta_p90_m": 4.292132412559953,
  "same_leg_lateral_delta_max_m": 8.230267055077064,
  "actual_step_mean_m": 5.5150419524042755,
  "actual_step_p50_m": 4.963723664401518,
  "actual_step_p90_m": 10.181094484033606,
  "actual_step_p95_m": 11.000646148276504,
  "actual_step_max_m": 16.206791706740045,
  "step_over_7m_pct": 32.30769230769231,
  "step_over_10m_pct": 10.76923076923077,
  "step_over_14m_pct": 1.0256410256410255,
  "cross_step_p90_m": 4.292132412559953,
  "backward_step_pct": 17.435897435897434,
  "same_leg_backward_step_pct": 17.435897435897434,
  "max_cross_track_rule_m": 8.5,
  "max_same_leg_lateral_jump_rule_m": 4.0,
  "max_same_leg_backward_rule_m": 0.25
}
[SEQUENCE-V12-FULLROUTE] test_01 {
  "split": "inference",
  "planned_length_m": 750.8491472570564,
  "waypoints": 13,
  "frames": 148,
  "sample_step_m": 4.0,
  "selection_version": "soft_sequence_v13_multicity_auto_train_fullroute",
  "max_sample_distance_m": 10.0,
  "preferred_step_m": 4.0,
  "safety_max_step_m": 22.0,
  "point_cross_weight": 20.0,
  "lateral_smooth_weight": 35.0,
  "big_turn_threshold_deg": 20.0,
  "heading_weight_px_per_deg": 0.0,
  "targets": 189,
  "dense_frames_before_prune": 189,
  "dense_selected_ratio": 1.0,
  "selected_ratio": 0.783068783068783,
  "prune_keep_ratio": 0.783068783068783,
  "skipped_targets": 41,
  "per_leg_prune": [
    {
      "leg": 0,
      "dense": 37,
      "kept": 37,
      "coverage": 1.0,
      "mode": "dense_fallback_for_coverage",
      "first_target": 0,
      "last_target": 36
    },
    {
      "leg": 1,
      "dense": 23,
      "kept": 19,
      "coverage": 0.9545454545454546,
      "mode": "smoothed_full_span",
      "first_target": 37,
      "last_target": 59
    },
    {
      "leg": 2,
      "dense": 20,
      "kept": 14,
      "coverage": 1.0,
      "mode": "smoothed_full_span",
      "first_target": 60,
      "last_target": 79
    },
    {
      "leg": 3,
      "dense": 19,
      "kept": 14,
      "coverage": 0.9444444444444444,
      "mode": "smoothed_full_span",
      "first_target": 80,
      "last_target": 98
    },
    {
      "leg": 4,
      "dense": 23,
      "kept": 16,
      "coverage": 0.9090909090909091,
      "mode": "smoothed_full_span",
      "first_target": 99,
      "last_target": 121
    },
    {
      "leg": 5,
      "dense": 28,
      "kept": 19,
      "coverage": 0.9629629629629629,
      "mode": "smoothed_full_span",
      "first_target": 122,
      "last_target": 149
    },
    {
      "leg": 6,
      "dense": 28,
      "kept": 19,
      "coverage": 1.0,
      "mode": "smoothed_full_span",
      "first_target": 150,
      "last_target": 177
    },
    {
      "leg": 7,
      "dense": 11,
      "kept": 10,
      "coverage": 1.0,
      "mode": "smoothed_full_span",
      "first_target": 178,
      "last_target": 188
    }
  ],
  "mean_target_error_m": 5.561676036408063,
  "max_target_error_m": 9.97972381775018,
  "centerline_cross_mean_m": 3.015210202097175,
  "centerline_cross_p90_m": 5.655063846438457,
  "centerline_cross_max_m": 8.54102680767106,
  "same_leg_lateral_delta_p90_m": 3.355915999568269,
  "same_leg_lateral_delta_max_m": 5.286933800283629,
  "actual_step_mean_m": 6.037990064169097,
  "actual_step_p50_m": 4.968660734216577,
  "actual_step_p90_m": 11.61258142602395,
  "actual_step_p95_m": 13.41898267114774,
  "actual_step_max_m": 19.552788467127467,
  "step_over_7m_pct": 34.01360544217687,
  "step_over_10m_pct": 14.965986394557824,
  "step_over_14m_pct": 4.081632653061225,
  "cross_step_p90_m": 3.546878223568593,
  "backward_step_pct": 7.482993197278912,
  "same_leg_backward_step_pct": 7.482993197278912,
  "max_cross_track_rule_m": 8.5,
  "max_same_leg_lateral_jump_rule_m": 4.0,
  "max_same_leg_backward_rule_m": 0.25
}
[SEQUENCE-V12-FULLROUTE] test_02 {
  "split": "inference",
  "planned_length_m": 1164.7307744629352,
  "waypoints": 11,
  "frames": 226,
  "sample_step_m": 4.0,
  "selection_version": "soft_sequence_v13_multicity_auto_train_fullroute",
  "max_sample_distance_m": 10.0,
  "preferred_step_m": 4.0,
  "safety_max_step_m": 22.0,
  "point_cross_weight": 20.0,
  "lateral_smooth_weight": 35.0,
  "big_turn_threshold_deg": 20.0,
  "heading_weight_px_per_deg": 0.0,
  "targets": 292,
  "dense_frames_before_prune": 292,
  "dense_selected_ratio": 1.0,
  "selected_ratio": 0.773972602739726,
  "prune_keep_ratio": 0.773972602739726,
  "skipped_targets": 66,
  "per_leg_prune": [
    {
      "leg": 0,
      "dense": 52,
      "kept": 30,
      "coverage": 1.0,
      "mode": "smoothed_full_span",
      "first_target": 0,
      "last_target": 51
    },
    {
      "leg": 1,
      "dense": 20,
      "kept": 15,
      "coverage": 1.0,
      "mode": "smoothed_full_span",
      "first_target": 52,
      "last_target": 71
    },
    {
      "leg": 2,
      "dense": 48,
      "kept": 32,
      "coverage": 0.9787234042553191,
      "mode": "smoothed_full_span",
      "first_target": 72,
      "last_target": 119
    },
    {
      "leg": 3,
      "dense": 42,
      "kept": 27,
      "coverage": 1.0,
      "mode": "smoothed_full_span",
      "first_target": 120,
      "last_target": 161
    },
    {
      "leg": 4,
      "dense": 45,
      "kept": 45,
      "coverage": 1.0,
      "mode": "dense_fallback_for_coverage",
      "first_target": 162,
      "last_target": 206
    },
    {
      "leg": 5,
      "dense": 28,
      "kept": 20,
      "coverage": 1.0,
      "mode": "smoothed_full_span",
      "first_target": 207,
      "last_target": 234
    },
    {
      "leg": 6,
      "dense": 57,
      "kept": 57,
      "coverage": 1.0,
      "mode": "dense_fallback_for_coverage",
      "first_target": 235,
      "last_target": 291
    }
  ],
  "mean_target_error_m": 5.500982636207494,
  "max_target_error_m": 9.970523968772516,
  "centerline_cross_mean_m": 3.228234615093183,
  "centerline_cross_p90_m": 6.9318714979577365,
  "centerline_cross_max_m": 9.928119712513894,
  "same_leg_lateral_delta_p90_m": 3.7121218732489245,
  "same_leg_lateral_delta_max_m": 11.836285525774779,
  "actual_step_mean_m": 6.446811753450307,
  "actual_step_p50_m": 5.708763885704391,
  "actual_step_p90_m": 11.7300911800116,
  "actual_step_p95_m": 13.8078236798781,
  "actual_step_max_m": 20.867261328228604,
  "step_over_7m_pct": 36.888888888888886,
  "step_over_10m_pct": 20.0,
  "step_over_14m_pct": 4.888888888888889,
  "cross_step_p90_m": 3.8309765354191057,
  "backward_step_pct": 7.111111111111111,
  "same_leg_backward_step_pct": 6.222222222222222,
  "max_cross_track_rule_m": 8.5,
  "max_same_leg_lateral_jump_rule_m": 4.0,
  "max_same_leg_backward_rule_m": 0.25
}
[DONE] experiment: /yh/study/uav-sat/v39_otherdata/output/cityc_full3f_tuned_20260922_001910/cityc/prepared__building/experiment.json
[MULTICITY-PREP] PASS city=cityc Route-A source=train_01 profile=strict
{
  "train_01": {
    "frames": 196,
    "waypoints": 6,
    "start_m": 4.951885541940956,
    "end_m": 7.129644503511367,
    "worst_waypoint_m": 6.614724274508565
  },
  "test_01": {
    "frames": 148,
    "waypoints": 13,
    "start_m": 5.198166896078365,
    "end_m": 4.096920689705394,
    "worst_waypoint_m": 7.435520984719577
  },
  "test_02": {
    "frames": 226,
    "waypoints": 11,
    "start_m": 7.297150169615617,
    "end_m": 8.323630743604342,
    "worst_waypoint_m": 7.813090195515277
  }
}
[BEARING GT/LOSS AUDIT] {"active_losses": ["measurement", "next_step", "variance_nll"], "checked_frames": 766, "city": "cityc", "coordinate_formula": "block*256 + 256 + norm*128", "derived_temporal_targets": ["step", "velocity", "acceleration", "ground_track_heading"], "max_meter_error": 4.997994835775899e-07, "max_pixel_error": 4.998577196602128e-07, "meters_per_pixel": 0.25, "native_gt": ["block_x", "block_y", "x_norm", "y_norm", "theta"], "status": "PASS"}
================================================================================
Bearing-UAV SINGLE-CITY ablation v4
CITY            : cityc
Held-out tracks : nav50 / nav51 inside cityc
Patience        : 14
Architecture    : Forward18 SoftMS -> 3-frame delta2 residual GRU
                  -> confidence-adaptive residual Kalman
                  -> final MeanShift -> XY
Other cities    : NOT RUN
================================================================================
[PREPARED] PASS | city=cityc | step=4 m | selection=soft_sequence_v13_multicity_auto_train_fullroute | existing GT/routes unchanged
[CADENCE] source=experiment_route_stats_train_01 | mean=5.515042 m | p90=10.181094 m | p95=11.000646 m
[TRAIN START] cityc frames=1 GPU0 patience=14
[PREPARED] PASS | city=cityc | step=4 m | selection=soft_sequence_v13_multicity_auto_train_fullroute | existing GT/routes unchanged
[CADENCE] source=experiment_route_stats_train_01 | mean=5.515042 m | p90=10.181094 m | p95=11.000646 m
[OK] clean v39 runtime: Forward-18 SoftMS -> GRU -> Kalman -> one final MeanShift
[OK] weighted-centroid decoder removed from generated runtime source
[PATCH OK] GRU = current + delta + delta2 + SAT + SoftMS position + visual displacement + previous state
[PATCH OK] V5 3-frame direct acceleration + next-step correction
[PATCH OK] training/validation/inference motion starts from current-city cadence
[PATCH OK] Kalman = smooth confidence-adaptive measurement-preserving residual fusion
[PATCH OK] step corridor = continuous confidence relaxation
[PATCH OK] no held-out navigation result is read by this patch
[V39-BEARING] final-MS route-centerline reference patch: PASS
[ARCH-AUDIT] forward_18: PASS
[ARCH-AUDIT] base_geometry_6x6: PASS
[ARCH-AUDIT] front_softms_source: PASS
[ARCH-AUDIT] one_final_ms_source: PASS
[ARCH-AUDIT] front_decoder_softms: PASS
[ARCH-AUDIT] simple_seven_block_gru: PASS
[ARCH-AUDIT] residual_motion_head: PASS
[ARCH-AUDIT] causal_visual_displacement: PASS
[ARCH-AUDIT] cadence_initialized_tracker: PASS
[ARCH-AUDIT] motion_training_inference_aligned: PASS
[ARCH-AUDIT] training_city_motion_scale_init: PASS
[ARCH-AUDIT] forward_origin_backshift_covers_jitter: PASS
[ARCH-AUDIT] protocol: PASS
[ARCH-AUDIT] controlled_gt_reference_enabled: PASS
[ARCH-AUDIT] frame_count: PASS
[ARCH-AUDIT] gru_flag: PASS
[ARCH-AUDIT] kalman_flag: PASS
satellite backbone cache: 256/47961
satellite backbone cache: 5376/47961
satellite backbone cache: 10496/47961
satellite backbone cache: 15616/47961
satellite backbone cache: 20736/47961
satellite backbone cache: 25856/47961
satellite backbone cache: 30976/47961
satellite backbone cache: 36096/47961
satellite backbone cache: 41216/47961
satellite backbone cache: 46336/47961
satellite backbone cache: 47961/47961
satellite gallery size=47961
Route A backbone cache: 196/196
Route A visual candidate capture=100.00%
visual epoch=001/30 loss=4.49473 val_softms_mle=10.609m val_p90=15.749m val_lsr10=56.00%
visual epoch=002/30 loss=4.06409 val_softms_mle=9.002m val_p90=15.541m val_lsr10=68.00%
visual epoch=003/30 loss=3.96566 val_softms_mle=8.666m val_p90=16.431m val_lsr10=72.00%
visual epoch=004/30 loss=3.82187 val_softms_mle=8.419m val_p90=14.957m val_lsr10=76.00%
visual epoch=005/30 loss=3.84893 val_softms_mle=8.224m val_p90=14.311m val_lsr10=76.00%
visual epoch=006/30 loss=3.61525 val_softms_mle=7.834m val_p90=15.231m val_lsr10=80.00%
visual epoch=007/30 loss=3.37300 val_softms_mle=8.169m val_p90=16.086m val_lsr10=80.00%
visual epoch=008/30 loss=3.26676 val_softms_mle=8.754m val_p90=15.906m val_lsr10=76.00%
visual epoch=009/30 loss=3.41158 val_softms_mle=9.042m val_p90=15.336m val_lsr10=76.00%
visual epoch=010/30 loss=3.13480 val_softms_mle=8.968m val_p90=14.691m val_lsr10=68.00%
visual epoch=011/30 loss=2.90669 val_softms_mle=9.258m val_p90=14.176m val_lsr10=68.00%
visual epoch=012/30 loss=2.88463 val_softms_mle=9.888m val_p90=14.595m val_lsr10=68.00%
visual epoch=013/30 loss=2.59655 val_softms_mle=10.492m val_p90=15.763m val_lsr10=56.00%
visual epoch=014/30 loss=2.60027 val_softms_mle=10.262m val_p90=15.425m val_lsr10=52.00%
visual early stopping: Route A validation stopped improving
best Route A visual validation SoftMS MLE=7.834m
route_A backbone cache: 196/196
temporal split train=[0,135) val=[139,164) route_length=781.2m
City training-sequence mean forward step=5.375m/frame p90=10.217m/frame
temporal epoch=001/160 loss=10.49077 center_teacher=1.000 acq_teacher=1.000 capture=100.00% bank_capture=100.00% acq_acc=100.00% acq_conf=0.711 radius=0.0m pred_step=5.427 target_step=5.375 pred_v=5.438 target_v=5.375 val_mle=11.048m val_p90=13.031m val_speed_mae=2.463 heading=-0.0/-0.6deg val_progress_mae=10.374m val_heading_mae=29.2deg val_capture=92.00% val_bank=92.00% val_acq_acc=100.00% score=11.701 best=11.701 patience=0/14
temporal epoch=002/160 loss=10.34060 center_teacher=1.000 acq_teacher=1.000 capture=100.00% bank_capture=100.00% acq_acc=100.00% acq_conf=0.711 radius=0.0m pred_step=4.973 target_step=5.375 pred_v=5.039 target_v=5.375 val_mle=11.008m val_p90=12.987m val_speed_mae=2.695 heading=-0.1/-0.6deg val_progress_mae=10.331m val_heading_mae=29.2deg val_capture=92.00% val_bank=92.00% val_acq_acc=100.00% score=11.671 best=11.671 patience=0/14
temporal epoch=003/160 loss=10.33020 center_teacher=1.000 acq_teacher=1.000 capture=100.00% bank_capture=100.00% acq_acc=100.00% acq_conf=0.711 radius=0.0m pred_step=4.566 target_step=5.375 pred_v=4.681 target_v=5.375 val_mle=10.950m val_p90=12.926m val_speed_mae=2.830 heading=-0.1/-0.6deg val_progress_mae=10.270m val_heading_mae=29.2deg val_capture=92.00% val_bank=92.00% val_acq_acc=100.00% score=11.618 best=11.618 patience=0/14
temporal epoch=004/160 loss=10.30464 center_teacher=1.000 acq_teacher=1.000 capture=100.00% bank_capture=100.00% acq_acc=100.00% acq_conf=0.711 radius=0.0m pred_step=4.441 target_step=5.375 pred_v=4.571 target_v=5.375 val_mle=10.879m val_p90=12.852m val_speed_mae=2.748 heading=-0.2/-0.6deg val_progress_mae=10.196m val_heading_mae=29.2deg val_capture=92.00% val_bank=92.00% val_acq_acc=100.00% score=11.540 best=11.540 patience=0/14
temporal epoch=005/160 loss=10.20704 center_teacher=1.000 acq_teacher=1.000 capture=100.00% bank_capture=100.00% acq_acc=100.00% acq_conf=0.711 radius=0.0m pred_step=4.596 target_step=5.375 pred_v=4.707 target_v=5.375 val_mle=10.801m val_p90=12.771m val_speed_mae=2.591 heading=-0.1/-0.6deg val_progress_mae=10.115m val_heading_mae=29.2deg val_capture=92.00% val_bank=92.00% val_acq_acc=100.00% score=11.452 best=11.452 patience=0/14
temporal epoch=006/160 loss=10.13148 center_teacher=1.000 acq_teacher=1.000 capture=100.00% bank_capture=100.00% acq_acc=100.00% acq_conf=0.711 radius=0.0m pred_step=4.816 target_step=5.375 pred_v=4.900 target_v=5.375 val_mle=10.719m val_p90=12.686m val_speed_mae=2.498 heading=-0.1/-0.6deg val_progress_mae=10.030m val_heading_mae=29.2deg val_capture=92.00% val_bank=92.00% val_acq_acc=100.00% score=11.363 best=11.363 patience=0/14
temporal epoch=007/160 loss=10.08261 center_teacher=1.000 acq_teacher=1.000 capture=100.00% bank_capture=100.00% acq_acc=100.00% acq_conf=0.711 radius=0.0m pred_step=4.975 target_step=5.375 pred_v=5.040 target_v=5.375 val_mle=10.633m val_p90=12.594m val_speed_mae=2.474 heading=-0.1/-0.6deg val_progress_mae=9.941m val_heading_mae=29.2deg val_capture=92.00% val_bank=92.00% val_acq_acc=100.00% score=11.273 best=11.273 patience=0/14
temporal epoch=008/160 loss=10.02408 center_teacher=1.000 acq_teacher=1.000 capture=100.00% bank_capture=100.00% acq_acc=100.00% acq_conf=0.711 radius=0.0m pred_step=5.007 target_step=5.375 pred_v=5.069 target_v=5.375 val_mle=10.542m val_p90=12.497m val_speed_mae=2.497 heading=-0.1/-0.6deg val_progress_mae=9.847m val_heading_mae=29.2deg val_capture=92.00% val_bank=92.00% val_acq_acc=100.00% score=11.181 best=11.181 patience=0/14
temporal epoch=009/160 loss=9.95311 center_teacher=1.000 acq_teacher=1.000 capture=100.00% bank_capture=100.00% acq_acc=100.00% acq_conf=0.711 radius=0.0m pred_step=4.940 target_step=5.375 pred_v=5.009 target_v=5.375 val_mle=10.448m val_p90=12.395m val_speed_mae=2.564 heading=-0.1/-0.6deg val_progress_mae=9.748m val_heading_mae=29.2deg val_capture=92.00% val_bank=92.00% val_acq_acc=100.00% score=11.087 best=11.087 patience=0/14
temporal epoch=010/160 loss=9.88722 center_teacher=1.000 acq_teacher=1.000 capture=100.00% bank_capture=100.00% acq_acc=100.00% acq_conf=0.711 radius=0.0m pred_step=4.770 target_step=5.375 pred_v=4.860 target_v=5.375 val_mle=10.349m val_p90=12.288m val_speed_mae=2.652 heading=-0.1/-0.6deg val_progress_mae=9.645m val_heading_mae=29.2deg val_capture=92.00% val_bank=92.00% val_acq_acc=100.00% score=10.990 best=10.990 patience=0/14
temporal epoch=011/160 loss=9.83497 center_teacher=1.000 acq_teacher=1.000 capture=100.00% bank_capture=100.00% acq_acc=100.00% acq_conf=0.711 radius=0.0m pred_step=4.641 target_step=5.375 pred_v=4.747 target_v=5.375 val_mle=10.247m val_p90=12.177m val_speed_mae=2.717 heading=-0.1/-0.6deg val_progress_mae=9.538m val_heading_mae=29.2deg val_capture=92.00% val_bank=92.00% val_acq_acc=100.00% score=10.887 best=10.887 patience=0/14
temporal epoch=012/160 loss=9.79304 center_teacher=1.000 acq_teacher=1.000 capture=100.00% bank_capture=100.00% acq_acc=100.00% acq_conf=0.711 radius=0.0m pred_step=4.545 target_step=5.375 pred_v=4.662 target_v=5.375 val_mle=10.141m val_p90=12.065m val_speed_mae=2.696 heading=-0.2/-0.6deg val_progress_mae=9.427m val_heading_mae=29.2deg val_capture=92.00% val_bank=92.00% val_acq_acc=100.00% score=10.777 best=10.777 patience=0/14
temporal epoch=013/160 loss=9.72099 center_teacher=1.000 acq_teacher=1.000 capture=100.00% bank_capture=100.00% acq_acc=100.00% acq_conf=0.711 radius=0.0m pred_step=4.636 target_step=5.375 pred_v=4.743 target_v=5.375 val_mle=10.035m val_p90=11.951m val_speed_mae=2.624 heading=-0.1/-0.6deg val_progress_mae=9.315m val_heading_mae=29.2deg val_capture=92.00% val_bank=92.00% val_acq_acc=100.00% score=10.664 best=10.664 patience=0/14
temporal epoch=014/160 loss=9.64755 center_teacher=1.000 acq_teacher=1.000 capture=100.00% bank_capture=100.00% acq_acc=100.00% acq_conf=0.711 radius=0.0m pred_step=4.743 target_step=5.375 pred_v=4.836 target_v=5.375 val_mle=9.928m val_p90=11.836m val_speed_mae=2.584 heading=-0.1/-0.6deg val_progress_mae=9.201m val_heading_mae=29.2deg val_capture=92.00% val_bank=92.00% val_acq_acc=100.00% score=10.551 best=10.551 patience=0/14
temporal epoch=015/160 loss=9.57175 center_teacher=1.000 acq_teacher=1.000 capture=100.00% bank_capture=100.00% acq_acc=100.00% acq_conf=0.711 radius=0.0m pred_step=4.762 target_step=5.375 pred_v=4.853 target_v=5.375 val_mle=9.822m val_p90=11.721m val_speed_mae=2.603 heading=-0.1/-0.6deg val_progress_mae=9.088m val_heading_mae=29.2deg val_capture=92.00% val_bank=92.00% val_acq_acc=100.00% score=10.443 best=10.443 patience=0/14
temporal epoch=016/160 loss=9.52560 center_teacher=1.000 acq_teacher=1.000 capture=100.00% bank_capture=100.00% acq_acc=100.00% acq_conf=0.711 radius=0.0m pred_step=4.695 target_step=5.375 pred_v=4.794 target_v=5.375 val_mle=9.721m val_p90=11.609m val_speed_mae=2.671 heading=-0.1/-0.6deg val_progress_mae=8.979m val_heading_mae=29.2deg val_capture=92.00% val_bank=92.00% val_acq_acc=100.00% score=10.343 best=10.343 patience=0/14
temporal epoch=017/160 loss=9.49679 center_teacher=1.000 acq_teacher=1.000 capture=100.00% bank_capture=100.00% acq_acc=100.00% acq_conf=0.711 radius=0.0m pred_step=4.596 target_step=5.375 pred_v=4.707 target_v=5.375 val_mle=9.635m val_p90=11.510m val_speed_mae=2.683 heading=-0.1/-0.6deg val_progress_mae=8.883m val_heading_mae=29.2deg val_capture=92.00% val_bank=92.00% val_acq_acc=100.00% score=10.254 best=10.254 patience=0/14
temporal epoch=018/160 loss=9.44648 center_teacher=1.000 acq_teacher=1.000 capture=100.00% bank_capture=100.00% acq_acc=100.00% acq_conf=0.711 radius=0.0m pred_step=4.579 target_step=5.375 pred_v=4.692 target_v=5.375 val_mle=9.564m val_p90=11.431m val_speed_mae=2.586 heading=-0.1/-0.6deg val_progress_mae=8.804m val_heading_mae=29.2deg val_capture=92.00% val_bank=92.00% val_acq_acc=100.00% score=10.176 best=10.176 patience=0/14
temporal epoch=019/160 loss=9.40323 center_teacher=1.000 acq_teacher=1.000 capture=100.00% bank_capture=100.00% acq_acc=100.00% acq_conf=0.711 radius=0.0m pred_step=4.747 target_step=5.375 pred_v=4.840 target_v=5.375 val_mle=9.513m val_p90=11.371m val_speed_mae=2.484 heading=-0.1/-0.6deg val_progress_mae=8.745m val_heading_mae=29.2deg val_capture=92.00% val_bank=92.00% val_acq_acc=100.00% score=10.118 best=10.118 patience=0/14
temporal epoch=020/160 loss=9.37156 center_teacher=1.000 acq_teacher=1.000 capture=100.00% bank_capture=100.00% acq_acc=100.00% acq_conf=0.711 radius=0.0m pred_step=4.857 target_step=5.375 pred_v=4.937 target_v=5.375 val_mle=9.481m val_p90=11.331m val_speed_mae=2.484 heading=-0.1/-0.6deg val_progress_mae=8.708m val_heading_mae=29.2deg val_capture=92.00% val_bank=92.00% val_acq_acc=100.00% score=10.085 best=10.085 patience=0/14
temporal epoch=021/160 loss=9.34027 center_teacher=1.000 acq_teacher=1.000 capture=100.00% bank_capture=100.00% acq_acc=100.00% acq_conf=0.711 radius=0.0m pred_step=4.743 target_step=5.375 pred_v=4.836 target_v=5.375 val_mle=9.465m val_p90=11.306m val_speed_mae=2.520 heading=-0.0/-0.6deg val_progress_mae=8.688m val_heading_mae=29.2deg val_capture=92.00% val_bank=92.00% val_acq_acc=100.00% score=10.070 best=10.070 patience=0/14
temporal epoch=022/160 loss=9.31497 center_teacher=1.000 acq_teacher=1.000 capture=100.00% bank_capture=100.00% acq_acc=100.00% acq_conf=0.711 radius=0.0m pred_step=4.760 target_step=5.375 pred_v=4.851 target_v=5.375 val_mle=9.457m val_p90=11.281m val_speed_mae=2.537 heading=-0.0/-0.6deg val_progress_mae=8.676m val_heading_mae=29.2deg val_capture=92.00% val_bank=92.00% val_acq_acc=100.00% score=10.062 best=10.062 patience=0/14
temporal epoch=023/160 loss=9.27858 center_teacher=1.000 acq_teacher=1.000 capture=100.00% bank_capture=100.00% acq_acc=100.00% acq_conf=0.711 radius=0.0m pred_step=4.704 target_step=5.375 pred_v=4.802 target_v=5.375 val_mle=9.446m val_p90=11.243m val_speed_mae=2.539 heading=-0.0/-0.6deg val_progress_mae=8.661m val_heading_mae=29.2deg val_capture=92.00% val_bank=92.00% val_acq_acc=100.00% score=10.051 best=10.051 patience=0/14
temporal epoch=024/160 loss=9.24558 center_teacher=1.000 acq_teacher=1.000 capture=100.00% bank_capture=100.00% acq_acc=100.00% acq_conf=0.711 radius=0.0m pred_step=4.685 target_step=5.375 pred_v=4.785 target_v=5.375 val_mle=9.440m val_p90=11.204m val_speed_mae=2.451 heading=-0.0/-0.6deg val_progress_mae=8.653m val_heading_mae=29.2deg val_capture=92.00% val_bank=92.00% val_acq_acc=100.00% score=10.040 best=10.040 patience=0/14
temporal epoch=025/160 loss=9.23841 center_teacher=1.000 acq_teacher=1.000 capture=100.00% bank_capture=100.00% acq_acc=100.00% acq_conf=0.711 radius=0.0m pred_step=4.798 target_step=5.375 pred_v=4.884 target_v=5.375 val_mle=9.423m val_p90=11.149m val_speed_mae=2.440 heading=-0.0/-0.6deg val_progress_mae=8.633m val_heading_mae=29.2deg val_capture=92.00% val_bank=92.00% val_acq_acc=100.00% score=10.022 best=10.022 patience=0/14
temporal epoch=026/160 loss=9.16951 center_teacher=1.000 acq_teacher=1.000 capture=100.00% bank_capture=100.00% acq_acc=100.00% acq_conf=0.711 radius=0.0m pred_step=4.680 target_step=5.375 pred_v=4.780 target_v=5.375 val_mle=9.390m val_p90=11.076m val_speed_mae=2.464 heading=-0.1/-0.6deg val_progress_mae=8.595m val_heading_mae=29.2deg val_capture=92.00% val_bank=92.00% val_acq_acc=100.00% score=9.989 best=9.989 patience=0/14
temporal epoch=027/160 loss=9.11010 center_teacher=1.000 acq_teacher=1.000 capture=100.00% bank_capture=100.00% acq_acc=100.00% acq_conf=0.711 radius=0.0m pred_step=4.731 target_step=5.375 pred_v=4.825 target_v=5.375 val_mle=9.355m val_p90=10.998m val_speed_mae=2.373 heading=-0.0/-0.6deg val_progress_mae=8.556m val_heading_mae=29.2deg val_capture=92.00% val_bank=92.00% val_acq_acc=100.00% score=9.948 best=9.948 patience=0/14
temporal epoch=028/160 loss=9.13157 center_teacher=1.000 acq_teacher=1.000 capture=100.00% bank_capture=100.00% acq_acc=100.00% acq_conf=0.711 radius=0.0m pred_step=4.816 target_step=5.375 pred_v=4.899 target_v=5.375 val_mle=9.318m val_p90=10.876m val_speed_mae=2.327 heading=-0.0/-0.6deg val_progress_mae=8.514m val_heading_mae=29.2deg val_capture=92.00% val_bank=92.00% val_acq_acc=100.00% score=9.908 best=9.908 patience=0/14
temporal epoch=029/160 loss=9.13842 center_teacher=1.000 acq_teacher=1.000 capture=100.00% bank_capture=100.00% acq_acc=100.00% acq_conf=0.711 radius=0.0m pred_step=5.108 target_step=5.375 pred_v=5.157 target_v=5.375 val_mle=9.263m val_p90=10.813m val_speed_mae=2.502 heading=-0.0/-0.6deg val_progress_mae=8.455m val_heading_mae=29.2deg val_capture=92.00% val_bank=92.00% val_acq_acc=100.00% score=9.860 best=9.860 patience=0/14
temporal epoch=030/160 loss=8.93956 center_teacher=1.000 acq_teacher=1.000 capture=100.00% bank_capture=100.00% acq_acc=100.00% acq_conf=0.711 radius=0.0m pred_step=4.485 target_step=5.375 pred_v=4.609 target_v=5.375 val_mle=9.207m val_p90=10.686m val_speed_mae=2.323 heading=0.0/-0.6deg val_progress_mae=8.392m val_heading_mae=29.2deg val_capture=92.00% val_bank=92.00% val_acq_acc=100.00% score=9.794 best=9.794 patience=0/14
temporal epoch=031/160 loss=9.20923 center_teacher=1.000 acq_teacher=1.000 capture=100.00% bank_capture=100.00% acq_acc=100.00% acq_conf=0.711 radius=0.0m pred_step=5.170 target_step=5.375 pred_v=5.211 target_v=5.375 val_mle=9.148m val_p90=10.565m val_speed_mae=2.492 heading=0.0/-0.6deg val_progress_mae=8.326m val_heading_mae=29.2deg val_capture=92.00% val_bank=92.00% val_acq_acc=100.00% score=9.741 best=9.741 patience=0/14
temporal epoch=032/160 loss=9.23765 center_teacher=1.000 acq_teacher=1.000 capture=100.00% bank_capture=100.00% acq_acc=100.00% acq_conf=0.711 radius=0.0m pred_step=5.560 target_step=5.375 pred_v=5.554 target_v=5.375 val_mle=9.060m val_p90=10.499m val_speed_mae=2.771 heading=0.0/-0.6deg val_progress_mae=8.230m val_heading_mae=29.2deg val_capture=92.00% val_bank=92.00% val_acq_acc=100.00% score=9.663 best=9.663 patience=0/14
temporal epoch=033/160 loss=8.90496 center_teacher=1.000 acq_teacher=1.000 capture=100.00% bank_capture=100.00% acq_acc=100.00% acq_conf=0.711 radius=0.0m pred_step=3.883 target_step=5.375 pred_v=4.079 target_v=5.375 val_mle=8.993m val_p90=10.396m val_speed_mae=2.280 heading=-0.0/-0.6deg val_progress_mae=8.156m val_heading_mae=29.2deg val_capture=92.00% val_bank=92.00% val_acq_acc=100.00% score=9.570 best=9.570 patience=0/14
temporal epoch=034/160 loss=9.71905 center_teacher=1.000 acq_teacher=1.000 capture=100.00% bank_capture=100.00% acq_acc=100.00% acq_conf=0.711 radius=0.0m pred_step=5.836 target_step=5.375 pred_v=5.796 target_v=5.375 val_mle=8.873m val_p90=10.262m val_speed_mae=2.759 heading=0.0/-0.6deg val_progress_mae=8.024m val_heading_mae=29.2deg val_capture=92.00% val_bank=92.00% val_acq_acc=100.00% score=9.470 best=9.470 patience=0/14
temporal epoch=035/160 loss=9.12666 center_teacher=1.000 acq_teacher=1.000 capture=100.00% bank_capture=100.00% acq_acc=100.00% acq_conf=0.711 radius=0.0m pred_step=5.715 target_step=5.375 pred_v=5.691 target_v=5.375 val_mle=8.756m val_p90=10.172m val_speed_mae=4.230 heading=0.0/-0.6deg val_progress_mae=7.895m val_heading_mae=29.2deg val_capture=92.00% val_bank=92.00% val_acq_acc=100.00% score=9.423 best=9.423 patience=0/14
temporal epoch=036/160 loss=9.61283 center_teacher=1.000 acq_teacher=1.000 capture=100.00% bank_capture=100.00% acq_acc=100.00% acq_conf=0.711 radius=0.0m pred_step=2.780 target_step=5.375 pred_v=3.110 target_v=5.375 val_mle=8.670m val_p90=10.043m val_speed_mae=2.263 heading=-0.1/-0.6deg val_progress_mae=7.797m val_heading_mae=29.2deg val_capture=92.00% val_bank=92.00% val_acq_acc=100.00% score=9.236 best=9.236 patience=0/14
temporal epoch=037/160 loss=10.37520 center_teacher=1.000 acq_teacher=1.000 capture=100.00% bank_capture=100.00% acq_acc=100.00% acq_conf=0.711 radius=0.0m pred_step=6.670 target_step=5.375 pred_v=6.530 target_v=5.375 val_mle=8.499m val_p90=9.887m val_speed_mae=3.429 heading=0.0/-0.6deg val_progress_mae=7.613m val_heading_mae=29.2deg val_capture=92.00% val_bank=92.00% val_acq_acc=100.00% score=9.117 best=9.117 patience=0/14
temporal epoch=038/160 loss=9.10591 center_teacher=1.000 acq_teacher=1.000 capture=100.00% bank_capture=100.00% acq_acc=100.00% acq_conf=0.711 radius=0.0m pred_step=6.258 target_step=5.375 pred_v=6.170 target_v=5.375 val_mle=8.451m val_p90=9.869m val_speed_mae=5.164 heading=0.0/-0.6deg val_progress_mae=7.551m val_heading_mae=29.2deg val_capture=92.00% val_bank=92.00% val_acq_acc=100.00% score=9.154 best=9.117 patience=1/14
temporal epoch=039/160 loss=10.62955 center_teacher=1.000 acq_teacher=1.000 capture=100.00% bank_capture=100.00% acq_acc=100.00% acq_conf=0.711 radius=0.0m pred_step=1.813 target_step=5.375 pred_v=2.203 target_v=5.375 val_mle=8.435m val_p90=9.840m val_speed_mae=4.014 heading=-0.1/-0.6deg val_progress_mae=7.533m val_heading_mae=29.2deg val_capture=92.00% val_bank=92.00% val_acq_acc=100.00% score=9.080 best=9.080 patience=0/14
temporal epoch=040/160 loss=8.57063 center_teacher=1.000 acq_teacher=1.000 capture=100.00% bank_capture=100.00% acq_acc=100.00% acq_conf=0.711 radius=0.0m pred_step=4.465 target_step=5.375 pred_v=4.591 target_v=5.375 val_mle=8.212m val_p90=9.581m val_speed_mae=3.430 heading=0.0/-0.6deg val_progress_mae=7.288m val_heading_mae=29.2deg val_capture=92.00% val_bank=92.00% val_acq_acc=100.00% score=8.820 best=8.820 patience=0/14
temporal epoch=041/160 loss=10.67228 center_teacher=1.000 acq_teacher=1.000 capture=100.00% bank_capture=100.00% acq_acc=100.00% acq_conf=0.711 radius=0.0m pred_step=7.708 target_step=5.375 pred_v=7.445 target_v=5.375 val_mle=8.152m val_p90=9.501m val_speed_mae=2.225 heading=0.2/-0.6deg val_progress_mae=7.212m val_heading_mae=29.2deg val_capture=92.00% val_bank=92.00% val_acq_acc=100.00% score=8.698 best=8.698 patience=0/14
temporal epoch=042/160 loss=8.27898 center_teacher=1.000 acq_teacher=1.000 capture=100.00% bank_capture=100.00% acq_acc=100.00% acq_conf=0.711 radius=0.0m pred_step=5.019 target_step=5.375 pred_v=5.081 target_v=5.375 val_mle=8.317m val_p90=9.700m val_speed_mae=4.690 heading=0.0/-0.6deg val_progress_mae=7.400m val_heading_mae=29.2deg val_capture=92.00% val_bank=92.00% val_acq_acc=100.00% score=8.992 best=8.698 patience=1/14
temporal epoch=043/160 loss=8.92227 center_teacher=1.000 acq_teacher=1.000 capture=100.00% bank_capture=100.00% acq_acc=100.00% acq_conf=0.711 radius=0.0m pred_step=3.139 target_step=5.375 pred_v=3.427 target_v=5.375 val_mle=8.228m val_p90=9.600m val_speed_mae=2.253 heading=-0.1/-0.6deg val_progress_mae=7.300m val_heading_mae=29.2deg val_capture=92.00% val_bank=92.00% val_acq_acc=100.00% score=8.778 best=8.698 patience=2/14
temporal epoch=044/160 loss=9.15674 center_teacher=1.000 acq_teacher=1.000 capture=100.00% bank_capture=100.00% acq_acc=100.00% acq_conf=0.711 radius=0.0m pred_step=6.453 target_step=5.375 pred_v=6.340 target_v=5.375 val_mle=8.063m val_p90=9.415m val_speed_mae=2.184 heading=0.1/-0.6deg val_progress_mae=7.113m val_heading_mae=29.2deg val_capture=92.00% val_bank=92.00% val_acq_acc=100.00% score=8.604 best=8.604 patience=0/14
temporal epoch=045/160 loss=8.18778 center_teacher=1.000 acq_teacher=1.000 capture=100.00% bank_capture=100.00% acq_acc=100.00% acq_conf=0.711 radius=0.0m pred_step=5.327 target_step=5.375 pred_v=5.352 target_v=5.375 val_mle=8.215m val_p90=9.592m val_speed_mae=3.149 heading=0.2/-0.6deg val_progress_mae=7.287m val_heading_mae=29.2deg val_capture=92.00% val_bank=92.00% val_acq_acc=100.00% score=8.810 best=8.604 patience=1/14
temporal epoch=046/160 loss=8.22280 center_teacher=1.000 acq_teacher=1.000 capture=100.00% bank_capture=100.00% acq_acc=100.00% acq_conf=0.711 radius=0.0m pred_step=4.186 target_step=5.375 pred_v=4.347 target_v=5.375 val_mle=8.182m val_p90=9.559m val_speed_mae=3.048 heading=0.1/-0.6deg val_progress_mae=7.250m val_heading_mae=29.2deg val_capture=92.00% val_bank=92.00% val_acq_acc=100.00% score=8.770 best=8.604 patience=2/14
temporal epoch=047/160 loss=8.06025 center_teacher=1.000 acq_teacher=1.000 capture=100.00% bank_capture=100.00% acq_acc=100.00% acq_conf=0.711 radius=0.0m pred_step=4.539 target_step=5.375 pred_v=4.656 target_v=5.375 val_mle=8.082m val_p90=9.443m val_speed_mae=2.148 heading=0.2/-0.6deg val_progress_mae=7.136m val_heading_mae=29.2deg val_capture=92.00% val_bank=92.00% val_acq_acc=100.00% score=8.622 best=8.604 patience=3/14
temporal epoch=048/160 loss=8.83417 center_teacher=1.000 acq_teacher=1.000 capture=100.00% bank_capture=100.00% acq_acc=100.00% acq_conf=0.711 radius=0.0m pred_step=6.862 target_step=5.375 pred_v=6.702 target_v=5.375 val_mle=8.099m val_p90=9.474m val_speed_mae=2.712 heading=0.4/-0.6deg val_progress_mae=7.158m val_heading_mae=29.2deg val_capture=92.00% val_bank=92.00% val_acq_acc=100.00% score=8.668 best=8.604 patience=4/14
temporal epoch=049/160 loss=8.78882 center_teacher=1.000 acq_teacher=1.000 capture=100.00% bank_capture=100.00% acq_acc=100.00% acq_conf=0.711 radius=0.0m pred_step=3.507 target_step=5.375 pred_v=3.748 target_v=5.375 val_mle=8.155m val_p90=9.554m val_speed_mae=2.832 heading=0.3/-0.6deg val_progress_mae=7.221m val_heading_mae=29.2deg val_capture=92.00% val_bank=92.00% val_acq_acc=100.00% score=8.732 best=8.604 patience=5/14
temporal epoch=050/160 loss=8.02806 center_teacher=1.000 acq_teacher=1.000 capture=100.00% bank_capture=100.00% acq_acc=100.00% acq_conf=0.711 radius=0.0m pred_step=4.951 target_step=5.375 pred_v=5.017 target_v=5.375 val_mle=7.910m val_p90=9.313m val_speed_mae=2.173 heading=0.6/-0.6deg val_progress_mae=6.946m val_heading_mae=29.2deg val_capture=92.00% val_bank=92.00% val_acq_acc=100.00% score=8.446 best=8.446 patience=0/14
temporal epoch=051/160 loss=7.86223 center_teacher=1.000 acq_teacher=1.000 capture=100.00% bank_capture=100.00% acq_acc=100.00% acq_conf=0.711 radius=0.0m pred_step=5.200 target_step=5.375 pred_v=5.236 target_v=5.375 val_mle=8.079m val_p90=9.529m val_speed_mae=2.077 heading=0.8/-0.6deg val_progress_mae=7.139m val_heading_mae=29.2deg val_capture=92.00% val_bank=92.00% val_acq_acc=100.00% score=8.616 best=8.446 patience=1/14
temporal epoch=052/160 loss=7.91644 center_teacher=1.000 acq_teacher=1.000 capture=100.00% bank_capture=100.00% acq_acc=100.00% acq_conf=0.711 radius=0.0m pred_step=5.551 target_step=5.375 pred_v=5.545 target_v=5.375 val_mle=8.020m val_p90=9.481m val_speed_mae=3.148 heading=0.9/-0.6deg val_progress_mae=7.074m val_heading_mae=29.2deg val_capture=92.00% val_bank=92.00% val_acq_acc=100.00% score=8.608 best=8.446 patience=2/14
temporal epoch=053/160 loss=8.65141 center_teacher=1.000 acq_teacher=1.000 capture=100.00% bank_capture=100.00% acq_acc=100.00% acq_conf=0.711 radius=0.0m pred_step=3.009 target_step=5.375 pred_v=3.302 target_v=5.375 val_mle=7.700m val_p90=9.396m val_speed_mae=2.050 heading=0.9/-0.6deg val_progress_mae=6.860m val_heading_mae=29.2deg val_capture=96.00% val_bank=96.00% val_acq_acc=100.00% score=8.147 best=8.147 patience=0/14
temporal epoch=054/160 loss=8.73500 center_teacher=1.000 acq_teacher=1.000 capture=100.00% bank_capture=100.00% acq_acc=100.00% acq_conf=0.713 radius=0.0m pred_step=6.577 target_step=5.375 pred_v=6.444 target_v=5.375 val_mle=8.020m val_p90=10.424m val_speed_mae=2.084 heading=1.3/-0.6deg val_progress_mae=7.051m val_heading_mae=29.2deg val_capture=96.00% val_bank=96.00% val_acq_acc=100.00% score=8.475 best=8.147 patience=1/14
temporal epoch=055/160 loss=7.71425 center_teacher=1.000 acq_teacher=1.000 capture=100.00% bank_capture=100.00% acq_acc=100.00% acq_conf=0.713 radius=0.0m pred_step=5.427 target_step=5.375 pred_v=5.433 target_v=5.375 val_mle=7.968m val_p90=10.493m val_speed_mae=2.645 heading=1.4/-0.6deg val_progress_mae=6.972m val_heading_mae=29.2deg val_capture=100.00% val_bank=100.00% val_acq_acc=100.00% score=8.368 best=8.147 patience=2/14
temporal epoch=056/160 loss=8.24001 center_teacher=1.000 acq_teacher=1.000 capture=100.00% bank_capture=100.00% acq_acc=100.00% acq_conf=0.713 radius=0.0m pred_step=3.322 target_step=5.375 pred_v=3.576 target_v=5.375 val_mle=8.058m val_p90=10.571m val_speed_mae=1.948 heading=1.5/-0.6deg val_progress_mae=7.047m val_heading_mae=29.2deg val_capture=100.00% val_bank=100.00% val_acq_acc=100.00% score=8.425 best=8.147 patience=3/14
temporal epoch=057/160 loss=8.30239 center_teacher=1.000 acq_teacher=1.000 capture=100.00% bank_capture=100.00% acq_acc=100.00% acq_conf=0.712 radius=0.0m pred_step=6.239 target_step=5.375 pred_v=6.146 target_v=5.375 val_mle=7.917m val_p90=10.440m val_speed_mae=2.108 heading=1.8/-0.6deg val_progress_mae=6.893m val_heading_mae=29.2deg val_capture=100.00% val_bank=100.00% val_acq_acc=100.00% score=8.288 best=8.147 patience=4/14
temporal epoch=058/160 loss=7.59434 center_teacher=1.000 acq_teacher=1.000 capture=100.00% bank_capture=100.00% acq_acc=100.00% acq_conf=0.712 radius=0.0m pred_step=5.200 target_step=5.375 pred_v=5.227 target_v=5.375 val_mle=8.134m val_p90=10.679m val_speed_mae=2.042 heading=1.7/-0.6deg val_progress_mae=7.140m val_heading_mae=29.2deg val_capture=100.00% val_bank=100.00% val_acq_acc=100.00% score=8.509 best=8.147 patience=5/14
temporal epoch=059/160 loss=7.78795 center_teacher=1.000 acq_teacher=1.000 capture=100.00% bank_capture=100.00% acq_acc=100.00% acq_conf=0.712 radius=0.0m pred_step=4.147 target_step=5.375 pred_v=4.300 target_v=5.375 val_mle=7.998m val_p90=10.477m val_speed_mae=2.195 heading=1.7/-0.6deg val_progress_mae=6.941m val_heading_mae=29.2deg val_capture=100.00% val_bank=100.00% val_acq_acc=100.00% score=8.374 best=8.147 patience=6/14
temporal epoch=060/160 loss=7.75802 center_teacher=1.000 acq_teacher=1.000 capture=100.00% bank_capture=100.00% acq_acc=100.00% acq_conf=0.714 radius=0.0m pred_step=4.577 target_step=5.375 pred_v=4.682 target_v=5.375 val_mle=8.165m val_p90=10.665m val_speed_mae=2.219 heading=2.0/-0.6deg val_progress_mae=7.101m val_heading_mae=29.2deg val_capture=100.00% val_bank=100.00% val_acq_acc=100.00% score=8.547 best=8.147 patience=7/14
temporal epoch=061/160 loss=8.01578 center_teacher=1.000 acq_teacher=1.000 capture=100.00% bank_capture=100.00% acq_acc=100.00% acq_conf=0.714 radius=0.0m pred_step=6.492 target_step=5.375 pred_v=6.373 target_v=5.375 val_mle=8.213m val_p90=10.750m val_speed_mae=2.001 heading=2.2/-0.6deg val_progress_mae=7.163m val_heading_mae=29.2deg val_capture=100.00% val_bank=100.00% val_acq_acc=100.00% score=8.587 best=8.147 patience=8/14
temporal epoch=062/160 loss=7.99787 center_teacher=1.000 acq_teacher=1.000 capture=100.00% bank_capture=100.00% acq_acc=100.00% acq_conf=0.714 radius=0.0m pred_step=3.843 target_step=5.375 pred_v=4.029 target_v=5.375 val_mle=7.881m val_p90=10.467m val_speed_mae=2.433 heading=2.0/-0.6deg val_progress_mae=6.872m val_heading_mae=29.2deg val_capture=100.00% val_bank=100.00% val_acq_acc=100.00% score=8.267 best=8.147 patience=9/14
temporal epoch=063/160 loss=7.72434 center_teacher=1.000 acq_teacher=1.000 capture=100.00% bank_capture=100.00% acq_acc=100.00% acq_conf=0.714 radius=0.0m pred_step=4.093 target_step=5.375 pred_v=4.250 target_v=5.375 val_mle=8.154m val_p90=10.677m val_speed_mae=2.036 heading=2.1/-0.6deg val_progress_mae=7.099m val_heading_mae=29.2deg val_capture=100.00% val_bank=100.00% val_acq_acc=100.00% score=8.527 best=8.147 patience=10/14
temporal epoch=064/160 loss=8.08099 center_teacher=1.000 acq_teacher=1.000 capture=100.00% bank_capture=100.00% acq_acc=100.00% acq_conf=0.715 radius=0.0m pred_step=6.656 target_step=5.375 pred_v=6.514 target_v=5.375 val_mle=8.122m val_p90=10.647m val_speed_mae=1.837 heading=2.4/-0.6deg val_progress_mae=7.067m val_heading_mae=29.2deg val_capture=100.00% val_bank=100.00% val_acq_acc=100.00% score=8.484 best=8.147 patience=11/14
temporal epoch=065/160 loss=7.54634 center_teacher=1.000 acq_teacher=1.000 capture=100.00% bank_capture=100.00% acq_acc=100.00% acq_conf=0.715 radius=0.0m pred_step=4.869 target_step=5.375 pred_v=4.936 target_v=5.375 val_mle=7.854m val_p90=10.434m val_speed_mae=2.236 heading=2.2/-0.6deg val_progress_mae=6.857m val_heading_mae=29.2deg val_capture=100.00% val_bank=100.00% val_acq_acc=100.00% score=8.230 best=8.147 patience=12/14
temporal epoch=066/160 loss=7.60385 center_teacher=1.000 acq_teacher=1.000 capture=100.00% bank_capture=100.00% acq_acc=100.00% acq_conf=0.714 radius=0.0m pred_step=3.983 target_step=5.375 pred_v=4.152 target_v=5.375 val_mle=8.135m val_p90=10.654m val_speed_mae=1.835 heading=2.1/-0.6deg val_progress_mae=7.139m val_heading_mae=29.2deg val_capture=100.00% val_bank=100.00% val_acq_acc=100.00% score=8.499 best=8.147 patience=13/14
temporal epoch=067/160 loss=7.63279 center_teacher=1.000 acq_teacher=1.000 capture=100.00% bank_capture=100.00% acq_acc=100.00% acq_conf=0.715 radius=0.0m pred_step=6.106 target_step=5.375 pred_v=6.031 target_v=5.375 val_mle=8.086m val_p90=10.591m val_speed_mae=1.977 heading=2.3/-0.6deg val_progress_mae=7.088m val_heading_mae=29.2deg val_capture=100.00% val_bank=100.00% val_acq_acc=100.00% score=8.455 best=8.147 patience=14/14
EARLY STOP: controlled local-prior validation score did not improve by 0.003 for 14 epochs.
[TRAIN DONE] cityc frames=1
[TEMPORAL FAIRNESS] frame1/frame2/frame3 share one visual checkpoint
[TRAIN START] cityc frames=2 GPU5 patience=14
[TRAIN START] cityc frames=3 GPU6 patience=14
[PREPARED] PASS | city=cityc | step=4 m | selection=soft_sequence_v13_multicity_auto_train_fullroute | existing GT/routes unchanged
[CADENCE] source=experiment_route_stats_train_01 | mean=5.515042 m | p90=10.181094 m | p95=11.000646 m
[PREPARED] PASS | city=cityc | step=4 m | selection=soft_sequence_v13_multicity_auto_train_fullroute | existing GT/routes unchanged
[CADENCE] source=experiment_route_stats_train_01 | mean=5.515042 m | p90=10.181094 m | p95=11.000646 m
[OK] clean v39 runtime: Forward-18 SoftMS -> GRU -> Kalman -> one final MeanShift
[OK] weighted-centroid decoder removed from generated runtime source
[OK] clean v39 runtime: Forward-18 SoftMS -> GRU -> Kalman -> one final MeanShift
[OK] weighted-centroid decoder removed from generated runtime source
[PATCH OK] GRU = current + delta + delta2 + SAT + SoftMS position + visual displacement + previous state
[PATCH OK] V5 3-frame direct acceleration + next-step correction
[PATCH OK] training/validation/inference motion starts from current-city cadence
[PATCH OK] Kalman = smooth confidence-adaptive measurement-preserving residual fusion
[PATCH OK] step corridor = continuous confidence relaxation
[PATCH OK] no held-out navigation result is read by this patch
[PATCH OK] GRU = current + delta + delta2 + SAT + SoftMS position + visual displacement + previous state
[PATCH OK] V5 3-frame direct acceleration + next-step correction
[PATCH OK] training/validation/inference motion starts from current-city cadence
[PATCH OK] Kalman = smooth confidence-adaptive measurement-preserving residual fusion
[PATCH OK] step corridor = continuous confidence relaxation
[PATCH OK] no held-out navigation result is read by this patch
[V39-BEARING] final-MS route-centerline reference patch: PASS
[V39-BEARING] final-MS route-centerline reference patch: PASS
[ARCH-AUDIT] forward_18: PASS
[ARCH-AUDIT] base_geometry_6x6: PASS
[ARCH-AUDIT] front_softms_source: PASS
[ARCH-AUDIT] one_final_ms_source: PASS
[ARCH-AUDIT] front_decoder_softms: PASS
[ARCH-AUDIT] simple_seven_block_gru: PASS
[ARCH-AUDIT] residual_motion_head: PASS
[ARCH-AUDIT] causal_visual_displacement: PASS
[ARCH-AUDIT] cadence_initialized_tracker: PASS
[ARCH-AUDIT] motion_training_inference_aligned: PASS
[ARCH-AUDIT] training_city_motion_scale_init: PASS
[ARCH-AUDIT] forward_origin_backshift_covers_jitter: PASS
[ARCH-AUDIT] protocol: PASS
[ARCH-AUDIT] controlled_gt_reference_enabled: PASS
[ARCH-AUDIT] frame_count: PASS
[ARCH-AUDIT] gru_flag: PASS
[ARCH-AUDIT] kalman_flag: PASS
[TRAIN] reuse visual checkpoint /yh/study/uav-sat/v39_otherdata/output/cityc_full3f_tuned_20260922_001910/cityc/train_frames3/checkpoints/visual_retrieval_A_only.pt
[ARCH-AUDIT] forward_18: PASS
[ARCH-AUDIT] base_geometry_6x6: PASS
[ARCH-AUDIT] front_softms_source: PASS
[ARCH-AUDIT] one_final_ms_source: PASS
[ARCH-AUDIT] front_decoder_softms: PASS
[ARCH-AUDIT] simple_seven_block_gru: PASS
[ARCH-AUDIT] residual_motion_head: PASS
[ARCH-AUDIT] causal_visual_displacement: PASS
[ARCH-AUDIT] cadence_initialized_tracker: PASS
[ARCH-AUDIT] motion_training_inference_aligned: PASS
[ARCH-AUDIT] training_city_motion_scale_init: PASS
[ARCH-AUDIT] forward_origin_backshift_covers_jitter: PASS
[ARCH-AUDIT] protocol: PASS
[ARCH-AUDIT] controlled_gt_reference_enabled: PASS
[ARCH-AUDIT] frame_count: PASS
[ARCH-AUDIT] gru_flag: PASS
[ARCH-AUDIT] kalman_flag: PASS
[TRAIN] reuse visual checkpoint /yh/study/uav-sat/v39_otherdata/output/cityc_full3f_tuned_20260922_001910/cityc/train_frames2/checkpoints/visual_retrieval_A_only.pt
route_A: reuse UAV backbone cache
temporal split train=[0,135) val=[139,164) route_length=781.2m
City training-sequence mean forward step=5.375m/frame p90=10.217m/frame
route_A: reuse UAV backbone cache
temporal split train=[0,135) val=[139,164) route_length=781.2m
City training-sequence mean forward step=5.375m/frame p90=10.217m/frame
temporal epoch=001/160 loss=10.51557 center_teacher=1.000 acq_teacher=1.000 capture=100.00% bank_capture=100.00% acq_acc=100.00% acq_conf=0.711 radius=0.0m pred_step=5.359 target_step=5.375 pred_v=5.378 target_v=5.375 val_mle=11.040m val_p90=13.022m val_speed_mae=2.587 heading=0.0/-0.6deg val_progress_mae=10.364m val_heading_mae=29.2deg val_capture=92.00% val_bank=92.00% val_acq_acc=100.00% score=11.698 best=11.698 patience=0/14
temporal epoch=001/160 loss=10.46987 center_teacher=1.000 acq_teacher=1.000 capture=100.00% bank_capture=100.00% acq_acc=100.00% acq_conf=0.711 radius=0.0m pred_step=5.378 target_step=5.375 pred_v=5.397 target_v=5.375 val_mle=11.044m val_p90=13.026m val_speed_mae=2.538 heading=0.0/-0.6deg val_progress_mae=10.369m val_heading_mae=29.2deg val_capture=92.00% val_bank=92.00% val_acq_acc=100.00% score=11.700 best=11.700 patience=0/14
temporal epoch=002/160 loss=10.34481 center_teacher=1.000 acq_teacher=1.000 capture=100.00% bank_capture=100.00% acq_acc=100.00% acq_conf=0.711 radius=0.0m pred_step=4.654 target_step=5.375 pred_v=4.758 target_v=5.375 val_mle=10.990m val_p90=12.971m val_speed_mae=2.877 heading=-0.0/-0.6deg val_progress_mae=10.311m val_heading_mae=29.2deg val_capture=92.00% val_bank=92.00% val_acq_acc=100.00% score=11.661 best=11.661 patience=0/14
temporal epoch=002/160 loss=10.33490 center_teacher=1.000 acq_teacher=1.000 capture=100.00% bank_capture=100.00% acq_acc=100.00% acq_conf=0.711 radius=0.0m pred_step=4.753 target_step=5.375 pred_v=4.858 target_v=5.375 val_mle=10.998m val_p90=12.977m val_speed_mae=2.818 heading=-0.1/-0.6deg val_progress_mae=10.320m val_heading_mae=29.2deg val_capture=92.00% val_bank=92.00% val_acq_acc=100.00% score=11.667 best=11.667 patience=0/14
temporal epoch=003/160 loss=10.37345 center_teacher=1.000 acq_teacher=1.000 capture=100.00% bank_capture=100.00% acq_acc=100.00% acq_conf=0.711 radius=0.0m pred_step=4.347 target_step=5.375 pred_v=4.488 target_v=5.375 val_mle=10.926m val_p90=12.905m val_speed_mae=2.793 heading=-0.1/-0.6deg val_progress_mae=10.245m val_heading_mae=29.2deg val_capture=92.00% val_bank=92.00% val_acq_acc=100.00% score=11.592 best=11.592 patience=0/14
temporal epoch=003/160 loss=10.36889 center_teacher=1.000 acq_teacher=1.000 capture=100.00% bank_capture=100.00% acq_acc=100.00% acq_conf=0.711 radius=0.0m pred_step=4.385 target_step=5.375 pred_v=4.541 target_v=5.375 val_mle=10.936m val_p90=12.912m val_speed_mae=2.828 heading=-0.1/-0.6deg val_progress_mae=10.255m val_heading_mae=29.2deg val_capture=92.00% val_bank=92.00% val_acq_acc=100.00% score=11.603 best=11.603 patience=0/14
temporal epoch=004/160 loss=10.25080 center_teacher=1.000 acq_teacher=1.000 capture=100.00% bank_capture=100.00% acq_acc=100.00% acq_conf=0.711 radius=0.0m pred_step=4.525 target_step=5.375 pred_v=4.644 target_v=5.375 val_mle=10.850m val_p90=12.827m val_speed_mae=2.572 heading=-0.0/-0.6deg val_progress_mae=10.165m val_heading_mae=29.2deg val_capture=92.00% val_bank=92.00% val_acq_acc=100.00% score=11.502 best=11.502 patience=0/14
temporal epoch=005/160 loss=10.23521 center_teacher=1.000 acq_teacher=1.000 capture=100.00% bank_capture=100.00% acq_acc=100.00% acq_conf=0.711 radius=0.0m pred_step=4.856 target_step=5.375 pred_v=4.935 target_v=5.375 val_mle=10.766m val_p90=12.740m val_speed_mae=2.461 heading=0.0/-0.6deg val_progress_mae=10.077m val_heading_mae=29.2deg val_capture=92.00% val_bank=92.00% val_acq_acc=100.00% score=11.410 best=11.410 patience=0/14
temporal epoch=004/160 loss=10.27993 center_teacher=1.000 acq_teacher=1.000 capture=100.00% bank_capture=100.00% acq_acc=100.00% acq_conf=0.711 radius=0.0m pred_step=4.453 target_step=5.375 pred_v=4.601 target_v=5.375 val_mle=10.860m val_p90=12.833m val_speed_mae=2.650 heading=-0.1/-0.6deg val_progress_mae=10.176m val_heading_mae=29.2deg val_capture=92.00% val_bank=92.00% val_acq_acc=100.00% score=11.516 best=11.516 patience=0/14
temporal epoch=006/160 loss=10.19229 center_teacher=1.000 acq_teacher=1.000 capture=100.00% bank_capture=100.00% acq_acc=100.00% acq_conf=0.711 radius=0.0m pred_step=5.053 target_step=5.375 pred_v=5.108 target_v=5.375 val_mle=10.676m val_p90=12.649m val_speed_mae=2.452 heading=0.0/-0.6deg val_progress_mae=9.984m val_heading_mae=29.2deg val_capture=92.00% val_bank=92.00% val_acq_acc=100.00% score=11.316 best=11.316 patience=0/14
temporal epoch=005/160 loss=10.16860 center_teacher=1.000 acq_teacher=1.000 capture=100.00% bank_capture=100.00% acq_acc=100.00% acq_conf=0.711 radius=0.0m pred_step=4.719 target_step=5.375 pred_v=4.831 target_v=5.375 val_mle=10.776m val_p90=12.746m val_speed_mae=2.505 heading=-0.1/-0.6deg val_progress_mae=10.088m val_heading_mae=29.2deg val_capture=92.00% val_bank=92.00% val_acq_acc=100.00% score=11.422 best=11.422 patience=0/14
temporal epoch=007/160 loss=10.12281 center_teacher=1.000 acq_teacher=1.000 capture=100.00% bank_capture=100.00% acq_acc=100.00% acq_conf=0.711 radius=0.0m pred_step=5.025 target_step=5.375 pred_v=5.084 target_v=5.375 val_mle=10.580m val_p90=12.549m val_speed_mae=2.527 heading=0.0/-0.6deg val_progress_mae=9.885m val_heading_mae=29.2deg val_capture=92.00% val_bank=92.00% val_acq_acc=100.00% score=11.222 best=11.222 patience=0/14
temporal epoch=006/160 loss=10.11297 center_teacher=1.000 acq_teacher=1.000 capture=100.00% bank_capture=100.00% acq_acc=100.00% acq_conf=0.711 radius=0.0m pred_step=4.954 target_step=5.375 pred_v=5.035 target_v=5.375 val_mle=10.685m val_p90=12.651m val_speed_mae=2.467 heading=-0.0/-0.6deg val_progress_mae=9.995m val_heading_mae=29.2deg val_capture=92.00% val_bank=92.00% val_acq_acc=100.00% score=11.327 best=11.327 patience=0/14
temporal epoch=008/160 loss=9.96234 center_teacher=1.000 acq_teacher=1.000 capture=100.00% bank_capture=100.00% acq_acc=100.00% acq_conf=0.711 radius=0.0m pred_step=4.797 target_step=5.375 pred_v=4.884 target_v=5.375 val_mle=10.479m val_p90=12.439m val_speed_mae=2.689 heading=-0.0/-0.6deg val_progress_mae=9.779m val_heading_mae=29.2deg val_capture=92.00% val_bank=92.00% val_acq_acc=100.00% score=11.125 best=11.125 patience=0/14
temporal epoch=007/160 loss=10.04870 center_teacher=1.000 acq_teacher=1.000 capture=100.00% bank_capture=100.00% acq_acc=100.00% acq_conf=0.711 radius=0.0m pred_step=5.006 target_step=5.375 pred_v=5.081 target_v=5.375 val_mle=10.589m val_p90=12.547m val_speed_mae=2.500 heading=-0.1/-0.6deg val_progress_mae=9.894m val_heading_mae=29.2deg val_capture=92.00% val_bank=92.00% val_acq_acc=100.00% score=11.229 best=11.229 patience=0/14
temporal epoch=009/160 loss=9.92984 center_teacher=1.000 acq_teacher=1.000 capture=100.00% bank_capture=100.00% acq_acc=100.00% acq_conf=0.711 radius=0.0m pred_step=4.531 target_step=5.375 pred_v=4.650 target_v=5.375 val_mle=10.372m val_p90=12.324m val_speed_mae=2.804 heading=-0.0/-0.6deg val_progress_mae=9.667m val_heading_mae=29.2deg val_capture=92.00% val_bank=92.00% val_acq_acc=100.00% score=11.021 best=11.021 patience=0/14
temporal epoch=008/160 loss=9.97074 center_teacher=1.000 acq_teacher=1.000 capture=100.00% bank_capture=100.00% acq_acc=100.00% acq_conf=0.711 radius=0.0m pred_step=4.891 target_step=5.375 pred_v=4.981 target_v=5.375 val_mle=10.485m val_p90=12.435m val_speed_mae=2.609 heading=-0.1/-0.6deg val_progress_mae=9.786m val_heading_mae=29.2deg val_capture=92.00% val_bank=92.00% val_acq_acc=100.00% score=11.128 best=11.128 patience=0/14
temporal epoch=009/160 loss=9.90624 center_teacher=1.000 acq_teacher=1.000 capture=100.00% bank_capture=100.00% acq_acc=100.00% acq_conf=0.711 radius=0.0m pred_step=4.657 target_step=5.375 pred_v=4.778 target_v=5.375 val_mle=10.376m val_p90=12.316m val_speed_mae=2.747 heading=-0.1/-0.6deg val_progress_mae=9.672m val_heading_mae=29.2deg val_capture=92.00% val_bank=92.00% val_acq_acc=100.00% score=11.022 best=11.022 patience=0/14
temporal epoch=010/160 loss=9.89638 center_teacher=1.000 acq_teacher=1.000 capture=100.00% bank_capture=100.00% acq_acc=100.00% acq_conf=0.711 radius=0.0m pred_step=4.408 target_step=5.375 pred_v=4.541 target_v=5.375 val_mle=10.261m val_p90=12.206m val_speed_mae=2.775 heading=-0.1/-0.6deg val_progress_mae=9.551m val_heading_mae=29.2deg val_capture=92.00% val_bank=92.00% val_acq_acc=100.00% score=10.905 best=10.905 patience=0/14
temporal epoch=010/160 loss=9.87221 center_teacher=1.000 acq_teacher=1.000 capture=100.00% bank_capture=100.00% acq_acc=100.00% acq_conf=0.711 radius=0.0m pred_step=4.484 target_step=5.375 pred_v=4.627 target_v=5.375 val_mle=10.262m val_p90=12.192m val_speed_mae=2.787 heading=-0.2/-0.6deg val_progress_mae=9.553m val_heading_mae=29.2deg val_capture=92.00% val_bank=92.00% val_acq_acc=100.00% score=10.907 best=10.907 patience=0/14
temporal epoch=011/160 loss=9.79899 center_teacher=1.000 acq_teacher=1.000 capture=100.00% bank_capture=100.00% acq_acc=100.00% acq_conf=0.711 radius=0.0m pred_step=4.464 target_step=5.375 pred_v=4.591 target_v=5.375 val_mle=10.146m val_p90=12.085m val_speed_mae=2.644 heading=-0.1/-0.6deg val_progress_mae=9.430m val_heading_mae=29.2deg val_capture=92.00% val_bank=92.00% val_acq_acc=100.00% score=10.780 best=10.780 patience=0/14
temporal epoch=011/160 loss=9.79450 center_teacher=1.000 acq_teacher=1.000 capture=100.00% bank_capture=100.00% acq_acc=100.00% acq_conf=0.711 radius=0.0m pred_step=4.456 target_step=5.375 pred_v=4.603 target_v=5.375 val_mle=10.144m val_p90=12.065m val_speed_mae=2.700 heading=-0.2/-0.6deg val_progress_mae=9.429m val_heading_mae=29.2deg val_capture=92.00% val_bank=92.00% val_acq_acc=100.00% score=10.780 best=10.780 patience=0/14
temporal epoch=012/160 loss=9.69200 center_teacher=1.000 acq_teacher=1.000 capture=100.00% bank_capture=100.00% acq_acc=100.00% acq_conf=0.711 radius=0.0m pred_step=4.699 target_step=5.375 pred_v=4.797 target_v=5.375 val_mle=10.028m val_p90=11.960m val_speed_mae=2.559 heading=-0.1/-0.6deg val_progress_mae=9.305m val_heading_mae=29.2deg val_capture=92.00% val_bank=92.00% val_acq_acc=100.00% score=10.653 best=10.653 patience=0/14
temporal epoch=012/160 loss=9.69565 center_teacher=1.000 acq_teacher=1.000 capture=100.00% bank_capture=100.00% acq_acc=100.00% acq_conf=0.711 radius=0.0m pred_step=4.588 target_step=5.375 pred_v=4.718 target_v=5.375 val_mle=10.024m val_p90=11.935m val_speed_mae=2.580 heading=-0.2/-0.6deg val_progress_mae=9.302m val_heading_mae=29.2deg val_capture=92.00% val_bank=92.00% val_acq_acc=100.00% score=10.650 best=10.650 patience=0/14
temporal epoch=013/160 loss=9.61957 center_teacher=1.000 acq_teacher=1.000 capture=100.00% bank_capture=100.00% acq_acc=100.00% acq_conf=0.711 radius=0.0m pred_step=4.782 target_step=5.375 pred_v=4.871 target_v=5.375 val_mle=9.909m val_p90=11.832m val_speed_mae=2.563 heading=-0.1/-0.6deg val_progress_mae=9.178m val_heading_mae=29.2deg val_capture=92.00% val_bank=92.00% val_acq_acc=100.00% score=10.531 best=10.531 patience=0/14
temporal epoch=013/160 loss=9.61183 center_teacher=1.000 acq_teacher=1.000 capture=100.00% bank_capture=100.00% acq_acc=100.00% acq_conf=0.711 radius=0.0m pred_step=4.793 target_step=5.375 pred_v=4.898 target_v=5.375 val_mle=9.903m val_p90=11.803m val_speed_mae=2.553 heading=-0.2/-0.6deg val_progress_mae=9.174m val_heading_mae=29.2deg val_capture=92.00% val_bank=92.00% val_acq_acc=100.00% score=10.525 best=10.525 patience=0/14
temporal epoch=014/160 loss=9.55689 center_teacher=1.000 acq_teacher=1.000 capture=100.00% bank_capture=100.00% acq_acc=100.00% acq_conf=0.711 radius=0.0m pred_step=4.756 target_step=5.375 pred_v=4.848 target_v=5.375 val_mle=9.792m val_p90=11.706m val_speed_mae=2.652 heading=-0.1/-0.6deg val_progress_mae=9.052m val_heading_mae=29.2deg val_capture=92.00% val_bank=92.00% val_acq_acc=100.00% score=10.414 best=10.414 patience=0/14
temporal epoch=014/160 loss=9.54221 center_teacher=1.000 acq_teacher=1.000 capture=100.00% bank_capture=100.00% acq_acc=100.00% acq_conf=0.711 radius=0.0m pred_step=4.791 target_step=5.375 pred_v=4.897 target_v=5.375 val_mle=9.786m val_p90=11.671m val_speed_mae=2.632 heading=-0.2/-0.6deg val_progress_mae=9.048m val_heading_mae=29.2deg val_capture=92.00% val_bank=92.00% val_acq_acc=100.00% score=10.407 best=10.407 patience=0/14
temporal epoch=015/160 loss=9.52280 center_teacher=1.000 acq_teacher=1.000 capture=100.00% bank_capture=100.00% acq_acc=100.00% acq_conf=0.711 radius=0.0m pred_step=4.564 target_step=5.375 pred_v=4.679 target_v=5.375 val_mle=9.683m val_p90=11.588m val_speed_mae=2.732 heading=-0.1/-0.6deg val_progress_mae=8.934m val_heading_mae=29.2deg val_capture=92.00% val_bank=92.00% val_acq_acc=100.00% score=10.306 best=10.306 patience=0/14
temporal epoch=015/160 loss=9.50007 center_teacher=1.000 acq_teacher=1.000 capture=100.00% bank_capture=100.00% acq_acc=100.00% acq_conf=0.711 radius=0.0m pred_step=4.608 target_step=5.375 pred_v=4.738 target_v=5.375 val_mle=9.676m val_p90=11.546m val_speed_mae=2.747 heading=-0.2/-0.6deg val_progress_mae=8.928m val_heading_mae=29.2deg val_capture=92.00% val_bank=92.00% val_acq_acc=100.00% score=10.300 best=10.300 patience=0/14
temporal epoch=016/160 loss=9.47519 center_teacher=1.000 acq_teacher=1.000 capture=100.00% bank_capture=100.00% acq_acc=100.00% acq_conf=0.711 radius=0.0m pred_step=4.489 target_step=5.375 pred_v=4.613 target_v=5.375 val_mle=9.589m val_p90=11.487m val_speed_mae=2.661 heading=-0.1/-0.6deg val_progress_mae=8.831m val_heading_mae=29.2deg val_capture=92.00% val_bank=92.00% val_acq_acc=100.00% score=10.206 best=10.206 patience=0/14
temporal epoch=016/160 loss=9.47822 center_teacher=1.000 acq_teacher=1.000 capture=100.00% bank_capture=100.00% acq_acc=100.00% acq_conf=0.711 radius=0.0m pred_step=4.449 target_step=5.375 pred_v=4.600 target_v=5.375 val_mle=9.587m val_p90=11.441m val_speed_mae=2.714 heading=-0.2/-0.6deg val_progress_mae=8.830m val_heading_mae=29.2deg val_capture=92.00% val_bank=92.00% val_acq_acc=100.00% score=10.206 best=10.206 patience=0/14
temporal epoch=017/160 loss=9.40097 center_teacher=1.000 acq_teacher=1.000 capture=100.00% bank_capture=100.00% acq_acc=100.00% acq_conf=0.711 radius=0.0m pred_step=4.597 target_step=5.375 pred_v=4.707 target_v=5.375 val_mle=9.519m val_p90=11.411m val_speed_mae=2.534 heading=-0.1/-0.6deg val_progress_mae=8.751m val_heading_mae=29.2deg val_capture=92.00% val_bank=92.00% val_acq_acc=100.00% score=10.127 best=10.127 patience=0/14
temporal epoch=017/160 loss=9.39751 center_teacher=1.000 acq_teacher=1.000 capture=100.00% bank_capture=100.00% acq_acc=100.00% acq_conf=0.711 radius=0.0m pred_step=4.516 target_step=5.375 pred_v=4.659 target_v=5.375 val_mle=9.521m val_p90=11.359m val_speed_mae=2.560 heading=-0.2/-0.6deg val_progress_mae=8.754m val_heading_mae=29.2deg val_capture=92.00% val_bank=92.00% val_acq_acc=100.00% score=10.130 best=10.130 patience=0/14
temporal epoch=018/160 loss=9.35554 center_teacher=1.000 acq_teacher=1.000 capture=100.00% bank_capture=100.00% acq_acc=100.00% acq_conf=0.711 radius=0.0m pred_step=4.757 target_step=5.375 pred_v=4.849 target_v=5.375 val_mle=9.472m val_p90=11.359m val_speed_mae=2.488 heading=-0.1/-0.6deg val_progress_mae=8.696m val_heading_mae=29.2deg val_capture=92.00% val_bank=92.00% val_acq_acc=100.00% score=10.075 best=10.075 patience=0/14
temporal epoch=018/160 loss=9.33657 center_teacher=1.000 acq_teacher=1.000 capture=100.00% bank_capture=100.00% acq_acc=100.00% acq_conf=0.711 radius=0.0m pred_step=4.787 target_step=5.375 pred_v=4.898 target_v=5.375 val_mle=9.474m val_p90=11.295m val_speed_mae=2.506 heading=-0.2/-0.6deg val_progress_mae=8.701m val_heading_mae=29.2deg val_capture=92.00% val_bank=92.00% val_acq_acc=100.00% score=10.079 best=10.079 patience=0/14
temporal epoch=019/160 loss=9.32993 center_teacher=1.000 acq_teacher=1.000 capture=100.00% bank_capture=100.00% acq_acc=100.00% acq_conf=0.711 radius=0.0m pred_step=4.798 target_step=5.375 pred_v=4.884 target_v=5.375 val_mle=9.439m val_p90=11.311m val_speed_mae=2.527 heading=-0.1/-0.6deg val_progress_mae=8.657m val_heading_mae=29.2deg val_capture=92.00% val_bank=92.00% val_acq_acc=100.00% score=10.044 best=10.044 patience=0/14
temporal epoch=019/160 loss=9.29282 center_teacher=1.000 acq_teacher=1.000 capture=100.00% bank_capture=100.00% acq_acc=100.00% acq_conf=0.711 radius=0.0m pred_step=4.796 target_step=5.375 pred_v=4.907 target_v=5.375 val_mle=9.449m val_p90=11.250m val_speed_mae=2.594 heading=-0.3/-0.6deg val_progress_mae=8.670m val_heading_mae=29.2deg val_capture=92.00% val_bank=92.00% val_acq_acc=100.00% score=10.057 best=10.057 patience=0/14
temporal epoch=020/160 loss=9.29968 center_teacher=1.000 acq_teacher=1.000 capture=100.00% bank_capture=100.00% acq_acc=100.00% acq_conf=0.711 radius=0.0m pred_step=4.643 target_step=5.375 pred_v=4.748 target_v=5.375 val_mle=9.423m val_p90=11.278m val_speed_mae=2.544 heading=-0.1/-0.6deg val_progress_mae=8.637m val_heading_mae=29.2deg val_capture=92.00% val_bank=92.00% val_acq_acc=100.00% score=10.028 best=10.028 patience=0/14
temporal epoch=020/160 loss=9.25967 center_teacher=1.000 acq_teacher=1.000 capture=100.00% bank_capture=100.00% acq_acc=100.00% acq_conf=0.711 radius=0.0m pred_step=4.606 target_step=5.375 pred_v=4.743 target_v=5.375 val_mle=9.441m val_p90=11.221m val_speed_mae=2.651 heading=-0.3/-0.6deg val_progress_mae=8.658m val_heading_mae=29.2deg val_capture=92.00% val_bank=92.00% val_acq_acc=100.00% score=10.052 best=10.052 patience=0/14
temporal epoch=021/160 loss=9.25518 center_teacher=1.000 acq_teacher=1.000 capture=100.00% bank_capture=100.00% acq_acc=100.00% acq_conf=0.711 radius=0.0m pred_step=4.627 target_step=5.375 pred_v=4.734 target_v=5.375 val_mle=9.424m val_p90=11.260m val_speed_mae=2.458 heading=-0.1/-0.6deg val_progress_mae=8.635m val_heading_mae=29.2deg val_capture=92.00% val_bank=92.00% val_acq_acc=100.00% score=10.024 best=10.024 patience=0/14
temporal epoch=021/160 loss=9.22495 center_teacher=1.000 acq_teacher=1.000 capture=100.00% bank_capture=100.00% acq_acc=100.00% acq_conf=0.711 radius=0.0m pred_step=4.538 target_step=5.375 pred_v=4.687 target_v=5.375 val_mle=9.436m val_p90=11.186m val_speed_mae=2.539 heading=-0.3/-0.6deg val_progress_mae=8.650m val_heading_mae=29.2deg val_capture=92.00% val_bank=92.00% val_acq_acc=100.00% score=10.041 best=10.041 patience=0/14
temporal epoch=022/160 loss=9.22677 center_teacher=1.000 acq_teacher=1.000 capture=100.00% bank_capture=100.00% acq_acc=100.00% acq_conf=0.711 radius=0.0m pred_step=4.805 target_step=5.375 pred_v=4.891 target_v=5.375 val_mle=9.426m val_p90=11.243m val_speed_mae=2.421 heading=-0.1/-0.6deg val_progress_mae=8.634m val_heading_mae=29.2deg val_capture=92.00% val_bank=92.00% val_acq_acc=100.00% score=10.024 best=10.024 patience=1/14
temporal epoch=022/160 loss=9.15894 center_teacher=1.000 acq_teacher=1.000 capture=100.00% bank_capture=100.00% acq_acc=100.00% acq_conf=0.711 radius=0.0m pred_step=4.727 target_step=5.375 pred_v=4.855 target_v=5.375 val_mle=9.412m val_p90=11.129m val_speed_mae=2.464 heading=-0.4/-0.6deg val_progress_mae=8.623m val_heading_mae=29.2deg val_capture=92.00% val_bank=92.00% val_acq_acc=100.00% score=10.013 best=10.013 patience=0/14
temporal epoch=023/160 loss=9.18073 center_teacher=1.000 acq_teacher=1.000 capture=100.00% bank_capture=100.00% acq_acc=100.00% acq_conf=0.711 radius=0.0m pred_step=4.706 target_step=5.375 pred_v=4.804 target_v=5.375 val_mle=9.415m val_p90=11.206m val_speed_mae=2.450 heading=-0.1/-0.6deg val_progress_mae=8.621m val_heading_mae=29.2deg val_capture=92.00% val_bank=92.00% val_acq_acc=100.00% score=10.015 best=10.015 patience=0/14
temporal epoch=023/160 loss=9.10765 center_teacher=1.000 acq_teacher=1.000 capture=100.00% bank_capture=100.00% acq_acc=100.00% acq_conf=0.709 radius=0.0m pred_step=4.816 target_step=5.375 pred_v=4.934 target_v=5.375 val_mle=9.317m val_p90=11.058m val_speed_mae=2.575 heading=-0.4/-0.6deg val_progress_mae=8.554m val_heading_mae=29.2deg val_capture=92.00% val_bank=92.00% val_acq_acc=100.00% score=9.921 best=9.921 patience=0/14
temporal epoch=024/160 loss=9.13685 center_teacher=1.000 acq_teacher=1.000 capture=100.00% bank_capture=100.00% acq_acc=100.00% acq_conf=0.711 radius=0.0m pred_step=4.681 target_step=5.375 pred_v=4.781 target_v=5.375 val_mle=9.394m val_p90=11.152m val_speed_mae=2.415 heading=-0.1/-0.6deg val_progress_mae=8.596m val_heading_mae=29.2deg val_capture=92.00% val_bank=92.00% val_acq_acc=100.00% score=9.991 best=9.991 patience=0/14
temporal epoch=024/160 loss=9.03838 center_teacher=1.000 acq_teacher=1.000 capture=100.00% bank_capture=100.00% acq_acc=100.00% acq_conf=0.709 radius=0.0m pred_step=4.581 target_step=5.375 pred_v=4.731 target_v=5.375 val_mle=9.273m val_p90=10.977m val_speed_mae=2.603 heading=-0.4/-0.6deg val_progress_mae=8.507m val_heading_mae=29.2deg val_capture=92.00% val_bank=92.00% val_acq_acc=100.00% score=9.877 best=9.877 patience=0/14
temporal epoch=025/160 loss=9.17251 center_teacher=1.000 acq_teacher=1.000 capture=100.00% bank_capture=100.00% acq_acc=100.00% acq_conf=0.711 radius=0.0m pred_step=4.816 target_step=5.375 pred_v=4.899 target_v=5.375 val_mle=9.365m val_p90=11.083m val_speed_mae=2.358 heading=-0.1/-0.6deg val_progress_mae=8.562m val_heading_mae=29.2deg val_capture=92.00% val_bank=92.00% val_acq_acc=100.00% score=9.958 best=9.958 patience=0/14
temporal epoch=025/160 loss=8.98902 center_teacher=1.000 acq_teacher=1.000 capture=100.00% bank_capture=100.00% acq_acc=100.00% acq_conf=0.709 radius=0.0m pred_step=4.513 target_step=5.375 pred_v=4.673 target_v=5.375 val_mle=9.216m val_p90=10.841m val_speed_mae=2.356 heading=-0.4/-0.6deg val_progress_mae=8.444m val_heading_mae=29.2deg val_capture=92.00% val_bank=92.00% val_acq_acc=100.00% score=9.806 best=9.806 patience=0/14
temporal epoch=026/160 loss=9.16245 center_teacher=1.000 acq_teacher=1.000 capture=100.00% bank_capture=100.00% acq_acc=100.00% acq_conf=0.711 radius=0.0m pred_step=4.896 target_step=5.375 pred_v=4.970 target_v=5.375 val_mle=9.309m val_p90=10.979m val_speed_mae=2.353 heading=-0.1/-0.6deg val_progress_mae=8.500m val_heading_mae=29.2deg val_capture=92.00% val_bank=92.00% val_acq_acc=100.00% score=9.900 best=9.900 patience=0/14
temporal epoch=026/160 loss=9.04492 center_teacher=1.000 acq_teacher=1.000 capture=100.00% bank_capture=100.00% acq_acc=100.00% acq_conf=0.709 radius=0.0m pred_step=5.173 target_step=5.375 pred_v=5.252 target_v=5.375 val_mle=9.146m val_p90=10.768m val_speed_mae=2.366 heading=-0.5/-0.6deg val_progress_mae=8.370m val_heading_mae=29.2deg val_capture=92.00% val_bank=92.00% val_acq_acc=100.00% score=9.734 best=9.734 patience=0/14
temporal epoch=027/160 loss=9.10920 center_teacher=1.000 acq_teacher=1.000 capture=100.00% bank_capture=100.00% acq_acc=100.00% acq_conf=0.711 radius=0.0m pred_step=4.808 target_step=5.375 pred_v=4.893 target_v=5.375 val_mle=9.226m val_p90=10.814m val_speed_mae=2.328 heading=-0.0/-0.6deg val_progress_mae=8.407m val_heading_mae=29.2deg val_capture=92.00% val_bank=92.00% val_acq_acc=100.00% score=9.813 best=9.813 patience=0/14
temporal epoch=027/160 loss=8.83257 center_teacher=1.000 acq_teacher=1.000 capture=100.00% bank_capture=100.00% acq_acc=100.00% acq_conf=0.709 radius=0.0m pred_step=4.797 target_step=5.375 pred_v=4.925 target_v=5.375 val_mle=9.062m val_p90=10.648m val_speed_mae=2.676 heading=-0.5/-0.6deg val_progress_mae=8.280m val_heading_mae=29.2deg val_capture=92.00% val_bank=92.00% val_acq_acc=100.00% score=9.663 best=9.663 patience=0/14
temporal epoch=028/160 loss=9.15211 center_teacher=1.000 acq_teacher=1.000 capture=100.00% bank_capture=100.00% acq_acc=100.00% acq_conf=0.711 radius=0.0m pred_step=4.953 target_step=5.375 pred_v=5.020 target_v=5.375 val_mle=9.129m val_p90=10.664m val_speed_mae=2.312 heading=-0.0/-0.6deg val_progress_mae=8.300m val_heading_mae=29.2deg val_capture=92.00% val_bank=92.00% val_acq_acc=100.00% score=9.713 best=9.713 patience=0/14
temporal epoch=028/160 loss=8.81003 center_teacher=1.000 acq_teacher=1.000 capture=100.00% bank_capture=100.00% acq_acc=100.00% acq_conf=0.708 radius=0.0m pred_step=4.304 target_step=5.375 pred_v=4.492 target_v=5.375 val_mle=8.983m val_p90=10.479m val_speed_mae=2.325 heading=-0.5/-0.6deg val_progress_mae=8.193m val_heading_mae=29.2deg val_capture=92.00% val_bank=92.00% val_acq_acc=100.00% score=9.564 best=9.564 patience=0/14
temporal epoch=029/160 loss=9.18235 center_teacher=1.000 acq_teacher=1.000 capture=100.00% bank_capture=100.00% acq_acc=100.00% acq_conf=0.711 radius=0.0m pred_step=5.186 target_step=5.375 pred_v=5.225 target_v=5.375 val_mle=9.016m val_p90=10.508m val_speed_mae=2.304 heading=-0.0/-0.6deg val_progress_mae=8.175m val_heading_mae=29.2deg val_capture=92.00% val_bank=92.00% val_acq_acc=100.00% score=9.595 best=9.595 patience=0/14
temporal epoch=029/160 loss=9.09867 center_teacher=1.000 acq_teacher=1.000 capture=100.00% bank_capture=100.00% acq_acc=100.00% acq_conf=0.708 radius=0.0m pred_step=5.523 target_step=5.375 pred_v=5.560 target_v=5.375 val_mle=8.877m val_p90=10.342m val_speed_mae=2.320 heading=-0.5/-0.6deg val_progress_mae=8.079m val_heading_mae=29.2deg val_capture=92.00% val_bank=92.00% val_acq_acc=100.00% score=9.454 best=9.454 patience=0/14
temporal epoch=030/160 loss=8.74305 center_teacher=1.000 acq_teacher=1.000 capture=100.00% bank_capture=100.00% acq_acc=100.00% acq_conf=0.708 radius=0.0m pred_step=4.963 target_step=5.375 pred_v=5.071 target_v=5.375 val_mle=8.746m val_p90=10.238m val_speed_mae=2.671 heading=-0.5/-0.6deg val_progress_mae=7.938m val_heading_mae=29.2deg val_capture=92.00% val_bank=92.00% val_acq_acc=100.00% score=9.336 best=9.336 patience=0/14
temporal epoch=030/160 loss=9.10706 center_teacher=1.000 acq_teacher=1.000 capture=100.00% bank_capture=100.00% acq_acc=100.00% acq_conf=0.711 radius=0.0m pred_step=5.159 target_step=5.375 pred_v=5.201 target_v=5.375 val_mle=8.901m val_p90=10.375m val_speed_mae=2.306 heading=-0.0/-0.6deg val_progress_mae=8.047m val_heading_mae=29.2deg val_capture=92.00% val_bank=92.00% val_acq_acc=100.00% score=9.476 best=9.476 patience=0/14
temporal epoch=031/160 loss=8.60362 center_teacher=1.000 acq_teacher=1.000 capture=100.00% bank_capture=100.00% acq_acc=100.00% acq_conf=0.708 radius=0.0m pred_step=4.221 target_step=5.375 pred_v=4.421 target_v=5.375 val_mle=8.604m val_p90=10.030m val_speed_mae=2.309 heading=-0.6/-0.6deg val_progress_mae=7.782m val_heading_mae=29.2deg val_capture=92.00% val_bank=92.00% val_acq_acc=100.00% score=9.171 best=9.171 patience=0/14
temporal epoch=031/160 loss=9.02653 center_teacher=1.000 acq_teacher=1.000 capture=100.00% bank_capture=100.00% acq_acc=100.00% acq_conf=0.711 radius=0.0m pred_step=4.980 target_step=5.375 pred_v=5.043 target_v=5.375 val_mle=8.794m val_p90=10.229m val_speed_mae=2.288 heading=-0.0/-0.6deg val_progress_mae=7.929m val_heading_mae=29.2deg val_capture=92.00% val_bank=92.00% val_acq_acc=100.00% score=9.365 best=9.365 patience=0/14
temporal epoch=032/160 loss=9.14441 center_teacher=1.000 acq_teacher=1.000 capture=100.00% bank_capture=100.00% acq_acc=100.00% acq_conf=0.708 radius=0.0m pred_step=5.701 target_step=5.375 pred_v=5.716 target_v=5.375 val_mle=8.429m val_p90=9.855m val_speed_mae=2.308 heading=-0.7/-0.6deg val_progress_mae=7.590m val_heading_mae=29.2deg val_capture=92.00% val_bank=92.00% val_acq_acc=100.00% score=8.991 best=8.991 patience=0/14
temporal epoch=032/160 loss=8.99079 center_teacher=1.000 acq_teacher=1.000 capture=100.00% bank_capture=100.00% acq_acc=100.00% acq_conf=0.711 radius=0.0m pred_step=5.070 target_step=5.375 pred_v=5.122 target_v=5.375 val_mle=8.683m val_p90=10.095m val_speed_mae=2.272 heading=0.0/-0.6deg val_progress_mae=7.805m val_heading_mae=29.2deg val_capture=92.00% val_bank=92.00% val_acq_acc=100.00% score=9.249 best=9.249 patience=0/14
temporal epoch=033/160 loss=8.47046 center_teacher=1.000 acq_teacher=1.000 capture=100.00% bank_capture=100.00% acq_acc=100.00% acq_conf=0.708 radius=0.0m pred_step=4.869 target_step=5.375 pred_v=4.989 target_v=5.375 val_mle=8.288m val_p90=9.758m val_speed_mae=2.783 heading=-0.7/-0.6deg val_progress_mae=7.437m val_heading_mae=29.2deg val_capture=92.00% val_bank=92.00% val_acq_acc=100.00% score=8.869 best=8.869 patience=0/14
temporal epoch=033/160 loss=9.08763 center_teacher=1.000 acq_teacher=1.000 capture=100.00% bank_capture=100.00% acq_acc=100.00% acq_conf=0.711 radius=0.0m pred_step=5.235 target_step=5.375 pred_v=5.267 target_v=5.375 val_mle=8.567m val_p90=9.957m val_speed_mae=2.269 heading=0.0/-0.6deg val_progress_mae=7.675m val_heading_mae=29.2deg val_capture=92.00% val_bank=92.00% val_acq_acc=100.00% score=9.129 best=9.129 patience=0/14
temporal epoch=034/160 loss=8.40142 center_teacher=1.000 acq_teacher=1.000 capture=100.00% bank_capture=100.00% acq_acc=100.00% acq_conf=0.708 radius=0.0m pred_step=4.121 target_step=5.375 pred_v=4.333 target_v=5.375 val_mle=8.157m val_p90=9.560m val_speed_mae=2.363 heading=-0.8/-0.6deg val_progress_mae=7.292m val_heading_mae=29.2deg val_capture=92.00% val_bank=92.00% val_acq_acc=100.00% score=8.712 best=8.712 patience=0/14
temporal epoch=034/160 loss=8.85042 center_teacher=1.000 acq_teacher=1.000 capture=100.00% bank_capture=100.00% acq_acc=100.00% acq_conf=0.711 radius=0.0m pred_step=5.075 target_step=5.375 pred_v=5.127 target_v=5.375 val_mle=8.470m val_p90=9.840m val_speed_mae=2.352 heading=-0.0/-0.6deg val_progress_mae=7.569m val_heading_mae=29.2deg val_capture=92.00% val_bank=92.00% val_acq_acc=100.00% score=9.033 best=9.033 patience=0/14
temporal epoch=035/160 loss=9.05345 center_teacher=1.000 acq_teacher=1.000 capture=100.00% bank_capture=100.00% acq_acc=100.00% acq_conf=0.708 radius=0.0m pred_step=5.827 target_step=5.375 pred_v=5.826 target_v=5.375 val_mle=8.043m val_p90=9.418m val_speed_mae=2.268 heading=-0.9/-0.6deg val_progress_mae=7.159m val_heading_mae=29.2deg val_capture=92.00% val_bank=92.00% val_acq_acc=100.00% score=8.589 best=8.589 patience=0/14
temporal epoch=035/160 loss=8.66951 center_teacher=1.000 acq_teacher=1.000 capture=100.00% bank_capture=100.00% acq_acc=100.00% acq_conf=0.711 radius=0.0m pred_step=4.731 target_step=5.375 pred_v=4.824 target_v=5.375 val_mle=8.392m val_p90=9.753m val_speed_mae=2.265 heading=-0.0/-0.6deg val_progress_mae=7.482m val_heading_mae=29.2deg val_capture=92.00% val_bank=92.00% val_acq_acc=100.00% score=8.948 best=8.948 patience=0/14
temporal epoch=036/160 loss=8.14060 center_teacher=1.000 acq_teacher=1.000 capture=100.00% bank_capture=100.00% acq_acc=100.00% acq_conf=0.708 radius=0.0m pred_step=4.799 target_step=5.375 pred_v=4.927 target_v=5.375 val_mle=8.038m val_p90=9.449m val_speed_mae=3.761 heading=-1.0/-0.6deg val_progress_mae=7.158m val_heading_mae=29.2deg val_capture=92.00% val_bank=92.00% val_acq_acc=100.00% score=8.659 best=8.589 patience=1/14
temporal epoch=036/160 loss=8.70778 center_teacher=1.000 acq_teacher=1.000 capture=100.00% bank_capture=100.00% acq_acc=100.00% acq_conf=0.711 radius=0.0m pred_step=5.027 target_step=5.375 pred_v=5.085 target_v=5.375 val_mle=8.286m val_p90=9.639m val_speed_mae=2.324 heading=0.0/-0.6deg val_progress_mae=7.363m val_heading_mae=29.2deg val_capture=92.00% val_bank=92.00% val_acq_acc=100.00% score=8.842 best=8.842 patience=0/14
temporal epoch=037/160 loss=8.59530 center_teacher=1.000 acq_teacher=1.000 capture=100.00% bank_capture=100.00% acq_acc=100.00% acq_conf=0.709 radius=0.0m pred_step=3.248 target_step=5.375 pred_v=3.572 target_v=5.375 val_mle=7.925m val_p90=9.218m val_speed_mae=3.134 heading=-1.1/-0.6deg val_progress_mae=7.038m val_heading_mae=29.2deg val_capture=92.00% val_bank=92.00% val_acq_acc=100.00% score=8.511 best=8.511 patience=0/14
temporal epoch=037/160 loss=8.45363 center_teacher=1.000 acq_teacher=1.000 capture=100.00% bank_capture=100.00% acq_acc=100.00% acq_conf=0.711 radius=0.0m pred_step=4.882 target_step=5.375 pred_v=4.959 target_v=5.375 val_mle=8.235m val_p90=9.587m val_speed_mae=2.686 heading=-0.0/-0.6deg val_progress_mae=7.307m val_heading_mae=29.2deg val_capture=92.00% val_bank=92.00% val_acq_acc=100.00% score=8.807 best=8.807 patience=0/14
temporal epoch=038/160 loss=11.05900 center_teacher=1.000 acq_teacher=1.000 capture=100.00% bank_capture=100.00% acq_acc=100.00% acq_conf=0.708 radius=0.0m pred_step=7.948 target_step=5.375 pred_v=7.683 target_v=5.375 val_mle=7.855m val_p90=9.165m val_speed_mae=3.845 heading=-1.0/-0.6deg val_progress_mae=6.967m val_heading_mae=29.2deg val_capture=92.00% val_bank=92.00% val_acq_acc=100.00% score=8.475 best=8.475 patience=0/14
temporal epoch=038/160 loss=8.30481 center_teacher=1.000 acq_teacher=1.000 capture=100.00% bank_capture=100.00% acq_acc=100.00% acq_conf=0.709 radius=0.0m pred_step=4.309 target_step=5.375 pred_v=4.454 target_v=5.375 val_mle=8.211m val_p90=9.617m val_speed_mae=2.185 heading=-0.1/-0.6deg val_progress_mae=7.282m val_heading_mae=29.2deg val_capture=92.00% val_bank=92.00% val_acq_acc=100.00% score=8.757 best=8.757 patience=0/14
temporal epoch=039/160 loss=8.35576 center_teacher=1.000 acq_teacher=1.000 capture=100.00% bank_capture=100.00% acq_acc=100.00% acq_conf=0.709 radius=0.0m pred_step=6.242 target_step=5.375 pred_v=6.197 target_v=5.375 val_mle=7.998m val_p90=9.380m val_speed_mae=4.879 heading=-1.2/-0.6deg val_progress_mae=7.124m val_heading_mae=29.3deg val_capture=92.00% val_bank=92.00% val_acq_acc=100.00% score=8.674 best=8.475 patience=1/14
temporal epoch=039/160 loss=8.64000 center_teacher=1.000 acq_teacher=1.000 capture=100.00% bank_capture=100.00% acq_acc=100.00% acq_conf=0.709 radius=0.0m pred_step=5.785 target_step=5.375 pred_v=5.753 target_v=5.375 val_mle=8.173m val_p90=9.626m val_speed_mae=2.975 heading=-0.0/-0.6deg val_progress_mae=7.241m val_heading_mae=29.2deg val_capture=92.00% val_bank=92.00% val_acq_acc=100.00% score=8.757 best=8.757 patience=1/14
temporal epoch=040/160 loss=10.88119 center_teacher=1.000 acq_teacher=1.000 capture=100.00% bank_capture=100.00% acq_acc=100.00% acq_conf=0.711 radius=0.0m pred_step=1.235 target_step=5.375 pred_v=1.644 target_v=5.375 val_mle=8.009m val_p90=9.366m val_speed_mae=4.890 heading=-1.5/-0.6deg val_progress_mae=7.076m val_heading_mae=29.3deg val_capture=92.00% val_bank=92.00% val_acq_acc=100.00% score=8.685 best=8.475 patience=2/14
temporal epoch=040/160 loss=8.65177 center_teacher=1.000 acq_teacher=1.000 capture=100.00% bank_capture=100.00% acq_acc=100.00% acq_conf=0.708 radius=0.0m pred_step=3.344 target_step=5.375 pred_v=3.606 target_v=5.375 val_mle=8.121m val_p90=9.627m val_speed_mae=2.145 heading=-0.2/-0.6deg val_progress_mae=7.187m val_heading_mae=29.2deg val_capture=92.00% val_bank=92.00% val_acq_acc=100.00% score=8.662 best=8.662 patience=0/14
temporal epoch=041/160 loss=10.37997 center_teacher=1.000 acq_teacher=1.000 capture=100.00% bank_capture=100.00% acq_acc=100.00% acq_conf=0.713 radius=0.0m pred_step=1.576 target_step=5.375 pred_v=2.108 target_v=5.375 val_mle=7.810m val_p90=9.183m val_speed_mae=2.438 heading=-1.7/-0.6deg val_progress_mae=6.853m val_heading_mae=29.3deg val_capture=92.00% val_bank=92.00% val_acq_acc=100.00% score=8.356 best=8.356 patience=0/14
temporal epoch=042/160 loss=10.97264 center_teacher=1.000 acq_teacher=1.000 capture=100.00% bank_capture=100.00% acq_acc=100.00% acq_conf=0.711 radius=0.0m pred_step=8.117 target_step=5.375 pred_v=7.834 target_v=5.375 val_mle=7.808m val_p90=9.229m val_speed_mae=5.361 heading=-1.7/-0.6deg val_progress_mae=6.857m val_heading_mae=29.3deg val_capture=92.00% val_bank=92.00% val_acq_acc=100.00% score=8.501 best=8.356 patience=1/14
temporal epoch=041/160 loss=9.13036 center_teacher=1.000 acq_teacher=1.000 capture=100.00% bank_capture=100.00% acq_acc=100.00% acq_conf=0.711 radius=0.0m pred_step=6.604 target_step=5.375 pred_v=6.474 target_v=5.375 val_mle=8.119m val_p90=9.570m val_speed_mae=2.181 heading=0.0/-0.6deg val_progress_mae=7.186m val_heading_mae=29.2deg val_capture=92.00% val_bank=92.00% val_acq_acc=100.00% score=8.662 best=8.662 patience=1/14
temporal epoch=043/160 loss=9.84926 center_teacher=1.000 acq_teacher=1.000 capture=100.00% bank_capture=100.00% acq_acc=100.00% acq_conf=0.709 radius=0.0m pred_step=8.134 target_step=5.375 pred_v=7.855 target_v=5.375 val_mle=8.018m val_p90=9.478m val_speed_mae=3.340 heading=-2.1/-0.6deg val_progress_mae=7.091m val_heading_mae=29.4deg val_capture=92.00% val_bank=92.00% val_acq_acc=100.00% score=8.617 best=8.356 patience=2/14
temporal epoch=042/160 loss=8.08208 center_teacher=1.000 acq_teacher=1.000 capture=100.00% bank_capture=100.00% acq_acc=100.00% acq_conf=0.711 radius=0.0m pred_step=5.131 target_step=5.375 pred_v=5.181 target_v=5.375 val_mle=8.121m val_p90=9.725m val_speed_mae=3.472 heading=-0.2/-0.6deg val_progress_mae=7.243m val_heading_mae=29.2deg val_capture=92.00% val_bank=92.00% val_acq_acc=100.00% score=8.730 best=8.662 patience=2/14
temporal epoch=044/160 loss=9.48192 center_teacher=1.000 acq_teacher=1.000 capture=100.00% bank_capture=100.00% acq_acc=100.00% acq_conf=0.708 radius=0.0m pred_step=2.492 target_step=5.375 pred_v=2.905 target_v=5.375 val_mle=7.980m val_p90=9.451m val_speed_mae=4.670 heading=-2.6/-0.6deg val_progress_mae=7.050m val_heading_mae=29.5deg val_capture=92.00% val_bank=92.00% val_acq_acc=100.00% score=8.644 best=8.356 patience=3/14
temporal epoch=043/160 loss=8.63902 center_teacher=1.000 acq_teacher=1.000 capture=100.00% bank_capture=100.00% acq_acc=100.00% acq_conf=0.708 radius=0.0m pred_step=3.110 target_step=5.375 pred_v=3.402 target_v=5.375 val_mle=8.036m val_p90=9.506m val_speed_mae=2.615 heading=-0.4/-0.6deg val_progress_mae=7.099m val_heading_mae=29.2deg val_capture=92.00% val_bank=92.00% val_acq_acc=100.00% score=8.598 best=8.598 patience=0/14
temporal epoch=045/160 loss=9.69740 center_teacher=1.000 acq_teacher=1.000 capture=100.00% bank_capture=100.00% acq_acc=100.00% acq_conf=0.708 radius=0.0m pred_step=2.000 target_step=5.375 pred_v=2.503 target_v=5.375 val_mle=7.912m val_p90=9.339m val_speed_mae=2.225 heading=-2.9/-0.6deg val_progress_mae=6.901m val_heading_mae=29.5deg val_capture=92.00% val_bank=92.00% val_acq_acc=100.00% score=8.449 best=8.356 patience=4/14
temporal epoch=044/160 loss=10.15683 center_teacher=1.000 acq_teacher=1.000 capture=100.00% bank_capture=100.00% acq_acc=100.00% acq_conf=0.711 radius=0.0m pred_step=7.827 target_step=5.375 pred_v=7.549 target_v=5.375 val_mle=8.008m val_p90=9.582m val_speed_mae=3.376 heading=-0.1/-0.6deg val_progress_mae=7.128m val_heading_mae=29.2deg val_capture=92.00% val_bank=92.00% val_acq_acc=100.00% score=8.609 best=8.598 patience=1/14
temporal epoch=046/160 loss=9.82341 center_teacher=1.000 acq_teacher=1.000 capture=100.00% bank_capture=100.00% acq_acc=100.00% acq_conf=0.708 radius=0.0m pred_step=7.370 target_step=5.375 pred_v=7.173 target_v=5.375 val_mle=7.908m val_p90=9.326m val_speed_mae=4.559 heading=-3.0/-0.6deg val_progress_mae=6.903m val_heading_mae=29.6deg val_capture=92.00% val_bank=92.00% val_acq_acc=100.00% score=8.563 best=8.356 patience=5/14
temporal epoch=045/160 loss=7.99069 center_teacher=1.000 acq_teacher=1.000 capture=100.00% bank_capture=100.00% acq_acc=100.00% acq_conf=0.711 radius=0.0m pred_step=6.177 target_step=5.375 pred_v=6.101 target_v=5.375 val_mle=8.097m val_p90=9.762m val_speed_mae=3.449 heading=-0.5/-0.6deg val_progress_mae=7.224m val_heading_mae=29.3deg val_capture=92.00% val_bank=92.00% val_acq_acc=100.00% score=8.704 best=8.598 patience=2/14
temporal epoch=047/160 loss=9.69933 center_teacher=1.000 acq_teacher=1.000 capture=100.00% bank_capture=100.00% acq_acc=100.00% acq_conf=0.706 radius=0.0m pred_step=8.291 target_step=5.375 pred_v=7.984 target_v=5.375 val_mle=8.118m val_p90=9.576m val_speed_mae=2.743 heading=-3.5/-0.6deg val_progress_mae=7.138m val_heading_mae=29.8deg val_capture=92.00% val_bank=92.00% val_acq_acc=100.00% score=8.689 best=8.356 patience=6/14
temporal epoch=046/160 loss=10.52548 center_teacher=1.000 acq_teacher=1.000 capture=100.00% bank_capture=100.00% acq_acc=100.00% acq_conf=0.708 radius=0.0m pred_step=1.594 target_step=5.375 pred_v=2.005 target_v=5.375 val_mle=7.991m val_p90=9.627m val_speed_mae=2.804 heading=-1.1/-0.6deg val_progress_mae=7.100m val_heading_mae=29.2deg val_capture=92.00% val_bank=92.00% val_acq_acc=100.00% score=8.563 best=8.563 patience=0/14
temporal epoch=048/160 loss=8.83144 center_teacher=1.000 acq_teacher=1.000 capture=100.00% bank_capture=100.00% acq_acc=100.00% acq_conf=0.706 radius=0.0m pred_step=3.419 target_step=5.375 pred_v=3.757 target_v=5.375 val_mle=8.419m val_p90=10.320m val_speed_mae=4.307 heading=-4.0/-0.6deg val_progress_mae=7.467m val_heading_mae=30.0deg val_capture=92.00% val_bank=92.00% val_acq_acc=100.00% score=9.078 best=8.356 patience=7/14
temporal epoch=047/160 loss=7.99366 center_teacher=1.000 acq_teacher=1.000 capture=100.00% bank_capture=100.00% acq_acc=100.00% acq_conf=0.709 radius=0.0m pred_step=4.066 target_step=5.375 pred_v=4.243 target_v=5.375 val_mle=7.912m val_p90=9.489m val_speed_mae=3.540 heading=-1.1/-0.6deg val_progress_mae=7.023m val_heading_mae=29.2deg val_capture=92.00% val_bank=92.00% val_acq_acc=100.00% score=8.519 best=8.519 patience=0/14
temporal epoch=049/160 loss=9.32561 center_teacher=1.000 acq_teacher=1.000 capture=100.00% bank_capture=100.00% acq_acc=100.00% acq_conf=0.706 radius=0.0m pred_step=2.215 target_step=5.375 pred_v=2.700 target_v=5.375 val_mle=8.121m val_p90=10.082m val_speed_mae=2.498 heading=-4.2/-0.6deg val_progress_mae=7.213m val_heading_mae=30.1deg val_capture=92.00% val_bank=92.00% val_acq_acc=100.00% score=8.682 best=8.356 patience=8/14
temporal epoch=048/160 loss=9.78977 center_teacher=1.000 acq_teacher=1.000 capture=100.00% bank_capture=100.00% acq_acc=100.00% acq_conf=0.708 radius=0.0m pred_step=7.811 target_step=5.375 pred_v=7.524 target_v=5.375 val_mle=8.108m val_p90=9.719m val_speed_mae=2.731 heading=-1.1/-0.6deg val_progress_mae=7.236m val_heading_mae=29.3deg val_capture=92.00% val_bank=92.00% val_acq_acc=100.00% score=8.680 best=8.519 patience=1/14
temporal epoch=050/160 loss=8.14688 center_teacher=1.000 acq_teacher=1.000 capture=100.00% bank_capture=100.00% acq_acc=100.00% acq_conf=0.706 radius=0.0m pred_step=6.052 target_step=5.375 pred_v=6.022 target_v=5.375 val_mle=8.121m val_p90=10.074m val_speed_mae=2.820 heading=-4.3/-0.6deg val_progress_mae=7.217m val_heading_mae=30.2deg val_capture=92.00% val_bank=92.00% val_acq_acc=100.00% score=8.699 best=8.356 patience=9/14
temporal epoch=049/160 loss=7.68385 center_teacher=1.000 acq_teacher=1.000 capture=100.00% bank_capture=100.00% acq_acc=100.00% acq_conf=0.711 radius=0.0m pred_step=5.350 target_step=5.375 pred_v=5.369 target_v=5.375 val_mle=8.128m val_p90=9.771m val_speed_mae=2.563 heading=-1.7/-0.6deg val_progress_mae=7.200m val_heading_mae=29.4deg val_capture=92.00% val_bank=92.00% val_acq_acc=100.00% score=8.691 best=8.519 patience=2/14
temporal epoch=051/160 loss=8.22975 center_teacher=1.000 acq_teacher=1.000 capture=100.00% bank_capture=100.00% acq_acc=100.00% acq_conf=0.706 radius=0.0m pred_step=6.963 target_step=5.375 pred_v=6.808 target_v=5.375 val_mle=8.240m val_p90=10.215m val_speed_mae=2.520 heading=-4.5/-0.6deg val_progress_mae=7.354m val_heading_mae=30.1deg val_capture=92.00% val_bank=92.00% val_acq_acc=100.00% score=8.807 best=8.356 patience=10/14
temporal epoch=050/160 loss=8.52906 center_teacher=1.000 acq_teacher=1.000 capture=100.00% bank_capture=100.00% acq_acc=100.00% acq_conf=0.708 radius=0.0m pred_step=2.894 target_step=5.375 pred_v=3.237 target_v=5.375 val_mle=8.138m val_p90=9.793m val_speed_mae=2.057 heading=-2.4/-0.6deg val_progress_mae=7.216m val_heading_mae=29.4deg val_capture=92.00% val_bank=92.00% val_acq_acc=100.00% score=8.676 best=8.519 patience=3/14
temporal epoch=052/160 loss=8.20036 center_teacher=1.000 acq_teacher=1.000 capture=100.00% bank_capture=100.00% acq_acc=100.00% acq_conf=0.705 radius=0.0m pred_step=3.758 target_step=5.375 pred_v=4.045 target_v=5.375 val_mle=8.203m val_p90=10.228m val_speed_mae=3.294 heading=-4.5/-0.6deg val_progress_mae=7.248m val_heading_mae=30.0deg val_capture=92.00% val_bank=92.00% val_acq_acc=100.00% score=8.805 best=8.356 patience=11/14
temporal epoch=051/160 loss=8.04856 center_teacher=1.000 acq_teacher=1.000 capture=100.00% bank_capture=100.00% acq_acc=100.00% acq_conf=0.708 radius=0.0m pred_step=5.563 target_step=5.375 pred_v=5.583 target_v=5.375 val_mle=8.227m val_p90=9.854m val_speed_mae=2.880 heading=-2.6/-0.6deg val_progress_mae=7.319m val_heading_mae=29.4deg val_capture=92.00% val_bank=92.00% val_acq_acc=100.00% score=8.809 best=8.519 patience=4/14
temporal epoch=053/160 loss=8.47608 center_teacher=1.000 acq_teacher=1.000 capture=100.00% bank_capture=100.00% acq_acc=100.00% acq_conf=0.706 radius=0.0m pred_step=2.748 target_step=5.375 pred_v=3.175 target_v=5.375 val_mle=8.281m val_p90=10.158m val_speed_mae=2.136 heading=-4.3/-0.6deg val_progress_mae=7.338m val_heading_mae=30.0deg val_capture=92.00% val_bank=92.00% val_acq_acc=100.00% score=8.828 best=8.356 patience=12/14
temporal epoch=052/160 loss=7.86082 center_teacher=1.000 acq_teacher=1.000 capture=100.00% bank_capture=100.00% acq_acc=100.00% acq_conf=0.708 radius=0.0m pred_step=6.289 target_step=5.375 pred_v=6.190 target_v=5.375 val_mle=8.261m val_p90=9.864m val_speed_mae=2.066 heading=-2.3/-0.6deg val_progress_mae=7.354m val_heading_mae=29.4deg val_capture=92.00% val_bank=92.00% val_acq_acc=100.00% score=8.803 best=8.519 patience=5/14
temporal epoch=053/160 loss=8.09769 center_teacher=1.000 acq_teacher=1.000 capture=100.00% bank_capture=100.00% acq_acc=100.00% acq_conf=0.708 radius=0.0m pred_step=3.568 target_step=5.375 pred_v=3.787 target_v=5.375 val_mle=8.183m val_p90=9.767m val_speed_mae=2.329 heading=-2.4/-0.6deg val_progress_mae=7.269m val_heading_mae=29.5deg val_capture=92.00% val_bank=92.00% val_acq_acc=100.00% score=8.736 best=8.519 patience=6/14
temporal epoch=054/160 loss=7.92456 center_teacher=1.000 acq_teacher=1.000 capture=100.00% bank_capture=100.00% acq_acc=100.00% acq_conf=0.706 radius=0.0m pred_step=6.391 target_step=5.375 pred_v=6.331 target_v=5.375 val_mle=8.103m val_p90=9.439m val_speed_mae=2.851 heading=-4.1/-0.6deg val_progress_mae=7.151m val_heading_mae=29.8deg val_capture=92.00% val_bank=92.00% val_acq_acc=100.00% score=8.680 best=8.356 patience=13/14
temporal epoch=054/160 loss=7.75470 center_teacher=1.000 acq_teacher=1.000 capture=100.00% bank_capture=100.00% acq_acc=100.00% acq_conf=0.708 radius=0.0m pred_step=3.731 target_step=5.375 pred_v=3.944 target_v=5.375 val_mle=8.344m val_p90=9.897m val_speed_mae=2.228 heading=-2.9/-0.6deg val_progress_mae=7.384m val_heading_mae=29.5deg val_capture=92.00% val_bank=92.00% val_acq_acc=100.00% score=8.896 best=8.519 patience=7/14
temporal epoch=055/160 loss=7.67511 center_teacher=1.000 acq_teacher=1.000 capture=100.00% bank_capture=100.00% acq_acc=100.00% acq_conf=0.706 radius=0.0m pred_step=6.636 target_step=5.375 pred_v=6.532 target_v=5.375 val_mle=8.178m val_p90=9.535m val_speed_mae=2.322 heading=-3.9/-0.6deg val_progress_mae=7.236m val_heading_mae=29.6deg val_capture=92.00% val_bank=92.00% val_acq_acc=100.00% score=8.731 best=8.356 patience=14/14
EARLY STOP: controlled local-prior validation score did not improve by 0.003 for 14 epochs.
temporal epoch=055/160 loss=7.89996 center_teacher=1.000 acq_teacher=1.000 capture=100.00% bank_capture=100.00% acq_acc=100.00% acq_conf=0.706 radius=0.0m pred_step=6.066 target_step=5.375 pred_v=6.034 target_v=5.375 val_mle=8.441m val_p90=9.983m val_speed_mae=2.212 heading=-3.3/-0.6deg val_progress_mae=7.495m val_heading_mae=29.5deg val_capture=92.00% val_bank=92.00% val_acq_acc=100.00% score=8.996 best=8.519 patience=8/14
temporal epoch=056/160 loss=7.35686 center_teacher=1.000 acq_teacher=1.000 capture=100.00% bank_capture=100.00% acq_acc=100.00% acq_conf=0.706 radius=0.0m pred_step=5.229 target_step=5.375 pred_v=5.286 target_v=5.375 val_mle=8.245m val_p90=9.699m val_speed_mae=2.090 heading=-3.2/-0.6deg val_progress_mae=7.274m val_heading_mae=29.5deg val_capture=92.00% val_bank=92.00% val_acq_acc=100.00% score=8.787 best=8.519 patience=9/14
temporal epoch=057/160 loss=7.57805 center_teacher=1.000 acq_teacher=1.000 capture=100.00% bank_capture=100.00% acq_acc=100.00% acq_conf=0.707 radius=0.0m pred_step=4.020 target_step=5.375 pred_v=4.184 target_v=5.375 val_mle=8.327m val_p90=9.777m val_speed_mae=1.985 heading=-3.1/-0.6deg val_progress_mae=7.369m val_heading_mae=29.6deg val_capture=92.00% val_bank=92.00% val_acq_acc=100.00% score=8.866 best=8.519 patience=10/14
temporal epoch=058/160 loss=7.34767 center_teacher=1.000 acq_teacher=1.000 capture=100.00% bank_capture=100.00% acq_acc=100.00% acq_conf=0.706 radius=0.0m pred_step=5.116 target_step=5.375 pred_v=5.142 target_v=5.375 val_mle=8.335m val_p90=9.777m val_speed_mae=2.030 heading=-3.2/-0.6deg val_progress_mae=7.382m val_heading_mae=29.7deg val_capture=92.00% val_bank=92.00% val_acq_acc=100.00% score=8.877 best=8.519 patience=11/14
temporal epoch=059/160 loss=7.16743 center_teacher=1.000 acq_teacher=1.000 capture=100.00% bank_capture=100.00% acq_acc=100.00% acq_conf=0.706 radius=0.0m pred_step=5.193 target_step=5.375 pred_v=5.263 target_v=5.375 val_mle=8.359m val_p90=9.801m val_speed_mae=2.007 heading=-3.8/-0.6deg val_progress_mae=7.414m val_heading_mae=29.7deg val_capture=92.00% val_bank=92.00% val_acq_acc=100.00% score=8.902 best=8.519 patience=12/14
temporal epoch=060/160 loss=7.21783 center_teacher=1.000 acq_teacher=1.000 capture=100.00% bank_capture=100.00% acq_acc=100.00% acq_conf=0.707 radius=0.0m pred_step=4.661 target_step=5.375 pred_v=4.799 target_v=5.375 val_mle=8.153m val_p90=9.540m val_speed_mae=1.979 heading=-3.7/-0.6deg val_progress_mae=7.185m val_heading_mae=29.6deg val_capture=92.00% val_bank=92.00% val_acq_acc=100.00% score=8.687 best=8.519 patience=13/14
temporal epoch=061/160 loss=7.15671 center_teacher=1.000 acq_teacher=1.000 capture=100.00% bank_capture=100.00% acq_acc=100.00% acq_conf=0.707 radius=0.0m pred_step=5.028 target_step=5.375 pred_v=5.061 target_v=5.375 val_mle=8.269m val_p90=9.643m val_speed_mae=1.965 heading=-3.1/-0.6deg val_progress_mae=7.318m val_heading_mae=29.5deg val_capture=92.00% val_bank=92.00% val_acq_acc=100.00% score=8.806 best=8.519 patience=14/14
EARLY STOP: controlled local-prior validation score did not improve by 0.003 for 14 epochs.
[TRAIN DONE] cityc frames=2
[TRAIN-ONLY V5 CALIBRATION] {"confidence_power": 1.0, "delta2_scale": 0.0, "fixed_variance_m2": 9.0, "objective": 8.473750605485641, "prior_blend_base": 0.05, "prior_blend_cutoff": 0.7, "prior_blend_lowconf_gain": 0.3, "prior_blend_max": 0.3, "q_cross": 0.30000000000000004, "q_progress": 1.125, "q_velocity": 0.75, "stage": "filter", "step_relax_confidence": 0.0, "step_relax_width": 0.05, "step_visual_slack_m": 10.0, "temporal_3frame_scale": 0.0, "val_mle_m": 7.630186295653012, "val_p90_m": 9.087781645911186, "val_progress_mae": 6.6383443886226905, "val_speed_mae": 2.5079167136753555}
[TRAIN-ONLY V5 NO-KALMAN DIAGNOSTIC] {"mle_m": 7.749361893366444, "p90_m": 9.218213397791882}
[TRAIN DONE] cityc frames=3
[EVAL START] cityc full GPU0
[PREPARED] PASS | city=cityc | step=4 m | selection=soft_sequence_v13_multicity_auto_train_fullroute | existing GT/routes unchanged
[CADENCE] source=experiment_route_stats_train_01 | mean=5.515042 m | p90=10.181094 m | p95=11.000646 m
[OK] clean v39 runtime: Forward-18 SoftMS -> GRU -> Kalman -> one final MeanShift
[OK] weighted-centroid decoder removed from generated runtime source
[PATCH OK] GRU = current + delta + delta2 + SAT + SoftMS position + visual displacement + previous state
[PATCH OK] V5 3-frame direct acceleration + next-step correction
[PATCH OK] training/validation/inference motion starts from current-city cadence
[PATCH OK] Kalman = smooth confidence-adaptive measurement-preserving residual fusion
[PATCH OK] step corridor = continuous confidence relaxation
[PATCH OK] no held-out navigation result is read by this patch
[V39-BEARING] final-MS route-centerline reference patch: PASS
[ARCH-AUDIT] forward_18: PASS
[ARCH-AUDIT] base_geometry_6x6: PASS
[ARCH-AUDIT] front_softms_source: PASS
[ARCH-AUDIT] one_final_ms_source: PASS
[ARCH-AUDIT] front_decoder_softms: PASS
[ARCH-AUDIT] simple_seven_block_gru: PASS
[ARCH-AUDIT] residual_motion_head: PASS
[ARCH-AUDIT] causal_visual_displacement: PASS
[ARCH-AUDIT] cadence_initialized_tracker: PASS
[ARCH-AUDIT] motion_training_inference_aligned: PASS
[ARCH-AUDIT] training_city_motion_scale_init: PASS
[ARCH-AUDIT] forward_origin_backshift_covers_jitter: PASS
[ARCH-AUDIT] protocol: PASS
[ARCH-AUDIT] controlled_gt_reference_enabled: PASS
[ARCH-AUDIT] frame_count: PASS
[ARCH-AUDIT] gru_flag: PASS
[ARCH-AUDIT] kalman_flag: PASS
route_B backbone cache: 148/148

=== cityc full: test_01 ===
route_B final MLE=3.442m P90=6.131m LSR@15=100.00% selected_capture=100.00% bank_capture=100.00% acq_acc=100.00% speed_mae=3.525m/frame progress_mae=1.495m heading_mae=35.2deg jump_rate=0.68% max_step=18.99m final_leg=11 gt_leg=11
route_C backbone cache: 226/226

=== cityc full: test_02 ===
route_C final MLE=3.721m P90=6.584m LSR@15=100.00% selected_capture=98.67% bank_capture=98.67% acq_acc=100.00% speed_mae=4.399m/frame progress_mae=1.841m heading_mae=35.3deg jump_rate=0.89% max_step=23.26m final_leg=9 gt_leg=9
[DONE] /yh/study/uav-sat/v39_otherdata/output/cityc_full3f_tuned_20260922_001910/cityc/variants/full/bearing_v39_summary.json
[EVAL START] cityc no_gru GPU0
[EVAL START] cityc no_kalman GPU5
[EVAL START] cityc no_ms GPU6
[PREPARED] PASS | city=cityc | step=4 m | selection=soft_sequence_v13_multicity_auto_train_fullroute | existing GT/routes unchanged
[CADENCE] source=experiment_route_stats_train_01 | mean=5.515042 m | p90=10.181094 m | p95=11.000646 m
[PREPARED] PASS | city=cityc | step=4 m | selection=soft_sequence_v13_multicity_auto_train_fullroute | existing GT/routes unchanged
[CADENCE] source=experiment_route_stats_train_01 | mean=5.515042 m | p90=10.181094 m | p95=11.000646 m
[OK] clean v39 runtime: Forward-18 SoftMS -> GRU -> Kalman -> one final MeanShift
[OK] weighted-centroid decoder removed from generated runtime source
[OK] clean v39 runtime: Forward-18 SoftMS -> GRU -> Kalman -> one final MeanShift
[OK] weighted-centroid decoder removed from generated runtime source
[PREPARED] PASS | city=cityc | step=4 m | selection=soft_sequence_v13_multicity_auto_train_fullroute | existing GT/routes unchanged
[CADENCE] source=experiment_route_stats_train_01 | mean=5.515042 m | p90=10.181094 m | p95=11.000646 m
[PATCH OK] GRU = current + delta + delta2 + SAT + SoftMS position + visual displacement + previous state
[PATCH OK] V5 3-frame direct acceleration + next-step correction
[PATCH OK] training/validation/inference motion starts from current-city cadence
[PATCH OK] Kalman = smooth confidence-adaptive measurement-preserving residual fusion
[PATCH OK] step corridor = continuous confidence relaxation
[PATCH OK] no held-out navigation result is read by this patch
[PATCH OK] GRU = current + delta + delta2 + SAT + SoftMS position + visual displacement + previous state
[PATCH OK] V5 3-frame direct acceleration + next-step correction
[PATCH OK] training/validation/inference motion starts from current-city cadence
[PATCH OK] Kalman = smooth confidence-adaptive measurement-preserving residual fusion
[PATCH OK] step corridor = continuous confidence relaxation
[PATCH OK] no held-out navigation result is read by this patch
[V39-BEARING] final-MS route-centerline reference patch: PASS
[V39-BEARING] final-MS route-centerline reference patch: PASS
[OK] clean v39 runtime: Forward-18 SoftMS -> GRU -> Kalman -> one final MeanShift
[OK] weighted-centroid decoder removed from generated runtime source
[PATCH OK] GRU = current + delta + delta2 + SAT + SoftMS position + visual displacement + previous state
[PATCH OK] V5 3-frame direct acceleration + next-step correction
[PATCH OK] training/validation/inference motion starts from current-city cadence
[PATCH OK] Kalman = smooth confidence-adaptive measurement-preserving residual fusion
[PATCH OK] step corridor = continuous confidence relaxation
[PATCH OK] no held-out navigation result is read by this patch
[V39-BEARING] final-MS route-centerline reference patch: PASS
[ARCH-AUDIT] forward_18: PASS
[ARCH-AUDIT] base_geometry_6x6: PASS
[ARCH-AUDIT] front_softms_source: PASS
[ARCH-AUDIT] one_final_ms_source: PASS
[ARCH-AUDIT] front_decoder_softms: PASS
[ARCH-AUDIT] simple_seven_block_gru: PASS
[ARCH-AUDIT] residual_motion_head: PASS
[ARCH-AUDIT] causal_visual_displacement: PASS
[ARCH-AUDIT] cadence_initialized_tracker: PASS
[ARCH-AUDIT] motion_training_inference_aligned: PASS
[ARCH-AUDIT] training_city_motion_scale_init: PASS
[ARCH-AUDIT] forward_origin_backshift_covers_jitter: PASS
[ARCH-AUDIT] protocol: PASS
[ARCH-AUDIT] controlled_gt_reference_enabled: PASS
[ARCH-AUDIT] frame_count: PASS
[ARCH-AUDIT] gru_flag: PASS
[ARCH-AUDIT] kalman_flag: PASS
[ARCH-AUDIT] forward_18: PASS
[ARCH-AUDIT] base_geometry_6x6: PASS
[ARCH-AUDIT] front_softms_source: PASS
[ARCH-AUDIT] one_final_ms_source: PASS
[ARCH-AUDIT] front_decoder_softms: PASS
[ARCH-AUDIT] simple_seven_block_gru: PASS
[ARCH-AUDIT] residual_motion_head: PASS
[ARCH-AUDIT] causal_visual_displacement: PASS
[ARCH-AUDIT] cadence_initialized_tracker: PASS
[ARCH-AUDIT] motion_training_inference_aligned: PASS
[ARCH-AUDIT] training_city_motion_scale_init: PASS
[ARCH-AUDIT] forward_origin_backshift_covers_jitter: PASS
[ARCH-AUDIT] protocol: PASS
[ARCH-AUDIT] controlled_gt_reference_enabled: PASS
[ARCH-AUDIT] frame_count: PASS
[ARCH-AUDIT] gru_flag: PASS
[ARCH-AUDIT] kalman_flag: PASS
[ARCH-AUDIT] forward_18: PASS
[ARCH-AUDIT] base_geometry_6x6: PASS
[ARCH-AUDIT] front_softms_source: PASS
[ARCH-AUDIT] one_final_ms_source: PASS
[ARCH-AUDIT] front_decoder_softms: PASS
[ARCH-AUDIT] simple_seven_block_gru: PASS
[ARCH-AUDIT] residual_motion_head: PASS
[ARCH-AUDIT] causal_visual_displacement: PASS
[ARCH-AUDIT] cadence_initialized_tracker: PASS
[ARCH-AUDIT] motion_training_inference_aligned: PASS
[ARCH-AUDIT] training_city_motion_scale_init: PASS
[ARCH-AUDIT] forward_origin_backshift_covers_jitter: PASS
[ARCH-AUDIT] protocol: PASS
[ARCH-AUDIT] controlled_gt_reference_enabled: PASS
[ARCH-AUDIT] frame_count: PASS
[ARCH-AUDIT] gru_flag: PASS
[ARCH-AUDIT] kalman_flag: PASS
route_B: reuse UAV backbone cache

=== cityc no_ms: test_01 ===
route_B: reuse UAV backbone cache

=== cityc no_kalman: test_01 ===
route_B: reuse UAV backbone cache

=== cityc no_gru: test_01 ===
route_B final MLE=6.168m P90=11.079m LSR@15=97.97% selected_capture=100.00% bank_capture=100.00% acq_acc=100.00% speed_mae=3.525m/frame progress_mae=2.837m heading_mae=35.8deg jump_rate=6.12% max_step=20.04m final_leg=11 gt_leg=11
route_C: reuse UAV backbone cache

=== cityc no_ms: test_02 ===
route_B final MLE=3.980m P90=6.812m LSR@15=100.00% selected_capture=100.00% bank_capture=100.00% acq_acc=100.00% speed_mae=5.863m/frame progress_mae=2.252m heading_mae=35.7deg jump_rate=2.04% max_step=21.34m final_leg=11 gt_leg=11
route_C: reuse UAV backbone cache

=== cityc no_gru: test_02 ===
route_B final MLE=3.457m P90=6.126m LSR@15=100.00% selected_capture=100.00% bank_capture=100.00% acq_acc=100.00% speed_mae=3.337m/frame progress_mae=1.526m heading_mae=35.1deg jump_rate=0.68% max_step=19.01m final_leg=11 gt_leg=11
route_C: reuse UAV backbone cache

=== cityc no_kalman: test_02 ===
route_C final MLE=6.588m P90=11.138m LSR@15=99.56% selected_capture=98.67% bank_capture=98.67% acq_acc=100.00% speed_mae=4.399m/frame progress_mae=4.346m heading_mae=36.4deg jump_rate=5.33% max_step=27.44m final_leg=9 gt_leg=9
[DONE] /yh/study/uav-sat/v39_otherdata/output/cityc_full3f_tuned_20260922_001910/cityc/variants/no_ms/bearing_v39_summary.json
[EVAL START] cityc frames2 GPU6
route_C final MLE=4.292m P90=7.389m LSR@15=100.00% selected_capture=98.67% bank_capture=98.67% acq_acc=100.00% speed_mae=6.288m/frame progress_mae=2.823m heading_mae=35.4deg jump_rate=2.67% max_step=23.65m final_leg=9 gt_leg=9
[DONE] /yh/study/uav-sat/v39_otherdata/output/cityc_full3f_tuned_20260922_001910/cityc/variants/no_gru/bearing_v39_summary.json
[PREPARED] PASS | city=cityc | step=4 m | selection=soft_sequence_v13_multicity_auto_train_fullroute | existing GT/routes unchanged
[CADENCE] source=experiment_route_stats_train_01 | mean=5.515042 m | p90=10.181094 m | p95=11.000646 m
[OK] clean v39 runtime: Forward-18 SoftMS -> GRU -> Kalman -> one final MeanShift
[OK] weighted-centroid decoder removed from generated runtime source
[PATCH OK] GRU = current + delta + delta2 + SAT + SoftMS position + visual displacement + previous state
[PATCH OK] V5 3-frame direct acceleration + next-step correction
[PATCH OK] training/validation/inference motion starts from current-city cadence
[PATCH OK] Kalman = smooth confidence-adaptive measurement-preserving residual fusion
[PATCH OK] step corridor = continuous confidence relaxation
[PATCH OK] no held-out navigation result is read by this patch
[V39-BEARING] final-MS route-centerline reference patch: PASS
route_C final MLE=3.709m P90=6.566m LSR@15=100.00% selected_capture=98.67% bank_capture=98.67% acq_acc=100.00% speed_mae=3.989m/frame progress_mae=1.846m heading_mae=35.3deg jump_rate=0.89% max_step=23.51m final_leg=9 gt_leg=9
[DONE] /yh/study/uav-sat/v39_otherdata/output/cityc_full3f_tuned_20260922_001910/cityc/variants/no_kalman/bearing_v39_summary.json
[EVAL START] cityc grid4 GPU0
[EVAL START] cityc frames1 GPU5
[ARCH-AUDIT] forward_18: PASS
[ARCH-AUDIT] base_geometry_6x6: PASS
[ARCH-AUDIT] front_softms_source: PASS
[ARCH-AUDIT] one_final_ms_source: PASS
[ARCH-AUDIT] front_decoder_softms: PASS
[ARCH-AUDIT] simple_seven_block_gru: PASS
[ARCH-AUDIT] residual_motion_head: PASS
[ARCH-AUDIT] causal_visual_displacement: PASS
[ARCH-AUDIT] cadence_initialized_tracker: PASS
[ARCH-AUDIT] motion_training_inference_aligned: PASS
[ARCH-AUDIT] training_city_motion_scale_init: PASS
[ARCH-AUDIT] forward_origin_backshift_covers_jitter: PASS
[ARCH-AUDIT] protocol: PASS
[ARCH-AUDIT] controlled_gt_reference_enabled: PASS
[ARCH-AUDIT] frame_count: PASS
[ARCH-AUDIT] gru_flag: PASS
[ARCH-AUDIT] kalman_flag: PASS
[PREPARED] PASS | city=cityc | step=4 m | selection=soft_sequence_v13_multicity_auto_train_fullroute | existing GT/routes unchanged
[CADENCE] source=experiment_route_stats_train_01 | mean=5.515042 m | p90=10.181094 m | p95=11.000646 m
[OK] clean v39 runtime: Forward-18 SoftMS -> GRU -> Kalman -> one final MeanShift
[OK] weighted-centroid decoder removed from generated runtime source
[PATCH OK] GRU = current + delta + delta2 + SAT + SoftMS position + visual displacement + previous state
[PATCH OK] V5 3-frame direct acceleration + next-step correction
[PATCH OK] training/validation/inference motion starts from current-city cadence
[PATCH OK] Kalman = smooth confidence-adaptive measurement-preserving residual fusion
[PATCH OK] step corridor = continuous confidence relaxation
[PATCH OK] no held-out navigation result is read by this patch
[V39-BEARING] final-MS route-centerline reference patch: PASS
[PREPARED] PASS | city=cityc | step=4 m | selection=soft_sequence_v13_multicity_auto_train_fullroute | existing GT/routes unchanged
[CADENCE] source=experiment_route_stats_train_01 | mean=5.515042 m | p90=10.181094 m | p95=11.000646 m
[OK] clean v39 runtime: Forward-18 SoftMS -> GRU -> Kalman -> one final MeanShift
[OK] weighted-centroid decoder removed from generated runtime source
[PATCH OK] GRU = current + delta + delta2 + SAT + SoftMS position + visual displacement + previous state
[PATCH OK] V5 3-frame direct acceleration + next-step correction
[PATCH OK] training/validation/inference motion starts from current-city cadence
[PATCH OK] Kalman = smooth confidence-adaptive measurement-preserving residual fusion
[PATCH OK] step corridor = continuous confidence relaxation
[PATCH OK] no held-out navigation result is read by this patch
[V39-BEARING] final-MS route-centerline reference patch: PASS
route_B: reuse UAV backbone cache

=== cityc frames2: test_01 ===
[ARCH-AUDIT] forward_18: PASS
[ARCH-AUDIT] base_geometry_6x6: PASS
[ARCH-AUDIT] front_softms_source: PASS
[ARCH-AUDIT] one_final_ms_source: PASS
[ARCH-AUDIT] front_decoder_softms: PASS
[ARCH-AUDIT] simple_seven_block_gru: PASS
[ARCH-AUDIT] residual_motion_head: PASS
[ARCH-AUDIT] causal_visual_displacement: PASS
[ARCH-AUDIT] cadence_initialized_tracker: PASS
[ARCH-AUDIT] motion_training_inference_aligned: PASS
[ARCH-AUDIT] training_city_motion_scale_init: PASS
[ARCH-AUDIT] forward_origin_backshift_covers_jitter: PASS
[ARCH-AUDIT] protocol: PASS
[ARCH-AUDIT] controlled_gt_reference_enabled: PASS
[ARCH-AUDIT] frame_count: PASS
[ARCH-AUDIT] gru_flag: PASS
[ARCH-AUDIT] kalman_flag: PASS
[ARCH-AUDIT] forward_18: PASS
[ARCH-AUDIT] base_geometry_6x6: PASS
[ARCH-AUDIT] front_softms_source: PASS
[ARCH-AUDIT] one_final_ms_source: PASS
[ARCH-AUDIT] front_decoder_softms: PASS
[ARCH-AUDIT] simple_seven_block_gru: PASS
[ARCH-AUDIT] residual_motion_head: PASS
[ARCH-AUDIT] causal_visual_displacement: PASS
[ARCH-AUDIT] cadence_initialized_tracker: PASS
[ARCH-AUDIT] motion_training_inference_aligned: PASS
[ARCH-AUDIT] training_city_motion_scale_init: PASS
[ARCH-AUDIT] forward_origin_backshift_covers_jitter: PASS
[ARCH-AUDIT] protocol: PASS
[ARCH-AUDIT] controlled_gt_reference_enabled: PASS
[ARCH-AUDIT] frame_count: PASS
[ARCH-AUDIT] gru_flag: PASS
[ARCH-AUDIT] kalman_flag: PASS
route_B: reuse UAV backbone cache

=== cityc grid4: test_01 ===
route_B: reuse UAV backbone cache

=== cityc frames1: test_01 ===
route_B final MLE=3.529m P90=6.218m LSR@15=100.00% selected_capture=99.32% bank_capture=99.32% acq_acc=100.00% speed_mae=4.727m/frame progress_mae=1.572m heading_mae=35.3deg jump_rate=0.68% max_step=19.45m final_leg=11 gt_leg=11
route_C: reuse UAV backbone cache

=== cityc frames2: test_02 ===
route_B final MLE=3.805m P90=6.824m LSR@15=100.00% selected_capture=100.00% bank_capture=100.00% acq_acc=100.00% speed_mae=3.525m/frame progress_mae=1.747m heading_mae=35.3deg jump_rate=2.04% max_step=18.62m final_leg=11 gt_leg=11
route_C: reuse UAV backbone cache

=== cityc grid4: test_02 ===
route_B final MLE=3.646m P90=6.369m LSR@15=100.00% selected_capture=99.32% bank_capture=99.32% acq_acc=100.00% speed_mae=3.377m/frame progress_mae=1.685m heading_mae=35.6deg jump_rate=0.68% max_step=19.54m final_leg=11 gt_leg=11
route_C: reuse UAV backbone cache

=== cityc frames1: test_02 ===
route_C final MLE=4.162m P90=7.236m LSR@15=100.00% selected_capture=98.67% bank_capture=98.67% acq_acc=100.00% speed_mae=4.399m/frame progress_mae=2.381m heading_mae=35.5deg jump_rate=2.22% max_step=24.41m final_leg=9 gt_leg=9
[DONE] /yh/study/uav-sat/v39_otherdata/output/cityc_full3f_tuned_20260922_001910/cityc/variants/grid4/bearing_v39_summary.json
route_C final MLE=3.757m P90=6.548m LSR@15=100.00% selected_capture=98.67% bank_capture=98.67% acq_acc=100.00% speed_mae=4.746m/frame progress_mae=1.890m heading_mae=35.3deg jump_rate=1.33% max_step=23.31m final_leg=9 gt_leg=9
[DONE] /yh/study/uav-sat/v39_otherdata/output/cityc_full3f_tuned_20260922_001910/cityc/variants/frames2/bearing_v39_summary.json
[EVAL START] cityc grid7 GPU0
route_C final MLE=3.847m P90=6.635m LSR@15=100.00% selected_capture=98.67% bank_capture=98.67% acq_acc=100.00% speed_mae=3.337m/frame progress_mae=2.048m heading_mae=35.4deg jump_rate=1.33% max_step=23.29m final_leg=9 gt_leg=9
[DONE] /yh/study/uav-sat/v39_otherdata/output/cityc_full3f_tuned_20260922_001910/cityc/variants/frames1/bearing_v39_summary.json
[EVAL START] cityc grid8 GPU6
[PREPARED] PASS | city=cityc | step=4 m | selection=soft_sequence_v13_multicity_auto_train_fullroute | existing GT/routes unchanged
[CADENCE] source=experiment_route_stats_train_01 | mean=5.515042 m | p90=10.181094 m | p95=11.000646 m
[OK] clean v39 runtime: Forward-18 SoftMS -> GRU -> Kalman -> one final MeanShift
[OK] weighted-centroid decoder removed from generated runtime source
[PATCH OK] GRU = current + delta + delta2 + SAT + SoftMS position + visual displacement + previous state
[PATCH OK] V5 3-frame direct acceleration + next-step correction
[PATCH OK] training/validation/inference motion starts from current-city cadence
[PATCH OK] Kalman = smooth confidence-adaptive measurement-preserving residual fusion
[PATCH OK] step corridor = continuous confidence relaxation
[PATCH OK] no held-out navigation result is read by this patch
[V39-BEARING] final-MS route-centerline reference patch: PASS
[EVAL START] cityc grid5 GPU5
[PREPARED] PASS | city=cityc | step=4 m | selection=soft_sequence_v13_multicity_auto_train_fullroute | existing GT/routes unchanged
[CADENCE] source=experiment_route_stats_train_01 | mean=5.515042 m | p90=10.181094 m | p95=11.000646 m
[OK] clean v39 runtime: Forward-18 SoftMS -> GRU -> Kalman -> one final MeanShift
[OK] weighted-centroid decoder removed from generated runtime source
[PATCH OK] GRU = current + delta + delta2 + SAT + SoftMS position + visual displacement + previous state
[PATCH OK] V5 3-frame direct acceleration + next-step correction
[PATCH OK] training/validation/inference motion starts from current-city cadence
[PATCH OK] Kalman = smooth confidence-adaptive measurement-preserving residual fusion
[PATCH OK] step corridor = continuous confidence relaxation
[PATCH OK] no held-out navigation result is read by this patch
[V39-BEARING] final-MS route-centerline reference patch: PASS
[PREPARED] PASS | city=cityc | step=4 m | selection=soft_sequence_v13_multicity_auto_train_fullroute | existing GT/routes unchanged
[CADENCE] source=experiment_route_stats_train_01 | mean=5.515042 m | p90=10.181094 m | p95=11.000646 m
[OK] clean v39 runtime: Forward-18 SoftMS -> GRU -> Kalman -> one final MeanShift
[OK] weighted-centroid decoder removed from generated runtime source
[PATCH OK] GRU = current + delta + delta2 + SAT + SoftMS position + visual displacement + previous state
[PATCH OK] V5 3-frame direct acceleration + next-step correction
[PATCH OK] training/validation/inference motion starts from current-city cadence
[PATCH OK] Kalman = smooth confidence-adaptive measurement-preserving residual fusion
[PATCH OK] step corridor = continuous confidence relaxation
[PATCH OK] no held-out navigation result is read by this patch
[V39-BEARING] final-MS route-centerline reference patch: PASS
[ARCH-AUDIT] forward_18: PASS
[ARCH-AUDIT] base_geometry_6x6: PASS
[ARCH-AUDIT] front_softms_source: PASS
[ARCH-AUDIT] one_final_ms_source: PASS
[ARCH-AUDIT] front_decoder_softms: PASS
[ARCH-AUDIT] simple_seven_block_gru: PASS
[ARCH-AUDIT] residual_motion_head: PASS
[ARCH-AUDIT] causal_visual_displacement: PASS
[ARCH-AUDIT] cadence_initialized_tracker: PASS
[ARCH-AUDIT] motion_training_inference_aligned: PASS
[ARCH-AUDIT] training_city_motion_scale_init: PASS
[ARCH-AUDIT] forward_origin_backshift_covers_jitter: PASS
[ARCH-AUDIT] protocol: PASS
[ARCH-AUDIT] controlled_gt_reference_enabled: PASS
[ARCH-AUDIT] frame_count: PASS
[ARCH-AUDIT] gru_flag: PASS
[ARCH-AUDIT] kalman_flag: PASS
[ARCH-AUDIT] forward_18: PASS
[ARCH-AUDIT] base_geometry_6x6: PASS
[ARCH-AUDIT] front_softms_source: PASS
[ARCH-AUDIT] one_final_ms_source: PASS
[ARCH-AUDIT] front_decoder_softms: PASS
[ARCH-AUDIT] simple_seven_block_gru: PASS
[ARCH-AUDIT] residual_motion_head: PASS
[ARCH-AUDIT] causal_visual_displacement: PASS
[ARCH-AUDIT] cadence_initialized_tracker: PASS
[ARCH-AUDIT] motion_training_inference_aligned: PASS
[ARCH-AUDIT] training_city_motion_scale_init: PASS
[ARCH-AUDIT] forward_origin_backshift_covers_jitter: PASS
[ARCH-AUDIT] protocol: PASS
[ARCH-AUDIT] controlled_gt_reference_enabled: PASS
[ARCH-AUDIT] frame_count: PASS
[ARCH-AUDIT] gru_flag: PASS
[ARCH-AUDIT] kalman_flag: PASS
[ARCH-AUDIT] forward_18: PASS
[ARCH-AUDIT] base_geometry_6x6: PASS
[ARCH-AUDIT] front_softms_source: PASS
[ARCH-AUDIT] one_final_ms_source: PASS
[ARCH-AUDIT] front_decoder_softms: PASS
[ARCH-AUDIT] simple_seven_block_gru: PASS
[ARCH-AUDIT] residual_motion_head: PASS
[ARCH-AUDIT] causal_visual_displacement: PASS
[ARCH-AUDIT] cadence_initialized_tracker: PASS
[ARCH-AUDIT] motion_training_inference_aligned: PASS
[ARCH-AUDIT] training_city_motion_scale_init: PASS
[ARCH-AUDIT] forward_origin_backshift_covers_jitter: PASS
[ARCH-AUDIT] protocol: PASS
[ARCH-AUDIT] controlled_gt_reference_enabled: PASS
[ARCH-AUDIT] frame_count: PASS
[ARCH-AUDIT] gru_flag: PASS
[ARCH-AUDIT] kalman_flag: PASS
route_B: reuse UAV backbone cache

=== cityc grid7: test_01 ===
route_B: reuse UAV backbone cache

=== cityc grid8: test_01 ===
route_B: reuse UAV backbone cache

=== cityc grid5: test_01 ===
route_B final MLE=3.435m P90=6.129m LSR@15=100.00% selected_capture=100.00% bank_capture=100.00% acq_acc=100.00% speed_mae=3.525m/frame progress_mae=1.490m heading_mae=35.2deg jump_rate=0.68% max_step=18.99m final_leg=11 gt_leg=11
route_C: reuse UAV backbone cache

=== cityc grid7: test_02 ===
route_B final MLE=3.441m P90=6.130m LSR@15=100.00% selected_capture=100.00% bank_capture=100.00% acq_acc=100.00% speed_mae=3.525m/frame progress_mae=1.496m heading_mae=35.2deg jump_rate=0.68% max_step=18.99m final_leg=11 gt_leg=11
route_C: reuse UAV backbone cache

=== cityc grid5: test_02 ===
route_B final MLE=3.435m P90=6.130m LSR@15=100.00% selected_capture=100.00% bank_capture=100.00% acq_acc=100.00% speed_mae=3.525m/frame progress_mae=1.490m heading_mae=35.2deg jump_rate=0.68% max_step=18.99m final_leg=11 gt_leg=11
route_C: reuse UAV backbone cache

=== cityc grid8: test_02 ===
route_C final MLE=3.721m P90=6.581m LSR@15=100.00% selected_capture=98.67% bank_capture=98.67% acq_acc=100.00% speed_mae=4.399m/frame progress_mae=1.842m heading_mae=35.3deg jump_rate=0.89% max_step=23.26m final_leg=9 gt_leg=9
[DONE] /yh/study/uav-sat/v39_otherdata/output/cityc_full3f_tuned_20260922_001910/cityc/variants/grid5/bearing_v39_summary.json
route_C final MLE=3.708m P90=6.559m LSR@15=100.00% selected_capture=98.67% bank_capture=98.67% acq_acc=100.00% speed_mae=4.399m/frame progress_mae=1.817m heading_mae=35.3deg jump_rate=0.89% max_step=23.29m final_leg=9 gt_leg=9
[DONE] /yh/study/uav-sat/v39_otherdata/output/cityc_full3f_tuned_20260922_001910/cityc/variants/grid7/bearing_v39_summary.json
route_C final MLE=3.709m P90=6.560m LSR@15=100.00% selected_capture=98.67% bank_capture=98.67% acq_acc=100.00% speed_mae=4.399m/frame progress_mae=1.818m heading_mae=35.3deg jump_rate=0.89% max_step=23.29m final_leg=9 gt_leg=9
[DONE] /yh/study/uav-sat/v39_otherdata/output/cityc_full3f_tuned_20260922_001910/cityc/variants/grid8/bearing_v39_summary.json
# Bearing-UAV single-city ICLR ablation (measured)

Dataset domain(s): CITYC; held-out sequences are reported as test_01/test_02.
The local-search protocol is reported separately from the official Bearing-UAV global-regression benchmark.

## Component removal

| Variant | MLE (m) | P90 (m) | LSR@3 | LSR@5 | LSR@10 |
|---|---:|---:|---:|---:|---:|
| w/o GRU | 4.169 | 7.173 | 33.69% | 67.38% | 98.40% |
| w/o Kalman | 3.609 | 6.406 | 44.12% | 75.67% | 99.20% |
| w/o MeanShift | 6.422 | 11.126 | 17.65% | 36.36% | 84.49% |
| Full | 3.611 | 6.400 | 44.12% | 75.94% | 99.20% |

## Temporal input

| Input | MLE (m) | P90 (m) | LSR@3 | LSR@5 |
|---|---:|---:|---:|---:|
| 1 frame | 3.768 | 6.541 | 40.37% | 73.80% |
| 2 frames | 3.667 | 6.407 | 42.78% | 75.13% |
| Full | 3.611 | 6.400 | 44.12% | 75.94% |

## Final MeanShift window

| Window | Candidates | MLE (m) | P90 (m) | LSR@5 | MS latency (ms) |
|---|---:|---:|---:|---:|---:|
| 4x4 | 16 | 4.021 | 7.195 | 69.79% | 2.802 |
| 5x5 | 25 | 3.610 | 6.399 | 75.94% | 3.594 |
| 6x6 | 36 | 3.611 | 6.400 | 75.94% | 5.122 |
| 7x7 | 49 | 3.600 | 6.399 | 76.47% | 6.817 |
| 8x8 | 64 | 3.600 | 6.400 | 76.47% | 7.667 |

## Integrity audit

`FULL_TREND_CHECK=FAIL`

At least one ablation is better on a primary metric. Do not claim every component improves accuracy; revise only through training/validation data, not held-out navigation results.

================================================================================
DONE: Bearing-UAV SINGLE-CITY ablation v4
CITY  : cityc
Suite : /yh/study/uav-sat/v39_otherdata/output/cityc_full3f_tuned_20260922_001910
Table : /yh/study/uav-sat/v39_otherdata/output/cityc_full3f_tuned_20260922_001910/paper_ablation_tables.md
Audit : /yh/study/uav-sat/v39_otherdata/output/cityc_full3f_tuned_20260922_001910/paper_trend_audit.json
================================================================================
