sequence_index,frame_id,image_path,active_waypoint_from,active_waypoint_to,gt_x,gt_y,visual_x,visual_y,final_x,final_y,selected_patch_x,selected_patch_y,progress_s_visual_m,progress_s_final_m,cross_visual_m,cross_final_m,rnn_delta_s_raw_m,predicted_step_m,rnn_delta_cross_m,motion_probability,polynomial_step_m,inertia_cap_m,selected_patch_progress_s_m,candidate_probability_max,candidate_probability_margin,candidate_route_distance_m,route_heading_deg,heading_residual_deg,estimated_heading_deg,search_heading_deg,measurement_variance_s,measurement_variance_cross,forward_candidate_count,error_visual_m,error_final_m
0,0,/yh/study/new_data/model_dataset_flight/vi/vi_000000.jpg,0,1,-18.780746459960938,-2.1595981121063232,-20.047969818115234,-2.2545437812805176,-19.05118179321289,-2.244499444961548,-27.772829055786133,9.233684539794922,1.25,0.2599009900990099,0.228850319981575,0.11311282223342031,2.9919843673706055,1.25,0.228850319981575,0.9982278943061829,0.0,1.25,10.150054931640625,0.10037503391504288,0.010247036814689636,10.375009536743164,173.90999868913076,-0.48649943354119884,173.42349925558955,173.90999868913076,16.0,2.1998887062072754,18,1.2707751989364624,0.28344929218292236
1,1,/yh/study/new_data/model_dataset_flight/vi/vi_000001.jpg,0,1,-25.919267654418945,-1.4582853317260742,-22.050830841064453,-2.1554174423217773,-19.597320556640625,-2.2693710327148438,-27.772829055786133,9.233684539794922,3.252074718475342,0.800318940635289,0.342768132686615,0.1957841045200644,2.992173671722412,2.992173671722412,0.22965532541275024,0.9982695579528809,2.5,3.0,10.150054931640625,0.10030052810907364,0.010558649897575378,10.375009536743164,173.90999868913076,-0.4895953235042129,173.42040336562656,173.42349925558958,16.0,2.1998887062072754,18,3.9307501316070557,6.373764514923096
2,2,/yh/study/new_data/model_dataset_flight/vi/vi_000002.jpg,0,1,-28.881437301635742,-1.16508948802948,-22.59697151184082,-2.1802892684936523,-20.08618927001953,-2.286454200744629,-27.772829055786133,9.233684539794922,3.792492628097534,1.2846161797764535,0.42543959617614746,0.2646350154027519,2.992173671722412,2.992173671722412,0.22965550422668457,0.9982695579528809,3.0,3.0,10.150054931640625,0.09977701306343079,0.011008165776729584,10.375009536743164,173.90999868913076,-0.489598204990269,173.4204004841405,173.42040336562656,16.0,2.1998887062072754,18,6.365936279296875,8.86644458770752
3,3,/yh/study/new_data/model_dataset_flight/vi/vi_000003.jpg,0,1,-31.84273910522461,-0.8719794154167175,-23.085838317871094,-2.1973719596862793,-20.53447914123535,-2.3007524013519287,-27.772829055786133,9.233684539794922,4.276789665222168,1.7288596397065794,0.49429044127464294,0.32641196396035715,2.992173671722412,2.992173671722412,0.2296554148197174,0.9982695579528809,2.992173671722412,3.0,10.150054931640625,0.09953495115041733,0.01151428371667862,10.375009536743164,173.90999868913076,-0.4895982583511219,173.42040043077964,173.42040048414052,16.0,2.1998887062072754,18,8.856635093688965,11.398163795471191
4,4,/yh/study/new_data/model_dataset_flight/vi/vi_000004.jpg,0,1,-34.80412292480469,-0.5788613557815552,-23.534130096435547,-2.211670160293579,-20.95314598083496,-2.314321994781494,-27.772829055786133,9.233684539794922,4.721033096313477,2.143725013467178,0.5560672283172607,0.38432174180712625,2.992173671722412,2.992173671722412,0.22965523600578308,0.9982695579528809,2.992173671722412,3.0,10.150054931640625,0.09946595132350922,0.011710032820701599,10.375009536743164,173.90999868913076,-0.4895971911340641,173.4204014979967,173.42040043077964,16.0,2.1998887062072754,18,11.387660026550293,13.95927619934082
5,5,/yh/study/new_data/model_dataset_flight/vi/vi_000005.jpg,0,1,-38.077056884765625,-0.2521708011627197,-23.95279884338379,-2.225241184234619,-21.34972381591797,-2.3280460834503174,-27.772829055786133,9.233684539794922,5.135898590087891,2.5366082096665696,0.6139783263206482,0.4400415076263454,2.992173671722412,2.992173671722412,0.22965659201145172,0.9982695579528809,2.992173671722412,3.0,10.150054931640625,0.09599114954471588,0.011251531541347504,10.375009536743164,173.90999868913076,-0.4895925487398626,173.4204061403909,173.42040149799672,16.0,2.1998887062072754,18,14.261404991149902,16.855649948120117
6,6,/yh/study/new_data/model_dataset_flight/vi/vi_000006.jpg,0,1,-41.34334182739258,0.07385636121034622,-24.349374771118164,-2.2389655113220215,-21.72956657409668,-2.342283010482788,-27.772829055786133,9.233684539794922,5.528781890869141,2.912796374051981,0.6696982979774475,0.4944957520165191,2.992173671722412,2.992173671722412,0.22965678572654724,0.9982695579528809,2.992173671722412,3.0,10.150054931640625,0.09688421338796616,0.011639013886451721,10.375009536743164,173.90999868913076,-0.4895940428437435,173.420404646287,173.4204061403909,16.0,2.1998887062072754,18,17.1506290435791,19.76203155517578
7,7,/yh/study/new_data/model_dataset_flight/vi/vi_000007.jpg,0,1,-44.61831283569336,0.40075016021728516,-24.729217529296875,-2.253202199935913,-22.09657859802246,-2.357144832611084,-27.772829055786133,9.233684539794922,5.904970169067383,3.2761609986777303,0.7241523265838623,0.5482102750382627,2.992173671722412,2.992173671722412,0.22965660691261292,0.9982695579528809,2.992173671722412,3.0,10.150054931640625,0.09560822695493698,0.012007445096969604,10.375009536743164,173.90999868913076,-0.48959217521389237,173.42040651391687,173.42040464628704,16.0,2.1998887062072754,18,20.06538200378418,22.689964294433594
8,8,/yh/study/new_data/model_dataset_flight/vi/vi_000008.jpg,0,1,-47.93851089477539,0.7270652055740356,-25.09623146057129,-2.268064260482788,-22.453664779663086,-2.3726279735565186,-27.772829055786133,9.233684539794922,6.26833438873291,3.6295900414939943,0.7778669595718384,0.6014896198604631,2.992173671722412,2.992173671722412,0.22965672612190247,0.9982695579528809,2.992173671722412,3.0,10.150054931640625,0.09580934047698975,0.01201041042804718,10.375009536743164,173.90999868913076,-0.4895909479142759,173.42040774121648,173.42040651391687,16.0,2.1998887062072754,18,23.03780746459961,25.672658920288086
9,9,/yh/study/new_data/model_dataset_flight/vi/vi_000009.jpg,0,1,-51.25859451293945,1.0533686876296997,-25.45331573486328,-2.2835471630096436,-22.80301856994629,-2.3886775970458984,-27.772829055786133,9.233684539794922,6.621763706207275,3.975269398358882,0.831146240234375,0.6545118790883081,2.992173671722412,2.992173671722412,0.2296566367149353,0.9982695579528809,2.992173671722412,3.0,10.150054931640625,0.09569971263408661,0.011821888387203217,10.375009536743164,173.90999868913076,-0.48958993405807094,173.42040875507269,173.4204077412165,16.0,2.1998887062072754,18,26.0201358795166,28.66299819946289
10,10,/yh/study/new_data/model_dataset_flight/vi/vi_000010.jpg,0,1,-54.585689544677734,1.3803616762161255,-25.802669525146484,-2.2995967864990234,-23.14631462097168,-2.4052207469940186,-27.772829055786133,9.233684539794922,6.967442989349365,4.314872292056287,0.8841684460639954,0.7073819244640837,2.992173671722412,2.992173671722412,0.22965657711029053,0.9982695579528809,2.992173671722412,3.0,10.150054931640625,0.09603095054626465,0.012097783386707306,10.375009536743164,173.90999868913076,-0.489590894553423,173.42040779457733,173.4204087550727,16.0,2.1998887062072754,18,29.017311096191406,31.66646385192871
11,11,/yh/study/new_data/model_dataset_flight/vi/vi_000011.jpg,0,1,-57.930152893066406,1.7030118703842163,-26.145965576171875,-2.3161401748657227,-23.484844207763672,-2.4221816062927246,-27.772829055786133,9.233684539794922,7.307045936584473,4.649691169523702,0.9370386600494385,0.7601617723098361,2.992173671722412,2.992173671722412,0.22965677082538605,0.9982695579528809,2.992173671722412,3.0,10.150054931640625,0.09610932320356369,0.012050256133079529,10.375009536743164,173.90999868913076,-0.489591855048775,173.42040683408197,173.42040779457736,16.0,2.1998887062072754,18,32.03729248046875,34.69144821166992
12,12,/yh/study/new_data/model_dataset_flight/vi/vi_000012.jpg,0,1,-61.281715393066406,2.0263473987579346,-26.484495162963867,-2.3331007957458496,-23.81960678100586,-2.4394900798797607,-27.772829055786133,9.233684539794922,7.641864776611328,4.980731400435219,0.9898185133934021,0.8128880791517874,2.992173671722412,2.992173671722412,0.22965677082538605,0.9982695579528809,2.992173671722412,3.0,10.150054931640625,0.09625402837991714,0.012345954775810242,10.375009536743164,173.90999868913076,-0.4895905743883056,173.42040811474246,173.420406834082,16.0,2.1998887062072754,18,35.06923294067383,37.72735595703125
13,13,/yh/study/new_data/model_dataset_flight/vi/vi_000013.jpg,0,1,-64.62455749511719,2.3488411903381348,-26.819259643554688,-2.350409507751465,-24.151395797729492,-2.4570844173431396,-27.772829055786133,9.233684539794922,7.972905158996582,5.30877949672492,1.0425448417663574,0.8655826059891326,2.992173671722412,2.992173671722412,0.22965678572654724,0.9982695579528809,2.992173671722412,3.0,10.150054931640625,0.09635484218597412,0.012454673647880554,10.375009536743164,173.90999868913076,-0.4895923886573039,173.42040630047345,173.42040811474246,16.0,2.1998887062072754,18,38.09624099731445,40.75749588012695
14,14,/yh/study/new_data/model_dataset_flight/vi/vi_000014.jpg,0,1,-67.96265411376953,2.678952693939209,-27.151046752929688,-2.3680038452148438,-24.480819702148438,-2.47491192817688,-27.772829055786133,9.233684539794922,8.300952911376953,5.634453416246956,1.0952394008636475,0.9182582659395712,2.992173671722412,2.992173671722412,0.22965684533119202,0.9982695579528809,2.992173671722412,3.0,10.150054931640625,0.09640216827392578,0.012334935367107391,10.375009536743164,173.90999868913076,-0.4895922819355981,173.42040640719517,173.42040630047347,16.0,2.1998887062072754,18,41.12248992919922,43.78621292114258
15,15,/yh/study/new_data/model_dataset_flight/vi/vi_000015.jpg,0,1,-71.30087280273438,3.009075880050659,-27.480470657348633,-2.385831117630005,-24.808366775512695,-2.4929282665252686,-27.772829055786133,9.233684539794922,8.626626968383789,5.958240563804042,1.1479148864746094,0.9709226762245486,2.992173671722412,2.992173671722412,0.22965669631958008,0.9982695579528809,2.992173671722412,3.0,10.150054931640625,0.09617670625448227,0.012620076537132263,10.375009536743164,173.90999868913076,-0.4895925487398626,173.4204061403909,173.42040640719517,16.0,2.1998887062072754,18,44.151248931884766,46.816932678222656
16,16,/yh/study/new_data/model_dataset_flight/vi/vi_000016.jpg,0,1,-74.64299774169922,3.3395848274230957,-27.808019638061523,-2.4038476943969727,-25.134422302246094,-2.5110974311828613,-27.772829055786133,9.233684539794922,8.950414657592773,6.280526388316921,1.2005794048309326,1.0235804530431853,2.992173671722412,2.992173671722412,0.22965678572654724,0.9982695579528809,2.992173671722412,3.0,10.150054931640625,0.0967404916882515,0.012711532413959503,10.375009536743164,173.90999868913076,-0.4895943630088609,173.4204043261219,173.4204061403909,16.0,2.1998887062072754,18,47.18582534790039,49.85308074951172
17,17,/yh/study/new_data/model_dataset_flight/vi/vi_000017.jpg,0,1,-77.97047424316406,3.6625680923461914,-28.134071350097656,-2.4220168590545654,-25.45928382873535,-2.5293893814086914,-27.772829055786133,9.233684539794922,9.272699356079102,6.601616183226188,1.253237247467041,1.0762342898946071,2.992173671722412,2.992173671722412,0.22965678572654724,0.9982695579528809,2.992173671722412,3.0,10.150054931640625,0.09693937003612518,0.012359827756881714,10.375009536743164,173.90999868913076,-0.4895943630088609,173.4204043261219,173.4204043261219,16.0,2.1998887062072754,18,50.20646667480469,52.875
18,18,/yh/study/new_data/model_dataset_flight/vi/vi_000018.jpg,0,1,-81.29307556152344,3.9850776195526123,-28.458934783935547,-2.4403090476989746,-25.783201217651367,-2.5477805137634277,-27.772829055786133,9.233684539794922,9.593790054321289,6.921752720551269,1.3058912754058838,1.1288858211325659,2.992173671722412,2.992173671722412,0.22965696454048157,0.9982695579528809,2.992173671722412,3.0,10.150054931640625,0.09862037748098373,0.012762688100337982,10.375009536743164,173.90999868913076,-0.48959462981312535,173.42040405931763,173.4204043261219,16.0,2.1998887062072754,18,53.223419189453125,55.89297103881836
19,19,/yh/study/new_data/model_dataset_flight/vi/vi_000019.jpg,0,1,-84.62059020996094,4.3080644607543945,-28.782852172851562,-2.4587016105651855,-26.106359481811523,-2.566251039505005,-32.53472900390625,4.505537986755371,9.91392707824707,7.241128826994303,1.3585445880889893,1.1815363651190962,2.9921741485595703,2.9921741485595703,0.22965869307518005,0.9982696771621704,2.992173671722412,3.0,14.383468627929688,0.08413349092006683,0.0005655810236930847,5.16835355758667,173.90999868913076,-0.4896183753926617,173.4203803137381,173.42040405931763,16.0,2.1998887062072754,18,56.24626159667969,58.91664505004883
20,20,/yh/study/new_data/model_dataset_flight/vi/vi_000020.jpg,0,1,-87.91920471191406,4.623467922210693,-29.10601234436035,-2.477172374725342,-26.42891502380371,-2.5847854614257812,-32.53472900390625,4.505537986755371,10.23330307006836,7.559897979982357,1.4111950397491455,1.2341860588430693,2.9921741485595703,2.9921741485595703,0.22965878248214722,0.9982696771621704,2.9921746253967285,3.0,14.383468627929688,0.08449754118919373,0.0006618499755859375,5.16835355758667,173.90999868913076,-0.4896188556403377,173.42037983349041,173.42038031373812,16.0,2.1998887062072754,18,59.24028015136719,61.91134262084961
21,21,/yh/study/new_data/model_dataset_flight/vi/vi_000021.jpg,0,1,-91.22086334228516,4.939162731170654,-29.42856788635254,-2.495706558227539,-26.750988006591797,-2.603370428085327,-32.53472900390625,4.505537986755371,10.552072525024414,7.878182567635012,1.4638450145721436,1.286835324480801,2.9921741485595703,2.9921741485595703,0.22965900599956512,0.9982696771621704,2.9921741485595703,3.0,14.383468627929688,0.08453719317913055,0.0016959533095359802,5.16835355758667,173.90999868913076,-0.48961810858839727,173.42038058054237,173.42037983349044,16.0,2.1998887062072754,18,62.23797607421875,64.90959167480469
22,22,/yh/study/new_data/model_dataset_flight/vi/vi_000022.jpg,0,1,-94.5164794921875,5.254280090332031,-29.750640869140625,-2.514291763305664,-27.07267951965332,-2.6219964027404785,-32.53472900390625,4.505537986755371,10.870356559753418,8.196080055300898,1.5164942741394043,1.3394842961368032,2.9921741485595703,2.9921741485595703,0.22965899109840393,0.9982696771621704,2.9921741485595703,3.0,14.383468627929688,0.08514182269573212,0.0015836060047149658,5.16835355758667,173.90999868913076,-0.48961912244460215,173.42037956668617,173.42038058054237,16.0,2.1998887062072754,18,65.23008728027344,67.90215301513672
23,23,/yh/study/new_data/model_dataset_flight/vi/vi_000023.jpg,0,1,-97.71556854248047,5.570963382720947,-30.072330474853516,-2.5329177379608154,-27.394060134887695,-2.640655040740967,-32.53472900390625,4.505537986755371,11.188254356384277,8.513668370904078,1.5691431760787964,1.3921330779948238,2.9921741485595703,2.9921741485595703,0.2296588122844696,0.9982696771621704,2.9921741485595703,3.0,14.383468627929688,0.08532647043466568,0.0013672113418579102,5.16835355758667,173.90999868913076,-0.4896198161356898,173.42037887299506,173.42037956668617,16.0,2.1998887062072754,18,68.12693786621094,70.79933166503906
24,24,/yh/study/new_data/model_dataset_flight/vi/vi_000024.jpg,0,1,-101.2225570678711,5.918126583099365,-30.39371109008789,-2.5515761375427246,-27.71519660949707,-2.659339427947998,-32.53472900390625,4.505537986755371,11.505842208862305,8.831009564086987,1.6217918395996094,1.4447817294676004,2.9921741485595703,2.9921741485595703,0.22965878248214722,0.9982696771621704,2.9921741485595703,3.0,14.383468627929688,0.0855039656162262,0.0013338401913642883,5.16835355758667,173.90999868913076,-0.48961997621824843,173.4203787129125,173.4203788729951,16.0,2.1998887062072754,18,71.33345031738281,74.00611877441406
25,25,/yh/study/new_data/model_dataset_flight/vi/vi_000025.jpg,0,1,-104.41236877441406,6.233891487121582,-30.714847564697266,-2.570260524749756,-28.036134719848633,-2.6780447959899902,-32.53472900390625,4.505537986755371,11.8231840133667,9.14815336285272,1.6744403839111328,1.4974302950333065,2.9921741485595703,2.9921741485595703,0.22965866327285767,0.9982696771621704,2.9921741485595703,3.0,14.383468627929688,0.08614084124565125,0.0012520700693130493,5.16835355758667,173.90999868913076,-0.48961997621824843,173.4203787129125,173.4203787129125,16.0,2.1998887062072754,18,74.22154998779297,76.89442443847656
26,26,/yh/study/new_data/model_dataset_flight/vi/vi_000026.jpg,0,1,-107.75296020507812,6.5345540046691895,-31.035785675048828,-2.5889649391174316,-28.356916427612305,-2.6967668533325195,-32.53472900390625,4.505537986755371,12.140327453613281,9.465139294633595,1.7270877361297607,1.5500785460029476,2.9921741485595703,2.9921741485595703,0.22965741157531738,0.9982696771621704,2.9921741485595703,3.0,14.383468627929688,0.09749163687229156,0.012408554553985596,5.16835355758667,173.90999868913076,-0.4896287273981225,173.42036996173263,173.4203787129125,16.0,2.1998887062072754,18,77.25777435302734,79.93090057373047
27,27,/yh/study/new_data/model_dataset_flight/vi/vi_000027.jpg,0,1,-111.09230041503906,6.835103988647461,-31.356569290161133,-2.607686996459961,-28.677574157714844,-2.7155022621154785,-32.53472900390625,4.505537986755371,12.457313537597656,9.78199907657242,1.7797359228134155,1.6027267605877624,2.9921741485595703,2.9921741485595703,0.229657381772995,0.9982696771621704,2.9921741485595703,3.0,14.383468627929688,0.09741707891225815,0.013006061315536499,5.16835355758667,173.90999868913076,-0.48962798034618205,173.4203707087846,173.42036996173266,16.0,2.1998887062072754,18,80.29292297363281,82.96626281738281
28,28,/yh/study/new_data/model_dataset_flight/vi/vi_000028.jpg,0,1,-114.4308090209961,7.135579586029053,-31.67722511291504,-2.6264219284057617,-28.998130798339844,-2.734248161315918,-32.53472900390625,4.505537986755371,12.77417278289795,10.098757938092001,1.8323838710784912,1.6553749012597438,2.9921741485595703,2.9921741485595703,0.22965705394744873,0.9982696771621704,2.9921741485595703,3.0,14.383468627929688,0.09422992169857025,0.011828191578388214,5.16835355758667,173.90999868913076,-0.4896244051690384,173.42037428396173,173.4203707087846,16.0,2.1998887062072754,18,83.32738494873047,86.00090789794922
29,29,/yh/study/new_data/model_dataset_flight/vi/vi_000029.jpg,0,1,-117.76180267333984,7.465998649597168,-31.99778175354004,-2.645167112350464,-29.318607330322266,-2.753002405166626,-32.53472900390625,4.505537986755371,13.09093189239502,10.415436184805689,1.8850313425064087,1.7080228808701825,2.9921741485595703,2.9921741485595703,0.22965650260448456,0.9982696771621704,2.9921741485595703,3.0,14.383468627929688,0.091232068836689,0.011127650737762451,5.16835355758667,173.90999868913076,-0.4896226976217459,173.42037599150902,173.42037428396173,16.0,2.1998887062072754,18,86.35799407958984,89.03160095214844
30,30,/yh/study/new_data/model_dataset_flight/vi/vi_000030.jpg,0,1,-121.08988952636719,7.79612922668457,-32.318260192871094,-2.663921356201172,-29.639019012451172,-2.771763324737549,-32.53472900390625,4.505537986755371,13.407609939575195,10.732049933896178,1.9376791715621948,1.7606708214281221,2.9921741485595703,2.9921741485595703,0.2296563684940338,0.9982696771621704,2.9921741485595703,3.0,14.383468627929688,0.09032014012336731,0.01056285947561264,5.16835355758667,173.90999868913076,-0.4896226976217459,173.42037599150902,173.42037599150902,16.0,2.1998887062072754,18,89.3857650756836,92.0594482421875
31,31,/yh/study/new_data/model_dataset_flight/vi/vi_000031.jpg,0,1,-124.41860961914062,8.126322746276855,-32.638671875,-2.682682514190674,-29.959381103515625,-2.790530204772949,-32.53472900390625,4.505537986755371,13.724224090576172,11.048612171119938,1.9903273582458496,1.8133188157135092,2.9921741485595703,2.9921741485595703,0.22965659201145172,0.9982696771621704,2.9921741485595703,3.0,14.383468627929688,0.09203135222196579,0.011323720216751099,5.16835355758667,173.90999868913076,-0.48962392492136236,173.42037476420938,173.42037599150902,16.0,2.1998887062072754,18,92.41423797607422,95.08798217773438
32,32,/yh/study/new_data/model_dataset_flight/vi/vi_000032.jpg,0,1,-127.7506332397461,8.479126930236816,-32.95903396606445,-2.701449155807495,-30.27970314025879,-2.8093008995056152,-32.53472900390625,4.505537986755371,14.040786743164062,11.365133228779463,2.042975425720215,1.8659668251756047,2.9921741485595703,2.9921741485595703,0.22965668141841888,0.9982696771621704,2.9921741485595703,3.0,14.383468627929688,0.09213464707136154,0.011327028274536133,5.16835355758667,173.90999868913076,-0.489624085003921,173.42037460412683,173.4203747642094,16.0,2.1998887062072754,18,95.44868469238281,98.12242889404297
33,33,/yh/study/new_data/model_dataset_flight/vi/vi_000033.jpg,0,1,-131.07872009277344,8.831513404846191,-33.279354095458984,-2.720219850540161,-30.59998893737793,-2.828075408935547,-37.266056060791016,4.535549163818359,14.357307434082031,11.681621283929887,2.095623016357422,1.9186147376720382,2.992173671722412,2.992173671722412,0.22965623438358307,0.9982695579528809,2.9921741485595703,3.0,19.091278076171875,0.10106541961431503,0.004046015441417694,4.696246147155762,173.90999868913076,-0.48961762834072126,173.42038106079005,173.42037460412686,16.0,2.1998887062072754,18,98.4792251586914,101.15296173095703
34,34,/yh/study/new_data/model_dataset_flight/vi/vi_000034.jpg,0,1,-134.4064178466797,9.183857917785645,-33.59964370727539,-2.7389941215515137,-30.920249938964844,-2.8468525409698486,-37.266056060791016,4.535549163818359,14.673795700073242,11.998083001889142,2.148270845413208,1.971262630474759,2.992173671722412,2.992173671722412,0.22965604066848755,0.9982695579528809,2.992173194885254,3.0,19.091278076171875,0.10042741894721985,0.0034374967217445374,4.696246147155762,173.90999868913076,-0.48961762834072126,173.42038106079005,173.42038106079005,16.0,2.1998887062072754,18,101.50941467285156,104.1831283569336
35,35,/yh/study/new_data/model_dataset_flight/vi/vi_000035.jpg,0,1,-137.9134521484375,9.491893768310547,-33.91990280151367,-2.7577710151672363,-31.240489959716797,-2.8656320571899414,-37.266056060791016,4.535549163818359,14.990257263183594,12.314523624685453,2.200918436050415,2.023910453671272,2.992173671722412,2.992173671722412,0.22965583205223083,0.9982695579528809,2.992173671722412,3.0,19.091278076171875,0.09926684945821762,0.0029692351818084717,4.696246147155762,173.90999868913076,-0.48961629431939896,173.42038239481136,173.42038106079005,16.0,2.1998887062072754,18,104.71251678466797,107.3863525390625
36,36,/yh/study/new_data/model_dataset_flight/vi/vi_000036.jpg,0,1,-141.10328674316406,9.772066116333008,-34.240142822265625,-2.776550531387329,-31.560712814331055,-2.884413242340088,-37.266056060791016,4.535549163818359,15.306697845458984,12.630947386971858,2.2535665035247803,2.0765583326681916,2.992173671722412,2.992173671722412,0.22965601086616516,0.9982695579528809,2.992173671722412,3.0,19.091278076171875,0.10012893378734589,0.0034134238958358765,4.696246147155762,173.90999868913076,-0.48961693464963363,173.42038175448113,173.42038239481138,16.0,2.1998887062072754,18,107.59739685058594,110.27130889892578
37,37,/yh/study/new_data/model_dataset_flight/vi/vi_000037.jpg,0,1,-144.29208374023438,10.052149772644043,-34.56036376953125,-2.7953317165374756,-31.880924224853516,-2.903195858001709,-37.266056060791016,4.535549163818359,15.62312126159668,12.94735763296273,2.3062143325805664,2.129206200097775,2.992173671722412,2.992173671722412,0.229655921459198,0.9982695579528809,2.992173671722412,3.0,19.091278076171875,0.10024195909500122,0.0032567009329795837,4.696246147155762,173.90999868913076,-0.4896168279279279,173.42038186120283,173.42038175448113,16.0,2.1998887062072754,18,110.48125457763672,113.1552505493164
38,38,/yh/study/new_data/model_dataset_flight/vi/vi_000038.jpg,0,1,-147.48928833007812,10.328798294067383,-34.88057327270508,-2.8141140937805176,-32.20112228393555,-2.9219794273376465,-37.266056060791016,4.535549163818359,15.939531326293945,13.263757080162039,2.3588619232177734,2.18185400400324,2.992173671722412,2.992173671722412,0.22965583205223083,0.9982695579528809,2.992173671722412,3.0,19.091278076171875,0.09877758473157883,0.002492457628250122,4.696246147155762,173.90999868913076,-0.48961672120622207,173.42038196792453,173.42038186120286,16.0,2.1998887062072754,18,113.37310028076172,116.04715728759766
39,39,/yh/study/new_data/model_dataset_flight/vi/vi_000039.jpg,0,1,-150.68637084960938,10.605437278747559,-35.200775146484375,-2.8328986167907715,-32.52131652832031,-2.9407641887664795,-37.266056060791016,4.535549163818359,16.255929946899414,13.580147819502372,2.4115102291107178,2.234501922945831,2.992173671722412,2.992173671722412,0.22965621948242188,0.9982695579528809,2.992173671722412,3.0,19.091278076171875,0.10161145776510239,0.004144944250583649,4.696246147155762,173.90999868913076,-0.4896168279279279,173.42038186120283,173.42038196792456,16.0,2.1998887062072754,18,116.26483154296875,118.93898010253906
40,40,/yh/study/new_data/model_dataset_flight/vi/vi_000040.jpg,0,1,-154.1981964111328,10.909310340881348,-35.520965576171875,-2.8516831398010254,-32.84149932861328,-2.95954966545105,-37.266056060791016,4.535549163818359,16.57232093811035,13.896531691664238,2.464158058166504,2.287149821257331,2.992173671722412,2.992173671722412,0.22965633869171143,0.9982695579528809,2.992173671722412,3.0,19.091278076171875,0.10387527197599411,0.005492709577083588,4.696246147155762,173.90999868913076,-0.48961634768025186,173.4203823414505,173.42038186120286,16.0,2.1998887062072754,18,119.47238159179688,122.1466064453125
41,41,/yh/study/new_data/model_dataset_flight/vi/vi_000041.jpg,0,1,-157.47799682617188,11.261993408203125,-35.84115219116211,-2.8704681396484375,-33.16167449951172,-2.9783356189727783,-37.266056060791016,4.535549163818359,16.88870620727539,14.212910198504941,2.51680588722229,2.3397977036774322,2.992173671722412,2.992173671722412,0.22965607047080994,0.9982695579528809,2.992173671722412,3.0,19.091278076171875,0.10120571404695511,0.003653615713119507,4.696246147155762,173.90999868913076,-0.4896165611236634,173.4203821280071,173.4203823414505,16.0,2.1998887062072754,18,122.45508575439453,125.1292724609375
42,42,/yh/study/new_data/model_dataset_flight/vi/vi_000042.jpg,0,1,-160.7559356689453,11.614477157592773,-36.16132736206055,-2.889254570007324,-33.481849670410156,-2.997122049331665,-37.266056060791016,4.535549163818359,17.2050838470459,14.529284204833141,2.5694539546966553,2.3924456285118354,2.992173671722412,2.992173671722412,0.2296561896800995,0.9982695579528809,2.992173671722412,3.0,19.091278076171875,0.10225243121385574,0.0042529478669166565,4.696246147155762,173.90999868913076,-0.489617735062427,173.42038095406832,173.4203821280071,16.0,2.1998887062072754,18,125.4359359741211,128.11007690429688
43,43,/yh/study/new_data/model_dataset_flight/vi/vi_000043.jpg,0,1,-164.03280639648438,11.966845512390137,-36.481502532958984,-2.9080405235290527,-33.80201721191406,-3.01590895652771,-37.266056060791016,4.535549163818359,17.52145767211914,14.845654666195962,2.622101306915283,2.4450934220707854,2.992173671722412,2.992173671722412,0.22965574264526367,0.9982695579528809,2.992173671722412,3.0,19.091278076171875,0.09939616918563843,0.002743743360042572,4.696246147155762,173.90999868913076,-0.48961757497986835,173.4203811141509,173.42038095406835,16.0,2.1998887062072754,18,128.41571044921875,131.08981323242188
44,44,/yh/study/new_data/model_dataset_flight/vi/vi_000044.jpg,0,1,-167.38104248046875,12.304368019104004,-36.80167007446289,-2.9268271923065186,-34.122188568115234,-3.034696102142334,-37.266056060791016,4.535549163818359,17.837827682495117,15.162022260239839,2.6747488975524902,2.4977411691075124,2.992173671722412,2.992173671722412,0.22965550422668457,0.9982695579528809,2.992173671722412,3.0,19.091278076171875,0.0984666496515274,0.0021141991019248962,4.696246147155762,173.90999868913076,-0.48961832203180883,173.42038036709894,173.4203811141509,16.0,2.1998887062072754,18,131.4646759033203,134.13876342773438
45,45,/yh/study/new_data/model_dataset_flight/vi/vi_000045.jpg,0,1,-170.73062133789062,12.642024993896484,-37.12184143066406,-2.9456138610839844,-34.44235610961914,-3.053483247756958,-37.266056060791016,4.535549163818359,18.15419578552246,15.478387653190657,2.7273967266082764,2.5503889349449955,2.992173671722412,2.992173671722412,0.22965559363365173,0.9982695579528809,2.992173671722412,3.0,19.091278076171875,0.0988096371293068,0.0023707598447799683,4.696246147155762,173.90999868913076,-0.48961762834072126,173.42038106079005,173.42038036709897,16.0,2.1998887062072754,18,134.51498413085938,137.18907165527344
46,46,/yh/study/new_data/model_dataset_flight/vi/vi_000046.jpg,0,1,-174.08189392089844,12.979852676391602,-37.4420051574707,-2.9644012451171875,-34.762516021728516,-3.072270631790161,-37.266056060791016,4.535549163818359,18.470561981201172,15.794751327723862,2.7800445556640625,2.6030367152739706,2.992173671722412,2.992173671722412,0.22965538501739502,0.9982695579528809,2.992173671722412,3.0,19.091278076171875,0.09819579124450684,0.0019753575325012207,4.696246147155762,173.90999868913076,-0.48961805522754437,173.42038063390322,173.42038106079005,16.0,2.1998887062072754,18,137.56700134277344,140.24107360839844
47,47,/yh/study/new_data/model_dataset_flight/vi/vi_000047.jpg,0,1,-179.34275817871094,13.486869812011719,-37.762168884277344,-2.9831886291503906,-35.08267593383789,-3.0910582542419434,-37.266056060791016,4.535549163818359,18.786924362182617,16.111113423364763,2.8326921463012695,2.655684452116096,2.992173671722412,2.992173671722412,0.22965550422668457,0.9982695579528809,2.992173671722412,3.0,19.091278076171875,0.09864463657140732,0.0023659393191337585,4.696246147155762,173.90999868913076,-0.489617254814751,173.420381434316,173.42038063390322,16.0,2.1998887062072754,18,142.5353546142578,145.20950317382812
48,48,/yh/study/new_data/model_dataset_flight/vi/vi_000048.jpg,0,1,-184.13096618652344,13.948331832885742,-38.08232879638672,-3.0019781589508057,-35.40283966064453,-3.109846353530884,-42.0279541015625,-0.19259993731975555,19.103286743164062,16.427474395879564,2.8853416442871094,2.708332592694122,2.9921741485595703,2.9921741485595703,0.22965721786022186,0.9982696771621704,2.992173671722412,3.0,23.324689865112305,0.08201882988214493,0.005241185426712036,0.51041179895401,173.90999868913076,-0.48961992285739553,173.42037876627336,173.42038143431603,16.0,2.1998887062072754,18,147.0289764404297,149.70315551757812
49,49,/yh/study/new_data/model_dataset_flight/vi/vi_000049.jpg,0,1,-187.249755859375,14.233661651611328,-38.402488708496094,-3.020766019821167,-35.72300338745117,-3.128634452819824,-42.0279541015625,-0.19259993731975555,19.419649124145508,16.743834594997207,2.9379897117614746,2.7609807165131506,2.9921741485595703,2.9921741485595703,0.22965705394744873,0.9982696771621704,2.9921746253967285,3.0,23.324689865112305,0.08166942000389099,0.0054660215973854065,0.51041179895401,173.90999868913076,-0.489619709413984,173.4203789797168,173.4203787662734,16.0,2.1998887062072754,18,149.843994140625,152.51820373535156
50,50,/yh/study/new_data/model_dataset_flight/vi/vi_000050.jpg,0,1,-190.67921447753906,14.547411918640137,-38.722652435302734,-3.0395538806915283,-36.04315948486328,-3.1474227905273438,-42.0279541015625,-0.19259993731975555,19.73600959777832,17.060194085545923,2.99063777923584,2.8136288274152177,2.9921741485595703,2.9921741485595703,0.22965717315673828,0.9982696771621704,2.9921741485595703,3.0,23.324689865112305,0.0823107585310936,0.005359180271625519,0.51041179895401,173.90999868913076,-0.48961997621824843,173.4203787129125,173.4203789797168,16.0,2.1998887062072754,18,152.9709014892578,155.64515686035156
51,51,/yh/study/new_data/model_dataset_flight/vi/vi_000051.jpg,0,1,-194.10855102539062,14.861151695251465,-39.0382194519043,-3.015300750732422,-36.362266540527344,-3.156343936920166,-42.0279541015625,-0.19259993731975555,20.0523681640625,17.37655288850462,3.0,2.8563537932701757,2.9921741485595703,2.9921741485595703,0.22965723276138306,0.9982696771621704,2.9921741485595703,3.0,23.324689865112305,0.08195921033620834,0.005320154130458832,0.51041179895401,173.90999868913076,-0.4896197627748369,173.4203789263559,173.4203787129125,16.0,2.1998887062072754,18,156.09732055664062,158.77191162109375
52,52,/yh/study/new_data/model_dataset_flight/vi/vi_000052.jpg,0,1,-197.28343200683594,15.1630220413208,-39.3527946472168,-2.9817380905151367,-36.68033218383789,-3.1555256843566895,-42.0279541015625,-0.19259993731975555,20.36872673034668,17.692911194709687,3.0,2.889284204087484,2.9921741485595703,2.9921741485595703,0.22965729236602783,0.9982696771621704,2.9921741485595703,3.0,23.324689865112305,0.08255719393491745,0.005203470587730408,0.51041179895401,173.90999868913076,-0.4896200829399542,173.4203786061908,173.42037892635594,16.0,2.1998887062072754,18,158.9695587158203,161.64443969726562
53,53,/yh/study/new_data/model_dataset_flight/vi/vi_000053.jpg,0,1,-200.77069091796875,15.494592666625977,-39.66736602783203,-2.9481754302978516,-36.997596740722656,-3.1472012996673584,-42.0279541015625,-0.19259993731975555,20.68508529663086,18.009269151159643,3.0,2.9146654287391023,2.9921741485595703,2.9921741485595703,0.22965732216835022,0.9982696771621704,2.9921741485595703,3.0,23.324689865112305,0.08226832002401352,0.005089357495307922,0.51041179895401,173.90999868913076,-0.48962018966166,173.4203784994691,173.4203786061908,16.0,2.1998887062072754,18,162.15553283691406,164.83065795898438
54,54,/yh/study/new_data/model_dataset_flight/vi/vi_000054.jpg,0,1,-203.94317626953125,15.796236038208008,-39.981937408447266,-2.9146130084991455,-37.314247131347656,-3.1330912113189697,-42.0279541015625,-0.19259993731975555,21.00144386291504,18.32562687038904,3.0,2.934228092818518,2.9921741485595703,2.9921741485595703,0.22965741157531738,0.9982696771621704,2.9921741485595703,3.0,23.324689865112305,0.08216464519500732,0.004865594208240509,0.51041179895401,173.90999868913076,-0.4896195493314253,173.42037913979934,173.4203784994691,16.0,2.1998887062072754,18,165.02540588378906,167.70069885253906
55,55,/yh/study/new_data/model_dataset_flight/vi/vi_000055.jpg,0,1,-207.35537719726562,16.129146575927734,-40.296512603759766,-2.8810503482818604,-37.63041687011719,-3.1145212650299072,-42.0279541015625,-0.19259993731975555,21.317800521850586,18.641984236241402,3.0,2.94930608180987,2.9921741485595703,2.9921741485595703,0.22965741157531738,0.9982696771621704,2.9921741485595703,3.0,23.324689865112305,0.08268614113330841,0.004923082888126373,0.51041179895401,173.90999868913076,-0.4896207232701889,173.42037796586058,173.42037913979934,16.0,2.1998887062072754,18,168.1370086669922,170.81240844726562
56,56,/yh/study/new_data/model_dataset_flight/vi/vi_000056.jpg,0,1,-210.75604248046875,16.4609317779541,-40.611083984375,-2.847487688064575,-37.94622039794922,-3.092514753341675,-42.0279541015625,-0.19259993731975555,21.634159088134766,18.95834153606123,3.0,2.9609274924265656,2.9921741485595703,2.9921741485595703,0.22965732216835022,0.9982696771621704,2.9921741485595703,3.0,23.324689865112305,0.08229707181453705,0.00483095645904541,0.51041179895401,173.90999868913076,-0.48961992285739553,173.42037876627336,173.42037796586058,16.0,2.1998887062072754,18,171.23703002929688,173.91253662109375
57,57,/yh/study/new_data/model_dataset_flight/vi/vi_000057.jpg,0,1,-213.8697052001953,16.76471519470215,-40.925655364990234,-2.813925266265869,-38.261741638183594,-3.067858934402466,-42.0279541015625,-0.19259993731975555,21.950515747070312,19.27469861381347,3.0,2.9698847336607463,2.9921741485595703,2.9921741485595703,0.2296573519706726,0.9982696771621704,2.9921741485595703,3.0,23.324689865112305,0.08245877921581268,0.004862576723098755,0.51041179895401,173.90999868913076,-0.4896198694965426,173.4203788196342,173.4203787662734,16.0,2.1998887062072754,18,174.04873657226562,176.72433471679688
58,58,/yh/study/new_data/model_dataset_flight/vi/vi_000058.jpg,0,1,-217.09425354003906,17.10219955444336,-41.24022674560547,-2.780362844467163,-38.57704544067383,-3.041161298751831,-42.0279541015625,-0.19259993731975555,22.26687240600586,19.59105552388145,3.0,2.976788557402422,2.9921741485595703,2.9921741485595703,0.2296571433544159,0.9982696771621704,2.9921741485595703,3.0,23.324689865112305,0.08153974264860153,0.005058750510215759,0.51041179895401,173.90999868913076,-0.4896188556403377,173.42037983349041,173.42037881963424,16.0,2.1998887062072754,18,176.97445678710938,179.6500701904297
59,59,/yh/study/new_data/model_dataset_flight/vi/vi_000059.jpg,0,1,-220.6431427001953,17.473630905151367,-41.5547981262207,-2.746800422668457,-38.892181396484375,-3.012890100479126,-42.0279541015625,-0.19259993731975555,22.583229064941406,19.907412308709127,3.0,2.982109702720497,2.9921741485595703,2.9921741485595703,0.2296573519706726,0.9982696771621704,2.9921741485595703,3.0,23.324689865112305,0.08201925456523895,0.004829011857509613,0.51041179895401,173.90999868913076,-0.4896190157228964,173.42037967340787,173.42037983349044,16.0,2.1998887062072754,18,180.22625732421875,182.90191650390625
60,60,/yh/study/new_data/model_dataset_flight/vi/vi_000060.jpg,0,1,-223.8677215576172,17.811119079589844,-41.86936950683594,-2.713238000869751,-39.207191467285156,-2.983405828475952,-42.0279541015625,-0.19259993731975555,22.899585723876953,20.22376900130304,3.0,2.9862109933321253,2.9921741485595703,2.9921741485595703,0.229657381772995,0.9982696771621704,2.9921741485595703,3.0,23.324689865112305,0.08154436200857162,0.004615940153598785,0.51041179895401,173.90999868913076,-0.4896189090011906,173.42037978012957,173.42037967340787,16.0,2.1998887062072754,18,183.1519775390625,185.82766723632812
61,61,/yh/study/new_data/model_dataset_flight/vi/vi_000061.jpg,0,1,-227.08807373046875,18.138076782226562,-42.18394088745117,-2.679675579071045,-39.5220947265625,-2.952986240386963,-42.0279541015625,-0.19259993731975555,23.2159423828125,20.540125627221496,3.0,2.989372076834937,2.9921741485595703,2.9921741485595703,0.22965744137763977,0.9982696771621704,2.9921741485595703,3.0,23.324689865112305,0.08158918470144272,0.004551917314529419,0.51041179895401,173.90999868913076,-0.4896184821143675,173.4203802070164,173.4203797801296,16.0,2.1998887062072754,18,186.0723419189453,188.74806213378906
62,62,/yh/study/new_data/model_dataset_flight/vi/vi_000062.jpg,0,1,-230.62640380859375,18.497316360473633,-42.498512268066406,-2.646113157272339,-39.8369255065918,-2.921846628189087,-42.0279541015625,-0.19259993731975555,23.532299041748047,20.856482206154848,3.0,2.9918084925533006,2.9921741485595703,2.9921741485595703,0.22965744137763977,0.9982696771621704,2.9921741485595703,3.0,23.324689865112305,0.08158712089061737,0.004718422889709473,0.51041179895401,173.90999868913076,-0.4896185888360733,173.4203801002947,173.4203802070164,16.0,2.1998887062072754,18,189.3123016357422,191.988037109375
63,63,/yh/study/new_data/model_dataset_flight/vi/vi_000063.jpg,0,1,-233.84530639648438,18.824125289916992,-42.81308364868164,-2.612550735473633,-40.151695251464844,-2.8901515007019043,-46.75927734375,-0.16259177029132843,23.848655700683594,21.17283875317994,3.0,2.9936863681448216,2.9921741485595703,2.9921741485595703,0.22965699434280396,0.9982696771621704,2.9921741485595703,3.0,28.032495498657227,0.07349221408367157,0.008225537836551666,0.9825217723846436,173.90999868913076,-0.4896184821143675,173.4203802070164,173.4203801002947,16.0,2.1998887062072754,18,192.23123168945312,194.90695190429688
64,64,/yh/study/new_data/model_dataset_flight/vi/vi_000064.jpg,0,1,-237.00657653808594,19.118770599365234,-43.127655029296875,-2.5789880752563477,-40.46642303466797,-2.8580281734466553,-46.75927734375,-0.16259177029132843,24.16501235961914,21.489195279754913,3.0,2.995133747059122,2.9921741485595703,2.9921741485595703,0.22965744137763977,0.9982696771621704,2.9921741485595703,3.0,28.032495498657227,0.07344932109117508,0.00841471552848816,0.9825217723846436,173.90999868913076,-0.48961746825816255,173.4203812208726,173.4203802070164,16.0,2.1998887062072754,18,195.0892791748047,197.76504516601562
65,65,/yh/study/new_data/model_dataset_flight/vi/vi_000065.jpg,0,1,-240.4793701171875,19.44244956970215,-43.44222640991211,-2.5454256534576416,-40.78111267089844,-2.825575351715088,-46.75927734375,-0.16259177029132843,24.481369018554688,21.80555179450732,3.0,2.9962493192147117,2.9921741485595703,2.9921741485595703,0.2296581119298935,0.9982696771621704,2.9921741485595703,3.0,28.032495498657227,0.07174910604953766,0.007297806441783905,0.9825217723846436,173.90999868913076,-0.4896151737414883,173.42038351538926,173.4203812208726,16.0,2.1998887062072754,18,198.2601776123047,200.9359588623047
66,66,/yh/study/new_data/model_dataset_flight/vi/vi_000066.jpg,0,1,-243.63906860351562,19.73694610595703,-43.75679397583008,-2.5118632316589355,-41.09577560424805,-2.792867660522461,-46.75927734375,-0.16259177029132843,24.797725677490234,22.121908303857655,3.0,2.997109150197484,2.9921741485595703,2.9921741485595703,0.22965821623802185,0.9982696771621704,2.9921741485595703,3.0,28.032495498657227,0.07142907381057739,0.007068954408168793,0.9825217723846436,173.90999868913076,-0.4896144266895478,173.42038426244122,173.4203835153893,16.0,2.1998887062072754,18,201.11671447753906,203.79249572753906
67,67,/yh/study/new_data/model_dataset_flight/vi/vi_000067.jpg,0,1,-246.847412109375,19.999595642089844,-44.07136917114258,-2.4783008098602295,-41.41041564941406,-2.7599642276763916,-46.75927734375,-0.16259177029132843,25.11408233642578,22.43826481251205,3.0,2.997771867813041,2.9921741485595703,2.9921741485595703,0.22965821623802185,0.9982696771621704,2.9921741485595703,3.0,28.032495498657227,0.07161123305559158,0.007182367146015167,0.9825217723846436,173.90999868913076,-0.489613839720166,173.4203848494106,173.42038426244122,16.0,2.1998887062072754,18,204.01808166503906,206.69386291503906
68,68,/yh/study/new_data/model_dataset_flight/vi/vi_000068.jpg,0,1,-250.06228637695312,20.262781143188477,-44.38593673706055,-2.4447383880615234,-41.725040435791016,-2.726909637451172,-46.75927734375,-0.16259177029132843,25.430438995361328,22.75462132385092,3.0,2.9982826596393073,2.9921741485595703,2.9921741485595703,0.2296580970287323,0.9982696771621704,2.9921741485595703,3.0,28.032495498657227,0.06998427212238312,0.005595982074737549,0.9825217723846436,173.90999868913076,-0.4896121855337264,173.42038650359703,173.4203848494106,16.0,2.1998887062072754,18,206.92605590820312,209.6018524169922
69,69,/yh/study/new_data/model_dataset_flight/vi/vi_000069.jpg,0,1,-253.5655975341797,20.549577713012695,-44.70051193237305,-2.4111759662628174,-42.03965377807617,-2.6937384605407715,-46.75927734375,-0.16259177029132843,25.746795654296875,23.070977840235,3.0,2.9986763541536154,2.9921741485595703,2.9921741485595703,0.22965797781944275,0.9982696771621704,2.9921741485595703,3.0,28.032495498657227,0.06956589967012405,0.005314171314239502,0.9825217723846436,173.90999868913076,-0.4896106914298454,173.4203879977009,173.42038650359706,16.0,2.1998887062072754,18,210.1233367919922,212.79913330078125
70,70,/yh/study/new_data/model_dataset_flight/vi/vi_000070.jpg,0,1,-258.5731506347656,21.028581619262695,-45.015079498291016,-2.3776135444641113,-42.3542594909668,-2.660477876663208,-46.75927734375,-0.16259177029132843,26.063152313232422,23.38733436324577,3.0,2.998979795521754,2.9921741485595703,2.9921741485595703,0.22965767979621887,0.9982696771621704,2.9921741485595703,3.0,28.032495498657227,0.06905710697174072,0.00463654100894928,0.9825217723846436,173.90999868913076,-0.48961047798643387,173.4203882111443,173.4203879977009,16.0,2.1998887062072754,18,214.8369140625,217.51271057128906
71,71,/yh/study/new_data/model_dataset_flight/vi/vi_000071.jpg,0,1,-263.5738220214844,21.506925582885742,-45.329654693603516,-2.3440511226654053,-42.66884994506836,-2.627147912979126,-46.75927734375,-0.16259177029132843,26.37950897216797,23.70369089387395,3.0,2.9992136739745936,2.9921741485595703,2.9921741485595703,0.22965802252292633,0.9982696771621704,2.9921741485595703,3.0,28.032495498657227,0.06965826451778412,0.00506708025932312,0.9825217723846436,173.90999868913076,-0.4896102111821694,173.4203884779486,173.42038821114434,16.0,2.1998887062072754,18,219.54359436035156,222.21939086914062
72,72,/yh/study/new_data/model_dataset_flight/vi/vi_000072.jpg,0,1,-266.9277038574219,21.863229751586914,-45.644222259521484,-2.31048846244812,-42.98344421386719,-2.5937647819519043,-46.75927734375,-0.16259177029132843,26.695865631103516,24.020047432666768,3.0,2.999393936577014,2.9921741485595703,2.9921741485595703,0.2296578586101532,0.9982696771621704,2.9921741485595703,3.0,28.032495498657227,0.06938523799180984,0.004933759570121765,0.9825217723846436,173.90999868913076,-0.4896103712647281,173.42038831786604,173.4203884779486,16.0,2.1998887062072754,18,222.5999755859375,225.27577209472656
73,73,/yh/study/new_data/model_dataset_flight/vi/vi_000073.jpg,0,1,-270.28131103515625,22.219507217407227,-45.958797454833984,-2.276926040649414,-43.29802703857422,-2.560340642929077,-46.75927734375,-0.16259177029132843,27.012222290039062,24.336403979842697,3.0,2.9995328745827896,2.9921741485595703,2.9921741485595703,0.22965766489505768,0.9982696771621704,2.9921741485595703,3.0,28.032495498657227,0.06924647092819214,0.004908248782157898,0.9825217723846436,173.90999868913076,-0.48961133176008015,173.42038735737069,173.42038831786604,16.0,2.1998887062072754,18,225.6560821533203,228.33187866210938
74,74,/yh/study/new_data/model_dataset_flight/vi/vi_000074.jpg,0,1,-273.63311767578125,22.575592041015625,-46.27336502075195,-2.243363618850708,-43.612613677978516,-2.5268845558166504,-46.75927734375,-0.16259177029132843,27.32857894897461,24.652760535380473,3.0,2.999639961517016,2.9921741485595703,2.9921741485595703,0.229658305644989,0.9982696771621704,2.9921741485595703,3.0,28.032495498657227,0.06765110045671463,0.004553854465484619,0.9825217723846436,173.90999868913076,-0.4896183753926617,173.4203803137381,173.42038735737069,16.0,2.1998887062072754,18,228.7103729248047,231.3861846923828
75,75,/yh/study/new_data/model_dataset_flight/vi/vi_000075.jpg,0,1,-276.9444274902344,22.93913459777832,-46.58794021606445,-2.209801197052002,-43.927188873291016,-2.4934043884277344,-46.75927734375,-0.16259177029132843,27.644935607910156,24.969117099087832,3.0,2.9997224991309537,2.9921741485595703,2.9921741485595703,0.22965802252292633,0.9982696771621704,2.9921741485595703,3.0,28.032495498657227,0.07159236073493958,0.008185148239135742,0.9825217723846436,173.90999868913076,-0.4896227509825987,173.42037593814817,173.42038031373812,16.0,2.1998887062072754,18,231.72523498535156,234.4010467529297
76,76,/yh/study/new_data/model_dataset_flight/vi/vi_000076.jpg,0,1,-280.2569580078125,23.30280876159668,-46.90250778198242,-2.176239013671875,-44.24176788330078,-2.4599051475524902,-46.75927734375,-0.16259177029132843,27.96129035949707,25.285473468994198,3.0,2.9997861152738916,2.9921741485595703,2.9921741485595703,0.22965793311595917,0.9982696771621704,2.9921741485595703,3.0,28.032495498657227,0.07197017222642899,0.008542999625205994,0.9825217723846436,173.90999868913076,-0.4896227509825987,173.42037593814817,173.42037593814817,16.0,2.1998887062072754,18,234.74130249023438,237.41712951660156
77,77,/yh/study/new_data/model_dataset_flight/vi/vi_000077.jpg,0,1,-283.5698547363281,23.666522979736328,-47.217079162597656,-2.142676591873169,-44.55634307861328,-2.4263916015625,-46.75927734375,-0.16259177029132843,28.277647018432617,25.60182986769228,3.0,2.9998351476295566,2.992173671722412,2.992173671722412,0.22965732216835022,0.9982695579528809,2.9921741485595703,3.0,28.032495498657227,0.0725267231464386,0.008128151297569275,0.9825217723846436,173.90999868913076,-0.4896218438480996,173.42037684528265,173.42037593814817,16.0,2.1998887062072754,18,237.75775146484375,240.43356323242188
78,78,/yh/study/new_data/model_dataset_flight/vi/vi_000078.jpg,0,1,-286.75732421875,23.975204467773438,-47.53165054321289,-2.109114170074463,-44.87091827392578,-2.392866611480713,-51.52117156982422,-4.890744209289551,28.594003677368164,25.918186292491836,3.0,2.9998729394822377,2.9921741485595703,2.9921741485595703,0.2296598106622696,0.9982696771621704,2.992173194885254,3.0,32.26590347290039,0.06583022326231003,0.0030766353011131287,6.189182758331299,173.90999868913076,-0.4896420142504923,173.42035667488025,173.42037684528268,16.0,2.1998887062072754,18,240.64353942871094,243.31935119628906
79,79,/yh/study/new_data/model_dataset_flight/vi/vi_000079.jpg,0,1,-290.265380859375,24.314931869506836,-47.846221923828125,-2.0755515098571777,-45.18549346923828,-2.359333038330078,-51.52117156982422,-4.890744209289551,28.91036033630371,26.23454274091618,3.0,2.9999020676795207,2.9921741485595703,2.9921741485595703,0.22965961694717407,0.9982696771621704,2.9921746253967285,3.0,32.26590347290039,0.06588036566972733,0.003029637038707733,6.189182758331299,173.90999868913076,-0.4896444688497253,173.42035422028104,173.42035667488028,16.0,2.1998887062072754,18,243.8513946533203,246.5272216796875
80,80,/yh/study/new_data/model_dataset_flight/vi/vi_000080.jpg,0,1,-293.4555358886719,24.623870849609375,-48.16079330444336,-2.0419890880584717,-45.50006866455078,-2.3257930278778076,-51.52117156982422,-4.890744209289551,29.226716995239258,26.55089921069381,3.0,2.9999245183353307,2.9921741485595703,2.9921741485595703,0.22965946793556213,0.9982696771621704,2.9921741485595703,3.0,32.26590347290039,0.06580165773630142,0.0028629526495933533,6.189182758331299,173.90999868913076,-0.4896456961493418,173.4203529929814,173.42035422028104,16.0,2.1998887062072754,18,246.73989868164062,249.4157257080078
81,81,/yh/study/new_data/model_dataset_flight/vi/vi_000081.jpg,0,1,-297.0016174316406,24.93578338623047,-48.475364685058594,-2.0084266662597656,-45.814640045166016,-2.292247772216797,-51.52117156982422,-4.890744209289551,29.543073654174805,26.867255699748064,3.0,2.99994182225364,2.9921741485595703,2.9921741485595703,0.22965946793556213,0.9982696771621704,2.9921741485595703,3.0,32.26590347290039,0.06590472161769867,0.0029276087880134583,6.189182758331299,173.90999868913076,-0.48964548270593017,173.42035320642483,173.42035299298144,16.0,2.1998887062072754,18,249.98257446289062,252.6584014892578
82,82,/yh/study/new_data/model_dataset_flight/vi/vi_000082.jpg,0,1,-300.2271423339844,25.219501495361328,-48.78993606567383,-1.9748642444610596,-46.129215240478516,-2.2586987018585205,-51.52117156982422,-4.890744209289551,29.85943031311035,27.183612206185597,3.0,2.999955159306749,2.9921741485595703,2.9921741485595703,0.22965963184833527,0.9982696771621704,2.9921741485595703,3.0,32.26590347290039,0.06619658321142197,0.00304296612739563,6.189182758331299,173.90999868913076,-0.48964553606678307,173.42035315306399,173.42035320642483,16.0,2.1998887062072754,18,252.90354919433594,255.57936096191406
83,83,/yh/study/new_data/model_dataset_flight/vi/vi_000083.jpg,0,1,-303.45355224609375,25.5032958984375,-49.10450744628906,-1.9413018226623535,-46.44378662109375,-2.225146532058716,-51.52117156982422,-4.890744209289551,30.1757869720459,27.499968728284255,3.0,2.9999654388851917,2.9921741485595703,2.9921741485595703,0.22965946793556213,0.9982696771621704,2.9921741485595703,3.0,32.26590347290039,0.06599686294794083,0.0029388442635536194,6.189182758331299,173.90999868913076,-0.48964510917995996,173.4203535799508,173.42035315306399,16.0,2.1998887062072754,18,255.82542419433594,258.5012512207031
84,84,/yh/study/new_data/model_dataset_flight/vi/vi_000084.jpg,0,1,-306.78228759765625,25.818649291992188,-49.4190788269043,-1.9077394008636475,-46.758358001708984,-2.191591501235962,-51.52117156982422,-4.890744209289551,30.492143630981445,27.81632526448078,3.0,2.999973361904775,2.9921741485595703,2.9921741485595703,0.2296595424413681,0.9982696771621704,2.9921741485595703,3.0,32.26590347290039,0.06591598689556122,0.002814151346683502,6.189182758331299,173.90999868913076,-0.48964510917995996,173.4203535799508,173.4203535799508,16.0,2.1998887062072754,18,258.8524169921875,261.5282287597656
85,85,/yh/study/new_data/model_dataset_flight/vi/vi_000085.jpg,0,1,-310.1116027832031,26.13405990600586,-49.733646392822266,-1.8741769790649414,-47.07292938232422,-2.1580355167388916,-51.52117156982422,-4.890744209289551,30.808500289916992,28.132681813358666,3.0,2.999979468598708,2.9921741485595703,2.9921741485595703,0.22965961694717407,0.9982696771621704,2.9921741485595703,3.0,32.26590347290039,0.06603304296731949,0.002956770360469818,6.189182758331299,173.90999868913076,-0.48964505581910706,173.42035363331166,173.4203535799508,16.0,2.1998887062072754,18,261.8800048828125,264.5558166503906
86,86,/yh/study/new_data/model_dataset_flight/vi/vi_000086.jpg,0,1,-313.44134521484375,26.44951057434082,-50.0482177734375,-1.8406147956848145,-47.38750076293945,-2.1244778633117676,-51.52117156982422,-4.890744209289551,31.124855041503906,28.44903817197626,3.0,2.9999841753535508,2.9921741485595703,2.9921741485595703,0.2296595275402069,0.9982696771621704,2.9921741485595703,3.0,32.26590347290039,0.06592169404029846,0.0028739646077156067,6.189182758331299,173.90999868913076,-0.48964590959275334,173.420352779538,173.42035363331166,16.0,2.1998887062072754,18,264.90802001953125,267.5838623046875
87,87,/yh/study/new_data/model_dataset_flight/vi/vi_000087.jpg,0,1,-316.7387390136719,26.75737953186035,-50.362789154052734,-1.8070521354675293,-47.70207595825195,-2.090919017791748,-51.52117156982422,-4.890744209289551,31.441211700439453,28.76539456215681,3.0,2.999987803100642,2.9921741485595703,2.9921741485595703,0.2296595275402069,0.9982696771621704,2.9921741485595703,3.0,32.26590347290039,0.06596829742193222,0.0029621273279190063,6.189182758331299,173.90999868913076,-0.4896447890148426,173.4203539001159,173.420352779538,16.0,2.1998887062072754,18,267.9031066894531,270.57891845703125
88,88,/yh/study/new_data/model_dataset_flight/vi/vi_000088.jpg,0,1,-320.03851318359375,27.06546974182129,-50.67736053466797,-1.7734897136688232,-48.01664352416992,-2.057359457015991,-51.52117156982422,-4.890744209289551,31.757568359375,29.081750980601097,3.0,2.999990599198887,2.9921741485595703,2.9921741485595703,0.2296595275402069,0.9982696771621704,2.9921741485595703,3.0,32.26590347290039,0.0658026784658432,0.0028166621923446655,6.189182758331299,173.90999868913076,-0.48964638984042935,173.42035229929033,173.42035390011594,16.0,2.1998887062072754,18,270.90057373046875,273.5763854980469
89,89,/yh/study/new_data/model_dataset_flight/vi/vi_000089.jpg,0,1,-323.3372497558594,27.373462677001953,-50.9919319152832,-1.7399272918701172,-48.33121871948242,-2.023799180984497,-51.52117156982422,-4.890744209289551,32.07392501831055,29.398107424351124,3.0,2.999992754300993,2.9921741485595703,2.9921741485595703,0.22965946793556213,0.9982696771621704,2.9921741485595703,3.0,32.26590347290039,0.06584037840366364,0.0028449296951293945,6.189182758331299,173.90999868913076,-0.48964585623190043,173.42035283289886,173.42035229929033,16.0,2.1998887062072754,18,273.89697265625,276.57281494140625
90,90,/yh/study/new_data/model_dataset_flight/vi/vi_000090.jpg,0,1,-326.6502990722656,27.7000789642334,-51.30650329589844,-1.7063648700714111,-48.64578628540039,-1.9902384281158447,-51.52117156982422,-4.890744209289551,32.390281677246094,29.71446389075559,3.0,2.9999944153531737,2.9921741485595703,2.9921741485595703,0.22965963184833527,0.9982696771621704,2.9921741485595703,3.0,32.26590347290039,0.06592728197574615,0.002903766930103302,6.189182758331299,173.90999868913076,-0.48964457557143104,173.42035411355934,173.42035283289886,16.0,2.1998887062072754,18,276.9096374511719,279.58544921875
91,91,/yh/study/new_data/model_dataset_flight/vi/vi_000091.jpg,0,1,-329.9637756347656,28.0267391204834,-51.62107467651367,-1.672802448272705,-48.960357666015625,-1.956676959991455,-51.52117156982422,-4.890744209289551,32.70663833618164,30.030820377438644,3.0,2.9999956956147167,2.9921741485595703,2.9921741485595703,0.22965961694717407,0.9982696771621704,2.9921741485595703,3.0,32.26590347290039,0.06585083901882172,0.002866901457309723,6.189182758331299,173.90999868913076,-0.48964510917995996,173.4203535799508,173.42035411355934,16.0,2.1998887062072754,18,279.9227294921875,282.5985412597656
92,92,/yh/study/new_data/model_dataset_flight/vi/vi_000092.jpg,0,1,-333.27398681640625,28.35307502746582,-51.935646057128906,-1.639240026473999,-49.27492904663086,-1.9231154918670654,-51.52117156982422,-4.890744209289551,33.02299499511719,30.347176882271764,3.0,2.9999966823805972,2.9921741485595703,2.9921741485595703,0.22965970635414124,0.9982696771621704,2.9921741485595703,3.0,32.26590347290039,0.06594907492399216,0.0029181987047195435,6.189182758331299,173.90999868913076,-0.48964510917995996,173.4203535799508,173.4203535799508,16.0,2.1998887062072754,18,282.9324951171875,285.6083068847656
93,93,/yh/study/new_data/model_dataset_flight/vi/vi_000093.jpg,0,1,-336.57794189453125,28.690593719482422,-52.25021743774414,-1.605677604675293,-49.589500427246094,-1.8895537853240967,-65.7762680053711,-14.31705093383789,33.339351654052734,30.663533403348364,3.0,2.9999974429337115,2.992173671722412,2.992173671722412,0.2296576201915741,0.9982695579528809,2.9921741485595703,3.0,45.44050979614258,0.06556078046560287,0.003141384571790695,17.074623107910156,173.90999868913076,-0.4896574888978306,173.42034120023294,173.4203535799508,16.0,2.1998887062072754,18,285.9372863769531,288.6130676269531
94,94,/yh/study/new_data/model_dataset_flight/vi/vi_000094.jpg,0,1,-339.88433837890625,29.02836036682129,-52.564788818359375,-1.572115182876587,-49.90407180786133,-1.855992078781128,-65.7762680053711,-14.31705093383789,33.65570831298828,30.97988993896096,3.0,2.9999980291325765,2.992173671722412,2.992173671722412,0.22965767979621887,0.9982695579528809,2.992173194885254,3.0,45.44050979614258,0.06534460932016373,0.0031095705926418304,17.074623107910156,173.90999868913076,-0.48965796914550663,173.42034071998526,173.42034120023294,16.0,2.1998887062072754,18,288.9444885253906,291.6202697753906
95,95,/yh/study/new_data/model_dataset_flight/vi/vi_000095.jpg,0,1,-343.1903076171875,29.36608123779297,-52.87936019897461,-1.5385525226593018,-50.2186393737793,-1.8224303722381592,-65.7762680053711,-14.31705093383789,33.97206497192383,31.296246487580607,3.0,2.999998480947319,2.992173671722412,2.992173671722412,0.22965766489505768,0.9982695579528809,2.992173671722412,3.0,45.44050979614258,0.0654439702630043,0.0031277090311050415,17.074623107910156,173.90999868913076,-0.48965716873271325,173.42034152039804,173.42034071998526,16.0,2.1998887062072754,18,291.9512634277344,294.6271057128906
96,96,/yh/study/new_data/model_dataset_flight/vi/vi_000096.jpg,0,1,-346.51904296875,29.685148239135742,-53.19392776489258,-1.504990577697754,-50.5332145690918,-1.7888681888580322,-65.7762680053711,-14.31705093383789,34.28841781616211,31.612602644518294,3.0,2.9999988291850483,2.992173671722412,2.992173671722412,0.22965773940086365,0.9982695579528809,2.992173671722412,3.0,45.44050979614258,0.06507374346256256,0.0030861608684062958,17.074623107910156,173.90999868913076,-0.4896582359497711,173.42034045318098,173.42034152039807,16.0,2.1998887062072754,18,294.9787292480469,297.654541015625
97,97,/yh/study/new_data/model_dataset_flight/vi/vi_000097.jpg,0,1,-349.849365234375,30.004364013671875,-53.50849914550781,-1.4714281558990479,-50.847782135009766,-1.7553060054779053,-65.7762680053711,-14.31705093383789,34.604774475097656,31.92895885451096,3.0,2.9999990975904467,2.992173671722412,2.992173671722412,0.22965766489505768,0.9982695579528809,2.992173671722412,3.0,45.44050979614258,0.06551460921764374,0.003071952611207962,17.074623107910156,173.90999868913076,-0.4896587161974471,173.4203399729333,173.420340453181,16.0,2.1998887062072754,18,298.0077819824219,300.68359375
98,98,/yh/study/new_data/model_dataset_flight/vi/vi_000098.jpg,0,1,-353.1781005859375,30.323429107666016,-53.82307052612305,-1.4378657341003418,-51.162357330322266,-1.7217435836791992,-65.7762680053711,-14.31705093383789,34.9211311340332,32.24531511195326,3.0,2.9999993044648083,2.992173671722412,2.992173671722412,0.22965766489505768,0.9982695579528809,2.992173671722412,3.0,45.44050979614258,0.06537817418575287,0.003070451319217682,17.074623107910156,173.90999868913076,-0.48965898300171157,173.42033970612906,173.42033997293333,16.0,2.1998887062072754,18,301.0352478027344,303.7110595703125
99,99,/yh/study/new_data/model_dataset_flight/vi/vi_000099.jpg,0,1,-356.5009460449219,30.624027252197266,-54.13764190673828,-1.4043033123016357,-51.4769287109375,-1.6881814002990723,-65.7762680053711,-14.31705093383789,35.23748779296875,32.56167141183169,3.0,2.999999463913917,2.992173671722412,2.992173671722412,0.22965766489505768,0.9982695579528809,2.992173671722412,3.0,45.44050979614258,0.0654182881116867,0.0030961930751800537,17.074623107910156,173.90999868913076,-0.4896578624238008,173.42034082670696,173.42033970612906,16.0,2.1998887062072754,18,304.0549011230469,306.730712890625
100,100,/yh/study/new_data/model_dataset_flight/vi/vi_000100.jpg,0,1,-359.82257080078125,30.924514770507812,-54.452213287353516,-1.3707408905029297,-51.791500091552734,-1.6546189785003662,-65.7762680053711,-14.31705093383789,35.5538444519043,32.878027749662145,3.0,2.9999995868098526,2.992173671722412,2.992173671722412,0.22965767979621887,0.9982695579528809,2.992173671722412,3.0,45.44050979614258,0.06539270281791687,0.003055281937122345,17.074623107910156,173.90999868913076,-0.4896578090629479,173.4203408800678,173.42034082670696,16.0,2.1998887062072754,18,307.0733337402344,309.7491455078125
101,101,/yh/study/new_data/model_dataset_flight/vi/vi_000101.jpg,0,1,-363.1454772949219,31.225116729736328,-54.76678466796875,-1.3371782302856445,-52.1060676574707,-1.6210567951202393,-65.7762680053711,-14.31705093383789,35.870201110839844,33.19438412143411,3.0,2.9999996815323073,2.992173671722412,2.992173671722412,0.22965764999389648,0.9982695579528809,2.992173671722412,3.0,45.44050979614258,0.06551292538642883,0.0030445940792560577,17.074623107910156,173.90999868913076,-0.4896587161974471,173.4203399729333,173.4203408800678,16.0,2.1998887062072754,18,310.09307861328125,312.7688903808594
102,102,/yh/study/new_data/model_dataset_flight/vi/vi_000102.jpg,0,1,-366.4402160644531,31.518213272094727,-55.081356048583984,-1.3036158084869385,-52.42063903808594,-1.5874943733215332,-65.7762680053711,-14.31705093383789,36.18655776977539,33.51074052356068,3.0,2.999999754539957,2.992173671722412,2.992173671722412,0.22965767979621887,0.9982695579528809,2.992173671722412,3.0,45.44050979614258,0.06536272913217545,0.0030401498079299927,17.074623107910156,173.90999868913076,-0.48965876955829996,173.42033991957246,173.42033997293333,16.0,2.1998887062072754,18,313.0840148925781,315.7598571777344
103,103,/yh/study/new_data/model_dataset_flight/vi/vi_000103.jpg,0,1,-369.7346496582031,31.81128692626953,-55.39592742919922,-1.2700533866882324,-52.73521041870117,-1.5539319515228271,-65.7762680053711,-14.31705093383789,36.50291442871094,33.82709695283384,3.0,2.999999810810848,2.992173671722412,2.992173671722412,0.22965764999389648,0.9982695579528809,2.992173671722412,3.0,45.44050979614258,0.06526139378547668,0.003032878041267395,17.074623107910156,173.90999868913076,-0.4896591430842702,173.42033954604648,173.42033991957248,16.0,2.1998887062072754,18,316.0746765136719,318.75048828125
104,104,/yh/study/new_data/model_dataset_flight/vi/vi_000104.jpg,0,1,-373.0311584472656,32.10454177856445,-55.71049880981445,-1.2364909648895264,-53.04977798461914,-1.5203697681427002,-65.7762680053711,-14.31705093383789,36.819271087646484,34.14345340638451,3.0,2.9999998541818265,2.992173671722412,2.992173671722412,0.22965764999389648,0.9982695579528809,2.992173671722412,3.0,45.44050979614258,0.06549912691116333,0.003139171749353409,17.074623107910156,173.90999868913076,-0.48965802250635954,173.4203406666244,173.4203395460465,16.0,2.1998887062072754,18,319.0674133300781,321.7432556152344
105,105,/yh/study/new_data/model_dataset_flight/vi/vi_000105.jpg,0,1,-376.357666015625,32.4311408996582,-56.02506637573242,-1.2029290199279785,-53.364349365234375,-1.4868075847625732,-65.7762680053711,-14.31705093383789,37.135623931884766,34.45980947832657,3.0,2.9999998876101532,2.992173671722412,2.992173671722412,0.2296576201915741,0.9982695579528809,2.992173671722412,3.0,45.44050979614258,0.06535634398460388,0.0030896514654159546,17.074623107910156,173.90999868913076,-0.48965924980597597,173.42033943932478,173.4203406666244,16.0,2.1998887062072754,18,322.093505859375,324.7693176269531
106,106,/yh/study/new_data/model_dataset_flight/vi/vi_000106.jpg,0,1,-379.6834716796875,32.75767517089844,-56.339637756347656,-1.1693663597106934,-53.67892074584961,-1.4532451629638672,-65.7762680053711,-14.31705093383789,37.45198059082031,34.776165612327546,3.0,2.9999999133751483,2.992173671722412,2.992173671722412,0.22965766489505768,0.9982695579528809,2.992173671722412,3.0,45.44050979614258,0.06532909721136093,0.0031207427382469177,17.074623107910156,173.90999868913076,-0.4896591964451231,173.42033949268563,173.4203394393248,16.0,2.1998887062072754,18,325.118896484375,327.794677734375
107,107,/yh/study/new_data/model_dataset_flight/vi/vi_000107.jpg,0,1,-383.0087585449219,33.08415222167969,-56.65420913696289,-1.1358039379119873,-53.993492126464844,-1.4196827411651611,-65.7762680053711,-14.31705093383789,37.76833724975586,35.092521801826614,3.0,2.999999933233605,2.992173671722412,2.992173671722412,0.22965766489505768,0.9982695579528809,2.992173671722412,3.0,45.44050979614258,0.06536062061786652,0.003139834851026535,17.074623107910156,173.90999868913076,-0.48965882291915286,173.4203398662116,173.42033949268566,16.0,2.1998887062072754,18,328.14373779296875,330.81951904296875
108,108,/yh/study/new_data/model_dataset_flight/vi/vi_000108.jpg,0,1,-386.32574462890625,33.470218658447266,-56.968780517578125,-1.1022417545318604,-54.30806350708008,-1.386120319366455,-70.5075912475586,-14.287050247192383,38.084693908691406,35.40887804095651,3.0,2.999999948539577,2.992173194885254,2.992173194885254,0.22965489327907562,0.9982694387435913,2.992173671722412,3.0,50.148311614990234,0.06219882145524025,0.0003346838057041168,17.54673957824707,173.90999868913076,-0.48960583559223236,173.42039285353852,173.4203398662116,16.0,2.1998887062072754,18,331.1665344238281,333.8423156738281
109,109,/yh/study/new_data/model_dataset_flight/vi/vi_000109.jpg,0,1,-389.6413879394531,33.85612487792969,-57.28335189819336,-1.0686790943145752,-54.62263488769531,-1.352557897567749,-70.5075912475586,-14.287050247192383,38.40105056762695,35.725234324470215,3.0,2.9999999603367065,2.992173194885254,2.992173194885254,0.2296549677848816,0.9982694387435913,2.9921727180480957,3.0,50.148311614990234,0.06222197785973549,0.00024941563606262207,17.54673957824707,173.90999868913076,-0.4896063158399084,173.42039237329084,173.42039285353854,16.0,2.1998887062072754,18,334.18798828125,336.86376953125
110,110,/yh/study/new_data/model_dataset_flight/vi/vi_000110.jpg,0,1,-392.9556884765625,34.24187469482422,-57.597923278808594,-1.0351169109344482,-54.93720626831055,-1.318995475769043,-70.5075912475586,-14.287050247192383,38.7174072265625,36.0415906476754,3.0,2.9999999694293833,2.992173194885254,2.992173194885254,0.22965481877326965,0.9982694387435913,2.992173194885254,3.0,50.148311614990234,0.06198166310787201,8.81776213645935e-05,17.54673957824707,173.90999868913076,-0.4896033809929994,173.42039530813776,173.42039237329087,16.0,2.1998887062072754,18,337.2080993652344,339.8839111328125
111,111,/yh/study/new_data/model_dataset_flight/vi/vi_000111.jpg,0,1,-396.2001037597656,34.59049606323242,-57.91249465942383,-1.001554250717163,-55.25177764892578,-1.285433053970337,-70.35478210449219,9.503743171691895,39.03376388549805,36.35794700637578,3.0,2.9999999764375946,2.992173194885254,2.992173194885254,0.22965478897094727,0.9982694387435913,2.992173194885254,3.0,52.04159164428711,0.06226746365427971,0.0004141479730606079,6.144680500030518,173.90999868913076,-0.48960215369338295,173.4203965354374,173.42039530813778,16.0,2.1998887062072754,18,340.1548156738281,342.8306579589844
112,112,/yh/study/new_data/model_dataset_flight/vi/vi_000112.jpg,0,1,-399.4433288574219,34.938987731933594,-58.22706604003906,-0.9679915904998779,-55.566349029541016,-1.2518703937530518,-70.35478210449219,9.503743171691895,39.350120544433594,36.67430339681871,3.0,2.999999981839197,2.992173194885254,2.992173194885254,0.22965461015701294,0.9982694387435913,2.992173194885254,3.0,52.357948303222656,0.0629696175456047,0.0013420730829238892,6.1281538009643555,173.90999868913076,-0.4895997524550028,173.42039893667575,173.4203965354374,16.0,2.1998887062072754,18,343.100341796875,345.77618408203125
113,113,/yh/study/new_data/model_dataset_flight/vi/vi_000113.jpg,0,1,-403.0047912597656,35.32167434692383,-58.5416374206543,-0.934429407119751,-55.88092041015625,-1.2183079719543457,-70.35478210449219,9.503743171691895,39.66647720336914,36.99065981564824,3.0,2.9999999860025,2.9921727180480957,2.9921727180480957,0.22965435683727264,0.9982693195343018,2.992173194885254,3.0,52.52034378051758,0.06404954195022583,0.0022913068532943726,6.126000881195068,173.90999868913076,-0.4895971911340641,173.4204014979967,173.42039893667578,16.0,2.1998887062072754,18,346.365966796875,349.0417785644531
114,114,/yh/study/new_data/model_dataset_flight/vi/vi_000114.jpg,0,1,-406.3310852050781,35.61114501953125,-58.85620880126953,-0.9008667469024658,-56.19548797607422,-1.1847460269927979,-70.35478210449219,9.503743171691895,39.98283386230469,37.307016259863246,3.0,2.99999998921138,2.992173194885254,2.992173194885254,0.2296544909477234,0.9982694387435913,2.9921722412109375,3.0,52.52034378051758,0.06298347562551498,0.0014209188520908356,6.126000881195068,173.90999868913076,-0.48959964573329706,173.42039904339745,173.42040149799672,16.0,2.1998887062072754,18,349.387939453125,352.063720703125
115,115,/yh/study/new_data/model_dataset_flight/vi/vi_000115.jpg,0,1,-409.6596374511719,35.90080642700195,-59.1707763671875,-0.8673050403594971,-56.51005935668945,-1.1511836051940918,-70.35478210449219,9.503743171691895,40.29918670654297,37.623372323459705,3.0,2.9999999916846347,2.992173194885254,2.992173194885254,0.2296544909477234,0.9982694387435913,2.992173671722412,3.0,52.52034378051758,0.06327339261770248,0.0017413385212421417,6.126000881195068,173.90999868913076,-0.4895994322898855,173.42039925684088,173.42039904339748,16.0,2.1998887062072754,18,352.41217041015625,355.0879821777344
116,116,/yh/study/new_data/model_dataset_flight/vi/vi_000116.jpg,0,1,-412.98236083984375,36.18996810913086,-59.48534393310547,-0.8337423801422119,-56.82463073730469,-1.1176211833953857,-70.35478210449219,9.503743171691895,40.615543365478516,37.93972844999986,3.0,2.999999993590904,2.9921727180480957,2.9921727180480957,0.2296542227268219,0.9982693195343018,2.992173194885254,3.0,52.52034378051758,0.06445754319429398,0.0023638159036636353,6.126000881195068,173.90999868913076,-0.4895960705561534,173.4204026185746,173.42039925684088,16.0,2.1998887062072754,18,355.4305725097656,358.10638427734375
117,117,/yh/study/new_data/model_dataset_flight/vi/vi_000117.jpg,0,1,-416.2857360839844,36.47921371459961,-59.7999153137207,-0.8001797199249268,-57.13920211791992,-1.0840585231781006,-70.35478210449219,9.503743171691895,40.93190002441406,38.25608463282886,3.0,2.999999995060168,2.992173194885254,2.992173194885254,0.2296547293663025,0.9982694387435913,2.9921722412109375,3.0,52.52034378051758,0.062243491411209106,0.0004654787480831146,6.126000881195068,173.90999868913076,-0.4896017268065598,173.4203969623242,173.42040261857463,16.0,2.1998887062072754,18,358.42974853515625,361.1055908203125
118,118,/yh/study/new_data/model_dataset_flight/vi/vi_000118.jpg,0,1,-419.59210205078125,36.76872634887695,-60.11448669433594,-0.7666175365447998,-57.453773498535156,-1.0504963397979736,-70.35478210449219,9.503743171691895,41.24825668334961,38.572440865995446,3.0,2.999999996192608,2.9921727180480957,2.9921727180480957,0.2296541929244995,0.9982693195343018,2.992173671722412,3.0,52.52034378051758,0.06452549993991852,0.002405662089586258,6.126000881195068,173.90999868913076,-0.48959511006080136,173.42040357906995,173.42039696232422,16.0,2.1998887062072754,18,361.43194580078125,364.1077575683594
119,119,/yh/study/new_data/model_dataset_flight/vi/vi_000119.jpg,0,1,-422.898681640625,37.058258056640625,-60.42905807495117,-0.7330548763275146,-57.76834487915039,-1.0169336795806885,-70.35478210449219,9.503743171691895,41.564613342285156,38.888797144177566,3.0,2.99999999706544,2.9921727180480957,2.9921727180480957,0.2296539843082428,0.9982693195343018,2.9921722412109375,3.0,52.52034378051758,0.06570132821798325,0.0027345865964889526,6.126000881195068,173.90999868913076,-0.48959329579180305,173.42040539333897,173.42040357906998,16.0,2.1998887062072754,18,364.43438720703125,367.1101989746094
120,120,/yh/study/new_data/model_dataset_flight/vi/vi_000120.jpg,0,1,-426.19049072265625,37.359130859375,-60.743629455566406,-0.6994926929473877,-58.082916259765625,-0.9833714962005615,-70.35478210449219,9.503743171691895,41.8809700012207,39.20515346261585,3.0,2.9999999977381777,2.9921727180480957,2.9921727180480957,0.22965435683727264,0.9982693195343018,2.9921727180480957,3.0,52.52034378051758,0.06402593106031418,0.0023083239793777466,6.126000881195068,173.90999868913076,-0.48959751129918144,173.42040117783156,173.42040539333897,16.0,2.1998887062072754,18,367.42327880859375,370.0990905761719
121,121,/yh/study/new_data/model_dataset_flight/vi/vi_000121.jpg,0,1,-429.4760437011719,37.65943145751953,-61.05820083618164,-0.6659300327301025,-58.39748764038086,-0.9498088359832764,-70.35478210449219,9.503743171691895,42.19732666015625,39.52150981705412,3.0,2.9999999982566927,2.9921727180480957,2.9921727180480957,0.22965434193611145,0.9982693195343018,2.9921727180480957,3.0,52.52034378051758,0.0640503317117691,0.002365943044424057,6.126000881195068,173.90999868913076,-0.4895969776906525,173.42040171144012,173.4204011778316,16.0,2.1998887062072754,18,370.4059143066406,373.08172607421875
122,122,/yh/study/new_data/model_dataset_flight/vi/vi_000122.jpg,0,1,-432.7639465332031,37.95994567871094,-61.372772216796875,-0.6323678493499756,-58.712059020996094,-0.9162461757659912,-70.35478210449219,9.503743171691895,42.5136833190918,39.83786620368618,3.0,2.99999999865634,2.9921727180480957,2.9921727180480957,0.22965389490127563,0.9982693195343018,2.9921727180480957,3.0,52.52034378051758,0.06606701016426086,0.0028328970074653625,6.126000881195068,173.90999868913076,-0.4895926554615684,173.4204060336692,173.42040171144012,16.0,2.1998887062072754,18,373.3908996582031,376.06671142578125
123,123,/yh/study/new_data/model_dataset_flight/vi/vi_000123.jpg,0,1,-436.27178955078125,38.31903076171875,-61.68734359741211,-0.5988051891326904,-59.02663040161133,-0.8826839923858643,-75.14722442626953,0.017425041645765305,42.830039978027344,40.15422261910828,3.0,2.9999999989643698,2.9921727180480957,2.9921727180480957,0.22965064644813538,0.9982693195343018,2.9921727180480957,3.0,55.837867736816406,0.06724565476179123,0.000564873218536377,3.840670585632324,173.90999868913076,-0.4896355575872925,173.42036313154347,173.4204060336692,16.0,2.1998887062072754,18,376.6007080078125,379.2765197753906
124,124,/yh/study/new_data/model_dataset_flight/vi/vi_000124.jpg,0,1,-439.4658203125,38.64599609375,-62.001914978027344,-0.5652430057525635,-59.3411979675293,-0.8491218090057373,-75.14722442626953,0.017425041645765305,43.14639663696289,40.470579060276506,3.0,2.9999999992017847,2.9921727180480957,2.9921727180480957,0.22965067625045776,0.9982693195343018,2.9921727180480957,3.0,56.15422439575195,0.0669092983007431,0.00046011805534362793,3.8172647953033447,173.90999868913076,-0.4896348638962049,173.42036382523455,173.42036313154347,16.0,2.1998887062072754,18,379.4950866699219,382.1708984375
125,125,/yh/study/new_data/model_dataset_flight/vi/vi_000125.jpg,0,1,-442.6598205566406,38.97295379638672,-62.31648254394531,-0.5316808223724365,-59.65576934814453,-0.8155596256256104,-75.14722442626953,0.017425041645765305,43.46274948120117,40.786935121148645,3.0,2.999999999384773,2.9921727180480957,2.9921727180480957,0.22965069115161896,0.9982693195343018,2.9921727180480957,3.0,56.27933120727539,0.06703086197376251,0.0004734322428703308,3.815213680267334,173.90999868913076,-0.4896357176698512,173.42036297146092,173.42036382523457,16.0,2.1998887062072754,18,382.389404296875,385.06524658203125
126,126,/yh/study/new_data/model_dataset_flight/vi/vi_000126.jpg,0,1,-445.9792785644531,39.30323791503906,-62.63105392456055,-0.49811816215515137,-59.970340728759766,-0.7819969654083252,-75.14722442626953,0.017425041645765305,43.77910614013672,41.10329124525278,3.0,2.9999999995258118,2.9921727180480957,2.9921727180480957,0.2296505570411682,0.9982693195343018,2.9921727180480957,3.0,56.27933120727539,0.06635080277919769,0.0001372024416923523,3.815213680267334,173.90999868913076,-0.4896350773396165,173.42036361179115,173.42036297146092,16.0,2.1998887062072754,18,385.4089050292969,388.0846862792969
127,127,/yh/study/new_data/model_dataset_flight/vi/vi_000127.jpg,0,1,-449.2984313964844,39.63349914550781,-62.94562530517578,-0.4645559787750244,-60.284912109375,-0.7484347820281982,-75.17778778076172,-4.740733623504639,44.095462799072266,41.41964742590351,3.0,2.9999999996345177,2.9921727180480957,2.9921727180480957,0.22965064644813538,0.9982693195343018,2.9921727180480957,3.0,55.804927825927734,0.065786212682724,0.00039218366146087646,8.549761772155762,173.90999868913076,-0.48963422356597025,173.4203644655648,173.42036361179115,16.0,2.1998887062072754,18,388.4280700683594,391.1038513183594
128,128,/yh/study/new_data/model_dataset_flight/vi/vi_000128.jpg,0,1,-452.61700439453125,39.96369552612305,-63.260196685791016,-0.43099331855773926,-60.599483489990234,-0.7148721218109131,-75.17778778076172,-4.740733623504639,44.41181945800781,41.7360036571223,3.0,2.999999999718303,2.9921727180480957,2.9921727180480957,0.22965064644813538,0.9982693195343018,2.9921727180480957,3.0,55.804927825927734,0.06572651118040085,0.00036226212978363037,8.549761772155762,173.90999868913076,-0.4896344903702347,173.42036419876052,173.4203644655648,16.0,2.1998887062072754,18,391.4466247558594,394.1224365234375
129,129,/yh/study/new_data/model_dataset_flight/vi/vi_000129.jpg,0,1,-455.9490661621094,40.28679656982422,-63.57476806640625,-0.3974311351776123,-60.91405487060547,-0.6813094615936279,-75.17778778076172,-4.740733623504639,44.72817611694336,42.0523599335627,3.0,2.9999999997828812,2.9921727180480957,2.9921727180480957,0.22965073585510254,0.9982693195343018,2.9921727180480957,3.0,55.804927825927734,0.06584441661834717,0.00029555708169937134,8.549761772155762,173.90999868913076,-0.48963481053535207,173.4203638785954,173.42036419876052,16.0,2.1998887062072754,18,394.4778747558594,397.1536865234375
130,130,/yh/study/new_data/model_dataset_flight/vi/vi_000130.jpg,0,1,-459.2764892578125,40.60944366455078,-63.889339447021484,-0.36386847496032715,-61.2286262512207,-0.647747278213501,-75.17778778076172,-4.740733623504639,45.044532775878906,42.36871625044351,3.0,2.999999999832655,2.9921727180480957,2.9921727180480957,0.2296508252620697,0.9982693195343018,2.9921727180480957,3.0,55.804927825927734,0.06482455134391785,0.0009307041764259338,8.549761772155762,173.90999868913076,-0.48962920764579854,173.42036948148495,173.42036387859542,16.0,2.1998887062072754,18,397.5044860839844,400.1802673339844
131,131,/yh/study/new_data/model_dataset_flight/vi/vi_000131.jpg,0,1,-462.60479736328125,40.93217849731445,-64.20391082763672,-0.330305814743042,-61.54319763183594,-0.6141846179962158,-75.14722442626953,0.017425041645765305,45.36088943481445,42.68507260348906,3.0,2.9999999998710183,2.9921727180480957,2.9921727180480957,0.22965064644813538,0.9982693195343018,2.9921727180480957,3.0,56.27933120727539,0.06857521831989288,0.001402348279953003,3.815213680267334,173.90999868913076,-0.48963374331829423,173.42036494581245,173.42036948148498,16.0,2.1998887062072754,18,400.531982421875,403.2077331542969
132,132,/yh/study/new_data/model_dataset_flight/vi/vi_000132.jpg,0,1,-465.93316650390625,41.25896072387695,-64.51847839355469,-0.29674363136291504,-61.85776901245117,-0.5806224346160889,-75.14722442626953,0.017425041645765305,45.67724609375,43.00142898887572,3.0,2.999999999900587,2.9921727180480957,2.9921727180480957,0.22965078055858612,0.9982693195343018,2.9921727180480957,3.0,56.27933120727539,0.06867177784442902,0.0014806240797042847,3.815213680267334,173.90999868913076,-0.48963411684426444,173.4203645722865,173.42036494581248,16.0,2.1998887062072754,18,403.5599060058594,406.2357482910156
133,133,/yh/study/new_data/model_dataset_flight/vi/vi_000133.jpg,0,1,-469.256591796875,41.58525848388672,-64.83305358886719,-0.2631809711456299,-62.172340393066406,-0.5470597743988037,-75.14722442626953,0.017425041645765305,45.99360275268555,43.317785403184146,3.0,2.9999999999233773,2.9921727180480957,2.9921727180480957,0.22965079545974731,0.9982693195343018,2.9921727180480957,3.0,56.27933120727539,0.06993405520915985,0.0021605342626571655,3.815213680267334,173.90999868913076,-0.4896321958535604,173.42036649327719,173.4203645722865,16.0,2.1998887062072754,18,406.58294677734375,409.25872802734375
134,134,/yh/study/new_data/model_dataset_flight/vi/vi_000134.jpg,0,1,-472.5823974609375,41.91178894042969,-65.14762878417969,-0.22961878776550293,-62.486907958984375,-0.5134975910186768,-75.14722442626953,0.017425041645765305,46.309959411621094,43.63414184335649,3.0,2.999999999940943,2.9921727180480957,2.9921727180480957,0.2296508550643921,0.9982693195343018,2.9921727180480957,3.0,56.27933120727539,0.06954725086688995,0.0018807873129844666,3.815213680267334,173.90999868913076,-0.4896333164314711,173.42036537269928,173.4203664932772,16.0,2.1998887062072754,18,409.6083068847656,412.2841491699219
135,135,/yh/study/new_data/model_dataset_flight/vi/vi_000135.jpg,0,1,-475.81768798828125,42.24217987060547,-65.46218872070312,-0.19605660438537598,-62.80147933959961,-0.4799354076385498,-75.14722442626953,0.017425041645765305,46.626312255859375,43.950497903338075,3.0,2.9999999999544813,2.9921727180480957,2.9921727180480957,0.22965095937252045,0.9982693195343018,2.9921727180480957,3.0,56.27933120727539,0.07019636780023575,0.0022941529750823975,3.815213680267334,173.90999868913076,-0.48963262274038355,173.4203660663904,173.4203653726993,16.0,2.1998887062072754,18,412.5440979003906,415.21990966796875
136,136,/yh/study/new_data/model_dataset_flight/vi/vi_000136.jpg,0,1,-479.06182861328125,42.57347869873047,-65.77676391601562,-0.16249394416809082,-63.116050720214844,-0.44637274742126465,-75.14722442626953,0.017425041645765305,46.94266891479492,44.26685402664583,3.0,2.9999999999649165,2.9921727180480957,2.9921727180480957,0.2296508550643921,0.9982693195343018,2.9921727180480957,3.0,56.27933120727539,0.06869114190340042,0.0013665184378623962,3.815213680267334,173.90999868913076,-0.48963433028767606,173.42036435884307,173.4203660663904,16.0,2.1998887062072754,18,415.48876953125,418.16455078125
137,137,/yh/study/new_data/model_dataset_flight/vi/vi_000137.jpg,0,1,-482.61102294921875,42.93592834472656,-66.09133911132812,-0.12893176078796387,-63.43062210083008,-0.4128105640411377,-75.14722442626953,0.017425041645765305,47.25902557373047,44.58321020658442,3.0,2.9999999999729594,2.9921727180480957,2.9921727180480957,0.22965091466903687,0.9982693195343018,2.9921727180480957,3.0,56.27933120727539,0.07091345638036728,0.002125658094882965,3.815213680267334,173.90999868913076,-0.4896321958535604,173.42036649327719,173.4203643588431,16.0,2.1998887062072754,18,418.74005126953125,421.41583251953125
138,138,/yh/study/new_data/model_dataset_flight/vi/vi_000138.jpg,0,1,-485.9210510253906,43.2811393737793,-66.40589904785156,-0.09536910057067871,-63.74519348144531,-0.37924790382385254,-79.81743621826172,9.563739776611328,47.575382232666016,44.89956643716637,3.0,2.9999999999791584,2.9921727180480957,2.9921727180480957,0.22965198755264282,0.9982693195343018,2.9921727180480957,3.0,60.58320999145508,0.07144170999526978,0.0041983723640441895,5.355426788330078,173.90999868913076,-0.4895648544572123,173.42043383467356,173.4203664932772,16.0,2.1998887062072754,18,421.7516784667969,424.4274597167969
139,139,/yh/study/new_data/model_dataset_flight/vi/vi_000139.jpg,0,1,-489.23040771484375,43.62628173828125,-66.72047424316406,-0.06180691719055176,-64.05976867675781,-0.3456857204437256,-79.81743621826172,9.563739776611328,47.89173889160156,45.21592271303727,3.0,2.9999999999839364,2.9921727180480957,2.9921727180480957,0.2296510934829712,0.9982693195343018,2.9921727180480957,3.0,60.899566650390625,0.06629464775323868,0.001842588186264038,5.284388542175293,173.90999868913076,-0.48955653016416134,173.4204421589666,173.42043383467356,16.0,2.1998887062072754,18,424.7626647949219,427.43841552734375
140,140,/yh/study/new_data/model_dataset_flight/vi/vi_000140.jpg,0,1,-492.5375671386719,43.97119903564453,-67.03504943847656,-0.0282442569732666,-64.37432861328125,-0.31212306022644043,-79.81743621826172,9.563739776611328,48.20809555053711,45.53227902940881,3.0,2.999999999987619,2.9921727180480957,2.9921727180480957,0.22965100407600403,0.9982693195343018,2.9921727180480957,3.0,61.21592330932617,0.06607796251773834,0.001584179699420929,5.231549263000488,173.90999868913076,-0.4895560499164853,173.4204426392143,173.4204421589666,16.0,2.1998887062072754,18,427.7713623046875,430.4471740722656
141,141,/yh/study/new_data/model_dataset_flight/vi/vi_000141.jpg,0,1,-495.8470458984375,44.25697326660156,-67.34962463378906,0.0053179264068603516,-64.68890380859375,-0.2785608768463135,-75.14722442626953,0.017425041645765305,48.524452209472656,45.848635381998946,3.0,2.999999999990457,2.9921722412109375,2.9921722412109375,0.22965064644813538,0.9982693195343018,2.9921727180480957,3.0,56.27933120727539,0.06428955495357513,9.03978943824768e-05,3.815213680267334,173.90999868913076,-0.4895540222040755,173.42044466692667,173.4204426392143,16.0,2.1998887062072754,18,430.7763366699219,433.4521179199219
142,142,/yh/study/new_data/model_dataset_flight/vi/vi_000142.jpg,0,1,-499.1547546386719,44.542598724365234,-67.6641845703125,0.03888058662414551,-65.00347900390625,-0.24499821662902832,-75.14722442626953,0.017425041645765305,48.8408088684082,46.16499176697835,3.0,2.9999999999926446,2.9921720027923584,2.9921720027923584,0.2296505570411682,0.9982692003250122,2.9921717643737793,3.0,56.27933120727539,0.0642654299736023,0.0005081072449684143,3.815213680267334,173.90999868913076,-0.4895535419563995,173.42044514717435,173.4204446669267,16.0,2.1998887062072754,18,433.779541015625,436.455322265625
143,143,/yh/study/new_data/model_dataset_flight/vi/vi_000143.jpg,0,1,-502.4640808105469,44.8283576965332,-67.978759765625,0.07244277000427246,-65.31803894042969,-0.21143555641174316,-75.17778778076172,-4.740733623504639,49.15716552734375,46.48134818092258,3.0,2.9999999999943308,2.9921720027923584,2.9921720027923584,0.2296501100063324,0.9982692003250122,2.9921717643737793,3.0,55.804927825927734,0.06416340917348862,0.00025704503059387207,8.549761772155762,173.90999868913076,-0.4895555696688093,173.42044311946194,173.42044514717438,16.0,2.1998887062072754,18,436.7843933105469,439.4601745605469
144,144,/yh/study/new_data/model_dataset_flight/vi/vi_000144.jpg,0,1,-505.6778869628906,45.1226806640625,-68.2933349609375,0.10600543022155762,-65.63261413574219,-0.17787384986877441,-75.17778778076172,-4.740733623504639,49.4735221862793,46.79770462076924,3.0,2.9999999999956306,2.9921720027923584,2.9921720027923584,0.2296501100063324,0.9982692003250122,2.9921720027923584,3.0,55.804927825927734,0.06428476423025131,0.00041547417640686035,8.549761772155762,173.90999868913076,-0.4895556763905151,173.42044301274024,173.42044311946196,16.0,2.1998887062072754,18,439.695068359375,442.3708801269531
145,145,/yh/study/new_data/model_dataset_flight/vi/vi_000145.jpg,0,1,-508.8949890136719,45.41730499267578,-68.60789489746094,0.13956761360168457,-65.94718933105469,-0.14431118965148926,-75.17778778076172,-4.740733623504639,49.78987503051758,47.11406068045957,3.0,2.9999999999966325,2.9921720027923584,2.9921720027923584,0.2296503484249115,0.9982692003250122,2.9921720027923584,3.0,55.804927825927734,0.06405626237392426,5.8710575103759766e-06,8.549761772155762,173.90999868913076,-0.4895539154823697,173.4204447736484,173.42044301274026,16.0,2.1998887062072754,18,442.6091003417969,445.2848815917969
146,146,/yh/study/new_data/model_dataset_flight/vi/vi_000146.jpg,0,1,-512.4314575195312,45.741180419921875,-68.92247009277344,0.17312979698181152,-66.26174926757812,-0.1107490062713623,-75.14722442626953,0.017425041645765305,50.106231689453125,47.43041680350688,3.0,2.9999999999974043,2.9921720027923584,2.9921720027923584,0.22965046763420105,0.9982692003250122,2.9921720027923584,3.0,56.27933120727539,0.06410122662782669,0.0001521781086921692,3.815213680267334,173.90999868913076,-0.48955375539981105,173.42044493373095,173.4204447736484,16.0,2.1998887062072754,18,445.84375,448.51959228515625
147,147,/yh/study/new_data/model_dataset_flight/vi/vi_000147.jpg,0,1,-515.9639282226562,46.096248626708984,-69.23704528808594,0.20669245719909668,-66.57632446289062,-0.07718634605407715,-75.17778778076172,-4.740733623504639,50.42258834838867,47.74677298321255,3.0,2.9999999999979994,2.9921720027923584,2.9921720027923584,0.2296503484249115,0.9982692003250122,2.9921720027923584,3.0,55.804927825927734,0.0641053169965744,7.026642560958862e-05,8.549761772155762,173.90999868913076,-0.4895539154823697,173.4204447736484,173.42044493373095,16.0,2.1998887062072754,18,449.07763671875,451.75347900390625
148,148,/yh/study/new_data/model_dataset_flight/vi/vi_000148.jpg,0,1,-519.1793212890625,46.41944122314453,-69.55162048339844,0.24025464057922363,-66.89089965820312,-0.04362368583679199,-79.81743621826172,9.563739776611328,50.73894500732422,48.06312921358622,3.0,2.999999999998458,2.9921722412109375,2.9921722412109375,0.22965095937252045,0.9982693195343018,2.9921720027923584,3.0,61.93596267700195,0.06530237197875977,0.0008875951170921326,5.181761741638184,173.90999868913076,-0.48955498269942754,173.42044370643134,173.4204447736484,16.0,2.1998887062072754,18,451.9928894042969,454.668701171875
149,149,/yh/study/new_data/model_dataset_flight/vi/vi_000149.jpg,0,1,-522.3988647460938,46.7430534362793,-69.86618041992188,0.2738173007965088,-67.20547485351562,-0.010061502456665039,-75.14722442626953,0.017425041645765305,51.055301666259766,48.37948548927086,3.0,2.9999999999988116,2.9921720027923584,2.9921720027923584,0.22965040802955627,0.9982692003250122,2.9921724796295166,3.0,56.27933120727539,0.06407423317432404,0.00012697279453277588,3.815213680267334,173.90999868913076,-0.4895543957300457,173.42044429340072,173.42044370643134,16.0,2.1998887062072754,18,454.9123229980469,457.5881042480469
150,150,/yh/study/new_data/model_dataset_flight/vi/vi_000150.jpg,0,1,-525.5911865234375,47.084205627441406,-70.18075561523438,0.30737996101379395,-67.52003479003906,0.023501157760620117,-79.81743621826172,9.563739776611328,51.37165832519531,48.69584180547584,3.0,2.999999999999084,2.9921727180480957,2.9921727180480957,0.22965118288993835,0.9982693195343018,2.9921717643737793,3.0,61.93596267700195,0.06666073948144913,0.002041928470134735,5.181761741638184,173.90999868913076,-0.4895564234424556,173.4204422656883,173.42044429340072,16.0,2.1998887062072754,18,457.8064270019531,460.48223876953125
151,151,/yh/study/new_data/model_dataset_flight/vi/vi_000151.jpg,0,1,-528.7850341796875,47.42551803588867,-70.49533081054688,0.3409421443939209,-67.83460998535156,0.05706334114074707,-75.14722442626953,0.017425041645765305,51.68801498413086,49.01219815791701,3.0,2.999999999999294,2.9921722412109375,2.9921722412109375,0.22965073585510254,0.9982693195343018,2.992173433303833,3.0,56.27933120727539,0.06433139741420746,0.00010035932064056396,3.815213680267334,173.90999868913076,-0.48955412892578126,173.42044456020497,173.4204422656883,16.0,2.1998887062072754,18,460.70208740234375,463.3778991699219
152,152,/yh/study/new_data/model_dataset_flight/vi/vi_000152.jpg,0,1,-532.2947387695312,47.80059051513672,-70.80990600585938,0.37450480461120605,-68.14918518066406,0.09062600135803223,-75.14722442626953,0.017425041645765305,52.004371643066406,49.328554542763214,3.0,2.999999999999456,2.9921720027923584,2.9921720027923584,0.22965049743652344,0.9982692003250122,2.9921717643737793,3.0,56.27933120727539,0.06420890986919403,0.000288255512714386,3.815213680267334,173.90999868913076,-0.48955364867810525,173.42044504045265,173.420444560205,16.0,2.1998887062072754,18,463.9153747558594,466.5911865234375
153,153,/yh/study/new_data/model_dataset_flight/vi/vi_000153.jpg,0,1,-535.4741821289062,48.1633186340332,-71.12446594238281,0.408066987991333,-68.46376037597656,0.12418818473815918,-84.5793228149414,4.835577011108398,52.32072830200195,49.64491095658832,3.0,2.999999999999581,2.9921720027923584,2.9921720027923584,0.22964602708816528,0.9982692003250122,2.9921717643737793,3.0,65.32855606079102,0.06645447015762329,0.0008650124073028564,0.8411783576011658,173.90999868913076,-0.48963923948614196,173.42035944964462,173.42044504045268,16.0,2.1998887062072754,18,466.7989196777344,469.4747314453125
154,154,/yh/study/new_data/model_dataset_flight/vi/vi_000154.jpg,0,1,-538.6561889648438,48.526344299316406,-71.43904113769531,0.44162964820861816,-68.7783203125,0.15775036811828613,-84.5793228149414,4.835577011108398,52.6370849609375,49.96126739632845,3.0,2.9999999999996767,2.9921720027923584,2.9921720027923584,0.22964534163475037,0.9982692003250122,2.9921720027923584,3.0,65.64491271972656,0.06514192372560501,0.00109100341796875,0.5250400900840759,173.90999868913076,-0.48964217433305096,173.4203565147977,173.42035944964462,16.0,2.1998887062072754,18,469.6850280761719,472.3608093261719
155,155,/yh/study/new_data/model_dataset_flight/vi/vi_000155.jpg,0,1,-542.1497802734375,48.9249153137207,-71.75361633300781,0.4751913547515869,-69.0928955078125,0.1913130283355713,-84.5793228149414,4.835577011108398,52.95343780517578,50.277623455923525,3.0,2.999999999999751,2.9921720027923584,2.9921720027923584,0.2296447902917862,0.9982692003250122,2.9921720027923584,3.0,65.96126556396484,0.06365995854139328,0.0012651793658733368,0.20958147943019867,173.90999868913076,-0.4896431881892559,173.4203555009415,173.42035651479773,16.0,2.1998887062072754,18,472.88470458984375,475.56048583984375
156,156,/yh/study/new_data/model_dataset_flight/vi/vi_000156.jpg,0,1,-547.12939453125,49.48106002807617,-72.06817626953125,0.5087540149688721,-69.407470703125,0.22487521171569824,-84.5793228149414,4.835577011108398,53.26979446411133,50.59397957888564,3.0,2.999999999999808,2.9921720027923584,2.9921720027923584,0.22964522242546082,0.9982692003250122,2.9921720027923584,3.0,66.16935729980469,0.06465697288513184,0.001147642731666565,0.024908961728215218,173.90999868913076,-0.48964297474584434,173.42035571438493,173.42035550094153,16.0,2.1998887062072754,18,477.5787353515625,480.2545166015625
157,157,/yh/study/new_data/model_dataset_flight/vi/vi_000157.jpg,0,1,-552.1171875,50.03811264038086,-72.38275146484375,0.5423166751861572,-69.72203063964844,0.2584378719329834,-84.5793228149414,4.835577011108398,53.586151123046875,50.91033575851513,3.0,2.999999999999852,2.9921720027923584,2.9921720027923584,0.22964513301849365,0.9982692003250122,2.9921720027923584,3.0,66.16935729980469,0.06479207426309586,0.0011247172951698303,0.024908961728215218,173.90999868913076,-0.4896419608896394,173.42035672824113,173.42035571438493,16.0,2.1998887062072754,18,482.2809753417969,484.956787109375
158,158,/yh/study/new_data/model_dataset_flight/vi/vi_000158.jpg,0,1,-555.6659545898438,50.476261138916016,-72.69732666015625,0.5758788585662842,-70.03660583496094,0.29200005531311035,-84.5793228149414,4.835577011108398,53.90250778198242,51.22669198882067,3.0,2.999999999999886,2.9921720027923584,2.9921720027923584,0.22964595258235931,0.9982692003250122,2.9921720027923584,3.0,66.16935729980469,0.06608805805444717,0.0010566264390945435,0.024908961728215218,173.90999868913076,-0.48964212097219806,173.42035656815855,173.42035672824113,16.0,2.1998887062072754,18,485.5396423339844,488.2154235839844
159,159,/yh/study/new_data/model_dataset_flight/vi/vi_000159.jpg,0,1,-558.8970947265625,50.875186920166016,-73.01188659667969,0.6094415187835693,-70.35118103027344,0.3255627155303955,-84.5793228149414,4.835577011108398,54.21886444091797,51.54304826444438,3.0,2.999999999999912,2.9921720027923584,2.9921720027923584,0.22964586317539215,0.9982692003250122,2.9921720027923584,3.0,66.16935729980469,0.06600894033908844,0.0010823383927345276,0.024908961728215218,173.90999868913076,-0.4896419608896394,173.42035672824113,173.42035656815858,16.0,2.1998887062072754,18,488.4783020019531,491.15411376953125
160,160,/yh/study/new_data/model_dataset_flight/vi/vi_000160.jpg,0,1,-562.1253662109375,51.27375793457031,-73.32646179199219,0.6430037021636963,-70.66575622558594,0.35912489891052246,-84.5793228149414,4.835577011108398,54.535221099853516,51.85940458059487,3.0,2.999999999999932,2.9921727180480957,2.9921727180480957,0.2296479046344757,0.9982693195343018,2.9921720027923584,3.0,66.16935729980469,0.0694429874420166,0.0006107762455940247,0.024908961728215218,173.90999868913076,-0.4896355575872925,173.42036313154347,173.42035672824113,16.0,2.1998887062072754,18,491.41412353515625,494.08990478515625
161,161,/yh/study/new_data/model_dataset_flight/vi/vi_000161.jpg,0,1,-565.437255859375,51.707855224609375,-73.64103698730469,0.6765663623809814,-70.98031616210938,0.3926875591278076,-84.5793228149414,4.835577011108398,54.85157775878906,52.17576093298732,3.0,2.9999999999999476,2.9921727180480957,2.9921727180480957,0.2296481430530548,0.9982693195343018,2.992173433303833,3.0,66.16935729980469,0.07020168006420135,0.0004599913954734802,0.024908961728215218,173.90999868913076,-0.48963299626635376,173.4203656928644,173.42036313154347,16.0,2.1998887062072754,18,494.4367370605469,497.1125793457031
162,162,/yh/study/new_data/model_dataset_flight/vi/vi_000162.jpg,0,1,-568.749267578125,52.1419677734375,-73.95561218261719,0.7101285457611084,-71.29489135742188,0.4262502193450928,-84.5793228149414,4.835577011108398,55.16793441772461,52.492117317789955,3.0,2.9999999999999596,2.9921727180480957,2.9921727180480957,0.22964775562286377,0.9982693195343018,2.9921727180480957,3.0,66.16935729980469,0.0690789669752121,0.0005815848708152771,0.024908961728215218,173.90999868913076,-0.4896351840613223,173.42036350506945,173.4203656928644,16.0,2.1998887062072754,18,497.45953369140625,500.1353454589844
163,163,/yh/study/new_data/model_dataset_flight/vi/vi_000163.jpg,0,1,-572.0621337890625,52.576194763183594,-74.27017211914062,0.7436912059783936,-71.60946655273438,0.4598124027252197,-84.5793228149414,4.835577011108398,55.484291076660156,52.80847373157609,3.0,2.999999999999969,2.9921727180480957,2.9921727180480957,0.22964835166931152,0.9982693195343018,2.9921727180480957,3.0,66.16935729980469,0.07043597847223282,0.00029565393924713135,0.024908961728215218,173.90999868913076,-0.48963182232759017,173.42036686680316,173.42036350506945,16.0,2.1998887062072754,18,500.48321533203125,503.1590270996094
164,164,/yh/study/new_data/model_dataset_flight/vi/vi_000164.jpg,0,1,-575.3704833984375,53.032535552978516,-74.58474731445312,0.7772538661956787,-71.92402648925781,0.4933745861053467,-84.5793228149414,4.835577011108398,55.8006477355957,53.12483017128138,3.0,2.999999999999976,2.9921727180480957,2.9921727180480957,0.22964820265769958,0.9982693195343018,2.9921727180480957,3.0,66.16935729980469,0.07013899087905884,0.0004048943519592285,0.024908961728215218,173.90999868913076,-0.4896326761012364,173.42036601302954,173.4203668668032,16.0,2.1998887062072754,18,503.50469970703125,506.1805114746094
165,165,/yh/study/new_data/model_dataset_flight/vi/vi_000165.jpg,0,1,-578.6788940429688,53.48888397216797,-74.89932250976562,0.8108155727386475,-72.23860168457031,0.5269367694854736,-84.5793228149414,4.835577011108398,56.117000579833984,53.44118623084529,3.0,2.9999999999999813,2.9921727180480957,2.9921727180480957,0.229647696018219,0.9982693195343018,2.9921727180480957,3.0,66.16935729980469,0.06912446022033691,0.0006128475069999695,0.024908961728215218,173.90999868913076,-0.4896348638962049,173.42036382523455,173.42036601302954,16.0,2.1998887062072754,18,506.5262451171875,509.2020568847656
166,166,/yh/study/new_data/model_dataset_flight/vi/vi_000166.jpg,0,1,-581.9886474609375,53.94542694091797,-75.21388244628906,0.8443782329559326,-72.55317687988281,0.5604994297027588,-84.54875946044922,9.593735694885254,56.43335723876953,53.75754235377954,3.0,2.999999999999986,2.9921727180480957,2.9921727180480957,0.22964966297149658,0.9982693195343018,2.9921727180480957,3.0,66.64376831054688,0.07378068566322327,0.00018610060214996338,4.709638595581055,173.90999868913076,-0.4896263795205953,173.42037230961017,173.42036382523457,16.0,2.1998887062072754,18,509.5491943359375,512.2250366210938
167,167,/yh/study/new_data/model_dataset_flight/vi/vi_000167.jpg,0,1,-585.4841918945312,54.39555358886719,-75.52845764160156,0.8779404163360596,-72.86775207519531,0.5940616130828857,-84.54875946044922,9.593735694885254,56.74971389770508,54.07389853338411,3.0,2.999999999999989,2.9921727180480957,2.9921727180480957,0.2296498417854309,0.9982693195343018,2.9921727180480957,3.0,66.64376831054688,0.07503928989171982,0.00046455860137939453,4.709638595581055,173.90999868913076,-0.48962424508647967,173.42037444404428,173.42037230961017,16.0,2.1998887062072754,18,512.7562866210938,515.4320678710938
168,168,/yh/study/new_data/model_dataset_flight/vi/vi_000168.jpg,0,1,-588.6644897460938,54.805076599121094,-75.84303283691406,0.9115030765533447,-73.18231201171875,0.6276242733001709,-89.28009033203125,9.623729705810547,57.066070556640625,54.390254763667365,3.0,2.9999999999999916,2.9921727180480957,2.9921727180480957,0.2296517789363861,0.9982693195343018,2.9921727180480957,3.0,70.07389831542969,0.07586183398962021,0.003044441342353821,4.425945281982422,173.90999868913076,-0.4896136796376073,173.42038500949315,173.42037444404428,16.0,2.1998887062072754,18,515.6456298828125,518.3214111328125
169,169,/yh/study/new_data/model_dataset_flight/vi/vi_000169.jpg,0,1,-591.8436889648438,55.2144660949707,-76.15760803222656,0.9450652599334717,-73.49688720703125,0.661186933517456,-89.28009033203125,9.623729705810547,57.38242721557617,54.70661103927115,3.0,2.9999999999999933,2.992173194885254,2.992173194885254,0.22965185344219208,0.9982694387435913,2.9921727180480957,3.0,70.39025497436523,0.07591161131858826,0.003067903220653534,4.345188617706299,173.90999868913076,-0.48961421324613624,173.42038447588462,173.42038500949317,16.0,2.1998887062072754,18,518.5338134765625,521.2095947265625
170,170,/yh/study/new_data/model_dataset_flight/vi/vi_000170.jpg,0,1,-595.13671875,55.62977981567383,-76.47216796875,0.9786279201507568,-73.81146240234375,0.694749116897583,-89.28009033203125,9.623729705810547,57.69878387451172,55.02296735540382,3.0,2.9999999999999947,2.992173194885254,2.992173194885254,0.2296520173549652,0.9982694387435913,2.992173671722412,3.0,70.70661163330078,0.07534904778003693,0.00319506973028183,4.286316394805908,173.90999868913076,-0.48961469349381226,173.42038399563694,173.42038447588465,16.0,2.1998887062072754,18,521.535888671875,524.211669921875
171,171,/yh/study/new_data/model_dataset_flight/vi/vi_000171.jpg,0,1,-598.4330444335938,56.045509338378906,-76.7867431640625,1.012190580368042,-74.12603759765625,0.7283117771148682,-89.28009033203125,9.623729705810547,58.015140533447266,55.33932370778034,3.0,2.999999999999996,2.9921727180480957,2.9921727180480957,0.22965183854103088,0.9982693195343018,2.992173194885254,3.0,71.02296829223633,0.0757126584649086,0.0030875876545906067,4.250236988067627,173.90999868913076,-0.4896144800504007,173.42038420908037,173.42038399563697,16.0,2.1998887062072754,18,524.541259765625,527.2171020507812
172,172,/yh/study/new_data/model_dataset_flight/vi/vi_000172.jpg,0,1,-601.7293701171875,56.461246490478516,-77.101318359375,1.0457525253295898,-74.44059753417969,0.7618739604949951,-89.28009033203125,9.623729705810547,58.33149719238281,55.655680092568716,3.0,2.999999999999997,2.992173194885254,2.992173194885254,0.22965194284915924,0.9982694387435913,2.9921722412109375,3.0,71.33932495117188,0.07588741183280945,0.0031565800309181213,4.237532615661621,173.90999868913076,-0.4896139464418718,173.4203847426889,173.42038420908037,16.0,2.1998887062072754,18,527.546630859375,530.2224731445312
173,173,/yh/study/new_data/model_dataset_flight/vi/vi_000173.jpg,0,1,-605.0008544921875,56.88426971435547,-77.4158935546875,1.079315185546875,-74.75517272949219,0.7954366207122803,-89.28009033203125,9.623729705810547,58.64785385131836,55.972036506342114,3.0,2.999999999999998,2.992173194885254,2.992173194885254,0.2296518087387085,0.9982694387435913,2.992173671722412,3.0,71.35157775878906,0.07677765935659409,0.0030443519353866577,4.237514019012451,173.90999868913076,-0.4896135729159015,173.42038511621485,173.4203847426889,16.0,2.1998887062072754,18,530.5281372070312,533.2039184570312
174,174,/yh/study/new_data/model_dataset_flight/vi/vi_000174.jpg,0,1,-608.27197265625,57.307247161865234,-77.73045349121094,1.1128778457641602,-75.06974792480469,0.8289988040924072,-89.28009033203125,9.623729705810547,58.964210510253906,56.288392946036005,3.0,2.9999999999999982,2.992173194885254,2.992173194885254,0.22965183854103088,0.9982694387435913,2.992173194885254,3.0,71.35157775878906,0.0768851563334465,0.002974115312099457,4.237514019012451,173.90999868913076,-0.48961415988528334,173.42038452924547,173.42038511621487,16.0,2.1998887062072754,18,533.5092163085938,536.1849975585938
175,175,/yh/study/new_data/model_dataset_flight/vi/vi_000175.jpg,0,1,-611.5435791015625,57.730289459228516,-78.04502868652344,1.146439552307129,-75.38430786132812,0.8625609874725342,-89.28009033203125,9.623729705810547,59.28056335449219,56.604749005589724,3.0,2.9999999999999987,2.992173194885254,2.992173194885254,0.22965189814567566,0.9982694387435913,2.992173194885254,3.0,71.35157775878906,0.07653695344924927,0.0030572712421417236,4.237514019012451,173.90999868913076,-0.4896144800504007,173.42038420908037,173.4203845292455,16.0,2.1998887062072754,18,536.4908447265625,539.1666870117188
176,176,/yh/study/new_data/model_dataset_flight/vi/vi_000176.jpg,0,1,-614.8861694335938,58.1866569519043,-78.35960388183594,1.180002212524414,-75.69888305664062,0.8961236476898193,-89.28009033203125,9.623729705810547,59.596920013427734,56.92110512851486,3.0,2.999999999999999,2.992173194885254,2.992173194885254,0.22965185344219208,0.9982694387435913,2.992173194885254,3.0,71.35157775878906,0.076048344373703,0.0029912814497947693,4.237514019012451,173.90999868913076,-0.4896149069372238,173.42038378219354,173.42038420908037,16.0,2.1998887062072754,18,539.5465698242188,542.222412109375
177,177,/yh/study/new_data/model_dataset_flight/vi/vi_000177.jpg,0,1,-618.2273559570312,58.64283752441406,-78.67416381835938,1.2135648727416992,-76.01345825195312,0.9296858310699463,-89.28009033203125,9.623729705810547,59.91327667236328,57.23746130811128,3.0,2.999999999999999,2.992173194885254,2.992173194885254,0.22965185344219208,0.9982694387435913,2.992173194885254,3.0,71.35157775878906,0.07658965140581131,0.002948753535747528,4.237514019012451,173.90999868913076,-0.4896137329984602,173.4203849561323,173.42038378219354,16.0,2.1998887062072754,18,542.6009521484375,545.2767333984375
178,178,/yh/study/new_data/model_dataset_flight/vi/vi_000178.jpg,0,1,-621.5722045898438,59.099517822265625,-78.98873901367188,1.2471275329589844,-76.32803344726562,0.9632484912872314,-89.28009033203125,9.623729705810547,60.22963333129883,57.55381753838724,3.0,2.999999999999999,2.992173194885254,2.992173194885254,0.22965189814567566,0.9982694387435913,2.992173194885254,3.0,71.35157775878906,0.07662549614906311,0.0029719918966293335,4.237514019012451,173.90999868913076,-0.4896137329984602,173.4203849561323,173.42038495613232,16.0,2.1998887062072754,18,545.6589965820312,548.3347778320312
179,179,/yh/study/new_data/model_dataset_flight/vi/vi_000179.jpg,0,1,-624.8855590820312,59.540775299072266,-79.30331420898438,1.2806892395019531,-76.64259338378906,0.9968106746673584,-89.28009033203125,9.623729705810547,60.545989990234375,57.87017381398451,3.0,2.999999999999999,2.9921727180480957,2.9921727180480957,0.22965183854103088,0.9982693195343018,2.992173194885254,3.0,71.35157775878906,0.07482682168483734,0.0030814632773399353,4.237514019012451,173.90999868913076,-0.48961282586396104,173.4203858632668,173.42038495613232,16.0,2.1998887062072754,18,548.6841430664062,551.3599243164062
180,180,/yh/study/new_data/model_dataset_flight/vi/vi_000180.jpg,0,1,-628.2006225585938,59.982269287109375,-79.61788940429688,1.3142518997192383,-76.95716857910156,1.0303735733032227,-89.28009033203125,9.623729705810547,60.86234664916992,58.18653013011134,3.0,2.999999999999999,2.9921727180480957,2.9921727180480957,0.22965168952941895,0.9982693195343018,2.9921722412109375,3.0,71.35157775878906,0.07433962821960449,0.003084525465965271,4.237514019012451,173.90999868913076,-0.4896127191422553,173.4203859699885,173.4203858632668,16.0,2.1998887062072754,18,551.7109985351562,554.3867797851562
181,181,/yh/study/new_data/model_dataset_flight/vi/vi_000181.jpg,0,1,-631.5191650390625,60.42422103881836,-79.93244934082031,1.3478145599365234,-77.27174377441406,1.0639352798461914,-89.28009033203125,9.623729705810547,61.17870330810547,58.502886482482644,3.0,2.999999999999999,2.9921727180480957,2.9921727180480957,0.22965183854103088,0.9982693195343018,2.9921727180480957,3.0,71.35157775878906,0.07494305074214935,0.003066904842853546,4.237514019012451,173.90999868913076,-0.4896136796376073,173.42038500949315,173.42038596998853,16.0,2.1998887062072754,18,554.7413330078125,557.4171752929688
182,182,/yh/study/new_data/model_dataset_flight/vi/vi_000182.jpg,0,1,-635.0553588867188,60.91789245605469,-80.24702453613281,1.3813772201538086,-77.58631896972656,1.0974979400634766,-89.28009033203125,9.623729705810547,61.495059967041016,58.819242867266354,3.0,2.999999999999999,2.9921727180480957,2.9921727180480957,0.22965183854103088,0.9982693195343018,2.9921727180480957,3.0,71.35157775878906,0.0743115022778511,0.0030493438243865967,4.237514019012451,173.90999868913076,-0.4896139998027247,173.42038468932805,173.42038500949317,16.0,2.1998887062072754,18,557.99365234375,560.66943359375
183,183,/yh/study/new_data/model_dataset_flight/vi/vi_000183.jpg,0,1,-638.2706298828125,61.366756439208984,-80.56159973144531,1.4149389266967773,-77.90087890625,1.1310606002807617,-89.28009033203125,9.623729705810547,61.81141662597656,59.13559928103558,3.0,2.999999999999999,2.992173433303833,2.992173433303833,0.22965392470359802,0.9982694387435913,2.9921727180480957,3.0,71.35157775878906,0.0685236006975174,0.0027802959084510803,4.237514019012451,173.90999868913076,-0.48958747945883796,173.42041120967193,173.42038468932805,16.0,2.1998887062072754,18,560.922119140625,563.597900390625
184,184,/yh/study/new_data/model_dataset_flight/vi/vi_000184.jpg,0,1,-641.486572265625,61.815711975097656,-80.87617492675781,1.4485015869140625,-78.2154541015625,1.1646223068237305,-89.28009033203125,9.623729705810547,62.12777328491211,59.45195572072574,3.0,2.999999999999999,2.992173433303833,2.992173433303833,0.22965382039546967,0.9982694387435913,2.9921741485595703,3.0,71.35157775878906,0.06844748556613922,0.002825923264026642,4.237514019012451,173.90999868913076,-0.48958694585030904,173.42041174328045,173.42041120967193,16.0,2.1998887062072754,18,563.8512573242188,566.5270385742188
185,185,/yh/study/new_data/model_dataset_flight/vi/vi_000185.jpg,0,1,-644.7642822265625,62.216407775878906,-81.19073486328125,1.4820642471313477,-78.53001403808594,1.1981849670410156,-89.28009033203125,9.623729705810547,62.44412612915039,59.76831178027613,3.0,2.999999999999999,2.992173433303833,2.992173433303833,0.22965383529663086,0.9982694387435913,2.992173433303833,3.0,71.35157775878906,0.06842200458049774,0.0028432756662368774,4.237514019012451,173.90999868913076,-0.4895872660154264,173.42041142311533,173.42041174328045,16.0,2.1998887062072754,18,566.836669921875,569.512451171875
186,186,/yh/study/new_data/model_dataset_flight/vi/vi_000186.jpg,0,1,-648.04248046875,62.61715316772461,-81.50531005859375,1.5156259536743164,-78.84458923339844,1.2317476272583008,-89.28009033203125,9.623729705810547,62.76048278808594,60.08466790319828,3.0,2.999999999999999,2.992173433303833,2.992173433303833,0.22965383529663086,0.9982694387435913,2.992173433303833,3.0,71.35157775878906,0.06824292242527008,0.0027881860733032227,4.237514019012451,173.90999868913076,-0.48958694585030904,173.42041174328045,173.42041142311535,16.0,2.1998887062072754,18,569.8225708007812,572.4983520507812
187,187,/yh/study/new_data/model_dataset_flight/vi/vi_000187.jpg,0,1,-651.3211669921875,63.01796340942383,-81.81988525390625,1.5491886138916016,-79.15916442871094,1.265310287475586,-89.28009033203125,9.623729705810547,63.076839447021484,60.401024082792034,3.0,2.999999999999999,2.992173433303833,2.992173433303833,0.22965383529663086,0.9982694387435913,2.992173433303833,3.0,71.35157775878906,0.06866530328989029,0.0027906596660614014,4.237514019012451,173.90999868913076,-0.4895876929022495,173.4204109962285,173.42041174328045,16.0,2.1998887062072754,18,572.8089599609375,575.4847412109375
188,188,/yh/study/new_data/model_dataset_flight/vi/vi_000188.jpg,0,1,-654.587158203125,63.414756774902344,-82.13444519042969,1.5827512741088867,-79.47373962402344,1.298872947692871,-89.28009033203125,9.623729705810547,63.39319610595703,60.71738031306561,3.0,2.999999999999999,2.992173433303833,2.992173433303833,0.22965389490127563,0.9982694387435913,2.992173433303833,3.0,71.35157775878906,0.06832191348075867,0.0028581470251083374,4.237514019012451,173.90999868913076,-0.4895868924894562,173.4204117966413,173.42041099622853,16.0,2.1998887062072754,18,575.7823486328125,578.4581298828125
189,189,/yh/study/new_data/model_dataset_flight/vi/vi_000189.jpg,0,1,-657.8555908203125,63.81185531616211,-82.44902038574219,1.6163139343261719,-79.78829956054688,1.3324346542358398,-89.28009033203125,9.623729705810547,63.70955276489258,61.033736588660744,3.0,2.999999999999999,2.992173433303833,2.992173433303833,0.22965380549430847,0.9982694387435913,2.992173433303833,3.0,71.35157775878906,0.06825233995914459,0.0028727054595947266,4.237514019012451,173.90999868913076,-0.48958742609798506,173.42041126303278,173.4204117966413,16.0,2.1998887062072754,18,578.7581787109375,581.4339599609375
190,190,/yh/study/new_data/model_dataset_flight/vi/vi_000190.jpg,0,1,-661.1251220703125,64.2090835571289,-82.76359558105469,1.649876594543457,-80.10287475585938,1.365997314453125,-89.28009033203125,9.623729705810547,64.02590942382812,61.350092904785676,3.0,2.999999999999999,2.992173433303833,2.992173433303833,0.22965382039546967,0.9982694387435913,2.992173433303833,3.0,71.35157775878906,0.06877530366182327,0.0028613433241844177,4.237514019012451,173.90999868913076,-0.4895872126545735,173.42041147647618,173.42041126303278,16.0,2.1998887062072754,18,581.7350463867188,584.410888671875
191,191,/yh/study/new_data/model_dataset_flight/vi/vi_000191.jpg,0,1,-664.4630126953125,64.65044403076172,-83.07817077636719,1.6834392547607422,-80.41744995117188,1.3995599746704102,-89.28009033203125,9.623729705810547,64.34226989746094,61.666449660475415,3.0,2.999999999999999,2.992173433303833,2.992173433303833,0.22965382039546967,0.9982694387435913,2.992173433303833,3.0,71.35157775878906,0.06887543946504593,0.0027759969234466553,4.237514019012451,173.90999868913076,-0.4895855584681339,173.42041313066264,173.4204114764762,16.0,2.1998887062072754,18,584.7847290039062,587.4605102539062
192,192,/yh/study/new_data/model_dataset_flight/vi/vi_000192.jpg,0,1,-667.8052978515625,65.09236907958984,-83.39273071289062,1.717000961303711,-80.73202514648438,1.4331226348876953,-89.28009033203125,9.623729705810547,64.65862274169922,61.98280600261539,3.0,2.999999999999999,2.992173433303833,2.992173433303833,0.22965383529663086,0.9982694387435913,2.992173433303833,3.0,71.35157775878906,0.06938909739255905,0.0027270466089248657,4.237514019012451,173.90999868913076,-0.4895878529848082,173.42041083614595,173.42041313066264,16.0,2.1998887062072754,18,587.8388671875,590.5145874023438
193,193,/yh/study/new_data/model_dataset_flight/vi/vi_000193.jpg,0,1,-671.1435546875,65.53378295898438,-83.70730590820312,1.750563621520996,-81.04658508300781,1.466684341430664,-89.28009033203125,9.623729705810547,64.97498321533203,62.299162781569656,3.0,2.999999999999999,2.992173433303833,2.992173433303833,0.229653999209404,0.9982694387435913,2.992173433303833,3.0,71.35157775878906,0.06962266564369202,0.0026406273245811462,4.237514019012451,173.90999868913076,-0.48958833323248424,173.42041035589827,173.42041083614598,16.0,2.1998887062072754,18,590.888916015625,593.564697265625
194,194,/yh/study/new_data/model_dataset_flight/vi/vi_000194.jpg,0,1,-674.447265625,65.97511291503906,-84.02188110351562,1.7841262817382812,-81.36116027832031,1.5002470016479492,-89.28009033203125,9.623729705810547,65.29133605957031,62.615519144514444,3.0,2.999999999999999,2.992173433303833,2.992173433303833,0.22965401411056519,0.9982694387435913,2.992173433303833,3.0,71.35157775878906,0.0697464719414711,0.0025524720549583435,4.237514019012451,173.90999868913076,-0.4895890802844247,173.42040960884634,173.4204103558983,16.0,2.1998887062072754,18,593.904541015625,596.5803833007812
195,195,/yh/study/new_data/model_dataset_flight/vi/vi_000195.jpg,0,1,-677.7529907226562,66.4167251586914,-84.33645629882812,1.8176889419555664,-81.67573547363281,1.5338096618652344,-89.28009033203125,9.623729705810547,65.60769653320312,62.93187594207387,3.0,2.999999999999999,2.992173194885254,2.992173194885254,0.22965408861637115,0.9982694387435913,2.992173433303833,3.0,71.35157775878906,0.0699157863855362,0.002529740333557129,4.237514019012451,173.90999868913076,-0.48958881348016026,173.4204098756506,173.42040960884634,16.0,2.1998887062072754,18,596.9222412109375,599.59814453125
196,196,/yh/study/new_data/model_dataset_flight/vi/vi_000196.jpg,0,1,-681.0598754882812,66.85848236083984,-84.65101623535156,1.8512506484985352,-81.99031066894531,1.5673723220825195,-89.28009033203125,9.623729705810547,65.9240493774414,63.24823232165674,3.0,2.999999999999999,2.992173194885254,2.992173194885254,0.22965404391288757,0.9982694387435913,2.992172956466675,3.0,71.35157775878906,0.07007535547018051,0.002488747239112854,4.237514019012451,173.90999868913076,-0.4895889735627189,173.42040971556804,173.42040987565062,16.0,2.1998887062072754,18,599.9412231445312,602.6170654296875
197,197,/yh/study/new_data/model_dataset_flight/vi/vi_000197.jpg,0,1,-684.3595581054688,67.29602813720703,-84.96559143066406,1.8848133087158203,-82.30487060546875,1.6009349822998047,-89.28009033203125,9.623729705810547,66.24040985107422,63.56458913409513,3.0,2.999999999999999,2.992173194885254,2.992173194885254,0.22965407371520996,0.9982694387435913,2.992173194885254,3.0,71.35157775878906,0.07036300003528595,0.0024098381400108337,4.237514019012451,173.90999868913076,-0.48958876011930735,173.42040992901144,173.42040971556804,16.0,2.1998887062072754,18,602.9525756835938,605.6283569335938
198,198,/yh/study/new_data/model_dataset_flight/vi/vi_000198.jpg,0,1,-687.6604614257812,67.73373413085938,-85.28016662597656,1.9183759689331055,-82.61944580078125,1.6344966888427734,-89.28009033203125,9.623729705810547,66.5567626953125,63.880945526983844,3.0,2.999999999999999,2.992173671722412,2.992173671722412,0.22965550422668457,0.9982695579528809,2.992173194885254,3.0,71.35157775878906,0.06850283592939377,0.002544291317462921,4.237514019012451,173.90999868913076,-0.4896122388945793,173.42038645023618,173.42040992901147,16.0,2.1998887062072754,18,605.965087890625,608.640869140625
199,199,/yh/study/new_data/model_dataset_flight/vi/vi_000199.jpg,0,1,-690.9660034179688,68.17205810546875,-85.59474182128906,1.9519386291503906,-82.93402099609375,1.6680593490600586,-89.28009033203125,9.623729705810547,66.87312316894531,64.19730235132128,3.0,2.999999999999999,2.992173671722412,2.992173671722412,0.22965556383132935,0.9982695579528809,2.9921741485595703,3.0,71.35157775878906,0.06847774237394333,0.002430848777294159,4.237514019012451,173.90999868913076,-0.4896110115949628,173.42038767753579,173.42038645023618,16.0,2.1998887062072754,18,608.9822998046875,611.6581420898438
200,200,/yh/study/new_data/model_dataset_flight/vi/vi_000200.jpg,0,1,-694.3814086914062,68.6431655883789,-85.9093017578125,1.9855003356933594,-83.24859619140625,1.7016210556030273,-89.28009033203125,9.623729705810547,67.1894760131836,64.51365875485098,3.0,2.999999999999999,2.992173671722412,2.992173671722412,0.22965550422668457,0.9982695579528809,2.992173671722412,3.0,71.35157775878906,0.06873995810747147,0.0026055574417114258,4.237514019012451,173.90999868913076,-0.489611865368609,173.42038682376216,173.4203876775358,16.0,2.1998887062072754,18,612.1123657226562,614.7881469726562
201,201,/yh/study/new_data/model_dataset_flight/vi/vi_000201.jpg,0,1,-697.7882080078125,69.11308288574219,-86.223876953125,2.0190629959106445,-83.56317138671875,1.735184669494629,-89.28009033203125,9.623729705810547,67.50582885742188,64.83001478206407,3.0,2.999999999999999,2.992173671722412,2.992173671722412,0.22965547442436218,0.9982695579528809,2.992173671722412,3.0,71.35157775878906,0.06887809187173843,0.002558305859565735,4.237514019012451,173.90999868913076,-0.4896110649558157,173.42038762417494,173.42038682376216,16.0,2.1998887062072754,18,615.2337036132812,617.9095458984375
202,202,/yh/study/new_data/model_dataset_flight/vi/vi_000202.jpg,0,1,-700.8925170898438,69.5412826538086,-86.5384521484375,2.0526256561279297,-83.87773132324219,1.7687463760375977,-89.28009033203125,9.623729705810547,67.82218933105469,65.14637127938802,3.0,2.999999999999999,2.992173671722412,2.992173671722412,0.22965529561042786,0.9982695579528809,2.992173671722412,3.0,71.35157775878906,0.06934158504009247,0.002796970307826996,4.237514019012451,173.90999868913076,-0.4896119720903148,173.42038671704046,173.42038762417496,16.0,2.1998887062072754,18,618.0498657226562,620.7256469726562
203,203,/yh/study/new_data/model_dataset_flight/vi/vi_000203.jpg,0,1,-704.1041870117188,69.95103454589844,-86.85301208496094,2.0861873626708984,-84.19230651855469,1.8023090362548828,-89.28009033203125,9.623729705810547,68.13854217529297,65.4627273904787,3.0,2.999999999999999,2.992173671722412,2.992173671722412,0.22965481877326965,0.9982695579528809,2.992173671722412,3.0,71.35157775878906,0.06909213960170746,0.002908483147621155,4.237514019012451,173.90999868913076,-0.4896149602980767,173.4203837288327,173.42038671704046,16.0,2.1998887062072754,18,620.970703125,623.646484375
204,204,/yh/study/new_data/model_dataset_flight/vi/vi_000204.jpg,0,1,-707.6273193359375,70.40052032470703,-87.16758728027344,2.1197500228881836,-84.50686645507812,1.835871696472168,-89.28009033203125,9.623729705810547,68.45490264892578,65.77908396281204,3.0,2.999999999999999,2.992173671722412,2.992173671722412,0.22965489327907562,0.9982695579528809,2.992173671722412,3.0,71.35157775878906,0.0690634474158287,0.002930454909801483,4.237514019012451,173.90999868913076,-0.4896139998027247,173.42038468932805,173.4203837288327,16.0,2.1998887062072754,18,624.2055053710938,626.88134765625
205,205,/yh/study/new_data/model_dataset_flight/vi/vi_000205.jpg,0,1,-710.8394775390625,70.8103256225586,-87.48216247558594,2.1533126831054688,-84.82144165039062,1.8694343566894531,-89.28009033203125,9.623729705810547,68.77125549316406,66.09544014098151,3.0,2.999999999999999,2.992173671722412,2.992173671722412,0.22965507209300995,0.9982695579528809,2.992173671722412,3.0,71.35157775878906,0.0692773312330246,0.002859450876712799,4.237514019012451,173.90999868913076,-0.48961287922481395,173.42038580990595,173.42038468932805,16.0,2.1998887062072754,18,627.1268310546875,629.802734375
206,206,/yh/study/new_data/model_dataset_flight/vi/vi_000206.jpg,0,1,-714.0416870117188,71.22013092041016,-87.79673767089844,2.186875343322754,-85.13601684570312,1.9029960632324219,-89.28009033203125,9.623729705810547,69.08761596679688,66.41179677330153,3.0,2.999999999999999,2.992173671722412,2.992173671722412,0.22965526580810547,0.9982695579528809,2.992173671722412,3.0,71.35157775878906,0.06900405883789062,0.00275324285030365,4.237514019012451,173.90999868913076,-0.48961255905969664,173.42038613007105,173.42038580990595,16.0,2.1998887062072754,18,630.038330078125,632.7141723632812
207,207,/yh/study/new_data/model_dataset_flight/vi/vi_000207.jpg,0,1,-717.5553588867188,71.66979217529297,-88.11129760742188,2.2204370498657227,-85.45057678222656,1.936558723449707,-89.28009033203125,9.623729705810547,69.40396881103516,66.72815300511542,3.0,2.999999999999999,2.992173671722412,2.992173671722412,0.2296551764011383,0.9982695579528809,2.992173671722412,3.0,71.35157775878906,0.06947643309831619,0.0029879212379455566,4.237514019012451,173.90999868913076,-0.4896127191422553,173.4203859699885,173.42038613007108,16.0,2.1998887062072754,18,633.2638549804688,635.9396362304688
208,208,/yh/study/new_data/model_dataset_flight/vi/vi_000208.jpg,0,1,-720.7557983398438,72.0793685913086,-88.42587280273438,2.253999710083008,-85.76515197753906,1.9701213836669922,-89.28009033203125,9.623729705810547,69.72032165527344,67.04450887876786,3.0,2.999999999999999,2.992173671722412,2.992173671722412,0.22965538501739502,0.9982695579528809,2.992173671722412,3.0,71.35157775878906,0.06890920549631119,0.0026891082525253296,4.237514019012451,173.90999868913076,-0.48961165192519746,173.42038703720556,173.42038596998853,16.0,2.1998887062072754,18,636.1735229492188,638.8493041992188
209,209,/yh/study/new_data/model_dataset_flight/vi/vi_000209.jpg,0,1,-724.0374145507812,72.50609588623047,-88.74044799804688,2.287562370300293,-86.07972717285156,2.003683090209961,-89.28009033203125,9.623729705810547,70.03668212890625,67.36086523876682,3.0,2.999999999999999,2.992173671722412,2.992173671722412,0.22965550422668457,0.9982695579528809,2.992173671722412,3.0,71.35157775878906,0.06873901933431625,0.0024338141083717346,4.237514019012451,173.90999868913076,-0.4896105847081397,173.4203881044226,173.4203870372056,16.0,2.1998887062072754,18,639.1658325195312,641.8416137695312
210,210,/yh/study/new_data/model_dataset_flight/vi/vi_000210.jpg,0,1,-727.3179931640625,72.93268585205078,-89.05500793457031,2.3211240768432617,-86.39430236816406,2.037245750427246,-89.28009033203125,9.623729705810547,70.35303497314453,67.6772212270516,3.0,2.999999999999999,2.992173671722412,2.992173671722412,0.22965547442436218,0.9982695579528809,2.992173671722412,3.0,71.35157775878906,0.0686156153678894,0.002449609339237213,4.237514019012451,173.90999868913076,-0.4896114384817859,173.420387250649,173.42038810442264,16.0,2.1998887062072754,18,642.1570434570312,644.8328247070312
211,211,/yh/study/new_data/model_dataset_flight/vi/vi_000211.jpg,0,1,-730.6006469726562,73.35954284667969,-89.36958312988281,2.354686737060547,-86.7088623046875,2.0708084106445312,-89.28009033203125,9.623729705810547,70.66939544677734,67.99357768956305,3.0,2.999999999999999,2.992173671722412,2.992173671722412,0.22965550422668457,0.9982695579528809,2.992173671722412,3.0,71.35157775878906,0.06857380270957947,0.0024022236466407776,4.237514019012451,173.90999868913076,-0.48961133176008015,173.42038735737069,173.420387250649,16.0,2.1998887062072754,18,645.1503295898438,647.826171875
212,212,/yh/study/new_data/model_dataset_flight/vi/vi_000212.jpg,0,1,-733.6497192382812,73.7457504272461,-89.68415832519531,2.388249397277832,-87.0234375,2.1043710708618164,-89.28009033203125,9.623729705810547,70.98574829101562,68.30993376952189,3.0,2.999999999999999,2.992173671722412,2.992173671722412,0.22965556383132935,0.9982695579528809,2.992173671722412,3.0,71.35157775878906,0.06809033453464508,0.0021377503871917725,4.237514019012451,173.90999868913076,-0.48960962421278764,173.42038906491797,173.42038735737069,16.0,2.1998887062072754,18,647.9070434570312,650.5828857421875
213,213,/yh/study/new_data/model_dataset_flight/vi/vi_000213.jpg,0,1,-736.6962280273438,74.13162994384766,-89.99873352050781,2.421812057495117,-87.3380126953125,2.137932777404785,-94.0419692993164,4.895564079284668,71.30210876464844,68.62629031401488,3.0,2.999999999999999,2.992173671722412,2.992173671722412,0.22965437173843384,0.9982695579528809,2.992173671722412,3.0,75.58496856689453,0.06814896315336227,0.0022959038615226746,0.9691576957702637,173.90999868913076,-0.4896264862423011,173.42037220288844,173.42038906491797,16.0,2.1998887062072754,18,650.6611938476562,653.3369750976562
214,214,/yh/study/new_data/model_dataset_flight/vi/vi_000214.jpg,0,1,-739.7407836914062,74.51726531982422,-90.31329345703125,2.455373764038086,-87.652587890625,2.1714954376220703,-94.0419692993164,4.895564079284668,71.61846160888672,68.94264646728752,3.0,2.999999999999999,2.992173671722412,2.992173671722412,0.229654461145401,0.9982695579528809,2.992173671722412,3.0,75.58496856689453,0.06821101903915405,0.002395734190940857,0.9691576957702637,173.90999868913076,-0.4896260059946251,173.42037268313612,173.42037220288847,16.0,2.1998887062072754,18,653.413330078125,656.089111328125
215,215,/yh/study/new_data/model_dataset_flight/vi/vi_000215.jpg,0,1,-741.8286743164062,74.81880187988281,-90.62786865234375,2.4889373779296875,-87.96714782714844,2.2050580978393555,-94.0419692993164,4.895564079284668,71.93482208251953,69.259003077343,3.0,2.999999999999999,2.992173671722412,2.992173671722412,0.22965428233146667,0.9982695579528809,2.992173671722412,3.0,75.58496856689453,0.06803948432207108,0.002054177224636078,0.9691576957702637,173.90999868913076,-0.4896264328814482,173.42037225624932,173.42037268313615,16.0,2.1998887062072754,18,655.2053833007812,657.8811645507812
216,216,/yh/study/new_data/model_dataset_flight/vi/vi_000216.jpg,0,1,-743.920654296875,75.12092590332031,-90.94244384765625,2.5224990844726562,-88.28172302246094,2.238619804382324,-94.0419692993164,4.895564079284668,72.25117492675781,69.57535928924632,3.0,2.999999999999999,2.992173671722412,2.992173671722412,0.2296544462442398,0.9982695579528809,2.992173671722412,3.0,75.58496856689453,0.06814359873533249,0.0021890997886657715,0.9691576957702637,173.90999868913076,-0.4896257391903606,173.4203729499404,173.42037225624932,16.0,2.1998887062072754,18,657.0015869140625,659.6773681640625
217,217,/yh/study/new_data/model_dataset_flight/vi/vi_000217.jpg,0,1,-746.2155151367188,75.45235443115234,-91.25700378417969,2.556060791015625,-88.59629821777344,2.2721824645996094,-94.0419692993164,4.895564079284668,72.5675277709961,69.89171514509331,3.0,2.999999999999999,2.992173671722412,2.992173671722412,0.22965458035469055,0.9982695579528809,2.992173671722412,3.0,75.58496856689453,0.06833456456661224,0.002159036695957184,0.9691576957702637,173.90999868913076,-0.48962509886012595,173.42037359027063,173.4203729499404,16.0,2.1998887062072754,18,659.002685546875,661.6784057617188
218,218,/yh/study/new_data/model_dataset_flight/vi/vi_000218.jpg,0,1,-747.0186767578125,75.608154296875,-91.57157897949219,2.5896244049072266,-88.91085815429688,2.3057451248168945,-94.0419692993164,4.895564079284668,72.8838882446289,70.20807148916936,3.0,2.999999999999999,2.992173671722412,2.992173671722412,0.22965463995933533,0.9982695579528809,2.992173671722412,3.0,75.58496856689453,0.06822898238897324,0.0022438690066337585,0.9691576957702637,173.90999868913076,-0.48962504549927305,173.42037364363148,173.42037359027066,16.0,2.1998887062072754,18,659.5017700195312,662.1775512695312
219,219,/yh/study/new_data/model_dataset_flight/vi/vi_000219.jpg,0,1,-747.8226318359375,75.76411437988281,-91.88615417480469,2.6231861114501953,-89.22543334960938,2.3393077850341797,-94.0419692993164,4.895564079284668,73.20024108886719,70.5244274632147,3.0,2.999999999999999,2.992173671722412,2.992173671722412,0.22965458035469055,0.9982695579528809,2.992173671722412,3.0,75.58496856689453,0.06822957843542099,0.0022884011268615723,0.9691576957702637,173.90999868913076,-0.48962541902524326,173.42037327010553,173.4203736436315,16.0,2.1998887062072754,18,660.001708984375,662.6774291992188
220,220,/yh/study/new_data/model_dataset_flight/vi/vi_000220.jpg,0,1,-748.6256713867188,75.91989135742188,-92.20072937011719,2.6567487716674805,-89.54000854492188,2.3728694915771484,-94.0419692993164,4.895564079284668,73.5166015625,70.84078391299224,3.0,2.999999999999999,2.992173671722412,2.992173671722412,0.22965462505817413,0.9982695579528809,2.992173671722412,3.0,75.58496856689453,0.06820770353078842,0.0022964701056480408,0.9691576957702637,173.90999868913076,-0.4896253656643904,173.42037332346638,173.42037327010553,16.0,2.1998887062072754,18,660.500732421875,663.176513671875
221,221,/yh/study/new_data/model_dataset_flight/vi/vi_000221.jpg,0,1,-748.2408447265625,75.89019775390625,-92.51528930664062,2.690310478210449,-89.85458374023438,2.4064321517944336,-94.0419692993164,4.895564079284668,73.83295440673828,71.15713998156347,3.0,2.999999999999999,2.992173671722412,2.992173671722412,0.22965466976165771,0.9982695579528809,2.992173671722412,3.0,75.58496856689453,0.06796425580978394,0.0021514147520065308,0.9691576957702637,173.90999868913076,-0.4896264862423011,173.42037220288844,173.42037332346638,16.0,2.1998887062072754,18,659.7986450195312,662.474365234375
222,222,/yh/study/new_data/model_dataset_flight/vi/vi_000222.jpg,0,1,-747.8563232421875,75.86051940917969,-92.82986450195312,2.723874092102051,-90.16914367675781,2.4399948120117188,-94.0419692993164,4.895564079284668,74.1493148803711,71.47349651587287,3.0,2.999999999999999,2.992173671722412,2.992173671722412,0.22965461015701294,0.9982695579528809,2.992173671722412,3.0,75.58496856689453,0.06811724603176117,0.0022767111659049988,0.9691576957702637,173.90999868913076,-0.4896264862423011,173.42037220288844,173.42037220288847,16.0,2.1998887062072754,18,659.0968627929688,661.7726440429688
223,223,/yh/study/new_data/model_dataset_flight/vi/vi_000223.jpg,0,1,-747.4716186523438,75.8308334350586,-93.14443969726562,2.7574357986450195,-90.48371887207031,2.473557472229004,-94.0419692993164,4.895564079284668,74.46566772460938,71.78985266003859,3.0,2.999999999999999,2.992173671722412,2.992173671722412,0.22965452075004578,0.9982695579528809,2.992173671722412,3.0,75.58496856689453,0.06788157671689987,0.0022614672780036926,0.9691576957702637,173.90999868913076,-0.4896264328814482,173.42037225624932,173.42037220288847,16.0,2.1998887062072754,18,658.3948364257812,661.0706787109375
224,224,/yh/study/new_data/model_dataset_flight/vi/vi_000224.jpg,0,1,-746.4201049804688,75.57859802246094,-93.45901489257812,2.7909984588623047,-90.79829406738281,2.5071191787719727,-94.0419692993164,4.895564079284668,74.78202819824219,72.10620926195001,3.0,2.999999999999999,2.992173671722412,2.992173671722412,0.22965458035469055,0.9982695579528809,2.992173671722412,3.0,75.58496856689453,0.06786713749170303,0.002299793064594269,0.9691576957702637,173.90999868913076,-0.4896257925512135,173.42037289657955,173.42037225624932,16.0,2.1998887062072754,18,657.0054931640625,659.6812744140625
225,225,/yh/study/new_data/model_dataset_flight/vi/vi_000225.jpg,0,1,-745.36767578125,75.32614135742188,-93.77357482910156,2.82456111907959,-91.11286926269531,2.540682792663574,-93.98086547851562,14.411881446838379,75.09838104248047,72.42256546657033,3.0,2.999999999999999,2.9921741485595703,2.9921741485595703,0.22965766489505768,0.9982696771621704,2.992173671722412,3.0,76.53380584716797,0.07268112897872925,0.008067391812801361,8.4999361038208,173.90999868913076,-0.4896149602980767,173.4203837288327,173.42037289657955,16.0,2.1998887062072754,18,655.615234375,658.291015625
226,226,/yh/study/new_data/model_dataset_flight/vi/vi_000226.jpg,0,1,-744.3159790039062,75.07386779785156,-94.08815002441406,2.858123779296875,-91.42742919921875,2.574244499206543,-93.98086547851562,14.411881446838379,75.41474151611328,72.73892212254462,3.0,2.999999999999999,2.9921741485595703,2.9921741485595703,0.22965748608112335,0.9982696771621704,2.9921746253967285,3.0,76.53380584716797,0.07263238728046417,0.007941387593746185,8.4999361038208,173.90999868913076,-0.48961544054575273,173.420383248585,173.4203837288327,16.0,2.1998887062072754,18,654.2257690429688,656.9015502929688
227,227,/yh/study/new_data/model_dataset_flight/vi/vi_000227.jpg,0,1,-743.0457763671875,74.80661010742188,-94.40272521972656,2.8916854858398438,-91.74200439453125,2.6078062057495117,-93.98086547851562,14.411881446838379,75.73109436035156,73.05527837551186,3.0,2.999999999999999,2.9921741485595703,2.9921741485595703,0.229657381772995,0.9982696771621704,2.9921741485595703,3.0,76.53380584716797,0.07254191488027573,0.007804848253726959,8.4999361038208,173.90999868913076,-0.4896154939066056,173.42038319522416,173.420383248585,16.0,2.1998887062072754,18,652.6174926757812,655.2932739257812
228,228,/yh/study/new_data/model_dataset_flight/vi/vi_000228.jpg,0,1,-741.7759399414062,74.53942108154297,-94.71728515625,2.9252471923828125,-92.05657958984375,2.641368865966797,-98.71219635009766,14.441872596740723,76.04744720458984,73.37163426808115,3.0,2.999999999999999,2.9921741485595703,2.9921741485595703,0.22965767979621887,0.9982696771621704,2.9921741485595703,3.0,81.24161529541016,0.07105179876089096,0.006954863667488098,8.027809143066406,173.90999868913076,-0.4896242984473326,173.42037439068343,173.42038319522416,16.0,2.1998887062072754,18,651.0095825195312,653.6853637695312
229,229,/yh/study/new_data/model_dataset_flight/vi/vi_000229.jpg,0,1,-740.5067138671875,74.2723617553711,-95.0318603515625,2.9588098526000977,-92.37113952636719,2.674931526184082,-98.71219635009766,14.441872596740723,76.36380767822266,73.68799064499692,3.0,2.999999999999999,2.9921741485595703,2.9921741485595703,0.22965775430202484,0.9982696771621704,2.9921741485595703,3.0,81.24161529541016,0.07104963064193726,0.006865382194519043,8.027809143066406,173.90999868913076,-0.48962419172562677,173.42037449740513,173.42037439068343,16.0,2.1998887062072754,18,649.40234375,652.078125
230,230,/yh/study/new_data/model_dataset_flight/vi/vi_000230.jpg,0,1,-738.8037719726562,74.19439697265625,-95.346435546875,2.992372512817383,-92.68571472167969,2.708494186401367,-98.71219635009766,14.441872596740723,76.68016052246094,74.00434664840992,3.0,2.999999999999999,2.9921741485595703,2.9921741485595703,0.2296580672264099,0.9982696771621704,2.9921741485595703,3.0,81.24161529541016,0.07110024988651276,0.006812103092670441,8.027809143066406,173.90999868913076,-0.4896258459120664,173.4203728432187,173.42037449740513,16.0,2.1998887062072754,18,647.384765625,650.060546875
231,231,/yh/study/new_data/model_dataset_flight/vi/vi_000231.jpg,0,1,-737.1023559570312,74.11650848388672,-95.6610107421875,3.025935173034668,-93.00028991699219,2.742055892944336,-98.71219635009766,14.441872596740723,76.99652099609375,74.32070312445012,3.0,2.999999999999999,2.9921741485595703,2.9921741485595703,0.22965839505195618,0.9982696771621704,2.9921741485595703,3.0,81.24161529541016,0.07110990583896637,0.006661355495452881,8.027809143066406,173.90999868913076,-0.4896277135419176,173.42037097558884,173.4203728432187,16.0,2.1998887062072754,18,645.3687744140625,648.0445556640625
232,232,/yh/study/new_data/model_dataset_flight/vi/vi_000232.jpg,0,1,-735.4005126953125,74.0385971069336,-95.97557067871094,3.0594968795776367,-93.31486511230469,2.7756195068359375,-98.71219635009766,14.441872596740723,77.31287384033203,74.63705921650732,3.0,2.999999999999999,2.9921741485595703,2.9921741485595703,0.2296583652496338,0.9982696771621704,2.9921741485595703,3.0,81.24161529541016,0.07116180658340454,0.006826318800449371,8.027809143066406,173.90999868913076,-0.48962723329424157,173.42037145583652,173.42037097558887,16.0,2.1998887062072754,18,643.3523559570312,646.0281372070312
233,233,/yh/study/new_data/model_dataset_flight/vi/vi_000233.jpg,0,1,-732.982421875,73.9236831665039,-96.29014587402344,3.0930604934692383,-93.62942504882812,2.8091812133789062,-98.71219635009766,14.441872596740723,77.62923431396484,74.95341577181956,3.0,2.999999999999999,2.9921741485595703,2.9921741485595703,0.22965851426124573,0.9982696771621704,2.9921741485595703,3.0,81.24161529541016,0.07118700444698334,0.006453678011894226,8.027809143066406,173.90999868913076,-0.48962878075897537,173.42036990837178,173.42037145583652,16.0,2.1998887062072754,18,640.6199951171875,643.2958374023438
234,234,/yh/study/new_data/model_dataset_flight/vi/vi_000234.jpg,0,1,-730.5607299804688,73.80860137939453,-96.60472106933594,3.126622200012207,-93.94400024414062,2.8427438735961914,-98.71219635009766,14.441872596740723,77.94558715820312,75.26977193476755,3.0,2.999999999999999,2.9921741485595703,2.9921741485595703,0.2296585589647293,0.9982696771621704,2.9921741485595703,3.0,81.24161529541016,0.07116168737411499,0.0064719319343566895,8.027809143066406,173.90999868913076,-0.4896287273981225,173.42036996173263,173.42036990837178,16.0,2.1998887062072754,18,637.8840942382812,640.5598754882812
235,235,/yh/study/new_data/model_dataset_flight/vi/vi_000235.jpg,0,1,-727.904541015625,73.682373046875,-96.91929626464844,3.160184860229492,-94.25857543945312,2.87630558013916,-98.71219635009766,14.441872596740723,78.26194763183594,75.58612855347542,3.0,2.999999999999999,2.9921741485595703,2.9921741485595703,0.22965851426124573,0.9982696771621704,2.9921741485595703,3.0,81.24161529541016,0.07106742262840271,0.006454192101955414,8.027809143066406,173.90999868913076,-0.48962830051129935,173.42037038861946,173.42036996173266,16.0,2.1998887062072754,18,634.9139404296875,637.5897827148438
236,236,/yh/study/new_data/model_dataset_flight/vi/vi_000236.jpg,0,1,-723.4256591796875,73.21475219726562,-97.23385620117188,3.193746566772461,-94.57313537597656,2.9098682403564453,-98.71219635009766,14.441872596740723,78.57830047607422,75.90248477311634,3.0,2.999999999999999,2.9921741485595703,2.9921741485595703,0.22965863347053528,0.9982696771621704,2.9921741485595703,3.0,81.24161529541016,0.0711032822728157,0.006261467933654785,8.027809143066406,173.90999868913076,-0.48962846059385806,173.4203702285369,173.42037038861946,16.0,2.1998887062072754,18,630.094482421875,632.7703247070312
237,237,/yh/study/new_data/model_dataset_flight/vi/vi_000237.jpg,0,1,-718.9481811523438,72.74728393554688,-97.54843139648438,3.227309226989746,-94.88771057128906,2.9434309005737305,-98.71219635009766,14.441872596740723,78.8946533203125,76.21884063588284,3.0,2.999999999999999,2.9921741485595703,2.9921741485595703,0.2296585589647293,0.9982696771621704,2.9921741485595703,3.0,81.24161529541016,0.07118084281682968,0.006414055824279785,8.027809143066406,173.90999868913076,-0.48962883411982827,173.42036985501093,173.4203702285369,16.0,2.1998887062072754,18,625.2764892578125,627.9522705078125
238,238,/yh/study/new_data/model_dataset_flight/vi/vi_000238.jpg,0,1,-715.749267578125,72.34666442871094,-97.86300659179688,3.2608718872070312,-95.20228576660156,2.976992607116699,-98.71219635009766,14.441872596740723,79.21101379394531,76.53519698614681,3.0,2.999999999999999,2.9921741485595703,2.9921741485595703,0.22965851426124573,0.9982696771621704,2.9921741485595703,3.0,81.24161529541016,0.07115403562784195,0.0064141154289245605,8.027809143066406,173.90999868913076,-0.4896280870678878,173.42037060206286,173.42036985501093,16.0,2.1998887062072754,18,621.7364501953125,624.4122924804688
239,239,/yh/study/new_data/model_dataset_flight/vi/vi_000239.jpg,0,1,-712.5479736328125,71.94573974609375,-98.17756652832031,3.29443359375,-95.51686096191406,3.0105552673339844,-98.71219635009766,14.441872596740723,79.5273666381836,76.85155296572586,3.0,2.999999999999999,2.9921741485595703,2.9921741485595703,0.22965824604034424,0.9982696771621704,2.9921741485595703,3.0,81.24161529541016,0.07138568162918091,0.006668798625469208,8.027809143066406,173.90999868913076,-0.48962798034618205,173.4203707087846,173.4203706020629,16.0,2.1998887062072754,18,618.1941528320312,620.8699340820312
240,240,/yh/study/new_data/model_dataset_flight/vi/vi_000240.jpg,0,1,-709.3484497070312,71.54503631591797,-98.49214172363281,3.3279972076416016,-95.8314208984375,3.0441179275512695,-98.71219635009766,14.441872596740723,79.8437271118164,77.16790942045202,3.0,2.999999999999999,2.9921741485595703,2.9921741485595703,0.229658305644989,0.9982696771621704,2.9921741485595703,3.0,81.24161529541016,0.07135090976953506,0.00671820342540741,8.027809143066406,173.90999868913076,-0.4896273400159473,173.42037134911482,173.4203707087846,16.0,2.1998887062072754,18,614.653564453125,617.329345703125
241,241,/yh/study/new_data/model_dataset_flight/vi/vi_000241.jpg,0,1,-706.1504516601562,71.17790222167969,-98.80671691894531,3.3615589141845703,-96.14599609375,3.0776805877685547,-98.71219635009766,14.441872596740723,80.16007995605469,77.48426549344867,3.0,2.999999999999999,2.9921741485595703,2.9921741485595703,0.22965818643569946,0.9982696771621704,2.9921741485595703,3.0,81.24161529541016,0.07134000957012177,0.006794370710849762,8.027809143066406,173.90999868913076,-0.48962803370703495,173.42037065542374,173.42037134911482,16.0,2.1998887062072754,18,611.1182250976562,613.7940063476562
242,242,/yh/study/new_data/model_dataset_flight/vi/vi_000242.jpg,0,1,-702.950439453125,70.81053924560547,-99.12129211425781,3.3951215744018555,-96.4605712890625,3.1112422943115234,-98.71219635009766,14.441872596740723,80.4764404296875,77.80062203171559,3.0,2.999999999999999,2.9921741485595703,2.9921741485595703,0.2296583652496338,0.9982696771621704,2.9921741485595703,3.0,81.24161529541016,0.07129962742328644,0.006566926836967468,8.027809143066406,173.90999868913076,-0.48962835387215226,173.4203703352586,173.42037065542374,16.0,2.1998887062072754,18,607.5808715820312,610.2566528320312
243,243,/yh/study/new_data/model_dataset_flight/vi/vi_000243.jpg,0,1,-699.7487182617188,70.4429702758789,-99.43585205078125,3.428683280944824,-96.775146484375,3.1448049545288086,-112.90618133544922,14.531837463378906,80.79279327392578,78.11697817942041,3.0,2.999999999999999,2.992173671722412,2.992173671722412,0.22965484857559204,0.9982695579528809,2.9921741485595703,3.0,93.80062103271484,0.07039880007505417,0.00286053866147995,6.793987274169922,173.90999868913076,-0.4896103179038752,173.4203883712269,173.4203703352586,16.0,2.1998887062072754,18,604.041748046875,606.717529296875
244,244,/yh/study/new_data/model_dataset_flight/vi/vi_000244.jpg,0,1,-696.5949096679688,70.09808349609375,-99.75042724609375,3.462246894836426,-97.08970642089844,3.1783676147460938,-112.90618133544922,14.531837463378906,81.1091537475586,78.43333478449676,3.0,2.999999999999999,2.992173671722412,2.992173671722412,0.2296549379825592,0.9982695579528809,2.992173194885254,3.0,94.11698150634766,0.07046524435281754,0.0029091909527778625,6.728187561035156,173.90999868913076,-0.4896086637174356,173.42039002541333,173.4203883712269,16.0,2.1998887062072754,18,600.5527954101562,603.2285766601562
245,245,/yh/study/new_data/model_dataset_flight/vi/vi_000245.jpg,0,1,-693.4392700195312,69.75299835205078,-100.06500244140625,3.4958086013793945,-97.40428161621094,3.2119293212890625,-112.90618133544922,14.531837463378906,81.42550659179688,78.74969099194739,3.0,2.999999999999999,2.992173671722412,2.992173671722412,0.22965489327907562,0.9982695579528809,2.992173671722412,3.0,94.43333435058594,0.07066038995981216,0.0033747106790542603,6.6767449378967285,173.90999868913076,-0.4896081834697596,173.420390505661,173.42039002541333,16.0,2.1998887062072754,18,597.06201171875,599.73779296875
246,246,/yh/study/new_data/model_dataset_flight/vi/vi_000246.jpg,0,1,-690.28173828125,69.40769958496094,-100.37956237792969,3.5293703079223633,-97.71885681152344,3.2454919815063477,-112.90618133544922,14.531837463378906,81.74185943603516,79.06604684381244,3.0,2.999999999999999,2.992173671722412,2.992173671722412,0.2296546995639801,0.9982695579528809,2.992173671722412,3.0,94.74968719482422,0.07102667540311813,0.0044084712862968445,6.639993667602539,173.90999868913076,-0.4896061023964968,173.42039258673427,173.420390505661,16.0,2.1998887062072754,18,593.5693359375,596.2450561523438
247,247,/yh/study/new_data/model_dataset_flight/vi/vi_000247.jpg,0,1,-687.0963745117188,69.0923843383789,-100.69413757324219,3.562933921813965,-98.03341674804688,3.279054641723633,-112.90618133544922,14.531837463378906,82.05821990966797,79.38240318432756,3.0,2.999999999999999,2.992173671722412,2.992173671722412,0.22965475916862488,0.9982695579528809,2.992173671722412,3.0,95.06604766845703,0.07092577964067459,0.0037683844566345215,6.618175983428955,173.90999868913076,-0.48960668936587864,173.4203919997649,173.42039258673427,16.0,2.1998887062072754,18,590.05224609375,592.7281494140625
248,248,/yh/study/new_data/model_dataset_flight/vi/vi_000248.jpg,0,1,-683.9093627929688,68.77690887451172,-101.00871276855469,3.5964956283569336,-98.34799194335938,3.312617301940918,-112.90618133544922,14.531837463378906,82.37457275390625,79.69875915518847,3.0,2.999999999999999,2.992173671722412,2.992173671722412,0.2296547293663025,0.9982695579528809,2.992173671722412,3.0,95.36503601074219,0.07092265784740448,0.0037058815360069275,6.6114182472229,173.90999868913076,-0.4896064759224671,173.4203922132083,173.4203919997649,16.0,2.1998887062072754,18,586.5335693359375,589.2094116210938
249,249,/yh/study/new_data/model_dataset_flight/vi/vi_000249.jpg,0,1,-680.722900390625,68.46148681640625,-101.32328796386719,3.6300582885742188,-98.66256713867188,3.3461790084838867,-112.90618133544922,14.531837463378906,82.69093322753906,80.01511560211826,3.0,2.999999999999999,2.992173671722412,2.992173671722412,0.22965478897094727,0.9982695579528809,2.992173671722412,3.0,95.36503601074219,0.07093609869480133,0.003442227840423584,6.6114182472229,173.90999868913076,-0.48960594231393817,173.42039274681682,173.42039221320832,16.0,2.1998887062072754,18,583.0154418945312,585.6912231445312
250,250,/yh/study/new_data/model_dataset_flight/vi/vi_000250.jpg,0,1,-677.4625244140625,68.1313247680664,-101.63784790039062,3.663620948791504,-98.97714233398438,3.3797426223754883,-112.90618133544922,14.531837463378906,83.00728607177734,80.33147166814284,3.0,2.999999999999999,2.992173671722412,2.992173671722412,0.22965462505817413,0.9982695579528809,2.992173671722412,3.0,95.36503601074219,0.07100053876638412,0.00376196950674057,6.6114182472229,173.90999868913076,-0.48960620911820263,173.42039248001257,173.42039274681684,16.0,2.1998887062072754,18,579.4223022460938,582.0980224609375
251,251,/yh/study/new_data/model_dataset_flight/vi/vi_000251.jpg,0,1,-674.2022705078125,67.80116271972656,-101.95242309570312,3.697183609008789,-99.29170227050781,3.413304328918457,-112.90618133544922,14.531837463378906,83.32364654541016,80.64782820017481,3.0,2.999999999999999,2.992173671722412,2.992173671722412,0.22965462505817413,0.9982695579528809,2.992173671722412,3.0,95.36503601074219,0.07074905931949615,0.003389008343219757,6.6114182472229,173.90999868913076,-0.48960674272673155,173.42039194640404,173.42039248001257,16.0,2.1998887062072754,18,575.8291625976562,578.5049438476562
252,252,/yh/study/new_data/model_dataset_flight/vi/vi_000252.jpg,0,1,-670.9393310546875,67.47074127197266,-102.26699829101562,3.730745315551758,-99.60627746582031,3.446866989135742,-112.90618133544922,14.531837463378906,83.63999938964844,80.96418434230391,3.0,2.999999999999999,2.992173671722412,2.992173671722412,0.229654461145401,0.9982695579528809,2.992173671722412,3.0,95.36503601074219,0.07103786617517471,0.004104308784008026,6.6114182472229,173.90999868913076,-0.4896053019837035,173.42039338714704,173.42039194640404,16.0,2.1998887062072754,18,572.2333984375,574.9091796875
253,253,/yh/study/new_data/model_dataset_flight/vi/vi_000253.jpg,0,1,-667.6696166992188,67.14066314697266,-102.58157348632812,3.764307975769043,-99.92085266113281,3.480428695678711,-112.90618133544922,14.531837463378906,83.95635986328125,81.28054094239404,3.0,2.999999999999999,2.992173433303833,2.992173433303833,0.229653999209404,0.9982694387435913,2.992173671722412,3.0,95.36503601074219,0.07141529768705368,0.006036229431629181,6.6114182472229,173.90999868913076,-0.48959969909414996,173.4203989900366,173.42039338714707,16.0,2.1998887062072754,18,568.630859375,571.3067016601562
254,254,/yh/study/new_data/model_dataset_flight/vi/vi_000254.jpg,0,1,-664.3983764648438,66.81043243408203,-102.89613342285156,3.797870635986328,-100.23542785644531,3.5139923095703125,-112.90618133544922,14.531837463378906,84.27271270751953,81.59689714538563,3.0,2.999999999999999,2.992173433303833,2.992173433303833,0.2296544313430786,0.9982694387435913,2.992173194885254,3.0,95.36503601074219,0.07141029834747314,0.005147948861122131,6.6114182472229,173.90999868913076,-0.4896035410755581,173.4203951480552,173.42039899003663,16.0,2.1998887062072754,18,565.02685546875,567.70263671875
255,255,/yh/study/new_data/model_dataset_flight/vi/vi_000255.jpg,0,1,-661.1251220703125,66.4800033569336,-103.21070861816406,3.8314332962036133,-100.54998779296875,3.5475540161132812,-112.90618133544922,14.531837463378906,84.58907318115234,81.91325379990339,3.0,2.999999999999999,2.992173671722412,2.992173671722412,0.22965480387210846,0.9982695579528809,2.992173433303833,3.0,95.36503601074219,0.07094023376703262,0.0038263052701950073,6.6114182472229,173.90999868913076,-0.4896063158399084,173.42039237329084,173.4203951480552,16.0,2.1998887062072754,18,561.4208374023438,564.0966186523438
256,256,/yh/study/new_data/model_dataset_flight/vi/vi_000256.jpg,0,1,-657.9371337890625,66.1640853881836,-103.52528381347656,3.864995002746582,-100.86456298828125,3.58111572265625,-112.90618133544922,14.531837463378906,84.90542602539062,82.22961005156809,3.0,2.999999999999999,2.992173671722412,2.992173671722412,0.2296546995639801,0.9982695579528809,2.992173910140991,3.0,95.36503601074219,0.07077623903751373,0.0033851638436317444,6.6114182472229,173.90999868913076,-0.48960829019146535,173.4203903989393,173.42039237329087,16.0,2.1998887062072754,18,557.9011840820312,560.576904296875
257,257,/yh/study/new_data/model_dataset_flight/vi/vi_000257.jpg,0,1,-654.7457885742188,65.84784698486328,-103.83984375,3.898557662963867,-101.17913818359375,3.6146793365478516,-112.90618133544922,14.531837463378906,85.2217788696289,82.54596594297256,3.0,2.999999999999999,2.992173671722412,2.992173671722412,0.22965453565120697,0.9982695579528809,2.992173671722412,3.0,95.36503601074219,0.07114958763122559,0.0041148364543914795,6.6114182472229,173.90999868913076,-0.48960658264417284,173.4203921064866,173.4203903989393,16.0,2.1998887062072754,18,554.3781127929688,557.0538330078125
258,258,/yh/study/new_data/model_dataset_flight/vi/vi_000258.jpg,0,1,-651.2394409179688,65.5003890991211,-104.1544189453125,3.9321203231811523,-101.49369812011719,3.6482410430908203,-112.90618133544922,14.531837463378906,85.53813934326172,82.86232231884667,3.0,2.999999999999999,2.992173671722412,2.992173671722412,0.2296563684940338,0.9982695579528809,2.992173671722412,3.0,95.36503601074219,0.07384677231311798,0.009026430547237396,6.6114182472229,173.90999868913076,-0.48961762834072126,173.42038106079005,173.4203921064866,16.0,2.1998887062072754,18,550.5385131835938,553.2142944335938
259,259,/yh/study/new_data/model_dataset_flight/vi/vi_000259.jpg,0,1,-647.942626953125,65.1369400024414,-104.46897888183594,3.965682029724121,-101.80827331542969,3.6818037033081055,-112.90618133544922,14.531837463378906,85.8544921875,83.17867832132814,3.0,2.999999999999999,2.992173671722412,2.992173671722412,0.2296564280986786,0.9982695579528809,2.992173671722412,3.0,95.36503601074219,0.07395966351032257,0.009119637310504913,6.6114182472229,173.90999868913076,-0.48961704137133943,173.42038164775943,173.42038106079005,16.0,2.1998887062072754,18,546.9053955078125,549.5811767578125
260,260,/yh/study/new_data/model_dataset_flight/vi/vi_000260.jpg,0,1,-644.6431274414062,64.77320098876953,-104.78355407714844,3.9992446899414062,-102.12284851074219,3.715365409851074,-112.90618133544922,14.531837463378906,86.17085266113281,83.4950347965353,3.0,2.999999999999999,2.992173671722412,2.992173671722412,0.22965627908706665,0.9982695579528809,2.992173671722412,3.0,95.36503601074219,0.07362224161624908,0.009208351373672485,6.6114182472229,173.90999868913076,-0.4896193892488666,173.4203792998819,173.42038164775943,16.0,2.1998887062072754,18,543.26953125,545.9453125
261,261,/yh/study/new_data/model_dataset_flight/vi/vi_000261.jpg,0,1,-641.3435668945312,64.40945434570312,-105.09812927246094,4.032807350158691,-102.43742370605469,3.748929023742676,-112.90618133544922,14.531837463378906,86.4872055053711,83.81139088784754,3.0,2.999999999999999,2.992173671722412,2.992173671722412,0.2296563982963562,0.9982695579528809,2.992173671722412,3.0,95.36503601074219,0.07389779388904572,0.009036771953105927,6.6114182472229,173.90999868913076,-0.48961698801048653,173.42038170112028,173.42037929988192,16.0,2.1998887062072754,18,539.6336669921875,542.3093872070312
262,262,/yh/study/new_data/model_dataset_flight/vi/vi_000262.jpg,0,1,-638.0413818359375,64.03466796875,-105.41270446777344,4.066370010375977,-102.75198364257812,3.7824907302856445,-112.90618133544922,14.531837463378906,86.8035659790039,84.12774744249357,3.0,2.999999999999999,2.992173671722412,2.992173671722412,0.22965632379055023,0.9982695579528809,2.992173671722412,3.0,95.36503601074219,0.07361874729394913,0.009084753692150116,6.6114182472229,173.90999868913076,-0.4896190157228964,173.42037967340787,173.42038170112028,16.0,2.1998887062072754,18,535.993896484375,538.6697387695312
263,263,/yh/study/new_data/model_dataset_flight/vi/vi_000263.jpg,0,1,-634.7399291992188,63.65995788574219,-105.72726440429688,4.099931716918945,-103.06655883789062,3.8160533905029297,-112.90618133544922,14.531837463378906,87.11991882324219,84.44410360484578,3.0,2.999999999999999,2.992173671722412,2.992173671722412,0.22965632379055023,0.9982695579528809,2.992173671722412,3.0,95.36503601074219,0.07360664010047913,0.009049288928508759,6.6114182472229,173.90999868913076,-0.48961874891863194,173.42037994021211,173.42037967340787,16.0,2.1998887062072754,18,532.35498046875,535.0306396484375
264,264,/yh/study/new_data/model_dataset_flight/vi/vi_000264.jpg,0,1,-631.4374389648438,63.28512954711914,-106.04183959960938,4.1334943771362305,-103.38113403320312,3.849616050720215,-112.90618133544922,14.531837463378906,87.436279296875,84.76046022302087,3.0,2.999999999999999,2.992173671722412,2.992173671722412,0.2296558916568756,0.9982695579528809,2.992173671722412,3.0,95.36503601074219,0.07303910702466965,0.009257011115550995,6.6114182472229,173.90999868913076,-0.48962200393065824,173.4203766852001,173.42037994021214,16.0,2.1998887062072754,18,528.7149047851562,531.3906860351562
265,265,/yh/study/new_data/model_dataset_flight/vi/vi_000265.jpg,0,1,-628.2564697265625,62.93982696533203,-106.35641479492188,4.167057037353516,-103.69569396972656,3.8831777572631836,-112.90618133544922,14.531837463378906,87.75263214111328,85.07681644218535,3.0,2.999999999999999,2.992173671722412,2.992173671722412,0.22965481877326965,0.9982695579528809,2.992173671722412,3.0,95.36503601074219,0.07171598821878433,0.007542550563812256,6.6114182472229,173.90999868913076,-0.48962333795198054,173.4203753511788,173.42037668520013,16.0,2.1998887062072754,18,525.1989135742188,527.8746948242188
266,266,/yh/study/new_data/model_dataset_flight/vi/vi_000266.jpg,0,1,-624.7681884765625,62.56117630004883,-106.67097473144531,4.200618743896484,-104.01026916503906,3.9167404174804688,-112.90618133544922,14.531837463378906,88.06898498535156,85.39317230452576,3.0,2.999999999999999,2.992173433303833,2.992173433303833,0.2296541929244995,0.9982694387435913,2.992173671722412,3.0,95.36503601074219,0.07123354077339172,0.005535908043384552,6.6114182472229,173.90999868913076,-0.4896228043434516,173.42037588478732,173.4203753511788,16.0,2.1998887062072754,18,521.3739013671875,524.049560546875
267,267,/yh/study/new_data/model_dataset_flight/vi/vi_000267.jpg,0,1,-621.5926513671875,62.21646499633789,-106.98554992675781,4.2341814041137695,-104.32484436035156,3.950303077697754,-117.69860076904297,5.045505523681641,88.38534545898438,85.7095286544087,3.0,2.999999999999999,2.992173194885254,2.992173194885254,0.22965283691883087,0.9982694387435913,2.992173194885254,3.0,99.1240005493164,0.07024195790290833,0.0005612373352050781,3.3298072814941406,173.90999868913076,-0.4896200829399542,173.4203786061908,173.42037588478732,16.0,2.1998887062072754,18,517.8633422851562,520.5390625
268,268,/yh/study/new_data/model_dataset_flight/vi/vi_000268.jpg,0,1,-618.3226928710938,61.89715576171875,-107.30012512207031,4.267744064331055,-104.63941955566406,3.983865737915039,-117.69860076904297,5.045505523681641,88.70169830322266,86.025884633647,3.0,2.999999999999999,2.992173194885254,2.992173194885254,0.22965247929096222,0.9982694387435913,2.992172956466675,3.0,99.1240005493164,0.0722108855843544,0.0031937584280967712,3.3298072814941406,173.90999868913076,-0.48961810858839727,173.42038058054237,173.4203786061908,16.0,2.1998887062072754,18,514.2618408203125,516.9375610351562
269,269,/yh/study/new_data/model_dataset_flight/vi/vi_000269.jpg,0,1,-615.0549926757812,61.578067779541016,-107.61470031738281,4.30130672454834,-104.9539794921875,4.017427444458008,-117.69860076904297,5.045505523681641,89.01805877685547,86.34224108806843,3.0,2.999999999999999,2.992173194885254,2.992173194885254,0.22965292632579803,0.9982694387435913,2.992173194885254,3.0,99.1240005493164,0.07056125998497009,0.000972263514995575,3.3298072814941406,173.90999868913076,-0.48961922916630796,173.42037945996447,173.42038058054237,16.0,2.1998887062072754,18,510.66259765625,513.33837890625
270,270,/yh/study/new_data/model_dataset_flight/vi/vi_000270.jpg,0,1,-611.7886352539062,61.259117126464844,-107.92926025390625,4.334868431091309,-105.2685546875,4.050990104675293,-117.69860076904297,5.045505523681641,89.33441162109375,86.6585971607926,3.0,2.999999999999999,2.992173194885254,2.992173194885254,0.22965256869792938,0.9982694387435913,2.992173194885254,3.0,99.1240005493164,0.0718020349740982,0.0026470422744750977,3.3298072814941406,173.90999868913076,-0.4896190157228964,173.42037967340787,173.42037945996447,16.0,2.1998887062072754,18,507.0647277832031,509.740478515625
271,271,/yh/study/new_data/model_dataset_flight/vi/vi_000271.jpg,0,1,-609.2074584960938,61.02897644042969,-108.24383544921875,4.368431091308594,-105.5831298828125,4.084552764892578,-117.69860076904297,5.045505523681641,89.65077209472656,86.97495369881582,3.0,2.999999999999999,2.992173194885254,2.992173194885254,0.22965291142463684,0.9982694387435913,2.992173194885254,3.0,99.1240005493164,0.07069089263677597,0.0010944977402687073,3.3298072814941406,173.90999868913076,-0.48961997621824843,173.4203787129125,173.42037967340787,16.0,2.1998887062072754,18,504.1576843261719,506.83343505859375
272,272,/yh/study/new_data/model_dataset_flight/vi/vi_000272.jpg,0,1,-606.6270751953125,60.798919677734375,-108.55841064453125,4.401993751525879,-105.897705078125,4.118115425109863,-112.90618133544922,14.531837463378906,89.96712493896484,87.29130984630272,3.0,2.999999999999999,2.992173671722412,2.992173671722412,0.22965547442436218,0.9982695579528809,2.992173194885254,3.0,95.36503601074219,0.0723002478480339,0.009191334247589111,6.6114182472229,173.90999868913076,-0.4896212035178649,173.4203774856129,173.4203787129125,16.0,2.1998887062072754,18,501.2514343261719,503.9272155761719
273,273,/yh/study/new_data/model_dataset_flight/vi/vi_000273.jpg,0,1,-604.047607421875,60.56893539428711,-108.87298583984375,4.435556411743164,-106.21226501464844,4.151677131652832,-112.90618133544922,14.531837463378906,90.28348541259766,87.60766645118419,3.0,2.999999999999999,2.992173671722412,2.992173671722412,0.22965598106384277,0.9982695579528809,2.9921741485595703,3.0,95.36503601074219,0.06935393065214157,0.002528153359889984,6.6114182472229,173.90999868913076,-0.4895960705561534,173.4204026185746,173.4203774856129,16.0,2.1998887062072754,18,498.34613037109375,501.0218811035156
274,274,/yh/study/new_data/model_dataset_flight/vi/vi_000274.jpg,0,1,-603.1896362304688,60.42048645019531,-109.18754577636719,4.469118118286133,-106.52684020996094,4.185239791870117,-112.90618133544922,14.531837463378906,90.59983825683594,87.92402265846053,3.0,2.999999999999999,2.992173671722412,2.992173671722412,0.22965645790100098,0.9982695579528809,2.992173671722412,3.0,95.36503601074219,0.0705687552690506,0.004919111728668213,6.6114182472229,173.90999868913076,-0.48959217521389237,173.42040651391687,173.42040261857463,16.0,2.1998887062072754,18,497.1605529785156,499.8363037109375
275,275,/yh/study/new_data/model_dataset_flight/vi/vi_000275.jpg,0,1,-602.3318481445312,60.272071838378906,-109.50212097167969,4.502680778503418,-106.84141540527344,4.218802452087402,-112.90618133544922,14.531837463378906,90.91619110107422,88.24037851016973,3.0,2.999999999999999,2.992173671722412,2.992173671722412,0.22965598106384277,0.9982695579528809,2.992173671722412,3.0,95.36503601074219,0.06911312788724899,0.0021587908267974854,6.6114182472229,173.90999868913076,-0.48959617727785915,173.4204025118529,173.42040651391687,16.0,2.1998887062072754,18,495.97515869140625,498.6509094238281
276,276,/yh/study/new_data/model_dataset_flight/vi/vi_000276.jpg,0,1,-601.4740600585938,60.1236572265625,-109.81669616699219,4.536243438720703,-107.15597534179688,4.252364158630371,-112.90618133544922,14.531837463378906,91.23255157470703,88.55673485054548,3.0,2.999999999999999,2.992173671722412,2.992173671722412,0.22965562343597412,0.9982695579528809,2.992173671722412,3.0,95.36503601074219,0.0684705302119255,0.0008139386773109436,6.6114182472229,173.90999868913076,-0.48959841843368057,173.4204002706971,173.4204025118529,16.0,2.1998887062072754,18,494.7897644042969,497.4655456542969
277,277,/yh/study/new_data/model_dataset_flight/vi/vi_000277.jpg,0,1,-601.4366455078125,60.10139465332031,-110.13125610351562,4.569805145263672,-107.47055053710938,4.285926818847656,-112.90618133544922,14.531837463378906,91.54890441894531,88.87309082128176,3.0,2.999999999999999,2.992173671722412,2.992173671722412,0.2296571284532547,0.9982695579528809,2.992173671722412,3.0,95.36503601074219,0.07392892241477966,0.009408168494701385,6.6114182472229,173.90999868913076,-0.4895873193762793,173.42041136975448,173.4204002706971,16.0,2.1998887062072754,18,494.4337463378906,497.1094970703125
278,278,/yh/study/new_data/model_dataset_flight/vi/vi_000278.jpg,0,1,-601.399169921875,60.07913589477539,-110.44583129882812,4.603368759155273,-107.78512573242188,4.319489479064941,-112.90618133544922,14.531837463378906,91.86526489257812,89.18944726810008,3.0,2.999999999999999,2.992173671722412,2.992173671722412,0.2296571284532547,0.9982695579528809,2.992173671722412,3.0,95.36503601074219,0.07454905658960342,0.00946006178855896,6.6114182472229,173.90999868913076,-0.48958705257201485,173.42041163655875,173.4204113697545,16.0,2.1998887062072754,18,494.0776672363281,496.75341796875
279,279,/yh/study/new_data/model_dataset_flight/vi/vi_000279.jpg,0,1,-601.3616943359375,60.05686569213867,-110.76040649414062,4.636930465698242,-108.09970092773438,4.353052139282227,-112.90618133544922,14.531837463378906,92.1816177368164,89.50580333402498,3.0,2.999999999999999,2.992173671722412,2.992173671722412,0.22965732216835022,0.9982695579528809,2.992173671722412,3.0,95.36503601074219,0.0748937726020813,0.009533137083053589,6.6114182472229,173.90999868913076,-0.48958753281969086,173.42041115631108,173.42041163655875,16.0,2.1998887062072754,18,493.7215881347656,496.3973388671875
280,280,/yh/study/new_data/model_dataset_flight/vi/vi_000280.jpg,0,1,-601.0995483398438,60.101402282714844,-111.07498168945312,4.670493125915527,-108.41426086425781,4.386613845825195,-112.90618133544922,14.531837463378906,92.49797821044922,89.82215986596782,3.0,2.999999999999999,2.992173671722412,2.992173671722412,0.22965696454048157,0.9982695579528809,2.992173671722412,3.0,95.36503601074219,0.07260222733020782,0.008680470287799835,6.6114182472229,173.90999868913076,-0.4895880130673669,173.4204106760634,173.42041115631108,16.0,2.1998887062072754,18,493.14971923828125,495.8255310058594
281,281,/yh/study/new_data/model_dataset_flight/vi/vi_000281.jpg,0,1,-600.837646484375,60.145896911621094,-111.38954162597656,4.704054832458496,-108.72883605957031,4.4201765060424805,-122.49102020263672,-4.4408278465271,92.8143310546875,90.1385160080172,3.0,2.999999999999999,2.992173194885254,2.992173194885254,0.2296547144651413,0.9982694387435913,2.992173671722412,3.0,102.8829574584961,0.06984411925077438,0.003219015896320343,13.271035194396973,173.90999868913076,-0.48960594231393817,173.42039274681682,173.4204106760634,16.0,2.1998887062072754,18,492.57818603515625,495.2539367675781
282,282,/yh/study/new_data/model_dataset_flight/vi/vi_000282.jpg,0,1,-600.5753784179688,60.19044876098633,-111.70411682128906,4.737618446350098,-109.04341125488281,4.453739166259766,-122.49102020263672,-4.4408278465271,93.13069152832031,90.45487260803604,3.0,2.999999999999999,2.992173194885254,2.992173194885254,0.22965335845947266,0.9982694387435913,2.9921727180480957,3.0,102.8829574584961,0.07304868847131729,0.002538330852985382,13.271035194396973,173.90999868913076,-0.4896139998027247,173.42038468932805,173.42039274681684,16.0,2.1998887062072754,18,492.0062255859375,494.6819763183594
283,283,/yh/study/new_data/model_dataset_flight/vi/vi_000283.jpg,0,1,-599.8977661132812,60.17464828491211,-112.01869201660156,4.771180152893066,-109.35798645019531,4.487301826477051,-122.49102020263672,-4.4408278465271,93.4470443725586,90.77122881096388,3.0,2.999999999999999,2.992173194885254,2.992173194885254,0.22965458035469055,0.9982694387435913,2.992173194885254,3.0,102.8829574584961,0.0700177550315857,0.003160446882247925,13.271035194396973,173.90999868913076,-0.4896064225616142,173.42039226656914,173.42038468932805,16.0,2.1998887062072754,18,491.0148010253906,493.6905517578125
284,284,/yh/study/new_data/model_dataset_flight/vi/vi_000284.jpg,0,1,-599.28173828125,60.16028594970703,-112.33326721191406,4.804742813110352,-109.67254638671875,4.5208635330200195,-122.49102020263672,-4.4408278465271,93.7634048461914,91.08758546542462,3.0,2.999999999999999,2.992173194885254,2.992173194885254,0.2296535074710846,0.9982694387435913,2.992173194885254,3.0,102.8829574584961,0.07270599156618118,0.0025995150208473206,13.271035194396973,173.90999868913076,-0.4896127191422553,173.4203859699885,173.42039226656917,16.0,2.1998887062072754,18,490.0847473144531,492.760498046875
285,285,/yh/study/new_data/model_dataset_flight/vi/vi_000285.jpg,0,1,-598.6656494140625,60.14591979980469,-112.6478271484375,4.838305473327637,-109.98712158203125,4.554426193237305,-122.49102020263672,-4.4408278465271,94.07975769042969,91.40394171703834,3.0,2.999999999999999,2.992173194885254,2.992173194885254,0.22965337336063385,0.9982694387435913,2.992173194885254,3.0,102.8829574584961,0.07311300933361053,0.0025079920887947083,13.271035194396973,173.90999868913076,-0.4896139998027247,173.42038468932805,173.42038596998853,16.0,2.1998887062072754,18,489.1546325683594,491.83038330078125
286,286,/yh/study/new_data/model_dataset_flight/vi/vi_000286.jpg,0,1,-597.80810546875,60.045772552490234,-112.96240234375,4.8718671798706055,-110.30168151855469,4.58798885345459,-122.49102020263672,-4.4408278465271,94.39611053466797,91.72029760839722,3.0,2.999999999999999,2.992173194885254,2.992173194885254,0.2296547293663025,0.9982694387435913,2.992173194885254,3.0,102.8829574584961,0.06970559805631638,0.0032663047313690186,13.271035194396973,173.90999868913076,-0.48960503517943904,173.42039365395132,173.42038468932805,16.0,2.1998887062072754,18,487.97491455078125,490.6506652832031
287,287,/yh/study/new_data/model_dataset_flight/vi/vi_000287.jpg,0,1,-596.9498291015625,59.94552993774414,-113.2769775390625,4.905429840087891,-110.61625671386719,4.621550559997559,-122.49102020263672,-4.4408278465271,94.71247100830078,92.03665398423055,3.0,2.999999999999999,2.992173433303833,2.992173433303833,0.22965534031391144,0.9982694387435913,2.992173194885254,3.0,102.8829574584961,0.06813718378543854,0.0001352354884147644,13.271035194396973,173.90999868913076,-0.4895987919596508,173.4203998971711,173.42039365395132,16.0,2.1998887062072754,18,486.79443359375,489.47021484375
288,288,/yh/study/new_data/model_dataset_flight/vi/vi_000288.jpg,0,1,-596.0921020507812,59.845359802246094,-113.59153747558594,4.938991546630859,-110.93083190917969,4.655113220214844,-122.49102020263672,-4.4408278465271,95.02882385253906,92.35300998667556,3.0,2.999999999999999,2.992173671722412,2.992173671722412,0.22965741157531738,0.9982695579528809,2.992173671722412,3.0,102.8829574584961,0.07496491819620132,0.003901861608028412,13.271035194396973,173.90999868913076,-0.4896127191422553,173.4203859699885,173.4203998971711,16.0,2.1998887062072754,18,485.6145324707031,488.290283203125
289,289,/yh/study/new_data/model_dataset_flight/vi/vi_000289.jpg,0,1,-594.8851928710938,59.681861877441406,-113.90611267089844,4.972555160522461,-111.24539184570312,4.688675880432129,-122.49102020263672,-4.4408278465271,95.34518432617188,92.66936646185012,3.0,2.999999999999999,2.992173671722412,2.992173671722412,0.229657381772995,0.9982695579528809,2.992173910140991,3.0,102.8829574584961,0.07453293353319168,0.002688370645046234,13.271035194396973,173.90999868913076,-0.4895993789290326,173.42039931020173,173.42038596998853,16.0,2.1998887062072754,18,484.0805358886719,486.7563171386719
290,290,/yh/study/new_data/model_dataset_flight/vi/vi_000290.jpg,0,1,-593.7744140625,59.53138732910156,-114.22068786621094,5.00611686706543,-111.55996704101562,4.722238540649414,-122.49102020263672,-4.4408278465271,95.66153717041016,92.9857225531332,3.0,2.999999999999999,2.992173671722412,2.992173671722412,0.229657381772995,0.9982695579528809,2.992173671722412,3.0,102.8829574584961,0.0744021087884903,0.0026881247758865356,13.271035194396973,173.90999868913076,-0.4895990054030624,173.4203996837277,173.42039931020173,16.0,2.1998887062072754,18,482.6435241699219,485.31927490234375
291,291,/yh/study/new_data/model_dataset_flight/vi/vi_000291.jpg,0,1,-592.55859375,59.36668395996094,-114.53526306152344,5.039679527282715,-111.87454223632812,4.755800247192383,-122.49102020263672,-4.4408278465271,95.97789764404297,93.30207910775316,3.0,2.999999999999999,2.992173671722412,2.992173671722412,0.2296573966741562,0.9982695579528809,2.992173671722412,3.0,102.8829574584961,0.07447979599237442,0.0028395876288414,13.271035194396973,173.90999868913076,-0.48960039278523754,173.42039829634552,173.4203996837277,16.0,2.1998887062072754,18,481.10052490234375,483.77630615234375
292,292,/yh/study/new_data/model_dataset_flight/vi/vi_000292.jpg,0,1,-590.8184204101562,59.179298400878906,-114.84982299804688,5.0732421875,-112.18911743164062,4.789363861083984,-122.49102020263672,-4.4408278465271,96.29425048828125,93.61843527008205,3.0,2.999999999999999,2.992173671722412,2.992173671722412,0.22965744137763977,0.9982695579528809,2.992173671722412,3.0,102.8829574584961,0.07490219920873642,0.003178723156452179,13.271035194396973,173.90999868913076,-0.4896043948492043,173.42039429428155,173.42039829634552,16.0,2.1998887062072754,18,479.03399658203125,481.7097473144531
293,293,/yh/study/new_data/model_dataset_flight/vi/vi_000293.jpg,0,1,-589.0809326171875,58.99219512939453,-115.16439819335938,5.106804847717285,-112.50367736816406,4.822925567626953,-122.49102020263672,-4.4408278465271,96.61061096191406,93.93479188823629,3.0,2.999999999999999,2.992173671722412,2.992173671722412,0.229657381772995,0.9982695579528809,2.992173671722412,3.0,102.8829574584961,0.07456189393997192,0.0027692094445228577,13.271035194396973,173.90999868913076,-0.4896001259809731,173.42039856314977,173.42039429428158,16.0,2.1998887062072754,18,476.97015380859375,479.6459045410156
294,294,/yh/study/new_data/model_dataset_flight/vi/vi_000294.jpg,0,1,-587.4931640625,58.82122039794922,-115.47897338867188,5.140366554260254,-112.81825256347656,4.856487274169922,-122.49102020263672,-4.4408278465271,96.92696380615234,94.25114810738211,3.0,2.999999999999999,2.992173671722412,2.992173671722412,0.22965694963932037,0.9982695579528809,2.992173671722412,3.0,102.8829574584961,0.07334427535533905,0.001819700002670288,13.271035194396973,173.90999868913076,-0.4895913214402461,173.4204073676905,173.4203985631498,16.0,2.1998887062072754,18,475.056884765625,477.7326354980469
295,295,/yh/study/new_data/model_dataset_flight/vi/vi_000295.jpg,0,1,-585.1982421875,58.60494613647461,-115.79353332519531,5.173929214477539,-113.13282775878906,4.890050888061523,-122.49102020263672,-4.4408278465271,97.24331665039062,94.56750396970585,3.0,2.999999999999999,2.992173671722412,2.992173671722412,0.22965732216835022,0.9982695579528809,2.992173671722412,3.0,102.8829574584961,0.0742940828204155,0.0025165006518363953,13.271035194396973,173.90999868913076,-0.48959799154685746,173.42040069758391,173.42040736769053,16.0,2.1998887062072754,18,472.4358825683594,475.11163330078125
296,296,/yh/study/new_data/model_dataset_flight/vi/vi_000296.jpg,0,1,-582.7028198242188,58.369781494140625,-116.10810852050781,5.207491874694824,-113.4473876953125,4.923612594604492,-122.49102020263672,-4.4408278465271,97.55967712402344,94.88386031957388,3.0,2.999999999999999,2.992173671722412,2.992173671722412,0.22965741157531738,0.9982695579528809,2.992173671722412,3.0,102.8829574584961,0.07486369460821152,0.0031302496790885925,13.271035194396973,173.90999868913076,-0.4896046082926159,173.42039408083815,173.42040069758391,16.0,2.1998887062072754,18,469.613525390625,472.2892761230469
297,297,/yh/study/new_data/model_dataset_flight/vi/vi_000297.jpg,0,1,-580.4057006835938,58.15330123901367,-116.42268371582031,5.241053581237793,-113.761962890625,4.957175254821777,-122.49102020263672,-4.4408278465271,97.87602996826172,95.20021629879885,3.0,2.999999999999999,2.992173671722412,2.992173671722412,0.22965744137763977,0.9982695579528809,2.992173671722412,3.0,102.8829574584961,0.07485415041446686,0.003401145339012146,13.271035194396973,173.90999868913076,-0.48960797002634804,173.4203907191044,173.42039408083815,16.0,2.1998887062072754,18,466.9903259277344,469.6660461425781
298,298,/yh/study/new_data/model_dataset_flight/vi/vi_000298.jpg,0,1,-577.5111083984375,57.838523864746094,-116.73725891113281,5.274616241455078,-114.0765380859375,4.990736961364746,-122.49102020263672,-4.4408278465271,98.19239044189453,95.51657275320837,3.0,2.999999999999999,2.992173671722412,2.992173671722412,0.22965744137763977,0.9982695579528809,2.992173671722412,3.0,102.8829574584961,0.07492217421531677,0.0031562522053718567,13.271035194396973,173.90999868913076,-0.48961410652443044,173.42038458260632,173.42039071910443,16.0,2.1998887062072754,18,463.7623596191406,466.4380798339844
299,299,/yh/study/new_data/model_dataset_flight/vi/vi_000299.jpg,0,1,-574.6156005859375,57.523643493652344,-117.05181884765625,5.308178901672363,-114.39111328125,5.024300575256348,-122.49102020263672,-4.4408278465271,98.50874328613281,95.83292882592185,3.0,2.999999999999999,2.992173671722412,2.992173671722412,0.22965748608112335,0.9982695579528809,2.992173671722412,3.0,102.8829574584961,0.07504117488861084,0.0021252408623695374,13.271035194396973,173.90999868913076,-0.48961624095854606,173.4203824481722,173.42038458260635,16.0,2.1998887062072754,18,460.533447265625,463.2091979980469
300,300,/yh/study/new_data/model_dataset_flight/vi/vi_000300.jpg,0,1,-571.7047119140625,57.20708465576172,-117.36639404296875,5.341741561889648,-114.70567321777344,5.057862281799316,-122.49102020263672,-4.4408278465271,98.82510375976562,96.14928536393555,3.0,2.999999999999999,2.992173671722412,2.992173671722412,0.22965744137763977,0.9982695579528809,2.992173671722412,3.0,102.8829574584961,0.07495613396167755,0.0017406865954399109,13.271035194396973,173.90999868913076,-0.48961752161901545,173.42038116751175,173.42038244817223,16.0,2.1998887062072754,18,457.2890930175781,459.96484375
301,301,/yh/study/new_data/model_dataset_flight/vi/vi_000301.jpg,0,1,-568.8550415039062,56.87386703491211,-117.68096923828125,5.375303268432617,-115.02024841308594,5.091424942016602,-122.49102020263672,-4.4408278465271,99.1414566040039,96.46564151141392,3.0,2.999999999999999,2.992173671722412,2.992173671722412,0.22965748608112335,0.9982695579528809,2.992173671722412,3.0,102.8829574584961,0.07514545321464539,0.0022048503160476685,13.271035194396973,173.90999868913076,-0.48961634768025186,173.4203823414505,173.42038116751175,16.0,2.1998887062072754,18,454.10369873046875,456.7793884277344
302,302,/yh/study/new_data/model_dataset_flight/vi/vi_000302.jpg,0,1,-566.25830078125,56.570220947265625,-117.99554443359375,5.408865928649902,-115.33482360839844,5.124987602233887,-122.49102020263672,-4.4408278465271,99.45781707763672,96.78199811628775,3.0,2.999999999999999,2.992173671722412,2.992173671722412,0.22965702414512634,0.9982695579528809,2.992173671722412,3.0,102.8829574584961,0.073695607483387,0.0019895434379577637,13.271035194396973,173.90999868913076,-0.48959281554412704,173.42040587358665,173.4203823414505,16.0,2.1998887062072754,18,451.17291259765625,453.8486328125
303,303,/yh/study/new_data/model_dataset_flight/vi/vi_000303.jpg,0,1,-563.42236328125,56.23860549926758,-118.31010437011719,5.4424285888671875,-115.64938354492188,5.1585493087768555,-122.49102020263672,-4.4408278465271,99.774169921875,97.09835432355727,3.0,2.999999999999999,2.992173671722412,2.992173671722412,0.2296547293663025,0.9982695579528809,2.992173671722412,3.0,102.8829574584961,0.07369744777679443,0.0014341026544570923,13.271035194396973,173.90999868913076,-0.48965087215207215,173.42034781697868,173.42040587358665,16.0,2.1998887062072754,18,448.00128173828125,450.67706298828125
304,304,/yh/study/new_data/model_dataset_flight/vi/vi_000304.jpg,0,1,-561.7368774414062,56.00497055053711,-118.62467956542969,5.475990295410156,-115.96395874023438,5.192111968994141,-122.49102020263672,-4.4408278465271,100.09052276611328,97.41471017526038,3.0,2.999999999999999,2.992173671722412,2.992173671722412,0.22965502738952637,0.9982695579528809,2.992173671722412,3.0,102.8829574584961,0.07142705470323563,0.0010239183902740479,13.271035194396973,173.90999868913076,-0.48965209945168864,173.42034658967907,173.4203478169787,16.0,2.1998887062072754,18,445.98382568359375,448.65960693359375
305,305,/yh/study/new_data/model_dataset_flight/vi/vi_000305.jpg,0,1,-559.8888549804688,55.748802185058594,-118.93925476074219,5.509552955627441,-116.27853393554688,5.225673675537109,-122.49102020263672,-4.4408278465271,100.4068832397461,97.73106651563067,3.0,2.999999999999999,2.992173671722412,2.992173671722412,0.22965525090694427,0.9982695579528809,2.992173671722412,3.0,102.8829574584961,0.0698520764708519,0.0007077977061271667,13.271035194396973,173.90999868913076,-0.4896529532253349,173.4203457359054,173.42034658967907,16.0,2.1998887062072754,18,443.8023376464844,446.4781188964844
306,306,/yh/study/new_data/model_dataset_flight/vi/vi_000306.jpg,0,1,-560.1390380859375,55.755977630615234,-119.25381469726562,5.543115615844727,-116.59310913085938,5.259237289428711,-122.4604721069336,0.3173305094242096,100.72323608398438,98.04742248636207,3.0,2.999999999999999,2.992173671722412,2.992173671722412,0.22965574264526367,0.9982695579528809,2.992173671722412,3.0,103.35738372802734,0.06538445502519608,0.00014363229274749756,8.536489486694336,173.90999868913076,-0.489655834711391,173.42034285441937,173.42034573590544,16.0,2.1998887062072754,18,443.73541259765625,446.4111328125
307,307,/yh/study/new_data/model_dataset_flight/vi/vi_000307.jpg,0,1,-560.3895874023438,55.76316452026367,-119.56838989257812,5.576678276062012,-116.90766906738281,5.29279899597168,-122.4604721069336,0.3173305094242096,101.03959655761719,98.36377893317602,3.0,2.999999999999999,2.992173671722412,2.992173671722412,0.22965574264526367,0.9982695579528809,2.992173671722412,3.0,103.35738372802734,0.06429973989725113,0.000324837863445282,8.536489486694336,173.90999868913076,-0.4896557813505381,173.42034290778022,173.42034285441937,16.0,2.1998887062072754,18,443.6688232421875,446.3445739746094
308,308,/yh/study/new_data/model_dataset_flight/vi/vi_000308.jpg,0,1,-560.6649780273438,55.77106475830078,-119.88296508789062,5.6102399826049805,-117.22224426269531,5.326361656188965,-122.49102020263672,-4.4408278465271,101.35594940185547,98.68013499909702,3.0,2.999999999999999,2.992173671722412,2.992173671722412,0.2296549379825592,0.9982695579528809,2.992173671722412,3.0,102.8829574584961,0.07254163175821304,0.001192428171634674,13.271035194396973,173.90999868913076,-0.4896518860082771,173.42034680312247,173.42034290778022,16.0,2.1998887062072754,18,443.6269836425781,446.302734375
309,309,/yh/study/new_data/model_dataset_flight/vi/vi_000309.jpg,0,1,-561.0635375976562,55.83820343017578,-120.19754028320312,5.643802642822266,-117.53681945800781,5.35992431640625,-122.49102020263672,-4.4408278465271,101.67230987548828,98.99649153103638,3.0,2.999999999999999,2.992173671722412,2.992173671722412,0.22965437173843384,0.9982695579528809,2.992173671722412,3.0,102.8829574584961,0.0767258033156395,0.002109348773956299,13.271035194396973,173.90999868913076,-0.4896490578830739,173.4203496312477,173.4203468031225,16.0,2.1998887062072754,18,443.7142333984375,446.3899841308594
310,310,/yh/study/new_data/model_dataset_flight/vi/vi_000310.jpg,0,1,-561.426025390625,55.899269104003906,-120.51210021972656,5.677365303039551,-117.85139465332031,5.393486976623535,-122.49102020263672,-4.4408278465271,101.98866271972656,99.31284767308264,3.0,2.999999999999999,2.992173433303833,2.992173433303833,0.22965389490127563,0.9982694387435913,2.992173671722412,3.0,102.8829574584961,0.08062718063592911,0.0029736310243606567,13.271035194396973,173.90999868913076,-0.4896461763970178,173.42035251273373,173.4203496312477,16.0,2.1998887062072754,18,443.76495361328125,446.4407043457031
311,311,/yh/study/new_data/model_dataset_flight/vi/vi_000311.jpg,0,1,-561.7883911132812,55.96030807495117,-120.82667541503906,5.710927963256836,-118.16595458984375,5.427048683166504,-122.49102020263672,-4.4408278465271,102.30502319335938,99.6292042730987,3.0,2.999999999999999,2.992173194885254,2.992173194885254,0.22965353727340698,0.9982694387435913,2.992173194885254,3.0,102.8829574584961,0.0872250497341156,0.004577308893203735,13.271035194396973,173.90999868913076,-0.4896447890148426,173.4203539001159,173.42035251273376,16.0,2.1998887062072754,18,443.8155517578125,446.49127197265625
312,312,/yh/study/new_data/model_dataset_flight/vi/vi_000312.jpg,0,1,-561.8179931640625,55.98184585571289,-121.14125061035156,5.744489669799805,-118.48052978515625,5.460611343383789,-122.49102020263672,-4.4408278465271,102.62137603759766,99.94556047602404,3.0,2.999999999999999,2.992173194885254,2.992173194885254,0.22965353727340698,0.9982694387435913,2.992172956466675,3.0,102.8829574584961,0.0866333544254303,0.004505068063735962,13.271035194396973,173.90999868913076,-0.4896443621280195,173.42035432700274,173.42035390011594,16.0,2.1998887062072754,18,443.53106689453125,446.206787109375
313,313,/yh/study/new_data/model_dataset_flight/vi/vi_000313.jpg,0,1,-561.8506469726562,56.005558013916016,-121.45582580566406,5.778053283691406,-118.79510498046875,5.494174003601074,-122.49102020263672,-4.4408278465271,102.93773651123047,100.26191713048256,3.0,2.999999999999999,2.992173194885254,2.992173194885254,0.22965353727340698,0.9982694387435913,2.992173194885254,3.0,102.8829574584961,0.08887627720832825,0.004995748400688171,13.271035194396973,173.90999868913076,-0.489643615076079,173.42035507405467,173.42035432700274,16.0,2.1998887062072754,18,443.24981689453125,445.9255676269531
314,314,/yh/study/new_data/model_dataset_flight/vi/vi_000314.jpg,0,1,-561.8803100585938,56.027099609375,-121.7703857421875,5.811614990234375,-119.10966491699219,5.527735710144043,-122.49102020263672,-4.4408278465271,103.25408935546875,100.57827338209428,3.0,2.999999999999999,2.992173194885254,2.992173194885254,0.22965355217456818,0.9982694387435913,2.992173194885254,3.0,102.8829574584961,0.08935578167438507,0.0050798505544662476,13.271035194396973,173.90999868913076,-0.48964334827181455,173.42035534085895,173.4203550740547,16.0,2.1998887062072754,18,442.96539306640625,445.6411437988281
315,315,/yh/study/new_data/model_dataset_flight/vi/vi_000315.jpg,0,1,-561.5739135742188,56.06791305541992,-122.0849609375,5.845176696777344,-119.42424011230469,5.561298370361328,-122.49102020263672,-4.4408278465271,103.57044219970703,100.89462927345137,3.0,2.999999999999999,2.992173194885254,2.992173194885254,0.22965359687805176,0.9982694387435913,2.992173194885254,3.0,102.8829574584961,0.08850421756505966,0.004916787147521973,13.271035194396973,173.90999868913076,-0.48964468229313685,173.4203540068376,173.42035534085895,16.0,2.1998887062072754,18,442.3492736816406,445.0249938964844
316,316,/yh/study/new_data/model_dataset_flight/vi/vi_000316.jpg,0,1,-561.2676391601562,56.10872268676758,-122.3995361328125,5.878739356994629,-119.73881530761719,5.594861030578613,-122.49102020263672,-4.4408278465271,103.88680267333984,101.2109856492831,3.0,2.999999999999999,2.992173194885254,2.992173194885254,0.2296534776687622,0.9982694387435913,2.992173194885254,3.0,102.8829574584961,0.0892694741487503,0.005160167813301086,13.271035194396973,173.90999868913076,-0.4896447890148426,173.4203539001159,173.42035400683764,16.0,2.1998887062072754,18,441.7332458496094,444.40899658203125
317,317,/yh/study/new_data/model_dataset_flight/vi/vi_000317.jpg,0,1,-560.961181640625,56.14955139160156,-122.71409606933594,5.912302017211914,-120.05339050292969,5.628423690795898,-122.49102020263672,-4.4408278465271,104.20315551757812,101.52734165172669,3.0,2.999999999999999,2.992173194885254,2.992173194885254,0.22965353727340698,0.9982694387435913,2.992173194885254,3.0,102.8829574584961,0.0875721424818039,0.004610039293766022,13.271035194396973,173.90999868913076,-0.4896461763970178,173.42035251273373,173.42035390011594,16.0,2.1998887062072754,18,441.1170959472656,443.7928161621094
318,318,/yh/study/new_data/model_dataset_flight/vi/vi_000318.jpg,0,1,-560.7025756835938,56.1977653503418,-123.02867126464844,5.945864677429199,-120.36795043945312,5.661985397338867,-122.49102020263672,-4.4408278465271,104.51951599121094,101.84369812689997,3.0,2.999999999999999,2.992173671722412,2.992173671722412,0.22965562343597412,0.9982695579528809,2.992173194885254,3.0,102.8829574584961,0.06729266792535782,0.00023978948593139648,13.271035194396973,173.90999868913076,-0.48965546118542075,173.42034322794535,173.42035251273376,16.0,2.1998887062072754,18,440.54931640625,443.22503662109375
319,319,/yh/study/new_data/model_dataset_flight/vi/vi_000319.jpg,0,1,-560.44384765625,56.246002197265625,-123.34324645996094,5.979426383972168,-120.68252563476562,5.695548057556152,-127.10016632080078,14.621788024902344,104.83586883544922,102.16005421818191,3.0,2.999999999999999,2.9921720027923584,2.9921720027923584,0.22964899241924286,0.9982692003250122,2.9921741485595703,3.0,109.48846435546875,0.060219656676054,0.0008134394884109497,5.195013046264648,173.90999868913076,-0.48964457557143104,173.42035411355934,173.42034322794535,16.0,2.1998887062072754,18,439.9814147949219,442.65716552734375
320,320,/yh/study/new_data/model_dataset_flight/vi/vi_000320.jpg,0,1,-560.1849975585938,56.29426574707031,-123.65782165527344,6.0129899978637695,-120.99710083007812,5.7291107177734375,-127.10016632080078,14.621788024902344,105.15222930908203,102.47641077280085,3.0,2.999999999999999,2.9921720027923584,2.9921720027923584,0.22964970767498016,0.9982692003250122,2.9921703338623047,3.0,109.48846435546875,0.06031981483101845,0.0007649287581443787,5.195013046264648,173.90999868913076,-0.489646069675312,173.42035261945546,173.42035411355934,16.0,2.1998887062072754,18,439.4134521484375,442.08917236328125
321,321,/yh/study/new_data/model_dataset_flight/vi/vi_000321.jpg,0,1,-559.9381713867188,56.76070022583008,-123.97238159179688,6.046551704406738,-121.31167602539062,5.762673377990723,-127.10016632080078,14.621788024902344,105.46858215332031,102.79276693512882,3.0,2.999999999999999,2.9921720027923584,2.9921720027923584,0.2296498417854309,0.9982692003250122,2.9921720027923584,3.0,109.48846435546875,0.060350071638822556,0.0007782019674777985,5.195013046264648,173.90999868913076,-0.48964590959275334,173.420352779538,173.42035261945546,16.0,2.1998887062072754,18,438.90557861328125,441.58123779296875
322,322,/yh/study/new_data/model_dataset_flight/vi/vi_000322.jpg,0,1,-559.69091796875,57.22782516479492,-124.28695678710938,6.080114364624023,-121.62623596191406,5.796235084533691,-127.10016632080078,14.621788024902344,105.78494262695312,103.10912355328225,3.0,2.999999999999999,2.992173194885254,2.992173194885254,0.2296525239944458,0.9982694387435913,2.9921720027923584,3.0,109.48846435546875,0.06047271192073822,0.0007167905569076538,5.195013046264648,173.90999868913076,-0.4896489511613681,173.4203497379694,173.420352779538,16.0,2.1998887062072754,18,438.39788818359375,441.07354736328125
323,323,/yh/study/new_data/model_dataset_flight/vi/vi_000323.jpg,0,1,-559.4190673828125,57.74142074584961,-124.60153198242188,6.113677024841309,-121.94081115722656,5.829797744750977,-127.10016632080078,14.621788024902344,106.1012954711914,103.42547977242734,3.0,2.999999999999999,2.9921727180480957,2.9921727180480957,0.2296522855758667,0.9982693195343018,2.9921743869781494,3.0,109.48846435546875,0.06044504791498184,0.0007018260657787323,5.195013046264648,173.90999868913076,-0.4896488978005152,173.42034979133024,173.42034973796942,16.0,2.1998887062072754,18,437.8717956542969,440.5474548339844
324,324,/yh/study/new_data/model_dataset_flight/vi/vi_000324.jpg,0,1,-558.9118041992188,58.914100646972656,-124.91609191894531,6.147238731384277,-122.25538635253906,5.863360404968262,-127.10016632080078,14.621788024902344,106.41764831542969,103.74183563475043,3.0,2.999999999999999,2.9921727180480957,2.9921727180480957,0.22965194284915924,0.9982693195343018,2.9921722412109375,3.0,109.48846435546875,0.060456935316324234,0.0007075928151607513,5.195013046264648,173.90999868913076,-0.4896486309962507,173.42035005813452,173.42034979133027,16.0,2.1998887062072754,18,437.1917724609375,439.8672790527344
325,325,/yh/study/new_data/model_dataset_flight/vi/vi_000325.jpg,0,1,-558.4044799804688,60.08686065673828,-125.23066711425781,6.1808013916015625,-122.5699462890625,5.8969221115112305,-127.10016632080078,14.621788024902344,106.7340087890625,104.05819198461788,3.0,2.999999999999999,2.9921722412109375,2.9921722412109375,0.22965052723884583,0.9982693195343018,2.9921727180480957,3.0,109.48846435546875,0.06037528067827225,0.0008053258061408997,5.195013046264648,173.90999868913076,-0.4896470835315169,173.42035160559925,173.42035005813452,16.0,2.1998887062072754,18,436.51507568359375,439.19049072265625
326,326,/yh/study/new_data/model_dataset_flight/vi/vi_000326.jpg,0,1,-557.8973999023438,61.259117126464844,-125.54524230957031,6.214363098144531,-122.884521484375,5.930484771728516,-127.10016632080078,14.621788024902344,107.05036163330078,104.37454796384232,3.0,2.999999999999999,2.9921720027923584,2.9921720027923584,0.22964966297149658,0.9982692003250122,2.9921717643737793,3.0,109.48846435546875,0.06031442806124687,0.0008394084870815277,5.195013046264648,173.90999868913076,-0.48964452221057814,173.4203541669202,173.42035160559925,16.0,2.1998887062072754,18,435.84210205078125,438.517333984375
327,327,/yh/study/new_data/model_dataset_flight/vi/vi_000327.jpg,0,1,-557.3032836914062,62.58571243286133,-125.85981750488281,6.247926712036133,-123.1990966796875,5.964047431945801,-127.10016632080078,14.621788024902344,107.3667221069336,104.69090441825136,3.0,2.999999999999999,2.9921720027923584,2.9921720027923584,0.22964924573898315,0.9982692003250122,2.9921717643737793,3.0,109.48846435546875,0.06026315316557884,0.0008109249174594879,5.195013046264648,173.90999868913076,-0.48964468229313685,173.4203540068376,173.4203541669202,16.0,2.1998887062072754,18,435.1062316894531,437.7812805175781
328,328,/yh/study/new_data/model_dataset_flight/vi/vi_000328.jpg,0,1,-556.6494140625,64.0456771850586,-126.17437744140625,6.281488418579102,-123.513671875,5.997610092163086,-127.10016632080078,14.621788024902344,107.68307495117188,105.00726049096444,3.0,2.999999999999999,2.9921720027923584,2.9921720027923584,0.22964966297149658,0.9982692003250122,2.9921720027923584,3.0,109.48846435546875,0.060316238552331924,0.0007870160043239594,5.195013046264648,173.90999868913076,-0.4896461763970178,173.42035251273373,173.42035400683764,16.0,2.1998887062072754,18,434.3333435058594,437.0081787109375
329,329,/yh/study/new_data/model_dataset_flight/vi/vi_000329.jpg,0,1,-555.9979248046875,65.5003890991211,-126.48895263671875,6.315051078796387,-123.82823181152344,6.031171798706055,-127.10016632080078,14.621788024902344,107.99943542480469,105.32361702897776,3.0,2.999999999999999,2.9921722412109375,2.9921722412109375,0.22964990139007568,0.9982693195343018,2.9921720027923584,3.0,109.48846435546875,0.060338787734508514,0.000782892107963562,5.195013046264648,173.90999868913076,-0.489646549922988,173.42035213920778,173.42035251273376,16.0,2.1998887062072754,18,433.5675964355469,436.2421569824219
330,330,/yh/study/new_data/model_dataset_flight/vi/vi_000330.jpg,0,1,-555.2718505859375,67.09474182128906,-126.80352783203125,6.348613739013672,-124.14280700683594,6.064735412597656,-127.10016632080078,14.621788024902344,108.31578826904297,105.6399731764558,3.0,2.999999999999999,2.9921722412109375,2.9921722412109375,0.22964997589588165,0.9982693195343018,2.9921724796295166,3.0,109.48846435546875,0.060340557247400284,0.0007806047797203064,5.195013046264648,173.90999868913076,-0.48964687008810537,173.42035181904265,173.42035213920778,16.0,2.1998887062072754,18,432.7530517578125,435.42724609375
331,331,/yh/study/new_data/model_dataset_flight/vi/vi_000331.jpg,0,1,-554.5454711914062,68.68971252441406,-127.11810302734375,6.382176399230957,-124.45738220214844,6.098297119140625,-127.10016632080078,14.621788024902344,108.63214874267578,105.95632978132933,3.0,2.999999999999999,2.9921722412109375,2.9921722412109375,0.22964993119239807,0.9982693195343018,2.9921722412109375,3.0,109.48846435546875,0.06033741682767868,0.0007582046091556549,5.195013046264648,173.90999868913076,-0.48964681672725247,173.4203518724035,173.42035181904268,16.0,2.1998887062072754,18,431.94488525390625,434.61871337890625
332,332,/yh/study/new_data/model_dataset_flight/vi/vi_000332.jpg,0,1,-553.8839111328125,70.14241027832031,-127.43266296386719,6.415738105773926,-124.77194213867188,6.131858825683594,-127.10016632080078,14.621788024902344,108.94850158691406,106.2726859885986,3.0,2.999999999999999,2.9921720027923584,2.9921720027923584,0.22964966297149658,0.9982692003250122,2.9921722412109375,3.0,109.48846435546875,0.06032271310687065,0.0007799044251441956,5.195013046264648,173.90999868913076,-0.4896461763970178,173.42035251273373,173.42035187240353,16.0,2.1998887062072754,18,431.1864318847656,433.85992431640625
333,333,/yh/study/new_data/model_dataset_flight/vi/vi_000333.jpg,0,1,-552.7705078125,72.56969451904297,-127.74723815917969,6.4492998123168945,-125.08651733398438,6.165421485900879,-127.10016632080078,14.621788024902344,109.26485443115234,106.58904184030146,3.0,2.999999999999999,2.9921720027923584,2.9921720027923584,0.22964970767498016,0.9982692003250122,2.9921717643737793,3.0,109.48846435546875,0.06032261624932289,0.0007685385644435883,5.195013046264648,173.90999868913076,-0.48964585623190043,173.42035283289886,173.42035251273376,16.0,2.1998887062072754,18,430.1356506347656,432.80841064453125
334,334,/yh/study/new_data/model_dataset_flight/vi/vi_000334.jpg,0,1,-551.6575927734375,74.99594116210938,-128.0618133544922,6.482863426208496,-125.40109252929688,6.198984146118164,-131.8314971923828,14.651768684387207,109.58121490478516,106.90539818067154,3.0,2.999999999999999,2.9921727180480957,2.9921727180480957,0.2296505570411682,0.9982693195343018,2.9921720027923584,3.0,114.1962661743164,0.059930190443992615,0.001544501632452011,4.722877025604248,173.90999868913076,-0.48958630552007437,173.42041238361068,173.42035283289886,16.0,2.1998887062072754,18,429.1007080078125,431.77264404296875
335,335,/yh/study/new_data/model_dataset_flight/vi/vi_000335.jpg,0,1,-551.047119140625,76.36161041259766,-128.37637329101562,6.516425132751465,-125.71566772460938,6.232546806335449,-131.8314971923828,14.651768684387207,109.89756774902344,107.22175415140275,3.0,2.999999999999999,2.9921727180480957,2.9921727180480957,0.22965040802955627,0.9982693195343018,2.992173433303833,3.0,114.1962661743164,0.059774771332740784,0.001471254974603653,4.722877025604248,173.90999868913076,-0.48958374419913564,173.42041494493162,173.4204123836107,16.0,2.1998887062072754,18,428.4027404785156,431.07415771484375
336,336,/yh/study/new_data/model_dataset_flight/vi/vi_000336.jpg,0,1,-550.3771362304688,77.8604965209961,-128.69094848632812,6.54998779296875,-126.03022766113281,6.266108512878418,-131.8314971923828,14.651768684387207,110.21392822265625,107.53811059821653,3.0,2.999999999999999,2.9921727180480957,2.9921727180480957,0.22965064644813538,0.9982693195343018,2.9921727180480957,3.0,114.1962661743164,0.059983108192682266,0.0015537254512310028,4.722877025604248,173.90999868913076,-0.4895873193762793,173.42041136975448,173.42041494493162,16.0,2.1998887062072754,18,427.67327880859375,430.3441162109375
337,337,/yh/study/new_data/model_dataset_flight/vi/vi_000337.jpg,0,1,-549.70703125,79.35966491699219,-129.00552368164062,6.583550453186035,-126.34480285644531,6.2996721267700195,-131.8314971923828,14.651768684387207,110.53028106689453,107.85446666413738,3.0,2.999999999999999,2.9921727180480957,2.9921727180480957,0.2296503186225891,0.9982693195343018,2.9921727180480957,3.0,114.1962661743164,0.05975452437996864,0.001438479870557785,4.722877025604248,173.90999868913076,-0.48958545174642815,173.42041323738434,173.4204113697545,16.0,2.1998887062072754,18,426.9497985839844,429.6200256347656
338,338,/yh/study/new_data/model_dataset_flight/vi/vi_000338.jpg,0,1,-549.3936157226562,79.93855285644531,-129.32009887695312,6.61711311340332,-126.65937805175781,6.333233833312988,-131.8314971923828,14.651768684387207,110.84664154052734,108.1708231960766,3.0,2.999999999999999,2.9921720027923584,2.9921720027923584,0.2296498417854309,0.9982692003250122,2.9921727180480957,3.0,114.1962661743164,0.05918913334608078,0.0013181865215301514,4.722877025604248,173.90999868913076,-0.4895722182549112,173.42042647087584,173.42041323738434,16.0,2.1998887062072754,18,426.4244384765625,429.0943908691406
339,339,/yh/study/new_data/model_dataset_flight/vi/vi_000339.jpg,0,1,-549.0498657226562,80.57357788085938,-129.63465881347656,6.650674819946289,-126.97395324707031,6.366796493530273,-131.8314971923828,14.651768684387207,111.16299438476562,108.48717933812274,3.0,2.999999999999999,2.9921720027923584,2.9921720027923584,0.22964990139007568,0.9982692003250122,2.992171287536621,3.0,114.1962661743164,0.05941581353545189,0.0013400167226791382,4.722877025604248,173.90999868913076,-0.4895797954960217,173.42041889363475,173.42042647087587,16.0,2.1998887062072754,18,425.87994384765625,428.549560546875
340,340,/yh/study/new_data/model_dataset_flight/vi/vi_000340.jpg,0,1,-548.73681640625,81.15190887451172,-129.94923400878906,6.684237480163574,-127.28851318359375,6.400358200073242,-131.8314971923828,14.651768684387207,111.47935485839844,108.80353593813868,3.0,2.999999999999999,2.9921720027923584,2.9921720027923584,0.22964996099472046,0.9982692003250122,2.9921720027923584,3.0,114.1962661743164,0.05933770909905434,0.0013531073927879333,4.722877025604248,173.90999868913076,-0.48957670056655406,173.42042198856421,173.42041889363475,16.0,2.1998887062072754,18,425.3569030761719,428.0262451171875
341,341,/yh/study/new_data/model_dataset_flight/vi/vi_000341.jpg,0,1,-548.593017578125,81.02957916259766,-130.2637939453125,6.717800140380859,-127.60308837890625,6.433921813964844,-131.8314971923828,14.651768684387207,111.79570770263672,109.11989214106393,3.0,2.999999999999999,2.9921720027923584,2.9921720027923584,0.22964978218078613,0.9982692003250122,2.9921720027923584,3.0,114.1962661743164,0.059109099209308624,0.0012700334191322327,4.722877025604248,173.90999868913076,-0.4895701905425014,173.42042849858825,173.42042198856421,16.0,2.1998887062072754,18,424.8782958984375,427.5476989746094
342,342,/yh/study/new_data/model_dataset_flight/vi/vi_000342.jpg,0,1,-548.4620361328125,80.91809844970703,-130.578369140625,6.7513628005981445,-127.91766357421875,6.4674835205078125,-131.8314971923828,14.651768684387207,112.11206817626953,109.43624879552236,3.0,2.999999999999999,2.9921727180480957,2.9921727180480957,0.22965052723884583,0.9982693195343018,2.9921720027923584,3.0,114.1962661743164,0.05991414934396744,0.0015841126441955566,4.722877025604248,173.90999868913076,-0.48958694585030904,173.42041174328045,173.42042849858828,16.0,2.1998887062072754,18,424.4142761230469,427.0836486816406
343,343,/yh/study/new_data/model_dataset_flight/vi/vi_000343.jpg,0,1,-548.318115234375,80.79568481445312,-130.8929443359375,6.784924507141113,-128.2322235107422,6.501045227050781,-131.8314971923828,14.651768684387207,112.42842102050781,109.752605047134,3.0,2.999999999999999,2.9921727180480957,2.9921727180480957,0.22965115308761597,0.9982693195343018,2.992173433303833,3.0,114.1962661743164,0.060104429721832275,0.001719735562801361,4.722877025604248,173.90999868913076,-0.4895885466758958,173.42041014245487,173.42041174328045,16.0,2.1998887062072754,18,423.935546875,426.6050109863281
344,344,/yh/study/new_data/model_dataset_flight/vi/vi_000344.jpg,0,1,-547.6167602539062,80.42304992675781,-131.20750427246094,6.818487167358398,-128.5467987060547,6.534608840942383,-131.8314971923828,14.651768684387207,112.7447738647461,110.06896093849102,3.0,2.999999999999999,2.9921727180480957,2.9921727180480957,0.22965073585510254,0.9982693195343018,2.9921727180480957,3.0,114.1962661743164,0.05977451428771019,0.0015709251165390015,4.722877025604248,173.90999868913076,-0.48958289042548936,173.42041579870528,173.42041014245487,16.0,2.1998887062072754,18,422.8643798828125,425.533935546875
345,345,/yh/study/new_data/model_dataset_flight/vi/vi_000345.jpg,0,1,-546.9212646484375,80.05350494384766,-131.52207946777344,6.852049827575684,-128.86135864257812,6.568170547485352,-131.8314971923828,14.651768684387207,113.0611343383789,110.38531731432269,3.0,2.999999999999999,2.9921727180480957,2.9921727180480957,0.22965149581432343,0.9982693195343018,2.9921727180480957,3.0,114.1962661743164,0.060048773884773254,0.0018240883946418762,4.722877025604248,173.90999868913076,-0.48958662568519173,173.42041206344555,173.42041579870528,16.0,2.1998887062072754,18,421.79962158203125,424.4692687988281
346,346,/yh/study/new_data/model_dataset_flight/vi/vi_000346.jpg,0,1,-546.2858276367188,79.71588897705078,-131.83663940429688,6.885611534118652,-129.17593383789062,6.601733207702637,-131.8314971923828,14.651768684387207,113.37748718261719,110.70167331676622,3.0,2.999999999999999,2.9921727180480957,2.9921727180480957,0.22965113818645477,0.9982693195343018,2.9921727180480957,3.0,114.1962661743164,0.06001875177025795,0.0017282254993915558,4.722877025604248,173.90999868913076,-0.4895880130673669,173.4204106760634,173.42041206344558,16.0,2.1998887062072754,18,420.7996826171875,423.46942138671875
347,347,/yh/study/new_data/model_dataset_flight/vi/vi_000347.jpg,0,1,-544.3756103515625,79.34844207763672,-132.15121459960938,6.9191741943359375,-129.49050903320312,6.635295867919922,-131.8314971923828,14.651768684387207,113.69384765625,111.01802979193944,3.0,2.999999999999999,2.9921727180480957,2.9921727180480957,0.22965115308761597,0.9982693195343018,2.9921727180480957,3.0,114.1962661743164,0.060067541897296906,0.0017810501158237457,4.722877025604248,173.90999868913076,-0.4895872660154264,173.42041142311533,173.4204106760634,16.0,2.1998887062072754,18,418.5390625,421.20880126953125
348,348,/yh/study/new_data/model_dataset_flight/vi/vi_000348.jpg,0,1,-542.4663696289062,78.9811782836914,-132.46578979492188,6.952736854553223,-129.80508422851562,6.668858528137207,-131.8314971923828,14.651768684387207,114.01020050048828,111.33438588322134,3.0,2.999999999999999,2.9921727180480957,2.9921727180480957,0.2296513319015503,0.9982693195343018,2.9921727180480957,3.0,114.1962661743164,0.060074687004089355,0.0018448978662490845,4.722877025604248,173.90999868913076,-0.48958742609798506,173.42041126303278,173.42041142311535,16.0,2.1998887062072754,18,416.2794189453125,418.9491882324219
349,349,/yh/study/new_data/model_dataset_flight/vi/vi_000349.jpg,0,1,-540.370361328125,78.89698028564453,-132.78036499023438,6.986299514770508,-130.11965942382812,6.702420234680176,-146.02548217773438,14.741700172424316,114.3265609741211,111.65074243784025,3.0,2.999999999999999,2.9921724796295166,2.9921724796295166,0.22965008020401,0.9982692003250122,2.9921727180480957,3.0,127.33438873291016,0.05842933431267738,0.0007273070514202118,3.450138807296753,173.90999868913076,-0.48961245233799083,173.42038623679278,173.42041126303278,16.0,2.1998887062072754,18,413.88494873046875,416.5545349121094
350,350,/yh/study/new_data/model_dataset_flight/vi/vi_000350.jpg,0,1,-538.4627075195312,78.82035827636719,-133.09494018554688,7.019861221313477,-130.43423461914062,6.735982894897461,-146.02548217773438,14.741700172424316,114.64291381835938,111.9670986001682,3.0,2.999999999999999,2.9921724796295166,2.9921724796295166,0.22965024411678314,0.9982692003250122,2.9921722412109375,3.0,127.65074157714844,0.05841844156384468,0.0007533542811870575,3.373443841934204,173.90999868913076,-0.4896135729159015,173.42038511621485,173.42038623679278,16.0,2.1998887062072754,18,411.677490234375,414.3469543457031
351,351,/yh/study/new_data/model_dataset_flight/vi/vi_000351.jpg,0,1,-536.3695068359375,78.73627471923828,-133.40951538085938,7.053424835205078,-130.74879455566406,6.769545555114746,-146.02548217773438,14.741700172424316,114.95927429199219,112.28345521832159,3.0,2.999999999999999,2.9921724796295166,2.9921724796295166,0.22965015470981598,0.9982692003250122,2.9921724796295166,3.0,127.96710205078125,0.058467086404561996,0.0007213354110717773,3.3251991271972656,173.90999868913076,-0.4896149602980767,173.4203837288327,173.42038511621487,16.0,2.1998887062072754,18,409.28619384765625,411.9555358886719
352,352,/yh/study/new_data/model_dataset_flight/vi/vi_000352.jpg,0,1,-533.578125,78.49898529052734,-133.7240753173828,7.086986541748047,-131.0633544921875,6.803107261657715,-146.02548217773438,14.741700172424316,115.27562713623047,112.59981143746666,3.0,2.999999999999999,2.9921724796295166,2.9921724796295166,0.2296501100063324,0.9982692003250122,2.9921724796295166,3.0,128.28345489501953,0.058477580547332764,0.0007802769541740417,3.3066494464874268,173.90999868913076,-0.4896137329984602,173.4203849561323,173.4203837288327,16.0,2.1998887062072754,18,406.180908203125,408.8501281738281
353,353,/yh/study/new_data/model_dataset_flight/vi/vi_000353.jpg,0,1,-531.0382080078125,78.28306579589844,-134.03863525390625,7.120548248291016,-131.3779296875,6.836669921875,-146.02548217773438,14.741700172424316,115.59197998046875,112.91616729978972,3.0,2.999999999999999,2.9921724796295166,2.9921724796295166,0.2296501100063324,0.9982692003250122,2.9921724796295166,3.0,128.3197021484375,0.05846336483955383,0.0007909759879112244,3.306452989578247,173.90999868913076,-0.4896143733286949,173.42038431580207,173.42038495613232,16.0,2.1998887062072754,18,403.3271179199219,405.9962158203125
354,354,/yh/study/new_data/model_dataset_flight/vi/vi_000354.jpg,0,1,-528.2506103515625,78.04609680175781,-134.35321044921875,7.154110908508301,-131.6925048828125,6.870232582092285,-146.02548217773438,14.741700172424316,115.90834045410156,113.23252364965714,3.0,2.999999999999999,2.9921724796295166,2.9921724796295166,0.22965019941329956,0.9982692003250122,2.9921724796295166,3.0,128.3197021484375,0.05845470726490021,0.000863589346408844,3.306452989578247,173.90999868913076,-0.48961282586396104,173.4203858632668,173.42038431580207,16.0,2.1998887062072754,18,400.2259826660156,402.8949279785156
355,355,/yh/study/new_data/model_dataset_flight/vi/vi_000355.jpg,0,1,-525.3048095703125,77.60379791259766,-134.66778564453125,7.187673568725586,-132.007080078125,6.90379524230957,-146.02548217773438,14.741700172424316,116.22469329833984,113.54887962888156,3.0,2.999999999999999,2.9921724796295166,2.9921724796295166,0.22965016961097717,0.9982692003250122,2.9921724796295166,3.0,128.3197021484375,0.05846160650253296,0.0008771270513534546,3.306452989578247,173.90999868913076,-0.4896136796376073,173.42038500949315,173.4203858632668,16.0,2.1998887062072754,18,396.9328918457031,399.601806640625
356,356,/yh/study/new_data/model_dataset_flight/vi/vi_000356.jpg,0,1,-522.0663452148438,77.1175537109375,-134.98236083984375,7.221236228942871,-132.3216552734375,6.937356948852539,-146.02548217773438,14.741700172424316,116.54105377197266,113.8652360832906,3.0,2.999999999999999,2.9921724796295166,2.9921724796295166,0.22965005040168762,0.9982692003250122,2.9921724796295166,3.0,128.3197021484375,0.05836871638894081,0.0006908290088176727,3.306452989578247,173.90999868913076,-0.48961047798643387,173.4203882111443,173.42038500949317,16.0,2.1998887062072754,18,393.3440246582031,396.0128479003906
357,357,/yh/study/new_data/model_dataset_flight/vi/vi_000357.jpg,0,1,-518.834716796875,76.63233947753906,-135.29693603515625,7.25479793548584,-132.63623046875,6.970919609069824,-146.02548217773438,14.741700172424316,116.85740661621094,114.18159215600366,3.0,2.999999999999999,2.9921724796295166,2.9921724796295166,0.22964981198310852,0.9982692003250122,2.9921724796295166,3.0,128.3197021484375,0.058303169906139374,0.0005593076348304749,3.306452989578247,173.90999868913076,-0.48960882379999426,173.42038986533078,173.42038821114434,16.0,2.1998887062072754,18,389.7620849609375,392.4308776855469
358,358,/yh/study/new_data/model_dataset_flight/vi/vi_000358.jpg,0,1,-515.6478271484375,76.06416320800781,-135.61151123046875,7.288361549377441,-132.95079040527344,7.004482269287109,-146.02548217773438,14.741700172424316,117.17376708984375,114.49794869401697,3.0,2.999999999999999,2.9921724796295166,2.9921724796295166,0.22964999079704285,0.9982692003250122,2.9921724796295166,3.0,128.3197021484375,0.05840631201863289,0.0007206946611404419,3.306452989578247,173.90999868913076,-0.4896107447906983,173.42038794434006,173.42038986533078,16.0,2.1998887062072754,18,386.20941162109375,388.8782043457031
359,359,/yh/study/new_data/model_dataset_flight/vi/vi_000359.jpg,0,1,-512.4663696289062,75.4969482421875,-135.9260711669922,7.32192325592041,-133.26536560058594,7.0380449295043945,-146.02548217773438,14.741700172424316,117.49011993408203,114.81430484149499,3.0,2.999999999999999,2.9921724796295166,2.9921724796295166,0.22964996099472046,0.9982692003250122,2.9921724796295166,3.0,128.3197021484375,0.058330733329057693,0.000628352165222168,3.306452989578247,173.90999868913076,-0.4896097309344934,173.42038895819627,173.42038794434006,16.0,2.1998887062072754,18,382.6622619628906,385.3310546875
360,360,/yh/study/new_data/model_dataset_flight/vi/vi_000360.jpg,0,1,-508.9694519042969,74.87348937988281,-136.2406463623047,7.355485916137695,-133.57992553710938,7.071606636047363,-146.02548217773438,14.741700172424316,117.80648040771484,115.1306614463685,3.0,2.999999999999999,2.9921724796295166,2.9921724796295166,0.22964979708194733,0.9982692003250122,2.9921724796295166,3.0,128.3197021484375,0.058322276920080185,0.0005908720195293427,3.306452989578247,173.90999868913076,-0.48960887716084717,173.42038981196993,173.42038895819627,16.0,2.1998887062072754,18,378.7947692871094,381.4634704589844
361,361,/yh/study/new_data/model_dataset_flight/vi/vi_000361.jpg,0,1,-505.7897033691406,74.33113861083984,-136.55520629882812,7.389047622680664,-133.89450073242188,7.105169296264648,-146.02548217773438,14.741700172424316,118.12283325195312,115.44701765363776,3.0,2.999999999999999,2.9921724796295166,2.9921724796295166,0.22964990139007568,0.9982692003250122,2.9921724796295166,3.0,128.3197021484375,0.05830783769488335,0.0005374476313591003,3.306452989578247,173.90999868913076,-0.48960797002634804,173.4203907191044,173.42038981196993,16.0,2.1998887062072754,18,375.25372314453125,377.9224548339844
362,362,/yh/study/new_data/model_dataset_flight/vi/vi_000362.jpg,0,1,-502.6083068847656,73.78850555419922,-136.86978149414062,7.422610282897949,-134.20907592773438,7.138731956481934,-146.02548217773438,14.741700172424316,118.4391860961914,115.76337350534062,3.0,2.999999999999999,2.9921724796295166,2.9921724796295166,0.2296498864889145,0.9982692003250122,2.9921724796295166,3.0,128.3197021484375,0.05828380584716797,0.0005087815225124359,3.306452989578247,173.90999868913076,-0.4896064759224671,173.4203922132083,173.42039071910443,16.0,2.1998887062072754,18,371.7110595703125,374.3797302246094
363,363,/yh/study/new_data/model_dataset_flight/vi/vi_000363.jpg,0,1,-499.1144104003906,73.19256591796875,-137.18435668945312,7.456172943115234,-134.52365112304688,7.172293663024902,-146.02548217773438,14.741700172424316,118.75554656982422,116.07972984571069,3.0,2.999999999999999,2.9921724796295166,2.9921724796295166,0.22964978218078613,0.9982692003250122,2.9921724796295166,3.0,128.3197021484375,0.05826577916741371,0.0004931129515171051,3.306452989578247,173.90999868913076,-0.4896081301089067,173.42039055902185,173.42039221320832,16.0,2.1998887062072754,18,367.85137939453125,370.52001953125
364,364,/yh/study/new_data/model_dataset_flight/vi/vi_000364.jpg,0,1,-495.6409606933594,72.65957641601562,-137.49893188476562,7.489734649658203,-134.83822631835938,7.2058563232421875,-150.84841918945312,0.49720028042793274,119.0718994140625,116.39608581644188,3.0,2.999999999999999,2.992173194885254,2.992173194885254,0.22965607047080994,0.9982694387435913,2.9921724796295166,3.0,131.6042022705078,0.0583118200302124,0.00024565309286117554,11.369327545166016,173.90999868913076,-0.4895942562871551,173.4204044328436,173.42039055902185,16.0,2.1998887062072754,18,364.0231018066406,366.6916809082031
365,365,/yh/study/new_data/model_dataset_flight/vi/vi_000365.jpg,0,1,-492.4820556640625,72.17485809326172,-137.81350708007812,7.523298263549805,-135.1527862548828,7.239418983459473,-150.84841918945312,0.49720028042793274,119.38825988769531,116.71244226325567,3.0,2.999999999999999,2.992173194885254,2.992173194885254,0.22965607047080994,0.9982694387435913,2.992173910140991,3.0,131.6042022705078,0.05831846222281456,0.00022017210721969604,11.369327545166016,173.90999868913076,-0.4895936693177733,173.420405019813,173.4204044328436,16.0,2.1998887062072754,18,360.5129699707031,363.1815490722656
366,366,/yh/study/new_data/model_dataset_flight/vi/vi_000366.jpg,0,1,-489.3206481933594,71.68975067138672,-138.12806701660156,7.556859970092773,-135.4673614501953,7.272981643676758,-150.84841918945312,0.49720028042793274,119.7046127319336,117.02879832917651,3.0,2.999999999999999,2.992173194885254,2.992173194885254,0.22965598106384277,0.9982694387435913,2.992173194885254,3.0,131.6042022705078,0.05827929452061653,0.0003204755485057831,11.369327545166016,173.90999868913076,-0.48959452309141954,173.42040416603933,173.420405019813,16.0,2.1998887062072754,18,357.0003356933594,359.6688232421875
367,367,/yh/study/new_data/model_dataset_flight/vi/vi_000367.jpg,0,1,-484.2118225097656,70.93910217285156,-138.44264221191406,7.590422630310059,-135.78192138671875,7.306543350219727,-150.84841918945312,0.49720028042793274,120.0209732055664,117.34515486111573,3.0,2.999999999999999,2.992173194885254,2.992173194885254,0.22965595126152039,0.9982694387435913,2.992173194885254,3.0,131.6042022705078,0.05826015770435333,0.00034501031041145325,11.369327545166016,173.90999868913076,-0.489594309648008,173.42040437948276,173.42040416603936,16.0,2.1998887062072754,18,351.52435302734375,354.1927490234375
368,368,/yh/study/new_data/model_dataset_flight/vi/vi_000368.jpg,0,1,-479.54730224609375,70.25373077392578,-138.7572021484375,7.623984336853027,-136.09649658203125,7.340106010437012,-150.84841918945312,0.49720028042793274,120.33732604980469,117.66151100316186,3.0,2.999999999999999,2.992173194885254,2.992173194885254,0.229655921459198,0.9982694387435913,2.992173194885254,3.0,131.6042022705078,0.05825081095099449,0.00041884928941726685,11.369327545166016,173.90999868913076,-0.4895944163697138,173.42040427276103,173.42040437948276,16.0,2.1998887062072754,18,346.4972839355469,349.1655578613281
369,369,/yh/study/new_data/model_dataset_flight/vi/vi_000369.jpg,0,1,-476.3033142089844,69.75653076171875,-139.07177734375,7.657547950744629,-136.41107177734375,7.373668670654297,-150.84841918945312,0.49720028042793274,120.6536865234375,117.9778676031778,3.0,2.999999999999999,2.992173194885254,2.992173194885254,0.22965587675571442,0.9982694387435913,2.992173194885254,3.0,131.6042022705078,0.058269061148166656,0.00046005845069885254,11.369327545166016,173.90999868913076,-0.4895942029263022,173.42040448620446,173.42040427276106,16.0,2.1998887062072754,18,342.90142822265625,345.5696105957031
370,370,/yh/study/new_data/model_dataset_flight/vi/vi_000370.jpg,0,1,-473.05865478515625,69.25923156738281,-139.3863525390625,7.691109657287598,-136.72564697265625,7.407231330871582,-150.84841918945312,0.49720028042793274,120.97003936767578,118.29422380610305,3.0,2.999999999999999,2.992173194885254,2.992173194885254,0.22965587675571442,0.9982694387435913,2.992173194885254,3.0,131.6042022705078,0.058244489133358,0.0004271194338798523,11.369327545166016,173.90999868913076,-0.48959452309141954,173.42040416603933,173.42040448620446,16.0,2.1998887062072754,18,339.304931640625,341.9730529785156
371,371,/yh/study/new_data/model_dataset_flight/vi/vi_000371.jpg,0,1,-469.8147888183594,68.76204681396484,-139.700927734375,7.724672317504883,-137.0402069091797,7.440793037414551,-150.84841918945312,0.49720028042793274,121.2863998413086,118.61058046056147,3.0,2.999999999999999,2.992173194885254,2.992173194885254,0.22965587675571442,0.9982694387435913,2.992173194885254,3.0,131.6042022705078,0.05825193226337433,0.00042047351598739624,11.369327545166016,173.90999868913076,-0.4895938827611849,173.42040480636956,173.42040416603936,16.0,2.1998887062072754,18,335.70928955078125,338.3773498535156
372,372,/yh/study/new_data/model_dataset_flight/vi/vi_000372.jpg,0,1,-466.52325439453125,68.29454803466797,-140.0155029296875,7.758234977722168,-137.35476684570312,7.474355697631836,-150.84841918945312,0.49720028042793274,121.60275268554688,118.9269367121731,3.0,2.999999999999999,2.992173194885254,2.992173194885254,0.22965587675571442,0.9982694387435913,2.992173194885254,3.0,131.6042022705078,0.05824504420161247,0.0004431381821632385,11.369327545166016,173.90999868913076,-0.4895938827611849,173.42040480636956,173.4204048063696,16.0,2.1998887062072754,18,332.0722351074219,334.74017333984375
373,373,/yh/study/new_data/model_dataset_flight/vi/vi_000373.jpg,0,1,-463.23193359375,67.82707977294922,-140.33006286621094,7.791796684265137,-137.66934204101562,7.507918357849121,-150.84841918945312,0.49720028042793274,121.91910552978516,119.24329260353012,3.0,2.999999999999999,2.992173194885254,2.992173194885254,0.229655921459198,0.9982694387435913,2.992173194885254,3.0,131.6042022705078,0.05825941264629364,0.0003864988684654236,11.369327545166016,173.90999868913076,-0.4895942029263022,173.42040448620446,173.4204048063696,16.0,2.1998887062072754,18,328.4354553222656,331.1033020019531
374,374,/yh/study/new_data/model_dataset_flight/vi/vi_000374.jpg,0,1,-459.9393310546875,67.35942077636719,-140.64463806152344,7.825359344482422,-137.98391723632812,7.54148006439209,-150.84841918945312,0.49720028042793274,122.23546600341797,119.5596489793618,3.0,2.999999999999999,2.992173194885254,2.992173194885254,0.22965598106384277,0.9982694387435913,2.992173194885254,3.0,131.6042022705078,0.05829734355211258,0.00029914453625679016,11.369327545166016,173.90999868913076,-0.48959372267862616,173.42040496645214,173.42040448620446,16.0,2.1998887062072754,18,324.7974853515625,327.4652404785156
375,375,/yh/study/new_data/model_dataset_flight/vi/vi_000375.jpg,0,1,-456.3824157714844,66.82246398925781,-140.95919799804688,7.858922004699707,-138.29849243164062,7.575043678283691,-150.84841918945312,0.49720028042793274,122.55181884765625,119.87600498180532,3.0,2.999999999999999,2.992173194885254,2.992173194885254,0.22965598106384277,0.9982694387435913,2.992173194885254,3.0,131.6042022705078,0.05827903747558594,0.000326305627822876,11.369327545166016,173.90999868913076,-0.48959377603947907,173.4204049130913,173.42040496645214,16.0,2.1998887062072754,18,320.8870544433594,323.5546875
376,376,/yh/study/new_data/model_dataset_flight/vi/vi_000376.jpg,0,1,-453.1473388671875,66.33409118652344,-141.27377319335938,7.892484664916992,-138.61306762695312,7.60860538482666,-145.9949493408203,19.499858856201172,122.86817932128906,120.19236145697855,3.0,2.999999999999999,2.992173194885254,2.992173194885254,0.22965353727340698,0.9982694387435913,2.992173194885254,3.0,128.79412841796875,0.05939353629946709,0.0019358806312084198,8.040997505187988,173.90999868913076,-0.4896120788120206,173.42038661031873,173.4204049130913,16.0,2.1998887062072754,18,317.3019714355469,319.9695129394531
377,377,/yh/study/new_data/model_dataset_flight/vi/vi_000377.jpg,0,1,-449.9106750488281,65.8454818725586,-141.58834838867188,7.926046371459961,-138.92764282226562,7.642168045043945,-145.9949493408203,19.499858856201172,123.18453216552734,120.50871754826044,3.0,2.999999999999999,2.992173194885254,2.992173194885254,0.22965355217456818,0.9982694387435913,2.992173194885254,3.0,128.79412841796875,0.05942242592573166,0.0019375719130039215,8.040997505187988,173.90999868913076,-0.4896122388945793,173.42038645023618,173.42038661031876,16.0,2.1998887062072754,18,313.7153625488281,316.3827819824219
378,378,/yh/study/new_data/model_dataset_flight/vi/vi_000378.jpg,0,1,-446.7342834472656,65.36060333251953,-141.90292358398438,7.959609031677246,-139.24220275878906,7.675729751586914,-145.9949493408203,19.499858856201172,123.50089263916016,120.82507410287933,3.0,2.999999999999999,2.992173194885254,2.992173194885254,0.22965353727340698,0.9982694387435913,2.992173194885254,3.0,128.79412841796875,0.05932389944791794,0.0018738918006420135,8.040997505187988,173.90999868913076,-0.4896114384817859,173.420387250649,173.42038645023618,16.0,2.1998887062072754,18,310.1886901855469,312.8560485839844
379,379,/yh/study/new_data/model_dataset_flight/vi/vi_000379.jpg,0,1,-443.5564880371094,64.8755111694336,-142.21749877929688,7.993171691894531,-139.55677795410156,7.709293365478516,-145.9949493408203,19.499858856201172,123.81724548339844,121.14143026520728,3.0,2.999999999999999,2.9921720027923584,2.9921720027923584,0.22964738309383392,0.9982692003250122,2.992173194885254,3.0,128.79412841796875,0.058713648468256,0.0019199997186660767,8.040997505187988,173.90999868913076,-0.48957963541346305,173.4204190537173,173.420387250649,16.0,2.1998887062072754,18,306.66070556640625,309.3279724121094
380,380,/yh/study/new_data/model_dataset_flight/vi/vi_000380.jpg,0,1,-440.06585693359375,64.34266662597656,-142.53207397460938,8.026734352111816,-139.871337890625,7.742855072021484,-145.9949493408203,19.499858856201172,124.13360595703125,121.45778688336067,3.0,2.999999999999999,2.9921720027923584,2.9921720027923584,0.22964736819267273,0.9982692003250122,2.992170810699463,3.0,128.79412841796875,0.058707088232040405,0.0019046030938625336,8.040997505187988,173.90999868913076,-0.4895793686091986,173.42041932052157,173.4204190537173,16.0,2.1998887062072754,18,302.8164978027344,305.48370361328125
381,381,/yh/study/new_data/model_dataset_flight/vi/vi_000381.jpg,0,1,-436.91912841796875,63.836238861083984,-142.8466339111328,8.060296058654785,-140.1859130859375,7.776416778564453,-145.9949493408203,19.499858856201172,124.44995880126953,121.77414310250573,3.0,2.999999999999999,2.9921720027923584,2.9921720027923584,0.2296474575996399,0.9982692003250122,2.9921720027923584,3.0,128.79412841796875,0.058712441474199295,0.0019220896065235138,8.040997505187988,173.90999868913076,-0.48957872827896387,173.4204199608518,173.42041932052157,16.0,2.1998887062072754,18,299.3152160644531,301.9822998046875
382,382,/yh/study/new_data/model_dataset_flight/vi/vi_000382.jpg,0,1,-433.7699279785156,63.32941818237305,-143.16119384765625,8.09385871887207,-140.50048828125,7.809980392456055,-145.9949493408203,19.499858856201172,124.76631164550781,122.0904989648288,3.0,2.999999999999999,2.9921720027923584,2.9921720027923584,0.22964756190776825,0.9982692003250122,2.9921720027923584,3.0,128.79412841796875,0.05863185226917267,0.0018532238900661469,8.040997505187988,173.90999868913076,-0.4895748329367029,173.42042385619405,173.4204199608518,16.0,2.1998887062072754,18,295.8114318847656,298.4784240722656
383,383,/yh/study/new_data/model_dataset_flight/vi/vi_000383.jpg,0,1,-430.31292724609375,62.7730598449707,-143.47576904296875,8.127421379089355,-140.8150634765625,7.843542098999023,-145.9949493408203,19.499858856201172,125.08267211914062,122.40685531469622,3.0,2.999999999999999,2.9921720027923584,2.9921720027923584,0.22964748740196228,0.9982692003250122,2.9921720027923584,3.0,128.79412841796875,0.058652445673942566,0.001887042075395584,8.040997505187988,173.90999868913076,-0.48957547326693757,173.42042321586382,173.42042385619408,16.0,2.1998887062072754,18,291.9960632324219,294.6629638671875
384,384,/yh/study/new_data/model_dataset_flight/vi/vi_000384.jpg,0,1,-427.0655517578125,62.26048278808594,-143.79034423828125,8.160983085632324,-141.129638671875,7.877104759216309,-145.9949493408203,19.499858856201172,125.3990249633789,122.72321129392064,3.0,2.999999999999999,2.9921720027923584,2.9921720027923584,0.22964751720428467,0.9982692003250122,2.9921720027923584,3.0,128.79412841796875,0.05861569941043854,0.0018242821097373962,8.040997505187988,173.90999868913076,-0.4895751531018202,173.42042353602895,173.42042321586382,16.0,2.1998887062072754,18,288.3948669433594,291.0616760253906
385,385,/yh/study/new_data/model_dataset_flight/vi/vi_000385.jpg,0,1,-423.8179626464844,61.74787139892578,-144.10491943359375,8.19454574584961,-141.44419860839844,7.910666465759277,-145.9949493408203,19.499858856201172,125.71538543701172,123.03956774832967,3.0,2.999999999999999,2.9921720027923584,2.9921720027923584,0.22964756190776825,0.9982692003250122,2.9921720027923584,3.0,128.79412841796875,0.05861644446849823,0.0018301568925380707,8.040997505187988,173.90999868913076,-0.48957456613243844,173.42042412299833,173.42042353602895,16.0,2.1998887062072754,18,284.79351806640625,287.46026611328125
386,386,/yh/study/new_data/model_dataset_flight/vi/vi_000386.jpg,0,1,-420.5804443359375,61.23685073852539,-144.41949462890625,8.228108406066895,-141.75877380371094,7.944230079650879,-145.9949493408203,19.499858856201172,126.03173828125,123.35592382104274,3.0,2.999999999999999,2.9921720027923584,2.9921720027923584,0.22964748740196228,0.9982692003250122,2.9921720027923584,3.0,128.79412841796875,0.0586613267660141,0.0018721111118793488,8.040997505187988,173.90999868913076,-0.48957712745337717,173.4204215616774,173.42042412299833,16.0,2.1998887062072754,18,281.2024230957031,283.8690185546875
387,387,/yh/study/new_data/model_dataset_flight/vi/vi_000387.jpg,0,1,-415.9250793457031,60.673606872558594,-144.73406982421875,8.26167106628418,-142.07333374023438,7.977791786193848,-145.9949493408203,19.499858856201172,126.34809875488281,123.67228035905605,3.0,2.999999999999999,2.9921720027923584,2.9921720027923584,0.22964733839035034,0.9982692003250122,2.9921720027923584,3.0,128.79412841796875,0.05870261788368225,0.001896500587463379,8.040997505187988,173.90999868913076,-0.4895787816398168,173.42041990749095,173.4204215616774,16.0,2.1998887062072754,18,276.20928955078125,278.87567138671875
388,388,/yh/study/new_data/model_dataset_flight/vi/vi_000388.jpg,0,1,-410.8275451660156,60.05686569213867,-145.0486297607422,8.295232772827148,-142.38790893554688,8.011354446411133,-145.9949493408203,19.499858856201172,126.6644515991211,123.98863650653406,3.0,2.999999999999999,2.9921720027923584,2.9921720027923584,0.229647696018219,0.9982692003250122,2.9921720027923584,3.0,128.79412841796875,0.058672767132520676,0.0017764978110790253,8.040997505187988,173.90999868913076,-0.489577234175083,173.4204214549557,173.42041990749095,16.0,2.1998887062072754,18,270.7724304199219,273.43841552734375
389,389,/yh/study/new_data/model_dataset_flight/vi/vi_000389.jpg,0,1,-407.634765625,59.57559585571289,-145.3632049560547,8.328795433044434,-142.70248413085938,8.044917106628418,-145.9949493408203,19.499858856201172,126.9808120727539,124.30499311140758,3.0,2.999999999999999,2.9921720027923584,2.9921720027923584,0.22964748740196228,0.9982692003250122,2.9921720027923584,3.0,128.79412841796875,0.05877014622092247,0.0018838979303836823,8.040997505187988,173.90999868913076,-0.48958166312587287,173.42041702600488,173.4204214549557,16.0,2.1998887062072754,18,267.2313537597656,269.8972473144531
390,390,/yh/study/new_data/model_dataset_flight/vi/vi_000390.jpg,0,1,-404.4422302246094,59.094364166259766,-145.67776489257812,8.362358093261719,-143.01705932617188,8.078478813171387,-145.9949493408203,19.499858856201172,127.29716491699219,124.62134931867683,3.0,2.999999999999999,2.9921720027923584,2.9921720027923584,0.22964733839035034,0.9982692003250122,2.9921720027923584,3.0,128.79412841796875,0.05883689597249031,0.0019255317747592926,8.040997505187988,173.90999868913076,-0.48958459797278187,173.42041409115797,173.4204170260049,16.0,2.1998887062072754,18,263.6907043457031,266.3564147949219
391,391,/yh/study/new_data/model_dataset_flight/vi/vi_000391.jpg,0,1,-400.931640625,58.565185546875,-145.99234008789062,8.395919799804688,-143.33163452148438,8.112041473388672,-145.9949493408203,19.499858856201172,127.61351776123047,124.9377051703797,3.0,2.999999999999999,2.9921720027923584,2.9921720027923584,0.22964736819267273,0.9982692003250122,2.9921720027923584,3.0,128.79412841796875,0.05885876715183258,0.0019159764051437378,8.040997505187988,173.90999868913076,-0.4895855584681339,173.42041313066264,173.420414091158,16.0,2.1998887062072754,18,259.82879638671875,262.4943542480469
392,392,/yh/study/new_data/model_dataset_flight/vi/vi_000392.jpg,0,1,-397.45977783203125,57.918495178222656,-146.30691528320312,8.429482460021973,-143.6461944580078,8.145604133605957,-145.9949493408203,19.499858856201172,127.92987823486328,125.25406151074976,3.0,2.999999999999999,2.9921720027923584,2.9921720027923584,0.22964730858802795,0.9982692003250122,2.9921720027923584,3.0,128.79412841796875,0.05886483192443848,0.001830264925956726,8.040997505187988,173.90999868913076,-0.489589400449542,173.4204092886812,173.42041313066264,16.0,2.1998887062072754,18,255.98226928710938,258.6477966308594
393,393,/yh/study/new_data/model_dataset_flight/vi/vi_000393.jpg,0,1,-393.9891357421875,57.272037506103516,-146.62149047851562,8.463045120239258,-143.9607696533203,8.179166793823242,-145.9949493408203,19.499858856201172,128.24623107910156,125.57041748148096,3.0,2.999999999999999,2.9921720027923584,2.9921720027923584,0.22964736819267273,0.9982692003250122,2.9921720027923584,3.0,128.79412841796875,0.05885772407054901,0.0018427595496177673,8.040997505187988,173.90999868913076,-0.4895861987983686,173.42041249033238,173.42040928868124,16.0,2.1998887062072754,18,252.13699340820312,254.80245971679688
394,394,/yh/study/new_data/model_dataset_flight/vi/vi_000394.jpg,0,1,-390.8315124511719,56.68388366699219,-146.93606567382812,8.496607780456543,-144.27532958984375,8.212728500366211,-160.21946716308594,14.831619262695312,128.56259155273438,125.88677392829474,3.0,2.999999999999999,2.9921698570251465,2.9921698570251465,0.22963643074035645,0.998268723487854,2.9921720027923584,3.0,141.57041931152344,0.05747915431857109,0.0005135722458362579,2.081770896911621,173.90999868913076,-0.4896063158399084,173.42039237329084,173.4204124903324,16.0,2.1998887062072754,18,248.61013793945312,251.2755584716797
395,395,/yh/study/new_data/model_dataset_flight/vi/vi_000395.jpg,0,1,-387.4894714355469,56.12371826171875,-147.2506103515625,8.530168533325195,-144.58990478515625,8.246291160583496,-160.21946716308594,14.831619262695312,128.87893676757812,126.2031291875753,3.0,2.999999999999999,2.9921698570251465,2.9921698570251465,0.22963732481002808,0.998268723487854,2.9921677112579346,3.0,141.88677215576172,0.05761716887354851,0.0005046576261520386,1.9701969623565674,173.90999868913076,-0.48960706289184885,173.4203916262389,173.42039237329087,16.0,2.1998887062072754,18,244.90785217285156,247.57310485839844
396,396,/yh/study/new_data/model_dataset_flight/vi/vi_000396.jpg,0,1,-384.1477355957031,55.563602447509766,-147.565185546875,8.563732147216797,-144.90447998046875,8.279853820800781,-160.21946716308594,14.831619262695312,129.19529724121094,126.51948499815866,3.0,2.999999999999999,2.9921698570251465,2.9921698570251465,0.22963647544384003,0.998268723487854,2.9921698570251465,3.0,142.20313262939453,0.05749780684709549,0.0005161948502063751,1.905192494392395,173.90999868913076,-0.48960620911820263,173.42039248001257,173.4203916262389,16.0,2.1998887062072754,18,241.20591735839844,243.8710479736328
397,397,/yh/study/new_data/model_dataset_flight/vi/vi_000397.jpg,0,1,-380.8028564453125,55.002960205078125,-147.8797607421875,8.597294807434082,-145.21905517578125,8.31341552734375,-160.21946716308594,14.831619262695312,129.51165771484375,126.8358413017567,3.0,2.999999999999999,2.9921693801879883,2.9921693801879883,0.2296360284090042,0.9982686042785645,2.9921698570251465,3.0,142.443115234375,0.057416290044784546,0.0005034320056438446,1.8900164365768433,173.90999868913076,-0.4896055687879679,173.4203931203428,173.42039248001257,16.0,2.1998887062072754,18,237.5008544921875,240.16586303710938
398,398,/yh/study/new_data/model_dataset_flight/vi/vi_000398.jpg,0,1,-377.6221008300781,54.55384826660156,-148.19432067871094,8.630855560302734,-145.53363037109375,8.346978187561035,-160.21946716308594,14.831619262695312,129.8280029296875,127.15219643296342,3.0,2.999999999999999,2.9921698570251465,2.9921698570251465,0.22963613271713257,0.998268723487854,2.99216890335083,3.0,142.443115234375,0.057439174503088,0.0005024895071983337,1.8900164365768433,173.90999868913076,-0.4896047150143217,173.42039397411645,173.4203931203428,16.0,2.1998887062072754,18,233.9786834716797,236.6434783935547
399,399,/yh/study/new_data/model_dataset_flight/vi/vi_000399.jpg,0,1,-374.12774658203125,54.06045913696289,-148.50889587402344,8.664419174194336,-145.8481903076172,8.38054084777832,-160.21946716308594,14.831619262695312,130.1443634033203,127.46855212901393,3.0,2.999999999999999,2.9921693801879883,2.9921693801879883,0.22963589429855347,0.9982686042785645,2.9921703338623047,3.0,142.443115234375,0.05745220184326172,0.0005095414817333221,1.8900164365768433,173.90999868913076,-0.4896056755096737,173.4203930136211,173.42039397411645,16.0,2.1998887062072754,18,230.14053344726562,232.8050994873047
400,400,/yh/study/new_data/model_dataset_flight/vi/vi_000400.jpg,0,1,-370.94781494140625,53.61146545410156,-148.82347106933594,8.697981834411621,-146.1627655029297,8.414103507995605,-160.21946716308594,14.831619262695312,130.46072387695312,127.78490833018844,3.0,2.999999999999999,2.9921693801879883,2.9921693801879883,0.229635089635849,0.9982686042785645,2.99216890335083,3.0,142.443115234375,0.05736225098371506,0.0005111321806907654,1.8900164365768433,173.90999868913076,-0.48960551542711506,173.42039317370364,173.4203930136211,16.0,2.1998887062072754,18,226.61959838867188,229.283935546875
401,401,/yh/study/new_data/model_dataset_flight/vi/vi_000401.jpg,0,1,-367.7818908691406,53.21244812011719,-149.13804626464844,8.731544494628906,-146.4773406982422,8.44766616821289,-160.21946716308594,14.831619262695312,130.77708435058594,128.10126498308125,3.0,2.999999999999999,2.9921693801879883,2.9921693801879883,0.22963538765907288,0.9982686042785645,2.9921693801879883,3.0,142.443115234375,0.05738752335309982,0.0005262121558189392,1.8900164365768433,173.90999868913076,-0.48960588895308527,173.42039280017767,173.42039317370364,16.0,2.1998887062072754,18,223.12257385253906,225.78660583496094
402,402,/yh/study/new_data/model_dataset_flight/vi/vi_000402.jpg,0,1,-364.3070068359375,52.77449035644531,-149.45262145996094,8.765107154846191,-146.79190063476562,8.481226921081543,-160.21946716308594,14.831619262695312,131.09344482421875,128.41762203993306,3.0,2.999999999999999,2.9921693801879883,2.9921693801879883,0.22963540256023407,0.9982686042785645,2.9921693801879883,3.0,142.443115234375,0.05737456679344177,0.0005203336477279663,1.8900164365768433,173.90999868913076,-0.4896055687879679,173.4203931203428,173.4203928001777,16.0,2.1998887062072754,18,219.31536865234375,221.9790802001953
403,403,/yh/study/new_data/model_dataset_flight/vi/vi_000403.jpg,0,1,-361.1438293457031,52.37582015991211,-149.76718139648438,8.79866886138916,-147.10647583007812,8.514790534973145,-160.21946716308594,14.831619262695312,131.4097900390625,128.73397784475358,3.0,2.999999999999999,2.9921698570251465,2.9921698570251465,0.22963638603687286,0.998268723487854,2.9921693801879883,3.0,142.443115234375,0.05743539705872536,0.0005282275378704071,1.8900164365768433,173.90999868913076,-0.48960706289184885,173.4203916262389,173.4203931203428,16.0,2.1998887062072754,18,215.82180786132812,218.4851837158203
404,404,/yh/study/new_data/model_dataset_flight/vi/vi_000404.jpg,0,1,-358.0951232910156,51.888648986816406,-150.08175659179688,8.832231521606445,-147.42105102539062,8.54835319519043,-160.21946716308594,14.831619262695312,131.7261505126953,129.05033414319809,3.0,2.999999999999999,2.9921693801879883,2.9921693801879883,0.22963598370552063,0.9982686042785645,2.9921703338623047,3.0,142.443115234375,0.05741403251886368,0.0005212053656578064,1.8900164365768433,173.90999868913076,-0.4896063692007613,173.42039231993,173.4203916262389,16.0,2.1998887062072754,18,212.4227294921875,215.08590698242188
405,405,/yh/study/new_data/model_dataset_flight/vi/vi_000405.jpg,0,1,-354.74200439453125,51.35283660888672,-150.39633178710938,8.86579418182373,-147.73561096191406,8.581913948059082,-160.21946716308594,14.831619262695312,132.04251098632812,129.3666908830767,3.0,2.999999999999999,2.9921698570251465,2.9921698570251465,0.22963649034500122,0.998268723487854,2.99216890335083,3.0,142.443115234375,0.05745755881071091,0.0005302615463733673,1.8900164365768433,173.90999868913076,-0.48960834355231825,173.42039034557845,173.42039231993002,16.0,2.1998887062072754,18,208.71583557128906,211.37879943847656
406,406,/yh/study/new_data/model_dataset_flight/vi/vi_000406.jpg,0,1,-351.39093017578125,50.81734848022461,-150.7108917236328,8.8993558883667,-148.05018615722656,8.615477561950684,-160.21946716308594,14.831619262695312,132.35885620117188,129.68304640443696,3.0,2.999999999999999,2.9921698570251465,2.9921698570251465,0.22963638603687286,0.998268723487854,2.9921703338623047,3.0,142.443115234375,0.05743373557925224,0.0005192682147026062,1.8900164365768433,173.90999868913076,-0.4896061023964968,173.42039258673427,173.42039034557845,16.0,2.1998887062072754,18,205.01119995117188,207.6739044189453
407,407,/yh/study/new_data/model_dataset_flight/vi/vi_000407.jpg,0,1,-348.208984375,50.27159118652344,-151.0254669189453,8.932918548583984,-148.36476135253906,8.649040222167969,-160.21946716308594,14.831619262695312,132.6752166748047,129.99940244939089,3.0,2.999999999999999,2.9921693801879883,2.9921693801879883,0.22963620722293854,0.9982686042785645,2.9921698570251465,3.0,142.443115234375,0.05739651992917061,0.0005146339535713196,1.8900164365768433,173.90999868913076,-0.4896043948492043,173.42039429428155,173.42039258673427,16.0,2.1998887062072754,18,201.4701690673828,204.1326904296875
408,408,/yh/study/new_data/model_dataset_flight/vi/vi_000408.jpg,0,1,-344.71075439453125,49.67158889770508,-151.3400421142578,8.96648120880127,-148.67933654785156,8.682602882385254,-160.21946716308594,14.831619262695312,132.9915771484375,130.31575896257996,3.0,2.999999999999999,2.9921698570251465,2.9921698570251465,0.22963622212409973,0.998268723487854,2.99216890335083,3.0,142.443115234375,0.05739951878786087,0.0005325600504875183,1.8900164365768433,173.90999868913076,-0.48960786330464223,173.4203908258261,173.42039429428158,16.0,2.1998887062072754,18,197.60855102539062,200.27085876464844
409,409,/yh/study/new_data/model_dataset_flight/vi/vi_000409.jpg,0,1,-341.5256652832031,49.12528991699219,-151.6546173095703,9.000043869018555,-148.993896484375,8.716164588928223,-160.21946716308594,14.831619262695312,133.3079376220703,130.63211589449864,3.0,2.999999999999999,2.9921698570251465,2.9921698570251465,0.22964653372764587,0.998268723487854,2.9921703338623047,3.0,142.443115234375,0.05725571885704994,0.00026280060410499573,1.8900164365768433,173.90999868913076,-0.4895509272746078,173.42044776185614,173.42039082582613,16.0,2.1998887062072754,18,194.06455993652344,196.72665405273438
410,410,/yh/study/new_data/model_dataset_flight/vi/vi_000410.jpg,0,1,-338.1062927246094,48.60921096801758,-151.96917724609375,9.033605575561523,-149.3084716796875,8.749727249145508,-160.21946716308594,14.831619262695312,133.62428283691406,130.94847158759495,3.0,2.999999999999999,2.9921698570251465,2.9921698570251465,0.22964665293693542,0.998268723487854,2.9921698570251465,3.0,142.443115234375,0.05729168280959129,0.00028252974152565,1.8900164365768433,173.90999868913076,-0.48955290162616477,173.4204457875046,173.42044776185617,16.0,2.1998887062072754,18,190.29782104492188,192.95956420898438
411,411,/yh/study/new_data/model_dataset_flight/vi/vi_000411.jpg,0,1,-334.9945068359375,48.139556884765625,-152.28375244140625,9.067168235778809,-149.623046875,8.783289909362793,-160.21946716308594,14.831619262695312,133.94064331054688,131.26482778612763,3.0,2.999999999999999,2.9921698570251465,2.9921698570251465,0.2296467125415802,0.998268723487854,2.9921698570251465,3.0,142.443115234375,0.05733267590403557,0.00023102015256881714,1.8900164365768433,173.90999868913076,-0.489559144845953,173.42043954428482,173.4204457875046,16.0,2.1998887062072754,18,186.84182739257812,189.50328063964844
412,412,/yh/study/new_data/model_dataset_flight/vi/vi_000412.jpg,0,1,-331.5685119628906,47.62247848510742,-152.59832763671875,9.100730895996094,-149.9376220703125,8.816852569580078,-160.21946716308594,14.831619262695312,134.2570037841797,131.58118443665788,3.0,2.999999999999999,2.9921698570251465,2.9921698570251465,0.22964666783809662,0.998268723487854,2.9921698570251465,3.0,142.443115234375,0.05729307979345322,0.00024520978331565857,1.8900164365768433,173.90999868913076,-0.48955364867810525,173.42044504045265,173.42043954428482,16.0,2.1998887062072754,18,183.0689697265625,185.7300567626953
413,413,/yh/study/new_data/model_dataset_flight/vi/vi_000413.jpg,0,1,-326.8189697265625,46.92759323120117,-152.91290283203125,9.134293556213379,-150.25218200683594,8.850414276123047,-160.21946716308594,14.831619262695312,134.5733642578125,131.89754149139696,3.0,2.999999999999999,2.9921698570251465,2.9921698570251465,0.22964641451835632,0.998268723487854,2.9921698570251465,3.0,142.443115234375,0.057241786271333694,0.00027105212211608887,1.8900164365768433,173.90999868913076,-0.4895493264490211,173.42044936268175,173.42044504045268,16.0,2.1998887062072754,18,177.96531677246094,180.6258544921875
414,414,/yh/study/new_data/model_dataset_flight/vi/vi_000414.jpg,0,1,-321.60113525390625,46.16419219970703,-153.2274627685547,9.167855262756348,-150.56675720214844,8.883976936340332,-160.21946716308594,14.831619262695312,134.88970947265625,132.21389729432812,3.0,2.999999999999999,2.9921698570251465,2.9921698570251465,0.2296465039253235,0.998268723487854,2.9921698570251465,3.0,142.443115234375,0.05726402625441551,0.0002498738467693329,1.8900164365768433,173.90999868913076,-0.4895521545742243,173.42044653455653,173.42044936268175,16.0,2.1998887062072754,18,172.39031982421875,175.05020141601562
415,415,/yh/study/new_data/model_dataset_flight/vi/vi_000415.jpg,0,1,-318.32720947265625,45.66339111328125,-153.5420379638672,9.201417922973633,-150.88133239746094,8.917539596557617,-160.21946716308594,14.831619262695312,135.20606994628906,132.530253591083,3.0,2.999999999999999,2.9921698570251465,2.9921698570251465,0.2296465039253235,0.998268723487854,2.9921698570251465,3.0,142.443115234375,0.0572737455368042,0.00027298182249069214,1.8900164365768433,173.90999868913076,-0.4895522079350772,173.42044648119568,173.42044653455656,16.0,2.1998887062072754,18,168.77093505859375,171.43038940429688
416,416,/yh/study/new_data/model_dataset_flight/vi/vi_000416.jpg,0,1,-315.052978515625,45.162540435791016,-153.8566131591797,9.234980583190918,-151.19589233398438,8.951101303100586,-160.21946716308594,14.831619262695312,135.52243041992188,132.84661032945067,3.0,2.999999999999999,2.9921698570251465,2.9921698570251465,0.22964641451835632,0.998268723487854,2.9921698570251465,3.0,142.443115234375,0.057291071861982346,0.0002521686255931854,1.8900164365768433,173.90999868913076,-0.4895538087606639,173.4204448803701,173.42044648119568,16.0,2.1998887062072754,18,165.151611328125,167.81063842773438
417,417,/yh/study/new_data/model_dataset_flight/vi/vi_000417.jpg,0,1,-311.7767333984375,44.661380767822266,-154.17117309570312,9.268542289733887,-151.51046752929688,8.984663963317871,-160.21946716308594,14.831619262695312,135.83877563476562,133.1629658494597,3.0,2.999999999999999,2.9921698570251465,2.9921698570251465,0.22964659333229065,0.998268723487854,2.9921698570251465,3.0,142.443115234375,0.0573156401515007,0.00026988983154296875,1.8900164365768433,173.90999868913076,-0.4895556763905151,173.42044301274024,173.4204448803701,16.0,2.1998887062072754,18,161.5306854248047,164.18922424316406
418,418,/yh/study/new_data/model_dataset_flight/vi/vi_000418.jpg,0,1,-308.2463684082031,44.15618133544922,-154.48574829101562,9.302104949951172,-151.82504272460938,9.018226623535156,-160.21946716308594,14.831619262695312,136.15513610839844,133.47932189320525,3.0,2.999999999999999,2.9921698570251465,2.9921698570251465,0.2296464890241623,0.998268723487854,2.9921698570251465,3.0,142.443115234375,0.05731291323900223,0.00029324740171432495,1.8900164365768433,173.90999868913076,-0.48955540958625066,173.42044327954451,173.42044301274026,16.0,2.1998887062072754,18,157.6614532470703,160.31939697265625
419,419,/yh/study/new_data/model_dataset_flight/vi/vi_000419.jpg,0,1,-305.0332336425781,43.69637680053711,-154.80032348632812,9.335667610168457,-152.13961791992188,9.051789283752441,-160.21946716308594,14.831619262695312,136.47149658203125,133.7956784053137,3.0,2.999999999999999,2.9921698570251465,2.9921698570251465,0.22964666783809662,0.998268723487854,2.9921698570251465,3.0,142.443115234375,0.0573561005294323,0.000272553414106369,1.8900164365768433,173.90999868913076,-0.48955786418548364,173.42044082494527,173.42044327954451,16.0,2.1998887062072754,18,154.11224365234375,156.76959228515625
420,420,/yh/study/new_data/model_dataset_flight/vi/vi_000420.jpg,0,1,-301.8195495605469,43.236488342285156,-155.11489868164062,9.369230270385742,-152.4541778564453,9.08535099029541,-160.21946716308594,14.831619262695312,136.78785705566406,134.11203533626605,3.0,2.999999999999999,2.9921698570251465,2.9921698570251465,0.22964653372764587,0.998268723487854,2.9921698570251465,3.0,142.443115234375,0.05732768028974533,0.00022480636835098267,1.8900164365768433,173.90999868913076,-0.4895597318153348,173.4204389573154,173.42044082494527,16.0,2.1998887062072754,18,150.56309509277344,153.21981811523438
421,421,/yh/study/new_data/model_dataset_flight/vi/vi_000421.jpg,0,1,-298.4217224121094,42.7166633605957,-155.42945861816406,9.402791976928711,-152.7687530517578,9.118913650512695,-160.21946716308594,14.831619262695312,137.1042022705078,134.42839102849817,3.0,2.999999999999999,2.9921698570251465,2.9921698570251465,0.22964638471603394,0.998268723487854,2.9921698570251465,3.0,142.443115234375,0.05729947239160538,0.00027415528893470764,1.8900164365768433,173.90999868913076,-0.4895530617087235,173.42044562742203,173.42043895731544,16.0,2.1998887062072754,18,146.82167053222656,149.4777374267578
422,422,/yh/study/new_data/model_dataset_flight/vi/vi_000422.jpg,0,1,-295.3232421875,42.242637634277344,-155.74403381347656,9.436354637145996,-153.0833282470703,9.15247631072998,-160.21946716308594,14.831619262695312,137.42056274414062,134.74474722625803,3.0,2.999999999999999,2.9921698570251465,2.9921698570251465,0.22964665293693542,0.998268723487854,2.9921698570251465,3.0,142.443115234375,0.057338863611221313,0.00018775835633277893,1.8900164365768433,173.90999868913076,-0.48956234649712643,173.42043634263362,173.42044562742205,16.0,2.1998887062072754,18,143.3827362060547,146.03819274902344
423,423,/yh/study/new_data/model_dataset_flight/vi/vi_000423.jpg,0,1,-291.9236755371094,41.7225456237793,-156.05860900878906,9.469917297363281,-153.3979034423828,9.186038970947266,-160.21946716308594,14.831619262695312,137.73692321777344,135.06110387609718,3.0,2.999999999999999,2.9921698570251465,2.9921698570251465,0.2296464741230011,0.998268723487854,2.9921698570251465,3.0,142.443115234375,0.05726214125752449,0.0002560056746006012,1.8900164365768433,173.90999868913076,-0.48955252810019456,173.42044616103055,173.42043634263365,16.0,2.1998887062072754,18,139.64077758789062,142.29551696777344
424,424,/yh/study/new_data/model_dataset_flight/vi/vi_000424.jpg,0,1,-288.83154296875,41.227596282958984,-156.37318420410156,9.503479957580566,-153.71246337890625,9.219600677490234,-169.65159606933594,19.649715423583984,138.05328369140625,135.3774609302182,3.0,2.999999999999999,2.992170572280884,2.992170572280884,0.22964513301849365,0.9982688426971436,2.9921698570251465,3.0,151.0611114501953,0.05775708705186844,0.00044381245970726013,5.820954322814941,173.90999868913076,-0.4895914815228048,173.42040720760795,173.42044616103058,16.0,2.1998887062072754,18,136.2043914794922,138.8584747314453
425,425,/yh/study/new_data/model_dataset_flight/vi/vi_000425.jpg,0,1,-285.4303283691406,40.68317794799805,-156.687744140625,9.537041664123535,-154.02703857421875,9.25316333770752,-169.65159606933594,19.649715423583984,138.36962890625,135.69381673259667,3.0,2.999999999999999,2.992170572280884,2.992170572280884,0.2296450436115265,0.9982688426971436,2.992171287536621,3.0,151.37745666503906,0.057715412229299545,0.0004701167345046997,5.760100364685059,173.90999868913076,-0.4895888668410131,173.42040982228974,173.42040720760798,16.0,2.1998887062072754,18,132.45654296875,135.10984802246094
426,426,/yh/study/new_data/model_dataset_flight/vi/vi_000426.jpg,0,1,-282.0481872558594,40.141807556152344,-157.0023193359375,9.57060432434082,-154.34161376953125,9.286725997924805,-169.65159606933594,19.649715423583984,138.6859893798828,136.0101730288573,3.0,2.999999999999999,2.992170572280884,2.992170572280884,0.22964510321617126,0.9982688426971436,2.992170572280884,3.0,151.69381713867188,0.05769810080528259,0.0004735030233860016,5.71613073348999,173.90999868913076,-0.48958545174642815,173.42041323738434,173.42040982228977,16.0,2.1998887062072754,18,128.72865295410156,131.38113403320312
427,427,/yh/study/new_data/model_dataset_flight/vi/vi_000427.jpg,0,1,-278.8616027832031,39.60797882080078,-157.31689453125,9.604166984558105,-154.6561737060547,9.320287704467773,-169.65159606933594,19.649715423583984,139.00234985351562,136.32652976678295,3.0,2.999999999999999,2.992170572280884,2.992170572280884,0.2296450138092041,0.9982688426971436,2.992170572280884,3.0,152.0101776123047,0.057687804102897644,0.00047773122787475586,5.689436912536621,173.90999868913076,-0.48958667904604464,173.4204120100847,173.42041323738434,16.0,2.1998887062072754,18,125.19322967529297,127.84495544433594
428,428,/yh/study/new_data/model_dataset_flight/vi/vi_000428.jpg,0,1,-275.6933898925781,39.077232360839844,-157.63145446777344,9.637728691101074,-154.9707489013672,9.353850364685059,-169.65159606933594,19.649715423583984,139.31869506835938,136.6428852863967,3.0,2.999999999999999,2.992170572280884,2.992170572280884,0.22964510321617126,0.9982688426971436,2.992170572280884,3.0,152.32652282714844,0.05769946053624153,0.0004775524139404297,5.680264472961426,173.90999868913076,-0.48958657232433883,173.42041211680643,173.42041201008473,16.0,2.1998887062072754,18,121.67704772949219,124.32793426513672
429,429,/yh/study/new_data/model_dataset_flight/vi/vi_000429.jpg,0,1,-272.2135925292969,38.49428176879883,-157.94602966308594,9.67129135131836,-155.2853240966797,9.387413024902344,-169.65159606933594,19.649715423583984,139.6350555419922,136.95924132978877,3.0,2.999999999999999,2.992170572280884,2.992170572280884,0.22964510321617126,0.9982688426971436,2.992170572280884,3.0,152.3331756591797,0.05769502744078636,0.0004843398928642273,5.680261611938477,173.90999868913076,-0.4895843845293703,173.4204143046014,173.42041211680643,16.0,2.1998887062072754,18,117.84668731689453,120.49659729003906
430,430,/yh/study/new_data/model_dataset_flight/vi/vi_000430.jpg,0,1,-267.29248046875,37.77089309692383,-158.26060485839844,9.704854011535645,-155.5998992919922,9.420975685119629,-169.65159606933594,19.649715423583984,139.951416015625,137.27559784158115,3.0,2.999999999999999,2.992170572280884,2.992170572280884,0.22964516282081604,0.9982688426971436,2.992170572280884,3.0,152.3331756591797,0.05770285800099373,0.0004928335547447205,5.680261611938477,173.90999868913076,-0.4895856651898397,173.4204130239409,173.4204143046014,16.0,2.1998887062072754,18,112.58619689941406,115.23432922363281
431,431,/yh/study/new_data/model_dataset_flight/vi/vi_000431.jpg,0,1,-262.3687438964844,37.04712677001953,-158.57518005371094,9.738417625427246,-155.91445922851562,9.454537391662598,-169.65159606933594,19.649715423583984,140.2677764892578,137.5919547722508,3.0,2.999999999999999,2.992170572280884,2.992170572280884,0.22964513301849365,0.9982688426971436,2.992170572280884,3.0,152.3331756591797,0.05770127847790718,0.0004959069192409515,5.680261611938477,173.90999868913076,-0.4895867324068975,173.42041195672385,173.42041302394094,16.0,2.1998887062072754,18,107.32599639892578,109.97211456298828
432,432,/yh/study/new_data/model_dataset_flight/vi/vi_000432.jpg,0,1,-259.2642517089844,36.61650085449219,-158.88973999023438,9.771978378295898,-156.22903442382812,9.488100051879883,-169.65159606933594,19.649715423583984,140.58412170410156,137.90831046423014,3.0,2.999999999999999,2.992170572280884,2.992170572280884,0.22964558005332947,0.9982688426971436,2.992170572280884,3.0,152.3331756591797,0.0577772781252861,0.0005722343921661377,5.680261611938477,173.90999868913076,-0.4895856118289868,173.42041307730176,173.42041195672388,16.0,2.1998887062072754,18,103.9022216796875,106.5467300415039
433,433,/yh/study/new_data/model_dataset_flight/vi/vi_000433.jpg,0,1,-255.854736328125,36.14356231689453,-159.20431518554688,9.805541038513184,-156.54360961914062,9.521662712097168,-169.65159606933594,19.649715423583984,140.90048217773438,138.22466666176393,3.0,2.999999999999999,2.992171049118042,2.992171049118042,0.22964566946029663,0.9982689619064331,2.992170572280884,3.0,152.3331756591797,0.05788055807352066,0.0005050487816333771,5.680261611938477,173.90999868913076,-0.48959153488365764,173.4204071542471,173.4204130773018,16.0,2.1998887062072754,18,100.17481994628906,102.81743621826172
434,434,/yh/study/new_data/model_dataset_flight/vi/vi_000434.jpg,0,1,-252.73838806152344,35.7112922668457,-159.51889038085938,9.839103698730469,-156.85818481445312,9.555225372314453,-169.65159606933594,19.649715423583984,141.2168426513672,138.54102331140092,3.0,2.999999999999999,2.9921715259552,2.9921715259552,0.22964656352996826,0.9982690811157227,2.9921715259552,3.0,152.3331756591797,0.058352597057819366,0.0002279244363307953,5.680261611938477,173.90999868913076,-0.48962333795198054,173.4203753511788,173.4204071542471,16.0,2.1998887062072754,18,96.74319458007812,99.38386535644531
435,435,/yh/study/new_data/model_dataset_flight/vi/vi_000435.jpg,0,1,-250.205810546875,35.360801696777344,-159.83346557617188,9.87266731262207,-157.17274475097656,9.588787078857422,-169.65159606933594,19.649715423583984,141.533203125,138.85738036534116,3.0,2.999999999999999,2.9921715259552,2.9921715259552,0.22964692115783691,0.9982690811157227,2.9921720027923584,3.0,152.3331756591797,0.05838337913155556,0.00021332502365112305,5.680261611938477,173.90999868913076,-0.48962611271633083,173.42037257641442,173.4203753511788,16.0,2.1998887062072754,18,93.8978500366211,96.5367660522461
436,436,/yh/study/new_data/model_dataset_flight/vi/vi_000436.jpg,0,1,-247.88943481445312,35.04023361206055,-160.1480255126953,9.906228065490723,-157.48731994628906,9.622349739074707,-169.65159606933594,19.649715423583984,141.84954833984375,139.17373616755793,3.0,2.999999999999999,2.9921715259552,2.9921715259552,0.22964656352996826,0.9982690811157227,2.9921715259552,3.0,152.3331756591797,0.05839347094297409,0.00024570152163505554,5.680261611938477,173.90999868913076,-0.48962259090004007,173.42037609823072,173.42037257641445,16.0,2.1998887062072754,18,91.27033233642578,93.90746307373047
437,437,/yh/study/new_data/model_dataset_flight/vi/vi_000437.jpg,0,1,-245.57943725585938,34.720550537109375,-160.4626007080078,9.939790725708008,-157.80189514160156,9.655912399291992,-169.65159606933594,19.649715423583984,142.16590881347656,139.490092463674,3.0,2.999999999999999,2.992171049118042,2.992171049118042,0.22964568436145782,0.9982689619064331,2.9921715259552,3.0,152.3331756591797,0.05797874554991722,0.0005031973123550415,5.680261611938477,173.90999868913076,-0.48959831171197477,173.4204003774188,173.42037609823072,16.0,2.1998887062072754,18,88.65078735351562,91.28599548339844
438,438,/yh/study/new_data/model_dataset_flight/vi/vi_000438.jpg,0,1,-244.89129638671875,34.59495162963867,-160.7771759033203,9.97335433959961,-158.116455078125,9.689474105834961,-169.65159606933594,19.649715423583984,142.48226928710938,139.80644920147034,3.0,2.999999999999999,2.992171049118042,2.992171049118042,0.2296455055475235,0.9982689619064331,2.992170572280884,3.0,152.3331756591797,0.05787942185997963,0.0004550516605377197,5.680261611938477,173.90999868913076,-0.48959756466003435,173.42040112447071,173.4204003774188,16.0,2.1998887062072754,18,87.64364624023438,90.27821350097656
439,439,/yh/study/new_data/model_dataset_flight/vi/vi_000439.jpg,0,1,-244.13426208496094,34.45677947998047,-161.09173583984375,10.006915092468262,-158.4310302734375,9.723036766052246,-174.4134521484375,14.921524047851562,142.79861450195312,140.12280472096847,3.0,2.999999999999999,2.992170572280884,2.992170572280884,0.22964262962341309,0.9982688426971436,2.992171049118042,3.0,155.8064422607422,0.058022186160087585,7.412955164909363e-05,0.8955507874488831,173.90999868913076,-0.48963886596017175,173.4203598231706,173.42040112447074,16.0,2.1998887062072754,18,86.56706237792969,89.2009048461914
440,440,/yh/study/new_data/model_dataset_flight/vi/vi_000440.jpg,0,1,-243.38375854492188,34.31979751586914,-161.40631103515625,10.040477752685547,-158.74560546875,9.756599426269531,-174.4134521484375,14.921524047851562,143.11497497558594,140.43916076425714,3.0,2.999999999999999,2.992170572280884,2.992170572280884,0.22964262962341309,0.9982688426971436,2.9921700954437256,3.0,156.122802734375,0.05799219384789467,8.00006091594696e-05,0.6489723920822144,173.90999868913076,-0.48963769202140817,173.42036099710936,173.4203598231706,16.0,2.1998887062072754,18,85.4972915649414,88.13040161132812
441,441,/yh/study/new_data/model_dataset_flight/vi/vi_000441.jpg,0,1,-243.58389282226562,34.33510971069336,-161.72088623046875,10.074040412902832,-159.0601806640625,9.790162086486816,-169.65159606933594,19.649715423583984,143.43133544921875,140.75551727595703,3.0,2.999999999999999,2.992170572280884,2.992170572280884,0.22964277863502502,0.9982688426971436,2.992170572280884,3.0,152.3331756591797,0.05811043828725815,0.00010794773697853088,5.680261611938477,173.90999868913076,-0.4896413739202576,173.4203573152105,173.42036099710936,16.0,2.1998887062072754,18,85.38238525390625,88.01541137695312
442,442,/yh/study/new_data/model_dataset_flight/vi/vi_000442.jpg,0,1,-243.7839813232422,34.35041427612305,-162.03546142578125,10.107604026794434,-159.37474060058594,9.823723793029785,-169.65159606933594,19.649715423583984,143.74769592285156,141.07187420654398,3.0,2.999999999999999,2.992171049118042,2.992171049118042,0.2296440601348877,0.9982689619064331,2.992170572280884,3.0,152.3331756591797,0.058954909443855286,0.00041767582297325134,5.680261611938477,173.90999868913076,-0.4896551943811563,173.4203434947496,173.4203573152105,16.0,2.1998887062072754,18,85.26742553710938,87.900390625
443,443,/yh/study/new_data/model_dataset_flight/vi/vi_000443.jpg,0,1,-243.9658660888672,34.36432647705078,-162.3500213623047,10.141164779663086,-159.68931579589844,9.85728645324707,-169.65159606933594,19.649715423583984,144.0640411376953,141.38822989844937,3.0,2.999999999999999,2.992171049118042,2.992171049118042,0.2296440750360489,0.9982689619064331,2.9921715259552,3.0,152.3331756591797,0.05899917706847191,0.0005266815423965454,5.680261611938477,173.90999868913076,-0.48965679520674305,173.42034189392402,173.4203434947496,16.0,2.1998887062072754,18,85.1346435546875,87.76748657226562
444,444,/yh/study/new_data/model_dataset_flight/vi/vi_000444.jpg,0,1,-243.88287353515625,34.3956413269043,-162.6645965576172,10.174727439880371,-160.00389099121094,9.890849113464355,-169.65159606933594,19.649715423583984,144.38040161132812,141.70458609591702,3.0,2.999999999999999,2.992171049118042,2.992171049118042,0.2296440750360489,0.9982689619064331,2.992171049118042,3.0,152.3331756591797,0.05893464386463165,0.000383622944355011,5.680261611938477,173.90999868913076,-0.48965604815480257,173.42034264097595,173.42034189392402,16.0,2.1998887062072754,18,84.75294494628906,87.38516998291016
445,445,/yh/study/new_data/model_dataset_flight/vi/vi_000445.jpg,0,1,-243.7915496826172,34.43009948730469,-162.9791717529297,10.208291053771973,-160.31846618652344,9.924412727355957,-169.65159606933594,19.649715423583984,144.69676208496094,142.02094274549486,3.0,2.999999999999999,2.992171049118042,2.992171049118042,0.2296440601348877,0.9982689619064331,2.992171049118042,3.0,152.3331756591797,0.05892704427242279,0.0003773123025894165,5.680261611938477,173.90999868913076,-0.4896563683199199,173.42034232081085,173.42034264097597,16.0,2.1998887062072754,18,84.36431121826172,86.99588775634766
446,446,/yh/study/new_data/model_dataset_flight/vi/vi_000446.jpg,0,1,-243.70034790039062,34.464515686035156,-163.2937469482422,10.241853713989258,-160.63302612304688,9.95797348022461,-169.65159606933594,19.649715423583984,145.01312255859375,142.33729979938224,3.0,2.999999999999999,2.992171049118042,2.992171049118042,0.22964397072792053,0.9982689619064331,2.992171049118042,3.0,152.3331756591797,0.05893172696232796,0.00040420517325401306,5.680261611938477,173.90999868913076,-0.48965604815480257,173.42034264097595,173.42034232081085,16.0,2.1998887062072754,18,83.97594451904297,86.60687255859375
447,447,/yh/study/new_data/model_dataset_flight/vi/vi_000447.jpg,0,1,-243.38027954101562,34.39028549194336,-163.60830688476562,10.27541446685791,-160.94760131835938,9.991536140441895,-169.65159606933594,19.649715423583984,145.3294677734375,142.65365560155172,3.0,2.999999999999999,2.992171049118042,2.992171049118042,0.22964398562908173,0.9982689619064331,2.992171049118042,3.0,152.3331756591797,0.05896405875682831,0.0003792569041252136,5.680261611938477,173.90999868913076,-0.4896573288152719,173.4203413603155,173.42034264097597,16.0,2.1998887062072754,18,83.33723449707031,85.96769714355469
448,448,/yh/study/new_data/model_dataset_flight/vi/vi_000448.jpg,0,1,-243.06039428710938,34.316097259521484,-163.92288208007812,10.308978080749512,-161.26217651367188,10.025099754333496,-169.65159606933594,19.649715423583984,145.6458282470703,142.97001189762548,3.0,2.999999999999999,2.992171049118042,2.992171049118042,0.2296440601348877,0.9982689619064331,2.992171049118042,3.0,152.3331756591797,0.05894957855343819,0.00041502341628074646,5.680261611938477,173.90999868913076,-0.4896556746288323,173.42034301450192,173.4203413603155,16.0,2.1998887062072754,18,82.69877624511719,85.32878112792969
449,449,/yh/study/new_data/model_dataset_flight/vi/vi_000449.jpg,0,1,-242.74037170410156,34.24187469482422,-164.23745727539062,10.342540740966797,-161.5767364501953,10.058660507202148,-169.65159606933594,19.649715423583984,145.96218872070312,143.286368635384,3.0,2.999999999999999,2.992171049118042,2.992171049118042,0.22964398562908173,0.9982689619064331,2.992171049118042,3.0,152.3331756591797,0.058933503925800323,0.00040223821997642517,5.680261611938477,173.90999868913076,-0.4896564750416257,173.42034221408915,173.42034301450195,16.0,2.1998887062072754,18,82.06025695800781,84.68980407714844
450,450,/yh/study/new_data/model_dataset_flight/vi/vi_000450.jpg,0,1,-242.4475860595703,34.182498931884766,-164.55201721191406,10.37610149383545,-161.8913116455078,10.092223167419434,-169.65159606933594,19.649715423583984,146.27853393554688,143.60272415484832,3.0,2.999999999999999,2.992171049118042,2.992171049118042,0.22964411973953247,0.9982689619064331,2.992171049118042,3.0,152.3331756591797,0.05897814780473709,0.0005271099507808685,5.680261611938477,173.90999868913076,-0.48965588807224386,173.42034280105852,173.42034221408915,16.0,2.1998887062072754,18,81.45222473144531,84.08123779296875
451,451,/yh/study/new_data/model_dataset_flight/vi/vi_000451.jpg,0,1,-242.1549530029297,34.12315368652344,-164.86659240722656,10.409664154052734,-162.2058868408203,10.125785827636719,-169.65159606933594,19.649715423583984,146.5948944091797,143.91908019810674,3.0,2.999999999999999,2.992171049118042,2.992171049118042,0.2296440303325653,0.9982689619064331,2.992171049118042,3.0,152.3331756591797,0.05898011103272438,0.0004897937178611755,5.680261611938477,173.90999868913076,-0.4896564216807728,173.42034226745,173.42034280105852,16.0,2.1998887062072754,18,80.84442138671875,83.47290802001953
452,452,/yh/study/new_data/model_dataset_flight/vi/vi_000452.jpg,0,1,-241.8621063232422,34.06376266479492,-165.18116760253906,10.443227767944336,-162.5204620361328,10.15934944152832,-169.65159606933594,19.649715423583984,146.9112548828125,144.23543670977958,3.0,2.999999999999999,2.992171049118042,2.992171049118042,0.2296440303325653,0.9982689619064331,2.992171049118042,3.0,152.3331756591797,0.05894492566585541,0.00046194717288017273,5.680261611938477,173.90999868913076,-0.4896553011028621,173.4203433880279,173.42034226745,16.0,2.1998887062072754,18,80.23650360107422,82.86445617675781
453,453,/yh/study/new_data/model_dataset_flight/vi/vi_000453.jpg,0,1,-241.80137634277344,34.07073211669922,-165.49574279785156,10.476790428161621,-162.83502197265625,10.192910194396973,-169.65159606933594,19.649715423583984,147.2276153564453,144.55179364034234,3.0,2.999999999999999,2.992171049118042,2.992171049118042,0.2296440601348877,0.9982689619064331,2.992171049118042,3.0,152.3331756591797,0.05893133580684662,0.0004151873290538788,5.680261611938477,173.90999868913076,-0.48965386035983405,173.42034482877094,173.4203433880279,16.0,2.1998887062072754,18,79.87004089355469,82.49748992919922
454,454,/yh/study/new_data/model_dataset_flight/vi/vi_000454.jpg,0,1,-241.73477172851562,34.078372955322266,-165.810302734375,10.510351181030273,-163.14959716796875,10.226472854614258,-169.65159606933594,19.649715423583984,147.54396057128906,144.8681493322261,3.0,2.999999999999999,2.992171287536621,2.992171287536621,0.2296442687511444,0.9982690811157227,2.992171049118042,3.0,152.3331756591797,0.05945020169019699,0.0009897537529468536,5.680261611938477,173.90999868913076,-0.48963374331829423,173.42036494581245,173.42034482877094,16.0,2.1998887062072754,18,79.49828338623047,82.12516784667969
455,455,/yh/study/new_data/model_dataset_flight/vi/vi_000455.jpg,0,1,-241.66806030273438,34.086029052734375,-166.1248779296875,10.543914794921875,-163.46417236328125,10.26003646850586,-169.65159606933594,19.649715423583984,147.86032104492188,145.1845055296744,3.0,2.999999999999999,2.992171287536621,2.992171287536621,0.22964400053024292,0.9982690811157227,2.9921715259552,3.0,152.3331756591797,0.05943155288696289,0.000981215387582779,5.680261611938477,173.90999868913076,-0.48963433028767606,173.42036435884307,173.42036494581248,16.0,2.1998887062072754,18,79.12650299072266,81.7528305053711
456,456,/yh/study/new_data/model_dataset_flight/vi/vi_000456.jpg,0,1,-241.79104614257812,34.13848876953125,-166.439453125,10.57747745513916,-163.77874755859375,10.293599128723145,-169.65159606933594,19.649715423583984,148.1766815185547,145.50086217923496,3.0,2.999999999999999,2.992171287536621,2.992171287536621,0.22964411973953247,0.9982690811157227,2.992171287536621,3.0,152.3331756591797,0.059474628418684006,0.001029469072818756,5.680261611938477,173.90999868913076,-0.48963427692682315,173.42036441220392,173.4203643588431,16.0,2.1998887062072754,18,78.94924926757812,81.57510375976562
457,457,/yh/study/new_data/model_dataset_flight/vi/vi_000457.jpg,0,1,-241.9029541015625,34.186214447021484,-166.7540283203125,10.611040115356445,-164.0933074951172,10.327159881591797,-169.65159606933594,19.649715423583984,148.4930419921875,145.81721923310684,3.0,2.999999999999999,2.992171287536621,2.992171287536621,0.2296440601348877,0.9982690811157227,2.992171287536621,3.0,152.3331756591797,0.059481147676706314,0.001041807234287262,5.680261611938477,173.90999868913076,-0.48963534414388094,173.42036334498687,173.42036441220395,16.0,2.1998887062072754,18,78.76007843017578,81.3854751586914
458,458,/yh/study/new_data/model_dataset_flight/vi/vi_000458.jpg,0,1,-241.96078491210938,34.227012634277344,-167.06858825683594,10.644600868225098,-164.4078826904297,10.360722541809082,-169.65159606933594,19.649715423583984,148.80938720703125,146.13357503526248,3.0,2.999999999999999,2.992171287536621,2.992171287536621,0.22964394092559814,0.9982690811157227,2.992171287536621,3.0,152.3331756591797,0.059452883899211884,0.0009987391531467438,5.680261611938477,173.90999868913076,-0.4896351840613223,173.42036350506945,173.4203633449869,16.0,2.1998887062072754,18,78.517333984375,81.14217376708984
459,459,/yh/study/new_data/model_dataset_flight/vi/vi_000459.jpg,0,1,-242.0187225341797,34.26787185668945,-167.38316345214844,10.6781644821167,-164.7224578857422,10.394286155700684,-169.65159606933594,19.649715423583984,149.12574768066406,146.44993133132385,3.0,2.999999999999999,2.992171287536621,2.992171287536621,0.2296440601348877,0.9982690811157227,2.992171287536621,3.0,152.3331756591797,0.059493537992239,0.001041952520608902,5.680261611938477,173.90999868913076,-0.48963593111326276,173.4203627580175,173.42036350506945,16.0,2.1998887062072754,18,78.2747802734375,80.89907836914062
460,460,/yh/study/new_data/model_dataset_flight/vi/vi_000460.jpg,0,1,-242.07655334472656,34.30866622924805,-167.69773864746094,10.711727142333984,-165.03701782226562,10.427846908569336,-169.65159606933594,19.649715423583984,149.44210815429688,146.76628806907132,3.0,2.999999999999999,2.992171287536621,2.992171287536621,0.22964388132095337,0.9982690811157227,2.992171287536621,3.0,152.3331756591797,0.059473104774951935,0.0010691173374652863,5.680261611938477,173.90999868913076,-0.48963673152605613,173.4203619576047,173.42036275801752,16.0,2.1998887062072754,18,78.03219604492188,80.65596008300781
461,461,/yh/study/new_data/model_dataset_flight/vi/vi_000461.jpg,0,1,-242.0294647216797,34.86949157714844,-168.01229858398438,10.745287895202637,-165.35159301757812,10.461409568786621,-169.65159606933594,19.649715423583984,149.75845336914062,147.08264358852574,3.0,2.999999999999999,2.992171287536621,2.992171287536621,0.22964389622211456,0.9982690811157227,2.992171287536621,3.0,152.3331756591797,0.059510488063097,0.001111634075641632,5.680261611938477,173.90999868913076,-0.4896361979175272,173.42036249121324,173.4203619576047,16.0,2.1998887062072754,18,77.84932708740234,80.46894073486328
462,462,/yh/study/new_data/model_dataset_flight/vi/vi_000462.jpg,0,1,-241.9866180419922,35.37950897216797,-168.32687377929688,10.778851509094238,-165.66616821289062,10.494973182678223,-169.65159606933594,19.649715423583984,150.07481384277344,147.3989996317753,3.0,2.999999999999999,2.992171287536621,2.992171287536621,0.22964397072792053,0.9982690811157227,2.992171287536621,3.0,152.3331756591797,0.05946148931980133,0.0010112114250659943,5.680261611938477,173.90999868913076,-0.48963422356597025,173.4203644655648,173.42036249121324,16.0,2.1998887062072754,18,77.65919494628906,80.27484893798828
463,463,/yh/study/new_data/model_dataset_flight/vi/vi_000463.jpg,0,1,-241.9438018798828,35.889404296875,-168.64144897460938,10.812414169311523,-165.98074340820312,10.528535842895508,-169.65159606933594,19.649715423583984,150.39117431640625,147.71535614344023,3.0,2.999999999999999,2.992171287536621,2.992171287536621,0.2296440750360489,0.9982690811157227,2.992171287536621,3.0,152.3331756591797,0.05947303771972656,0.0010255314409732819,5.680261611938477,173.90999868913076,-0.48963385004,173.42036483909075,173.4203644655648,16.0,2.1998887062072754,18,77.47315979003906,80.08470916748047
464,464,/yh/study/new_data/model_dataset_flight/vi/vi_000464.jpg,0,1,-241.87908935546875,36.535308837890625,-168.95602416992188,10.845976829528809,-166.29530334472656,10.56209659576416,-169.65159606933594,19.649715423583984,150.70753479003906,148.03171307399592,3.0,2.999999999999999,2.992171287536621,2.992171287536621,0.2296438217163086,0.9982690811157227,2.992171287536621,3.0,152.3331756591797,0.059498630464076996,0.001110576093196869,5.680261611938477,173.90999868913076,-0.48963705169117344,173.42036163743958,173.42036483909078,16.0,2.1998887062072754,18,77.31568908691406,79.92194366455078
465,465,/yh/study/new_data/model_dataset_flight/vi/vi_000465.jpg,0,1,-241.814453125,37.18061065673828,-169.2705841064453,10.879537582397461,-166.60987854003906,10.595660209655762,-169.65159606933594,19.649715423583984,151.0238800048828,148.34806876587334,3.0,2.999999999999999,2.992171287536621,2.992171287536621,0.22964400053024292,0.9982690811157227,2.992171287536621,3.0,152.3331756591797,0.05948423594236374,0.0010737553238868713,5.680261611938477,173.90999868913076,-0.48963635800008587,173.42036233113066,173.4203616374396,16.0,2.1998887062072754,18,77.16449737548828,79.76519775390625
466,466,/yh/study/new_data/model_dataset_flight/vi/vi_000466.jpg,0,1,-241.749755859375,37.82636260986328,-169.5851593017578,10.913101196289062,-166.92445373535156,10.629222869873047,-169.65159606933594,19.649715423583984,151.34024047851562,148.66442496331598,3.0,2.999999999999999,2.992171287536621,2.992171287536621,0.22964361310005188,0.9982690811157227,2.992171287536621,3.0,152.3331756591797,0.05945061892271042,0.0011111609637737274,5.680261611938477,173.90999868913076,-0.4896379588256726,173.42036073030508,173.4203623311307,16.0,2.1998887062072754,18,77.01982116699219,79.61476135253906
467,467,/yh/study/new_data/model_dataset_flight/vi/vi_000467.jpg,0,1,-241.69378662109375,38.54419708251953,-169.8997344970703,10.946662902832031,-167.23902893066406,10.662785530090332,-169.65159606933594,19.649715423583984,151.65660095214844,148.98078161287148,3.0,2.999999999999999,2.992171287536621,2.992171287536621,0.2296435832977295,0.9982690811157227,2.992171287536621,3.0,152.3331756591797,0.059458162635564804,0.0011022090911865234,5.680261611938477,173.90999868913076,-0.4896380655473784,173.42036062358338,173.4203607303051,16.0,2.1998887062072754,18,76.91560363769531,79.50398254394531
468,468,/yh/study/new_data/model_dataset_flight/vi/vi_000468.jpg,0,1,-241.6322021484375,39.33401870727539,-170.2143096923828,10.980226516723633,-167.5535888671875,10.696346282958984,-169.65159606933594,19.649715423583984,151.97296142578125,149.29713866673885,3.0,2.999999999999999,2.992171287536621,2.992171287536621,0.2296438217163086,0.9982690811157227,2.992171287536621,3.0,152.3331756591797,0.0594416968524456,0.0010285191237926483,5.680261611938477,173.90999868913076,-0.4896355575872925,173.42036313154347,173.4203606235834,16.0,2.1998887062072754,18,76.84043884277344,79.42139434814453
469,469,/yh/study/new_data/model_dataset_flight/vi/vi_000469.jpg,0,1,-241.57615661621094,40.05275344848633,-170.52886962890625,11.013788223266602,-167.8681640625,10.729909896850586,-183.9982147216797,-4.0511794090271,152.289306640625,149.61349446889045,3.0,2.999999999999999,2.992171287536621,2.992171287536621,0.22964340448379517,0.9982690811157227,2.992171287536621,3.0,164.08436584472656,0.0589248389005661,0.00034568458795547485,19.408918380737305,173.90999868913076,-0.48964222769390386,173.42035646143685,173.42036313154347,16.0,2.1998887062072754,18,76.7527084350586,79.32652282714844
470,470,/yh/study/new_data/model_dataset_flight/vi/vi_000470.jpg,0,1,-241.46749877929688,41.62010955810547,-170.84344482421875,11.04734992980957,-168.1827392578125,10.763472557067871,-183.9982147216797,-4.0511794090271,152.6056671142578,149.9298507649482,3.0,2.999999999999999,2.992171287536621,2.992171287536621,0.2296435832977295,0.9982690811157227,2.992171287536621,3.0,164.08436584472656,0.058958422392606735,0.0003632158041000366,19.408918380737305,173.90999868913076,-0.48964377515863766,173.42035491397212,173.42035646143688,16.0,2.1998887062072754,18,76.95745849609375,79.51596069335938
471,471,/yh/study/new_data/model_dataset_flight/vi/vi_000471.jpg,0,1,-241.36863708496094,43.04602813720703,-171.15802001953125,11.080913543701172,-168.49729919433594,10.797033309936523,-183.9982147216797,-4.0511794090271,152.92202758789062,150.24620750269244,3.0,2.999999999999999,2.992171287536621,2.992171287536621,0.22964362800121307,0.9982690811157227,2.992171287536621,3.0,164.08436584472656,0.058968499302864075,0.0003742314875125885,19.408918380737305,173.90999868913076,-0.4896464965621351,173.42035219256863,173.42035491397215,16.0,2.1998887062072754,18,77.14466857910156,79.68832397460938
472,472,/yh/study/new_data/model_dataset_flight/vi/vi_000472.jpg,0,1,-241.269775390625,44.472137451171875,-171.4725799560547,11.11447525024414,-168.81187438964844,10.830596923828125,-183.9982147216797,-4.0511794090271,153.23837280273438,150.56256302214396,3.0,2.999999999999999,2.9921715259552,2.9921715259552,0.22964373230934143,0.9982690811157227,2.992171287536621,3.0,164.08436584472656,0.058947909623384476,0.0003206618130207062,19.408918380737305,173.90999868913076,-0.48964516254081286,173.42035352658993,173.42035219256863,16.0,2.1998887062072754,18,77.3587875366211,79.88680267333984
473,473,/yh/study/new_data/model_dataset_flight/vi/vi_000473.jpg,0,1,-241.15740966796875,46.194480895996094,-171.7871551513672,11.14803695678711,-169.12644958496094,10.864158630371094,-183.9982147216797,-4.0511794090271,153.5547332763672,150.87891906539093,3.0,2.999999999999999,2.9921715259552,2.9921715259552,0.22964373230934143,0.9982690811157227,2.9921717643737793,3.0,164.08436584472656,0.05889938771724701,0.0002680756151676178,19.408918380737305,173.90999868913076,-0.4896453226233715,173.42035336650738,173.42035352658996,16.0,2.1998887062072754,18,77.7205581665039,80.22898864746094
474,474,/yh/study/new_data/model_dataset_flight/vi/vi_000474.jpg,0,1,-241.04513549804688,47.91563415527344,-172.1017303466797,11.181600570678711,-169.44102478027344,10.897722244262695,-183.9982147216797,-4.0511794090271,153.87109375,151.19527557705356,3.0,2.999999999999999,2.9921715259552,2.9921715259552,0.22964371740818024,0.9982690811157227,2.9921715259552,3.0,164.08436584472656,0.05888940393924713,0.0002811849117279053,19.408918380737305,173.90999868913076,-0.4896440419629021,173.42035464716787,173.4203533665074,16.0,2.1998887062072754,18,78.11902618408203,80.6069107055664
475,475,/yh/study/new_data/model_dataset_flight/vi/vi_000475.jpg,0,1,-240.94297790527344,49.48151397705078,-172.4163055419922,11.215164184570312,-169.75558471679688,10.931283950805664,-183.9982147216797,-4.0511794090271,154.1874542236328,151.5116325076072,3.0,2.999999999999999,2.9921715259552,2.9921715259552,0.22964370250701904,0.9982690811157227,2.9921715259552,3.0,164.08436584472656,0.05892447009682655,0.0003221482038497925,19.408918380737305,173.90999868913076,-0.4896449490974013,173.42035374003336,173.42035464716787,16.0,2.1998887062072754,18,78.487060546875,80.95532989501953
476,476,/yh/study/new_data/model_dataset_flight/vi/vi_000476.jpg,0,1,-240.92977905273438,51.15644073486328,-172.73086547851562,11.248723983764648,-170.07015991210938,10.964845657348633,-183.9982147216797,-4.0511794090271,154.50379943847656,151.82798819948277,3.0,2.999999999999999,2.9921715259552,2.9921715259552,0.22964367270469666,0.9982690811157227,2.9921715259552,3.0,164.08436584472656,0.058907266706228256,0.0002995133399963379,19.408918380737305,173.90999868913076,-0.489646069675312,173.42035261945546,173.42035374003336,16.0,2.1998887062072754,18,79.01719665527344,81.46440887451172
477,477,/yh/study/new_data/model_dataset_flight/vi/vi_000477.jpg,0,1,-240.91661071777344,52.82960891723633,-173.04544067382812,11.28228759765625,-170.38473510742188,10.998409271240234,-183.9982147216797,-4.0511794090271,154.82015991210938,152.14434439692377,3.0,2.999999999999999,2.9921715259552,2.9921715259552,0.22964361310005188,0.9982690811157227,2.9921715259552,3.0,164.08436584472656,0.05884348228573799,0.00025521591305732727,19.408918380737305,173.90999868913076,-0.4896449490974013,173.42035374003336,173.42035261945546,16.0,2.1998887062072754,18,79.57810974121094,82.00362396240234
478,478,/yh/study/new_data/model_dataset_flight/vi/vi_000478.jpg,0,1,-240.90213012695312,54.669002532958984,-173.36001586914062,11.315851211547852,-170.69931030273438,11.031972885131836,-183.9982147216797,-4.0511794090271,155.1365203857422,152.46070104647777,3.0,2.999999999999999,2.9921715259552,2.9921715259552,0.2296435832977295,0.9982690811157227,2.9921715259552,3.0,164.08436584472656,0.05895175412297249,0.0003906078636646271,19.408918380737305,173.90999868913076,-0.4896452692625186,173.42035341986823,173.42035374003336,16.0,2.1998887062072754,18,80.25853729248047,82.65970611572266
479,479,/yh/study/new_data/model_dataset_flight/vi/vi_000479.jpg,0,1,-241.29090881347656,56.285118103027344,-173.67459106445312,11.34941291809082,-171.0138702392578,11.065532684326172,-183.9982147216797,-4.0511794090271,155.452880859375,152.7770581003438,3.0,2.999999999999999,2.992171287536621,2.992171287536621,0.2296435832977295,0.9982690811157227,2.9921715259552,3.0,164.08436584472656,0.05897697061300278,0.000415802001953125,19.408918380737305,173.90999868913076,-0.48964580287104753,173.4203528862597,173.42035341986826,16.0,2.1998887062072754,18,81.18611145019531,83.56837463378906
480,480,/yh/study/new_data/model_dataset_flight/vi/vi_000480.jpg,0,1,-241.7179412841797,58.060272216796875,-173.98915100097656,11.382974624633789,-171.3284454345703,11.099096298217773,-183.9982147216797,-4.0511794090271,155.76922607421875,153.0934139024942,3.0,2.999999999999999,2.9921715259552,2.9921715259552,0.2296435832977295,0.9982690811157227,2.992171049118042,3.0,164.08436584472656,0.05900011956691742,0.0004955381155014038,19.408918380737305,173.90999868913076,-0.48964585623190043,173.42035283289886,173.42035288625974,16.0,2.1998887062072754,18,82.25544738769531,84.61698150634766
481,481,/yh/study/new_data/model_dataset_flight/vi/vi_000481.jpg,0,1,-242.10719299316406,59.67837905883789,-174.30372619628906,11.416536331176758,-171.6430206298828,11.132658004760742,-183.9982147216797,-4.0511794090271,156.08558654785156,153.40977019855092,3.0,2.999999999999999,2.9921715259552,2.9921715259552,0.22964343428611755,0.9982690811157227,2.9921717643737793,3.0,164.08436584472656,0.05895798280835152,0.00048414990305900574,19.408918380737305,173.90999868913076,-0.4896435617152261,173.42035512741555,173.42035283289886,16.0,2.1998887062072754,18,83.22569274902344,85.56802368164062
482,482,/yh/study/new_data/model_dataset_flight/vi/vi_000482.jpg,0,1,-242.8861541748047,61.41960144042969,-174.61830139160156,11.45009994506836,-171.95758056640625,11.166219711303711,-183.9982147216797,-4.0511794090271,156.40194702148438,153.7261269362942,3.0,2.999999999999999,2.9921715259552,2.9921715259552,0.22964367270469666,0.9982690811157227,2.9921715259552,3.0,164.08436584472656,0.05904229357838631,0.0005320943892002106,19.408918380737305,173.90999868913076,-0.48964580287104753,173.4203528862597,173.42035512741555,16.0,2.1998887062072754,18,84.60171508789062,86.9267807006836
483,483,/yh/study/new_data/model_dataset_flight/vi/vi_000483.jpg,0,1,-243.60806274414062,63.03327941894531,-174.932861328125,11.483661651611328,-172.27215576171875,11.199783325195312,-183.9982147216797,-4.0511794090271,156.71829223632812,154.04248245574487,3.0,2.999999999999999,2.9921715259552,2.9921715259552,0.22964385151863098,0.9982690811157227,2.9921715259552,3.0,164.08436584472656,0.05892244353890419,0.00036757439374923706,19.408918380737305,173.90999868913076,-0.489646069675312,173.42035261945546,173.42035288625974,16.0,2.1998887062072754,18,85.86994171142578,88.17892456054688
484,484,/yh/study/new_data/model_dataset_flight/vi/vi_000484.jpg,0,1,-244.32330322265625,64.63209533691406,-175.2474365234375,11.517223358154297,-172.58673095703125,11.233345031738281,-183.9982147216797,-4.0511794090271,157.03465270996094,154.3588384989911,3.0,2.999999999999999,2.9921722412109375,2.9921722412109375,0.2296527922153473,0.9982693195343018,2.9921715259552,3.0,164.08436584472656,0.05807644501328468,0.0001619867980480194,19.408918380737305,173.90999868913076,-0.48960044614609044,173.42039824298467,173.42035261945546,16.0,2.1998887062072754,18,87.13590240478516,89.42909240722656
485,485,/yh/study/new_data/model_dataset_flight/vi/vi_000485.jpg,0,1,-245.63450622558594,67.1124267578125,-175.56201171875,11.550786972045898,-172.90130615234375,11.266908645629883,-183.9982147216797,-4.0511794090271,157.35101318359375,154.67519501065306,3.0,2.999999999999999,2.9921722412109375,2.9921722412109375,0.22965283691883087,0.9982693195343018,2.992172956466675,3.0,164.08436584472656,0.05814006179571152,0.0002508684992790222,19.408918380737305,173.90999868913076,-0.48960140664144247,173.42039728248932,173.42039824298467,16.0,2.1998887062072754,18,89.4273452758789,91.6997299194336
486,486,/yh/study/new_data/model_dataset_flight/vi/vi_000486.jpg,0,1,-246.94790649414062,69.5969467163086,-175.8765869140625,11.5843505859375,-173.2158660888672,11.300470352172852,-183.9982147216797,-4.0511794090271,157.66737365722656,154.99155194120607,3.0,2.999999999999999,2.9921727180480957,2.9921727180480957,0.22965285181999207,0.9982693195343018,2.9921722412109375,3.0,164.08436584472656,0.05820427089929581,0.0003236830234527588,19.408918380737305,173.90999868913076,-0.4896022604150887,173.42039642871566,173.42039728248932,16.0,2.1998887062072754,18,91.74199676513672,93.99411010742188
487,487,/yh/study/new_data/model_dataset_flight/vi/vi_000487.jpg,0,1,-248.10235595703125,70.97038269042969,-176.19114685058594,11.617910385131836,-173.5304412841797,11.33403205871582,-183.9982147216797,-4.0511794090271,157.9837188720703,155.3079076330811,3.0,2.999999999999999,2.9921722412109375,2.9921722412109375,0.2296527922153473,0.9982693195343018,2.992173194885254,3.0,164.08436584472656,0.05832064151763916,0.0004860237240791321,19.408918380737305,173.90999868913076,-0.48960140664144247,173.42039728248932,173.4203964287157,16.0,2.1998887062072754,18,93.24128723144531,95.48542022705078
488,488,/yh/study/new_data/model_dataset_flight/vi/vi_000488.jpg,0,1,-249.25552368164062,72.34230041503906,-176.50572204589844,11.651473999023438,-173.8450164794922,11.367595672607422,-183.9982147216797,-4.0511794090271,158.30007934570312,155.6242638305216,3.0,2.999999999999999,2.9921722412109375,2.9921722412109375,0.2296527922153473,0.9982693195343018,2.9921717643737793,3.0,164.08436584472656,0.05836118012666702,0.0005407519638538361,19.408918380737305,173.90999868913076,-0.4895999125375615,173.4203987765932,173.42039728248932,16.0,2.1998887062072754,18,94.74127960205078,96.97762298583984
489,489,/yh/study/new_data/model_dataset_flight/vi/vi_000489.jpg,0,1,-250.52227783203125,73.84934997558594,-176.82029724121094,11.685037612915039,-174.1595916748047,11.401159286499023,-183.9982147216797,-4.0511794090271,158.61643981933594,155.94062048007518,3.0,2.999999999999999,2.9921722412109375,2.9921722412109375,0.22965270280838013,0.9982693195343018,2.9921722412109375,3.0,164.08436584472656,0.05834413692355156,0.0004961080849170685,19.408918380737305,173.90999868913076,-0.4895993255681797,173.42039936356258,173.4203987765932,16.0,2.1998887062072754,18,96.41775512695312,98.64601135253906
490,490,/yh/study/new_data/model_dataset_flight/vi/vi_000490.jpg,0,1,-251.84426879882812,75.05020141601562,-177.13487243652344,11.718599319458008,-174.47415161132812,11.43471908569336,-183.9982147216797,-4.0511794090271,158.93280029296875,156.25697753394084,3.0,2.999999999999999,2.9921722412109375,2.9921722412109375,0.22965264320373535,0.9982693195343018,2.9921722412109375,3.0,164.08436584472656,0.05830850079655647,0.0004378706216812134,19.408918380737305,173.90999868913076,-0.4896006062286491,173.4203980829021,173.42039936356258,16.0,2.1998887062072754,18,97.94072723388672,100.1651840209961
491,491,/yh/study/new_data/model_dataset_flight/vi/vi_000491.jpg,0,1,-253.2986602783203,76.3713150024414,-177.44943237304688,11.752161026000977,-174.78871154785156,11.468282699584961,-183.9982147216797,-4.0511794090271,159.2491455078125,156.5733333360909,3.0,2.999999999999999,2.9921722412109375,2.9921722412109375,0.22965270280838013,0.9982693195343018,2.9921722412109375,3.0,164.08436584472656,0.058270759880542755,0.00038971006870269775,19.408918380737305,173.90999868913076,-0.48960124655888376,173.42039744257187,173.42039808290212,16.0,2.1998887062072754,18,99.64306640625,101.86370849609375
492,492,/yh/study/new_data/model_dataset_flight/vi/vi_000492.jpg,0,1,-254.750244140625,77.68987274169922,-177.76400756835938,11.785724639892578,-175.10328674316406,11.501846313476562,-183.9982147216797,-4.0511794090271,159.5655059814453,156.8896896321473,3.0,2.999999999999999,2.9921722412109375,2.9921722412109375,0.22965273261070251,0.9982693195343018,2.9921722412109375,3.0,164.08436584472656,0.0581904761493206,0.00029540061950683594,19.408918380737305,173.90999868913076,-0.48960167344570693,173.42039701568504,173.4203974425719,16.0,2.1998887062072754,18,101.34217834472656,103.55912780761719
493,493,/yh/study/new_data/model_dataset_flight/vi/vi_000493.jpg,0,1,-256.15155029296875,78.97294616699219,-178.07858276367188,11.819286346435547,-175.4178466796875,11.535406112670898,-183.9982147216797,-4.0511794090271,159.88186645507812,157.20604636989032,3.0,2.999999999999999,2.9921722412109375,2.9921722412109375,0.22965283691883087,0.9982693195343018,2.9921722412109375,3.0,164.08436584472656,0.0581800751388073,0.0002875328063964844,19.408918380737305,173.90999868913076,-0.48960092639376646,173.420397762737,173.42039701568507,16.0,2.1998887062072754,18,102.9805908203125,105.19387817382812
494,494,/yh/study/new_data/model_dataset_flight/vi/vi_000494.jpg,0,1,-257.68707275390625,80.37890625,-178.3931427001953,11.852848052978516,-175.732421875,11.5689697265625,-183.9982147216797,-4.0511794090271,160.19821166992188,157.52240188934076,3.0,2.999999999999999,2.9921722412109375,2.9921722412109375,0.22965270280838013,0.9982693195343018,2.9921722412109375,3.0,164.08436584472656,0.05820772796869278,0.00035649165511131287,19.408918380737305,173.90999868913076,-0.4895998058158557,173.4203988833149,173.420397762737,16.0,2.1998887062072754,18,104.80147552490234,107.0110855102539
495,495,/yh/study/new_data/model_dataset_flight/vi/vi_000495.jpg,0,1,-259.0905456542969,81.66397857666016,-178.7077178955078,11.886411666870117,-176.0469970703125,11.602533340454102,-183.9982147216797,-4.0511794090271,160.5145721435547,157.83875793258676,3.0,2.999999999999999,2.9921722412109375,2.9921722412109375,0.22965270280838013,0.9982693195343018,2.9921722412109375,3.0,164.08436584472656,0.058268580585718155,0.0004040151834487915,19.408918380737305,173.90999868913076,-0.48960167344570693,173.42039701568504,173.4203988833149,16.0,2.1998887062072754,18,106.44391632080078,108.65007019042969
496,496,/yh/study/new_data/model_dataset_flight/vi/vi_000496.jpg,0,1,-260.5148010253906,82.92538452148438,-179.0222930908203,11.919973373413086,-176.361572265625,11.63609504699707,-183.9982147216797,-4.0511794090271,160.8309326171875,158.1551144442485,3.0,2.999999999999999,2.9921722412109375,2.9921722412109375,0.22965270280838013,0.9982693195343018,2.9921722412109375,3.0,164.08436584472656,0.05823342502117157,0.0003506019711494446,19.408918380737305,173.90999868913076,-0.48960001925926727,173.4203986698715,173.42039701568507,16.0,2.1998887062072754,18,108.08699035644531,110.29020690917969
497,497,/yh/study/new_data/model_dataset_flight/vi/vi_000497.jpg,0,1,-262.0736999511719,84.30602264404297,-179.3368682861328,11.953536987304688,-176.67613220214844,11.669656753540039,-183.9982147216797,-4.0511794090271,161.1472930908203,158.47147137480135,3.0,2.999999999999999,2.9921722412109375,2.9921722412109375,0.2296527624130249,0.9982693195343018,2.9921722412109375,3.0,164.08436584472656,0.058127813041210175,0.000221937894821167,19.408918380737305,173.90999868913076,-0.4895985251553864,173.4204001639754,173.4203986698715,16.0,2.1998887062072754,18,109.91026306152344,112.11060333251953
498,498,/yh/study/new_data/model_dataset_flight/vi/vi_000498.jpg,0,1,-263.5023498535156,85.5712890625,-179.65142822265625,11.987096786499023,-176.99070739746094,11.703218460083008,-183.9982147216797,-4.0511794090271,161.46363830566406,158.78782706667621,3.0,2.999999999999999,2.9921722412109375,2.9921722412109375,0.2296527624130249,0.9982693195343018,2.9921722412109375,3.0,164.08436584472656,0.05815533176064491,0.00025428831577301025,19.408918380737305,173.90999868913076,-0.48959804490771036,173.42040064422304,173.4204001639754,16.0,2.1998887062072754,18,111.55989837646484,113.7574462890625
499,499,/yh/study/new_data/model_dataset_flight/vi/vi_000499.jpg,0,1,-264.9350280761719,86.8134536743164,-179.96600341796875,12.020660400390625,-177.30528259277344,11.73678207397461,-183.9982147216797,-4.0511794090271,161.77999877929688,159.10418326411659,3.0,2.999999999999999,2.9921720027923584,2.9921720027923584,0.229648619890213,0.9982692003250122,2.9921722412109375,3.0,164.08436584472656,0.05734090879559517,0.00026778504252433777,19.408918380737305,173.90999868913076,-0.4896207232701889,173.42037796586058,173.42040064422307,16.0,2.1998887062072754,18,113.19760131835938,115.39271545410156
500,500,/yh/study/new_data/model_dataset_flight/vi/vi_000500.jpg,0,1,-266.5103759765625,88.1793212890625,-180.28057861328125,12.054224014282227,-177.61985778808594,11.770345687866211,-183.9982147216797,-4.0511794090271,162.0963592529297,159.42053991367004,3.0,2.999999999999999,2.9921720027923584,2.9921720027923584,0.22964879870414734,0.9982692003250122,2.9921717643737793,3.0,164.08436584472656,0.05725926160812378,0.0001725815236568451,19.408918380737305,173.90999868913076,-0.4896198161356898,173.42037887299506,173.42037796586058,16.0,2.1998887062072754,18,115.02438354492188,117.21713256835938
501,501,/yh/study/new_data/model_dataset_flight/vi/vi_000501.jpg,0,1,-267.94476318359375,89.4229507446289,-180.59515380859375,12.087785720825195,-177.93441772460938,11.803905487060547,-183.9982147216797,-4.0511794090271,162.4127197265625,159.73689696753559,3.0,2.999999999999999,2.9921720027923584,2.9921720027923584,0.2296486794948578,0.9982692003250122,2.9921720027923584,3.0,164.08436584472656,0.057401616126298904,0.0003401823341846466,19.408918380737305,173.90999868913076,-0.48962157704383513,173.42037711208692,173.4203788729951,16.0,2.1998887062072754,18,116.66482543945312,118.85528564453125
502,502,/yh/study/new_data/model_dataset_flight/vi/vi_000502.jpg,0,1,-269.3892822265625,90.6632080078125,-180.9097137451172,12.121347427368164,-178.24899291992188,11.837469100952148,-183.9982147216797,-4.0511794090271,162.72906494140625,160.05325276968554,3.0,2.999999999999999,2.9921720027923584,2.9921720027923584,0.22964854538440704,0.9982692003250122,2.9921720027923584,3.0,164.08436584472656,0.05737146735191345,0.0003147721290588379,19.408918380737305,173.90999868913076,-0.48962168376554094,173.42037700536522,173.42037711208692,16.0,2.1998887062072754,18,118.31085968017578,120.4991683959961
503,503,/yh/study/new_data/model_dataset_flight/vi/vi_000503.jpg,0,1,-270.97442626953125,92.024169921875,-181.2242889404297,12.154911041259766,-178.56356811523438,11.87103271484375,-183.9982147216797,-4.0511794090271,163.04542541503906,160.36960906574186,3.0,2.999999999999999,2.9921720027923584,2.9921720027923584,0.22964854538440704,0.9982692003250122,2.9921720027923584,3.0,164.08436584472656,0.057287879288196564,0.00021027028560638428,19.408918380737305,173.90999868913076,-0.4896212035178649,173.4203774856129,173.42037700536522,16.0,2.1998887062072754,18,120.1423568725586,122.32862091064453
504,504,/yh/study/new_data/model_dataset_flight/vi/vi_000504.jpg,0,1,-272.4178161621094,93.26346588134766,-181.5388641357422,12.188472747802734,-178.8781280517578,11.904592514038086,-183.9982147216797,-4.0511794090271,163.36178588867188,160.68596580348478,3.0,2.999999999999999,2.9921720027923584,2.9921720027923584,0.22964850068092346,0.9982692003250122,2.9921720027923584,3.0,164.08436584472656,0.057343605905771255,0.0002902969717979431,19.408918380737305,173.90999868913076,-0.48962168376554094,173.42037700536522,173.4203774856129,16.0,2.1998887062072754,18,121.78726959228516,123.97152709960938
505,505,/yh/study/new_data/model_dataset_flight/vi/vi_000505.jpg,0,1,-273.9466857910156,94.55138397216797,-181.85342407226562,12.222034454345703,-179.1927032470703,11.938156127929688,-183.9982147216797,-4.0511794090271,163.67813110351562,161.00232132293513,3.0,2.999999999999999,2.9921720027923584,2.9921720027923584,0.22964847087860107,0.9982692003250122,2.9921720027923584,3.0,164.08436584472656,0.05734986439347267,0.00030307844281196594,19.408918380737305,173.90999868913076,-0.4896214169612765,173.42037727216947,173.42037700536522,16.0,2.1998887062072754,18,123.52849578857422,125.71102905273438
506,506,/yh/study/new_data/model_dataset_flight/vi/vi_000506.jpg,0,1,-275.4753112792969,95.83911895751953,-182.16799926757812,12.255598068237305,-179.5072784423828,11.971719741821289,-183.9982147216797,-4.0511794090271,163.99449157714844,161.31867736618108,3.0,2.999999999999999,2.9921720027923584,2.9921720027923584,0.22964854538440704,0.9982692003250122,2.9921720027923584,3.0,164.08436584472656,0.05729125812649727,0.00025117024779319763,19.408918380737305,173.90999868913076,-0.4896223774566285,173.42037631167412,173.4203772721695,16.0,2.1998887062072754,18,125.26954650878906,127.45040130615234
507,507,/yh/study/new_data/model_dataset_flight/vi/vi_000507.jpg,0,1,-277.00323486328125,97.12625885009766,-182.48257446289062,12.289159774780273,-179.8218536376953,12.005281448364258,-183.9982147216797,-4.0511794090271,164.31085205078125,161.63503387784274,3.0,2.999999999999999,2.9921720027923584,2.9921720027923584,0.22964850068092346,0.9982692003250122,2.9921720027923584,3.0,164.08436584472656,0.05727646127343178,0.0002471804618835449,19.408918380737305,173.90999868913076,-0.48962259090004007,173.42037609823072,173.42037631167415,16.0,2.1998887062072754,18,127.00979614257812,129.1890106201172
508,508,/yh/study/new_data/model_dataset_flight/vi/vi_000508.jpg,0,1,-278.5319519042969,98.3955078125,-182.79714965820312,12.322723388671875,-180.13641357421875,12.038843154907227,-183.9982147216797,-4.0511794090271,164.62721252441406,161.95139080839553,3.0,2.999999999999999,2.9921720027923584,2.9921720027923584,0.22964847087860107,0.9982692003250122,2.9921720027923584,3.0,164.08436584472656,0.0572892427444458,0.00026625022292137146,19.408918380737305,173.90999868913076,-0.48962296442601033,173.42037572470474,173.42037609823072,16.0,2.1998887062072754,18,128.73878479003906,130.91659545898438
509,509,/yh/study/new_data/model_dataset_flight/vi/vi_000509.jpg,0,1,-280.060546875,99.6646499633789,-183.11170959472656,12.356285095214844,-180.45098876953125,12.072406768798828,-183.9982147216797,-4.0511794090271,164.9435577392578,162.26774650027036,3.0,2.999999999999999,2.9921720027923584,2.9921720027923584,0.22964850068092346,0.9982692003250122,2.9921720027923584,3.0,164.08436584472656,0.0572478324174881,0.00021822378039360046,19.408918380737305,173.90999868913076,-0.4896226976217459,173.42037599150902,173.42037572470477,16.0,2.1998887062072754,18,130.4677276611328,132.64413452148438
510,510,/yh/study/new_data/model_dataset_flight/vi/vi_000510.jpg,0,1,-281.588623046875,100.93338012695312,-183.42628479003906,12.389846801757812,-180.76556396484375,12.105968475341797,-183.9982147216797,-4.0511794090271,165.25991821289062,162.58410269771068,3.0,2.999999999999999,2.9921720027923584,2.9921720027923584,0.22964850068092346,0.9982692003250122,2.9921720027923584,3.0,164.08436584472656,0.05719525367021561,0.0001366846263408661,19.408918380737305,173.90999868913076,-0.4896226976217459,173.42037599150902,173.42037599150902,16.0,2.1998887062072754,18,132.19607543945312,134.37112426757812
511,511,/yh/study/new_data/model_dataset_flight/vi/vi_000511.jpg,0,1,-283.04119873046875,102.16487121582031,-183.74085998535156,12.423410415649414,-181.08013916015625,12.139532089233398,-183.9982147216797,-4.0511794090271,165.57627868652344,162.90045934726407,3.0,2.999999999999999,2.9921720027923584,2.9921720027923584,0.22964854538440704,0.9982692003250122,2.9921720027923584,3.0,164.08436584472656,0.05723003298044205,0.00017190724611282349,19.408918380737305,173.90999868913076,-0.4896222707349227,173.42037641839585,173.42037599150902,16.0,2.1998887062072754,18,133.84352111816406,136.01698303222656
512,512,/yh/study/new_data/model_dataset_flight/vi/vi_000512.jpg,0,1,-284.63873291015625,103.51927185058594,-184.05543518066406,12.456972122192383,-181.3946990966797,12.173093795776367,-183.9982147216797,-4.0511794090271,165.89263916015625,163.2168164011296,3.0,2.999999999999999,2.9921720027923584,2.9921720027923584,0.2296484112739563,0.9982692003250122,2.9921720027923584,3.0,164.08436584472656,0.057298071682453156,0.000258713960647583,19.408918380737305,173.90999868913076,-0.48962323123027474,173.4203754579005,173.42037641839585,16.0,2.1998887062072754,18,135.6810302734375,137.85301208496094
513,513,/yh/study/new_data/model_dataset_flight/vi/vi_000513.jpg,0,1,-286.09234619140625,104.75164031982422,-184.3699951171875,12.490533828735352,-181.7092742919922,12.206655502319336,-183.9982147216797,-4.0511794090271,166.208984375,163.53317220327952,3.0,2.999999999999999,2.9921720027923584,2.9921720027923584,0.2296484410762787,0.9982692003250122,2.9921720027923584,3.0,164.08436584472656,0.057257626205682755,0.0002181529998779297,19.408918380737305,173.90999868913076,-0.4896223774566285,173.42037631167412,173.4203754579005,16.0,2.1998887062072754,18,137.330078125,139.5005340576172
514,514,/yh/study/new_data/model_dataset_flight/vi/vi_000514.jpg,0,1,-287.6138000488281,106.0279312133789,-184.6845703125,12.524097442626953,-182.0238494873047,12.240219116210938,-198.03958129882812,19.829492568969727,166.5253448486328,163.8495284993358,3.0,2.999999999999999,2.9921715259552,2.9921715259552,0.22964957356452942,0.9982690811157227,2.9921720027923584,3.0,179.53317260742188,0.05815600976347923,5.46574592590332e-05,3.0336694717407227,173.90999868913076,-0.4895960705561534,173.4204026185746,173.42037631167415,16.0,2.1998887062072754,18,139.0589599609375,141.22808837890625
515,515,/yh/study/new_data/model_dataset_flight/vi/vi_000515.jpg,0,1,-289.1354675292969,107.30440521240234,-184.9991455078125,12.557659149169922,-182.33840942382812,12.273778915405273,-198.03958129882812,19.829492568969727,166.84170532226562,164.1658852370787,3.0,2.999999999999999,2.9921715259552,2.9921715259552,0.22964969277381897,0.9982690811157227,2.992171049118042,3.0,179.8495330810547,0.058153022080659866,0.00010053813457489014,2.939535617828369,173.90999868913076,-0.4895964974429765,173.42040219168777,173.42040261857463,16.0,2.1998887062072754,18,140.7882080078125,142.95603942871094
516,516,/yh/study/new_data/model_dataset_flight/vi/vi_000516.jpg,0,1,-290.6573181152344,108.5810317993164,-185.31370544433594,12.59122085571289,-182.65298461914062,12.307342529296875,-198.03958129882812,19.829492568969727,167.15805053710938,164.48224075652902,3.0,2.999999999999999,2.9921720027923584,2.9921720027923584,0.22964978218078613,0.9982692003250122,2.9921715259552,3.0,180.16587829589844,0.05818147584795952,6.794929504394531e-05,2.8772876262664795,173.90999868913076,-0.4895964440821236,173.42040224504865,173.4204021916878,16.0,2.1998887062072754,18,142.51779174804688,144.68434143066406
517,517,/yh/study/new_data/model_dataset_flight/vi/vi_000517.jpg,0,1,-292.20294189453125,109.85389709472656,-185.62828063964844,12.624784469604492,-182.96755981445312,12.340906143188477,-198.03958129882812,19.829492568969727,167.4744110107422,164.79859679977494,3.0,2.999999999999999,2.9921720027923584,2.9921720027923584,0.22964975237846375,0.9982692003250122,2.9921724796295166,3.0,180.48223876953125,0.05816495791077614,6.949529051780701e-05,2.8490049839019775,173.90999868913076,-0.4895969776906525,173.42040171144012,173.42040224504865,16.0,2.1998887062072754,18,144.26246643066406,146.427978515625
518,518,/yh/study/new_data/model_dataset_flight/vi/vi_000518.jpg,0,1,-293.7490539550781,111.12715911865234,-185.94285583496094,12.658346176147461,-183.28213500976562,12.374467849731445,-198.03958129882812,19.829492568969727,167.790771484375,165.1149533114366,3.0,2.999999999999999,2.9921720027923584,2.9921720027923584,0.22964966297149658,0.9982692003250122,2.9921720027923584,3.0,180.58001708984375,0.058160681277513504,8.876249194145203e-05,2.8473246097564697,173.90999868913076,-0.48959751129918144,173.42040117783156,173.42040171144012,16.0,2.1998887062072754,18,146.0078125,148.1723175048828
519,519,/yh/study/new_data/model_dataset_flight/vi/vi_000519.jpg,0,1,-295.2937927246094,112.3992919921875,-186.25743103027344,12.691909790039062,-183.59669494628906,12.408029556274414,-198.03958129882812,19.829492568969727,168.1071319580078,165.4313102419894,3.0,2.999999999999999,2.9921720027923584,2.9921720027923584,0.22964997589588165,0.9982692003250122,2.9921720027923584,3.0,180.58001708984375,0.058219168335199356,3.984570503234863e-05,2.8473246097564697,173.90999868913076,-0.48959788482515165,173.42040080430561,173.4204011778316,16.0,2.1998887062072754,18,147.75144958496094,149.9149627685547
520,520,/yh/study/new_data/model_dataset_flight/vi/vi_000520.jpg,0,1,-296.8227844238281,113.6799087524414,-186.57199096679688,12.725471496582031,-183.91127014160156,12.441593170166016,-198.03958129882812,19.829492568969727,168.42347717285156,165.7476659338642,3.0,2.999999999999999,2.9921720027923584,2.9921720027923584,0.22964966297149658,0.9982692003250122,2.9921720027923584,3.0,180.58001708984375,0.058164797723293304,0.00012138858437538147,2.8473246097564697,173.90999868913076,-0.4895971377732112,173.42040155135754,173.42040080430561,16.0,2.1998887062072754,18,149.48924255371094,151.65159606933594
521,521,/yh/study/new_data/model_dataset_flight/vi/vi_000521.jpg,0,1,-298.3514709472656,114.96026611328125,-186.88656616210938,12.759033203125,-184.22584533691406,12.475154876708984,-198.03958129882812,19.829492568969727,168.73983764648438,166.0640221313045,3.0,2.999999999999999,2.9921720027923584,2.9921720027923584,0.22964981198310852,0.9982692003250122,2.9921720027923584,3.0,180.58001708984375,0.058204323053359985,8.119270205497742e-05,2.8473246097564697,173.90999868913076,-0.48959788482515165,173.42040080430561,173.42040155135757,16.0,2.1998887062072754,18,151.22669982910156,153.38792419433594
522,522,/yh/study/new_data/model_dataset_flight/vi/vi_000522.jpg,0,1,-299.8791809082031,116.23981475830078,-187.20114135742188,12.792596817016602,-184.54042053222656,12.508718490600586,-198.03958129882812,19.829492568969727,169.0561981201172,166.3803787808579,3.0,2.999999999999999,2.9921720027923584,2.9921720027923584,0.2296498417854309,0.9982692003250122,2.9921720027923584,3.0,180.58001708984375,0.05821172147989273,0.00010449811816215515,2.8473246097564697,173.90999868913076,-0.48959831171197477,173.4204003774188,173.42040080430561,16.0,2.1998887062072754,18,152.9629669189453,155.12307739257812
523,523,/yh/study/new_data/model_dataset_flight/vi/vi_000523.jpg,0,1,-301.4210510253906,117.51980590820312,-187.51571655273438,12.82615852355957,-184.85498046875,12.542280197143555,-198.03958129882812,19.829492568969727,169.37255859375,166.6967358347234,3.0,2.999999999999999,2.9921720027923584,2.9921720027923584,0.2296498864889145,0.9982692003250122,2.9921720027923584,3.0,180.58001708984375,0.058235108852386475,0.00010296329855918884,2.8473246097564697,173.90999868913076,-0.4895976713817401,173.42040101774901,173.4204003774188,16.0,2.1998887062072754,18,154.70999145507812,156.86915588378906
524,524,/yh/study/new_data/model_dataset_flight/vi/vi_000524.jpg,0,1,-302.9621887207031,118.79920196533203,-187.8302764892578,12.859720230102539,-185.1695556640625,12.575841903686523,-198.03958129882812,19.829492568969727,169.68890380859375,167.01309163687333,3.0,2.999999999999999,2.9921720027923584,2.9921720027923584,0.22964972257614136,0.9982692003250122,2.9921720027923584,3.0,180.58001708984375,0.05824452266097069,9.896233677864075e-05,2.8473246097564697,173.90999868913076,-0.4895984717945335,173.42040021733624,173.42040101774904,16.0,2.1998887062072754,18,156.45616149902344,158.6143341064453
525,525,/yh/study/new_data/model_dataset_flight/vi/vi_000525.jpg,0,1,-304.50543212890625,120.08033752441406,-188.1448516845703,12.89328384399414,-185.484130859375,12.609405517578125,-198.03958129882812,19.829492568969727,170.00526428222656,167.32944793292958,3.0,2.999999999999999,2.9921720027923584,2.9921720027923584,0.22965008020401,0.9982692003250122,2.9921720027923584,3.0,180.58001708984375,0.058271996676921844,0.0001321062445640564,2.8473246097564697,173.90999868913076,-0.4895951634216542,173.4204035257091,173.42040021733624,16.0,2.1998887062072754,18,158.20509338378906,160.3623046875
526,526,/yh/study/new_data/model_dataset_flight/vi/vi_000526.jpg,0,1,-306.0237731933594,121.29379272460938,-188.4594268798828,12.92684555053711,-185.79869079589844,12.642967224121094,-198.03958129882812,19.829492568969727,170.32162475585938,167.64580467067248,3.0,2.999999999999999,2.9921720027923584,2.9921720027923584,0.22965008020401,0.9982692003250122,2.9921720027923584,3.0,180.58001708984375,0.05827406048774719,8.865445852279663e-05,2.8473246097564697,173.90999868913076,-0.48959783146429875,173.42040085766646,173.4204035257091,16.0,2.1998887062072754,18,159.88986206054688,162.0465087890625
527,527,/yh/study/new_data/model_dataset_flight/vi/vi_000527.jpg,0,1,-307.5467834472656,122.51099395751953,-188.77398681640625,12.960407257080078,-186.11326599121094,12.676528930664062,-198.00906372070312,24.587650299072266,170.63796997070312,167.9621601901228,3.0,2.999999999999999,2.9921727180480957,2.9921727180480957,0.2296517789363861,0.9982693195343018,2.9921720027923584,3.0,181.05445861816406,0.05910259485244751,0.0013208724558353424,7.581868648529053,173.90999868913076,-0.48961506701978247,173.420383622111,173.42040085766646,16.0,2.1998887062072754,18,161.58065795898438,163.73670959472656
528,528,/yh/study/new_data/model_dataset_flight/vi/vi_000528.jpg,0,1,-309.21337890625,123.84293365478516,-189.08856201171875,12.99397087097168,-186.42784118652344,12.710092544555664,-198.00906372070312,24.587650299072266,170.95433044433594,168.27851623336872,3.0,2.999999999999999,2.9921727180480957,2.9921727180480957,0.2296517789363861,0.9982693195343018,2.992173433303833,3.0,181.05445861816406,0.05908449739217758,0.0012877732515335083,7.581868648529053,173.90999868913076,-0.48961506701978247,173.420383622111,173.420383622111,16.0,2.1998887062072754,18,163.45477294921875,165.61038208007812
529,529,/yh/study/new_data/model_dataset_flight/vi/vi_000529.jpg,0,1,-311.48468017578125,125.45458984375,-189.40313720703125,13.027533531188965,-186.74241638183594,12.743654251098633,-202.80142211914062,15.10129165649414,171.27069091796875,168.5948727450304,3.0,2.999999999999999,2.992173671722412,2.992173671722412,0.22965435683727264,0.9982695579528809,2.9921727180480957,3.0,184.2785186767578,0.058903150260448456,0.0006825439631938934,2.4192397594451904,173.90999868913076,-0.4896310752756497,173.42036761385512,173.420383622111,16.0,2.1998887062072754,18,165.9630889892578,168.1201629638672
530,530,/yh/study/new_data/model_dataset_flight/vi/vi_000530.jpg,0,1,-313.98260498046875,127.22704315185547,-189.71771240234375,13.061097145080566,-187.05697631835938,12.777215957641602,-202.80142211914062,15.10129165649414,171.58705139160156,168.91122967558317,3.0,2.999999999999999,2.992173671722412,2.992173671722412,0.22965453565120697,0.9982695579528809,2.9921746253967285,3.0,184.59487915039062,0.05890364944934845,0.0007579885423183441,2.3694705963134766,173.90999868913076,-0.4896281404287407,173.420370548702,173.42036761385512,16.0,2.1998887062072754,18,168.74722290039062,170.9060516357422
531,531,/yh/study/new_data/model_dataset_flight/vi/vi_000531.jpg,0,1,-315.52703857421875,128.31698608398438,-190.0322723388672,13.094658851623535,-187.37155151367188,12.810779571533203,-202.80142211914062,15.10129165649414,171.9033966064453,169.22758536745798,3.0,2.999999999999999,2.992173671722412,2.992173671722412,0.2296544462442398,0.9982695579528809,2.992173671722412,3.0,184.81336975097656,0.058916524052619934,0.0008038356900215149,2.3593766689300537,173.90999868913076,-0.48962883411982827,173.42036985501093,173.42037054870204,16.0,2.1998887062072754,18,170.3675994873047,172.52684020996094
532,532,/yh/study/new_data/model_dataset_flight/vi/vi_000532.jpg,0,1,-317.2200622558594,129.5117950439453,-190.3468475341797,13.128220558166504,-187.68612670898438,12.844341278076172,-202.80142211914062,15.10129165649414,172.21975708007812,169.5439415648983,3.0,2.999999999999999,2.992173671722412,2.992173671722412,0.22965462505817413,0.9982695579528809,2.992173671722412,3.0,184.81336975097656,0.058945879340171814,0.0008317530155181885,2.3593766689300537,173.90999868913076,-0.48962835387215226,173.4203703352586,173.42036985501093,16.0,2.1998887062072754,18,172.1683807373047,174.3282470703125
533,533,/yh/study/new_data/model_dataset_flight/vi/vi_000533.jpg,0,1,-318.7620544433594,130.6000213623047,-190.6614227294922,13.161784172058105,-188.00070190429688,12.877904891967773,-202.80142211914062,15.10129165649414,172.53611755371094,169.8602982144517,3.0,2.999999999999999,2.992173671722412,2.992173671722412,0.22965455055236816,0.9982695579528809,2.992173671722412,3.0,184.81336975097656,0.05886997655034065,0.0008492767810821533,2.3593766689300537,173.90999868913076,-0.48962883411982827,173.42036985501093,173.4203703352586,16.0,2.1998887062072754,18,173.78582763671875,175.9460906982422
534,534,/yh/study/new_data/model_dataset_flight/vi/vi_000534.jpg,0,1,-320.32354736328125,131.67010498046875,-190.9759979248047,13.195347785949707,-188.3152618408203,12.911466598510742,-202.80142211914062,15.10129165649414,172.85247802734375,170.17665526831718,3.0,2.999999999999999,2.992173671722412,2.992173671722412,0.22965453565120697,0.9982695579528809,2.992173671722412,3.0,184.81336975097656,0.058885857462882996,0.0007632896304130554,2.3593766689300537,173.90999868913076,-0.489629474450063,173.4203692146807,173.42036985501093,16.0,2.1998887062072754,18,175.40541076660156,177.5663299560547
535,535,/yh/study/new_data/model_dataset_flight/vi/vi_000535.jpg,0,1,-322.04034423828125,132.8466339111328,-191.29055786132812,13.228907585144043,-188.6298370361328,12.945028305053711,-202.80142211914062,15.10129165649414,173.1688232421875,170.4930110704671,3.0,2.999999999999999,2.992173671722412,2.992173671722412,0.22965452075004578,0.9982695579528809,2.992173671722412,3.0,184.81336975097656,0.05881037935614586,0.0009046755731105804,2.3593766689300537,173.90999868913076,-0.4896282471504465,173.4203704419803,173.4203692146807,16.0,2.1998887062072754,18,177.2114715576172,179.37322998046875
536,536,/yh/study/new_data/model_dataset_flight/vi/vi_000536.jpg,0,1,-323.6027526855469,133.91734313964844,-191.60513305664062,13.262471199035645,-188.9444122314453,12.978591918945312,-202.80142211914062,15.10129165649414,173.4851837158203,170.80936736652336,3.0,2.999999999999999,2.992173671722412,2.992173671722412,0.22965452075004578,0.9982695579528809,2.992173671722412,3.0,184.81336975097656,0.058861877769231796,0.0008916184306144714,2.3593766689300537,173.90999868913076,-0.48962835387215226,173.4203703352586,173.42037044198034,16.0,2.1998887062072754,18,178.8322296142578,180.99461364746094
537,537,/yh/study/new_data/model_dataset_flight/vi/vi_000537.jpg,0,1,-325.35205078125,135.10166931152344,-191.91970825195312,13.296032905578613,-189.25897216796875,13.012153625488281,-202.80142211914062,15.10129165649414,173.80154418945312,171.12572410426625,3.0,2.999999999999999,2.992173671722412,2.992173671722412,0.22965458035469055,0.9982695579528809,2.992173671722412,3.0,184.81336975097656,0.05886915698647499,0.0008507631719112396,2.3593766689300537,173.90999868913076,-0.4896289408415341,173.42036974828923,173.4203703352586,16.0,2.1998887062072754,18,180.6676483154297,182.8310089111328
538,538,/yh/study/new_data/model_dataset_flight/vi/vi_000538.jpg,0,1,-326.9438781738281,136.17941284179688,-192.23426818847656,13.329594612121582,-189.57354736328125,13.045716285705566,-202.80142211914062,15.10129165649414,174.11788940429688,171.44207962371658,3.0,2.999999999999999,2.992173671722412,2.992173671722412,0.2296544462442398,0.9982695579528809,2.992173671722412,3.0,184.81336975097656,0.0588160939514637,0.0009962134063243866,2.3593766689300537,173.90999868913076,-0.48962910092409273,173.42036958820665,173.42036974828923,16.0,2.1998887062072754,18,182.31500244140625,184.47903442382812
539,539,/yh/study/new_data/model_dataset_flight/vi/vi_000539.jpg,0,1,-328.535400390625,137.25692749023438,-192.54884338378906,13.363158226013184,-189.88812255859375,13.079279899597168,-202.80142211914062,15.10129165649414,174.4342498779297,171.7584356669625,3.0,2.999999999999999,2.992173671722412,2.992173671722412,0.2296544909477234,0.9982695579528809,2.992173671722412,3.0,184.81336975097656,0.058861661702394485,0.0009489469230175018,2.3593766689300537,173.90999868913076,-0.48962920764579854,173.42036948148495,173.42036958820668,16.0,2.1998887062072754,18,183.96197509765625,186.12672424316406
540,540,/yh/study/new_data/model_dataset_flight/vi/vi_000540.jpg,0,1,-330.219970703125,138.3772430419922,-192.86341857910156,13.396719932556152,-190.20269775390625,13.112841606140137,-202.80142211914062,15.10129165649414,174.7506103515625,172.07479217862416,3.0,2.999999999999999,2.992173671722412,2.992173671722412,0.229654461145401,0.9982695579528809,2.992173671722412,3.0,184.81336975097656,0.058844588696956635,0.0010332651436328888,2.3593766689300537,173.90999868913076,-0.4896293677283572,173.4203693214024,173.42036948148498,16.0,2.1998887062072754,18,185.70663452148438,187.872314453125
541,541,/yh/study/new_data/model_dataset_flight/vi/vi_000541.jpg,0,1,-331.9036865234375,139.4969482421875,-193.17799377441406,13.430283546447754,-190.5172576904297,13.146403312683105,-202.80142211914062,15.10129165649414,175.0669708251953,172.39114910917692,3.0,2.999999999999999,2.992173671722412,2.992173671722412,0.22965440154075623,0.9982695579528809,2.992173671722412,3.0,184.81336975097656,0.05878650024533272,0.001065172255039215,2.3593766689300537,173.90999868913076,-0.48962920764579854,173.42036948148495,173.4203693214024,16.0,2.1998887062072754,18,187.4503173828125,189.616943359375
542,542,/yh/study/new_data/model_dataset_flight/vi/vi_000542.jpg,0,1,-333.590576171875,140.6187744140625,-193.4925537109375,13.463845252990723,-190.8318328857422,13.179966926574707,-202.80142211914062,15.10129165649414,175.38331604003906,172.70750480105173,3.0,2.999999999999999,2.992173671722412,2.992173671722412,0.2296544313430786,0.9982695579528809,2.992173671722412,3.0,184.81336975097656,0.058829259127378464,0.001004967838525772,2.3593766689300537,173.90999868913076,-0.4896293677283572,173.4203693214024,173.42036948148498,16.0,2.1998887062072754,18,189.19786071777344,191.36537170410156
543,543,/yh/study/new_data/model_dataset_flight/vi/vi_000543.jpg,0,1,-335.299560546875,141.70977783203125,-193.80712890625,13.497406959533691,-191.1464080810547,13.213528633117676,-202.80142211914062,15.10129165649414,175.69967651367188,173.02386099849204,3.0,2.999999999999999,2.992173671722412,2.992173671722412,0.22965437173843384,0.9982695579528809,2.992173671722412,3.0,184.81336975097656,0.05877448245882988,0.0010396502912044525,2.3593766689300537,173.90999868913076,-0.48962851395471096,173.42037017517606,173.4203693214024,16.0,2.1998887062072754,18,190.94114685058594,193.10984802246094
544,544,/yh/study/new_data/model_dataset_flight/vi/vi_000544.jpg,0,1,-337.0084533691406,142.8007049560547,-194.1217041015625,13.530970573425293,-191.4609832763672,13.247092247009277,-202.80142211914062,15.10129165649414,176.0160369873047,173.34021764804544,3.0,2.999999999999999,2.992173194885254,2.992173194885254,0.22965556383132935,0.9982694387435913,2.992173671722412,3.0,184.81336975097656,0.05862797424197197,0.0010515674948692322,2.3593766689300537,173.90999868913076,-0.4895993789290326,173.42039931020173,173.42037017517606,16.0,2.1998887062072754,18,192.68441772460938,194.8543243408203
545,545,/yh/study/new_data/model_dataset_flight/vi/vi_000545.jpg,0,1,-338.71722412109375,143.89157104492188,-194.43626403808594,13.564534187316895,-191.77554321289062,13.280653953552246,-202.80142211914062,15.10129165649414,176.3323974609375,173.65657470191093,3.0,2.999999999999999,2.992173194885254,2.992173194885254,0.22965574264526367,0.9982694387435913,2.9921727180480957,3.0,184.81336975097656,0.058616820722818375,0.001023896038532257,2.3593766689300537,173.90999868913076,-0.4895993255681797,173.42039936356258,173.42039931020173,16.0,2.1998887062072754,18,194.42770385742188,196.5987548828125
546,546,/yh/study/new_data/model_dataset_flight/vi/vi_000546.jpg,0,1,-340.3313903808594,144.94007873535156,-194.75082397460938,13.59809398651123,-192.09011840820312,13.314215660095215,-202.80142211914062,15.10129165649414,176.64874267578125,173.97293050406086,3.0,2.999999999999999,2.992173194885254,2.992173194885254,0.22965535521507263,0.9982694387435913,2.992173194885254,3.0,184.81336975097656,0.058598075062036514,0.0010696575045585632,2.3593766689300537,173.90999868913076,-0.48960129991973667,173.42039738921102,173.42039936356258,16.0,2.1998887062072754,18,196.0724639892578,198.24440002441406
547,547,/yh/study/new_data/model_dataset_flight/vi/vi_000547.jpg,0,1,-341.9457702636719,145.98873901367188,-195.06539916992188,13.631657600402832,-192.40469360351562,13.347779273986816,-202.80142211914062,15.10129165649414,176.96510314941406,174.2892868001171,3.0,2.999999999999999,2.992173194885254,2.992173194885254,0.22965538501739502,0.9982694387435913,2.992173194885254,3.0,184.81336975097656,0.05861905589699745,0.0010680928826332092,2.3593766689300537,173.90999868913076,-0.4896007129503549,173.4203979761804,173.42039738921105,16.0,2.1998887062072754,18,197.7175750732422,199.89036560058594
548,548,/yh/study/new_data/model_dataset_flight/vi/vi_000548.jpg,0,1,-343.7213439941406,147.14210510253906,-195.37997436523438,13.665221214294434,-192.71925354003906,13.381340980529785,-202.80142211914062,15.10129165649414,177.28146362304688,174.60564353786,3.0,2.999999999999999,2.992173194885254,2.992173194885254,0.2296554446220398,0.9982694387435913,2.992173194885254,3.0,184.81336975097656,0.05860760807991028,0.0011140704154968262,2.3593766689300537,173.90999868913076,-0.48960167344570693,173.42039701568504,173.42039797618042,16.0,2.1998887062072754,18,199.5526123046875,201.72647094726562
549,549,/yh/study/new_data/model_dataset_flight/vi/vi_000549.jpg,0,1,-345.41619873046875,148.24368286132812,-195.6945343017578,13.69878101348877,-193.03382873535156,13.414902687072754,-202.80142211914062,15.10129165649414,177.59780883789062,174.92199905731033,3.0,2.999999999999999,2.992173194885254,2.992173194885254,0.22965556383132935,0.9982694387435913,2.992173194885254,3.0,184.81336975097656,0.05861998349428177,0.0011228322982788086,2.3593766689300537,173.90999868913076,-0.4896023137759416,173.4203963753548,173.42039701568507,16.0,2.1998887062072754,18,201.2930908203125,203.4678955078125
550,550,/yh/study/new_data/model_dataset_flight/vi/vi_000550.jpg,0,1,-347.1117248535156,149.34571838378906,-196.0091094970703,13.732344627380371,-193.34840393066406,13.448466300964355,-202.80142211914062,15.10129165649414,177.91416931152344,175.23835510055625,3.0,2.999999999999999,2.992173194885254,2.992173194885254,0.22965559363365173,0.9982694387435913,2.992173194885254,3.0,184.81336975097656,0.05856775492429733,0.0010850988328456879,2.3593766689300537,173.90999868913076,-0.48960135328058957,173.42039733585017,173.42039637535484,16.0,2.1998887062072754,18,203.03443908691406,205.21017456054688
551,551,/yh/study/new_data/model_dataset_flight/vi/vi_000551.jpg,0,1,-348.6539611816406,150.3480987548828,-196.3236846923828,13.765908241271973,-193.66297912597656,13.482029914855957,-202.80142211914062,15.10129165649414,178.23052978515625,175.55471161221791,3.0,2.999999999999999,2.992173194885254,2.992173194885254,0.2296556979417801,0.9982694387435913,2.992173194885254,3.0,184.81336975097656,0.05862375348806381,0.0010819025337696075,2.3593766689300537,173.90999868913076,-0.48960092639376646,173.420397762737,173.42039733585017,16.0,2.1998887062072754,18,204.59523010253906,206.7716827392578
552,552,/yh/study/new_data/model_dataset_flight/vi/vi_000552.jpg,0,1,-350.2903747558594,151.43093872070312,-196.6382598876953,13.799469947814941,-193.9775390625,13.515589714050293,-202.80142211914062,15.10129165649414,178.54689025878906,175.87106854277067,3.0,2.999999999999999,2.992173194885254,2.992173194885254,0.22965560853481293,0.9982694387435913,2.992173194885254,3.0,184.81336975097656,0.058615416288375854,0.0011317357420921326,2.3593766689300537,173.90999868913076,-0.4896015133631482,173.42039717576762,173.420397762737,16.0,2.1998887062072754,18,206.27989196777344,208.45706176757812
553,553,/yh/study/new_data/model_dataset_flight/vi/vi_000553.jpg,0,1,-351.92608642578125,152.5133514404297,-196.95281982421875,13.83303165435791,-194.2921142578125,13.549153327941895,-202.80142211914062,15.10129165649414,178.8632354736328,176.18742423464548,3.0,2.999999999999999,2.992173194885254,2.992173194885254,0.22965574264526367,0.9982694387435913,2.992173194885254,3.0,184.81336975097656,0.05864977091550827,0.0011087693274021149,2.3593766689300537,173.90999868913076,-0.4896005528677962,173.42039813626297,173.42039717576762,16.0,2.1998887062072754,18,207.9637908935547,210.14166259765625
554,554,/yh/study/new_data/model_dataset_flight/vi/vi_000554.jpg,0,1,-353.566162109375,153.5986328125,-197.26739501953125,13.866593360900879,-194.606689453125,13.582715034484863,-202.80142211914062,15.10129165649414,179.17959594726562,176.5037804320858,3.0,2.999999999999999,2.992173194885254,2.992173194885254,0.2296556532382965,0.9982694387435913,2.992173194885254,3.0,184.81336975097656,0.05860733613371849,0.0011029057204723358,2.3593766689300537,173.90999868913076,-0.4896015133631482,173.42039717576762,173.42039813626297,16.0,2.1998887062072754,18,209.65292358398438,211.8314666748047
555,555,/yh/study/new_data/model_dataset_flight/vi/vi_000555.jpg,0,1,-355.2530212402344,154.6995086669922,-197.58197021484375,13.90015697479248,-194.9212646484375,13.616278648376465,-202.80142211914062,15.10129165649414,179.49595642089844,176.8201370816392,3.0,2.999999999999999,2.992173194885254,2.992173194885254,0.2296556532382965,0.9982694387435913,2.992173194885254,3.0,184.81336975097656,0.05863314867019653,0.0011171214282512665,2.3593766689300537,173.90999868913076,-0.48960167344570693,173.42039701568504,173.42039717576762,16.0,2.1998887062072754,18,211.38735961914062,213.5667266845703
556,556,/yh/study/new_data/model_dataset_flight/vi/vi_000556.jpg,0,1,-356.78955078125,155.70225524902344,-197.89654541015625,13.933720588684082,-195.23582458496094,13.649840354919434,-202.80142211914062,15.10129165649414,179.81231689453125,177.13649413550468,3.0,2.999999999999999,2.992173194885254,2.992173194885254,0.22965595126152039,0.9982694387435913,2.992173194885254,3.0,184.81336975097656,0.05866397172212601,0.0009854361414909363,2.3593766689300537,173.90999868913076,-0.48959916548562105,173.42039952364513,173.42039701568507,16.0,2.1998887062072754,18,212.94436645507812,215.12437438964844
557,557,/yh/study/new_data/model_dataset_flight/vi/vi_000557.jpg,0,1,-358.3251953125,156.70445251464844,-198.2111053466797,13.967280387878418,-195.55039978027344,13.683402061462402,-202.80142211914062,15.10129165649414,180.128662109375,177.4528499376546,3.0,2.999999999999999,2.992173194885254,2.992173194885254,0.22965595126152039,0.9982694387435913,2.992173194885254,3.0,184.81336975097656,0.05872881039977074,0.0009443908929824829,2.3593766689300537,173.90999868913076,-0.48959793818600456,173.42040075094476,173.42039952364516,16.0,2.1998887062072754,18,214.50039672851562,216.68099975585938
558,558,/yh/study/new_data/model_dataset_flight/vi/vi_000558.jpg,0,1,-359.27899169921875,157.27662658691406,-198.5256805419922,14.00084400177002,-195.86497497558594,13.716965675354004,-202.80142211914062,15.10129165649414,180.4450225830078,177.76920623371086,3.0,2.999999999999999,2.992173194885254,2.992173194885254,0.229655921459198,0.9982694387435913,2.992173194885254,3.0,184.81336975097656,0.05871541053056717,0.000971376895904541,2.3593766689300537,173.90999868913076,-0.4895981516294161,173.42040053750134,173.42040075094476,16.0,2.1998887062072754,18,215.33596801757812,217.51670837402344
559,559,/yh/study/new_data/model_dataset_flight/vi/vi_000559.jpg,0,1,-360.32257080078125,157.90264892578125,-198.8402557373047,14.034407615661621,-196.17953491210938,13.750527381896973,-202.80142211914062,15.10129165649414,180.76138305664062,178.08556297145375,3.0,2.999999999999999,2.992173671722412,2.992173671722412,0.22965461015701294,0.9982695579528809,2.992173194885254,3.0,184.81336975097656,0.059249427169561386,0.0016876161098480225,2.3593766689300537,173.90999868913076,-0.4896536469164225,173.42034504221434,173.42040053750137,16.0,2.1998887062072754,18,216.27438354492188,218.45541381835938
560,560,/yh/study/new_data/model_dataset_flight/vi/vi_000560.jpg,0,1,-361.3684997558594,158.53009033203125,-199.15481567382812,14.067967414855957,-196.49411010742188,13.784089088439941,-202.80142211914062,15.10129165649414,181.07772827148438,178.40191849090408,3.0,2.999999999999999,2.992173671722412,2.992173671722412,0.22965428233146667,0.9982695579528809,2.9921741485595703,3.0,184.81336975097656,0.05924764648079872,0.0017694123089313507,2.3593766689300537,173.90999868913076,-0.489655834711391,173.42034285441937,173.42034504221434,16.0,2.1998887062072754,18,217.2155303955078,219.39683532714844
561,561,/yh/study/new_data/model_dataset_flight/vi/vi_000561.jpg,0,1,-361.5625,158.70816040039062,-199.46939086914062,14.101531028747559,-196.80868530273438,13.817652702331543,-202.80142211914062,15.10129165649414,181.3940887451172,178.71827453415,3.0,2.999999999999999,2.992173671722412,2.992173671722412,0.22965463995933533,0.9982695579528809,2.992173671722412,3.0,184.81336975097656,0.05928296595811844,0.0016663819551467896,2.3593766689300537,173.90999868913076,-0.4896523662559531,173.42034632287482,173.42034285441937,16.0,2.1998887062072754,18,217.22166442871094,219.40164184570312
562,562,/yh/study/new_data/model_dataset_flight/vi/vi_000562.jpg,0,1,-361.756591796875,158.8863067626953,-199.78396606445312,14.13509464263916,-197.12326049804688,13.851216316223145,-202.80142211914062,15.10129165649414,181.71044921875,179.03463104581166,3.0,2.999999999999999,2.992173671722412,2.992173671722412,0.22965435683727264,0.9982695579528809,2.992173671722412,3.0,184.81336975097656,0.059242893010377884,0.0017243772745132446,2.3593766689300537,173.90999868913076,-0.4896547141334803,173.42034397499728,173.42034632287482,16.0,2.1998887062072754,18,217.22808837890625,219.40672302246094
563,563,/yh/study/new_data/model_dataset_flight/vi/vi_000563.jpg,0,1,-361.401611328125,158.74021911621094,-200.09854125976562,14.168656349182129,-197.4378204345703,13.88477611541748,-202.80142211914062,15.10129165649414,182.0268096923828,179.35098797636442,3.0,2.999999999999999,2.992173671722412,2.992173671722412,0.22965431213378906,0.9982695579528809,2.992173671722412,3.0,184.81336975097656,0.05924905464053154,0.0017023943364620209,2.3593766689300537,173.90999868913076,-0.48965375363812824,173.42034493549264,173.42034397499728,16.0,2.1998887062072754,18,216.60935974121094,218.78579711914062
564,564,/yh/study/new_data/model_dataset_flight/vi/vi_000564.jpg,0,1,-361.0788879394531,158.60740661621094,-200.41310119628906,14.202218055725098,-197.7523956298828,13.918339729309082,-202.80142211914062,15.10129165649414,182.34315490722656,179.66734366823923,3.0,2.999999999999999,2.992173671722412,2.992173671722412,0.2296544462442398,0.9982695579528809,2.992173671722412,3.0,184.81336975097656,0.05927346274256706,0.001766260713338852,2.3593766689300537,173.90999868913076,-0.489654874216039,173.42034381491473,173.42034493549264,16.0,2.1998887062072754,18,216.02395629882812,218.19822692871094
565,565,/yh/study/new_data/model_dataset_flight/vi/vi_000565.jpg,0,1,-360.7557678222656,158.47442626953125,-200.72767639160156,14.2357816696167,-198.0669708251953,13.951903343200684,-202.80142211914062,15.10129165649414,182.65951538085938,179.98369986567954,3.0,2.999999999999999,2.992173671722412,2.992173671722412,0.22965390980243683,0.9982695579528809,2.992173671722412,3.0,184.81336975097656,0.05926022306084633,0.0017184093594551086,2.3593766689300537,173.90999868913076,-0.4896539670815398,173.4203447220492,173.42034381491473,16.0,2.1998887062072754,18,215.43856811523438,217.6106719970703
566,566,/yh/study/new_data/model_dataset_flight/vi/vi_000566.jpg,0,1,-360.1834716796875,158.25628662109375,-201.04225158691406,14.269343376159668,-198.3815460205078,13.985465049743652,-202.80142211914062,15.10129165649414,182.9758758544922,180.30005651523294,3.0,2.999999999999999,2.992173671722412,2.992173671722412,0.22965410351753235,0.9982695579528809,2.992173671722412,3.0,184.81336975097656,0.0592711977660656,0.0017650499939918518,2.3593766689300537,173.90999868913076,-0.48965604815480257,173.42034264097595,173.42034472204924,16.0,2.1998887062072754,18,214.61166381835938,216.78085327148438
567,567,/yh/study/new_data/model_dataset_flight/vi/vi_000567.jpg,0,1,-359.6632385253906,158.0579833984375,-201.35682678222656,14.30290699005127,-198.69610595703125,14.019026756286621,-202.80142211914062,15.10129165649414,183.292236328125,180.61641356909843,3.0,2.999999999999999,2.992173671722412,2.992173671722412,0.22965389490127563,0.9982695579528809,2.992173671722412,3.0,184.81336975097656,0.05927630513906479,0.0018002502620220184,2.3593766689300537,173.90999868913076,-0.48965492757689183,173.42034376155388,173.42034264097597,16.0,2.1998887062072754,18,213.83743286132812,216.00379943847656
568,568,/yh/study/new_data/model_dataset_flight/vi/vi_000568.jpg,0,1,-359.09112548828125,157.83990478515625,-201.67138671875,14.336468696594238,-199.01068115234375,14.052590370178223,-202.80142211914062,15.10129165649414,183.60858154296875,180.93276937124836,3.0,2.999999999999999,2.992173671722412,2.992173671722412,0.22965392470359802,0.9982695579528809,2.992173671722412,3.0,184.81336975097656,0.0592421256005764,0.0017408840358257294,2.3593766689300537,173.90999868913076,-0.4896540738032456,173.4203446153275,173.42034376155388,16.0,2.1998887062072754,18,213.01223754882812,215.17559814453125
569,569,/yh/study/new_data/model_dataset_flight/vi/vi_000569.jpg,0,1,-358.4125061035156,157.44131469726562,-201.9859619140625,14.370030403137207,-199.32525634765625,14.086152076721191,-202.80142211914062,15.10129165649414,183.92494201660156,181.2491256673046,3.0,2.999999999999999,2.992173671722412,2.992173671722412,0.22965368628501892,0.9982695579528809,2.992173671722412,3.0,184.81336975097656,0.05917744338512421,0.0018099471926689148,2.3593766689300537,173.90999868913076,-0.48965604815480257,173.42034264097595,173.42034461532754,16.0,2.1998887062072754,18,211.98739624023438,214.14820861816406
570,570,/yh/study/new_data/model_dataset_flight/vi/vi_000570.jpg,0,1,-357.73309326171875,157.04226684570312,-202.300537109375,14.403594017028809,-199.6398162841797,14.11971378326416,-202.80142211914062,15.10129165649414,184.24130249023438,181.5654824050475,3.0,2.999999999999999,2.992173671722412,2.992173671722412,0.2296544313430786,0.9982695579528809,2.992173671722412,3.0,184.81336975097656,0.059270914644002914,0.0016735531389713287,2.3593766689300537,173.90999868913076,-0.48965193936913,173.42034674976162,173.42034264097597,16.0,2.1998887062072754,18,210.96224975585938,213.12046813964844
571,571,/yh/study/new_data/model_dataset_flight/vi/vi_000571.jpg,0,1,-356.98736572265625,156.60426330566406,-202.61509704589844,14.437153816223145,-199.9543914794922,14.153275489807129,-202.80142211914062,15.10129165649414,184.55764770507812,181.88183792449783,3.0,2.999999999999999,2.992173671722412,2.992173671722412,0.22965408861637115,0.9982695579528809,2.992173671722412,3.0,184.81336975097656,0.05927296727895737,0.0017999149858951569,2.3593766689300537,173.90999868913076,-0.4896561015156554,173.4203425876151,173.42034674976165,16.0,2.1998887062072754,18,209.86253356933594,212.0180206298828
572,572,/yh/study/new_data/model_dataset_flight/vi/vi_000572.jpg,0,1,-355.90716552734375,156.0657958984375,-202.92967224121094,14.470717430114746,-200.2689666748047,14.18683910369873,-202.80142211914062,15.10129165649414,184.87400817871094,182.19819396774375,3.0,2.999999999999999,2.992173671722412,2.992173671722412,0.22965434193611145,0.9982695579528809,2.992173671722412,3.0,184.81336975097656,0.05927472189068794,0.001765858381986618,2.3593766689300537,173.90999868913076,-0.4896544473292158,173.42034424180153,173.42034258761512,16.0,2.1998887062072754,18,208.44970703125,210.6012420654297
573,573,/yh/study/new_data/model_dataset_flight/vi/vi_000573.jpg,0,1,-354.8252868652344,155.5264892578125,-203.24424743652344,14.504281044006348,-200.5835418701172,14.220402717590332,-202.80142211914062,15.10129165649414,185.19036865234375,182.51455047940541,3.0,2.999999999999999,2.992173671722412,2.992173671722412,0.22965310513973236,0.9982695579528809,2.992173671722412,3.0,184.81336975097656,0.05914465710520744,0.0017859898507595062,2.3593766689300537,173.90999868913076,-0.4896564216807728,173.42034226745,173.42034424180156,16.0,2.1998887062072754,18,207.03639221191406,209.1839599609375
574,574,/yh/study/new_data/model_dataset_flight/vi/vi_000574.jpg,0,1,-353.6376647949219,154.93446350097656,-203.55882263183594,14.537842750549316,-200.89810180664062,14.253962516784668,-207.4717254638672,24.647563934326172,185.50672912597656,182.83090740995817,3.0,2.999999999999999,2.9921727180480957,2.9921727180480957,0.22965234518051147,0.9982693195343018,2.992173671722412,3.0,190.47007751464844,0.057932451367378235,0.0009508728981018066,6.637545108795166,173.90999868913076,-0.4896193892488666,173.4203792998819,173.42034226745,16.0,2.1998887062072754,18,205.51123046875,207.6544647216797
575,575,/yh/study/new_data/model_dataset_flight/vi/vi_000575.jpg,0,1,-351.8291320800781,154.26657104492188,-203.87338256835938,14.571404457092285,-201.21267700195312,14.28752613067627,-207.4717254638672,24.647563934326172,185.8230743408203,183.14726310183298,3.0,2.999999999999999,2.9921727180480957,2.9921727180480957,0.2296522557735443,0.9982693195343018,2.9921717643737793,3.0,190.47007751464844,0.05789649859070778,0.0008948817849159241,6.637545108795166,173.90999868913076,-0.4896190157228964,173.42037967340787,173.42037929988192,16.0,2.1998887062072754,18,203.4837646484375,205.6196746826172
576,576,/yh/study/new_data/model_dataset_flight/vi/vi_000576.jpg,0,1,-350.0169982910156,153.59735107421875,-204.18795776367188,14.604968070983887,-201.52725219726562,14.321089744567871,-207.4717254638672,24.647563934326172,186.13943481445312,183.4636192992733,3.0,2.999999999999999,2.9921727180480957,2.9921727180480957,0.22965194284915924,0.9982693195343018,2.9921727180480957,3.0,190.47007751464844,0.057927243411540985,0.0008939281105995178,6.637545108795166,173.90999868913076,-0.4896206165484831,173.42037807258228,173.42037967340787,16.0,2.1998887062072754,18,201.45716857910156,203.5855712890625
577,577,/yh/study/new_data/model_dataset_flight/vi/vi_000577.jpg,0,1,-348.031005859375,152.86392211914062,-204.50253295898438,14.638529777526855,-201.84182739257812,14.35465145111084,-207.4717254638672,24.647563934326172,186.45579528808594,183.7799759488267,3.0,2.999999999999999,2.9921727180480957,2.9921727180480957,0.22965165972709656,0.9982693195343018,2.9921727180480957,3.0,190.47007751464844,0.057863783091306686,0.0008018463850021362,6.637545108795166,173.90999868913076,-0.4896214703221294,173.42037721880862,173.42037807258228,16.0,2.1998887062072754,18,199.26535034179688,201.38543701171875
578,578,/yh/study/new_data/model_dataset_flight/vi/vi_000578.jpg,0,1,-345.6299133300781,151.90760803222656,-204.81710815429688,14.672093391418457,-202.15638732910156,14.388213157653809,-207.4717254638672,24.647563934326172,186.77215576171875,184.09633300269218,3.0,2.999999999999999,2.992173194885254,2.992173194885254,0.22965243458747864,0.9982694387435913,2.9921727180480957,3.0,190.47007751464844,0.05794180557131767,0.0009569041430950165,6.637545108795166,173.90999868913076,-0.48961960269227817,173.4203790864385,173.42037721880865,16.0,2.1998887062072754,18,196.62612915039062,198.73660278320312
579,579,/yh/study/new_data/model_dataset_flight/vi/vi_000579.jpg,0,1,-343.2307434082031,150.9520721435547,-205.1316680908203,14.705655097961426,-202.47096252441406,14.42177677154541,-207.4717254638672,24.647563934326172,187.0885009765625,184.4126888048421,3.0,2.999999999999999,2.992173194885254,2.992173194885254,0.2296524941921234,0.9982694387435913,2.992173671722412,3.0,190.47007751464844,0.05791902542114258,0.0009645000100135803,6.637545108795166,173.90999868913076,-0.48961874891863194,173.42037994021211,173.4203790864385,16.0,2.1998887062072754,18,193.99598693847656,196.09649658203125
580,580,/yh/study/new_data/model_dataset_flight/vi/vi_000580.jpg,0,1,-340.5963439941406,149.90283203125,-205.4462432861328,14.739216804504395,-202.78553771972656,14.455338478088379,-207.4717254638672,24.647563934326172,187.4048614501953,184.72904510089836,3.0,2.999999999999999,2.992173194885254,2.992173194885254,0.2296527922153473,0.9982694387435913,2.992173194885254,3.0,190.47007751464844,0.05800354480743408,0.0009538568556308746,6.637545108795166,173.90999868913076,-0.48961800186669147,173.42038068726407,173.42037994021214,16.0,2.1998887062072754,18,191.1406707763672,193.2300262451172
581,581,/yh/study/new_data/model_dataset_flight/vi/vi_000581.jpg,0,1,-337.7970886230469,148.6259002685547,-205.7608184814453,14.772780418395996,-203.10009765625,14.488900184631348,-207.4717254638672,24.647563934326172,187.72122192382812,185.04540183864125,3.0,2.999999999999999,2.992173194885254,2.992173194885254,0.22965267300605774,0.9982694387435913,2.992173194885254,3.0,190.47007751464844,0.057965539395809174,0.0009507834911346436,6.637545108795166,173.90999868913076,-0.4896184821143675,173.4203802070164,173.42038068726407,16.0,2.1998887062072754,18,188.01658630371094,190.09474182128906
582,582,/yh/study/new_data/model_dataset_flight/vi/vi_000582.jpg,0,1,-334.9996032714844,147.34976196289062,-206.07537841796875,14.806342124938965,-203.4146728515625,14.52246379852295,-207.4717254638672,24.647563934326172,188.03756713867188,185.36175735809158,3.0,2.999999999999999,2.9921727180480957,2.9921727180480957,0.22965174913406372,0.9982693195343018,2.992173194885254,3.0,190.47007751464844,0.05792614072561264,0.0008679963648319244,6.637545108795166,173.90999868913076,-0.48962099007445337,173.4203776990563,173.4203802070164,16.0,2.1998887062072754,18,184.90325927734375,186.96975708007812
583,583,/yh/study/new_data/model_dataset_flight/vi/vi_000583.jpg,0,1,-332.20166015625,146.0734405517578,-206.38995361328125,14.839903831481934,-203.729248046875,14.556025505065918,-207.4717254638672,24.647563934326172,188.3539276123047,185.6781134013375,3.0,2.999999999999999,2.992173194885254,2.992173194885254,0.22965317964553833,0.9982694387435913,2.9921722412109375,3.0,190.47007751464844,0.05791023373603821,0.000912196934223175,6.637545108795166,173.90999868913076,-0.489614319967842,173.42038436916292,173.42037769905633,16.0,2.1998887062072754,18,181.7988739013672,183.85317993164062
584,584,/yh/study/new_data/model_dataset_flight/vi/vi_000584.jpg,0,1,-329.4218444824219,144.74349975585938,-206.70452880859375,14.873467445373535,-204.0438232421875,14.58958911895752,-207.4717254638672,24.647563934326172,188.6702880859375,185.99446991299916,3.0,2.999999999999999,2.9921727180480957,2.9921727180480957,0.22965219616889954,0.9982693195343018,2.992173671722412,3.0,190.47007751464844,0.05782335624098778,0.0008121244609355927,6.637545108795166,173.90999868913076,-0.4896194426097195,173.42037924652104,173.42038436916292,16.0,2.1998887062072754,18,178.6778106689453,180.7199249267578
585,585,/yh/study/new_data/model_dataset_flight/vi/vi_000585.jpg,0,1,-326.3731689453125,143.28492736816406,-207.01910400390625,14.907029151916504,-204.35838317871094,14.623150825500488,-207.4717254638672,24.647563934326172,188.9866485595703,186.31082684355192,3.0,2.999999999999999,2.9921727180480957,2.9921727180480957,0.22965213656425476,0.9982693195343018,2.9921722412109375,3.0,190.47007751464844,0.05775454267859459,0.0007497556507587433,6.637545108795166,173.90999868913076,-0.4896198161356898,173.42037887299506,173.42037924652107,16.0,2.1998887062072754,18,175.28912353515625,177.31739807128906
586,586,/yh/study/new_data/model_dataset_flight/vi/vi_000586.jpg,0,1,-323.5925598144531,141.95462036132812,-207.3336639404297,14.940590858459473,-204.67295837402344,14.656712532043457,-207.4717254638672,24.647563934326172,189.30299377441406,186.62718253542673,3.0,2.999999999999999,2.9921727180480957,2.9921727180480957,0.2296513319015503,0.9982693195343018,2.9921727180480957,3.0,190.47007751464844,0.05778395012021065,0.0007159262895584106,6.637545108795166,173.90999868913076,-0.4896223774566285,173.42037631167412,173.4203788729951,16.0,2.1998887062072754,18,172.18795776367188,174.2028350830078
587,587,/yh/study/new_data/model_dataset_flight/vi/vi_000587.jpg,0,1,-320.7728271484375,140.6655731201172,-207.6482391357422,14.974154472351074,-204.98753356933594,14.690276145935059,-207.4717254638672,24.647563934326172,189.61935424804688,186.94353873286704,3.0,2.999999999999999,2.9921727180480957,2.9921727180480957,0.22965124249458313,0.9982693195343018,2.9921727180480957,3.0,190.47007751464844,0.057843100279569626,0.0007642321288585663,6.637545108795166,173.90999868913076,-0.4896227509825987,173.42037593814817,173.42037631167415,16.0,2.1998887062072754,18,169.10205078125,171.1023406982422
588,588,/yh/study/new_data/model_dataset_flight/vi/vi_000588.jpg,0,1,-317.9525146484375,139.3762664794922,-207.9628143310547,15.007716178894043,-205.30210876464844,14.723837852478027,-207.4717254638672,24.647563934326172,189.9357147216797,187.25989538242044,3.0,2.999999999999999,2.9921727180480957,2.9921727180480957,0.22965162992477417,0.9982693195343018,2.9921727180480957,3.0,190.47007751464844,0.05780447646975517,0.0007544569671154022,6.637545108795166,173.90999868913076,-0.48962152368298223,173.42037716544777,173.42037593814817,16.0,2.1998887062072754,18,166.02792358398438,168.01292419433594
589,589,/yh/study/new_data/model_dataset_flight/vi/vi_000589.jpg,0,1,-314.8506774902344,137.958251953125,-208.2773895263672,15.041279792785645,-205.61666870117188,14.757399559020996,-221.75726318359375,10.4629487991333,190.2520751953125,187.57625243628593,3.0,2.999999999999999,2.992173194885254,2.992173194885254,0.22965283691883087,0.9982694387435913,2.9921727180480957,3.0,203.17013549804688,0.06951746344566345,0.0063973963260650635,8.982579231262207,173.90999868913076,-0.48964057350746426,173.4203581156233,173.4203771654478,16.0,2.1998887062072754,18,162.6851043701172,164.65272521972656
590,590,/yh/study/new_data/model_dataset_flight/vi/vi_000590.jpg,0,1,-310.1631164550781,135.9050750732422,-208.59194946289062,15.074841499328613,-205.93124389648438,14.790963172912598,-221.75726318359375,10.4629487991333,190.56842041015625,187.89260823843586,3.0,2.999999999999999,2.992173194885254,2.992173194885254,0.22965332865715027,0.9982694387435913,2.992173671722412,3.0,203.17013549804688,0.06775366514921188,0.006918914616107941,8.982579231262207,173.90999868913076,-0.48963881259931885,173.42035987653145,173.42035811562332,16.0,2.1998887062072754,18,157.85008239746094,159.7902069091797
591,591,/yh/study/new_data/model_dataset_flight/vi/vi_000591.jpg,0,1,-305.904541015625,134.039794921875,-208.90652465820312,15.108403205871582,-206.24581909179688,14.824524879455566,-221.75726318359375,10.4629487991333,190.88478088378906,188.2089645344921,3.0,2.999999999999999,2.992173194885254,2.992173194885254,0.2296530306339264,0.9982694387435913,2.992173194885254,3.0,203.17013549804688,0.06853359937667847,0.006710898131132126,8.982579231262207,173.90999868913076,-0.48963923948614196,173.42035944964462,173.42035987653145,16.0,2.1998887062072754,18,153.47080993652344,155.38385009765625
592,592,/yh/study/new_data/model_dataset_flight/vi/vi_000592.jpg,0,1,-302.87823486328125,132.73512268066406,-209.22109985351562,15.141966819763184,-206.5603790283203,14.858086585998535,-221.75726318359375,10.4629487991333,191.20114135742188,188.525321272235,3.0,2.999999999999999,2.992173194885254,2.992173194885254,0.22965288162231445,0.9982694387435913,2.992173194885254,3.0,203.17013549804688,0.06893615424633026,0.006607159972190857,8.982579231262207,173.90999868913076,-0.489639719733818,173.42035896939694,173.42035944964462,16.0,2.1998887062072754,18,150.3323211669922,152.22393798828125
593,593,/yh/study/new_data/model_dataset_flight/vi/vi_000593.jpg,0,1,-299.8516845703125,131.43031311035156,-209.53565979003906,15.175528526306152,-206.8749542236328,14.891650199890137,-221.75726318359375,10.4629487991333,191.51748657226562,188.84167679168533,3.0,2.999999999999999,2.992173194885254,2.992173194885254,0.229653000831604,0.9982694387435913,2.992173194885254,3.0,203.17013549804688,0.06829380989074707,0.006695345044136047,8.982579231262207,173.90999868913076,-0.48963886596017175,173.4203598231706,173.42035896939694,16.0,2.1998887062072754,18,147.2146759033203,149.08364868164062
594,594,/yh/study/new_data/model_dataset_flight/vi/vi_000594.jpg,0,1,-296.8154296875,130.12135314941406,-209.85023498535156,15.209090232849121,-207.1895294189453,14.925211906433105,-221.75726318359375,10.4629487991333,191.83384704589844,189.15803283493125,3.0,2.999999999999999,2.992173194885254,2.992173194885254,0.22965312004089355,0.9982694387435913,2.992173194885254,3.0,203.17013549804688,0.06781110167503357,0.006831824779510498,8.982579231262207,173.90999868913076,-0.48963886596017175,173.4203598231706,173.4203598231706,16.0,2.1998887062072754,18,144.1102752685547,145.95530700683594
595,595,/yh/study/new_data/model_dataset_flight/vi/vi_000595.jpg,0,1,-293.98590087890625,128.87022399902344,-210.16481018066406,15.242653846740723,-207.5041046142578,14.958775520324707,-221.75726318359375,10.4629487991333,192.15020751953125,189.47438934659291,3.0,2.999999999999999,2.992173194885254,2.992173194885254,0.22965294122695923,0.9982694387435913,2.992173194885254,3.0,203.17013549804688,0.06794334203004837,0.006713520735502243,8.982579231262207,173.90999868913076,-0.48963961301211223,173.42035907611864,173.4203598231706,16.0,2.1998887062072754,18,141.1991424560547,143.02069091796875
596,596,/yh/study/new_data/model_dataset_flight/vi/vi_000596.jpg,0,1,-290.8750305175781,127.49466705322266,-210.47938537597656,15.276215553283691,-207.81866455078125,14.992337226867676,-221.75726318359375,10.4629487991333,192.46656799316406,189.79074627714567,3.0,2.999999999999999,2.992173194885254,2.992173194885254,0.229653000831604,0.9982694387435913,2.992173194885254,3.0,203.17013549804688,0.06850329041481018,0.006627604365348816,8.982579231262207,173.90999868913076,-0.4896395596512593,173.4203591294795,173.42035907611867,16.0,2.1998887062072754,18,138.04507446289062,139.83966064453125
597,597,/yh/study/new_data/model_dataset_flight/vi/vi_000597.jpg,0,1,-287.77740478515625,126.12498474121094,-210.7939453125,15.30977725982666,-208.13323974609375,15.025898933410645,-221.75726318359375,10.4629487991333,192.7829132080078,190.10710196902048,3.0,2.999999999999999,2.992173194885254,2.992173194885254,0.22965264320373535,0.9982694387435913,2.992173194885254,3.0,203.17013549804688,0.06948015093803406,0.006413616240024567,8.982579231262207,173.90999868913076,-0.4896403600640527,173.42035832906672,173.42035912947952,16.0,2.1998887062072754,18,134.93133544921875,136.69747924804688
598,598,/yh/study/new_data/model_dataset_flight/vi/vi_000598.jpg,0,1,-284.7847900390625,124.76673126220703,-211.1085205078125,15.343340873718262,-208.44781494140625,15.059462547302246,-221.75726318359375,10.4629487991333,193.09927368164062,190.4234581664608,3.0,2.999999999999999,2.992173194885254,2.992173194885254,0.22965258359909058,0.9982694387435913,2.992173194885254,3.0,203.17013549804688,0.06893675029277802,0.006443090736865997,8.982579231262207,173.90999868913076,-0.4896395596512593,173.4203591294795,173.42035832906672,16.0,2.1998887062072754,18,131.91539001464844,133.65260314941406
599,599,/yh/study/new_data/model_dataset_flight/vi/vi_000599.jpg,0,1,-281.7932434082031,123.40894317626953,-211.423095703125,15.37690258026123,-208.76239013671875,15.093024253845215,-221.75726318359375,10.4629487991333,193.41563415527344,190.7398148160142,3.0,2.999999999999999,2.992173194885254,2.992173194885254,0.22965210676193237,0.9982694387435913,2.992173194885254,3.0,203.17013549804688,0.07054813951253891,0.00600501149892807,8.982579231262207,173.90999868913076,-0.48963993317722954,173.42035875595354,173.42035912947952,16.0,2.1998887062072754,18,128.92974853515625,130.6363067626953
600,600,/yh/study/new_data/model_dataset_flight/vi/vi_000600.jpg,0,1,-278.8006286621094,122.05068969726562,-211.7376708984375,15.410466194152832,-209.0769500732422,15.126585960388184,-221.75726318359375,10.4629487991333,193.73199462890625,191.05617186987968,3.0,2.999999999999999,2.992173194885254,2.992173194885254,0.22965265810489655,0.9982694387435913,2.992173194885254,3.0,203.17013549804688,0.06974146515130997,0.006277628242969513,8.982579231262207,173.90999868913076,-0.48964057350746426,173.4203581156233,173.42035875595354,16.0,2.1998887062072754,18,125.9745101928711,127.6485595703125
601,601,/yh/study/new_data/model_dataset_flight/vi/vi_000601.jpg,0,1,-275.9123840332031,120.75180053710938,-212.05223083496094,15.4440279006958,-209.3915252685547,15.160149574279785,-221.75726318359375,10.4629487991333,194.04833984375,191.3725276720296,3.0,2.999999999999999,2.992173194885254,2.992173194885254,0.22965247929096222,0.9982694387435913,2.992173194885254,3.0,203.17013549804688,0.07014229148626328,0.00614657998085022,8.982579231262207,173.90999868913076,-0.4896403600640527,173.42035832906672,173.42035811562332,16.0,2.1998887062072754,18,123.15780639648438,124.79832458496094
602,602,/yh/study/new_data/model_dataset_flight/vi/vi_000602.jpg,0,1,-272.74658203125,119.32808685302734,-212.36680603027344,15.47758960723877,-209.7061004638672,15.193711280822754,-221.75726318359375,10.4629487991333,194.3647003173828,191.68888396808586,3.0,2.999999999999999,2.992173194885254,2.992173194885254,0.22965243458747864,0.9982694387435913,2.992173194885254,3.0,203.17013549804688,0.07010949403047562,0.006029866635799408,8.982579231262207,173.90999868913076,-0.4896408403117287,173.42035784881904,173.42035832906672,16.0,2.1998887062072754,18,120.12760925292969,121.72949981689453
603,603,/yh/study/new_data/model_dataset_flight/vi/vi_000603.jpg,0,1,-269.8647155761719,118.03205871582031,-212.68138122558594,15.511153221130371,-210.02066040039062,15.227272987365723,-221.75726318359375,10.4629487991333,194.68106079101562,192.00524070582875,3.0,2.999999999999999,2.992173194885254,2.992173194885254,0.22965238988399506,0.9982694387435913,2.992173194885254,3.0,203.17013549804688,0.07015277445316315,0.006057046353816986,8.982579231262207,173.90999868913076,-0.48964003989893534,173.42035864923182,173.42035784881904,16.0,2.1998887062072754,18,117.39024353027344,118.95433807373047
604,604,/yh/study/new_data/model_dataset_flight/vi/vi_000604.jpg,0,1,-267.037353515625,116.79301452636719,-212.99594116210938,15.54471492767334,-210.33523559570312,15.260836601257324,-221.75726318359375,10.4629487991333,194.99740600585938,192.32159622527908,3.0,2.999999999999999,2.9921741485595703,2.9921741485595703,0.22965887188911438,0.9982696771621704,2.992173194885254,3.0,203.17013549804688,0.07091164588928223,0.005611754953861237,8.982579231262207,173.90999868913076,-0.4896165611236634,173.4203821280071,173.42035864923184,16.0,2.1998887062072754,18,114.76799011230469,116.29236602783203
605,605,/yh/study/new_data/model_dataset_flight/vi/vi_000605.jpg,0,1,-263.93048095703125,115.43147277832031,-213.31051635742188,15.578276634216309,-210.64981079101562,15.294398307800293,-221.75726318359375,10.4629487991333,195.3137664794922,192.637952268525,3.0,2.999999999999999,2.9921741485595703,2.9921741485595703,0.22965864837169647,0.9982696771621704,2.9921751022338867,3.0,203.17013549804688,0.07022154331207275,0.005322597920894623,8.982579231262207,173.90999868913076,-0.48962018966166,173.4203784994691,173.4203821280071,16.0,2.1998887062072754,18,111.95106506347656,113.42955780029297
606,606,/yh/study/new_data/model_dataset_flight/vi/vi_000606.jpg,0,1,-260.84710693359375,114.08021545410156,-213.62509155273438,15.61184024810791,-210.96438598632812,15.327961921691895,-221.75726318359375,10.4629487991333,195.630126953125,192.95430878018666,3.0,2.999999999999999,2.9921741485595703,2.9921741485595703,0.2296588271856308,0.9982696771621704,2.9921741485595703,3.0,203.17013549804688,0.07071690261363983,0.005554512143135071,8.982579231262207,173.90999868913076,-0.4896173081756039,173.42038138095515,173.4203784994691,16.0,2.1998887062072754,18,109.2059555053711,110.63585662841797
607,607,/yh/study/new_data/model_dataset_flight/vi/vi_000607.jpg,0,1,-257.8822937011719,112.78462219238281,-213.93966674804688,15.645403861999512,-211.27894592285156,15.361523628234863,-221.75726318359375,10.4629487991333,195.9464874267578,193.27066571073942,3.0,2.999999999999999,2.9921741485595703,2.9921741485595703,0.22965873777866364,0.9982696771621704,2.9921741485595703,3.0,203.17013549804688,0.07044187933206558,0.005450114607810974,8.982579231262207,173.90999868913076,-0.4896190690837493,173.42037962004702,173.42038138095518,16.0,2.1998887062072754,18,106.61605072021484,107.99597930908203
608,608,/yh/study/new_data/model_dataset_flight/vi/vi_000608.jpg,0,1,-254.93836975097656,111.49815368652344,-214.2542266845703,15.678963661193848,-211.59352111816406,15.395085334777832,-226.45806884765625,15.251056671142578,196.26283264160156,193.58702140261423,3.0,2.999999999999999,2.9921741485595703,2.9921741485595703,0.22965630888938904,0.9982696771621704,2.9921741485595703,3.0,208.35238647460938,0.0685410350561142,0.0011190548539161682,4.720202922821045,173.90999868913076,-0.4896286206764167,173.42037006845433,173.42037962004702,16.0,2.1998887062072754,18,104.09858703613281,105.4256820678711
609,609,/yh/study/new_data/model_dataset_flight/vi/vi_000609.jpg,0,1,-251.72735595703125,110.09497833251953,-214.5688018798828,15.71252727508545,-211.90809631347656,15.428648948669434,-226.45806884765625,15.251056671142578,196.57919311523438,193.90337760005454,3.0,2.999999999999999,2.9921741485595703,2.9921741485595703,0.2296564280986786,0.9982696771621704,2.9921741485595703,3.0,208.35238647460938,0.0678223967552185,0.000334717333316803,4.720202922821045,173.90999868913076,-0.4896269664899771,173.4203717226408,173.42037006845436,16.0,2.1998887062072754,18,101.43374633789062,102.69998931884766
610,610,/yh/study/new_data/model_dataset_flight/vi/vi_000610.jpg,0,1,-248.52195739746094,108.68334197998047,-214.8833770751953,15.746088981628418,-212.22267150878906,15.462210655212402,-226.45806884765625,15.251056671142578,196.8955535888672,194.21973424960794,3.0,2.999999999999999,2.992173671722412,2.992173671722412,0.22965525090694427,0.9982695579528809,2.9921741485595703,3.0,208.35238647460938,0.07461177557706833,0.00043514370918273926,4.720202922821045,173.90999868913076,-0.48963336979232397,173.42036531933843,173.4203717226408,16.0,2.1998887062072754,18,98.83768463134766,100.03907775878906
611,611,/yh/study/new_data/model_dataset_flight/vi/vi_000611.jpg,0,1,-245.5406494140625,107.37039947509766,-215.1979522705078,15.77965259552002,-212.5372314453125,15.495772361755371,-226.45806884765625,15.251056671142578,197.2119140625,194.53609130347343,3.0,2.999999999999999,2.992173671722412,2.992173671722412,0.2296551614999771,0.9982695579528809,2.992173194885254,3.0,208.35238647460938,0.07646570354700089,0.00022108852863311768,4.720202922821045,173.90999868913076,-0.4896356109481454,173.42036307818262,173.42036531933846,16.0,2.1998887062072754,18,96.48597717285156,97.62260437011719
612,612,/yh/study/new_data/model_dataset_flight/vi/vi_000612.jpg,0,1,-242.57696533203125,106.0652084350586,-215.51251220703125,15.813214302062988,-212.851806640625,15.529335975646973,-226.45806884765625,15.251056671142578,197.52825927734375,194.85244710562336,3.0,2.999999999999999,2.992173671722412,2.992173671722412,0.22965502738952637,0.9982695579528809,2.992173671722412,3.0,208.35238647460938,0.07773783802986145,0.00012436509132385254,4.720202922821045,173.90999868913076,-0.4896368382477619,173.42036185088298,173.42036307818262,16.0,2.1998887062072754,18,94.22264099121094,95.29076385498047
613,613,/yh/study/new_data/model_dataset_flight/vi/vi_000613.jpg,0,1,-239.30657958984375,104.62032318115234,-215.82708740234375,15.846776008605957,-213.1663818359375,15.562897682189941,-226.48858642578125,10.492898941040039,197.84461975097656,195.1688034016796,3.0,2.999999999999999,2.992173671722412,2.992173671722412,0.22965484857559204,0.9982695579528809,2.992173671722412,3.0,207.87794494628906,0.07840703427791595,0.00018572062253952026,9.454747200012207,173.90999868913076,-0.48963598447411566,173.42036270465664,173.420361850883,16.0,2.1998887062072754,18,91.8260726928711,92.81452178955078
614,614,/yh/study/new_data/model_dataset_flight/vi/vi_000614.jpg,0,1,-236.33230590820312,103.30626678466797,-216.14166259765625,15.880339622497559,-213.48094177246094,15.59645938873291,-226.48858642578125,10.492898941040039,198.16098022460938,195.4851601394225,3.0,2.999999999999999,2.992173671722412,2.992173671722412,0.22965475916862488,0.9982695579528809,2.992173671722412,3.0,207.87794494628906,0.07891091704368591,0.0002340450882911682,9.454747200012207,173.90999868913076,-0.48963635800008587,173.42036233113066,173.42036270465667,16.0,2.1998887062072754,18,89.72711181640625,90.6377182006836
615,615,/yh/study/new_data/model_dataset_flight/vi/vi_000615.jpg,0,1,-233.3551025390625,101.99092102050781,-216.4562225341797,15.913901329040527,-213.79551696777344,15.630023002624512,-226.48858642578125,10.492898941040039,198.47732543945312,195.80151565887283,3.0,2.999999999999999,2.992173671722412,2.992173671722412,0.22965484857559204,0.9982695579528809,2.992173671722412,3.0,207.87794494628906,0.07778672128915787,0.00024065375328063965,9.454747200012207,173.90999868913076,-0.48963593111326276,173.4203627580175,173.4203623311307,16.0,2.1998887062072754,18,87.72015380859375,88.5481948852539
616,616,/yh/study/new_data/model_dataset_flight/vi/vi_000616.jpg,0,1,-230.3217010498047,100.60299682617188,-216.7707977294922,15.947463035583496,-214.11009216308594,15.66358470916748,-226.48858642578125,10.492898941040039,198.79368591308594,196.11787170211875,3.0,2.999999999999999,2.992173671722412,2.992173671722412,0.22965481877326965,0.9982695579528809,2.992173671722412,3.0,207.87794494628906,0.07869940251111984,0.0002153143286705017,9.454747200012207,173.90999868913076,-0.48963673152605613,173.4203619576047,173.42036275801752,16.0,2.1998887062072754,18,85.73322296142578,86.47265625
617,617,/yh/study/new_data/model_dataset_flight/vi/vi_000617.jpg,0,1,-227.28855895996094,99.21519470214844,-217.0853729248047,15.981026649475098,-214.42466735839844,15.697148323059082,-226.48858642578125,10.492898941040039,199.11004638671875,196.43422821378041,3.0,2.999999999999999,2.992173671722412,2.992173671722412,0.22965463995933533,0.9982695579528809,2.992173671722412,3.0,207.87794494628906,0.0805678591132164,0.0004596784710884094,9.454747200012207,173.90999868913076,-0.48963763866055526,173.4203610504702,173.4203619576047,16.0,2.1998887062072754,18,83.85720825195312,84.50291442871094
618,618,/yh/study/new_data/model_dataset_flight/vi/vi_000618.jpg,0,1,-224.2557830810547,97.82756805419922,-217.3999481201172,16.014591217041016,-214.73922729492188,15.73071002960205,-226.48858642578125,10.492898941040039,199.42640686035156,196.75058514433317,3.0,2.999999999999999,2.992173433303833,2.992173433303833,0.2296546995639801,0.9982695579528809,2.992173671722412,3.0,207.87794494628906,0.08156315237283707,0.0005817636847496033,9.454747200012207,173.90999868913076,-0.48963763866055526,173.4203610504702,173.4203610504702,16.0,2.1998887062072754,18,82.09972381591797,82.64659118652344
619,619,/yh/study/new_data/model_dataset_flight/vi/vi_000619.jpg,0,1,-221.19956970214844,96.47349548339844,-217.71450805664062,16.04814910888672,-215.05380249023438,15.76427173614502,-231.21990966796875,10.522847175598145,199.7427520751953,197.06694083620798,3.0,2.999999999999999,2.992173194885254,2.992173194885254,0.22965294122695923,0.9982694387435913,2.992173194885254,3.0,212.5857391357422,0.08624763786792755,0.0016785115003585815,9.926916122436523,173.90999868913076,-0.48962750009850603,173.42037118903227,173.4203610504702,16.0,2.1998887062072754,18,80.50081634521484,80.94287872314453
620,620,/yh/study/new_data/model_dataset_flight/vi/vi_000620.jpg,0,1,-218.14288330078125,95.11922454833984,-218.02908325195312,16.081714630126953,-215.36837768554688,15.797835350036621,-231.21990966796875,10.522847175598145,200.05911254882812,197.3832970336483,3.0,2.999999999999999,2.992173194885254,2.992173194885254,0.2296530306339264,0.9982694387435913,2.992172956466675,3.0,212.5857391357422,0.08519496023654938,0.0017435327172279358,9.926916122436523,173.90999868913076,-0.4896270732116829,173.42037161591907,173.42037118903227,16.0,2.1998887062072754,18,79.03759002685547,79.3698959350586
621,621,/yh/study/new_data/model_dataset_flight/vi/vi_000621.jpg,0,1,-215.08497619628906,93.764404296875,-218.34365844726562,16.115276336669922,-215.68295288085938,15.831398963928223,-231.21990966796875,10.522847175598145,200.37547302246094,197.6996536832017,3.0,2.999999999999999,2.992173194885254,2.992173194885254,0.22965310513973236,0.9982694387435913,2.992173194885254,3.0,212.5857391357422,0.08606655150651932,0.0017243996262550354,9.926916122436523,173.90999868913076,-0.4896277669027705,173.420370922228,173.4203716159191,16.0,2.1998887062072754,18,77.71747589111328,77.935302734375
622,622,/yh/study/new_data/model_dataset_flight/vi/vi_000622.jpg,0,1,-212.0742950439453,92.42574310302734,-218.65823364257812,16.14883804321289,-215.9975128173828,15.864958763122559,-231.21990966796875,10.522847175598145,200.69183349609375,198.01601073706718,3.0,2.999999999999999,2.992173194885254,2.992173194885254,0.22965314984321594,0.9982694387435913,2.992173194885254,3.0,212.5857391357422,0.0842394158244133,0.0017731115221977234,9.926916122436523,173.90999868913076,-0.4896273400159473,173.42037134911482,173.420370922228,16.0,2.1998887062072754,18,76.5605239868164,76.66123962402344
623,623,/yh/study/new_data/model_dataset_flight/vi/vi_000623.jpg,0,1,-209.0592498779297,91.08515167236328,-218.97279357910156,16.18239974975586,-216.3120880126953,15.89852237701416,-231.21990966796875,10.522847175598145,201.0081787109375,198.3323665392171,3.0,2.999999999999999,2.992173194885254,2.992173194885254,0.22965319454669952,0.9982694387435913,2.992173194885254,3.0,212.5857391357422,0.08499749004840851,0.0018445178866386414,9.926916122436523,173.90999868913076,-0.48962712657253576,173.42037156255822,173.42037134911482,16.0,2.1998887062072754,18,75.55594635009766,75.53563690185547
624,624,/yh/study/new_data/model_dataset_flight/vi/vi_000624.jpg,0,1,-206.04693603515625,89.74577331542969,-219.28736877441406,16.215965270996094,-216.6266632080078,15.932085990905762,-231.21990966796875,10.522847175598145,201.3245391845703,198.64872283527336,3.0,2.999999999999999,2.992173194885254,2.992173194885254,0.2296532392501831,0.9982694387435913,2.992173194885254,3.0,212.5857391357422,0.08458196371793747,0.0018595606088638306,9.926916122436523,173.90999868913076,-0.4896276068202118,173.42037108231054,173.42037156255824,16.0,2.1998887062072754,18,74.71239471435547,74.56803131103516
625,625,/yh/study/new_data/model_dataset_flight/vi/vi_000625.jpg,0,1,-203.00331115722656,88.43207550048828,-219.60194396972656,16.249526977539062,-216.94122314453125,15.965645790100098,-231.21990966796875,10.522847175598145,201.64089965820312,198.96507957301625,3.0,2.999999999999999,2.992173194885254,2.992173194885254,0.2296532392501831,0.9982694387435913,2.992173194885254,3.0,212.5857391357422,0.0851915180683136,0.0018965154886245728,9.926916122436523,173.90999868913076,-0.48962717993338867,173.42037150919737,173.42037108231057,16.0,2.1998887062072754,18,74.06642150878906,73.79464721679688
626,626,/yh/study/new_data/model_dataset_flight/vi/vi_000626.jpg,0,1,-199.96046447753906,87.11870574951172,-219.91650390625,16.28308868408203,-217.25579833984375,15.9992094039917,-231.21990966796875,10.522847175598145,201.95724487304688,199.28143509246658,3.0,2.999999999999999,2.992173433303833,2.992173433303833,0.22965332865715027,0.9982695579528809,2.992173194885254,3.0,212.5857391357422,0.08184663951396942,0.00208427757024765,9.926916122436523,173.90999868913076,-0.4896276068202118,173.42037108231054,173.4203715091974,16.0,2.1998887062072754,18,73.59298706054688,73.19229125976562
627,627,/yh/study/new_data/model_dataset_flight/vi/vi_000627.jpg,0,1,-196.9169921875,85.80506134033203,-220.2310791015625,16.316650390625,-217.57037353515625,16.032772064208984,-231.21990966796875,10.522847175598145,202.2736053466797,199.5977911357125,3.0,2.999999999999999,2.992173433303833,2.992173433303833,0.22965337336063385,0.9982695579528809,2.992173671722412,3.0,212.5857391357422,0.08151820302009583,0.002131059765815735,9.926916122436523,173.90999868913076,-0.4896276068202118,173.42037108231054,173.42037108231057,16.0,2.1998887062072754,18,73.29519653320312,72.76493072509766
628,628,/yh/study/new_data/model_dataset_flight/vi/vi_000628.jpg,0,1,-193.94146728515625,84.52278137207031,-220.545654296875,16.35021209716797,-217.88494873046875,16.066333770751953,-231.21990966796875,10.522847175598145,202.5899658203125,199.91414764737416,3.0,2.999999999999999,2.992173671722412,2.992173671722412,0.22965338826179504,0.9982695579528809,2.992173433303833,3.0,212.5857391357422,0.07966281473636627,0.0022032856941223145,9.926916122436523,173.90999868913076,-0.4896268597682713,173.4203718293625,173.42037108231057,16.0,2.1998887062072754,18,73.17979431152344,72.52293395996094
629,629,/yh/study/new_data/model_dataset_flight/vi/vi_000629.jpg,0,1,-190.96539306640625,83.24026489257812,-220.8602294921875,16.383777618408203,-218.1995086669922,16.099895477294922,-231.21990966796875,10.522847175598145,202.9063262939453,200.23050457792692,3.0,2.999999999999999,2.992173671722412,2.992173671722412,0.22965332865715027,0.9982695579528809,2.992173910140991,3.0,212.5857391357422,0.07777727395296097,0.00212087482213974,9.926916122436523,173.90999868913076,-0.4896263795205953,173.42037230961017,173.4203718293625,16.0,2.1998887062072754,18,73.2358627319336,72.45361328125
630,630,/yh/study/new_data/model_dataset_flight/vi/vi_000630.jpg,0,1,-187.6951141357422,81.8309555053711,-221.17478942871094,16.417335510253906,-218.5140838623047,16.13345718383789,-231.21990966796875,10.522847175598145,203.22267150878906,200.54686026980173,3.0,2.999999999999999,2.992173671722412,2.992173671722412,0.22965356707572937,0.9982695579528809,2.992173671722412,3.0,212.5857391357422,0.07502636313438416,0.0019685104489326477,9.926916122436523,173.90999868913076,-0.4896270732116829,173.42037161591907,173.42037230961017,16.0,2.1998887062072754,18,73.48353576660156,72.56700134277344
631,631,/yh/study/new_data/model_dataset_flight/vi/vi_000631.jpg,0,1,-184.639404296875,80.46227264404297,-221.48936462402344,16.45090103149414,-218.8286590576172,16.167022705078125,-231.21990966796875,10.522847175598145,203.53903198242188,200.86321646724204,3.0,2.999999999999999,2.992173671722412,2.992173671722412,0.22965481877326965,0.9982695579528809,2.992173671722412,3.0,212.5857391357422,0.06728868186473846,0.0016344338655471802,9.926916122436523,173.90999868913076,-0.48963433028767606,173.42036435884307,173.4203716159191,16.0,2.1998887062072754,18,73.86050415039062,72.82022094726562
632,632,/yh/study/new_data/model_dataset_flight/vi/vi_000632.jpg,0,1,-181.58236694335938,79.0929946899414,-221.80393981933594,16.48446273803711,-219.1432342529297,16.200584411621094,-231.21990966796875,10.522847175598145,203.8553924560547,201.17957311679544,3.0,2.999999999999999,2.992173671722412,2.992173671722412,0.22965383529663086,0.9982695579528809,2.992173671722412,3.0,212.5857391357422,0.07231152802705765,0.0018937215209007263,9.926916122436523,173.90999868913076,-0.48962803370703495,173.42037065542374,173.4203643588431,16.0,2.1998887062072754,18,74.41507720947266,73.25485229492188
633,633,/yh/study/new_data/model_dataset_flight/vi/vi_000633.jpg,0,1,-178.52432250976562,77.7232666015625,-222.11851501464844,16.518024444580078,-219.45779418945312,16.234146118164062,-231.21990966796875,10.522847175598145,204.1717529296875,201.49593017066093,3.0,2.999999999999999,2.992173671722412,2.992173671722412,0.2296537458896637,0.9982695579528809,2.992173671722412,3.0,212.5857391357422,0.07217773795127869,0.001833990216255188,9.926916122436523,173.90999868913076,-0.48962782026362334,173.42037086886714,173.42037065542374,16.0,2.1998887062072754,18,75.1434326171875,73.86785888671875
634,634,/yh/study/new_data/model_dataset_flight/vi/vi_000634.jpg,0,1,-175.4991912841797,76.3694076538086,-222.43307495117188,16.551586151123047,-219.77236938476562,16.26770782470703,-235.98175048828125,5.794636249542236,204.48809814453125,201.81228597281086,3.0,2.999999999999999,2.992173671722412,2.992173671722412,0.22965587675571442,0.9982695579528809,2.992173671722412,3.0,216.819091796875,0.07127398997545242,0.0020939111709594727,15.133631706237793,173.90999868913076,-0.489640199981494,173.42035848914927,173.42037086886714,16.0,2.1998887062072754,18,76.03263092041016,74.64803314208984
635,635,/yh/study/new_data/model_dataset_flight/vi/vi_000635.jpg,0,1,-172.47206115722656,75.0146484375,-222.74765014648438,16.58515167236328,-220.08694458007812,16.301273345947266,-235.98175048828125,5.794636249542236,204.80445861816406,202.1286422688671,3.0,2.999999999999999,2.992173671722412,2.992173671722412,0.22965596616268158,0.9982695579528809,2.992173671722412,3.0,216.819091796875,0.06998416781425476,0.002115674316883087,15.133631706237793,173.90999868913076,-0.48964382851949056,173.42035486061127,173.42035848914927,16.0,2.1998887062072754,18,77.08203887939453,75.5938949584961
636,636,/yh/study/new_data/model_dataset_flight/vi/vi_000636.jpg,0,1,-169.44541931152344,73.66011047363281,-223.06222534179688,16.61871337890625,-220.40150451660156,16.33483123779297,-235.98175048828125,5.794636249542236,205.12081909179688,202.44499900661,3.0,2.999999999999999,2.992173671722412,2.992173671722412,0.22965648770332336,0.9982695579528809,2.992173671722412,3.0,216.819091796875,0.06792846322059631,0.002129070460796356,15.133631706237793,173.90999868913076,-0.48965129903889526,173.42034739009188,173.42035486061127,16.0,2.1998887062072754,18,78.28462982177734,76.6988296508789
637,637,/yh/study/new_data/model_dataset_flight/vi/vi_000637.jpg,0,1,-164.8690185546875,71.61128234863281,-223.3767852783203,16.65227508544922,-220.71607971191406,16.368396759033203,-235.98175048828125,5.794636249542236,205.43716430664062,202.76135452606033,3.0,2.999999999999999,2.992173671722412,2.992173671722412,0.22965596616268158,0.9982695579528809,2.992173671722412,3.0,216.819091796875,0.07006789743900299,0.002097874879837036,15.133631706237793,173.90999868913076,-0.489643134828403,173.42035555430235,173.42034739009188,16.0,2.1998887062072754,18,80.27235412597656,78.55361938476562
638,638,/yh/study/new_data/model_dataset_flight/vi/vi_000638.jpg,0,1,-160.2950439453125,69.56355285644531,-223.6913604736328,16.685836791992188,-221.03065490722656,16.401958465576172,-235.98175048828125,5.794636249542236,205.75352478027344,203.07771056930625,3.0,2.999999999999999,2.992173671722412,2.992173671722412,0.2296563684940338,0.9982695579528809,2.992173671722412,3.0,216.819091796875,0.06833615899085999,0.0020876824855804443,15.133631706237793,173.90999868913076,-0.4896489511613681,173.4203497379694,173.42035555430238,16.0,2.1998887062072754,18,82.55389404296875,80.71536254882812
639,639,/yh/study/new_data/model_dataset_flight/vi/vi_000639.jpg,0,1,-157.47520446777344,68.32182312011719,-224.0059356689453,16.719398498535156,-221.34523010253906,16.43552017211914,-235.98175048828125,5.794636249542236,206.06988525390625,203.39406708096791,3.0,2.999999999999999,2.992173671722412,2.992173671722412,0.22965610027313232,0.9982695579528809,2.992173671722412,3.0,216.819091796875,0.06912735849618912,0.0020699650049209595,15.133631706237793,173.90999868913076,-0.48964580287104753,173.4203528862597,173.42034973796942,16.0,2.1998887062072754,18,84.19708251953125,82.28954315185547
640,640,/yh/study/new_data/model_dataset_flight/vi/vi_000640.jpg,0,1,-154.3899383544922,66.96321868896484,-224.3205108642578,16.75296401977539,-221.6597900390625,16.46908187866211,-235.98175048828125,5.794636249542236,206.38624572753906,203.71042401152067,3.0,2.999999999999999,2.992173671722412,2.992173671722412,0.22965633869171143,0.9982695579528809,2.992173671722412,3.0,216.819091796875,0.06823256611824036,0.002048410475254059,15.133631706237793,173.90999868913076,-0.489649484769897,173.42034920436086,173.42035288625974,16.0,2.1998887062072754,18,86.08922576904297,84.11236572265625
641,641,/yh/study/new_data/model_dataset_flight/vi/vi_000641.jpg,0,1,-151.57359313964844,65.72303009033203,-224.63507080078125,16.78652572631836,-221.974365234375,16.502647399902344,-235.98175048828125,5.794636249542236,206.7025909423828,204.02677970339548,3.0,2.999999999999999,2.992173671722412,2.992173671722412,0.22965586185455322,0.9982695579528809,2.992173671722412,3.0,216.819091796875,0.07014969736337662,0.0018725693225860596,15.133631706237793,173.90999868913076,-0.4896398264555238,173.42035886267524,173.42034920436086,16.0,2.1998887062072754,18,87.93611907958984,85.9006118774414
642,642,/yh/study/new_data/model_dataset_flight/vi/vi_000642.jpg,0,1,-149.53396606445312,64.71604919433594,-224.94964599609375,16.820087432861328,-222.2889404296875,16.536209106445312,-235.98175048828125,5.794636249542236,207.01895141601562,204.3431359008358,3.0,2.999999999999999,2.992173671722412,2.992173671722412,0.22965587675571442,0.9982695579528809,2.992173671722412,3.0,216.819091796875,0.07058293372392654,0.0018136873841285706,15.133631706237793,173.90999868913076,-0.48963918612528906,173.42035950300547,173.42035886267524,16.0,2.1998887062072754,18,89.33950805664062,87.26158142089844
643,643,/yh/study/new_data/model_dataset_flight/vi/vi_000643.jpg,0,1,-147.67930603027344,63.800376892089844,-225.26422119140625,16.853649139404297,-222.603515625,16.56977081298828,-235.98175048828125,5.794636249542236,207.33531188964844,204.6594925503892,3.0,2.999999999999999,2.992173671722412,2.992173671722412,0.22965657711029053,0.9982695579528809,2.992173671722412,3.0,216.819091796875,0.06788487732410431,0.0021361708641052246,15.133631706237793,173.90999868913076,-0.4896501784609846,173.42034851066978,173.42035950300547,16.0,2.1998887062072754,18,90.68304443359375,88.56843566894531
644,644,/yh/study/new_data/model_dataset_flight/vi/vi_000644.jpg,0,1,-145.82395935058594,62.88438034057617,-225.57879638671875,16.887210845947266,-222.91807556152344,16.60333251953125,-235.98175048828125,5.794636249542236,207.65167236328125,204.97584960425468,3.0,2.999999999999999,2.992173671722412,2.992173671722412,0.22965562343597412,0.9982695579528809,2.992173671722412,3.0,216.819091796875,0.07412853091955185,0.001991651952266693,15.133631706237793,173.90999868913076,-0.4896362512783801,173.4203624378524,173.42034851066978,16.0,2.1998887062072754,18,92.06830596923828,89.9190673828125
645,645,/yh/study/new_data/model_dataset_flight/vi/vi_000645.jpg,0,1,-145.80694580078125,62.32038497924805,-225.8933563232422,16.920772552490234,-223.23265075683594,16.63689422607422,-235.98175048828125,5.794636249542236,207.968017578125,205.2922054064046,3.0,2.999999999999999,2.992173671722412,2.992173671722412,0.22965562343597412,0.9982695579528809,2.992173671722412,3.0,216.819091796875,0.07619660347700119,0.0015701651573181152,15.133631706237793,173.90999868913076,-0.4896321958535604,173.42036649327719,173.4203624378524,16.0,2.1998887062072754,18,92.05953216552734,89.89839172363281
646,646,/yh/study/new_data/model_dataset_flight/vi/vi_000646.jpg,0,1,-145.78990173339844,61.75592803955078,-226.2079315185547,16.95433807373047,-223.54722595214844,16.670459747314453,-235.98175048828125,5.794636249542236,208.2843780517578,205.60856170246086,3.0,2.999999999999999,2.992173671722412,2.992173671722412,0.2296556830406189,0.9982695579528809,2.992173671722412,3.0,216.819091796875,0.07623720169067383,0.001604512333869934,15.133631706237793,173.90999868913076,-0.4896323025752662,173.4203663865555,173.4203664932772,16.0,2.1998887062072754,18,92.05564880371094,89.88270568847656
647,647,/yh/study/new_data/model_dataset_flight/vi/vi_000647.jpg,0,1,-145.7729034423828,61.192325592041016,-226.5225067138672,16.987899780273438,-223.86178588867188,16.704017639160156,-235.98175048828125,5.794636249542236,208.60073852539062,205.92491844020375,3.0,2.999999999999999,2.992173671722412,2.992173671722412,0.22965559363365173,0.9982695579528809,2.992173671722412,3.0,216.819091796875,0.07466472685337067,0.0016073063015937805,15.133631706237793,173.90999868913076,-0.4896357176698512,173.42036297146092,173.42036638655551,16.0,2.1998887062072754,18,92.05720520019531,89.87259674072266
648,648,/yh/study/new_data/model_dataset_flight/vi/vi_000648.jpg,0,1,-146.5421600341797,61.21087646484375,-226.83706665039062,17.021461486816406,-224.17636108398438,16.73758316040039,-235.98175048828125,5.794636249542236,208.91708374023438,206.24127395965408,3.0,2.999999999999999,2.992173671722412,2.992173671722412,0.22965553402900696,0.9982695579528809,2.992173671722412,3.0,216.819091796875,0.07557155191898346,0.0014880746603012085,15.133631706237793,173.90999868913076,-0.4896331563489124,173.42036553278186,173.42036297146092,16.0,2.1998887062072754,18,91.65138244628906,89.47035217285156
649,649,/yh/study/new_data/model_dataset_flight/vi/vi_000649.jpg,0,1,-147.3113555908203,61.22942352294922,-227.15164184570312,17.055023193359375,-224.49093627929688,16.77114486694336,-235.98175048828125,5.794636249542236,209.2334442138672,206.5576300029,3.0,2.999999999999999,2.9921741485595703,2.9921741485595703,0.2296605259180069,0.9982696771621704,2.992173671722412,3.0,216.819091796875,0.06671283394098282,0.001984894275665283,15.133631706237793,173.90999868913076,-0.4896403600640527,173.42035832906672,173.42036553278186,16.0,2.1998887062072754,18,91.24608612060547,89.06865692138672
650,650,/yh/study/new_data/model_dataset_flight/vi/vi_000650.jpg,0,1,-148.08091735839844,61.247982025146484,-227.46621704101562,17.088584899902344,-224.80551147460938,16.804706573486328,-235.98175048828125,5.794636249542236,209.5498046875,206.87398651456166,3.0,2.999999999999999,2.9921741485595703,2.9921741485595703,0.229660302400589,0.9982696771621704,2.9921746253967285,3.0,216.819091796875,0.06606242060661316,0.0018751472234725952,15.133631706237793,173.90999868913076,-0.48963923948614196,173.42035944964462,173.42035832906672,16.0,2.1998887062072754,18,90.84095001220703,88.66717529296875
651,651,/yh/study/new_data/model_dataset_flight/vi/vi_000651.jpg,0,1,-148.108154296875,61.30363464355469,-227.78079223632812,17.122150421142578,-225.1200714111328,16.838268280029297,-235.98175048828125,5.794636249542236,209.8661651611328,207.19034344511442,3.0,2.999999999999999,2.9921741485595703,2.9921741485595703,0.22966045141220093,0.9982696771621704,2.9921741485595703,3.0,216.819091796875,0.06651610136032104,0.00195939838886261,15.133631706237793,173.90999868913076,-0.4896448957365484,173.4203537933942,173.42035944964462,16.0,2.1998887062072754,18,91.10286712646484,88.92696380615234
652,652,/yh/study/new_data/model_dataset_flight/vi/vi_000652.jpg,0,1,-148.1353759765625,61.35929489135742,-228.09535217285156,17.155712127685547,-225.4346466064453,16.87183380126953,-235.98175048828125,5.794636249542236,210.18251037597656,207.50669913698923,3.0,2.999999999999999,2.9921741485595703,2.9921741485595703,0.22966061532497406,0.9982696771621704,2.9921741485595703,3.0,216.819091796875,0.06629423052072525,0.001980721950531006,15.133631706237793,173.90999868913076,-0.4896420676113452,173.4203566215194,173.4203537933942,16.0,2.1998887062072754,18,91.36495208740234,89.18695068359375
653,653,/yh/study/new_data/model_dataset_flight/vi/vi_000653.jpg,0,1,-148.16261291503906,61.41496276855469,-228.40992736816406,17.189273834228516,-225.7492218017578,16.9053955078125,-235.98175048828125,5.794636249542236,210.49887084960938,207.82305533442954,3.0,2.999999999999999,2.9921741485595703,2.9921741485595703,0.2296605259180069,0.9982696771621704,2.9921741485595703,3.0,216.819091796875,0.06637513637542725,0.0019764602184295654,15.133631706237793,173.90999868913076,-0.48964297474584434,173.42035571438493,173.42035662151943,16.0,2.1998887062072754,18,91.627197265625,89.44709777832031
654,654,/yh/study/new_data/model_dataset_flight/vi/vi_000654.jpg,0,1,-148.1230926513672,61.47601318359375,-228.72450256347656,17.222835540771484,-226.06378173828125,16.93895721435547,-235.98175048828125,5.794636249542236,210.8152313232422,208.13941198398294,3.0,2.999999999999999,2.9921741485595703,2.9921741485595703,0.22966033220291138,0.9982696771621704,2.9921741485595703,3.0,216.819091796875,0.06683499366044998,0.0019096657633781433,15.133631706237793,173.90999868913076,-0.48964580287104753,173.4203528862597,173.42035571438493,16.0,2.1998887062072754,18,91.95069885253906,89.76803588867188
655,655,/yh/study/new_data/model_dataset_flight/vi/vi_000655.jpg,0,1,-148.08352661132812,61.53709411621094,-229.03907775878906,17.256397247314453,-226.3783416748047,16.972518920898438,-235.98175048828125,5.794636249542236,211.131591796875,208.45576903784843,3.0,2.999999999999999,2.9921741485595703,2.9921741485595703,0.2296602725982666,0.9982696771621704,2.9921741485595703,3.0,216.819091796875,0.06691364198923111,0.0017735138535499573,15.133631706237793,173.90999868913076,-0.4896471902532227,173.42035149887755,173.42035288625974,16.0,2.1998887062072754,18,92.27449035644531,90.08928680419922
656,656,/yh/study/new_data/model_dataset_flight/vi/vi_000656.jpg,0,1,-148.04006958007812,61.60420608520508,-229.3536376953125,17.289958953857422,-226.6929168701172,17.006080627441406,-235.98175048828125,5.794636249542236,211.44793701171875,208.77212483999836,3.0,2.999999999999999,2.9921741485595703,2.9921741485595703,0.2296602576971054,0.9982696771621704,2.9921741485595703,3.0,216.819091796875,0.0668998435139656,0.001832708716392517,15.133631706237793,173.90999868913076,-0.48964788394431025,173.42035080518644,173.42035149887755,16.0,2.1998887062072754,18,92.60479736328125,90.41716003417969
657,657,/yh/study/new_data/model_dataset_flight/vi/vi_000657.jpg,0,1,-148.21701049804688,61.63016891479492,-229.668212890625,17.323524475097656,-227.0074920654297,17.03964614868164,-235.98175048828125,5.794636249542236,211.76429748535156,209.0884811360546,3.0,2.999999999999999,2.9921741485595703,2.9921741485595703,0.22966042160987854,0.9982696771621704,2.9921741485595703,3.0,216.819091796875,0.06691437214612961,0.001926429569721222,15.133631706237793,173.90999868913076,-0.4896469234489582,173.4203517656818,173.42035080518647,16.0,2.1998887062072754,18,92.72203826904297,90.53317260742188
658,658,/yh/study/new_data/model_dataset_flight/vi/vi_000658.jpg,0,1,-148.39414978027344,61.65616226196289,-229.9827880859375,17.357086181640625,-227.32205200195312,17.07320785522461,-235.98175048828125,5.794636249542236,212.08065795898438,209.4048378737975,3.0,2.999999999999999,2.9921741485595703,2.9921741485595703,0.22966042160987854,0.9982696771621704,2.9921741485595703,3.0,216.819091796875,0.06695453077554703,0.001979716122150421,15.133631706237793,173.90999868913076,-0.4896473503357814,173.42035133879497,173.4203517656818,16.0,2.1998887062072754,18,92.83918762207031,90.6490707397461
659,659,/yh/study/new_data/model_dataset_flight/vi/vi_000659.jpg,0,1,-148.5711212158203,61.68212890625,-230.29734802246094,17.390647888183594,-227.63662719726562,17.106769561767578,-235.98175048828125,5.794636249542236,212.39700317382812,209.72119339324783,3.0,2.999999999999999,2.9921741485595703,2.9921741485595703,0.22966033220291138,0.9982696771621704,2.9921741485595703,3.0,216.819091796875,0.06697361916303635,0.0018692687153816223,15.133631706237793,173.90999868913076,-0.4896471902532227,173.42035149887755,173.420351338795,16.0,2.1998887062072754,18,92.95650482177734,90.76517486572266
660,660,/yh/study/new_data/model_dataset_flight/vi/vi_000660.jpg,0,1,-148.72430419921875,61.637603759765625,-230.61192321777344,17.424209594726562,-227.95120239257812,17.140331268310547,-235.98175048828125,5.794636249542236,212.71336364746094,210.03754943649375,3.0,2.999999999999999,2.9921741485595703,2.9921741485595703,0.22966036200523376,0.9982696771621704,2.9921741485595703,3.0,216.819091796875,0.06698566675186157,0.0019155144691467285,15.133631706237793,173.90999868913076,-0.4896466032838409,173.42035208584693,173.42035149887755,16.0,2.1998887062072754,18,93.0613021850586,90.8675308227539
661,661,/yh/study/new_data/model_dataset_flight/vi/vi_000661.jpg,0,1,-148.87750244140625,61.593074798583984,-230.92649841308594,17.45777130126953,-228.26577758789062,17.173892974853516,-235.98175048828125,5.794636249542236,213.02972412109375,210.35390594815541,3.0,2.999999999999999,2.9921741485595703,2.9921741485595703,0.22966048121452332,0.9982696771621704,2.9921741485595703,3.0,216.819091796875,0.06703964620828629,0.001943536102771759,15.133631706237793,173.90999868913076,-0.48964681672725247,173.4203518724035,173.42035208584693,16.0,2.1998887062072754,18,93.16632080078125,90.9701156616211
662,662,/yh/study/new_data/model_dataset_flight/vi/vi_000662.jpg,0,1,-149.0306854248047,61.548545837402344,-231.24107360839844,17.491336822509766,-228.58033752441406,17.207454681396484,-235.98175048828125,5.794636249542236,213.34608459472656,210.67026287870817,3.0,2.999999999999999,2.9921741485595703,2.9921741485595703,0.22966048121452332,0.9982696771621704,2.9921741485595703,3.0,216.819091796875,0.06689418852329254,0.002003975212574005,15.133631706237793,173.90999868913076,-0.489646069675312,173.42035261945546,173.42035187240353,16.0,2.1998887062072754,18,93.27156829833984,91.07293701171875
663,663,/yh/study/new_data/model_dataset_flight/vi/vi_000663.jpg,0,1,-149.0669403076172,61.512611389160156,-231.55563354492188,17.524898529052734,-228.89491271972656,17.24102020263672,-235.98175048828125,5.794636249542236,213.6624298095703,210.98661857058298,3.0,2.999999999999999,2.9921741485595703,2.9921741485595703,0.22966042160987854,0.9982696771621704,2.9921741485595703,3.0,216.819091796875,0.06686991453170776,0.0019668787717819214,15.133631706237793,173.90999868913076,-0.48964622975787064,173.42035245937288,173.42035261945546,16.0,2.1998887062072754,18,93.48423767089844,91.28241729736328
664,664,/yh/study/new_data/model_dataset_flight/vi/vi_000664.jpg,0,1,-149.10678100585938,61.47312927246094,-231.87020874023438,17.558460235595703,-229.20948791503906,17.274581909179688,-235.98175048828125,5.794636249542236,213.97879028320312,211.3029747680233,3.0,2.999999999999999,2.992173671722412,2.992173671722412,0.22965797781944275,0.9982695579528809,2.9921741485595703,3.0,216.819091796875,0.0665087103843689,0.002002120018005371,15.133631706237793,173.90999868913076,-0.48963998653808244,173.42035870259267,173.4203524593729,16.0,2.1998887062072754,18,93.69248962402344,91.48745727539062
665,665,/yh/study/new_data/model_dataset_flight/vi/vi_000665.jpg,0,1,-149.1430206298828,61.437225341796875,-232.18478393554688,17.592021942138672,-229.52406311035156,17.308143615722656,-235.98175048828125,5.794636249542236,214.29515075683594,211.6193314175767,3.0,2.999999999999999,2.992173671722412,2.992173671722412,0.2296580970287323,0.9982695579528809,2.992173194885254,3.0,216.819091796875,0.066426582634449,0.002029411494731903,15.133631706237793,173.90999868913076,-0.4896403067031998,173.42035838242757,173.4203587025927,16.0,2.1998887062072754,18,93.90599822998047,91.69780731201172
666,666,/yh/study/new_data/model_dataset_flight/vi/vi_000666.jpg,0,1,-149.12939453125,61.463199615478516,-232.49935913085938,17.62558364868164,-229.838623046875,17.341705322265625,-235.98175048828125,5.794636249542236,214.61151123046875,211.93568847144218,3.0,2.999999999999999,2.992173671722412,2.992173671722412,0.22965797781944275,0.9982695579528809,2.992173671722412,3.0,216.819091796875,0.06647927314043045,0.0019849836826324463,15.133631706237793,173.90999868913076,-0.48963998653808244,173.42035870259267,173.42035838242757,16.0,2.1998887062072754,18,94.19281768798828,91.98198699951172
667,667,/yh/study/new_data/model_dataset_flight/vi/vi_000667.jpg,0,1,-149.11578369140625,61.489173889160156,-232.8139190673828,17.65914535522461,-230.1531982421875,17.375267028808594,-235.98175048828125,5.794636249542236,214.9278564453125,212.2520442735921,3.0,2.999999999999999,2.992173671722412,2.992173671722412,0.22965818643569946,0.9982695579528809,2.992173671722412,3.0,216.819091796875,0.066481813788414,0.0019531771540641785,15.133631706237793,173.90999868913076,-0.4896401466206411,173.42035854251012,173.4203587025927,16.0,2.1998887062072754,18,94.47988891601562,92.2664566040039
668,668,/yh/study/new_data/model_dataset_flight/vi/vi_000668.jpg,0,1,-149.1021728515625,61.51515197753906,-233.1284942626953,17.692710876464844,-230.4677734375,17.408832550048828,-235.98175048828125,5.794636249542236,215.2442169189453,212.56840056964836,3.0,2.999999999999999,2.992173671722412,2.992173671722412,0.229658305644989,0.9982695579528809,2.992173671722412,3.0,216.819091796875,0.06646853685379028,0.001894921064376831,15.133631706237793,173.90999868913076,-0.48964009325978824,173.42035859587097,173.42035854251014,16.0,2.1998887062072754,18,94.7672348022461,92.55122375488281
669,669,/yh/study/new_data/model_dataset_flight/vi/vi_000669.jpg,0,1,-149.10897827148438,61.5225715637207,-233.4430694580078,17.726272583007812,-230.78233337402344,17.442394256591797,-235.98175048828125,5.794636249542236,215.56057739257812,212.88475730739125,3.0,2.999999999999999,2.992173671722412,2.992173671722412,0.22965815663337708,0.9982695579528809,2.992173671722412,3.0,216.819091796875,0.06641541421413422,0.001971319317817688,15.133631706237793,173.90999868913076,-0.4896406268683171,173.42035806226244,173.420358595871,16.0,2.1998887062072754,18,95.0281753540039,92.80947875976562
670,670,/yh/study/new_data/model_dataset_flight/vi/vi_000670.jpg,0,1,-149.11578369140625,61.529991149902344,-233.75762939453125,17.75983428955078,-231.09690856933594,17.475955963134766,-235.98175048828125,5.794636249542236,215.87692260742188,213.20111282684158,3.0,2.999999999999999,2.992173671722412,2.992173671722412,0.22965815663337708,0.9982695579528809,2.992173671722412,3.0,216.819091796875,0.06638889759778976,0.0019765719771385193,15.133631706237793,173.90999868913076,-0.4896403067031998,173.42035838242757,173.42035806226247,16.0,2.1998887062072754,18,95.28939056396484,93.06805419921875
671,671,/yh/study/new_data/model_dataset_flight/vi/vi_000671.jpg,0,1,-149.12258911132812,61.53741455078125,-234.07220458984375,17.79339599609375,-231.41148376464844,17.509517669677734,-235.98175048828125,5.794636249542236,216.1932830810547,213.5174688700875,3.0,2.999999999999999,2.992173671722412,2.992173671722412,0.22965821623802185,0.9982695579528809,2.992173671722412,3.0,216.819091796875,0.06620073318481445,0.001863129436969757,15.133631706237793,173.90999868913076,-0.4896403067031998,173.42035838242757,173.42035838242757,16.0,2.1998887062072754,18,95.55091094970703,93.32694244384766
672,672,/yh/study/new_data/model_dataset_flight/vi/vi_000672.jpg,0,1,-149.04354858398438,61.497920989990234,-234.38677978515625,17.82695770263672,-231.72605895996094,17.543079376220703,-235.98175048828125,5.794636249542236,216.5096435546875,213.83382538174916,3.0,2.999999999999999,2.992173671722412,2.992173671722412,0.2296581268310547,0.9982695579528809,2.992173671722412,3.0,216.819091796875,0.06625876575708389,0.0019295066595077515,15.133631706237793,173.90999868913076,-0.4896403600640527,173.42035832906672,173.42035838242757,16.0,2.1998887062072754,18,95.86772155761719,93.6398696899414
673,673,/yh/study/new_data/model_dataset_flight/vi/vi_000673.jpg,0,1,-148.96446228027344,61.45841598510742,-234.70135498046875,17.860523223876953,-232.04061889648438,17.576641082763672,-235.98175048828125,5.794636249542236,216.8260040283203,214.15018231230192,3.0,2.999999999999999,2.992173671722412,2.992173671722412,0.22965821623802185,0.9982695579528809,2.992173671722412,3.0,216.819091796875,0.0662182867527008,0.001873806118965149,15.133631706237793,173.90999868913076,-0.4896403067031998,173.42035838242757,173.42035832906672,16.0,2.1998887062072754,18,96.18518829345703,93.9534912109375
674,674,/yh/study/new_data/model_dataset_flight/vi/vi_000674.jpg,0,1,-148.8774871826172,61.41496276855469,-235.0159149169922,17.894084930419922,-232.35519409179688,17.610206604003906,-235.98175048828125,5.794636249542236,217.14234924316406,214.46653800417673,3.0,2.999999999999999,2.992173671722412,2.992173671722412,0.22965815663337708,0.9982695579528809,2.992173671722412,3.0,216.819091796875,0.06631430983543396,0.001928180456161499,15.133631706237793,173.90999868913076,-0.48964046678575845,173.420358222345,173.42035838242757,16.0,2.1998887062072754,18,96.5085220336914,94.27291870117188
675,675,/yh/study/new_data/model_dataset_flight/vi/vi_000675.jpg,0,1,-148.44296264648438,61.237342834472656,-235.3304901123047,17.92764663696289,-232.66976928710938,17.643768310546875,-235.98175048828125,5.794636249542236,217.45870971679688,214.78289420161704,3.0,2.999999999999999,2.992173671722412,2.992173671722412,0.22965821623802185,0.9982695579528809,2.992173671722412,3.0,216.819091796875,0.06644377112388611,0.0018873810768127441,15.133631706237793,173.90999868913076,-0.4896403600640527,173.42035832906672,173.42035822234502,16.0,2.1998887062072754,18,97.08332061767578,94.8396224975586
676,676,/yh/study/new_data/model_dataset_flight/vi/vi_000676.jpg,0,1,-148.0474853515625,61.07568359375,-235.6450653076172,17.96120834350586,-232.98434448242188,17.677330017089844,-235.98175048828125,5.794636249542236,217.7750701904297,215.09925085117044,3.0,2.999999999999999,2.992173671722412,2.992173671722412,0.229658305644989,0.9982695579528809,2.992173671722412,3.0,216.819091796875,0.06634419411420822,0.0018953531980514526,15.133631706237793,173.90999868913076,-0.4896410003942874,173.42035768873646,173.42035832906672,16.0,2.1998887062072754,18,97.6329574584961,95.38179779052734
677,677,/yh/study/new_data/model_dataset_flight/vi/vi_000677.jpg,0,1,-147.65199279785156,60.914024353027344,-235.9596405029297,17.994773864746094,-233.2989044189453,17.710891723632812,-235.98175048828125,5.794636249542236,218.0914306640625,215.41560790503593,3.0,2.999999999999999,2.9921727180480957,2.9921727180480957,0.22965309023857117,0.9982693195343018,2.992173671722412,3.0,216.819091796875,0.06732573360204697,0.001766405999660492,15.133631706237793,173.90999868913076,-0.48962499213842015,173.42037369699233,173.4203576887365,16.0,2.1998887062072754,18,98.18504333496094,95.92655944824219
678,678,/yh/study/new_data/model_dataset_flight/vi/vi_000678.jpg,0,1,-146.78369140625,60.6616325378418,-236.27420043945312,18.028331756591797,-233.6134796142578,17.74445343017578,-235.98175048828125,5.794636249542236,218.40777587890625,215.73196370718586,3.0,2.999999999999999,2.9921727180480957,2.9921727180480957,0.229653000831604,0.9982693195343018,2.9921717643737793,3.0,216.819091796875,0.0669645220041275,0.0017472729086875916,15.133631706237793,173.90999868913076,-0.4896247253341557,173.4203739637966,173.42037369699236,16.0,2.1998887062072754,18,99.12693786621094,96.85709381103516
679,679,/yh/study/new_data/model_dataset_flight/vi/vi_000679.jpg,0,1,-145.9160614013672,60.40943145751953,-236.58877563476562,18.06189727783203,-233.9280548095703,17.778018951416016,-240.71307373046875,5.824581623077393,218.72413635253906,216.0483200032421,3.0,2.999999999999999,2.992171049118042,2.992171049118042,0.22965115308761597,0.9982689619064331,2.9921727180480957,3.0,221.52688598632812,0.06451158225536346,0.0033950023353099823,15.605801582336426,173.90999868913076,-0.48959751129918144,173.42040117783156,173.4203739637966,16.0,2.1998887062072754,18,100.0742416381836,97.79339599609375
680,680,/yh/study/new_data/model_dataset_flight/vi/vi_000680.jpg,0,1,-145.04782104492188,60.15705108642578,-236.90335083007812,18.095458984375,-234.24261474609375,17.811580657958984,-240.71307373046875,5.824581623077393,219.04049682617188,216.364676740985,3.0,2.999999999999999,2.992171049118042,2.992171049118042,0.22965079545974731,0.9982689619064331,2.9921693801879883,3.0,221.52688598632812,0.06454536318778992,0.0033496133983135223,15.605801582336426,173.90999868913076,-0.4895972978557699,173.420401391275,173.4204011778316,16.0,2.1998887062072754,18,101.02780151367188,98.73626708984375
681,681,/yh/study/new_data/model_dataset_flight/vi/vi_000681.jpg,0,1,-144.4994659423828,59.85633850097656,-237.21791076660156,18.12902069091797,-234.55718994140625,17.845142364501953,-240.71307373046875,5.824581623077393,219.35684204101562,216.68103226043533,3.0,2.999999999999999,2.992171049118042,2.992171049118042,0.22965086996555328,0.9982689619064331,2.992171049118042,3.0,221.52688598632812,0.06439422070980072,0.0032203607261180878,15.605801582336426,173.90999868913076,-0.4895948966173898,173.42040379251338,173.420401391275,16.0,2.1998887062072754,18,101.67536163330078,99.37471771240234
682,682,/yh/study/new_data/model_dataset_flight/vi/vi_000682.jpg,0,1,-143.95172119140625,59.55595016479492,-237.53248596191406,18.162582397460938,-234.87176513671875,17.878704071044922,-240.71307373046875,5.824581623077393,219.67320251464844,216.99738830368125,3.0,2.999999999999999,2.992171049118042,2.992171049118042,0.2296510934829712,0.9982689619064331,2.992171049118042,3.0,221.52688598632812,0.06485072523355484,0.003261696547269821,15.605801582336426,173.90999868913076,-0.48959783146429875,173.42040085766646,173.42040379251338,16.0,2.1998887062072754,18,102.3267822265625,100.0172348022461
683,683,/yh/study/new_data/model_dataset_flight/vi/vi_000683.jpg,0,1,-143.4036102294922,59.25536346435547,-237.84706115722656,18.196144104003906,-235.18634033203125,17.91226577758789,-240.71307373046875,5.824581623077393,219.98956298828125,217.31374481534291,3.0,2.999999999999999,2.992171049118042,2.992171049118042,0.22964999079704285,0.9982689619064331,2.992171049118042,3.0,221.52688598632812,0.0643259808421135,0.0028026290237903595,15.605801582336426,173.90999868913076,-0.48959527014336,173.4204034189874,173.42040085766646,16.0,2.1998887062072754,18,102.9826431274414,100.66439819335938
684,684,/yh/study/new_data/model_dataset_flight/vi/vi_000684.jpg,0,1,-143.45632934570312,59.165565490722656,-238.16163635253906,18.22970962524414,-235.5009002685547,17.94582748413086,-240.71307373046875,5.824581623077393,220.30592346191406,217.63010174589567,3.0,2.999999999999999,2.992171287536621,2.992171287536621,0.22965086996555328,0.9982689619064331,2.992171049118042,3.0,221.52688598632812,0.06503002345561981,0.003421727567911148,15.605801582336426,173.90999868913076,-0.4895960705561534,173.4204026185746,173.4204034189874,16.0,2.1998887062072754,18,103.173828125,100.85271453857422
685,685,/yh/study/new_data/model_dataset_flight/vi/vi_000685.jpg,0,1,-143.5139923095703,59.067344665527344,-238.4761962890625,18.26327133178711,-235.8154754638672,17.979393005371094,-240.71307373046875,5.824581623077393,220.6222686767578,217.94645743777048,3.0,2.999999999999999,2.992171049118042,2.992171049118042,0.2296506017446518,0.9982689619064331,2.9921715259552,3.0,221.52688598632812,0.06437838077545166,0.003118738532066345,15.605801582336426,173.90999868913076,-0.4895938827611849,173.42040480636956,173.42040261857463,16.0,2.1998887062072754,18,103.35759735107422,101.03357696533203
686,686,/yh/study/new_data/model_dataset_flight/vi/vi_000686.jpg,0,1,-143.56700134277344,58.97706604003906,-238.790771484375,18.296833038330078,-236.1300506591797,18.012954711914062,-240.71307373046875,5.824581623077393,220.93862915039062,218.2628136352108,3.0,2.999999999999999,2.992171049118042,2.992171049118042,0.22965043783187866,0.9982689619064331,2.992170810699463,3.0,221.52688598632812,0.06436142325401306,0.003091428428888321,15.605801582336426,173.90999868913076,-0.4895923886573039,173.42040630047345,173.4204048063696,16.0,2.1998887062072754,18,103.54924774169922,101.222412109375
687,687,/yh/study/new_data/model_dataset_flight/vi/vi_000687.jpg,0,1,-143.4983367919922,58.98100662231445,-239.1053466796875,18.330394744873047,-236.4446258544922,18.04651641845703,-240.71307373046875,5.824581623077393,221.25498962402344,218.5791702847642,3.0,2.999999999999999,2.992171049118042,2.992171049118042,0.2296505570411682,0.9982689619064331,2.992171049118042,3.0,221.52688598632812,0.06456141173839569,0.003215562552213669,15.605801582336426,173.90999868913076,-0.4895925487398626,173.4204061403909,173.42040630047347,16.0,2.1998887062072754,18,103.89019775390625,101.56104278564453
688,688,/yh/study/new_data/model_dataset_flight/vi/vi_000688.jpg,0,1,-143.43556213378906,58.9846076965332,-239.419921875,18.36396026611328,-236.75918579101562,18.080078125,-240.71307373046875,5.824581623077393,221.57135009765625,218.89552733862968,3.0,2.999999999999999,2.992171049118042,2.992171049118042,0.22965043783187866,0.9982689619064331,2.992171049118042,3.0,221.52688598632812,0.0642828643321991,0.0030869990587234497,15.605801582336426,173.90999868913076,-0.48959206849218656,173.42040662063857,173.4204061403909,16.0,2.1998887062072754,18,104.22588348388672,101.89445495605469
689,689,/yh/study/new_data/model_dataset_flight/vi/vi_000689.jpg,0,1,-143.3729705810547,58.988197326660156,-239.73448181152344,18.397518157958984,-237.07376098632812,18.11363983154297,-240.71307373046875,5.824581623077393,221.8876953125,219.2118831407796,3.0,2.999999999999999,2.992170572280884,2.992170572280884,0.2296503186225891,0.9982688426971436,2.992171049118042,3.0,221.52688598632812,0.06422676891088486,0.002991538494825363,15.605801582336426,173.90999868913076,-0.48959201513133366,173.42040667399942,173.42040662063857,16.0,2.1998887062072754,18,104.56167602539062,102.22801971435547
690,690,/yh/study/new_data/model_dataset_flight/vi/vi_000690.jpg,0,1,-143.34661865234375,59.00255584716797,-240.04905700683594,18.43108367919922,-237.38833618164062,18.147205352783203,-240.71307373046875,5.824581623077393,222.2040557861328,219.52823943683586,3.0,2.999999999999999,2.992171049118042,2.992171049118042,0.2296505570411682,0.9982689619064331,2.9921700954437256,3.0,221.52688598632812,0.06425803154706955,0.003021072596311569,15.605801582336426,173.90999868913076,-0.4895907344708643,173.4204079546599,173.42040667399945,16.0,2.1998887062072754,18,104.86851501464844,102.53294372558594
691,691,/yh/study/new_data/model_dataset_flight/vi/vi_000691.jpg,0,1,-143.3202362060547,59.01694107055664,-240.36363220214844,18.464645385742188,-237.70289611816406,18.180767059326172,-240.71307373046875,5.824581623077393,222.52041625976562,219.84459617457875,3.0,2.999999999999999,2.992171049118042,2.992171049118042,0.22965051233768463,0.9982689619064331,2.9921715259552,3.0,221.52688598632812,0.06433362513780594,0.003116469830274582,15.605801582336426,173.90999868913076,-0.4895924420181568,173.4204062471126,173.4204079546599,16.0,2.1998887062072754,18,105.17561340332031,102.83812713623047
692,692,/yh/study/new_data/model_dataset_flight/vi/vi_000692.jpg,0,1,-143.29127502441406,59.0327262878418,-240.67819213867188,18.498207092285156,-238.01747131347656,18.21432876586914,-240.71307373046875,5.824581623077393,222.83676147460938,220.16095169402908,3.0,2.999999999999999,2.992171049118042,2.992171049118042,0.22965043783187866,0.9982689619064331,2.992171049118042,3.0,221.52688598632812,0.06457046419382095,0.0031720027327537537,15.605801582336426,173.90999868913076,-0.4895931357092444,173.42040555342152,173.42040624711262,16.0,2.1998887062072754,18,105.48582458496094,103.14646911621094
693,693,/yh/study/new_data/model_dataset_flight/vi/vi_000693.jpg,0,1,-143.31105041503906,59.0327262878418,-240.99276733398438,18.531768798828125,-238.33204650878906,18.24789047241211,-240.71307373046875,5.824581623077393,223.1531219482422,220.477307737275,3.0,2.999999999999999,2.992171049118042,2.992171049118042,0.2296505868434906,0.9982689619064331,2.992171049118042,3.0,221.52688598632812,0.06438952684402466,0.003107842057943344,15.605801582336426,173.90999868913076,-0.48959340251350886,173.42040528661724,173.42040555342152,16.0,2.1998887062072754,18,105.74518585205078,103.40402221679688
694,694,/yh/study/new_data/model_dataset_flight/vi/vi_000694.jpg,0,1,-143.330810546875,59.0327262878418,-241.30734252929688,18.56533432006836,-238.64662170410156,18.281455993652344,-254.90704345703125,5.9144086837768555,223.469482421875,220.79366424893666,3.0,2.999999999999999,2.9921720027923584,2.9921720027923584,0.2296530306339264,0.9982692003250122,2.992171049118042,3.0,235.65028381347656,0.06307624280452728,0.0031500495970249176,17.022329330444336,173.90999868913076,-0.4895863588809273,173.42041233024983,173.42040528661727,16.0,2.1998887062072754,18,106.0047607421875,103.66180419921875
695,695,/yh/study/new_data/model_dataset_flight/vi/vi_000695.jpg,0,1,-143.3525390625,59.0327262878418,-241.62191772460938,18.598896026611328,-238.961181640625,18.315013885498047,-254.90704345703125,5.9144086837768555,223.7858428955078,221.11002117948942,3.0,2.999999999999999,2.9921720027923584,2.9921720027923584,0.2296527922153473,0.9982692003250122,2.992172956466675,3.0,235.65028381347656,0.0629907175898552,0.003023959696292877,17.022329330444336,173.90999868913076,-0.4895880130673669,173.4204106760634,173.42041233024983,16.0,2.1998887062072754,18,106.2627182006836,103.91797637939453
696,696,/yh/study/new_data/model_dataset_flight/vi/vi_000696.jpg,0,1,-143.40359497070312,59.08281326293945,-241.9364776611328,18.632457733154297,-239.2757568359375,18.34857940673828,-254.90704345703125,5.9144086837768555,224.10218811035156,221.42637687136423,3.0,2.999999999999999,2.9921720027923584,2.9921720027923584,0.22965288162231445,0.9982692003250122,2.9921720027923584,3.0,235.65028381347656,0.0630805715918541,0.00317523255944252,17.022329330444336,173.90999868913076,-0.4895867857677504,173.420411903363,173.4204106760634,16.0,2.1998887062072754,18,106.51272583007812,104.16693115234375
697,697,/yh/study/new_data/model_dataset_flight/vi/vi_000697.jpg,0,1,-143.4546661376953,59.132911682128906,-242.2510528564453,18.666019439697266,-239.59033203125,18.38214111328125,-254.90704345703125,5.9144086837768555,224.41854858398438,221.74273306880454,3.0,2.999999999999999,2.9921720027923584,2.9921720027923584,0.22965291142463684,0.9982692003250122,2.9921720027923584,3.0,235.65028381347656,0.06321310251951218,0.0032895542681217194,17.022329330444336,173.90999868913076,-0.48958822651077843,173.42041046261997,173.42041190336303,16.0,2.1998887062072754,18,106.7627944946289,104.41595458984375
698,698,/yh/study/new_data/model_dataset_flight/vi/vi_000698.jpg,0,1,-143.4579620361328,59.08980178833008,-242.5656280517578,18.699581146240234,-239.9049072265625,18.41570281982422,-254.90704345703125,5.9144086837768555,224.7349090576172,222.05908971835794,3.0,2.999999999999999,2.9921720027923584,2.9921720027923584,0.22965294122695923,0.9982692003250122,2.9921720027923584,3.0,235.65028381347656,0.06315194070339203,0.003515418618917465,17.022329330444336,173.90999868913076,-0.48958657232433883,173.42041211680643,173.42041046262,16.0,2.1998887062072754,18,107.02195739746094,104.67280578613281
699,699,/yh/study/new_data/model_dataset_flight/vi/vi_000699.jpg,0,1,-143.4612579345703,59.046695709228516,-242.8802032470703,18.73314666748047,-240.21946716308594,18.449264526367188,-254.90704345703125,5.9144086837768555,225.05126953125,222.37544677222343,3.0,2.999999999999999,2.9921720027923584,2.9921720027923584,0.22965294122695923,0.9982692003250122,2.9921720027923584,3.0,235.65028381347656,0.06314680725336075,0.0034579895436763763,17.022329330444336,173.90999868913076,-0.4895872126545735,173.42041147647618,173.42041211680643,16.0,2.1998887062072754,18,107.28144836425781,104.92999267578125
700,700,/yh/study/new_data/model_dataset_flight/vi/vi_000700.jpg,0,1,-143.46487426757812,58.99932861328125,-243.19476318359375,18.766704559326172,-240.53404235839844,18.482826232910156,-254.90704345703125,5.9144086837768555,225.36761474609375,222.69180257437336,3.0,2.999999999999999,2.9921720027923584,2.9921720027923584,0.22965291142463684,0.9982692003250122,2.9921720027923584,3.0,235.65028381347656,0.06319602578878403,0.0031334049999713898,17.022329330444336,173.90999868913076,-0.48958817314992553,173.42041051598085,173.4204114764762,16.0,2.1998887062072754,18,107.53936767578125,105.18560028076172
701,701,/yh/study/new_data/model_dataset_flight/vi/vi_000701.jpg,0,1,-143.43084716796875,58.954803466796875,-243.50933837890625,18.800270080566406,-240.84861755371094,18.51639175415039,-254.90704345703125,5.9144086837768555,225.68397521972656,223.0081588704296,3.0,2.999999999999999,2.9921720027923584,2.9921720027923584,0.22965291142463684,0.9982692003250122,2.9921720027923584,3.0,235.65028381347656,0.06313519924879074,0.0033369995653629303,17.022329330444336,173.90999868913076,-0.4895872660154264,173.42041142311533,173.42041051598085,16.0,2.1998887062072754,18,107.83362579345703,105.47742462158203
702,702,/yh/study/new_data/model_dataset_flight/vi/vi_000702.jpg,0,1,-143.3968048095703,58.9102783203125,-243.82391357421875,18.833831787109375,-241.16317749023438,18.54995346069336,-254.90704345703125,5.9144086837768555,226.00033569335938,223.3245156081725,3.0,2.999999999999999,2.9921720027923584,2.9921720027923584,0.22965291142463684,0.9982692003250122,2.9921720027923584,3.0,235.65028381347656,0.06297073513269424,0.0035557709634304047,17.022329330444336,173.90999868913076,-0.489585024859605,173.42041366427117,173.42041142311535,16.0,2.1998887062072754,18,108.12828826904297,105.7696533203125
703,703,/yh/study/new_data/model_dataset_flight/vi/vi_000703.jpg,0,1,-143.36276245117188,58.865745544433594,-244.1384735107422,18.867393493652344,-241.47775268554688,18.583515167236328,-254.90704345703125,5.9144086837768555,226.31668090820312,223.64087112762283,3.0,2.999999999999999,2.9921720027923584,2.9921720027923584,0.22965283691883087,0.9982692003250122,2.9921720027923584,3.0,235.65028381347656,0.06291648000478745,0.0034874193370342255,17.022329330444336,173.90999868913076,-0.48958545174642815,173.42041323738434,173.42041366427117,16.0,2.1998887062072754,18,108.42330169677734,106.06229400634766
704,704,/yh/study/new_data/model_dataset_flight/vi/vi_000704.jpg,0,1,-143.37681579589844,58.858089447021484,-244.4530487060547,18.900955200195312,-241.79232788085938,18.617076873779297,-254.90704345703125,5.9144086837768555,226.63304138183594,223.95722717086875,3.0,2.999999999999999,2.9921720027923584,2.9921720027923584,0.22965294122695923,0.9982692003250122,2.9921720027923584,3.0,235.65028381347656,0.06320755183696747,0.0036766566336154938,17.022329330444336,173.90999868913076,-0.4895867857677504,173.420411903363,173.42041323738434,16.0,2.1998887062072754,18,108.6875228881836,106.32474517822266
705,705,/yh/study/new_data/model_dataset_flight/vi/vi_000705.jpg,0,1,-143.39083862304688,58.85044479370117,-244.7676239013672,18.934520721435547,-242.10690307617188,18.65064239501953,-254.90704345703125,5.9144086837768555,226.94940185546875,224.27358368253041,3.0,2.999999999999999,2.9921720027923584,2.9921720027923584,0.22965294122695923,0.9982692003250122,2.9921720027923584,3.0,235.65028381347656,0.06313970685005188,0.003137510269880295,17.022329330444336,173.90999868913076,-0.48958763954139667,173.42041104958938,173.42041190336303,16.0,2.1998887062072754,18,108.95198059082031,106.58745574951172
706,706,/yh/study/new_data/model_dataset_flight/vi/vi_000706.jpg,0,1,-143.4036102294922,58.843482971191406,-245.0821990966797,18.968082427978516,-242.4214630126953,18.684200286865234,-254.90704345703125,5.9144086837768555,227.26576232910156,224.58994061308317,3.0,2.999999999999999,2.9921720027923584,2.9921720027923584,0.22965291142463684,0.9982692003250122,2.9921720027923584,3.0,235.65028381347656,0.063067227602005,0.003704335540533066,17.022329330444336,173.90999868913076,-0.4895860387158099,173.42041265041496,173.42041104958938,16.0,2.1998887062072754,18,109.21805572509766,106.85177612304688
707,707,/yh/study/new_data/model_dataset_flight/vi/vi_000707.jpg,0,1,-143.4036102294922,58.85784912109375,-245.39675903320312,19.001644134521484,-242.7360382080078,18.71776580810547,-254.90704345703125,5.9144086837768555,227.5821075439453,224.90629630495798,3.0,2.999999999999999,2.9921720027923584,2.9921720027923584,0.22965291142463684,0.9982692003250122,2.9921720027923584,3.0,235.65028381347656,0.06303567439317703,0.0036186836659908295,17.022329330444336,173.90999868913076,-0.4895861987983686,173.42041249033238,173.42041265041496,16.0,2.1998887062072754,18,109.50396728515625,107.13616943359375
708,708,/yh/study/new_data/model_dataset_flight/vi/vi_000708.jpg,0,1,-143.4036102294922,58.87351989746094,-245.71133422851562,19.035205841064453,-243.0506134033203,18.751327514648438,-254.90704345703125,5.9144086837768555,227.89846801757812,225.2226525023983,3.0,2.999999999999999,2.9921720027923584,2.9921720027923584,0.22965291142463684,0.9982692003250122,2.9921720027923584,3.0,235.65028381347656,0.06300721317529678,0.003525480628013611,17.022329330444336,173.90999868913076,-0.4895848647770463,173.42041382435372,173.4204124903324,16.0,2.1998887062072754,18,109.79053497314453,107.42120361328125
709,709,/yh/study/new_data/model_dataset_flight/vi/vi_000709.jpg,0,1,-143.4036102294922,58.88801193237305,-246.02589416503906,19.068767547607422,-243.3651885986328,18.784889221191406,-254.90704345703125,5.9144086837768555,228.21482849121094,225.5390091519517,3.0,2.999999999999999,2.9921727180480957,2.9921727180480957,0.22965309023857117,0.9982693195343018,2.9921720027923584,3.0,235.65028381347656,0.06425867229700089,0.004037100821733475,17.022329330444336,173.90999868913076,-0.48961346619419577,173.42038522293657,173.42041382435372,16.0,2.1998887062072754,18,110.07681274414062,107.70597839355469
710,710,/yh/study/new_data/model_dataset_flight/vi/vi_000710.jpg,0,1,-143.41348266601562,58.905967712402344,-246.34046936035156,19.102333068847656,-243.67974853515625,18.818450927734375,-254.90704345703125,5.9144086837768555,228.53118896484375,225.85536620581718,3.0,2.999999999999999,2.9921727180480957,2.9921727180480957,0.22965338826179504,0.9982693195343018,2.992173433303833,3.0,235.65028381347656,0.06439308077096939,0.0033138729631900787,17.022329330444336,173.90999868913076,-0.48961698801048653,173.42038170112028,173.42038522293657,16.0,2.1998887062072754,18,110.35530853271484,107.98302459716797
711,711,/yh/study/new_data/model_dataset_flight/vi/vi_000711.jpg,0,1,-143.42434692382812,58.92570495605469,-246.655029296875,19.135894775390625,-243.99432373046875,18.85201644897461,-254.90704345703125,5.9144086837768555,228.8475341796875,226.1717220079671,3.0,2.999999999999999,2.9921727180480957,2.9921727180480957,0.22965335845947266,0.9982693195343018,2.9921727180480957,3.0,235.65028381347656,0.06450988352298737,0.003567710518836975,17.022329330444336,173.90999868913076,-0.4896166144845163,173.42038207464626,173.42038170112028,16.0,2.1998887062072754,18,110.6336441040039,108.25997161865234
712,712,/yh/study/new_data/model_dataset_flight/vi/vi_000712.jpg,0,1,-143.4342498779297,58.94367218017578,-246.9696044921875,19.169456481933594,-244.30889892578125,18.885578155517578,-254.90704345703125,5.9144086837768555,229.1638946533203,226.48807830402336,3.0,2.999999999999999,2.9921727180480957,2.9921727180480957,0.2296532392501831,0.9982693195343018,2.9921727180480957,3.0,235.65028381347656,0.06447562575340271,0.0035854093730449677,17.022329330444336,173.90999868913076,-0.48961634768025186,173.4203823414505,173.42038207464626,16.0,2.1998887062072754,18,110.91238403320312,108.53730010986328
713,713,/yh/study/new_data/model_dataset_flight/vi/vi_000713.jpg,0,1,-143.47706604003906,58.92930603027344,-247.2841796875,19.203018188476562,-244.6234588623047,18.919139862060547,-254.90704345703125,5.9144086837768555,229.48025512695312,226.80443504176625,3.0,2.999999999999999,2.9921727180480957,2.9921727180480957,0.22965341806411743,0.9982693195343018,2.9921727180480957,3.0,235.65028381347656,0.06459427624940872,0.003604542464017868,17.022329330444336,173.90999868913076,-0.4896173615364568,173.4203813275943,173.4203823414505,16.0,2.1998887062072754,18,111.14897918701172,108.77227020263672
714,714,/yh/study/new_data/model_dataset_flight/vi/vi_000714.jpg,0,1,-143.51988220214844,58.91494369506836,-247.59873962402344,19.23657989501953,-244.9380340576172,18.952701568603516,-254.90704345703125,5.9144086837768555,229.79660034179688,227.12079056121658,3.0,2.999999999999999,2.9921727180480957,2.9921727180480957,0.22965338826179504,0.9982693195343018,2.9921727180480957,3.0,235.65028381347656,0.06458695232868195,0.0035216249525547028,17.022329330444336,173.90999868913076,-0.48961757497986835,173.4203811141509,173.42038132759433,16.0,2.1998887062072754,18,111.38573455810547,109.00743865966797
715,715,/yh/study/new_data/model_dataset_flight/vi/vi_000715.jpg,0,1,-143.56700134277344,58.89914321899414,-247.91331481933594,19.2701416015625,-245.2526092529297,18.986263275146484,-254.90704345703125,5.9144086837768555,230.1129608154297,227.4371466044625,3.0,2.999999999999999,2.9921727180480957,2.9921727180480957,0.22965338826179504,0.9982693195343018,2.9921727180480957,3.0,235.65028381347656,0.06454213708639145,0.0033588893711566925,17.022329330444336,173.90999868913076,-0.489618215310103,173.42038047382064,173.4203811141509,16.0,2.1998887062072754,18,111.61814880371094,109.23827362060547
716,716,/yh/study/new_data/model_dataset_flight/vi/vi_000716.jpg,0,1,-143.590087890625,58.906333923339844,-248.22789001464844,19.303707122802734,-245.5671844482422,19.01982879638672,-254.90704345703125,5.9144086837768555,230.4293212890625,227.75350311612416,3.0,2.999999999999999,2.9921727180480957,2.9921727180480957,0.22965338826179504,0.9982693195343018,2.9921727180480957,3.0,235.65028381347656,0.06447495520114899,0.003395378589630127,17.022329330444336,173.90999868913076,-0.48961752161901545,173.42038116751175,173.42038047382067,16.0,2.1998887062072754,18,111.88135528564453,109.50005340576172
717,717,/yh/study/new_data/model_dataset_flight/vi/vi_000717.jpg,0,1,-143.61541748046875,58.914222717285156,-248.54246520996094,19.337268829345703,-245.88174438476562,19.053386688232422,-254.90704345703125,5.9144086837768555,230.7456817626953,228.06986004667692,3.0,2.999999999999999,2.9921727180480957,2.9921727180480957,0.22965309023857117,0.9982693195343018,2.9921727180480957,3.0,235.65028381347656,0.06424172967672348,0.004051554948091507,17.022329330444336,173.90999868913076,-0.48961335947248996,173.42038532965827,173.42038116751175,16.0,2.1998887062072754,18,112.14286041259766,109.7601318359375
718,718,/yh/study/new_data/model_dataset_flight/vi/vi_000718.jpg,0,1,-143.63848876953125,58.92140579223633,-248.85702514648438,19.370830535888672,-246.19631958007812,19.086952209472656,-254.90704345703125,5.9144086837768555,231.06202697753906,228.38621573855173,3.0,2.999999999999999,2.9921727180480957,2.9921727180480957,0.22965338826179504,0.9982693195343018,2.9921727180480957,3.0,235.65028381347656,0.06446544080972672,0.003438703715801239,17.022329330444336,173.90999868913076,-0.4896165611236634,173.4203821280071,173.42038532965827,16.0,2.1998887062072754,18,112.40635681152344,110.0222396850586
719,719,/yh/study/new_data/model_dataset_flight/vi/vi_000719.jpg,0,1,-143.6248779296875,58.93253707885742,-249.17160034179688,19.40439224243164,-246.51089477539062,19.120513916015625,-254.90704345703125,5.9144086837768555,231.37838745117188,228.70257193599204,3.0,2.999999999999999,2.9921727180480957,2.9921727180480957,0.22965283691883087,0.9982693195343018,2.9921727180480957,3.0,235.65028381347656,0.06421531736850739,0.004400432109832764,17.022329330444336,173.90999868913076,-0.48961293258566685,173.4203857565451,173.4203821280071,16.0,2.1998887062072754,18,112.70574188232422,110.32012176513672
720,720,/yh/study/new_data/model_dataset_flight/vi/vi_000720.jpg,0,1,-143.61126708984375,58.943668365478516,-249.48617553710938,19.43795394897461,-246.82546997070312,19.154075622558594,-254.90704345703125,5.9144086837768555,231.6947479248047,229.01892858554544,3.0,2.999999999999999,2.9921727180480957,2.9921727180480957,0.22965319454669952,0.9982693195343018,2.9921727180480957,3.0,235.65028381347656,0.06445827335119247,0.0036508366465568542,17.022329330444336,173.90999868913076,-0.4896154939066056,173.42038319522416,173.4203857565451,16.0,2.1998887062072754,18,113.00529479980469,110.6181869506836
721,721,/yh/study/new_data/model_dataset_flight/vi/vi_000721.jpg,0,1,-143.59764099121094,58.954803466796875,-249.80075073242188,19.471519470214844,-247.14002990722656,19.187637329101562,-254.90704345703125,5.9144086837768555,232.0111083984375,229.33528563941093,3.0,2.999999999999999,2.9921727180480957,2.9921727180480957,0.22965335845947266,0.9982693195343018,2.9921727180480957,3.0,235.65028381347656,0.0644155889749527,0.003126882016658783,17.022329330444336,173.90999868913076,-0.489618215310103,173.42038047382064,173.42038319522416,16.0,2.1998887062072754,18,113.3050308227539,110.91642761230469
722,722,/yh/study/new_data/model_dataset_flight/vi/vi_000722.jpg,0,1,-143.5772247314453,58.954803466796875,-250.1153106689453,19.505081176757812,-247.45460510253906,19.221202850341797,-254.90704345703125,5.9144086837768555,232.32745361328125,229.65164144156086,3.0,2.999999999999999,2.9921727180480957,2.9921727180480957,0.22965344786643982,0.9982693195343018,2.9921727180480957,3.0,235.65028381347656,0.06456508487462997,0.0032848119735717773,17.022329330444336,173.90999868913076,-0.48961762834072126,173.42038106079005,173.42038047382067,16.0,2.1998887062072754,18,113.60740661621094,111.21721649169922
723,723,/yh/study/new_data/model_dataset_flight/vi/vi_000723.jpg,0,1,-143.55677795410156,58.954803466796875,-250.4298858642578,19.53864288330078,-247.76918029785156,19.254764556884766,-254.90704345703125,5.9144086837768555,232.64381408691406,229.9679977376171,3.0,2.999999999999999,2.9921727180480957,2.9921727180480957,0.2296532690525055,0.9982693195343018,2.9921727180480957,3.0,235.65028381347656,0.06451691687107086,0.0037117600440979004,17.022329330444336,173.90999868913076,-0.4896165611236634,173.4203821280071,173.42038106079005,16.0,2.1998887062072754,18,113.9100341796875,111.51823425292969
724,724,/yh/study/new_data/model_dataset_flight/vi/vi_000724.jpg,0,1,-143.53636169433594,58.954803466796875,-250.7444610595703,19.57220458984375,-248.083740234375,19.288326263427734,-254.90704345703125,5.9144086837768555,232.96017456054688,230.28435447536,3.0,2.999999999999999,2.9921715259552,2.9921715259552,0.2296513319015503,0.9982690811157227,2.9921727180480957,3.0,235.65028381347656,0.0654139593243599,0.005500849336385727,17.022329330444336,173.90999868913076,-0.48960882379999426,173.42038986533078,173.4203821280071,16.0,2.1998887062072754,18,114.21280670166016,111.81942749023438
725,725,/yh/study/new_data/model_dataset_flight/vi/vi_000725.jpg,0,1,-143.52032470703125,58.91398620605469,-251.05902099609375,19.60576629638672,-248.3983154296875,19.321887969970703,-254.90704345703125,5.9144086837768555,233.27651977539062,230.60070999481033,3.0,2.999999999999999,2.9921715259552,2.9921715259552,0.2296508550643921,0.9982690811157227,2.9921703338623047,3.0,235.65028381347656,0.06468503922224045,0.004707891494035721,17.022329330444336,173.90999868913076,-0.4896015667240011,173.42039712240677,173.42038986533078,16.0,2.1998887062072754,18,114.49762725830078,112.10230255126953
726,726,/yh/study/new_data/model_dataset_flight/vi/vi_000726.jpg,0,1,-143.5057373046875,58.87687683105469,-251.37359619140625,19.639328002929688,-248.712890625,19.355449676513672,-254.90704345703125,5.9144086837768555,233.59288024902344,230.91706603805625,3.0,2.999999999999999,2.9921715259552,2.9921715259552,0.22965145111083984,0.9982690811157227,2.9921715259552,3.0,235.65028381347656,0.06554703414440155,0.005696054548025131,17.022329330444336,173.90999868913076,-0.48960957085193474,173.42038911827882,173.42039712240677,16.0,2.1998887062072754,18,114.78266143798828,112.38544464111328
727,727,/yh/study/new_data/model_dataset_flight/vi/vi_000727.jpg,0,1,-143.538330078125,58.87687683105469,-251.68817138671875,19.672893524169922,-249.0274658203125,19.389015197753906,-254.90704345703125,5.9144086837768555,233.90924072265625,231.23342254971791,3.0,2.999999999999999,2.9921715259552,2.9921715259552,0.22965140640735626,0.9982690811157227,2.9921715259552,3.0,235.65028381347656,0.06540459394454956,0.005494169890880585,17.022329330444336,173.90999868913076,-0.48960722297440756,173.42039146615636,173.42038911827885,16.0,2.1998887062072754,18,115.0362548828125,112.63768768310547
728,728,/yh/study/new_data/model_dataset_flight/vi/vi_000728.jpg,0,1,-143.56797790527344,58.87687683105469,-252.00274658203125,19.70645523071289,-249.34202575683594,19.422576904296875,-254.90704345703125,5.9144086837768555,234.22560119628906,231.54977948027067,3.0,2.999999999999999,2.9921715259552,2.9921715259552,0.22965094447135925,0.9982690811157227,2.9921715259552,3.0,235.65028381347656,0.06485364586114883,0.004930362105369568,17.022329330444336,173.90999868913076,-0.4896027940236176,173.42039589510713,173.42039146615636,16.0,2.1998887062072754,18,115.29276275634766,112.89282989501953
729,729,/yh/study/new_data/model_dataset_flight/vi/vi_000729.jpg,0,1,-143.59764099121094,58.87687683105469,-252.3173065185547,19.74001693725586,-249.65660095214844,19.456138610839844,-254.90704345703125,5.9144086837768555,234.5419464111328,231.86613517214548,3.0,2.999999999999999,2.9921715259552,2.9921715259552,0.22965112328529358,0.9982690811157227,2.9921715259552,3.0,235.65028381347656,0.06525163352489471,0.005329344421625137,17.022329330444336,173.90999868913076,-0.4896061023964968,173.42039258673427,173.42039589510716,16.0,2.1998887062072754,18,115.54938507080078,113.14812469482422
730,730,/yh/study/new_data/model_dataset_flight/vi/vi_000730.jpg,0,1,-143.53607177734375,59.10188674926758,-252.6318817138672,19.773578643798828,-249.97117614746094,19.489700317382812,-254.90704345703125,5.9144086837768555,234.85830688476562,232.1824913695858,3.0,2.999999999999999,2.9921715259552,2.9921715259552,0.22965148091316223,0.9982690811157227,2.9921715259552,3.0,235.65028381347656,0.06559104472398758,0.005776196718215942,17.022329330444336,173.90999868913076,-0.48961047798643387,173.4203882111443,173.42039258673427,16.0,2.1998887062072754,18,115.96814727783203,113.56741333007812
731,731,/yh/study/new_data/model_dataset_flight/vi/vi_000731.jpg,0,1,-143.48007202148438,59.30660629272461,-252.9464569091797,19.807140350341797,-250.28575134277344,19.52326202392578,-254.90704345703125,5.9144086837768555,235.17466735839844,232.4988480191392,3.0,2.999999999999999,2.9921720027923584,2.9921720027923584,0.22965145111083984,0.9982692003250122,2.9921715259552,3.0,235.65028381347656,0.06547709554433823,0.005609232932329178,17.022329330444336,173.90999868913076,-0.4896091973259645,173.4203894918048,173.42038821114434,16.0,2.1998887062072754,18,116.37481689453125,113.97441864013672
732,732,/yh/study/new_data/model_dataset_flight/vi/vi_000732.jpg,0,1,-143.4240264892578,59.51139831542969,-253.2610321044922,19.84070587158203,-250.60031127929688,19.55682373046875,-254.90704345703125,5.9144086837768555,235.49102783203125,232.81520507300468,3.0,2.999999999999999,2.992171049118042,2.992171049118042,0.229649618268013,0.9982689619064331,2.9921724796295166,3.0,235.65028381347656,0.06296852231025696,0.0030876994132995605,17.022329330444336,173.90999868913076,-0.4895890269235718,173.4204096622072,173.4203894918048,16.0,2.1998887062072754,18,116.78155517578125,114.38148498535156
733,733,/yh/study/new_data/model_dataset_flight/vi/vi_000733.jpg,0,1,-143.00880432128906,60.395076751708984,-253.57559204101562,19.874267578125,-250.91488647460938,19.590389251708984,-254.90704345703125,5.9144086837768555,235.807373046875,233.1315608751546,3.0,2.999999999999999,2.992171287536621,2.992171287536621,0.22964966297149658,0.9982689619064331,2.9921700954437256,3.0,235.65028381347656,0.06315033882856369,0.003179393708705902,17.022329330444336,173.90999868913076,-0.489587959706514,173.42041072942425,173.4204096622072,16.0,2.1998887062072754,18,117.75801849365234,115.36353302001953
734,734,/yh/study/new_data/model_dataset_flight/vi/vi_000734.jpg,0,1,-142.5524444580078,61.36627960205078,-253.89016723632812,19.90782928466797,-251.22946166992188,19.623950958251953,-254.90704345703125,5.9144086837768555,236.1237335205078,233.44791717121086,3.0,2.999999999999999,2.992171287536621,2.992171287536621,0.2296498417854309,0.9982689619064331,2.9921715259552,3.0,235.65028381347656,0.06325078010559082,0.003311723470687866,17.022329330444336,173.90999868913076,-0.48958956053210073,173.42040912859866,173.42041072942425,16.0,2.1998887062072754,18,118.80610656738281,116.41785430908203
735,735,/yh/study/new_data/model_dataset_flight/vi/vi_000735.jpg,0,1,-142.1372528076172,62.24985885620117,-254.20474243164062,19.941390991210938,-251.5440216064453,19.657512664794922,-254.90704345703125,5.9144086837768555,236.44009399414062,233.76427390895375,3.0,2.999999999999999,2.992171049118042,2.992171049118042,0.2296496331691742,0.9982689619064331,2.992171287536621,3.0,235.65028381347656,0.06305410712957382,0.003103896975517273,17.022329330444336,173.90999868913076,-0.4895880664282198,173.42041062270255,173.42040912859866,16.0,2.1998887062072754,18,119.78784942626953,117.40506744384766
736,736,/yh/study/new_data/model_dataset_flight/vi/vi_000736.jpg,0,1,-142.2937774658203,63.466373443603516,-254.51930236816406,19.974952697753906,-251.8585968017578,19.69107437133789,-254.90704345703125,5.9144086837768555,236.75643920898438,234.08062942840408,3.0,2.999999999999999,2.9921715259552,2.9921715259552,0.22965094447135925,0.9982690811157227,2.992170810699463,3.0,235.65028381347656,0.0644657164812088,0.004481185227632523,17.022329330444336,173.90999868913076,-0.4896011931980309,173.42039749593272,173.42041062270255,16.0,2.1998887062072754,18,120.35810089111328,117.98612976074219
737,737,/yh/study/new_data/model_dataset_flight/vi/vi_000737.jpg,0,1,-142.45030212402344,64.68299865722656,-254.83387756347656,20.008514404296875,-252.1731719970703,19.72463607788086,-254.90704345703125,5.9144086837768555,237.0727996826172,234.39698547165,3.0,2.999999999999999,2.9921715259552,2.9921715259552,0.22965139150619507,0.9982690811157227,2.9921720027923584,3.0,235.65028381347656,0.0655066967010498,0.005603771656751633,17.022329330444336,173.90999868913076,-0.48960999773875785,173.420388691392,173.42039749593275,16.0,2.1998887062072754,18,120.93749237060547,118.57640075683594
738,738,/yh/study/new_data/model_dataset_flight/vi/vi_000738.jpg,0,1,-142.60702514648438,65.90113830566406,-255.14845275878906,20.04207992553711,-252.4877471923828,19.758201599121094,-254.90704345703125,5.9144086837768555,237.38916015625,234.71334198331166,3.0,2.999999999999999,2.9921715259552,2.9921715259552,0.22965118288993835,0.9982690811157227,2.9921715259552,3.0,235.65028381347656,0.06571605056524277,0.0057645924389362335,17.022329330444336,173.90999868913076,-0.48961079815155123,173.4203878909792,173.42038869139202,16.0,2.1998887062072754,18,121.52623748779297,119.17610931396484
739,739,/yh/study/new_data/model_dataset_flight/vi/vi_000739.jpg,0,1,-143.5851593017578,66.93292999267578,-255.46302795410156,20.075641632080078,-252.80230712890625,19.791763305664062,-269.10101318359375,6.004221439361572,237.7055206298828,235.02969891386442,3.0,2.999999999999999,2.9921720027923584,2.9921720027923584,0.2296513319015503,0.9982692003250122,2.9921715259552,3.0,249.773681640625,0.06315316259860992,0.002241969108581543,18.438867568969727,173.90999868913076,-0.4896047683751746,173.42039392075557,173.4203878909792,16.0,2.1998887062072754,18,121.29411315917969,118.95661163330078
740,740,/yh/study/new_data/model_dataset_flight/vi/vi_000740.jpg,0,1,-144.5650634765625,67.96660614013672,-255.777587890625,20.109203338623047,-253.11688232421875,19.82532501220703,-269.10101318359375,6.004221439361572,238.02186584472656,235.34605460573923,3.0,2.999999999999999,2.9921720027923584,2.9921720027923584,0.2296513170003891,0.9982692003250122,2.9921724796295166,3.0,249.773681640625,0.06311465054750443,0.0022572241723537445,18.438867568969727,173.90999868913076,-0.4896051419011448,173.42039354722962,173.4203939207556,16.0,2.1998887062072754,18,121.07252502441406,118.74797058105469
741,741,/yh/study/new_data/model_dataset_flight/vi/vi_000741.jpg,0,1,-145.45631408691406,68.9067611694336,-256.0921630859375,20.142765045166016,-253.43145751953125,19.85888671875,-269.10101318359375,6.004221439361572,238.33822631835938,235.66241080317954,3.0,2.999999999999999,2.9921720027923584,2.9921720027923584,0.22965174913406372,0.9982692003250122,2.9921720027923584,3.0,249.773681640625,0.06300772726535797,0.0019998811185359955,18.438867568969727,173.90999868913076,-0.4896063158399084,173.42039237329084,173.42039354722962,16.0,2.1998887062072754,18,120.90582275390625,118.59310913085938
742,742,/yh/study/new_data/model_dataset_flight/vi/vi_000742.jpg,0,1,-146.68765258789062,69.60233306884766,-256.40673828125,20.176326751708984,-253.74603271484375,19.89244842529297,-269.10101318359375,6.004221439361572,238.6545867919922,235.97876745273294,3.0,2.999999999999999,2.9921720027923584,2.9921720027923584,0.22965185344219208,0.9982692003250122,2.9921720027923584,3.0,249.773681640625,0.06292928755283356,0.0018450058996677399,18.438867568969727,173.90999868913076,-0.48960668936587864,173.4203919997649,173.42039237329087,16.0,2.1998887062072754,18,120.337890625,118.03630828857422
743,743,/yh/study/new_data/model_dataset_flight/vi/vi_000743.jpg,0,1,-148.03573608398438,70.36384582519531,-256.7213134765625,20.20989227294922,-254.0605926513672,19.926010131835938,-269.10101318359375,6.004221439361572,238.970947265625,236.29512450659843,3.0,2.999999999999999,2.9921722412109375,2.9921722412109375,0.22965222597122192,0.9982693195343018,2.9921720027923584,3.0,249.773681640625,0.0628102719783783,0.0016215816140174866,18.438867568969727,173.90999868913076,-0.48960674272673155,173.42039194640404,173.4203919997649,16.0,2.1998887062072754,18,119.69951629638672,117.41059112548828
744,744,/yh/study/new_data/model_dataset_flight/vi/vi_000744.jpg,0,1,-149.37789916992188,71.12202453613281,-257.0358581542969,20.243453979492188,-254.3751678466797,19.959575653076172,-269.10101318359375,6.004221439361572,239.28729248046875,236.61148030874836,3.0,2.999999999999999,2.9921720027923584,2.9921720027923584,0.2296518087387085,0.9982692003250122,2.9921724796295166,3.0,249.773681640625,0.06279925256967545,0.0018057562410831451,18.438867568969727,173.90999868913076,-0.48960498181858614,173.42039370731217,173.42039194640404,16.0,2.1998887062072754,18,119.07504272460938,116.799072265625
745,745,/yh/study/new_data/model_dataset_flight/vi/vi_000745.jpg,0,1,-150.61305236816406,71.59953308105469,-257.3504333496094,20.277015686035156,-254.6897430419922,19.99313735961914,-269.10101318359375,6.004221439361572,239.60365295410156,236.9278366048046,3.0,2.999999999999999,2.9921720027923584,2.9921720027923584,0.22965183854103088,0.9982692003250122,2.9921717643737793,3.0,249.773681640625,0.0628904402256012,0.0018545500934123993,18.438867568969727,173.90999868913076,-0.4896050885402919,173.42039360059047,173.42039370731217,16.0,2.1998887062072754,18,118.4350814819336,116.16874694824219
746,746,/yh/study/new_data/model_dataset_flight/vi/vi_000746.jpg,0,1,-151.84901428222656,72.07735443115234,-257.6650085449219,20.310577392578125,-255.00430297851562,20.02669906616211,-269.10101318359375,6.004221439361572,239.92001342773438,237.2441933425475,3.0,2.999999999999999,2.9921720027923584,2.9921720027923584,0.22965189814567566,0.9982692003250122,2.9921720027923584,3.0,249.773681640625,0.0627996027469635,0.0017715170979499817,18.438867568969727,173.90999868913076,-0.4896053019837035,173.42039338714704,173.42039360059047,16.0,2.1998887062072754,18,117.79993438720703,115.54342651367188
747,747,/yh/study/new_data/model_dataset_flight/vi/vi_000747.jpg,0,1,-153.20758056640625,72.60256958007812,-257.9795837402344,20.344139099121094,-255.31887817382812,20.060260772705078,-269.10101318359375,6.004221439361572,240.23635864257812,237.56054886199783,3.0,2.999999999999999,2.9921720027923584,2.9921720027923584,0.22965176403522491,0.9982692003250122,2.9921720027923584,3.0,249.773681640625,0.06285965442657471,0.001920647919178009,18.438867568969727,173.90999868913076,-0.4896056755096737,173.4203930136211,173.42039338714707,16.0,2.1998887062072754,18,117.0816650390625,114.83645629882812
748,748,/yh/study/new_data/model_dataset_flight/vi/vi_000748.jpg,0,1,-155.34170532226562,73.28709411621094,-258.2941589355469,20.377700805664062,-255.63345336914062,20.093822479248047,-269.10101318359375,6.004221439361572,240.55271911621094,237.87690490524375,3.0,2.999999999999999,2.9921720027923584,2.9921720027923584,0.2296517789363861,0.9982692003250122,2.9921720027923584,3.0,249.773681640625,0.06284595280885696,0.001959867775440216,18.438867568969727,173.90999868913076,-0.489604554931763,173.420394134199,173.4203930136211,16.0,2.1998887062072754,18,115.75237274169922,113.525146484375
749,749,/yh/study/new_data/model_dataset_flight/vi/vi_000749.jpg,0,1,-157.4763946533203,73.9718017578125,-258.6087341308594,20.411266326904297,-255.94802856445312,20.12738800048828,-269.10101318359375,6.004221439361572,240.86907958984375,238.19326141690541,3.0,2.999999999999999,2.9921720027923584,2.9921720027923584,0.22965176403522491,0.9982692003250122,2.9921720027923584,3.0,249.773681640625,0.06287066638469696,0.0018028467893600464,18.438867568969727,173.90999868913076,-0.4896057288705266,173.42039296026024,173.420394134199,16.0,2.1998887062072754,18,114.43985748291016,112.23138427734375
750,750,/yh/study/new_data/model_dataset_flight/vi/vi_000750.jpg,0,1,-159.203369140625,74.50363159179688,-258.9233093261719,20.444828033447266,-256.2626037597656,20.16094970703125,-269.10101318359375,6.004221439361572,241.18544006347656,238.50961834745817,3.0,2.999999999999999,2.9921720027923584,2.9921720027923584,0.2296518087387085,0.9982692003250122,2.9921720027923584,3.0,249.773681640625,0.06282274425029755,0.0017670616507530212,18.438867568969727,173.90999868913076,-0.48960551542711506,173.42039317370364,173.42039296026024,16.0,2.1998887062072754,18,113.43024444580078,111.23678588867188
751,751,/yh/study/new_data/model_dataset_flight/vi/vi_000751.jpg,0,1,-160.77369689941406,74.98722839355469,-259.2378845214844,20.478389739990234,-256.5771789550781,20.19451141357422,-269.10101318359375,6.004221439361572,241.5017852783203,238.82597403933298,3.0,2.999999999999999,2.9921720027923584,2.9921720027923584,0.22965176403522491,0.9982692003250122,2.9921720027923584,3.0,249.773681640625,0.06284677237272263,0.001904405653476715,18.438867568969727,173.90999868913076,-0.4896043948492043,173.42039429428155,173.42039317370364,16.0,2.1998887062072754,18,112.54515075683594,110.36553192138672
752,752,/yh/study/new_data/model_dataset_flight/vi/vi_000752.jpg,0,1,-162.5009307861328,75.5191421508789,-259.5524597167969,20.511951446533203,-256.8917541503906,20.228073120117188,-269.10101318359375,6.004221439361572,241.81814575195312,239.1423302367733,3.0,2.999999999999999,2.9921720027923584,2.9921720027923584,0.22965171933174133,0.9982692003250122,2.9921720027923584,3.0,249.773681640625,0.06292052567005157,0.0019310452044010162,18.438867568969727,173.90999868913076,-0.48960492845773324,173.42039376067302,173.42039429428158,16.0,2.1998887062072754,18,111.55622100830078,109.3925552368164
753,753,/yh/study/new_data/model_dataset_flight/vi/vi_000753.jpg,0,1,-164.32679748535156,75.98976135253906,-259.8670349121094,20.545516967773438,-257.2063293457031,20.261638641357422,-269.10101318359375,6.004221439361572,242.13450622558594,239.4586868863267,3.0,2.999999999999999,2.9921720027923584,2.9921720027923584,0.22965165972709656,0.9982692003250122,2.9921720027923584,3.0,249.773681640625,0.06292611360549927,0.0019922368228435516,18.438867568969727,173.90999868913076,-0.4896039146015283,173.42039477452923,173.42039376067305,16.0,2.1998887062072754,18,110.4626693725586,108.31542205810547
754,754,/yh/study/new_data/model_dataset_flight/vi/vi_000754.jpg,0,1,-166.3332061767578,76.50691223144531,-260.1816101074219,20.579078674316406,-257.5208740234375,20.295196533203125,-269.10101318359375,6.004221439361572,242.45086669921875,239.77504394019218,3.0,2.999999999999999,2.992173671722412,2.992173671722412,0.229653999209404,0.9982695579528809,2.9921720027923584,3.0,249.773681640625,0.06579693406820297,0.0018163546919822693,18.438867568969727,173.90999868913076,-0.48962621943803664,173.42037246969272,173.42039477452926,16.0,2.1998887062072754,18,109.24946594238281,107.12117767333984
755,755,/yh/study/new_data/model_dataset_flight/vi/vi_000755.jpg,0,1,-168.1586456298828,76.97742462158203,-260.49615478515625,20.612640380859375,-257.83544921875,20.32876205444336,-269.10101318359375,6.004221439361572,242.7672119140625,240.0913997423421,3.0,2.999999999999999,2.992173671722412,2.992173671722412,0.22965404391288757,0.9982695579528809,2.992175340652466,3.0,249.773681640625,0.06567680835723877,0.0018755793571472168,18.438867568969727,173.90999868913076,-0.489626059355478,173.42037262977527,173.42037246969272,16.0,2.1998887062072754,18,108.18135070800781,106.07073211669922
756,756,/yh/study/new_data/model_dataset_flight/vi/vi_000756.jpg,0,1,-170.2132110595703,77.51460266113281,-260.81072998046875,20.646202087402344,-258.1500244140625,20.362323760986328,-269.10101318359375,6.004221439361572,243.0835723876953,240.40775603839836,3.0,2.999999999999999,2.992173433303833,2.992173433303833,0.229653999209404,0.9982695579528809,2.992173671722412,3.0,249.773681640625,0.06559281796216965,0.0020576119422912598,18.438867568969727,173.90999868913076,-0.48962547238609616,173.42037321674465,173.4203726297753,16.0,2.1998887062072754,18,106.96693420410156,104.87738800048828
757,757,/yh/study/new_data/model_dataset_flight/vi/vi_000757.jpg,0,1,-172.0809326171875,78.00292205810547,-261.12530517578125,20.679763793945312,-258.4645690917969,20.395885467529297,-269.10101318359375,6.004221439361572,243.39993286132812,240.72411277614125,3.0,2.999999999999999,2.992173433303833,2.992173433303833,0.229653999209404,0.9982695579528809,2.992173194885254,3.0,249.773681640625,0.0653386190533638,0.0020794570446014404,18.438867568969727,173.90999868913076,-0.4896258459120664,173.4203728432187,173.42037321674468,16.0,2.1998887062072754,18,105.90016174316406,103.83016204833984
758,758,/yh/study/new_data/model_dataset_flight/vi/vi_000758.jpg,0,1,-173.94912719726562,78.49137115478516,-261.4398498535156,20.71332550048828,-258.7791442871094,20.429447174072266,-269.10101318359375,6.004221439361572,243.71627807617188,241.04046829559158,3.0,2.999999999999999,2.992173433303833,2.992173433303833,0.229653999209404,0.9982695579528809,2.992173433303833,3.0,249.773681640625,0.0654686763882637,0.0018521323800086975,18.438867568969727,173.90999868913076,-0.4896268597682713,173.4203718293625,173.4203728432187,16.0,2.1998887062072754,18,104.84716796875,102.7974624633789
759,759,/yh/study/new_data/model_dataset_flight/vi/vi_000759.jpg,0,1,-175.8144989013672,78.9737319946289,-261.7544250488281,20.74688720703125,-259.0937194824219,20.463008880615234,-269.10101318359375,6.004221439361572,244.0326385498047,241.3568243388375,3.0,2.999999999999999,2.992173671722412,2.992173671722412,0.22965404391288757,0.9982695579528809,2.992173433303833,3.0,249.773681640625,0.06577602028846741,0.0018390044569969177,18.438867568969727,173.90999868913076,-0.4896264862423011,173.42037220288844,173.4203718293625,16.0,2.1998887062072754,18,103.80768585205078,101.77884674072266
760,760,/yh/study/new_data/model_dataset_flight/vi/vi_000760.jpg,0,1,-177.6796112060547,79.45601654052734,-262.0690002441406,20.780452728271484,-259.4082946777344,20.49657440185547,-269.10101318359375,6.004221439361572,244.3489990234375,241.67318085049916,3.0,2.999999999999999,2.992173671722412,2.992173671722412,0.229653999209404,0.9982695579528809,2.992173910140991,3.0,249.773681640625,0.06573537737131119,0.0019645169377326965,18.438867568969727,173.90999868913076,-0.489626059355478,173.42037262977527,173.42037220288847,16.0,2.1998887062072754,18,102.78321838378906,100.77595520019531
761,761,/yh/study/new_data/model_dataset_flight/vi/vi_000761.jpg,0,1,-179.54556274414062,79.93852996826172,-262.3835754394531,20.814014434814453,-259.7228698730469,20.530136108398438,-269.10101318359375,6.004221439361572,244.6653594970703,241.98953778105192,3.0,2.999999999999999,2.992173671722412,2.992173671722412,0.22965408861637115,0.9982695579528809,2.992173671722412,3.0,249.773681640625,0.06564126163721085,0.0018683001399040222,18.438867568969727,173.90999868913076,-0.4896264862423011,173.42037220288844,173.4203726297753,16.0,2.1998887062072754,18,101.77349853515625,99.78856658935547
762,762,/yh/study/new_data/model_dataset_flight/vi/vi_000762.jpg,0,1,-181.41416931152344,80.41712951660156,-262.6981506347656,20.847576141357422,-260.0374450683594,20.563697814941406,-269.10101318359375,6.004221439361572,244.98170471191406,242.30589347292673,3.0,2.999999999999999,2.992173433303833,2.992173433303833,0.229653999209404,0.9982695579528809,2.992173671722412,3.0,249.773681640625,0.06523241102695465,0.002036347985267639,18.438867568969727,173.90999868913076,-0.48962621943803664,173.42037246969272,173.42037220288847,16.0,2.1998887062072754,18,100.77508544921875,98.81322479248047
763,763,/yh/study/new_data/model_dataset_flight/vi/vi_000763.jpg,0,1,-183.28305053710938,80.89580535888672,-263.0127258300781,20.88113784790039,-260.3520202636719,20.597259521484375,-269.10101318359375,6.004221439361572,245.29806518554688,242.62224967036704,3.0,2.999999999999999,2.992173433303833,2.992173433303833,0.2296539545059204,0.9982695579528809,2.992173194885254,3.0,249.773681640625,0.06524353474378586,0.0020614340901374817,18.438867568969727,173.90999868913076,-0.4896260059946251,173.42037268313612,173.42037246969272,16.0,2.1998887062072754,18,99.79269409179688,97.85469055175781
764,764,/yh/study/new_data/model_dataset_flight/vi/vi_000764.jpg,0,1,-185.15220642089844,81.37454986572266,-263.3273010253906,20.914703369140625,-260.6665954589844,20.63082504272461,-269.10101318359375,6.004221439361572,245.6144256591797,242.93860631992044,3.0,2.999999999999999,2.992173671722412,2.992173671722412,0.22965407371520996,0.9982695579528809,2.992173433303833,3.0,249.773681640625,0.06570002436637878,0.001814141869544983,18.438867568969727,173.90999868913076,-0.48962664632485975,173.4203720428059,173.42037268313615,16.0,2.1998887062072754,18,98.82681274414062,96.91348266601562
765,765,/yh/study/new_data/model_dataset_flight/vi/vi_000765.jpg,0,1,-186.9937744140625,81.84137725830078,-263.6418762207031,20.948265075683594,-260.9811706542969,20.664382934570312,-269.10101318359375,6.004221439361572,245.9307861328125,243.25496337378593,3.0,2.999999999999999,2.992173433303833,2.992173433303833,0.229653999209404,0.9982695579528809,2.992173910140991,3.0,249.773681640625,0.0656609833240509,0.00209634006023407,18.438867568969727,173.90999868913076,-0.48962611271633083,173.42037257641442,173.42037204280592,16.0,2.1998887062072754,18,97.89230346679688,96.00395965576172
766,766,/yh/study/new_data/model_dataset_flight/vi/vi_000766.jpg,0,1,-189.0194091796875,82.35486602783203,-263.9564514160156,20.981826782226562,-261.2957458496094,20.697948455810547,-269.10101318359375,6.004221439361572,246.24713134765625,243.57131917593586,3.0,2.999999999999999,2.992173671722412,2.992173671722412,0.22965410351753235,0.9982695579528809,2.992173194885254,3.0,249.773681640625,0.06589220464229584,0.001843176782131195,18.438867568969727,173.90999868913076,-0.48962669968571265,173.42037198944504,173.42037257641445,16.0,2.1998887062072754,18,96.86180877685547,95.0023422241211
767,767,/yh/study/new_data/model_dataset_flight/vi/vi_000767.jpg,0,1,-190.86099243164062,82.82170104980469,-264.2710266113281,21.01538848876953,-261.6103210449219,20.731510162353516,-269.10101318359375,6.004221439361572,246.56349182128906,243.8876754719921,3.0,2.999999999999999,2.992173671722412,2.992173671722412,0.22965404391288757,0.9982695579528809,2.992173910140991,3.0,249.773681640625,0.06584528088569641,0.0019090324640274048,18.438867568969727,173.90999868913076,-0.4896264328814482,173.42037225624932,173.42037198944507,16.0,2.1998887062072754,18,95.96381378173828,94.13107299804688
768,768,/yh/study/new_data/model_dataset_flight/vi/vi_000768.jpg,0,1,-192.71914672851562,83.32991790771484,-264.5856018066406,21.0489501953125,-261.92486572265625,20.765071868896484,-269.10101318359375,6.004221439361572,246.87985229492188,244.204032209735,3.0,2.999999999999999,2.992173671722412,2.992173671722412,0.22965407371520996,0.9982695579528809,2.992173671722412,3.0,249.773681640625,0.0657493844628334,0.0019499585032463074,18.438867568969727,173.90999868913076,-0.4896258992729193,173.42037278985785,173.42037225624932,16.0,2.1998887062072754,18,95.09840393066406,93.29411315917969
769,769,/yh/study/new_data/model_dataset_flight/vi/vi_000769.jpg,0,1,-194.578125,83.83836364746094,-264.900146484375,21.08251190185547,-262.23944091796875,20.798633575439453,-269.10101318359375,6.004221439361572,247.19619750976562,244.52038772918533,3.0,2.999999999999999,2.992173671722412,2.992173671722412,0.2296556532382965,0.9982695579528809,2.992173671722412,3.0,249.773681640625,0.07434829324483871,0.004549629986286163,18.438867568969727,173.90999868913076,-0.48962168376554094,173.42037700536522,173.42037278985785,16.0,2.1998887062072754,18,94.25223541259766,92.47735595703125
770,770,/yh/study/new_data/model_dataset_flight/vi/vi_000770.jpg,0,1,-196.43699645996094,84.3467788696289,-265.2147216796875,21.116077423095703,-262.55401611328125,20.832195281982422,-269.10101318359375,6.004221439361572,247.51255798339844,244.83674377243125,3.0,2.999999999999999,2.9921741485595703,2.9921741485595703,0.22965651750564575,0.9982696771621704,2.992173671722412,3.0,249.773681640625,0.07632842659950256,0.004981249570846558,18.438867568969727,173.90999868913076,-0.48962419172562677,173.42037449740513,173.42037700536522,16.0,2.1998887062072754,18,93.42642974853516,91.68185424804688
771,771,/yh/study/new_data/model_dataset_flight/vi/vi_000771.jpg,0,1,-198.3873291015625,84.86249542236328,-265.529296875,21.149639129638672,-262.86859130859375,20.865760803222656,-269.10101318359375,6.004221439361572,247.82891845703125,245.15310028409291,3.0,2.999999999999999,2.992173671722412,2.992173671722412,0.22965578734874725,0.9982695579528809,2.9921746253967285,3.0,249.773681640625,0.07420504838228226,0.004518061876296997,18.438867568969727,173.90999868913076,-0.48962157704383513,173.42037711208692,173.42037449740513,16.0,2.1998887062072754,18,92.56009674072266,90.84830474853516
772,772,/yh/study/new_data/model_dataset_flight/vi/vi_000772.jpg,0,1,-200.33766174316406,85.37820434570312,-265.8438720703125,21.18320083618164,-263.1831359863281,20.899322509765625,-269.10101318359375,6.004221439361572,248.14527893066406,245.46945721464567,3.0,2.999999999999999,2.992173671722412,2.992173671722412,0.22965645790100098,0.9982695579528809,2.992173194885254,3.0,249.773681640625,0.07589602470397949,0.004940398037433624,18.438867568969727,173.90999868913076,-0.48962392492136236,173.42037476420938,173.42037711208692,16.0,2.1998887062072754,18,91.71730041503906,90.03932189941406
773,773,/yh/study/new_data/model_dataset_flight/vi/vi_000773.jpg,0,1,-202.2887420654297,85.89411926269531,-266.1584167480469,21.21676254272461,-263.4977111816406,20.932884216308594,-269.10101318359375,6.004221439361572,248.4616241455078,245.78581290652048,3.0,2.999999999999999,2.992173671722412,2.992173671722412,0.22965645790100098,0.9982695579528809,2.992173671722412,3.0,249.773681640625,0.0761885941028595,0.0049739256501197815,18.438867568969727,173.90999868913076,-0.4896243518081855,173.42037433732258,173.4203747642094,16.0,2.1998887062072754,18,90.89826965332031,89.2552490234375
774,774,/yh/study/new_data/model_dataset_flight/vi/vi_000774.jpg,0,1,-204.21278381347656,86.35020446777344,-266.4729919433594,21.250324249267578,-263.8122863769531,20.966445922851562,-269.10101318359375,6.004221439361572,248.77798461914062,246.1021691039608,3.0,2.999999999999999,2.9921741485595703,2.9921741485595703,0.22965668141841888,0.9982696771621704,2.992173671722412,3.0,249.773681640625,0.07672906666994095,0.005020327866077423,18.438867568969727,173.90999868913076,-0.4896253123035375,173.42037337682723,173.42037433732258,16.0,2.1998887062072754,18,90.0795669555664,88.47110748291016
775,775,/yh/study/new_data/model_dataset_flight/vi/vi_000775.jpg,0,1,-206.328125,86.85163116455078,-266.7875671386719,21.283889770507812,-264.1268615722656,21.000011444091797,-269.10101318359375,6.004221439361572,249.09434509277344,246.4185257535142,3.0,2.999999999999999,2.9921741485595703,2.9921741485595703,0.22965659201145172,0.9982696771621704,2.9921746253967285,3.0,249.773681640625,0.07661532610654831,0.005036406219005585,18.438867568969727,173.90999868913076,-0.4896243518081855,173.42037433732258,173.42037337682723,16.0,2.1998887062072754,18,89.18785095214844,87.61923217773438
776,776,/yh/study/new_data/model_dataset_flight/vi/vi_000776.jpg,0,1,-208.25283813476562,87.30787658691406,-267.1021423339844,21.31745147705078,-264.4414367675781,21.0335693359375,-269.10101318359375,6.004221439361572,249.41070556640625,246.73488280737968,3.0,2.999999999999999,2.992173671722412,2.992173671722412,0.22965586185455322,0.9982695579528809,2.9921741485595703,3.0,249.773681640625,0.07498953491449356,0.004678644239902496,18.438867568969727,173.90999868913076,-0.48962211065236405,173.4203765784784,173.42037433732258,16.0,2.1998887062072754,18,88.41932678222656,86.88752746582031
777,777,/yh/study/new_data/model_dataset_flight/vi/vi_000777.jpg,0,1,-210.1998748779297,87.79022216796875,-267.4167175292969,21.35101318359375,-264.7560119628906,21.067134857177734,-269.10101318359375,6.004221439361572,249.72705078125,247.0512386095296,3.0,2.999999999999999,2.992173671722412,2.992173671722412,0.22965578734874725,0.9982695579528809,2.992173194885254,3.0,249.773681640625,0.07515513896942139,0.004738084971904755,18.438867568969727,173.90999868913076,-0.48962200393065824,173.4203766852001,173.4203765784784,16.0,2.1998887062072754,18,87.68087005615234,86.18782806396484
778,778,/yh/study/new_data/model_dataset_flight/vi/vi_000778.jpg,0,1,-212.1474609375,88.27271270751953,-267.7312927246094,21.38457489013672,-265.0705871582031,21.100696563720703,-269.10101318359375,6.004221439361572,250.0434112548828,247.36759490558586,3.0,2.999999999999999,2.992173671722412,2.992173671722412,0.22965508699417114,0.9982695579528809,2.992173671722412,3.0,249.773681640625,0.07368999719619751,0.004358313977718353,18.438867568969727,173.90999868913076,-0.4896198161356898,173.42037887299506,173.42037668520013,16.0,2.1998887062072754,18,86.9688720703125,85.51570892333984
779,779,/yh/study/new_data/model_dataset_flight/vi/vi_000779.jpg,0,1,-214.09437561035156,88.7550277709961,-268.0458679199219,21.418136596679688,-265.3851623535156,21.134258270263672,-269.10101318359375,6.004221439361572,250.35977172851562,247.68395164332875,3.0,2.999999999999999,2.992173671722412,2.992173671722412,0.22965574264526367,0.9982695579528809,2.992173671722412,3.0,249.773681640625,0.07469133287668228,0.004635252058506012,18.438867568969727,173.90999868913076,-0.48962205729151115,173.42037663183925,173.4203788729951,16.0,2.1998887062072754,18,86.28453063964844,84.8723373413086
780,780,/yh/study/new_data/model_dataset_flight/vi/vi_000780.jpg,0,1,-215.94342041015625,89.19693756103516,-268.3604431152344,21.451698303222656,-265.6997375488281,21.16781997680664,-269.10101318359375,6.004221439361572,250.67611694335938,248.00030716277908,3.0,2.999999999999999,2.9921741485595703,2.9921741485595703,0.2296568751335144,0.9982696771621704,2.992173671722412,3.0,249.773681640625,0.07756679505109787,0.005236640572547913,18.438867568969727,173.90999868913076,-0.48962547238609616,173.42037321674465,173.42037663183925,16.0,2.1998887062072754,18,85.65606689453125,84.28316497802734
781,781,/yh/study/new_data/model_dataset_flight/vi/vi_000781.jpg,0,1,-217.97567749023438,89.68262481689453,-268.6750183105469,21.48526382446289,-266.0143127441406,21.201385498046875,-269.10101318359375,6.004221439361572,250.9924774169922,248.316663206025,3.0,2.999999999999999,2.9921741485595703,2.9921741485595703,0.2296566665172577,0.9982696771621704,2.9921746253967285,3.0,249.773681640625,0.07740074396133423,0.00520913302898407,18.438867568969727,173.90999868913076,-0.4896247253341557,173.4203739637966,173.42037321674468,16.0,2.1998887062072754,18,84.9782485961914,83.65040588378906
782,782,/yh/study/new_data/model_dataset_flight/vi/vi_000782.jpg,0,1,-219.82357788085938,90.12425994873047,-268.9895935058594,21.51882553100586,-266.3288879394531,21.234947204589844,-269.10101318359375,6.004221439361572,251.308837890625,248.63301971768666,3.0,2.999999999999999,2.9921741485595703,2.9921741485595703,0.22965677082538605,0.9982696771621704,2.9921741485595703,3.0,249.773681640625,0.07780864089727402,0.005324967205524445,18.438867568969727,173.90999868913076,-0.4896256858295077,173.42037300330125,173.4203739637966,16.0,2.1998887062072754,18,84.40380859375,83.11727905273438
783,783,/yh/study/new_data/model_dataset_flight/vi/vi_000783.jpg,0,1,-221.82676696777344,90.63362121582031,-269.3041687011719,21.552387237548828,-266.6434326171875,21.268508911132812,-269.10101318359375,6.004221439361572,251.6251983642578,248.94937664823942,3.0,2.999999999999999,2.9921741485595703,2.9921741485595703,0.22965696454048157,0.9982696771621704,2.9921741485595703,3.0,249.773681640625,0.07867031544446945,0.005471251904964447,18.438867568969727,173.90999868913076,-0.4896259526337722,173.420372736497,173.42037300330125,16.0,2.1998887062072754,18,83.82315826416016,82.58361053466797
784,784,/yh/study/new_data/model_dataset_flight/vi/vi_000784.jpg,0,1,-223.64881896972656,91.096923828125,-269.61871337890625,21.585948944091797,-266.9580078125,21.30207061767578,-273.8018493652344,10.792313575744629,251.94154357910156,249.26573234011423,3.0,2.999999999999999,2.9921741485595703,2.9921741485595703,0.22965744137763977,0.9982696771621704,2.9921741485595703,3.0,254.95594787597656,0.08944659680128098,0.0010854527354240417,14.17651081085205,173.90999868913076,-0.4896305950279737,173.4203680941028,173.420372736497,16.0,2.1998887062072754,18,83.33670043945312,82.14017486572266
785,785,/yh/study/new_data/model_dataset_flight/vi/vi_000785.jpg,0,1,-225.4710693359375,91.5602798461914,-269.93328857421875,21.619510650634766,-267.2725830078125,21.33563232421875,-273.8018493652344,10.792313575744629,252.25790405273438,249.58208853755454,3.0,2.999999999999999,2.9921741485595703,2.9921741485595703,0.22965748608112335,0.9982696771621704,2.9921741485595703,3.0,254.95594787597656,0.09165992587804794,0.000720977783203125,14.17651081085205,173.90999868913076,-0.4896297946151803,173.42036889451558,173.4203680941028,16.0,2.1998887062072754,18,82.87701416015625,81.7243423461914
786,786,/yh/study/new_data/model_dataset_flight/vi/vi_000786.jpg,0,1,-227.31642150878906,92.19490051269531,-270.24786376953125,21.653076171875,-267.587158203125,21.369197845458984,-273.8018493652344,10.792313575744629,252.5742645263672,249.89844518710794,3.0,2.999999999999999,2.9921741485595703,2.9921741485595703,0.22965753078460693,0.9982696771621704,2.9921741485595703,3.0,254.95594787597656,0.0911196693778038,0.0010138154029846191,14.17651081085205,173.90999868913076,-0.48963011478029766,173.42036857435045,173.4203688945156,16.0,2.1998887062072754,18,82.57879638671875,81.47399139404297
787,787,/yh/study/new_data/model_dataset_flight/vi/vi_000787.jpg,0,1,-229.160400390625,92.82905578613281,-270.56243896484375,21.68663787841797,-267.9017028808594,21.402755737304688,-273.8018493652344,10.792313575744629,252.890625,250.21480224097343,3.0,2.999999999999999,2.9921741485595703,2.9921741485595703,0.22965744137763977,0.9982696771621704,2.9921741485595703,3.0,254.95594787597656,0.09115627408027649,0.0008864030241966248,14.17651081085205,173.90999868913076,-0.48963011478029766,173.42036857435045,173.42036857435048,16.0,2.1998887062072754,18,82.31265258789062,81.25641632080078
788,788,/yh/study/new_data/model_dataset_flight/vi/vi_000788.jpg,0,1,-231.00624084472656,93.4638442993164,-270.8769836425781,21.720199584960938,-268.2162780761719,21.436321258544922,-273.8018493652344,10.792313575744629,253.20697021484375,250.53115804312336,3.0,2.999999999999999,2.9921741485595703,2.9921741485595703,0.22965748608112335,0.9982696771621704,2.9921741485595703,3.0,254.95594787597656,0.09361192584037781,0.0005309805274009705,14.17651081085205,173.90999868913076,-0.489629954697739,173.42036873443303,173.42036857435048,16.0,2.1998887062072754,18,82.07817077636719,81.07127380371094
789,789,/yh/study/new_data/model_dataset_flight/vi/vi_000789.jpg,0,1,-233.90895080566406,94.50687408447266,-271.1915588378906,21.753761291503906,-268.5308532714844,21.46988296508789,-273.8018493652344,10.792313575744629,253.52333068847656,250.8475143391796,3.0,2.999999999999999,2.9921741485595703,2.9921741485595703,0.22965753078460693,0.9982696771621704,2.9921741485595703,3.0,254.95594787597656,0.09301180392503738,0.0005320236086845398,14.17651081085205,173.90999868913076,-0.4896298479760332,173.42036884115473,173.42036873443303,16.0,2.1998887062072754,18,81.74967193603516,80.82745361328125
790,790,/yh/study/new_data/model_dataset_flight/vi/vi_000790.jpg,0,1,-236.55160522460938,95.45646667480469,-271.5061340332031,21.787322998046875,-268.8454284667969,21.50344467163086,-273.8018493652344,10.792313575744629,253.83969116210938,251.1638710769225,3.0,2.999999999999999,2.9921741485595703,2.9921741485595703,0.22965748608112335,0.9982696771621704,2.9921741485595703,3.0,254.95594787597656,0.09310796111822128,0.0004495680332183838,14.17651081085205,173.90999868913076,-0.48962968789347455,173.42036900123728,173.42036884115473,16.0,2.1998887062072754,18,81.54116821289062,80.69659423828125
791,791,/yh/study/new_data/model_dataset_flight/vi/vi_000791.jpg,0,1,-238.54660034179688,96.2207260131836,-271.8207092285156,21.820884704589844,-269.1600036621094,21.537006378173828,-273.8018493652344,10.792313575744629,254.15603637695312,251.48022659637283,3.0,2.999999999999999,2.9921741485595703,2.9921741485595703,0.22965747117996216,0.9982696771621704,2.9921741485595703,3.0,254.95594787597656,0.09306783974170685,0.0007337182760238647,14.17651081085205,173.90999868913076,-0.48962963453262165,173.42036905459813,173.4203690012373,16.0,2.1998887062072754,18,81.50154876708984,80.71454620361328
792,792,/yh/study/new_data/model_dataset_flight/vi/vi_000792.jpg,0,1,-240.36712646484375,96.91815948486328,-272.1352844238281,21.854450225830078,-269.4745788574219,21.570571899414062,-273.8018493652344,10.792313575744629,254.47239685058594,251.79658263961875,3.0,2.999999999999999,2.9921741485595703,2.9921741485595703,0.22965744137763977,0.9982696771621704,2.9921741485595703,3.0,254.95594787597656,0.09276726841926575,0.0007067322731018066,14.17651081085205,173.90999868913076,-0.489628994202387,173.42036969492838,173.42036905459815,16.0,2.1998887062072754,18,81.50936126708984,80.7743911743164
793,793,/yh/study/new_data/model_dataset_flight/vi/vi_000793.jpg,0,1,-242.18890380859375,97.61605834960938,-272.4498596191406,21.888011932373047,-269.7891540527344,21.60413360595703,-273.8018493652344,10.792313575744629,254.78875732421875,252.11293915128041,3.0,2.999999999999999,2.9921741485595703,2.9921741485595703,0.229657381772995,0.9982696771621704,2.9921741485595703,3.0,254.95594787597656,0.0929463654756546,0.0004980862140655518,14.17651081085205,173.90999868913076,-0.48963006141944476,173.42036862771133,173.42036969492838,16.0,2.1998887062072754,18,81.55036163330078,80.86770629882812
794,794,/yh/study/new_data/model_dataset_flight/vi/vi_000794.jpg,0,1,-244.05494689941406,98.58720397949219,-272.7644348144531,21.921573638916016,-270.1037292480469,21.6376953125,-273.8018493652344,10.792313575744629,255.10511779785156,252.42929608183317,3.0,2.999999999999999,2.9921741485595703,2.9921741485595703,0.22965753078460693,0.9982696771621704,2.9921741485595703,3.0,254.95594787597656,0.09323305636644363,0.0007553175091743469,14.17651081085205,173.90999868913076,-0.489628994202387,173.42036969492838,173.42036862771133,16.0,2.1998887062072754,18,81.86485290527344,81.23894500732422
795,795,/yh/study/new_data/model_dataset_flight/vi/vi_000795.jpg,0,1,-245.75389099121094,99.47138977050781,-273.0790100097656,21.955135345458984,-270.4183044433594,21.67125701904297,-273.8018493652344,10.792313575744629,255.4214630126953,252.74565177370798,3.0,2.999999999999999,2.9921741485595703,2.9921741485595703,0.22965744137763977,0.9982696771621704,2.9921741485595703,3.0,254.95594787597656,0.09249119460582733,0.0006165727972984314,14.17651081085205,173.90999868913076,-0.48963006141944476,173.42036862771133,173.42036969492838,16.0,2.1998887062072754,18,82.1914291381836,81.61614227294922
796,796,/yh/study/new_data/model_dataset_flight/vi/vi_000796.jpg,0,1,-247.62193298339844,100.44357299804688,-273.3935852050781,21.988697052001953,-270.7328796386719,21.704818725585938,-273.8018493652344,10.792313575744629,255.73782348632812,253.0620079711483,3.0,2.999999999999999,2.9921741485595703,2.9921741485595703,0.22965744137763977,0.9982696771621704,2.9921741485595703,3.0,254.95594787597656,0.09193660318851471,0.0009668320417404175,14.17651081085205,173.90999868913076,-0.48963011478029766,173.42036857435045,173.42036862771133,16.0,2.1998887062072754,18,82.57933044433594,82.06038665771484
797,797,/yh/study/new_data/model_dataset_flight/vi/vi_000797.jpg,0,1,-249.2537841796875,101.4964599609375,-273.7081604003906,22.022262573242188,-271.0474548339844,21.738384246826172,-273.8018493652344,10.792313575744629,256.05419921875,253.37836623398226,3.0,2.999999999999999,2.9921741485595703,2.9921741485595703,0.22965744137763977,0.9982696771621704,2.9921741485595703,3.0,254.95594787597656,0.09166169911623001,0.0009156838059425354,14.17651081085205,173.90999868913076,-0.48963006141944476,173.42036862771133,173.42036857435048,16.0,2.1998887062072754,18,83.15145874023438,82.6820068359375
798,798,/yh/study/new_data/model_dataset_flight/vi/vi_000798.jpg,0,1,-251.04574584960938,102.65266418457031,-274.0227355957031,22.055824279785156,-271.36199951171875,21.77194595336914,-273.8018493652344,10.792313575744629,256.37054443359375,253.6947231172789,3.0,2.999999999999999,2.9921741485595703,2.9921741485595703,0.22965744137763977,0.9982696771621704,2.9921741485595703,3.0,254.95594787597656,0.09114323556423187,0.0010371580719947815,14.17651081085205,173.90999868913076,-0.48963006141944476,173.42036862771133,173.42036862771133,16.0,2.1998887062072754,18,83.80806732177734,83.39329528808594
799,799,/yh/study/new_data/model_dataset_flight/vi/vi_000799.jpg,0,1,-252.67710876464844,103.70523834228516,-274.3372802734375,22.089385986328125,-271.67657470703125,21.80550765991211,-273.8018493652344,10.792313575744629,256.6868896484375,254.01107876689386,3.0,2.999999999999999,2.9921741485595703,2.9921741485595703,0.22965744137763977,0.9982696771621704,2.9921741485595703,3.0,254.95594787597656,0.09153786301612854,0.0008905455470085144,14.17651081085205,173.90999868913076,-0.4896304883062679,173.4203682008245,173.42036862771133,16.0,2.1998887062072754,18,84.44116973876953,84.07464599609375
800,800,/yh/study/new_data/model_dataset_flight/vi/vi_000800.jpg,0,1,-254.19894409179688,104.81472778320312,-274.6518859863281,22.12295150756836,-271.99114990234375,21.839069366455078,-278.5331726074219,10.822246551513672,257.0032653808594,254.32743653982294,3.0,2.999999999999999,2.992173671722412,2.992173671722412,0.22965610027313232,0.9982695579528809,2.9921741485595703,3.0,259.6637878417969,0.08412693440914154,0.002516143023967743,14.648694038391113,173.90999868913076,-0.48963582439155695,173.4203628647392,173.4203682008245,16.0,2.1998887062072754,18,85.18363952636719,84.86178588867188
801,801,/yh/study/new_data/model_dataset_flight/vi/vi_000801.jpg,0,1,-255.72320556640625,105.92599487304688,-274.9664306640625,22.156509399414062,-272.30572509765625,21.872631072998047,-278.5331726074219,10.822246551513672,257.3196105957031,254.64379298501134,3.0,2.999999999999999,2.992173671722412,2.992173671722412,0.2296561300754547,0.9982695579528809,2.992173194885254,3.0,259.6637878417969,0.08462189882993698,0.0024881511926651,14.648694038391113,173.90999868913076,-0.4896356109481454,173.42036307818262,173.42036286473922,16.0,2.1998887062072754,18,85.9513168334961,85.67349243164062
802,802,/yh/study/new_data/model_dataset_flight/vi/vi_000802.jpg,0,1,-257.395263671875,107.14501190185547,-275.2810363769531,22.190074920654297,-272.6202697753906,21.906192779541016,-278.5331726074219,10.822246551513672,257.635986328125,254.9601514693995,3.0,2.999999999999999,2.992173671722412,2.992173671722412,0.22965583205223083,0.9982695579528809,2.992173671722412,3.0,259.6637878417969,0.08088887482881546,0.0026296451687812805,14.648694038391113,173.90999868913076,-0.4896356643089983,173.42036302482177,173.42036307818262,16.0,2.1998887062072754,18,86.81729125976562,86.58785247802734
803,803,/yh/study/new_data/model_dataset_flight/vi/vi_000803.jpg,0,1,-258.9176940917969,108.22977447509766,-275.5955505371094,22.223636627197266,-272.9348449707031,21.93975830078125,-278.5331726074219,10.822246551513672,257.95233154296875,255.27650855082587,3.0,2.999999999999999,2.992173671722412,2.992173671722412,0.22965595126152039,0.9982695579528809,2.992173671722412,3.0,259.6637878417969,0.08247222751379013,0.002548806369304657,14.648694038391113,173.90999868913076,-0.4896356109481454,173.42036307818262,173.42036302482177,16.0,2.1998887062072754,18,87.6082534790039,87.42108917236328
804,804,/yh/study/new_data/model_dataset_flight/vi/vi_000804.jpg,0,1,-260.4407653808594,109.31502532958984,-275.9101257324219,22.257198333740234,-273.2494201660156,21.97332000732422,-278.5331726074219,10.822246551513672,258.2686767578125,255.5928643776227,3.0,2.999999999999999,2.992173671722412,2.992173671722412,0.229655921459198,0.9982695579528809,2.992173671722412,3.0,259.6637878417969,0.0830140933394432,0.002504579722881317,14.648694038391113,173.90999868913076,-0.48963593111326276,173.4203627580175,173.42036307818262,16.0,2.1998887062072754,18,88.4215316772461,88.2759017944336
805,805,/yh/study/new_data/model_dataset_flight/vi/vi_000805.jpg,0,1,-262.1134338378906,110.5068588256836,-276.2247009277344,22.29076385498047,-273.5639953613281,22.006881713867188,-278.5331726074219,10.822246551513672,258.5850524902344,255.90922230900057,3.0,2.999999999999999,2.992173671722412,2.992173671722412,0.22965571284294128,0.9982695579528809,2.992173671722412,3.0,259.6637878417969,0.07956209778785706,0.002629488706588745,14.648694038391113,173.90999868913076,-0.4896357710307041,173.42036291810007,173.42036275801752,16.0,2.1998887062072754,18,89.33760070800781,89.2376708984375
806,806,/yh/study/new_data/model_dataset_flight/vi/vi_000806.jpg,0,1,-263.7135925292969,111.65731048583984,-276.5392761230469,22.324325561523438,-273.8785705566406,22.040447235107422,-278.5331726074219,10.822246551513672,258.9013977050781,256.2255788958853,3.0,2.999999999999999,2.992173671722412,2.992173671722412,0.22965583205223083,0.9982695579528809,2.992173671722412,3.0,259.6637878417969,0.08118706196546555,0.0026234760880470276,14.648694038391113,173.90999868913076,-0.48963593111326276,173.4203627580175,173.42036291810007,16.0,2.1998887062072754,18,90.24899291992188,90.19152069091797
807,807,/yh/study/new_data/model_dataset_flight/vi/vi_000807.jpg,0,1,-265.31304931640625,112.80723571777344,-276.8538513183594,22.357887268066406,-274.1931457519531,22.074005126953125,-278.5331726074219,10.822246551513672,259.2177734375,256.5419375069885,3.0,2.999999999999999,2.992173671722412,2.992173671722412,0.22965574264526367,0.9982695579528809,2.992173671722412,3.0,259.6637878417969,0.08019115030765533,0.002584889531135559,14.648694038391113,173.90999868913076,-0.4896355575872925,173.42036313154347,173.42036275801752,16.0,2.1998887062072754,18,91.1826400756836,91.166748046875
808,808,/yh/study/new_data/model_dataset_flight/vi/vi_000808.jpg,0,1,-266.9132995605469,113.957763671875,-277.1684265136719,22.391448974609375,-274.5077209472656,22.10757064819336,-278.5331726074219,10.822246551513672,259.53411865234375,256.85829470173263,3.0,2.999999999999999,2.992173671722412,2.992173671722412,0.22965535521507263,0.9982695579528809,2.992173671722412,3.0,259.6637878417969,0.0747700035572052,0.0026937350630760193,14.648694038391113,173.90999868913076,-0.48963427692682315,173.42036441220392,173.42036313154347,16.0,2.1998887062072754,18,92.1387939453125,92.16361236572266
809,809,/yh/study/new_data/model_dataset_flight/vi/vi_000809.jpg,0,1,-268.5203552246094,115.14909362792969,-277.4830017089844,22.42501449584961,-274.8222961425781,22.141132354736328,-278.5331726074219,10.822246551513672,259.8504943847656,257.1746538564275,3.0,2.999999999999999,2.992173671722412,2.992173671722412,0.22965550422668457,0.9982695579528809,2.992173671722412,3.0,259.6637878417969,0.07716994732618332,0.002627819776535034,14.648694038391113,173.90999868913076,-0.48963545086558674,173.42036323826517,173.42036441220395,16.0,2.1998887062072754,18,93.1562271118164,93.22122192382812
810,810,/yh/study/new_data/model_dataset_flight/vi/vi_000810.jpg,0,1,-270.1268615722656,116.34001922607422,-277.7975769042969,22.458576202392578,-275.1368713378906,22.174694061279297,-278.5331726074219,10.822246551513672,260.1668395996094,257.4910115372904,3.0,2.999999999999999,2.992173671722412,2.992173671722412,0.22965514659881592,0.9982695579528809,2.992173671722412,3.0,259.6637878417969,0.07228908687829971,0.002674378454685211,14.648694038391113,173.90999868913076,-0.4896333164314711,173.42036537269928,173.4203632382652,16.0,2.1998887062072754,18,94.19429016113281,94.29851531982422
811,811,/yh/study/new_data/model_dataset_flight/vi/vi_000811.jpg,0,1,-271.73358154296875,117.53112030029297,-278.1121520996094,22.492137908935547,-275.4514465332031,22.20825958251953,-278.5331726074219,10.822246551513672,260.4831848144531,257.8073679001466,3.0,2.999999999999999,2.992173671722412,2.992173671722412,0.2296556532382965,0.9982695579528809,2.992173671722412,3.0,259.6637878417969,0.07709643989801407,0.002594985067844391,14.648694038391113,173.90999868913076,-0.4896351840613223,173.42036350506945,173.4203653726993,16.0,2.1998887062072754,18,95.25279998779297,95.39533996582031
812,812,/yh/study/new_data/model_dataset_flight/vi/vi_000812.jpg,0,1,-273.207763671875,118.68585968017578,-278.4267272949219,22.525699615478516,-275.7660217285156,22.241817474365234,-278.5331726074219,10.822246551513672,260.799560546875,258.12372631090733,3.0,2.999999999999999,2.992173671722412,2.992173671722412,0.2296554297208786,0.9982695579528809,2.992173671722412,3.0,259.6637878417969,0.0748683363199234,0.0027341842651367188,14.648694038391113,173.90999868913076,-0.4896344370093818,173.42036425212137,173.42036350506945,16.0,2.1998887062072754,18,96.30167388916016,96.47797393798828
813,813,/yh/study/new_data/model_dataset_flight/vi/vi_000813.jpg,0,1,-274.8296813964844,119.9563217163086,-278.7413024902344,22.559261322021484,-276.0805969238281,22.27538299560547,-278.5331726074219,10.822246551513672,261.11590576171875,258.44008332649076,3.0,2.999999999999999,2.992173671722412,2.992173671722412,0.22965480387210846,0.9982695579528809,2.992173671722412,3.0,259.6637878417969,0.06951684504747391,0.002716377377510071,14.648694038391113,173.90999868913076,-0.4896319824101488,173.4203667067206,173.4203642521214,16.0,2.1998887062072754,18,97.4755859375,97.6889419555664
814,814,/yh/study/new_data/model_dataset_flight/vi/vi_000814.jpg,0,1,-276.4517517089844,121.2269287109375,-279.0558776855469,22.59282684326172,-276.3951721191406,22.308944702148438,-278.41119384765625,29.854875564575195,261.4322814941406,258.75644232096727,3.0,2.999999999999999,2.9921727180480957,2.9921727180480957,0.22965118288993835,0.9982693195343018,2.992173671722412,3.0,261.5616149902344,0.06213704124093056,0.0020822659134864807,4.2894606590271,173.90999868913076,-0.4896247253341557,173.4203739637966,173.4203667067206,16.0,2.1998887062072754,18,98.66847229003906,98.91799926757812
815,815,/yh/study/new_data/model_dataset_flight/vi/vi_000815.jpg,0,1,-278.048095703125,122.50807189941406,-279.3703918457031,22.626384735107422,-276.7096862792969,22.342506408691406,-283.2644958496094,10.852178573608398,261.74859619140625,259.07279663199023,3.0,2.999999999999999,2.9921720027923584,2.9921720027923584,0.22964930534362793,0.9982692003250122,2.9921717643737793,3.0,264.37158203125,0.06124912202358246,0.0017681233584880829,15.120881080627441,173.90999868913076,-0.4896443087671666,173.4203543803636,173.4203739637966,16.0,2.1998887062072754,18,99.89043426513672,100.17450714111328
816,816,/yh/study/new_data/model_dataset_flight/vi/vi_000816.jpg,0,1,-279.5004577636719,123.67367553710938,-279.6849670410156,22.65994644165039,-277.0243225097656,22.37607192993164,-283.2644958496094,10.852178573608398,262.06494140625,259.38914998129275,3.0,2.999999999999999,2.9921715259552,2.9921715259552,0.2296496331691742,0.9982690811157227,2.992171287536621,3.0,264.37158203125,0.05900106579065323,0.00014113634824752808,15.120881080627441,173.90999868913076,-0.48961874891863194,173.42037994021211,173.4203543803636,16.0,2.1998887062072754,18,101.01390075683594,101.32786560058594
817,817,/yh/study/new_data/model_dataset_flight/vi/vi_000817.jpg,0,1,-281.09844970703125,124.95613098144531,-279.9995422363281,22.693511962890625,-277.3388366699219,22.40963363647461,-288.0263366699219,6.123950958251953,262.3813171386719,259.70550569711673,3.0,2.999999999999999,2.9921715259552,2.9921715259552,0.22965079545974731,0.9982690811157227,2.992171049118042,3.0,268.60491943359375,0.05883869156241417,0.0003654360771179199,20.32761001586914,173.90999868913076,-0.48961250569884374,173.42038618343193,173.42037994021214,16.0,2.1998887062072754,18,102.26852416992188,102.61538696289062
818,818,/yh/study/new_data/model_dataset_flight/vi/vi_000818.jpg,0,1,-283.39080810546875,126.81491088867188,-280.3141174316406,22.727069854736328,-277.6534118652344,22.443191528320312,-288.0263366699219,6.123950958251953,262.6976623535156,260.02186030269354,3.0,2.999999999999999,2.9921715259552,2.9921715259552,0.22965183854103088,0.9982690811157227,2.9921715259552,3.0,268.60491943359375,0.058792006224393845,0.0006967782974243164,20.32761001586914,173.90999868913076,-0.4896090906042587,173.4203895985265,173.42038618343193,16.0,2.1998887062072754,18,104.13330078125,104.529296875
819,819,/yh/study/new_data/model_dataset_flight/vi/vi_000819.jpg,0,1,-285.683837890625,128.6741943359375,-280.6286926269531,22.760631561279297,-277.9679870605469,22.476757049560547,-288.0263366699219,6.123950958251953,263.0140075683594,260.3382139154073,3.0,2.999999999999999,2.9921715259552,2.9921715259552,0.22965005040168762,0.9982690811157227,2.9921715259552,3.0,268.60491943359375,0.05888877436518669,5.1174312829971313e-05,20.32761001586914,173.90999868913076,-0.4896161875976932,173.42038250153306,173.42038959852653,16.0,2.1998887062072754,18,106.03412628173828,106.47736358642578
820,820,/yh/study/new_data/model_dataset_flight/vi/vi_000820.jpg,0,1,-287.1240234375,129.89248657226562,-280.9432678222656,22.79419708251953,-278.2825622558594,22.510318756103516,-283.2644958496094,10.852178573608398,263.33038330078125,260.65456986679266,3.0,2.999999999999999,2.9921715259552,2.9921715259552,0.22964970767498016,0.9982690811157227,2.9921715259552,3.0,264.37158203125,0.05908465012907982,0.00018902868032455444,15.120881080627441,173.90999868913076,-0.489619709413984,173.4203789797168,173.42038250153308,16.0,2.1998887062072754,18,107.27649688720703,107.74554443359375
821,821,/yh/study/new_data/model_dataset_flight/vi/vi_000821.jpg,0,1,-288.7078857421875,131.23231506347656,-281.2578430175781,22.8277587890625,-278.5971374511719,22.543880462646484,-288.0263366699219,6.123950958251953,263.646728515625,260.9709246830254,3.0,2.999999999999999,2.9921720027923584,2.9921720027923584,0.22965335845947266,0.9982692003250122,2.9921715259552,3.0,268.60491943359375,0.058719292283058167,0.0013453103601932526,20.32761001586914,173.90999868913076,-0.4896147468546651,173.4203839422761,173.4203789797168,16.0,2.1998887062072754,18,108.6602554321289,109.1576919555664
822,822,/yh/study/new_data/model_dataset_flight/vi/vi_000822.jpg,0,1,-290.2896728515625,132.5703887939453,-281.5724182128906,22.86132049560547,-278.9117126464844,22.57744598388672,-288.0263366699219,6.123950958251953,263.96307373046875,261.2872784841229,3.0,2.999999999999999,2.9921722412109375,2.9921722412109375,0.22965413331985474,0.9982693195343018,2.9921724796295166,3.0,268.60491943359375,0.058577295392751694,0.0008619464933872223,20.32761001586914,173.90999868913076,-0.48962221737406986,173.4203764717567,173.42038394227612,16.0,2.1998887062072754,18,110.05484771728516,110.5798568725586
823,823,/yh/study/new_data/model_dataset_flight/vi/vi_000823.jpg,0,1,-291.78533935546875,133.79493713378906,-281.8869934082031,22.894886016845703,-279.2262878417969,22.611007690429688,-288.0263366699219,6.123950958251953,264.2794494628906,261.6036346039745,3.0,2.999999999999999,2.9921715259552,2.9921715259552,0.2296510636806488,0.9982690811157227,2.9921724796295166,3.0,268.60491943359375,0.05886959284543991,0.00038721412420272827,20.32761001586914,173.90999868913076,-0.4896122388945793,173.42038645023618,173.4203764717567,16.0,2.1998887062072754,18,111.3409194946289,111.89099884033203
824,824,/yh/study/new_data/model_dataset_flight/vi/vi_000824.jpg,0,1,-293.2826843261719,135.02084350585938,-282.2015686035156,22.928443908691406,-279.5408630371094,22.64456558227539,-288.0263366699219,6.123950958251953,264.5957946777344,261.9199895708619,3.0,2.999999999999999,2.9921715259552,2.9921715259552,0.22965095937252045,0.9982690811157227,2.992170810699463,3.0,268.60491943359375,0.05890493839979172,0.00036895647644996643,20.32761001586914,173.90999868913076,-0.4896126124205495,173.4203860767102,173.42038645023618,16.0,2.1998887062072754,18,112.6387939453125,113.21337127685547
825,825,/yh/study/new_data/model_dataset_flight/vi/vi_000825.jpg,0,1,-294.9261169433594,136.3663787841797,-282.5160827636719,22.962005615234375,-279.8554382324219,22.678131103515625,-288.0263366699219,6.123950958251953,264.9121398925781,262.23634350668567,3.0,2.999999999999999,2.9921720027923584,2.9921720027923584,0.2296524941921234,0.9982692003250122,2.9921715259552,3.0,268.60491943359375,0.058900218456983566,0.0011432059109210968,20.32761001586914,173.90999868913076,-0.4896122922554322,173.42038639687533,173.42038607671023,16.0,2.1998887062072754,18,114.08137512207031,114.68279266357422
826,826,/yh/study/new_data/model_dataset_flight/vi/vi_000826.jpg,0,1,-296.44732666015625,137.60165405273438,-282.8307189941406,22.99557113647461,-280.1700134277344,22.711692810058594,-288.0263366699219,6.123950958251953,265.228515625,262.5526997470192,3.0,2.999999999999999,2.9921722412109375,2.9921722412109375,0.229653999209404,0.9982693195343018,2.9921724796295166,3.0,268.60491943359375,0.05869770795106888,0.0009809993207454681,20.32761001586914,173.90999868913076,-0.48962387156050946,173.42037481757026,173.42038639687533,16.0,2.1998887062072754,18,115.41215515136719,116.03730010986328
827,827,/yh/study/new_data/model_dataset_flight/vi/vi_000827.jpg,0,1,-297.9695129394531,138.8377227783203,-283.1452941894531,23.029136657714844,-280.4845275878906,22.745254516601562,-288.0263366699219,6.123950958251953,265.5448913574219,262.86905804821134,3.0,2.999999999999999,2.9921727180480957,2.9921727180480957,0.22965437173843384,0.9982693195343018,2.9921724796295166,3.0,268.60491943359375,0.05858471244573593,0.0004452243447303772,20.32761001586914,173.90999868913076,-0.4896276068202118,173.42037108231054,173.42037481757026,16.0,2.1998887062072754,18,116.75353240966797,117.40180969238281
828,828,/yh/study/new_data/model_dataset_flight/vi/vi_000828.jpg,0,1,-299.4911193847656,140.0733184814453,-283.4598083496094,23.062694549560547,-280.7991638183594,22.778820037841797,-292.6051940917969,29.944665908813477,265.8612060546875,263.1854117392495,3.0,2.999999999999999,2.9921722412109375,2.9921722412109375,0.22964970767498016,0.9982693195343018,2.992173194885254,3.0,275.68505859375,0.05794768035411835,0.0003845579922199249,2.8728981018066406,173.90999868913076,-0.4896085036348769,173.42039018549588,173.42037108231057,16.0,2.1998887062072754,18,118.10372161865234,118.77452087402344
829,829,/yh/study/new_data/model_dataset_flight/vi/vi_000829.jpg,0,1,-301.0998840332031,141.42408752441406,-283.7744445800781,23.09626007080078,-281.1136779785156,22.8123779296875,-292.6051940917969,29.944665908813477,266.1776123046875,263.50177098723924,3.0,2.999999999999999,2.9921722412109375,2.9921722412109375,0.22964954376220703,0.9982693195343018,2.9921717643737793,3.0,275.68505859375,0.05793606862425804,0.0003649666905403137,2.8728981018066406,173.90999868913076,-0.48960668936587864,173.4203919997649,173.4203901854959,16.0,2.1998887062072754,18,119.58948516845703,120.28376770019531
830,830,/yh/study/new_data/model_dataset_flight/vi/vi_000830.jpg,0,1,-302.5628662109375,142.65243530273438,-284.0890197753906,23.12982177734375,-281.4282531738281,22.84593963623047,-292.6051940917969,29.944665908813477,266.49395751953125,263.81812875153315,3.0,2.999999999999999,2.992173194885254,2.992173194885254,0.22965547442436218,0.9982694387435913,2.9921722412109375,3.0,275.68505859375,0.05769816413521767,0.0003845095634460449,2.8728981018066406,173.90999868913076,-0.48958705257201485,173.42041163655875,173.4203919997649,16.0,2.1998887062072754,18,120.94187927246094,121.65635681152344
831,831,/yh/study/new_data/model_dataset_flight/vi/vi_000831.jpg,0,1,-304.02545166015625,143.8804473876953,-284.4035339355469,23.16338348388672,-281.7428283691406,22.879505157470703,-292.6051940917969,29.944665908813477,266.810302734375,264.13448518899935,3.0,2.999999999999999,2.992173194885254,2.992173194885254,0.22965559363365173,0.9982694387435913,2.9921741485595703,3.0,275.68505859375,0.057667285203933716,0.00028491392731666565,2.8728981018066406,173.90999868913076,-0.48958822651077843,173.42041046261997,173.42041163655875,16.0,2.1998887062072754,18,122.30138397216797,123.03553771972656
832,832,/yh/study/new_data/model_dataset_flight/vi/vi_000832.jpg,0,1,-305.5746765136719,145.14605712890625,-284.7181701660156,23.196949005126953,-282.0574035644531,22.913066864013672,-292.6051940917969,29.944665908813477,267.1266784667969,264.4508436664818,3.0,2.999999999999999,2.992173194885254,2.992173194885254,0.22965526580810547,0.9982694387435913,2.992173194885254,3.0,275.68505859375,0.057746272534132004,0.0005820617079734802,2.8728981018066406,173.90999868913076,-0.4895810761564911,173.42041761297426,173.42041046262,16.0,2.1998887062072754,18,123.71976470947266,124.47476196289062
833,833,/yh/study/new_data/model_dataset_flight/vi/vi_000833.jpg,0,1,-307.1240539550781,146.41177368164062,-285.0326843261719,23.230510711669922,-282.3719787597656,22.946632385253906,-287.9958190917969,10.882107734680176,267.4430236816406,264.7672007417325,3.0,2.999999999999999,2.992173194885254,2.992173194885254,0.22965559363365173,0.9982694387435913,2.992173194885254,3.0,269.0793762207031,0.05768841505050659,0.00011530891060829163,15.593070983886719,173.90999868913076,-0.4895948966173898,173.42040379251338,173.4204176129743,16.0,2.1998887062072754,18,125.14652252197266,125.92182922363281
834,834,/yh/study/new_data/model_dataset_flight/vi/vi_000834.jpg,0,1,-308.672119140625,147.6764373779297,-285.3473205566406,23.26407241821289,-282.6865539550781,22.980194091796875,-292.6051940917969,29.944665908813477,267.7593994140625,265.0835597895678,3.0,2.999999999999999,2.992173194885254,2.992173194885254,0.22965547442436218,0.9982694387435913,2.992173194885254,3.0,275.68505859375,0.05766528099775314,0.0002725869417190552,2.8728981018066406,173.90999868913076,-0.4895873193762793,173.42041136975448,173.42040379251338,16.0,2.1998887062072754,18,126.57994842529297,127.37505340576172
835,835,/yh/study/new_data/model_dataset_flight/vi/vi_000835.jpg,0,1,-310.2829284667969,148.9464569091797,-285.6618347167969,23.29763412475586,-283.0011291503906,23.013751983642578,-292.6051940917969,29.944665908813477,268.07574462890625,265.3999173748692,3.0,2.999999999999999,2.992173194885254,2.992173194885254,0.22965550422668457,0.9982694387435913,2.992173194885254,3.0,275.68505859375,0.0576089508831501,4.106387495994568e-05,2.8728981018066406,173.90999868913076,-0.48959169496621635,173.42040699416455,173.4204113697545,16.0,2.1998887062072754,18,128.0383758544922,128.8539581298828
836,836,/yh/study/new_data/model_dataset_flight/vi/vi_000836.jpg,0,1,-311.89483642578125,150.2173309326172,-285.9764099121094,23.331195831298828,-283.3157043457031,23.047317504882812,-292.6051940917969,29.944665908813477,268.39208984375,265.7162736522674,3.0,2.999999999999999,2.992173194885254,2.992173194885254,0.2296554148197174,0.9982694387435913,2.992173194885254,3.0,275.68505859375,0.05764305219054222,0.00018834322690963745,2.8728981018066406,173.90999868913076,-0.48958881348016026,173.4204098756506,173.42040699416455,16.0,2.1998887062072754,18,129.50621032714844,130.34178161621094
837,837,/yh/study/new_data/model_dataset_flight/vi/vi_000837.jpg,0,1,-313.3596496582031,151.3722381591797,-286.2909851074219,23.364761352539062,-283.6302795410156,23.08087921142578,-292.6051940917969,29.944665908813477,268.7084655761719,266.03263198660545,3.0,2.999999999999999,2.992173194885254,2.992173194885254,0.22965523600578308,0.9982694387435913,2.992173194885254,3.0,275.68505859375,0.05771986395120621,0.0005225315690040588,2.8728981018066406,173.90999868913076,-0.4895821967344018,173.42041649239636,173.42040987565062,16.0,2.1998887062072754,18,130.83816528320312,131.69094848632812
838,838,/yh/study/new_data/model_dataset_flight/vi/vi_000838.jpg,0,1,-314.9186706542969,152.59669494628906,-286.6055603027344,23.39832305908203,-283.9448547363281,23.114444732666016,-292.6051940917969,29.944665908813477,269.0248107910156,266.3489889338462,3.0,2.999999999999999,2.992173194885254,2.992173194885254,0.22965534031391144,0.9982694387435913,2.992173194885254,3.0,275.68505859375,0.05763918533921242,0.00021095573902130127,2.8728981018066406,173.90999868913076,-0.4895877462631024,173.42041094286765,173.42041649239636,16.0,2.1998887062072754,18,132.26431274414062,133.13539123535156
839,839,/yh/study/new_data/model_dataset_flight/vi/vi_000839.jpg,0,1,-316.47821044921875,153.82154846191406,-286.9201354980469,23.431884765625,-284.2594299316406,23.148006439208984,-292.6051940917969,29.944665908813477,269.3411865234375,266.66534786720575,3.0,2.999999999999999,2.992173194885254,2.992173194885254,0.22965553402900696,0.9982694387435913,2.992173194885254,3.0,275.68505859375,0.05759548395872116,2.6032328605651855e-05,2.8728981018066406,173.90999868913076,-0.4895919617704808,173.42040672736027,173.42041094286768,16.0,2.1998887062072754,18,133.69796752929688,134.5868682861328
840,840,/yh/study/new_data/model_dataset_flight/vi/vi_000840.jpg,0,1,-318.0369567871094,155.04579162597656,-287.2347106933594,23.46544647216797,-284.5740051269531,23.181568145751953,-292.6051940917969,29.944665908813477,269.65753173828125,266.9817053501347,3.0,2.999999999999999,2.992173194885254,2.992173194885254,0.22965538501739502,0.9982694387435913,2.992173194885254,3.0,275.68505859375,0.05765139311552048,0.00021828711032867432,2.8728981018066406,173.90999868913076,-0.4895879063456611,173.4204107827851,173.4204067273603,16.0,2.1998887062072754,18,135.13758850097656,136.0438995361328
841,841,/yh/study/new_data/model_dataset_flight/vi/vi_000841.jpg,0,1,-319.66668701171875,156.27857971191406,-287.5492858886719,23.499011993408203,-284.8885803222656,23.215129852294922,-292.6051940917969,29.944665908813477,269.9739074707031,267.2980647625452,3.0,2.999999999999999,2.992173194885254,2.992173194885254,0.22965535521507263,0.9982694387435913,2.992173194885254,3.0,275.68505859375,0.05769796296954155,0.0003981254994869232,2.8728981018066406,173.90999868913076,-0.4895834240340183,173.42041526509675,173.4204107827851,16.0,2.1998887062072754,18,136.6087188720703,137.53326416015625
842,842,/yh/study/new_data/model_dataset_flight/vi/vi_000842.jpg,0,1,-321.2928466796875,157.50868225097656,-287.8638610839844,23.532573699951172,-285.2031555175781,23.24869155883789,-292.6051940917969,29.944665908813477,270.2902526855469,267.614422673876,3.0,2.999999999999999,2.992173194885254,2.992173194885254,0.22965538501739502,0.9982694387435913,2.992173194885254,3.0,275.68505859375,0.05768294259905815,0.0002592504024505615,2.8728981018066406,173.90999868913076,-0.4895868924894562,173.4204117966413,173.42041526509675,16.0,2.1998887062072754,18,138.08364868164062,139.02593994140625
843,843,/yh/study/new_data/model_dataset_flight/vi/vi_000843.jpg,0,1,-322.7755432128906,158.63027954101562,-288.1784362792969,23.56613540649414,-285.5177307128906,23.282257080078125,-292.6051940917969,29.944665908813477,270.6065979003906,267.9307792428332,3.0,2.999999999999999,2.992173194885254,2.992173194885254,0.22965526580810547,0.9982694387435913,2.992173194885254,3.0,275.68505859375,0.057707805186510086,0.00038439780473709106,2.8728981018066406,173.90999868913076,-0.4895835307557241,173.42041515837502,173.4204117966413,16.0,2.1998887062072754,18,139.42483520507812,140.3824462890625
844,844,/yh/study/new_data/model_dataset_flight/vi/vi_000844.jpg,0,1,-324.4669494628906,159.92913818359375,-288.4930114746094,23.599700927734375,-285.8323059082031,23.315818786621094,-292.6051940917969,29.944665908813477,270.9229736328125,268.2471378379043,3.0,2.999999999999999,2.9921727180480957,2.9921727180480957,0.22965507209300995,0.9982693195343018,2.992173194885254,3.0,275.68505859375,0.057767678052186966,0.0006465353071689606,2.8728981018066406,173.90999868913076,-0.4895769140099656,173.4204217751208,173.42041515837505,16.0,2.1998887062072754,18,140.99588012695312,141.9712371826172
845,845,/yh/study/new_data/model_dataset_flight/vi/vi_000845.jpg,0,1,-326.00640869140625,161.111328125,-288.8075256347656,23.633258819580078,-286.1468200683594,23.349380493164062,-292.6051940917969,29.944665908813477,271.2392883300781,268.5634917917502,3.0,2.999999999999999,2.992171049118042,2.992171049118042,0.22964036464691162,0.9982689619064331,2.9921722412109375,3.0,275.68505859375,0.05738959088921547,1.5813857316970825e-05,2.8728981018066406,173.90999868913076,-0.4896677341815856,173.42033095494918,173.42042177512081,16.0,2.1998887062072754,18,142.4218292236328,143.41249084472656
846,846,/yh/study/new_data/model_dataset_flight/vi/vi_000846.jpg,0,1,-327.5447692871094,162.2926788330078,-289.1221008300781,23.66681671142578,-286.4614562988281,23.38294219970703,-292.6051940917969,29.944665908813477,271.5556335449219,268.87984482163927,3.0,2.999999999999999,2.992171049118042,2.992171049118042,0.22964021563529968,0.9982689619064331,2.9921693801879883,3.0,275.68505859375,0.05739959329366684,5.647912621498108e-05,2.8728981018066406,173.90999868913076,-0.4896673072947625,173.420331381836,173.42033095494918,16.0,2.1998887062072754,18,143.8520965576172,144.85768127441406
847,847,/yh/study/new_data/model_dataset_flight/vi/vi_000847.jpg,0,1,-329.7925720214844,164.03598022460938,-289.4366760253906,23.700382232666016,-286.7759704589844,23.41650390625,-302.1898193359375,10.971888542175293,271.87200927734375,269.1962002518207,3.0,2.999999999999999,2.992171049118042,2.992171049118042,0.22964057326316833,0.9982689619064331,2.992171049118042,3.0,283.2027587890625,0.05741700530052185,7.534772157669067e-05,17.009645462036133,173.90999868913076,-0.4896677341815856,173.42033095494918,173.420331381836,16.0,2.1998887062072754,18,146.0228729248047,147.05191040039062
848,848,/yh/study/new_data/model_dataset_flight/vi/vi_000848.jpg,0,1,-332.25274658203125,165.9439697265625,-289.7512512207031,23.733943939208984,-287.0905456542969,23.45006561279297,-292.6051940917969,29.944665908813477,272.1883544921875,269.5125546019554,3.0,2.999999999999999,2.992171049118042,2.992171049118042,0.22964036464691162,0.9982689619064331,2.992171049118042,3.0,275.68505859375,0.05737505108118057,9.432435035705566e-06,2.8728981018066406,173.90999868913076,-0.4896673606556154,173.42033132847516,173.42033095494918,16.0,2.1998887062072754,18,148.42529296875,149.47955322265625
849,849,/yh/study/new_data/model_dataset_flight/vi/vi_000849.jpg,0,1,-333.7705078125,167.15240478515625,-290.0658264160156,23.767505645751953,-287.4051208496094,23.483631134033203,-302.1898193359375,10.971888542175293,272.50469970703125,269.82890798623447,3.0,2.999999999999999,2.992171049118042,2.992171049118042,0.22964051365852356,0.9982689619064331,2.992171049118042,3.0,283.2027587890625,0.05738058313727379,3.1366944313049316e-05,17.009645462036133,173.90999868913076,-0.48966709385135093,173.4203315952794,173.42033132847516,16.0,2.1998887062072754,18,149.89773559570312,150.96511840820312
850,850,/yh/study/new_data/model_dataset_flight/vi/vi_000850.jpg,0,1,-335.2862854003906,168.35928344726562,-290.3804016113281,23.801071166992188,-287.7196960449219,23.517192840576172,-302.1898193359375,10.971888542175293,272.8210754394531,270.14526373333695,3.0,2.999999999999999,2.992171049118042,2.992171049118042,0.22964036464691162,0.9982689619064331,2.992171049118042,3.0,283.2027587890625,0.0573723204433918,1.7508864402770996e-06,17.009645462036133,173.90999868913076,-0.4896674140164683,173.42033127511428,173.4203315952794,16.0,2.1998887062072754,18,151.3724365234375,152.45265197753906
851,851,/yh/study/new_data/model_dataset_flight/vi/vi_000851.jpg,0,1,-336.9504699707031,169.68429565429688,-290.6949768066406,23.834632873535156,-288.0342712402344,23.55075454711914,-302.1898193359375,10.971888542175293,273.1374206542969,270.46161836688526,3.0,2.999999999999999,2.992171049118042,2.992171049118042,0.229640394449234,0.9982689619064331,2.992171049118042,3.0,283.2027587890625,0.057377155870199203,1.2617558240890503e-05,17.009645462036133,173.90999868913076,-0.48966704049049803,173.42033164864026,173.4203312751143,16.0,2.1998887062072754,18,153.00881958007812,154.10324096679688
852,852,/yh/study/new_data/model_dataset_flight/vi/vi_000852.jpg,0,1,-338.47467041015625,170.87103271484375,-291.0095520019531,23.86819076538086,-288.3488464355469,23.58431625366211,-292.6051940917969,29.944665908813477,273.4537658691406,270.7779720046132,3.0,2.999999999999999,2.992171049118042,2.992171049118042,0.22964031994342804,0.9982689619064331,2.992171049118042,3.0,275.68505859375,0.05738027021288872,1.1026859283447266e-05,2.8728981018066406,173.90999868913076,-0.48966762745987985,173.42033106167088,173.42033164864029,16.0,2.1998887062072754,18,154.47579956054688,155.5826873779297
853,853,/yh/study/new_data/model_dataset_flight/vi/vi_000853.jpg,0,1,-340.1466979980469,172.17286682128906,-291.3241271972656,23.901756286621094,-288.6634216308594,23.617877960205078,-302.1898193359375,10.971888542175293,273.7701416015625,271.09432797836797,3.0,2.999999999999999,2.992171049118042,2.992171049118042,0.22964036464691162,0.9982689619064331,2.992171049118042,3.0,283.2027587890625,0.05743510648608208,9.06623899936676e-05,17.009645462036133,173.90999868913076,-0.48966885475949634,173.42032983437127,173.42033106167088,16.0,2.1998887062072754,18,156.1024169921875,157.22312927246094
854,854,/yh/study/new_data/model_dataset_flight/vi/vi_000854.jpg,0,1,-341.66864013671875,173.35784912109375,-291.6387023925781,23.935317993164062,-288.9779968261719,23.651439666748047,-302.1898193359375,10.971888542175293,274.08648681640625,271.4106828146051,3.0,2.999999999999999,2.992171049118042,2.992171049118042,0.22964058816432953,0.9982689619064331,2.992171049118042,3.0,283.2027587890625,0.05748065933585167,0.0001827031373977661,17.009645462036133,173.90999868913076,-0.48966874803779054,173.42032994109297,173.42032983437127,16.0,2.1998887062072754,18,157.57565307617188,158.70826721191406
855,855,/yh/study/new_data/model_dataset_flight/vi/vi_000855.jpg,0,1,-343.20819091796875,174.47422790527344,-291.9532165527344,23.96887969970703,-289.2925720214844,23.68500518798828,-302.1898193359375,10.971888542175293,274.40283203125,271.7270366335919,3.0,2.999999999999999,2.992171049118042,2.992171049118042,0.22964069247245789,0.9982689619064331,2.992171049118042,3.0,283.2027587890625,0.05750013887882233,0.0002338215708732605,17.009645462036133,173.90999868913076,-0.4896689614812021,173.42032972764954,173.42032994109297,16.0,2.1998887062072754,18,158.9934844970703,160.13832092285156
856,856,/yh/study/new_data/model_dataset_flight/vi/vi_000856.jpg,0,1,-344.8912658691406,175.6946563720703,-292.2678527832031,24.002445220947266,-289.6071472167969,23.71856689453125,-302.1898193359375,10.971888542175293,274.7192077636719,272.0433927694414,3.0,2.999999999999999,2.992171049118042,2.992171049118042,0.22964076697826385,0.9982689619064331,2.992171049118042,3.0,283.2027587890625,0.057480648159980774,0.00019505247473716736,17.009645462036133,173.90999868913076,-0.4896694417288781,173.4203292474019,173.42032972764957,16.0,2.1998887062072754,18,160.56072998046875,161.71910095214844
857,857,/yh/study/new_data/model_dataset_flight/vi/vi_000857.jpg,0,1,-346.4276428222656,176.80874633789062,-292.5823669433594,24.036006927490234,-289.9216613769531,23.75212860107422,-302.1898193359375,10.971888542175293,275.0355529785156,272.35974775063534,3.0,2.999999999999999,2.992171049118042,2.992171049118042,0.22964072227478027,0.9982689619064331,2.992171049118042,3.0,283.2027587890625,0.05747956410050392,0.00021818652749061584,17.009645462036133,173.90999868913076,-0.48966885475949634,173.42032983437127,173.4203292474019,16.0,2.1998887062072754,18,161.98402404785156,163.15406799316406
858,858,/yh/study/new_data/model_dataset_flight/vi/vi_000858.jpg,0,1,-348.1031188964844,177.86666870117188,-292.8969421386719,24.069564819335938,-290.2362976074219,23.785690307617188,-302.1898193359375,10.971888542175293,275.3518981933594,272.676101699253,3.0,2.999999999999999,2.992171049118042,2.992171049118042,0.22964102029800415,0.9982689619064331,2.992171049118042,3.0,283.2027587890625,0.057529516518116,0.00030218809843063354,17.009645462036133,173.90999868913076,-0.48966938836802526,173.42032930076275,173.42032983437127,16.0,2.1998887062072754,18,163.40524291992188,164.58892822265625
859,859,/yh/study/new_data/model_dataset_flight/vi/vi_000859.jpg,0,1,-349.77764892578125,178.9239959716797,-293.2115173339844,24.103130340576172,-290.5508117675781,23.819252014160156,-302.1898193359375,10.971888542175293,275.66827392578125,272.9924579510278,3.0,2.999999999999999,2.992171049118042,2.992171049118042,0.2296411246061325,0.9982689619064331,2.992171049118042,3.0,283.2027587890625,0.05754496157169342,0.00032684579491615295,17.009645462036133,173.90999868913076,-0.48967002869825993,173.4203286604325,173.42032930076275,16.0,2.1998887062072754,18,164.83090209960938,166.0279998779297
860,860,/yh/study/new_data/model_dataset_flight/vi/vi_000860.jpg,0,1,-351.4521789550781,179.98135375976562,-293.5260925292969,24.13669204711914,-290.8653869628906,23.852813720703125,-306.7687072753906,34.792598724365234,275.984619140625,273.3088130358904,3.0,2.999999999999999,2.9921720027923584,2.9921720027923584,0.22964881360530853,0.9982692003250122,2.992171049118042,3.0,288.9924621582031,0.058613091707229614,0.0011642277240753174,6.323930740356445,173.90999868913076,-0.48959841843368057,173.4204002706971,173.42032866043252,16.0,2.1998887062072754,18,166.26182556152344,167.47203063964844
861,861,/yh/study/new_data/model_dataset_flight/vi/vi_000861.jpg,0,1,-353.1844177246094,180.97923278808594,-293.8406677246094,24.17025375366211,-291.1799621582031,23.886375427246094,-306.7687072753906,34.792598724365234,276.30096435546875,273.6251670772161,3.0,2.999999999999999,2.9921720027923584,2.9921720027923584,0.22964918613433838,0.9982692003250122,2.992172956466675,3.0,289.3088073730469,0.05871466174721718,0.0011715330183506012,6.267031669616699,173.90999868913076,-0.48959831171197477,173.4204003774188,173.4204002706971,16.0,2.1998887062072754,18,167.66256713867188,168.88670349121094
862,862,/yh/study/new_data/model_dataset_flight/vi/vi_000862.jpg,0,1,-354.9168395996094,181.9772186279297,-294.1552429199219,24.203815460205078,-291.4945373535156,23.919940948486328,-306.7687072753906,34.792598724365234,276.6173095703125,273.9415201853359,3.0,2.999999999999999,2.9921720027923584,2.9921720027923584,0.22964921593666077,0.9982692003250122,2.9921720027923584,3.0,289.6251525878906,0.058726716786623,0.0011880658566951752,6.225706577301025,173.90999868913076,-0.4895993255681797,173.42039936356258,173.4204003774188,16.0,2.1998887062072754,18,169.06927490234375,170.3070526123047
863,863,/yh/study/new_data/model_dataset_flight/vi/vi_000863.jpg,0,1,-356.65032958984375,182.97584533691406,-294.4698181152344,24.237377166748047,-291.8091125488281,23.95349884033203,-306.7687072753906,34.792598724365234,276.9336853027344,274.2578756854769,3.0,2.999999999999999,2.9921720027923584,2.9921720027923584,0.22964930534362793,0.9982692003250122,2.9921720027923584,3.0,289.9415283203125,0.05871887877583504,0.0011813193559646606,6.2002644538879395,173.90999868913076,-0.48959916548562105,173.42039952364513,173.42039936356258,16.0,2.1998887062072754,18,170.48260498046875,171.7337646484375
864,864,/yh/study/new_data/model_dataset_flight/vi/vi_000864.jpg,0,1,-358.3006896972656,183.98841857910156,-294.7843933105469,24.270938873291016,-292.1236877441406,23.987060546875,-306.7687072753906,34.792598724365234,277.2500305175781,274.57423009817444,3.0,2.999999999999999,2.9921720027923584,2.9921720027923584,0.22964909672737122,0.9982692003250122,2.9921720027923584,3.0,290.25787353515625,0.058668892830610275,0.0011691972613334656,6.19090461730957,173.90999868913076,-0.48959793818600456,173.42040075094476,173.42039952364516,16.0,2.1998887062072754,18,171.8836669921875,173.1468505859375
865,865,/yh/study/new_data/model_dataset_flight/vi/vi_000865.jpg,0,1,-359.9513244628906,185.0011749267578,-295.0989074707031,24.304500579833984,-292.4382629394531,24.020626068115234,-306.7687072753906,34.792598724365234,277.5663757324219,274.8905835384017,3.0,2.999999999999999,2.9921720027923584,2.9921720027923584,0.229649156332016,0.9982692003250122,2.9921720027923584,3.0,290.2829895019531,0.058729737997055054,0.0012131482362747192,6.190858364105225,173.90999868913076,-0.48959831171197477,173.4204003774188,173.42040075094476,16.0,2.1998887062072754,18,173.28952026367188,174.564453125
866,866,/yh/study/new_data/model_dataset_flight/vi/vi_000866.jpg,0,1,-361.76678466796875,186.11505126953125,-295.4135437011719,24.33806610107422,-292.7528381347656,24.054187774658203,-306.7687072753906,34.792598724365234,277.88275146484375,275.20693933553713,3.0,2.999999999999999,2.9921720027923584,2.9921720027923584,0.229649156332016,0.9982692003250122,2.9921720027923584,3.0,290.2829895019531,0.05870407819747925,0.001188524067401886,6.190858364105225,173.90999868913076,-0.489598204990269,173.4204004841405,173.4204003774188,16.0,2.1998887062072754,18,174.85577392578125,176.14382934570312
867,867,/yh/study/new_data/model_dataset_flight/vi/vi_000867.jpg,0,1,-363.35491943359375,187.07640075683594,-295.7280578613281,24.371627807617188,-293.0673522949219,24.087749481201172,-306.7687072753906,34.792598724365234,278.1990966796875,275.5232940138285,3.0,2.999999999999999,2.9921720027923584,2.9921720027923584,0.22964899241924286,0.9982692003250122,2.9921720027923584,3.0,290.2829895019531,0.05866776406764984,0.0012007392942905426,6.190858364105225,173.90999868913076,-0.4895981516294161,173.42040053750134,173.42040048414052,16.0,2.1998887062072754,18,176.1994171142578,177.498291015625
868,868,/yh/study/new_data/model_dataset_flight/vi/vi_000868.jpg,0,1,-365.09765625,188.13133239746094,-296.0426330566406,24.405189514160156,-293.3819885253906,24.121315002441406,-306.7687072753906,34.792598724365234,278.51544189453125,275.83964769156887,3.0,2.999999999999999,2.9921720027923584,2.9921720027923584,0.22964899241924286,0.9982692003250122,2.9921720027923584,3.0,290.2829895019531,0.058684010058641434,0.001195017248392105,6.190858364105225,173.90999868913076,-0.4895982583511219,173.42040043077964,173.42040053750137,16.0,2.1998887062072754,18,177.693115234375,179.00396728515625
869,869,/yh/study/new_data/model_dataset_flight/vi/vi_000869.jpg,0,1,-366.8424072265625,189.18746948242188,-296.3572082519531,24.438751220703125,-293.6965026855469,24.15487289428711,-306.7687072753906,34.792598724365234,278.8318176269531,276.15600370110565,3.0,2.999999999999999,2.9921720027923584,2.9921720027923584,0.22964918613433838,0.9982692003250122,2.9921720027923584,3.0,290.2829895019531,0.0587460957467556,0.0012180209159851074,6.190858364105225,173.90999868913076,-0.48959841843368057,173.4204002706971,173.42040043077964,16.0,2.1998887062072754,18,179.1934814453125,180.51614379882812
870,870,/yh/study/new_data/model_dataset_flight/vi/vi_000870.jpg,0,1,-368.55572509765625,190.2322540283203,-296.6717834472656,24.472312927246094,-294.0110778808594,24.188434600830078,-306.7687072753906,34.792598724365234,279.1481628417969,276.4723585693416,3.0,2.999999999999999,2.9921720027923584,2.9921720027923584,0.22964900732040405,0.9982692003250122,2.9921720027923584,3.0,290.2829895019531,0.05871355161070824,0.0012211427092552185,6.190858364105225,173.90999868913076,-0.4895981516294161,173.42040053750134,173.4204002706971,16.0,2.1998887062072754,18,180.67556762695312,182.00949096679688
871,871,/yh/study/new_data/model_dataset_flight/vi/vi_000871.jpg,0,1,-370.2688903808594,191.27691650390625,-296.9863586425781,24.505874633789062,-294.3256530761719,24.222000122070312,-306.7687072753906,34.792598724365234,279.4645080566406,276.7887124169442,3.0,2.999999999999999,2.9921720027923584,2.9921720027923584,0.22964926064014435,0.9982692003250122,2.9921720027923584,3.0,290.2829895019531,0.05875008553266525,0.00120534747838974,6.190858364105225,173.90999868913076,-0.48959873859879793,173.42039995053196,173.42040053750137,16.0,2.1998887062072754,18,182.16177368164062,183.50674438476562
872,872,/yh/study/new_data/model_dataset_flight/vi/vi_000872.jpg,0,1,-371.8260803222656,192.22650146484375,-297.3009338378906,24.539440155029297,-294.6402282714844,24.25556182861328,-306.7687072753906,34.792598724365234,279.7808837890625,277.1050685783839,3.0,2.999999999999999,2.9921720027923584,2.9921720027923584,0.22964921593666077,0.9982692003250122,2.9921720027923584,3.0,290.2829895019531,0.058712031692266464,0.0011986009776592255,6.190858364105225,173.90999868913076,-0.4895981516294161,173.42040053750134,173.420399950532,16.0,2.1998887062072754,18,183.50189208984375,184.85641479492188
873,873,/yh/study/new_data/model_dataset_flight/vi/vi_000873.jpg,0,1,-373.537841796875,193.2503204345703,-297.6155090332031,24.573001861572266,-294.9548034667969,24.28912353515625,-306.7687072753906,34.792598724365234,280.09722900390625,277.42142358246247,3.0,2.999999999999999,2.9921720027923584,2.9921720027923584,0.22964909672737122,0.9982692003250122,2.9921720027923584,3.0,290.2829895019531,0.058688320219516754,0.001199580729007721,6.190858364105225,173.90999868913076,-0.48959841843368057,173.4204002706971,173.42040053750137,16.0,2.1998887062072754,18,184.976318359375,186.34156799316406
874,874,/yh/study/new_data/model_dataset_flight/vi/vi_000874.jpg,0,1,-375.2490539550781,194.27381896972656,-297.9300842285156,24.606563568115234,-295.2693786621094,24.32268524169922,-306.7687072753906,34.792598724365234,280.41357421875,277.7377775515452,3.0,2.999999999999999,2.9921720027923584,2.9921720027923584,0.22964924573898315,0.9982692003250122,2.9921720027923584,3.0,290.2829895019531,0.05873681604862213,0.001231905072927475,6.190858364105225,173.90999868913076,-0.48959788482515165,173.42040080430561,173.4204002706971,16.0,2.1998887062072754,18,186.45428466796875,187.830078125
875,875,/yh/study/new_data/model_dataset_flight/vi/vi_000875.jpg,0,1,-376.96295166015625,195.29891967773438,-298.2446594238281,24.640125274658203,-295.5839538574219,24.356246948242188,-311.530517578125,30.064363479614258,280.7299499511719,278.0541338216213,3.0,2.999999999999999,2.9921727180480957,2.9921727180480957,0.2296510487794876,0.9982693195343018,2.9921720027923584,3.0,293.7377624511719,0.058848313987255096,0.0010151267051696777,1.2548357248306274,173.90999868913076,-0.4896181619492501,173.42038052718152,173.42040080430561,16.0,2.1998887062072754,18,187.93881225585938,189.324951171875
876,876,/yh/study/new_data/model_dataset_flight/vi/vi_000876.jpg,0,1,-379.53057861328125,196.84576416015625,-298.5592346191406,24.673690795898438,-295.8985290527344,24.389808654785156,-311.530517578125,30.064363479614258,281.04632568359375,278.3704921494114,3.0,2.999999999999999,2.9921727180480957,2.9921727180480957,0.2296510487794876,0.9982693195343018,2.992173433303833,3.0,294.05413818359375,0.05889834836125374,0.0010567046701908112,1.0872431993484497,173.90999868913076,-0.48961794850583856,173.42038074062492,173.42038052718152,16.0,2.1998887062072754,18,190.26187133789062,191.6647491455078
877,877,/yh/study/new_data/model_dataset_flight/vi/vi_000877.jpg,0,1,-382.0998229980469,198.3936004638672,-298.8738098144531,24.707252502441406,-296.2131042480469,24.42337417602539,-311.530517578125,30.064363479614258,281.3626708984375,278.6868490907965,3.0,2.999999999999999,2.9921727180480957,2.9921727180480957,0.2296510934829712,0.9982693195343018,2.9921727180480957,3.0,294.3704833984375,0.05888932943344116,0.0010433755815029144,0.9948640465736389,173.90999868913076,-0.48961832203180883,173.42038036709894,173.42038074062492,16.0,2.1998887062072754,18,192.59677124023438,194.01589965820312
878,878,/yh/study/new_data/model_dataset_flight/vi/vi_000878.jpg,0,1,-383.7599182128906,199.38453674316406,-299.1883850097656,24.74081802368164,-296.5276794433594,24.45693588256836,-311.530517578125,30.064363479614258,281.6790466308594,279.0032080189195,3.0,2.999999999999999,2.9921727180480957,2.9921727180480957,0.22965112328529358,0.9982693195343018,2.9921727180480957,3.0,294.5162658691406,0.05891101434826851,0.0010662861168384552,0.9841191172599792,173.90999868913076,-0.48961874891863194,173.42037994021211,173.42038036709897,16.0,2.1998887062072754,18,194.04322814941406,195.4715576171875
879,879,/yh/study/new_data/model_dataset_flight/vi/vi_000879.jpg,0,1,-385.42144775390625,200.3763427734375,-299.5029602050781,24.77437973022461,-296.8422546386719,24.490501403808594,-311.530517578125,30.064363479614258,281.9953918457031,279.31956549716557,3.0,2.999999999999999,2.9921727180480957,2.9921727180480957,0.22965095937252045,0.9982693195343018,2.9921727180480957,3.0,294.5162658691406,0.058806162327528,0.0010376572608947754,0.9841191172599792,173.90999868913076,-0.48961757497986835,173.4203811141509,173.42037994021214,16.0,2.1998887062072754,18,195.4943389892578,196.9317169189453
880,880,/yh/study/new_data/model_dataset_flight/vi/vi_000880.jpg,0,1,-387.2469177246094,201.4660186767578,-299.8175354003906,24.807941436767578,-297.1568298339844,24.524059295654297,-311.530517578125,30.064363479614258,282.311767578125,279.6359249053883,3.0,2.999999999999999,2.9921727180480957,2.9921727180480957,0.22965091466903687,0.9982693195343018,2.9921727180480957,3.0,294.5162658691406,0.05891752988100052,0.0011219531297683716,0.9841191172599792,173.90999868913076,-0.48961917580545505,173.42037951332532,173.4203811141509,16.0,2.1998887062072754,18,197.1090545654297,198.55648803710938
881,881,/yh/study/new_data/model_dataset_flight/vi/vi_000881.jpg,0,1,-388.8319396972656,202.5543670654297,-300.1321105957031,24.841503143310547,-297.4713439941406,24.557621002197266,-311.530517578125,30.064363479614258,282.62811279296875,279.9522828129741,3.0,2.999999999999999,2.9921727180480957,2.9921727180480957,0.2296508550643921,0.9982693195343018,2.9921727180480957,3.0,294.5162658691406,0.058945272117853165,0.001126367598772049,0.9841191172599792,173.90999868913076,-0.4896184821143675,173.4203802070164,173.42037951332532,16.0,2.1998887062072754,18,198.61903381347656,200.07398986816406
882,882,/yh/study/new_data/model_dataset_flight/vi/vi_000882.jpg,0,1,-390.573974609375,203.75054931640625,-300.4466857910156,24.875064849853516,-297.7859802246094,24.5911865234375,-311.530517578125,30.064363479614258,282.9444580078125,280.26863937858224,3.0,2.999999999999999,2.9921727180480957,2.9921727180480957,0.22965079545974731,0.9982693195343018,2.9921727180480957,3.0,294.5162658691406,0.05890106037259102,0.001138925552368164,0.9841191172599792,173.90999868913076,-0.48961832203180883,173.42038036709894,173.4203802070164,16.0,2.1998887062072754,18,200.29820251464844,201.761474609375
883,883,/yh/study/new_data/model_dataset_flight/vi/vi_000883.jpg,0,1,-392.15911865234375,204.8389892578125,-300.7612609863281,24.90863037109375,-298.1004943847656,24.62474822998047,-311.530517578125,30.064363479614258,283.2608337402344,280.5849979706584,3.0,2.999999999999999,2.9921727180480957,2.9921727180480957,0.2296508550643921,0.9982693195343018,2.9921727180480957,3.0,294.5162658691406,0.05886884406208992,0.0011091642081737518,0.9841191172599792,173.90999868913076,-0.48961752161901545,173.42038116751175,173.42038036709897,16.0,2.1998887062072754,18,201.8130340576172,203.28353881835938
884,884,/yh/study/new_data/model_dataset_flight/vi/vi_000884.jpg,0,1,-393.6463928222656,206.11888122558594,-301.0758361816406,24.94219207763672,-298.4151306152344,24.658313751220703,-311.530517578125,30.064363479614258,283.5771789550781,280.9013551483871,3.0,2.999999999999999,2.9921727180480957,2.9921727180480957,0.22965073585510254,0.9982693195343018,2.9921727180480957,3.0,294.5162658691406,0.05892688408493996,0.0011575110256671906,0.9841191172599792,173.90999868913076,-0.489618215310103,173.42038047382064,173.42038116751175,16.0,2.1998887062072754,18,203.45590209960938,204.9315185546875
885,885,/yh/study/new_data/model_dataset_flight/vi/vi_000885.jpg,0,1,-395.1337890625,207.39883422851562,-301.3904113769531,24.975753784179688,-298.7296447753906,24.691875457763672,-311.530517578125,30.064363479614258,283.8935546875,281.2177142878656,3.0,2.999999999999999,2.9921727180480957,2.9921727180480957,0.22965073585510254,0.9982693195343018,2.9921727180480957,3.0,294.5162658691406,0.0589573010802269,0.0011611618101596832,0.9841191172599792,173.90999868913076,-0.4896189623620435,173.42037972676872,173.42038047382067,16.0,2.1998887062072754,18,205.0999755859375,206.58070373535156
886,886,/yh/study/new_data/model_dataset_flight/vi/vi_000886.jpg,0,1,-396.6219787597656,208.6795196533203,-301.7049865722656,25.009315490722656,-299.0442199707031,24.725433349609375,-311.530517578125,30.064363479614258,284.20989990234375,281.5340719551209,3.0,2.999999999999999,2.9921727180480957,2.9921727180480957,0.22965076565742493,0.9982693195343018,2.9921727180480957,3.0,294.5162658691406,0.05893625319004059,0.0011571645736694336,0.9841191172599792,173.90999868913076,-0.4896181619492501,173.42038052718152,173.42037972676872,16.0,2.1998887062072754,18,206.7461700439453,208.23190307617188
887,887,/yh/study/new_data/model_dataset_flight/vi/vi_000887.jpg,0,1,-398.0214538574219,209.94296264648438,-302.0195007324219,25.042877197265625,-299.3587951660156,24.75899887084961,-311.530517578125,30.064363479614258,284.5262451171875,281.85042830580824,3.0,2.999999999999999,2.9921727180480957,2.9921727180480957,0.22965086996555328,0.9982693195343018,2.9921727180480957,3.0,294.5162658691406,0.058815933763980865,0.0010829195380210876,0.9841191172599792,173.90999868913076,-0.4896165077628105,173.42038218136796,173.42038052718152,16.0,2.1998887062072754,18,208.33726501464844,209.82711791992188
888,888,/yh/study/new_data/model_dataset_flight/vi/vi_000888.jpg,0,1,-399.560546875,211.3324737548828,-302.3341369628906,25.07644271850586,-299.6733703613281,24.792560577392578,-311.530517578125,30.064363479614258,284.8426208496094,282.1667867056867,3.0,2.999999999999999,2.9921727180480957,2.9921727180480957,0.2296508252620697,0.9982693195343018,2.9921727180480957,3.0,294.5162658691406,0.058781228959560394,0.0010737888514995575,0.9841191172599792,173.90999868913076,-0.4896161342368403,173.4203825548939,173.42038218136796,16.0,2.1998887062072754,18,210.10540771484375,211.60006713867188
889,889,/yh/study/new_data/model_dataset_flight/vi/vi_000889.jpg,0,1,-400.9622802734375,212.59796142578125,-302.6486511230469,25.110004425048828,-299.9879455566406,24.826126098632812,-311.530517578125,30.064363479614258,285.1589660644531,282.48314371153845,3.0,2.999999999999999,2.9921727180480957,2.9921727180480957,0.22965091466903687,0.9982693195343018,2.9921727180480957,3.0,294.5162658691406,0.05872940272092819,0.0010205022990703583,0.9841191172599792,173.90999868913076,-0.48961581407172294,173.42038287505903,173.42038255489393,16.0,2.1998887062072754,18,211.7009735107422,213.19961547851562
890,890,/yh/study/new_data/model_dataset_flight/vi/vi_000890.jpg,0,1,-402.49005126953125,214.03440856933594,-302.9632873535156,25.143566131591797,-300.3025207519531,24.85968780517578,-311.530517578125,30.064363479614258,285.475341796875,282.79950269731216,3.0,2.999999999999999,2.9921722412109375,2.9921722412109375,0.22964772582054138,0.9982693195343018,2.9921727180480957,3.0,294.5162658691406,0.05789688974618912,0.0003112778067588806,0.9841191172599792,173.90999868913076,-0.4896226976217459,173.42037599150902,173.42038287505906,16.0,2.1998887062072754,18,213.5072021484375,215.0101318359375
891,891,/yh/study/new_data/model_dataset_flight/vi/vi_000891.jpg,0,1,-403.88134765625,215.342529296875,-303.2778015136719,25.177127838134766,-300.6170959472656,24.89324951171875,-311.530517578125,30.064363479614258,285.79168701171875,283.11586022711356,3.0,2.999999999999999,2.9921722412109375,2.9921722412109375,0.22964787483215332,0.9982693195343018,2.9921717643737793,3.0,294.5162658691406,0.05800206959247589,0.0005389899015426636,0.9841191172599792,173.90999868913076,-0.48961997621824843,173.4203787129125,173.42037599150902,16.0,2.1998887062072754,18,215.13706970214844,216.64356994628906
892,892,/yh/study/new_data/model_dataset_flight/vi/vi_000892.jpg,0,1,-405.2719421386719,216.64999389648438,-303.5923767089844,25.210689544677734,-300.9316711425781,24.92681121826172,-311.530517578125,30.064363479614258,286.1080322265625,283.43221645487966,3.0,2.999999999999999,2.9921722412109375,2.9921722412109375,0.22964778542518616,0.9982693195343018,2.9921722412109375,3.0,294.5162658691406,0.0579204335808754,0.00034907087683677673,0.9841191172599792,173.90999868913076,-0.48962173712639384,173.42037695200437,173.4203787129125,16.0,2.1998887062072754,18,216.7665557861328,218.27659606933594
893,893,/yh/study/new_data/model_dataset_flight/vi/vi_000893.jpg,0,1,-406.6560363769531,217.98985290527344,-303.9069519042969,25.244251251220703,-301.2462463378906,24.960372924804688,-311.530517578125,30.064363479614258,286.42437744140625,283.748571518272,3.0,2.999999999999999,2.9921722412109375,2.9921722412109375,0.22964772582054138,0.9982693195343018,2.9921722412109375,3.0,294.5162658691406,0.05783536657691002,0.00017350167036056519,0.9841191172599792,173.90999868913076,-0.48962216401321695,173.42037652511755,173.42037695200437,16.0,2.1998887062072754,18,218.4221649169922,219.93545532226562
894,894,/yh/study/new_data/model_dataset_flight/vi/vi_000894.jpg,0,1,-408.0395202636719,219.3291473388672,-304.2215270996094,25.277812957763672,-301.5608215332031,24.993934631347656,-311.530517578125,30.064363479614258,286.74072265625,284.06492554039744,3.0,2.999999999999999,2.9921722412109375,2.9921722412109375,0.22964775562286377,0.9982693195343018,2.9921722412109375,3.0,294.5162658691406,0.05786547437310219,0.00024601444602012634,0.9841191172599792,173.90999868913076,-0.4896227509825987,173.42037593814817,173.42037652511755,16.0,2.1998887062072754,18,220.0774688720703,221.59396362304688
895,895,/yh/study/new_data/model_dataset_flight/vi/vi_000895.jpg,0,1,-409.5611877441406,220.80221557617188,-304.5360412597656,25.31137466430664,-301.8753967285156,25.02750015258789,-311.530517578125,30.064363479614258,287.05706787109375,284.381278631347,3.0,2.999999999999999,2.9921722412109375,2.9921722412109375,0.22964772582054138,0.9982693195343018,2.9921722412109375,3.0,294.5162658691406,0.057839807122945786,0.0001924671232700348,0.9841191172599792,173.90999868913076,-0.4896228043434516,173.42037588478732,173.42037593814817,16.0,2.1998887062072754,18,221.9165496826172,223.43673706054688
896,896,/yh/study/new_data/model_dataset_flight/vi/vi_000896.jpg,0,1,-411.035400390625,222.30255126953125,-304.8506774902344,25.344940185546875,-302.1899719238281,25.06106185913086,-311.530517578125,30.064363479614258,287.37347412109375,284.6976373426943,3.0,2.999999999999999,2.9921722412109375,2.9921722412109375,0.22964781522750854,0.9982693195343018,2.9921722412109375,3.0,294.5162658691406,0.05785736069083214,0.00019826740026474,0.9841191172599792,173.90999868913076,-0.48962205729151115,173.42037663183925,173.42037588478732,16.0,2.1998887062072754,18,223.75767517089844,225.281005859375
897,897,/yh/study/new_data/model_dataset_flight/vi/vi_000897.jpg,0,1,-412.3760070800781,223.66693115234375,-305.1652526855469,25.378501892089844,-302.5045471191406,25.094623565673828,-311.530517578125,30.064363479614258,287.6898193359375,285.01399462708383,3.0,2.999999999999999,2.9921722412109375,2.9921722412109375,0.22964775562286377,0.9982693195343018,2.9921722412109375,3.0,294.5162658691406,0.057888213545084,0.00029372796416282654,0.9841191172599792,173.90999868913076,-0.4896219505698054,173.42037673856095,173.42037663183925,16.0,2.1998887062072754,18,225.41615295410156,226.9420623779297
898,898,/yh/study/new_data/model_dataset_flight/vi/vi_000898.jpg,0,1,-413.7176513671875,225.0323486328125,-305.4798278808594,25.412063598632812,-302.8191223144531,25.128185272216797,-311.530517578125,30.064363479614258,288.00616455078125,285.330350635385,3.0,2.999999999999999,2.9921722412109375,2.9921722412109375,0.22964775562286377,0.9982693195343018,2.9921722412109375,3.0,294.5162658691406,0.05787830427289009,0.0002733655273914337,0.9841191172599792,173.90999868913076,-0.4896226976217459,173.42037599150902,173.42037673856098,16.0,2.1998887062072754,18,227.07638549804688,228.60479736328125
899,899,/yh/study/new_data/model_dataset_flight/vi/vi_000899.jpg,0,1,-415.0327453613281,226.4407501220703,-305.7943420410156,25.44562530517578,-303.1336364746094,25.161746978759766,-311.530517578125,30.064363479614258,288.322509765625,285.646705502516,3.0,2.999999999999999,2.9921722412109375,2.9921722412109375,0.22964778542518616,0.9982693195343018,2.9921722412109375,3.0,294.5162658691406,0.05784108117222786,0.0001823902130126953,0.9841191172599792,173.90999868913076,-0.4896230711477161,173.42037561798304,173.42037599150902,16.0,2.1998887062072754,18,228.76202392578125,230.2925262451172
900,900,/yh/study/new_data/model_dataset_flight/vi/vi_000900.jpg,0,1,-416.3580017089844,227.86004638671875,-306.1089172363281,25.47918701171875,-303.4482116699219,25.1953125,-311.530517578125,30.064363479614258,288.63885498046875,285.9630593491304,3.0,2.999999999999999,2.9921722412109375,2.9921722412109375,0.22964781522750854,0.9982693195343018,2.9921722412109375,3.0,294.5162658691406,0.05796179920434952,0.0004647448658943176,0.9841191172599792,173.90999868913076,-0.4896206165484831,173.42037807258228,173.42037561798307,16.0,2.1998887062072754,18,230.46229553222656,231.99485778808594
901,901,/yh/study/new_data/model_dataset_flight/vi/vi_000901.jpg,0,1,-417.8026428222656,229.40721130371094,-306.4235534667969,25.51275634765625,-303.7627868652344,25.22887420654297,-311.530517578125,30.064363479614258,288.95526123046875,286.2794187362476,3.0,2.999999999999999,2.9921722412109375,2.9921722412109375,0.22964778542518616,0.9982693195343018,2.9921722412109375,3.0,294.5162658691406,0.05787166953086853,0.000280674546957016,0.9841191172599792,173.90999868913076,-0.4896226976217459,173.42037599150902,173.42037807258228,16.0,2.1998887062072754,18,232.3321990966797,233.86724853515625
902,902,/yh/study/new_data/model_dataset_flight/vi/vi_000902.jpg,0,1,-419.09088134765625,230.8329620361328,-306.7381286621094,25.546314239501953,-304.0773620605469,25.262435913085938,-311.530517578125,30.064363479614258,289.2716064453125,286.5957766249593,3.0,2.999999999999999,2.9921722412109375,2.9921722412109375,0.22964783012866974,0.9982693195343018,2.9921722412109375,3.0,294.5162658691406,0.057859260588884354,0.00026216357946395874,0.9841191172599792,173.90999868913076,-0.4896223240957756,173.420376365035,173.42037599150902,16.0,2.1998887062072754,18,234.0208282470703,235.5575408935547
903,903,/yh/study/new_data/model_dataset_flight/vi/vi_000903.jpg,0,1,-420.38153076171875,232.2613983154297,-307.0526428222656,25.579875946044922,-304.3919372558594,25.295997619628906,-311.530517578125,30.064363479614258,289.58795166015625,286.91213317368886,3.0,2.999999999999999,2.9921722412109375,2.9921722412109375,0.22964784502983093,0.9982693195343018,2.9921722412109375,3.0,294.5162658691406,0.057847555726766586,0.00022823363542556763,0.9841191172599792,173.90999868913076,-0.4896223774566285,173.42037631167412,173.420376365035,16.0,2.1998887062072754,18,235.71315002441406,237.25148010253906
904,904,/yh/study/new_data/model_dataset_flight/vi/vi_000904.jpg,0,1,-421.7957458496094,233.8265838623047,-307.3672180175781,25.61343765258789,-304.7065124511719,25.329559326171875,-311.530517578125,30.064363479614258,289.904296875,287.2284885241098,3.0,2.999999999999999,2.9921722412109375,2.9921722412109375,0.22964784502983093,0.9982693195343018,2.9921722412109375,3.0,294.5162658691406,0.057879023253917694,0.00026987120509147644,0.9841191172599792,173.90999868913076,-0.48962211065236405,173.4203765784784,173.42037631167415,16.0,2.1998887062072754,18,237.58493041992188,239.12527465820312
905,905,/yh/study/new_data/model_dataset_flight/vi/vi_000905.jpg,0,1,-423.7689208984375,236.0883026123047,-307.6817932128906,25.647003173828125,-305.0210876464844,25.36312484741211,-311.530517578125,30.064363479614258,290.2206726074219,287.5448460294781,3.0,2.999999999999999,2.992173194885254,2.992173194885254,0.22965484857559204,0.9982694387435913,2.9921722412109375,3.0,294.5162658691406,0.05790037289261818,0.0003982260823249817,0.9841191172599792,173.90999868913076,-0.48959500333909556,173.42040368579165,173.4203765784784,16.0,2.1998887062072754,18,240.33676147460938,241.88043212890625
906,906,/yh/study/new_data/model_dataset_flight/vi/vi_000906.jpg,0,1,-425.7581787109375,238.36842346191406,-307.9964294433594,25.68056869506836,-305.3356628417969,25.396686553955078,-316.2618713378906,30.094284057617188,290.53704833984375,287.8612054619555,3.0,2.999999999999999,2.992173433303833,2.992173433303833,0.22965547442436218,0.9982694387435913,2.9921741485595703,3.0,299.22412109375,0.057776253670454025,0.00036378204822540283,0.511918306350708,173.90999868913076,-0.4895935092352146,173.42040517989554,173.42040368579168,16.0,2.1998887062072754,18,243.11305236816406,244.66004943847656
907,907,/yh/study/new_data/model_dataset_flight/vi/vi_000907.jpg,0,1,-427.0047607421875,239.90916442871094,-308.3109436035156,25.714126586914062,-305.6502380371094,25.430248260498047,-316.2618713378906,30.094284057617188,290.8533935546875,288.1775633912315,3.0,2.999999999999999,2.992173671722412,2.992173671722412,0.22965562343597412,0.9982695579528809,2.992173671722412,3.0,299.22412109375,0.05789335444569588,0.00045724958181381226,0.511918306350708,173.90999868913076,-0.48959462981312535,173.42040405931763,173.42040517989557,16.0,2.1998887062072754,18,244.88311767578125,246.43077087402344
908,908,/yh/study/new_data/model_dataset_flight/vi/vi_000908.jpg,0,1,-428.25006103515625,241.4483184814453,-308.6255187988281,25.74768829345703,-305.9648132324219,25.463809967041016,-316.2618713378906,30.094284057617188,291.16973876953125,288.4939199762366,3.0,2.999999999999999,2.992173671722412,2.992173671722412,0.22965562343597412,0.9982695579528809,2.992173910140991,3.0,299.22412109375,0.05787982791662216,0.0004200935363769531,0.511918306350708,173.90999868913076,-0.48959543022591867,173.42040325890483,173.42040405931763,16.0,2.1998887062072754,18,246.65115356445312,248.19949340820312
909,909,/yh/study/new_data/model_dataset_flight/vi/vi_000909.jpg,0,1,-429.4959411621094,242.98818969726562,-308.9400939941406,25.781253814697266,-306.2793884277344,25.497371673583984,-316.2618713378906,30.094284057617188,291.4861145019531,288.810278585659,3.0,2.999999999999999,2.992173671722412,2.992173671722412,0.2296556532382965,0.9982695579528809,2.992173671722412,3.0,299.22412109375,0.05791570618748665,0.0004205144941806793,0.511918306350708,173.90999868913076,-0.48959494997824266,173.4204037391525,173.42040325890486,16.0,2.1998887062072754,18,248.42013549804688,249.96914672851562
910,910,/yh/study/new_data/model_dataset_flight/vi/vi_000910.jpg,0,1,-430.7725524902344,244.4873504638672,-309.2546691894531,25.814815521240234,-306.5939636230469,25.53093719482422,-316.2618713378906,30.094284057617188,291.8024597167969,289.1266357788999,3.0,2.999999999999999,2.992173671722412,2.992173671722412,0.22965562343597412,0.9982695579528809,2.992173671722412,3.0,299.22412109375,0.05787539482116699,0.00045444443821907043,0.511918306350708,173.90999868913076,-0.48959452309141954,173.42040416603933,173.42040373915253,16.0,2.1998887062072754,18,250.16848754882812,251.71856689453125
911,911,/yh/study/new_data/model_dataset_flight/vi/vi_000911.jpg,0,1,-432.04913330078125,245.98646545410156,-309.5692443847656,25.84838104248047,-306.9085388183594,25.564498901367188,-316.2618713378906,30.094284057617188,292.11883544921875,289.44299493225054,3.0,2.999999999999999,2.992173671722412,2.992173671722412,0.2296556532382965,0.9982695579528809,2.992173671722412,3.0,299.22412109375,0.05792790651321411,0.0003560259938240051,0.511918306350708,173.90999868913076,-0.48959580375188894,173.42040288537888,173.42040416603936,16.0,2.1998887062072754,18,251.91685485839844,253.4679718017578
912,912,/yh/study/new_data/model_dataset_flight/vi/vi_000912.jpg,0,1,-433.32562255859375,247.48548889160156,-309.8838195800781,25.881942749023438,-307.2230529785156,25.598060607910156,-316.2618713378906,30.094284057617188,292.4351806640625,289.7593526119113,3.0,2.999999999999999,2.992173671722412,2.992173671722412,0.22965578734874725,0.9982695579528809,2.992173671722412,3.0,299.22412109375,0.05782720819115639,0.00034079328179359436,0.511918306350708,173.90999868913076,-0.48959527014336,173.4204034189874,173.42040288537888,16.0,2.1998887062072754,18,253.6651611328125,255.2173309326172
913,913,/yh/study/new_data/model_dataset_flight/vi/vi_000913.jpg,0,1,-434.60565185546875,248.9586944580078,-310.1983947753906,25.91550064086914,-307.5376892089844,25.631622314453125,-316.2618713378906,30.094284057617188,292.75152587890625,290.0757089736925,3.0,2.999999999999999,2.992173671722412,2.992173671722412,0.22965587675571442,0.9982695579528809,2.992173671722412,3.0,299.22412109375,0.057864103466272354,0.0002949051558971405,0.511918306350708,173.90999868913076,-0.48959527014336,173.4204034189874,173.4204034189874,16.0,2.1998887062072754,18,255.39271545410156,256.9460144042969
914,914,/yh/study/new_data/model_dataset_flight/vi/vi_000914.jpg,0,1,-435.8853759765625,250.43153381347656,-310.5129699707031,25.949066162109375,-307.8522033691406,25.665184020996094,-316.2618713378906,30.094284057617188,293.0679016113281,290.3920673834919,3.0,2.999999999999999,2.992173671722412,2.992173671722412,0.22965583205223083,0.9982695579528809,2.992173671722412,3.0,299.22412109375,0.05783325433731079,0.0003245510160923004,0.511918306350708,173.90999868913076,-0.4895948432565369,173.42040384587423,173.4204034189874,16.0,2.1998887062072754,18,257.1198425292969,258.67431640625
915,915,/yh/study/new_data/model_dataset_flight/vi/vi_000915.jpg,0,1,-437.16552734375,251.90487670898438,-310.8275451660156,25.982627868652344,-308.1668395996094,25.698749542236328,-316.2618713378906,30.094284057617188,293.3842468261719,290.70842439821564,3.0,2.999999999999999,2.992173671722412,2.992173671722412,0.22965571284294128,0.9982695579528809,2.992173671722412,3.0,299.22412109375,0.057899631559848785,0.0002775527536869049,0.511918306350708,173.90999868913076,-0.4895964440821236,173.42040224504865,173.42040384587423,16.0,2.1998887062072754,18,258.84771728515625,260.4032897949219
916,916,/yh/study/new_data/model_dataset_flight/vi/vi_000916.jpg,0,1,-438.4551086425781,253.4366912841797,-311.1421203613281,26.016193389892578,-308.4813537597656,25.732311248779297,-316.2618713378906,30.094284057617188,293.70062255859375,291.02478339192334,3.0,2.999999999999999,2.992173671722412,2.992173671722412,0.22965574264526367,0.9982695579528809,2.992173671722412,3.0,299.22412109375,0.057930897921323776,0.0001908726990222931,0.511918306350708,173.90999868913076,-0.4895964440821236,173.42040224504865,173.42040224504865,16.0,2.1998887062072754,18,260.6313171386719,262.1878356933594
917,917,/yh/study/new_data/model_dataset_flight/vi/vi_000917.jpg,0,1,-439.7456970214844,254.9696807861328,-311.4566955566406,26.049755096435547,-308.7959899902344,25.76587677001953,-316.2618713378906,30.094284057617188,294.0169677734375,291.3411409288199,3.0,2.999999999999999,2.992173671722412,2.992173671722412,0.22965578734874725,0.9982695579528809,2.992173671722412,3.0,299.22412109375,0.057930197566747665,0.00018072500824928284,0.511918306350708,173.90999868913076,-0.4895935092352146,173.42040517989554,173.42040224504865,16.0,2.1998887062072754,18,262.4164733886719,263.973876953125
918,918,/yh/study/new_data/model_dataset_flight/vi/vi_000918.jpg,0,1,-441.0360412597656,256.50238037109375,-311.7712707519531,26.083316802978516,-309.1105041503906,25.7994384765625,-316.2618713378906,30.094284057617188,294.3333435058594,291.65750038949216,3.0,2.999999999999999,2.992173671722412,2.992173671722412,0.22965587675571442,0.9982695579528809,2.992173671722412,3.0,299.22412109375,0.05787111073732376,0.00024178624153137207,0.511918306350708,173.90999868913076,-0.4895935092352146,173.42040517989554,173.42040517989557,16.0,2.1998887062072754,18,264.2012939453125,265.7596435546875
919,919,/yh/study/new_data/model_dataset_flight/vi/vi_000919.jpg,0,1,-442.3226013183594,258.0457458496094,-312.0858459472656,26.116878509521484,-309.4250793457031,25.832996368408203,-316.2618713378906,30.094284057617188,294.6496887207031,291.9738583439821,3.0,2.999999999999999,2.992173671722412,2.992173671722412,0.22965580224990845,0.9982695579528809,2.992173671722412,3.0,299.22412109375,0.05789743363857269,0.00013056397438049316,0.511918306350708,173.90999868913076,-0.48959414956544933,173.4204045395653,173.42040517989557,16.0,2.1998887062072754,18,265.9936218261719,267.5528259277344
920,920,/yh/study/new_data/model_dataset_flight/vi/vi_000920.jpg,0,1,-443.60980224609375,259.5898742675781,-312.4004211425781,26.150440216064453,-309.7396545410156,25.866561889648438,-316.2618713378906,30.094284057617188,294.9660339355469,292.2902149515353,3.0,2.999999999999999,2.992173194885254,2.992173194885254,0.22965118288993835,0.9982694387435913,2.992173671722412,3.0,299.22412109375,0.05772567167878151,0.00013473257422447205,0.511918306350708,173.90999868913076,-0.4896515658431597,173.4203471232876,173.4204045395653,16.0,2.1998887062072754,18,267.7869873046875,269.34698486328125
921,921,/yh/study/new_data/model_dataset_flight/vi/vi_000921.jpg,0,1,-444.8963623046875,261.1332702636719,-312.7149963378906,26.184005737304688,-310.0542297363281,25.900123596191406,-316.2618713378906,30.094284057617188,295.28240966796875,292.6065735811217,3.0,2.999999999999999,2.992173194885254,2.992173194885254,0.22965139150619507,0.9982694387435913,2.9921727180480957,3.0,299.22412109375,0.057706207036972046,6.420165300369263e-05,0.511918306350708,173.90999868913076,-0.48965145912145397,173.4203472300093,173.4203471232876,16.0,2.1998887062072754,18,269.5794372558594,271.1402587890625
922,922,/yh/study/new_data/model_dataset_flight/vi/vi_000922.jpg,0,1,-446.21337890625,262.6949768066406,-313.0295715332031,26.217567443847656,-310.3688049316406,25.93368911743164,-316.2618713378906,30.094284057617188,295.5987548828125,292.9229307923949,3.0,2.999999999999999,2.992173194885254,2.992173194885254,0.2296513020992279,0.9982694387435913,2.992173194885254,3.0,299.22412109375,0.05773886293172836,8.056312799453735e-05,0.511918306350708,173.90999868913076,-0.4896516725648655,173.4203470165659,173.42034723000933,16.0,2.1998887062072754,18,271.40283203125,272.9645690917969
923,923,/yh/study/new_data/model_dataset_flight/vi/vi_000923.jpg,0,1,-447.5318603515625,264.2584228515625,-313.3441467285156,26.251129150390625,-310.6833801269531,25.96725082397461,-316.2618713378906,30.094284057617188,295.9151306152344,293.2392899618712,3.0,2.999999999999999,2.992173194885254,2.992173194885254,0.22965136170387268,0.9982694387435913,2.992173194885254,3.0,299.22412109375,0.05775068700313568,4.8819929361343384e-05,0.511918306350708,173.90999868913076,-0.48965135239974816,173.420347336731,173.4203470165659,16.0,2.1998887062072754,18,273.2284851074219,274.7911682128906
924,924,/yh/study/new_data/model_dataset_flight/vi/vi_000924.jpg,0,1,-448.8486022949219,265.81982421875,-313.6587219238281,26.284690856933594,-310.9979553222656,26.000808715820312,-316.2618713378906,30.094284057617188,296.2314758300781,293.5556476559527,3.0,2.999999999999999,2.992173194885254,2.992173194885254,0.22965121269226074,0.9982694387435913,2.992173194885254,3.0,299.22412109375,0.05779802426695824,8.718296885490417e-05,0.511918306350708,173.90999868913076,-0.48965145912145397,173.4203472300093,173.42034733673103,16.0,2.1998887062072754,18,275.0516052246094,276.61517333984375
925,925,/yh/study/new_data/model_dataset_flight/vi/vi_000925.jpg,0,1,-450.1956481933594,267.3493347167969,-313.9732360839844,26.318252563476562,-311.3125305175781,26.034374237060547,-316.2618713378906,30.094284057617188,296.5478210449219,293.87200403062997,3.0,2.999999999999999,2.992173194885254,2.992173194885254,0.2296513020992279,0.9982694387435913,2.992173194885254,3.0,299.22412109375,0.05782400444149971,0.00013554468750953674,0.511918306350708,173.90999868913076,-0.48965081879121924,173.42034787033953,173.42034723000933,16.0,2.1998887062072754,18,276.8619384765625,278.42669677734375
926,926,/yh/study/new_data/model_dataset_flight/vi/vi_000926.jpg,0,1,-451.4228210449219,268.7427062988281,-314.2878723144531,26.351818084716797,-311.6271057128906,26.067935943603516,-316.2618713378906,30.094284057617188,296.86419677734375,294.188362451962,3.0,2.999999999999999,2.992173194885254,2.992173194885254,0.2296513319015503,0.9982694387435913,2.992173194885254,3.0,299.22412109375,0.05784323811531067,0.0001389048993587494,0.511918306350708,173.90999868913076,-0.48964980493501437,173.42034888419573,173.42034787033955,16.0,2.1998887062072754,18,278.4947814941406,280.0605163574219
927,927,/yh/study/new_data/model_dataset_flight/vi/vi_000927.jpg,0,1,-452.7701721191406,270.2725830078125,-314.6023864746094,26.385379791259766,-311.9416809082031,26.10150146484375,-316.2618713378906,30.094284057617188,297.1805419921875,294.504719476999,3.0,2.999999999999999,2.992173194885254,2.992173194885254,0.22965122759342194,0.9982694387435913,2.992173194885254,3.0,299.22412109375,0.05783715844154358,9.159371256828308e-05,0.511918306350708,173.90999868913076,-0.489649965017573,173.42034872411318,173.42034888419576,16.0,2.1998887062072754,18,280.30572509765625,281.87261962890625
928,928,/yh/study/new_data/model_dataset_flight/vi/vi_000928.jpg,0,1,-454.0604553222656,271.7755432128906,-314.9170227050781,26.4189453125,-312.2562561035156,26.13506317138672,-316.2618713378906,30.094284057617188,297.4969177246094,294.8210784799296,3.0,2.999999999999999,2.992173194885254,2.992173194885254,0.22965113818645477,0.9982694387435913,2.992173194885254,3.0,299.22412109375,0.05786852166056633,0.0001362934708595276,0.511918306350708,173.90999868913076,-0.4896498582958672,173.42034883083488,173.4203487241132,16.0,2.1998887062072754,18,282.0651550292969,283.63299560546875
929,929,/yh/study/new_data/model_dataset_flight/vi/vi_000929.jpg,0,1,-455.35009765625,273.2777099609375,-315.2315368652344,26.452503204345703,-312.5708312988281,26.168624877929688,-316.2618713378906,30.094284057617188,297.8132629394531,295.13743602507395,3.0,2.999999999999999,2.992173194885254,2.992173194885254,0.22965124249458313,0.9982694387435913,2.992173194885254,3.0,299.22412109375,0.05786885321140289,0.00011792033910751343,0.511918306350708,173.90999868913076,-0.4896501784609846,173.42034851066978,173.4203488308349,16.0,2.1998887062072754,18,283.8236999511719,285.39239501953125
930,930,/yh/study/new_data/model_dataset_flight/vi/vi_000930.jpg,0,1,-456.6407165527344,274.7810363769531,-315.5461730957031,26.486068725585938,-312.8854064941406,26.202186584472656,-316.2618713378906,30.094284057617188,298.129638671875,295.45379549312196,3.0,2.999999999999999,2.992173194885254,2.992173194885254,0.22965124249458313,0.9982694387435913,2.992173194885254,3.0,299.22412109375,0.05791129544377327,0.00016772374510765076,0.511918306350708,173.90999868913076,-0.4896488444396623,173.4203498446911,173.42034851066978,16.0,2.1998887062072754,18,285.5837097167969,287.1533508300781
931,931,/yh/study/new_data/model_dataset_flight/vi/vi_000931.jpg,0,1,-457.9073181152344,276.27301025390625,-315.8606872558594,26.519630432128906,-313.1999816894531,26.235748291015625,-316.2618713378906,30.094284057617188,298.44598388671875,295.77015345420784,3.0,2.999999999999999,2.992173194885254,2.992173194885254,0.22965088486671448,0.9982694387435913,2.992173194885254,3.0,299.22412109375,0.05800421163439751,0.0003235042095184326,0.511918306350708,173.90999868913076,-0.4896485776353979,173.42035011149537,173.42034984469112,16.0,2.1998887062072754,18,287.3221130371094,288.8924560546875
932,932,/yh/study/new_data/model_dataset_flight/vi/vi_000932.jpg,0,1,-459.17364501953125,277.7646789550781,-316.1752624511719,26.553192138671875,-313.5145568847656,26.26931381225586,-316.2618713378906,30.094284057617188,298.7623291015625,296.08651006765956,3.0,2.999999999999999,2.992173194885254,2.992173194885254,0.2296508550643921,0.9982694387435913,2.992173194885254,3.0,299.22412109375,0.05801711231470108,0.00029632076621055603,0.511918306350708,173.90999868913076,-0.48964836419198626,173.42035032493877,173.42035011149537,16.0,2.1998887062072754,18,289.06011962890625,290.6311950683594
933,933,/yh/study/new_data/model_dataset_flight/vi/vi_000933.jpg,0,1,-460.43975830078125,279.2560729980469,-316.4898376464844,26.58675765991211,-313.8291320800781,26.302875518798828,-316.2618713378906,30.094284057617188,299.0787048339844,296.40286870252095,3.0,2.999999999999999,2.992173194885254,2.992173194885254,0.22965095937252045,0.9982694387435913,2.992173194885254,3.0,299.22412109375,0.05794743075966835,0.00021067634224891663,0.511918306350708,173.90999868913076,-0.48964804402686896,173.4203506451039,173.4203503249388,16.0,2.1998887062072754,18,290.79779052734375,292.36962890625
934,934,/yh/study/new_data/model_dataset_flight/vi/vi_000934.jpg,0,1,-461.7334899902344,280.73309326171875,-316.8044128417969,26.620315551757812,-314.1437072753906,26.336437225341797,-316.2618713378906,30.094284057617188,299.3950500488281,296.7192259185113,3.0,2.999999999999999,2.992173194885254,2.992173194885254,0.2296508550643921,0.9982694387435913,2.992173194885254,3.0,299.22412109375,0.05798099562525749,0.0002886839210987091,0.511918306350708,173.90999868913076,-0.48964756377919294,173.42035112535157,173.4203506451039,16.0,2.1998887062072754,18,292.5367431640625,294.1094970703125
935,935,/yh/study/new_data/model_dataset_flight/vi/vi_000935.jpg,0,1,-463.0269775390625,282.2098388671875,-317.1189880371094,26.653881072998047,-314.4582824707031,26.369998931884766,-325.846435546875,11.121492385864258,299.71142578125,297.0355850922061,3.0,2.999999999999999,2.992173194885254,2.992173194885254,0.22965238988399506,0.9982694387435913,2.992173194885254,3.0,306.7417297363281,0.05731577053666115,0.00018605589866638184,19.37062644958496,173.90999868913076,-0.48958763954139667,173.42041104958938,173.42035112535157,16.0,2.1998887062072754,18,294.2753601074219,295.8490905761719
936,936,/yh/study/new_data/model_dataset_flight/vi/vi_000936.jpg,0,1,-464.32049560546875,283.68658447265625,-317.4335632324219,26.687442779541016,-314.7727966308594,26.403560638427734,-325.846435546875,11.121492385864258,300.02777099609375,297.3519427900601,3.0,2.999999999999999,2.992173194885254,2.992173194885254,0.22965243458747864,0.9982694387435913,2.992173194885254,3.0,306.7417297363281,0.05715810880064964,1.4603137969970703e-06,19.37062644958496,173.90999868913076,-0.4895877462631024,173.42041094286765,173.42041104958938,16.0,2.1998887062072754,18,296.0140686035156,297.5887756347656
937,937,/yh/study/new_data/model_dataset_flight/vi/vi_000937.jpg,0,1,-465.5886535644531,285.1946105957031,-317.7481384277344,26.721004486083984,-315.0874328613281,26.43712615966797,-325.846435546875,11.121492385864258,300.3441162109375,297.66829916811093,3.0,2.999999999999999,2.992173194885254,2.992173194885254,0.22965176403522491,0.9982694387435913,2.992173194885254,3.0,306.7417297363281,0.05762322247028351,0.0005446076393127441,19.37062644958496,173.90999868913076,-0.48959452309141954,173.42040416603933,173.42041094286768,16.0,2.1998887062072754,18,297.76739501953125,299.3426818847656
938,938,/yh/study/new_data/model_dataset_flight/vi/vi_000938.jpg,0,1,-466.9836120605469,286.8533935546875,-318.0627136230469,26.75457000732422,-315.4019470214844,26.470687866210938,-325.846435546875,11.121492385864258,300.6604919433594,297.9846575924599,3.0,2.999999999999999,2.992173194885254,2.992173194885254,0.22965168952941895,0.9982694387435913,2.992173194885254,3.0,306.7417297363281,0.057536687701940536,0.00046946480870246887,19.37062644958496,173.90999868913076,-0.48959126807939324,173.42040742105138,173.42040416603936,16.0,2.1998887062072754,18,299.7145690917969,301.2908020019531
939,939,/yh/study/new_data/model_dataset_flight/vi/vi_000939.jpg,0,1,-468.2522888183594,288.36199951171875,-318.3772888183594,26.788131713867188,-315.7165832519531,26.504253387451172,-325.846435546875,11.121492385864258,300.9768371582031,298.30101462019485,3.0,2.999999999999999,2.992173194885254,2.992173194885254,0.22965122759342194,0.9982694387435913,2.992173194885254,3.0,306.7417297363281,0.057858701795339584,0.0008363537490367889,19.37062644958496,173.90999868913076,-0.4895976713817401,173.42040101774901,173.42040742105138,16.0,2.1998887062072754,18,301.46875,303.04559326171875
940,940,/yh/study/new_data/model_dataset_flight/vi/vi_000940.jpg,0,1,-469.551513671875,289.889404296875,-318.6918640136719,26.821693420410156,-316.0310974121094,26.537811279296875,-325.846435546875,11.121492385864258,301.293212890625,298.6173736255381,3.0,2.999999999999999,2.992173194885254,2.992173194885254,0.22965113818645477,0.9982694387435913,2.992173194885254,3.0,306.7417297363281,0.05809635668992996,0.0010996200144290924,19.37062644958496,173.90999868913076,-0.4896048217360275,173.42039386739472,173.42040101774904,16.0,2.1998887062072754,18,303.25445556640625,304.8320617675781
941,941,/yh/study/new_data/model_dataset_flight/vi/vi_000941.jpg,0,1,-470.8517150878906,291.4179992675781,-319.0064392089844,26.855255126953125,-316.3457336425781,26.57137680053711,-325.846435546875,11.121492385864258,301.60955810546875,298.93373117284006,3.0,2.999999999999999,2.992173194885254,2.992173194885254,0.22965076565742493,0.9982694387435913,2.992173194885254,3.0,306.7417297363281,0.058183521032333374,0.0012196116149425507,19.37062644958496,173.90999868913076,-0.48960594231393817,173.42039274681682,173.42039386739475,16.0,2.1998887062072754,18,305.04168701171875,306.6199951171875
942,942,/yh/study/new_data/model_dataset_flight/vi/vi_000942.jpg,0,1,-472.1534729003906,292.9483642578125,-319.3210144042969,26.88882064819336,-316.6602478027344,26.604938507080078,-325.846435546875,11.121492385864258,301.9259338378906,299.25009064281755,3.0,2.999999999999999,2.992173194885254,2.992173194885254,0.22965073585510254,0.9982694387435913,2.992173194885254,3.0,306.7417297363281,0.05832374468445778,0.001390993595123291,19.37062644958496,173.90999868913076,-0.4896097309344934,173.42038895819627,173.42039274681684,16.0,2.1998887062072754,18,306.831298828125,308.4103698730469
943,943,/yh/study/new_data/model_dataset_flight/vi/vi_000943.jpg,0,1,-473.5220031738281,294.5506286621094,-319.6355895996094,26.922382354736328,-316.9748229980469,26.638500213623047,-325.846435546875,11.121492385864258,302.2422790527344,299.5664486056289,3.0,2.999999999999999,2.992173194885254,2.992173194885254,0.2296508550643921,0.9982694387435913,2.992173194885254,3.0,306.7417297363281,0.058456480503082275,0.001533959060907364,19.37062644958496,173.90999868913076,-0.48961287922481395,173.42038580990595,173.42038895819627,16.0,2.1998887062072754,18,308.716552734375,310.2965393066406
944,944,/yh/study/new_data/model_dataset_flight/vi/vi_000944.jpg,0,1,-474.7676086425781,296.00897216796875,-319.9501647949219,26.955944061279297,-317.2893981933594,26.67206573486328,-325.846435546875,11.121492385864258,302.5586242675781,299.8828052206237,3.0,2.999999999999999,2.992173194885254,2.992173194885254,0.22965076565742493,0.9982694387435913,2.992173194885254,3.0,306.7417297363281,0.05847375839948654,0.0015838630497455597,19.37062644958496,173.90999868913076,-0.4896159741542816,173.42038271497648,173.42038580990595,16.0,2.1998887062072754,18,310.41583251953125,311.9964294433594
945,945,/yh/study/new_data/model_dataset_flight/vi/vi_000945.jpg,0,1,-476.0137634277344,297.46795654296875,-320.2647399902344,26.98950958251953,-317.6039733886719,26.70562744140625,-325.846435546875,11.121492385864258,302.875,300.19916385686497,3.0,2.999999999999999,2.992173194885254,2.992173194885254,0.22965088486671448,0.9982694387435913,2.992173194885254,3.0,306.7417297363281,0.05849669873714447,0.0015906170010566711,19.37062644958496,173.90999868913076,-0.48961544054575273,173.420383248585,173.42038271497648,16.0,2.1998887062072754,18,312.1159362792969,313.6971435546875
946,946,/yh/study/new_data/model_dataset_flight/vi/vi_000946.jpg,0,1,-477.16741943359375,298.8033752441406,-320.5793151855469,27.0230712890625,-317.9185485839844,26.73918914794922,-325.846435546875,11.121492385864258,303.19134521484375,300.51552107408935,3.0,2.999999999999999,2.992173194885254,2.992173194885254,0.22965078055858612,0.9982694387435913,2.992173194885254,3.0,306.7417297363281,0.05843499302864075,0.0015629641711711884,19.37062644958496,173.90999868913076,-0.4896149602980767,173.4203837288327,173.420383248585,16.0,2.1998887062072754,18,313.6628112792969,315.2445373535156
947,947,/yh/study/new_data/model_dataset_flight/vi/vi_000947.jpg,0,1,-478.322509765625,300.14044189453125,-320.8938903808594,27.05663299560547,-318.2331237792969,26.772750854492188,-325.846435546875,11.121492385864258,303.5077209472656,300.83188024888767,3.0,2.999999999999999,2.992173194885254,2.992173194885254,0.2296513170003891,0.9982694387435913,2.992173194885254,3.0,306.7417297363281,0.05814976617693901,0.0012275762856006622,19.37062644958496,173.90999868913076,-0.48960332763214653,173.4203953614986,173.4203837288327,16.0,2.1998887062072754,18,315.2118835449219,316.7940979003906
948,948,/yh/study/new_data/model_dataset_flight/vi/vi_000948.jpg,0,1,-479.4757995605469,301.4754333496094,-321.2084655761719,27.090194702148438,-318.5476989746094,26.806312561035156,-325.846435546875,11.121492385864258,303.8240661621094,301.14823794772855,3.0,2.999999999999999,2.992173194885254,2.992173194885254,0.2296513020992279,0.9982694387435913,2.992173194885254,3.0,306.7417297363281,0.058472778648138046,0.0015615113079547882,19.37062644958496,173.90999868913076,-0.4896119720903148,173.42038671704046,173.42039536149863,16.0,2.1998887062072754,18,316.75830078125,318.3409729003906
949,949,/yh/study/new_data/model_dataset_flight/vi/vi_000949.jpg,0,1,-480.0034484863281,302.1618957519531,-321.5229797363281,27.123756408691406,-318.8622741699219,26.83987808227539,-325.846435546875,11.121492385864258,304.1404113769531,301.46459432666194,3.0,2.999999999999999,2.992173194885254,2.992173194885254,0.22965185344219208,0.9982694387435913,2.992173194885254,3.0,306.7417297363281,0.05807700380682945,0.0010667294263839722,19.37062644958496,173.90999868913076,-0.4896015667240011,173.42039712240677,173.42038671704046,16.0,2.1998887062072754,18,317.4303894042969,319.0120544433594
950,950,/yh/study/new_data/model_dataset_flight/vi/vi_000950.jpg,0,1,-480.5308532714844,302.84808349609375,-321.8375549316406,27.15732192993164,-319.1768493652344,26.87343978881836,-335.1567077636719,34.97210693359375,304.456787109375,301.7809527518001,3.0,2.999999999999999,2.992173194885254,2.992173194885254,0.22965317964553833,0.9982694387435913,2.992173194885254,3.0,317.464599609375,0.059517621994018555,0.0008489005267620087,3.5225677490234375,173.90999868913076,-0.48961581407172294,173.42038287505903,173.42039712240677,16.0,2.1998887062072754,18,318.10211181640625,319.6828308105469
951,951,/yh/study/new_data/model_dataset_flight/vi/vi_000951.jpg,0,1,-481.0587463378906,303.53485107421875,-322.1521301269531,27.19088363647461,-319.4914245605469,26.907005310058594,-335.1567077636719,34.97210693359375,304.77313232421875,302.09730978024083,3.0,2.999999999999999,2.9921727180480957,2.9921727180480957,0.2296530157327652,0.9982693195343018,2.992173194885254,3.0,317.78094482421875,0.05945785343647003,0.0008131638169288635,3.440152406692505,173.90999868913076,-0.4896139998027247,173.42038468932805,173.42038287505906,16.0,2.1998887062072754,18,318.7746887207031,320.35443115234375
952,952,/yh/study/new_data/model_dataset_flight/vi/vi_000952.jpg,0,1,-480.9981384277344,303.5174560546875,-322.4667053222656,27.224445343017578,-319.8059997558594,26.940563201904297,-335.1567077636719,34.97210693359375,305.0895080566406,302.4136687862152,3.0,2.999999999999999,2.9921727180480957,2.9921727180480957,0.2296524941921234,0.9982693195343018,2.9921722412109375,3.0,318.0973205566406,0.05932715907692909,0.0006086714565753937,3.3853893280029297,173.90999868913076,-0.48961421324613624,173.42038447588462,173.42038468932805,16.0,2.1998887062072754,18,318.5436096191406,320.1213684082031
953,953,/yh/study/new_data/model_dataset_flight/vi/vi_000953.jpg,0,1,-480.9313659667969,303.4983215332031,-322.7812805175781,27.258007049560547,-320.1205749511719,26.97412872314453,-335.1567077636719,34.97210693359375,305.4058532714844,302.7300263340816,3.0,2.999999999999999,2.9921727180480957,2.9921727180480957,0.22965273261070251,0.9982693195343018,2.9921727180480957,3.0,318.4136657714844,0.059405919164419174,0.0006941668689250946,3.359659433364868,173.90999868913076,-0.4896139464418718,173.4203847426889,173.42038447588465,16.0,2.1998887062072754,18,318.30828857421875,319.8839416503906
954,954,/yh/study/new_data/model_dataset_flight/vi/vi_000954.jpg,0,1,-480.8647155761719,303.47918701171875,-323.0958557128906,27.291568756103516,-320.4351501464844,27.0076904296875,-335.1567077636719,34.97210693359375,305.7221984863281,303.0463825780027,3.0,2.999999999999999,2.9921720027923584,2.9921720027923584,0.22965040802955627,0.9982692003250122,2.9921727180480957,3.0,318.5298156738281,0.05873105302453041,0.000154934823513031,3.357651948928833,173.90999868913076,-0.4896110115949628,173.42038767753579,173.4203847426889,16.0,2.1998887062072754,18,318.07330322265625,319.64691162109375
955,955,/yh/study/new_data/model_dataset_flight/vi/vi_000955.jpg,0,1,-480.19537353515625,302.9892272949219,-323.4104309082031,27.325130462646484,-320.7497253417969,27.04125213623047,-335.1567077636719,34.97210693359375,306.0385437011719,303.362737655842,3.0,2.999999999999999,2.9921720027923584,2.9921720027923584,0.2296506017446518,0.9982692003250122,2.992171287536621,3.0,318.5298156738281,0.05876535177230835,0.0001865103840827942,3.357651948928833,173.90999868913076,-0.48961047798643387,173.4203882111443,173.4203876775358,16.0,2.1998887062072754,18,317.1312255859375,318.7008056640625
956,956,/yh/study/new_data/model_dataset_flight/vi/vi_000956.jpg,0,1,-479.4656066894531,302.4550476074219,-323.7249450683594,27.358692169189453,-321.0642395019531,27.074813842773438,-335.1567077636719,34.97210693359375,306.3548889160156,303.67909169088693,3.0,2.999999999999999,2.9921720027923584,2.9921720027923584,0.2296503186225891,0.9982692003250122,2.9921720027923584,3.0,318.5298156738281,0.05868910253047943,0.0001607351005077362,3.357651948928833,173.90999868913076,-0.4896093574085232,173.42038933172225,173.42038821114434,16.0,2.1998887062072754,18,316.1220703125,317.6873779296875
957,957,/yh/study/new_data/model_dataset_flight/vi/vi_000957.jpg,0,1,-478.6358337402344,301.84967041015625,-324.0395202636719,27.392253875732422,-321.3788757324219,27.108379364013672,-335.1567077636719,34.97210693359375,306.6712341308594,303.99544479339005,3.0,2.999999999999999,2.9921720027923584,2.9921720027923584,0.22964975237846375,0.9982692003250122,2.9921720027923584,3.0,318.5298156738281,0.058568887412548065,1.817941665649414e-05,3.357651948928833,173.90999868913076,-0.4896096775736405,173.42038901155712,173.42038933172225,16.0,2.1998887062072754,18,315.0030212402344,316.5636291503906
958,958,/yh/study/new_data/model_dataset_flight/vi/vi_000958.jpg,0,1,-477.80670166015625,301.2447509765625,-324.3541564941406,27.425819396972656,-321.6933898925781,27.141937255859375,-335.1567077636719,34.97210693359375,306.9876403808594,304.31180351506936,3.0,2.999999999999999,2.9921727180480957,2.9921727180480957,0.22965165972709656,0.9982693195343018,2.9921720027923584,3.0,318.5298156738281,0.059034980833530426,0.0003410354256629944,3.357651948928833,173.90999868913076,-0.48960994437790495,173.42038874475284,173.42038901155712,16.0,2.1998887062072754,18,313.8861389160156,315.4421081542969
959,959,/yh/study/new_data/model_dataset_flight/vi/vi_000959.jpg,0,1,-476.9022521972656,300.58489990234375,-324.6687316894531,27.459381103515625,-322.0080261230469,27.17550277709961,-335.1567077636719,34.97210693359375,307.3039855957031,304.62816080869857,3.0,2.999999999999999,2.9921727180480957,2.9921727180480957,0.229651540517807,0.9982693195343018,2.992173433303833,3.0,318.5298156738281,0.058997903019189835,0.0003527887165546417,3.357651948928833,173.90999868913076,-0.48961282586396104,173.4203858632668,173.42038874475287,16.0,2.1998887062072754,18,312.68609619140625,314.2370300292969
960,960,/yh/study/new_data/model_dataset_flight/vi/vi_000960.jpg,0,1,-475.5808410644531,299.6831970214844,-324.9833068847656,27.49294662475586,-322.3225402832031,27.209064483642578,-335.1567077636719,34.97210693359375,307.620361328125,304.9445200518236,3.0,2.999999999999999,2.9921727180480957,2.9921727180480957,0.22965194284915924,0.9982693195343018,2.9921727180480957,3.0,318.5298156738281,0.05917308107018471,0.0004897639155387878,3.357651948928833,173.90999868913076,-0.4896132527507842,173.42038543637997,173.4203858632668,16.0,2.1998887062072754,18,311.0741882324219,312.6183776855469
961,961,/yh/study/new_data/model_dataset_flight/vi/vi_000961.jpg,0,1,-474.3531494140625,298.8454284667969,-325.2978210449219,27.526504516601562,-322.6371154785156,27.242626190185547,-335.1567077636719,34.97210693359375,307.9366760253906,305.260874585206,3.0,2.999999999999999,2.9921720027923584,2.9921720027923584,0.22965095937252045,0.9982692003250122,2.9921727180480957,3.0,318.5298156738281,0.05885593220591545,0.00024425238370895386,3.357651948928833,173.90999868913076,-0.4896110649558157,173.42038762417494,173.42038543637997,16.0,2.1998887062072754,18,309.5665588378906,311.104248046875
962,962,/yh/study/new_data/model_dataset_flight/vi/vi_000962.jpg,0,1,-473.13385009765625,298.0133972167969,-325.6123962402344,27.56006622314453,-322.9516906738281,27.27619171142578,-335.1567077636719,34.97210693359375,308.2530212402344,305.57722813335835,3.0,2.999999999999999,2.9921720027923584,2.9921720027923584,0.2296508550643921,0.9982692003250122,2.992171287536621,3.0,318.5298156738281,0.0588599294424057,0.00024681538343429565,3.357651948928833,173.90999868913076,-0.48960957085193474,173.42038911827882,173.42038762417496,16.0,2.1998887062072754,18,308.07073974609375,309.60186767578125
963,963,/yh/study/new_data/model_dataset_flight/vi/vi_000963.jpg,0,1,-471.3346862792969,296.9286804199219,-325.9270324707031,27.593631744384766,-323.2662658691406,27.309749603271484,-335.1567077636719,34.97210693359375,308.5694274902344,305.8935872535693,3.0,2.999999999999999,2.9921727180480957,2.9921727180480957,0.22965140640735626,0.9982693195343018,2.9921720027923584,3.0,318.5298156738281,0.059045251458883286,0.0003806278109550476,3.357651948928833,173.90999868913076,-0.48960999773875785,173.420388691392,173.42038911827885,16.0,2.1998887062072754,18,306.07965087890625,307.6014099121094
964,964,/yh/study/new_data/model_dataset_flight/vi/vi_000964.jpg,0,1,-469.53460693359375,295.8433837890625,-326.2415466308594,27.627193450927734,-323.5808410644531,27.343311309814453,-335.1567077636719,34.97210693359375,308.8857727050781,306.20994490359425,3.0,2.999999999999999,2.9921727180480957,2.9921727180480957,0.2296520471572876,0.9982693195343018,2.992173433303833,3.0,318.5298156738281,0.059267088770866394,0.0005557052791118622,3.357651948928833,173.90999868913076,-0.4896103712647281,173.42038831786604,173.42038869139202,16.0,2.1998887062072754,18,304.09344482421875,305.6055908203125
965,965,/yh/study/new_data/model_dataset_flight/vi/vi_000965.jpg,0,1,-467.557861328125,294.65155029296875,-326.5561218261719,27.660755157470703,-323.8954162597656,27.376876831054688,-335.1567077636719,34.97210693359375,309.2021179199219,306.52630123887286,3.0,2.999999999999999,2.992173194885254,2.992173194885254,0.22965139150619507,0.9982694387435913,2.9921727180480957,3.0,318.5298156738281,0.05850663408637047,0.0005498528480529785,3.357651948928833,173.90999868913076,-0.48963203577100173,173.42036665335976,173.42038831786604,16.0,2.1998887062072754,18,301.9363708496094,303.43804931640625
966,966,/yh/study/new_data/model_dataset_flight/vi/vi_000966.jpg,0,1,-465.18170166015625,293.2563171386719,-326.8706970214844,27.694320678710938,-324.2099914550781,27.410438537597656,-335.1567077636719,34.97210693359375,309.51849365234375,306.8426596249718,3.0,2.999999999999999,2.992173194885254,2.992173194885254,0.22965139150619507,0.9982694387435913,2.992173671722412,3.0,318.5298156738281,0.0585213340818882,0.0005661472678184509,3.357651948928833,173.90999868913076,-0.48963288954464795,173.4203657995861,173.42036665335976,16.0,2.1998887062072754,18,299.4212951660156,300.910400390625
967,967,/yh/study/new_data/model_dataset_flight/vi/vi_000967.jpg,0,1,-462.8042907714844,291.8603515625,-327.1852722167969,27.727882385253906,-324.5245666503906,27.44400405883789,-335.1567077636719,34.97210693359375,309.8348388671875,307.15901661850086,3.0,2.999999999999999,2.992173194885254,2.992173194885254,0.2296508550643921,0.9982694387435913,2.992173194885254,3.0,318.5298156738281,0.05840246006846428,0.00042003020644187927,3.357651948928833,173.90999868913076,-0.48963699833032054,173.42036169080043,173.42036579958614,16.0,2.1998887062072754,18,296.9149475097656,298.39117431640625
968,968,/yh/study/new_data/model_dataset_flight/vi/vi_000968.jpg,0,1,-460.4295349121094,290.4659423828125,-327.4998474121094,27.761444091796875,-324.8391418457031,27.47756576538086,-335.1567077636719,34.97210693359375,310.1512145996094,307.47537559325474,3.0,2.999999999999999,2.9921727180480957,2.9921727180480957,0.22964966297149658,0.9982693195343018,2.992173194885254,3.0,318.5298156738281,0.058098092675209045,0.00015964731574058533,3.357651948928833,173.90999868913076,-0.48963827899078993,173.42036041013998,173.42036169080046,16.0,2.1998887062072754,18,294.42138671875,295.8844909667969
969,969,/yh/study/new_data/model_dataset_flight/vi/vi_000969.jpg,0,1,-458.9386901855469,289.5532531738281,-327.8144226074219,27.795005798339844,-325.1537170410156,27.511127471923828,-335.1567077636719,34.97210693359375,310.4675598144531,307.7917331132015,3.0,2.999999999999999,2.992173194885254,2.992173194885254,0.2296522557735443,0.9982694387435913,2.9921722412109375,3.0,318.5298156738281,0.05866801366209984,0.0007305145263671875,3.357651948928833,173.90999868913076,-0.48962493877756724,173.42037375035318,173.42036041013998,16.0,2.1998887062072754,18,292.76434326171875,294.21844482421875
970,970,/yh/study/new_data/model_dataset_flight/vi/vi_000970.jpg,0,1,-457.4474792480469,288.6402893066406,-328.1289978027344,27.828571319580078,-325.4682922363281,27.544689178466797,-335.1567077636719,34.97210693359375,310.783935546875,308.10809255871595,3.0,2.999999999999999,2.992173194885254,2.992173194885254,0.22965186834335327,0.9982694387435913,2.992173671722412,3.0,318.5298156738281,0.058714766055345535,0.0008133016526699066,3.357651948928833,173.90999868913076,-0.48962680640741846,173.42037188272334,173.4203737503532,16.0,2.1998887062072754,18,291.1116943359375,292.55670166015625
971,971,/yh/study/new_data/model_dataset_flight/vi/vi_000971.jpg,0,1,-455.95648193359375,287.72747802734375,-328.4435729980469,27.862133026123047,-325.7828674316406,27.578250885009766,-335.1567077636719,34.97210693359375,311.10028076171875,308.4244504996507,3.0,2.999999999999999,2.992173194885254,2.992173194885254,0.22965174913406372,0.9982694387435913,2.992173194885254,3.0,318.5298156738281,0.05871759355068207,0.000842265784740448,3.357651948928833,173.90999868913076,-0.48962381819965656,173.4203748709311,173.42037188272334,16.0,2.1998887062072754,18,289.4642333984375,290.89996337890625
972,972,/yh/study/new_data/model_dataset_flight/vi/vi_000972.jpg,0,1,-455.8806457519531,287.59454345703125,-328.7581481933594,27.895694732666016,-326.0974426269531,27.61181640625,-335.1567077636719,34.97210693359375,311.4166259765625,308.74080709508183,3.0,2.999999999999999,2.992173194885254,2.992173194885254,0.22965194284915924,0.9982694387435913,2.992173194885254,3.0,318.5298156738281,0.05872263386845589,0.0008355043828487396,3.357651948928833,173.90999868913076,-0.4896269664899771,173.4203717226408,173.4203748709311,16.0,2.1998887062072754,18,289.1429138183594,290.57647705078125
973,973,/yh/study/new_data/model_dataset_flight/vi/vi_000973.jpg,0,1,-455.80487060546875,287.461669921875,-329.0727233886719,27.92926025390625,-326.4120178222656,27.64537811279297,-335.1567077636719,34.97210693359375,311.7330017089844,309.0571657138279,3.0,2.999999999999999,2.992173194885254,2.992173194885254,0.22965189814567566,0.9982694387435913,2.992173194885254,3.0,318.5298156738281,0.058672018349170685,0.0008837804198265076,3.357651948928833,173.90999868913076,-0.48962002957910133,173.42037865955166,173.4203717226408,16.0,2.1998887062072754,18,288.8219299316406,290.25335693359375
974,974,/yh/study/new_data/model_dataset_flight/vi/vi_000974.jpg,0,1,-455.7215881347656,287.31561279296875,-329.3872985839844,27.962818145751953,-326.7265930175781,27.678939819335938,-335.1567077636719,34.97210693359375,312.0493469238281,309.3735229154068,3.0,2.999999999999999,2.992173194885254,2.992173194885254,0.22965213656425476,0.9982694387435913,2.992173194885254,3.0,318.5298156738281,0.0587078258395195,0.0008664913475513458,3.357651948928833,173.90999868913076,-0.48961922916630796,173.42037945996447,173.42037865955166,16.0,2.1998887062072754,18,288.486083984375,289.91534423828125
975,975,/yh/study/new_data/model_dataset_flight/vi/vi_000975.jpg,0,1,-456.0074768066406,287.5085144042969,-329.7018737792969,27.996383666992188,-327.0411682128906,27.712501525878906,-335.1567077636719,34.97210693359375,312.36572265625,309.6898820762138,3.0,2.999999999999999,2.992173194885254,2.992173194885254,0.2296522557735443,0.9982694387435913,2.992173194885254,3.0,318.5298156738281,0.058704353868961334,0.0008188672363758087,3.357651948928833,173.90999868913076,-0.4896194426097195,173.42037924652104,173.42037945996447,16.0,2.1998887062072754,18,288.6167907714844,290.0453186035156
976,976,/yh/study/new_data/model_dataset_flight/vi/vi_000976.jpg,0,1,-456.2934265136719,287.70147705078125,-330.0164489746094,28.029945373535156,-327.3556823730469,27.746063232421875,-335.1567077636719,34.97210693359375,312.68206787109375,310.00623976254263,3.0,2.999999999999999,2.992173194885254,2.992173194885254,0.22965213656425476,0.9982694387435913,2.992173194885254,3.0,318.5298156738281,0.0586966834962368,0.000722937285900116,3.357651948928833,173.90999868913076,-0.4896230177868632,173.4203756713439,173.42037924652107,16.0,2.1998887062072754,18,288.74761962890625,290.1754150390625
977,977,/yh/study/new_data/model_dataset_flight/vi/vi_000977.jpg,0,1,-456.5794372558594,287.89447021484375,-330.3310241699219,28.063507080078125,-327.6703186035156,27.77962875366211,-335.1567077636719,34.97210693359375,312.9984130859375,310.32259613028685,3.0,2.999999999999999,2.992173194885254,2.992173194885254,0.2296513170003891,0.9982694387435913,2.992173194885254,3.0,318.5298156738281,0.05852356180548668,0.0004173368215560913,3.357651948928833,173.90999868913076,-0.48963128871906125,173.4203674004117,173.42037567134392,16.0,2.1998887062072754,18,288.8785095214844,290.3055114746094
978,978,/yh/study/new_data/model_dataset_flight/vi/vi_000978.jpg,0,1,-456.72576904296875,288.1207580566406,-330.6455993652344,28.09707260131836,-327.9848327636719,27.813190460205078,-335.1567077636719,34.97210693359375,313.3147888183594,310.63895454541887,3.0,2.999999999999999,2.992173194885254,2.992173194885254,0.2296510636806488,0.9982694387435913,2.992173194885254,3.0,318.5298156738281,0.05847965553402901,0.0003670305013656616,3.357651948928833,173.90999868913076,-0.48963208913185463,173.4203665999989,173.42036740041172,16.0,2.1998887062072754,18,288.9784240722656,290.4035949707031
979,979,/yh/study/new_data/model_dataset_flight/vi/vi_000979.jpg,0,1,-456.8721923828125,288.34716796875,-330.9601745605469,28.130630493164062,-328.2994689941406,27.846752166748047,-335.1567077636719,34.97210693359375,313.6311340332031,310.95531156491137,3.0,2.999999999999999,2.992173194885254,2.992173194885254,0.22965332865715027,0.9982694387435913,2.992173194885254,3.0,318.5298156738281,0.058408576995134354,0.0012172013521194458,3.357651948928833,173.90999868913076,-0.48958924036698337,173.42040944876376,173.4203665999989,16.0,2.1998887062072754,18,289.0787048339844,290.50201416015625
980,980,/yh/study/new_data/model_dataset_flight/vi/vi_000980.jpg,0,1,-457.0185546875,288.5735168457031,-331.2747497558594,28.164196014404297,-328.6139831542969,27.880313873291016,-335.1567077636719,34.97210693359375,313.947509765625,311.2716705628836,3.0,2.999999999999999,2.9921722412109375,2.9921722412109375,0.22964656352996826,0.9982693195343018,2.992173194885254,3.0,318.5298156738281,0.057656947523355484,0.0008846297860145569,3.357651948928833,173.90999868913076,-0.4896424944981683,173.4203561946326,173.4204094487638,16.0,2.1998887062072754,18,289.1790771484375,290.6005554199219
981,981,/yh/study/new_data/model_dataset_flight/vi/vi_000981.jpg,0,1,-456.9674987792969,288.60693359375,-331.5893249511719,28.197757720947266,-328.9286193847656,27.91387939453125,-335.1567077636719,34.97210693359375,314.26385498046875,311.5880281035939,3.0,2.999999999999999,2.9921722412109375,2.9921722412109375,0.22964684665203094,0.9982693195343018,2.992171287536621,3.0,318.5298156738281,0.057696305215358734,0.0008802562952041626,3.357651948928833,173.90999868913076,-0.48963934620784777,173.42035934292292,173.4203561946326,16.0,2.1998887062072754,18,289.0201110839844,290.43902587890625
982,982,/yh/study/new_data/model_dataset_flight/vi/vi_000982.jpg,0,1,-456.9164123535156,288.64031982421875,-331.9038391113281,28.231319427490234,-329.2431335449219,27.94744110107422,-335.1567077636719,34.97210693359375,314.5802001953125,311.90438434111553,3.0,2.999999999999999,2.9921722412109375,2.9921722412109375,0.2296464890241623,0.9982693195343018,2.9921722412109375,3.0,318.5298156738281,0.05764973163604736,0.0008385889232158661,3.357651948928833,173.90999868913076,-0.4896403067031998,173.42035838242757,173.42035934292292,16.0,2.1998887062072754,18,288.8615417480469,290.2778625488281
983,983,/yh/study/new_data/model_dataset_flight/vi/vi_000983.jpg,0,1,-456.8653869628906,288.6737060546875,-332.2184143066406,28.264881134033203,-329.5577087402344,27.981002807617188,-335.1567077636719,34.97210693359375,314.89654541015625,312.22073941323197,3.0,2.999999999999999,2.9921722412109375,2.9921722412109375,0.22964715957641602,0.9982693195343018,2.9921722412109375,3.0,318.5298156738281,0.057683564722537994,0.0008933134377002716,3.357651948928833,173.90999868913076,-0.4896385991559073,173.42036008997485,173.42035838242757,16.0,2.1998887062072754,18,288.7033386230469,290.1170959472656
984,984,/yh/study/new_data/model_dataset_flight/vi/vi_000984.jpg,0,1,-456.729248046875,288.6329040527344,-332.5329895019531,28.298442840576172,-329.8722839355469,28.014564514160156,-335.1567077636719,34.97210693359375,315.212890625,312.5370934431591,3.0,2.999999999999999,2.9921722412109375,2.9921722412109375,0.22964662313461304,0.9982693195343018,2.9921722412109375,3.0,318.5298156738281,0.05765676870942116,0.0009051039814949036,3.357651948928833,173.90999868913076,-0.4896419608896394,173.42035672824113,173.42036008997488,16.0,2.1998887062072754,18,288.4419250488281,289.85272216796875
985,985,/yh/study/new_data/model_dataset_flight/vi/vi_000985.jpg,0,1,-456.5930480957031,288.5920715332031,-332.8475646972656,28.33200454711914,-330.1868591308594,28.048126220703125,-335.1567077636719,34.97210693359375,315.5292663574219,312.8534497676466,3.0,2.999999999999999,2.9921727180480957,2.9921727180480957,0.2296474277973175,0.9982693195343018,2.9921722412109375,3.0,318.5298156738281,0.05771910026669502,0.000987175852060318,3.357651948928833,173.90999868913076,-0.4896415873636692,173.42035710176708,173.42035672824113,16.0,2.1998887062072754,18,288.1809387207031,289.58880615234375
986,986,/yh/study/new_data/model_dataset_flight/vi/vi_000986.jpg,0,1,-456.4568786621094,288.5512390136719,-333.1621398925781,28.365570068359375,-330.5014343261719,28.081687927246094,-335.1567077636719,34.97210693359375,315.84564208984375,313.1698081440954,3.0,2.999999999999999,2.992173194885254,2.992173194885254,0.2296498864889145,0.9982694387435913,2.992173194885254,3.0,318.5298156738281,0.05790446698665619,0.0011801011860370636,3.357651948928833,173.90999868913076,-0.48963929284699487,173.42035939628377,173.4203571017671,16.0,2.1998887062072754,18,287.9204406738281,289.3253479003906
987,987,/yh/study/new_data/model_dataset_flight/vi/vi_000987.jpg,0,1,-456.361328125,288.4794006347656,-333.4767150878906,28.399131774902344,-330.8160095214844,28.115253448486328,-335.1567077636719,34.97210693359375,316.1619873046875,313.4861651289945,3.0,2.999999999999999,2.992173194885254,2.992173194885254,0.22964899241924286,0.9982694387435913,2.992173671722412,3.0,318.5298156738281,0.0578279085457325,0.0011128857731819153,3.357651948928833,173.90999868913076,-0.4896396663729651,173.4203590227578,173.42035939628377,16.0,2.1998887062072754,18,287.64971923828125,289.0520935058594
988,988,/yh/study/new_data/model_dataset_flight/vi/vi_000988.jpg,0,1,-456.2562255859375,288.4004211425781,-333.7912902832031,28.432697296142578,-331.1305847167969,28.148815155029297,-335.1567077636719,34.97210693359375,316.4783630371094,313.80252409603094,3.0,2.999999999999999,2.9921727180480957,2.9921727180480957,0.22964882850646973,0.9982693195343018,2.992173194885254,3.0,318.5298156738281,0.05785341560840607,0.0011579394340515137,3.357651948928833,173.90999868913076,-0.489643615076079,173.42035507405467,173.4203590227578,16.0,2.1998887062072754,18,287.368896484375,288.7686462402344
989,989,/yh/study/new_data/model_dataset_flight/vi/vi_000989.jpg,0,1,-456.1607360839844,288.32861328125,-334.1058654785156,28.466259002685547,-331.4451599121094,28.18238067626953,-335.1567077636719,34.97210693359375,316.7947082519531,314.11888160907614,3.0,2.999999999999999,2.992173194885254,2.992173194885254,0.22965185344219208,0.9982694387435913,2.9921722412109375,3.0,318.5298156738281,0.05798555538058281,0.001122206449508667,3.357651948928833,173.90999868913076,-0.4896357710307041,173.42036291810007,173.4203550740547,16.0,2.1998887062072754,18,287.0989990234375,288.49615478515625
990,990,/yh/study/new_data/model_dataset_flight/vi/vi_000990.jpg,0,1,-456.13690185546875,288.2544250488281,-334.4204406738281,28.499820709228516,-331.7597351074219,28.2159423828125,-335.1567077636719,34.97210693359375,317.111083984375,314.4352410484188,3.0,2.999999999999999,2.992173194885254,2.992173194885254,0.22965210676193237,0.9982694387435913,2.992173671722412,3.0,318.5298156738281,0.05800145864486694,0.001108560711145401,3.357651948928833,173.90999868913076,-0.4896355575872925,173.42036313154347,173.42036291810007,16.0,2.1998887062072754,18,286.85772705078125,288.2528381347656
991,991,/yh/study/new_data/model_dataset_flight/vi/vi_000991.jpg,0,1,-456.1130676269531,288.1802062988281,-334.7350158691406,28.533382415771484,-332.0743103027344,28.249500274658203,-335.1567077636719,34.97210693359375,317.42742919921875,314.75159898383424,3.0,2.999999999999999,2.992173433303833,2.992173433303833,0.22965240478515625,0.9982695579528809,2.992173194885254,3.0,318.5298156738281,0.05800989642739296,0.001119859516620636,3.357651948928833,173.90999868913076,-0.4896361445566743,173.4203625445741,173.42036313154347,16.0,2.1998887062072754,18,286.61663818359375,288.0096740722656
992,992,/yh/study/new_data/model_dataset_flight/vi/vi_000992.jpg,0,1,-456.0892333984375,288.1059875488281,-335.0495910644531,28.566944122314453,-332.3888854980469,28.283065795898438,-335.1567077636719,34.97210693359375,317.7437744140625,315.06795557432963,3.0,2.999999999999999,2.992173194885254,2.992173194885254,0.22965222597122192,0.9982694387435913,2.992173671722412,3.0,318.5298156738281,0.058015380054712296,0.0011298060417175293,3.357651948928833,173.90999868913076,-0.48963635800008587,173.42036233113066,173.4203625445741,16.0,2.1998887062072754,18,286.37579345703125,287.7668151855469
993,993,/yh/study/new_data/model_dataset_flight/vi/vi_000993.jpg,0,1,-456.1130676269531,288.0799865722656,-335.3641662597656,28.600509643554688,-332.7034606933594,28.316627502441406,-335.1567077636719,34.97210693359375,318.0601501464844,315.3843141886618,3.0,2.999999999999999,2.992173671722412,2.992173671722412,0.22965297102928162,0.9982695579528809,2.992172956466675,3.0,318.5298156738281,0.05804217979311943,0.0010841004550457,3.357651948928833,173.90999868913076,-0.4896344903702347,173.42036419876052,173.4203623311307,16.0,2.1998887062072754,18,286.1990661621094,287.588134765625
994,994,/yh/study/new_data/model_dataset_flight/vi/vi_000994.jpg,0,1,-456.13690185546875,288.05401611328125,-335.6787414550781,28.634071350097656,-333.0180358886719,28.35019302368164,-335.1567077636719,34.97210693359375,318.3764953613281,315.70067138629344,3.0,2.999999999999999,2.992173671722412,2.992173671722412,0.22965377569198608,0.9982695579528809,2.9921741485595703,3.0,318.5298156738281,0.05807443708181381,0.001088697463274002,3.357651948928833,173.90999868913076,-0.48963534414388094,173.42036334498687,173.42036419876052,16.0,2.1998887062072754,18,286.02252197265625,287.4096984863281
995,995,/yh/study/new_data/model_dataset_flight/vi/vi_000995.jpg,0,1,-456.1607360839844,288.0280456542969,-335.9933166503906,28.667633056640625,-333.3326110839844,28.38375473022461,-349.442138671875,20.787372589111328,318.6928405761719,316.0170273170094,3.0,2.999999999999999,2.9921720027923584,2.9921720027923584,0.22964586317539215,0.9982692003250122,2.992173671722412,3.0,331.229736328125,0.05711260437965393,0.00014696642756462097,12.262577056884766,173.90999868913076,-0.4896598901362107,173.42033879899455,173.4203633449869,16.0,2.1998887062072754,18,285.8461608886719,287.2314453125
996,996,/yh/study/new_data/model_dataset_flight/vi/vi_000996.jpg,0,1,-456.1437072753906,288.06146240234375,-336.3078308105469,28.701190948486328,-333.6471252441406,28.417312622070312,-349.47259521484375,16.02921485900879,319.0091857910156,316.33338211475814,3.0,2.999999999999999,2.9921720027923584,2.9921720027923584,0.22964631021022797,0.9982692003250122,2.9921703338623047,3.0,330.7552185058594,0.057292088866233826,0.00016447901725769043,16.997114181518555,173.90999868913076,-0.4896477238617516,173.420350965269,173.42033879899455,16.0,2.1998887062072754,18,285.7068176269531,287.0897216796875
997,997,/yh/study/new_data/model_dataset_flight/vi/vi_000997.jpg,0,1,-456.1266784667969,288.0948486328125,-336.6224060058594,28.734752655029297,-333.9617614746094,28.450878143310547,-349.47259521484375,16.02921485900879,319.3255310058594,316.6497358993259,3.0,2.999999999999999,2.9921720027923584,2.9921720027923584,0.22964614629745483,0.9982692003250122,2.9921720027923584,3.0,330.7552185058594,0.057175278663635254,7.203593850135803e-05,16.997114181518555,173.90999868913076,-0.48965135239974816,173.420347336731,173.42035096526902,16.0,2.1998887062072754,18,285.5677490234375,286.94818115234375
998,998,/yh/study/new_data/model_dataset_flight/vi/vi_000998.jpg,0,1,-456.1096496582031,288.12823486328125,-336.9369812011719,28.76831817626953,-334.2762756347656,28.484439849853516,-349.442138671875,20.787372589111328,319.64190673828125,316.9660920043954,3.0,2.999999999999999,2.9921720027923584,2.9921720027923584,0.2296459972858429,0.9982692003250122,2.9921720027923584,3.0,331.229736328125,0.05708771198987961,6.541609764099121e-05,12.262577056884766,173.90999868913076,-0.4896568485675959,173.42034184056317,173.42034733673103,16.0,2.1998887062072754,18,285.428955078125,286.8070068359375
999,999,/yh/study/new_data/model_dataset_flight/vi/vi_000999.jpg,0,1,-456.0858154296875,288.14678955078125,-337.2515563964844,28.8018798828125,-334.5908508300781,28.518001556396484,-349.442138671875,20.787372589111328,319.958251953125,317.28244695806364,3.0,2.999999999999999,2.9921720027923584,2.9921720027923584,0.22964581847190857,0.9982692003250122,2.9921720027923584,3.0,331.229736328125,0.05706636607646942,9.798258543014526e-05,12.262577056884766,173.90999868913076,-0.4896586094757413,173.420340079655,173.42034184056317,16.0,2.1998887062072754,18,285.274169921875,286.64984130859375
1000,1000,/yh/study/new_data/model_dataset_flight/vi/vi_001000.jpg,0,1,-456.06201171875,288.16534423828125,-337.5661315917969,28.83544158935547,-334.9054260253906,28.55156707763672,-349.442138671875,20.787372589111328,320.27459716796875,317.59880088206586,3.0,2.999999999999999,2.9921720027923584,2.9921720027923584,0.22964578866958618,0.9982692003250122,2.9921720027923584,3.0,331.229736328125,0.057060763239860535,5.804002285003662e-05,12.262577056884766,173.90999868913076,-0.4896593031668289,173.42033938596393,173.42034007965503,16.0,2.1998887062072754,18,285.1197509765625,286.49298095703125
1001,1001,/yh/study/new_data/model_dataset_flight/vi/vi_001001.jpg,0,1,-456.0381774902344,288.18389892578125,-337.8807067871094,28.869007110595703,-335.2200012207031,28.585128784179688,-349.442138671875,20.787372589111328,320.5909729003906,317.9151571118277,3.0,2.999999999999999,2.9921720027923584,2.9921720027923584,0.22964593768119812,0.9982692003250122,2.9921720027923584,3.0,331.229736328125,0.05706588178873062,8.211657404899597e-05,12.262577056884766,173.90999868913076,-0.4896580758672124,173.42034061326353,173.42033938596396,16.0,2.1998887062072754,18,284.9656066894531,286.33642578125
1002,1002,/yh/study/new_data/model_dataset_flight/vi/vi_001002.jpg,0,1,-456.05517578125,288.21356201171875,-338.1952819824219,28.902565002441406,-335.5345764160156,28.61868667602539,-349.442138671875,20.787372589111328,320.9073181152344,318.23151217700473,3.0,2.999999999999999,2.9921720027923584,2.9921720027923584,0.22964595258235931,0.9982692003250122,2.9921720027923584,3.0,331.229736328125,0.05707419291138649,5.564838647842407e-05,12.262577056884766,173.90999868913076,-0.4896602636621809,173.42033842546857,173.42034061326356,16.0,2.1998887062072754,18,284.83880615234375,286.2074890136719
1003,1003,/yh/study/new_data/model_dataset_flight/vi/vi_001003.jpg,0,1,-456.07220458984375,288.2432556152344,-338.5098571777344,28.936126708984375,-335.8491516113281,28.65224838256836,-349.442138671875,20.787372589111328,321.2236633300781,318.5478662007262,3.0,2.999999999999999,2.9921720027923584,2.9921720027923584,0.2296459972858429,0.9982692003250122,2.9921720027923584,3.0,331.229736328125,0.05708872526884079,9.465590119361877e-05,12.262577056884766,173.90999868913076,-0.4896570620110075,173.42034162711974,173.4203384254686,16.0,2.1998887062072754,18,284.7123107910156,286.07879638671875
1004,1004,/yh/study/new_data/model_dataset_flight/vi/vi_001004.jpg,0,1,-456.0892333984375,288.27294921875,-338.8243713378906,28.969688415527344,-336.1637268066406,28.685813903808594,-349.442138671875,20.787372589111328,321.5400085449219,318.8642192931031,3.0,2.999999999999999,2.9921720027923584,2.9921720027923584,0.22964590787887573,0.9982692003250122,2.9921720027923584,3.0,331.229736328125,0.057066988199949265,5.523860454559326e-05,12.262577056884766,173.90999868913076,-0.4896557279896852,173.42034296114107,173.42034162711977,16.0,2.1998887062072754,18,284.5860595703125,285.9503479003906
1005,1005,/yh/study/new_data/model_dataset_flight/vi/vi_001005.jpg,0,1,-456.1218566894531,288.249267578125,-339.1390075683594,29.003253936767578,-336.4783020019531,28.719375610351562,-349.442138671875,20.787372589111328,321.85638427734375,319.18057477916557,3.0,2.999999999999999,2.9921720027923584,2.9921720027923584,0.2296459972858429,0.9982692003250122,2.9921720027923584,3.0,331.229736328125,0.05709279701113701,8.851289749145508e-06,12.262577056884766,173.90999868913076,-0.4896546074117745,173.42034408171898,173.42034296114107,16.0,2.1998887062072754,18,284.41778564453125,285.7802429199219
1006,1006,/yh/study/new_data/model_dataset_flight/vi/vi_001006.jpg,0,1,-456.1514892578125,288.22772216796875,-339.4535217285156,29.03681182861328,-336.7928161621094,28.75293731689453,-349.442138671875,20.787372589111328,322.1727294921875,319.49692917927314,3.0,2.999999999999999,2.9921720027923584,2.9921720027923584,0.22964590787887573,0.9982692003250122,2.9921720027923584,3.0,331.229736328125,0.05706658959388733,8.460134267807007e-05,12.262577056884766,173.90999868913076,-0.48965711537186035,173.4203415737589,173.420344081719,16.0,2.1998887062072754,18,284.25048828125,285.61102294921875
1007,1007,/yh/study/new_data/model_dataset_flight/vi/vi_001007.jpg,0,1,-456.18115234375,288.2061767578125,-339.7680969238281,29.07037353515625,-337.1074523925781,28.786502838134766,-349.442138671875,20.787372589111328,322.48907470703125,319.81328260824154,3.0,2.999999999999999,2.9921720027923584,2.9921720027923584,0.22964590787887573,0.9982692003250122,2.9921720027923584,3.0,331.229736328125,0.05708035081624985,7.998943328857422e-05,12.262577056884766,173.90999868913076,-0.4896611707966801,173.42033751833407,173.42034157375892,16.0,2.1998887062072754,18,284.0833740234375,285.44195556640625
1008,1008,/yh/study/new_data/model_dataset_flight/vi/vi_001008.jpg,0,1,-456.1879577636719,288.1950378417969,-340.0826721191406,29.10393524169922,-337.4219665527344,28.82006072998047,-349.47259521484375,16.02921485900879,322.8054504394531,320.12963839530846,3.0,2.999999999999999,2.9921720027923584,2.9921720027923584,0.22964635491371155,0.9982692003250122,2.9921720027923584,3.0,330.7552185058594,0.05738786980509758,0.0002542324364185333,16.997114181518555,173.90999868913076,-0.48964628311872355,173.42035240601203,173.4203375183341,16.0,2.1998887062072754,18,283.9165954589844,285.2731018066406
1009,1009,/yh/study/new_data/model_dataset_flight/vi/vi_001009.jpg,0,1,-456.19476318359375,288.18389892578125,-340.3972473144531,29.137496948242188,-337.7365417480469,28.853622436523438,-349.47259521484375,16.02921485900879,323.1217956542969,320.4459930645958,3.0,2.999999999999999,2.9921720027923584,2.9921720027923584,0.22964614629745483,0.9982692003250122,2.9921720027923584,3.0,330.7552185058594,0.05719517171382904,7.929280400276184e-05,16.997114181518555,173.90999868913076,-0.4896507654303664,173.4203479237004,173.42035240601206,16.0,2.1998887062072754,18,283.75006103515625,285.10443115234375
1010,1010,/yh/study/new_data/model_dataset_flight/vi/vi_001010.jpg,0,1,-456.2015686035156,288.1727600097656,-340.7118225097656,29.171058654785156,-338.0511169433594,28.887187957763672,-354.05157470703125,39.84990692138672,323.4381408691406,320.7623467342842,3.0,2.999999999999999,2.9921720027923584,2.9921720027923584,0.22964799404144287,0.9982692003250122,2.9921720027923584,3.0,336.44598388671875,0.05858477205038071,0.0007183663547039032,6.357082366943359,173.90999868913076,-0.48962381819965656,173.4203748709311,173.4203479237004,16.0,2.1998887062072754,18,283.58380126953125,284.93603515625
1011,1011,/yh/study/new_data/model_dataset_flight/vi/vi_001011.jpg,0,1,-456.19476318359375,288.1913146972656,-341.0263977050781,29.20462417602539,-338.3656921386719,28.92074966430664,-354.05157470703125,39.84990692138672,323.7545166015625,321.0787027366203,3.0,2.999999999999999,2.9921720027923584,2.9921720027923584,0.22964853048324585,0.9982692003250122,2.9921720027923584,3.0,336.7623596191406,0.05869662016630173,0.0007384531199932098,6.29550313949585,173.90999868913076,-0.489619709413984,173.4203789797168,173.4203748709311,16.0,2.1998887062072754,18,283.4393310546875,284.78924560546875
1012,1012,/yh/study/new_data/model_dataset_flight/vi/vi_001012.jpg,0,1,-456.1879577636719,288.2098693847656,-341.3409729003906,29.23818588256836,-338.6802673339844,28.95431137084961,-354.05157470703125,39.84990692138672,324.07086181640625,321.3950575984169,3.0,2.999999999999999,2.9921720027923584,2.9921720027923584,0.22964836657047272,0.9982692003250122,2.9921720027923584,3.0,337.0787048339844,0.05868830531835556,0.0007437020540237427,6.249355316162109,173.90999868913076,-0.4896212568787178,173.42037743225205,173.4203789797168,16.0,2.1998887062072754,18,283.295166015625,284.64276123046875
1013,1013,/yh/study/new_data/model_dataset_flight/vi/vi_001013.jpg,0,1,-456.18115234375,288.2284240722656,-341.6555480957031,29.271747589111328,-338.9948425292969,28.987873077392578,-354.05157470703125,39.84990692138672,324.38720703125,321.71141144026086,3.0,2.999999999999999,2.9921720027923584,2.9921720027923584,0.22964826226234436,0.9982692003250122,2.9921720027923584,3.0,337.3950500488281,0.0586828887462616,0.0007509253919124603,6.218976020812988,173.90999868913076,-0.48962291106515743,173.4203757780656,173.42037743225205,16.0,2.1998887062072754,18,283.1513366699219,284.4965515136719
1014,1014,/yh/study/new_data/model_dataset_flight/vi/vi_001014.jpg,0,1,-456.1875305175781,288.2249450683594,-341.9701232910156,29.305309295654297,-339.3094177246094,29.02143096923828,-354.05157470703125,39.84990692138672,324.7035827636719,322.02776759655086,3.0,2.999999999999999,2.9921720027923584,2.9921720027923584,0.2296481430530548,0.9982692003250122,2.9921720027923584,3.0,337.71142578125,0.05864417180418968,0.0007234439253807068,6.204603672027588,173.90999868913076,-0.4896241383647739,173.42037455076598,173.42037577806562,16.0,2.1998887062072754,18,282.992919921875,284.33599853515625
1015,1015,/yh/study/new_data/model_dataset_flight/vi/vi_001015.jpg,0,1,-456.194580078125,288.2210998535156,-342.2846984863281,29.338871002197266,-339.6239929199219,29.05499267578125,-354.05157470703125,39.84990692138672,325.0199279785156,322.34412259602414,3.0,2.999999999999999,2.9921720027923584,2.9921720027923584,0.22964845597743988,0.9982692003250122,2.9921720027923584,3.0,337.83551025390625,0.058703478425741196,0.0007529780268669128,6.203359127044678,173.90999868913076,-0.489619709413984,173.4203789797168,173.42037455076598,16.0,2.1998887062072754,18,282.834716796875,284.17559814453125
1016,1016,/yh/study/new_data/model_dataset_flight/vi/vi_001016.jpg,0,1,-456.2015686035156,288.21728515625,-342.5992126464844,29.372432708740234,-339.9385070800781,29.08855438232422,-354.05157470703125,39.84990692138672,325.3362731933594,322.6604765609885,3.0,2.999999999999999,2.9921720027923584,2.9921720027923584,0.22964809834957123,0.9982692003250122,2.9921720027923584,3.0,337.83551025390625,0.058619145303964615,0.0007211752235889435,6.203359127044678,173.90999868913076,-0.4896247786950086,173.42037391043576,173.4203789797168,16.0,2.1998887062072754,18,282.6767578125,284.0154724121094
1017,1017,/yh/study/new_data/model_dataset_flight/vi/vi_001017.jpg,0,1,-456.1817932128906,288.2352600097656,-342.9137878417969,29.405994415283203,-340.2531433105469,29.122119903564453,-354.05157470703125,39.84990692138672,325.6526184082031,322.97682960082057,3.0,2.999999999999999,2.9921720027923584,2.9921720027923584,0.22964829206466675,0.9982692003250122,2.9921720027923584,3.0,337.83551025390625,0.05868575721979141,0.0007501617074012756,6.203359127044678,173.90999868913076,-0.4896207766310418,173.42037791249973,173.42037391043576,16.0,2.1998887062072754,18,282.5282897949219,283.8645324707031
1018,1018,/yh/study/new_data/model_dataset_flight/vi/vi_001018.jpg,0,1,-456.1620178222656,288.2532043457031,-343.2283630371094,29.439559936523438,-340.5676574707031,29.155681610107422,-354.05157470703125,39.84990692138672,325.968994140625,323.29318503989373,3.0,2.999999999999999,2.9921720027923584,2.9921720027923584,0.22964826226234436,0.9982692003250122,2.9921720027923584,3.0,337.83551025390625,0.05865534022450447,0.0007240213453769684,6.203359127044678,173.90999868913076,-0.4896227509825987,173.42037593814817,173.42037791249973,16.0,2.1998887062072754,18,282.3800964355469,283.71392822265625
1019,1019,/yh/study/new_data/model_dataset_flight/vi/vi_001019.jpg,0,1,-456.1402893066406,288.27294921875,-343.5429382324219,29.473121643066406,-340.8822326660156,29.18924331665039,-354.05157470703125,39.84990692138672,326.28533935546875,323.60953939798003,3.0,2.999999999999999,2.9921720027923584,2.9921720027923584,0.22964835166931152,0.9982692003250122,2.9921720027923584,3.0,337.83551025390625,0.05864585191011429,0.0007078275084495544,6.203359127044678,173.90999868913076,-0.48962371147795075,173.4203749776528,173.42037593814817,16.0,2.1998887062072754,18,282.23309326171875,283.5644226074219
1020,1020,/yh/study/new_data/model_dataset_flight/vi/vi_001020.jpg,0,1,-456.16583251953125,288.33416748046875,-343.8575134277344,29.50667953491211,-341.1968078613281,29.22280502319336,-354.05157470703125,39.84990692138672,326.6016845703125,323.92589278937,3.0,2.999999999999999,2.9921720027923584,2.9921720027923584,0.22964826226234436,0.9982692003250122,2.9921720027923584,3.0,337.83551025390625,0.05865896865725517,0.000744204968214035,6.203359127044678,173.90999868913076,-0.48962168376554094,173.42037700536522,173.4203749776528,16.0,2.1998887062072754,18,282.14324951171875,283.47235107421875
1021,1021,/yh/study/new_data/model_dataset_flight/vi/vi_001021.jpg,0,1,-456.19134521484375,288.3954162597656,-344.1720886230469,29.540245056152344,-341.5113830566406,29.256366729736328,-354.05157470703125,39.84990692138672,326.9180603027344,324.2422485428316,3.0,2.999999999999999,2.9921720027923584,2.9921720027923584,0.22964835166931152,0.9982692003250122,2.9921720027923584,3.0,337.83551025390625,0.05872069299221039,0.0007752999663352966,6.203359127044678,173.90999868913076,-0.4896206165484831,173.42037807258228,173.42037700536522,16.0,2.1998887062072754,18,282.0537414550781,283.38055419921875
1022,1022,/yh/study/new_data/model_dataset_flight/vi/vi_001022.jpg,0,1,-456.2045593261719,288.3558654785156,-344.4866638183594,29.573806762695312,-341.8259582519531,29.289928436279297,-354.05157470703125,39.84990692138672,327.2344055175781,324.55860318206663,3.0,2.999999999999999,2.9921720027923584,2.9921720027923584,0.22964820265769958,0.9982692003250122,2.9921720027923584,3.0,337.83551025390625,0.05869634822010994,0.0007847696542739868,6.203359127044678,173.90999868913076,-0.48962173712639384,173.42037695200437,173.42037807258228,16.0,2.1998887062072754,18,281.8670654296875,283.1918640136719
1023,1023,/yh/study/new_data/model_dataset_flight/vi/vi_001023.jpg,0,1,-456.2177429199219,288.31634521484375,-344.8012390136719,29.60736846923828,-342.1405334472656,29.32349395751953,-354.05157470703125,39.84990692138672,327.5507507324219,324.8749568248801,3.0,2.999999999999999,2.9921720027923584,2.9921720027923584,0.22964809834957123,0.9982692003250122,2.9921720027923584,3.0,337.83551025390625,0.05867685750126839,0.0007805526256561279,6.203359127044678,173.90999868913076,-0.4896218438480996,173.42037684528265,173.42037695200437,16.0,2.1998887062072754,18,281.6806335449219,283.0033874511719
1024,1024,/yh/study/new_data/model_dataset_flight/vi/vi_001024.jpg,0,1,-456.2322082519531,288.27294921875,-345.1158142089844,29.640933990478516,-342.4551086425781,29.3570556640625,-354.05157470703125,39.84990692138672,327.86712646484375,325.19131280318265,3.0,2.999999999999999,2.9921715259552,2.9921715259552,0.22964783012866974,0.9982690811157227,2.9921720027923584,3.0,337.83551025390625,0.058580175042152405,0.0007443465292453766,6.203359127044678,173.90999868913076,-0.4896239782822152,173.42037471084853,173.42037684528268,16.0,2.1998887062072754,18,281.4913330078125,282.81207275390625
1025,1025,/yh/study/new_data/model_dataset_flight/vi/vi_001025.jpg,0,1,-456.1935119628906,288.2192687988281,-345.4303894042969,29.674495697021484,-342.7696838378906,29.39061737060547,-358.90478515625,20.847187042236328,328.1834716796875,325.50766764348674,3.0,2.999999999999999,2.9921722412109375,2.9921722412109375,0.22965064644813538,0.9982693195343018,2.992171049118042,3.0,340.64532470703125,0.05980207398533821,0.0016258619725704193,13.207000732421875,173.90999868913076,-0.4896637321176188,173.42033495701315,173.42037471084856,16.0,2.1998887062072754,18,281.2718811035156,282.5902099609375
1026,1026,/yh/study/new_data/model_dataset_flight/vi/vi_001026.jpg,0,1,-456.15496826171875,288.165771484375,-345.7449035644531,29.708053588867188,-343.0842590332031,29.424179077148438,-358.90478515625,20.847187042236328,328.49981689453125,325.8240214661106,3.0,2.999999999999999,2.9921720027923584,2.9921720027923584,0.22965067625045776,0.9982692003250122,2.992172956466675,3.0,340.64532470703125,0.0598091259598732,0.0016129426658153534,13.207000732421875,173.90999868913076,-0.48966479933467666,173.42033388979607,173.42033495701315,16.0,2.1998887062072754,18,281.0529479980469,282.368896484375
1027,1027,/yh/study/new_data/model_dataset_flight/vi/vi_001027.jpg,0,1,-456.119873046875,288.1170959472656,-346.0595397949219,29.741619110107422,-343.3988342285156,29.457740783691406,-358.90478515625,20.847187042236328,328.8161926269531,326.14037760521256,3.0,2.999999999999999,2.9921720027923584,2.9921720027923584,0.22965067625045776,0.9982692003250122,2.9921717643737793,3.0,340.64532470703125,0.05971820652484894,0.001301504671573639,13.207000732421875,173.90999868913076,-0.4896747244533143,173.42032396467744,173.4203338897961,16.0,2.1998887062072754,18,280.8401184082031,282.1536865234375
1028,1028,/yh/study/new_data/model_dataset_flight/vi/vi_001028.jpg,0,1,-456.0926513671875,288.09857177734375,-346.3741149902344,29.775184631347656,-343.7133483886719,29.491302490234375,-358.90478515625,20.847187042236328,329.132568359375,326.4567358158762,3.0,2.999999999999999,2.9921722412109375,2.9921722412109375,0.22965079545974731,0.9982693195343018,2.9921720027923584,3.0,340.64532470703125,0.059751350432634354,0.0014376789331436157,13.207000732421875,173.90999868913076,-0.48967056230678885,173.42032812682396,173.42032396467746,16.0,2.1998887062072754,18,280.65838623046875,281.96954345703125
1029,1029,/yh/study/new_data/model_dataset_flight/vi/vi_001029.jpg,0,1,-456.0653991699219,288.0799865722656,-346.6886291503906,29.80874252319336,-344.0279846191406,29.52486801147461,-358.90478515625,20.847187042236328,329.4488830566406,326.7730894259572,3.0,2.999999999999999,2.9921720027923584,2.9921720027923584,0.22965073585510254,0.9982692003250122,2.9921724796295166,3.0,340.64532470703125,0.05973729491233826,0.0013925246894359589,13.207000732421875,173.90999868913076,-0.4896724832974929,173.42032620583328,173.420328126824,16.0,2.1998887062072754,18,280.4769287109375,281.7856140136719
1030,1030,/yh/study/new_data/model_dataset_flight/vi/vi_001030.jpg,0,1,-456.0381774902344,288.0614318847656,-347.0032043457031,29.842308044433594,-344.3424987792969,29.558429718017578,-358.90478515625,20.847187042236328,329.7652587890625,327.0894453749881,3.0,2.999999999999999,2.9921722412109375,2.9921722412109375,0.22965094447135925,0.9982693195343018,2.9921717643737793,3.0,340.64532470703125,0.05977915599942207,0.0015489831566810608,13.207000732421875,173.90999868913076,-0.48966586655173444,173.420332822579,173.42032620583328,16.0,2.1998887062072754,18,280.2958068847656,281.60205078125
1031,1031,/yh/study/new_data/model_dataset_flight/vi/vi_001031.jpg,0,1,-456.03497314453125,288.06842041015625,-347.3177795410156,29.875865936279297,-344.6570739746094,29.59198760986328,-358.90478515625,20.847187042236328,330.08160400390625,327.4058001891153,3.0,2.999999999999999,2.9921722412109375,2.9921722412109375,0.22965088486671448,0.9982693195343018,2.9921724796295166,3.0,340.64532470703125,0.059759046882390976,0.0014650635421276093,13.207000732421875,173.90999868913076,-0.4896682144292616,173.4203304747015,173.42033282257904,16.0,2.1998887062072754,18,280.1478576660156,281.4517822265625
1032,1032,/yh/study/new_data/model_dataset_flight/vi/vi_001032.jpg,0,1,-456.0314636230469,288.0760803222656,-347.6323547363281,29.909427642822266,-344.9716491699219,29.625553131103516,-358.90478515625,20.847187042236328,330.39794921875,327.72215398833,3.0,2.999999999999999,2.9921722412109375,2.9921722412109375,0.22965095937252045,0.9982693195343018,2.9921722412109375,3.0,340.64532470703125,0.059776872396469116,0.0014518052339553833,13.207000732421875,173.90999868913076,-0.48966842787267323,173.42033026125807,173.4203304747015,16.0,2.1998887062072754,18,280.0007019042969,281.30224609375
1033,1033,/yh/study/new_data/model_dataset_flight/vi/vi_001033.jpg,0,1,-456.0279541015625,288.0837097167969,-347.9469909667969,29.942996978759766,-345.2862243652344,29.659114837646484,-358.90478515625,20.847187042236328,330.71435546875,328.0385133330589,3.0,2.999999999999999,2.9921722412109375,2.9921722412109375,0.22965088486671448,0.9982693195343018,2.9921722412109375,3.0,340.64532470703125,0.059723418205976486,0.0013608969748020172,13.207000732421875,173.90999868913076,-0.4896714160804351,173.42032727305033,173.4203302612581,16.0,2.1998887062072754,18,279.853759765625,281.1529846191406
1034,1034,/yh/study/new_data/model_dataset_flight/vi/vi_001034.jpg,0,1,-456.0213317871094,288.14501953125,-348.2615051269531,29.976558685302734,-345.6007995605469,29.692676544189453,-358.90478515625,20.847187042236328,331.03070068359375,328.35487118386396,3.0,2.999999999999999,2.9921722412109375,2.9921722412109375,0.22965095937252045,0.9982693195343018,2.9921722412109375,3.0,340.64532470703125,0.05976531654596329,0.0013523772358894348,13.207000732421875,173.90999868913076,-0.48967216313237555,173.42032652599838,173.42032727305033,16.0,2.1998887062072754,18,279.7554931640625,281.0521240234375
1035,1035,/yh/study/new_data/model_dataset_flight/vi/vi_001035.jpg,0,1,-456.01409912109375,288.2120056152344,-348.5760803222656,30.010120391845703,-345.9153747558594,29.726242065429688,-358.90478515625,20.847187042236328,331.3470458984375,328.6712276986947,3.0,2.999999999999999,2.9921722412109375,2.9921722412109375,0.2296508252620697,0.9982693195343018,2.9921722412109375,3.0,340.64532470703125,0.059770118445158005,0.001546178013086319,13.207000732421875,173.90999868913076,-0.4896657064691758,173.4203329826616,173.4203265259984,16.0,2.1998887062072754,18,279.66253662109375,280.9566345214844
1036,1036,/yh/study/new_data/model_dataset_flight/vi/vi_001036.jpg,0,1,-456.0075378417969,288.27294921875,-348.8906555175781,30.043682098388672,-346.2299499511719,29.759803771972656,-358.90478515625,20.847187042236328,331.66339111328125,328.9875830188009,3.0,2.999999999999999,2.9921720027923584,2.9921720027923584,0.22965078055858612,0.9982692003250122,2.9921722412109375,3.0,340.64532470703125,0.05972030386328697,0.001337297260761261,13.207000732421875,173.90999868913076,-0.489672910184316,173.42032577894645,173.4203329826616,16.0,2.1998887062072754,18,279.56463623046875,280.85614013671875
1037,1037,/yh/study/new_data/model_dataset_flight/vi/vi_001037.jpg,0,1,-455.97869873046875,288.23455810546875,-349.2052307128906,30.077239990234375,-346.5445251464844,29.79336166381836,-358.90478515625,20.847187042236328,331.979736328125,329.3039372704983,3.0,2.999999999999999,2.9921720027923584,2.9921720027923584,0.22965073585510254,0.9982692003250122,2.9921717643737793,3.0,340.64532470703125,0.0597686804831028,0.0014910250902175903,13.207000732421875,173.90999868913076,-0.48966842787267323,173.42033026125807,173.42032577894645,16.0,2.1998887062072754,18,279.3667297363281,280.65582275390625
1038,1038,/yh/study/new_data/model_dataset_flight/vi/vi_001038.jpg,0,1,-455.9470520019531,288.1923522949219,-349.5197448730469,30.110801696777344,-346.8591003417969,29.826927185058594,-358.90478515625,20.847187042236328,332.29608154296875,329.62029056674766,3.0,2.999999999999999,2.9921720027923584,2.9921720027923584,0.2296501100063324,0.9982692003250122,2.9921720027923584,3.0,340.64532470703125,0.05961212143301964,0.0015909522771835327,13.207000732421875,173.90999868913076,-0.4896547141334803,173.42034397499728,173.4203302612581,16.0,2.1998887062072754,18,279.1645812988281,280.451171875
1039,1039,/yh/study/new_data/model_dataset_flight/vi/vi_001039.jpg,0,1,-455.9156188964844,288.1505126953125,-349.8343811035156,30.144367218017578,-347.1736755371094,29.860488891601562,-358.90478515625,20.847187042236328,332.6124572753906,329.9366462351277,3.0,2.999999999999999,2.9921720027923584,2.9921720027923584,0.22965022921562195,0.9982692003250122,2.9921720027923584,3.0,340.64532470703125,0.059619754552841187,0.0015756189823150635,13.207000732421875,173.90999868913076,-0.4896548208551861,173.42034386827558,173.42034397499728,16.0,2.1998887062072754,18,278.96307373046875,280.247314453125
1040,1040,/yh/study/new_data/model_dataset_flight/vi/vi_001040.jpg,0,1,-455.6431579589844,287.9500427246094,-350.1489562988281,30.177932739257812,-347.4881896972656,29.89405059814453,-358.90478515625,20.847187042236328,332.9288330078125,330.2530040248378,3.0,2.999999999999999,2.9921727180480957,2.9921727180480957,0.22965410351753235,0.9982693195343018,2.9921720027923584,3.0,340.64532470703125,0.05830778926610947,0.0004274100065231323,13.207000732421875,173.90999868913076,-0.48958465133363477,173.42041403779712,173.42034386827558,16.0,2.1998887062072754,18,278.52374267578125,279.80419921875
1041,1041,/yh/study/new_data/model_dataset_flight/vi/vi_001041.jpg,0,1,-455.37109375,287.7498474121094,-350.4635314941406,30.21149444580078,-347.8028259277344,29.927616119384766,-358.90478515625,20.847187042236328,333.24517822265625,330.5693604850331,3.0,2.999999999999999,2.9921727180480957,2.9921727180480957,0.2296542227268219,0.9982693195343018,2.992173433303833,3.0,340.64532470703125,0.05832295119762421,0.00040691718459129333,13.207000732421875,173.90999868913076,-0.4895848114161934,173.42041387771457,173.42041403779714,16.0,2.1998887062072754,18,278.0856018066406,279.3621826171875
1042,1042,/yh/study/new_data/model_dataset_flight/vi/vi_001042.jpg,0,1,-455.0986328125,287.54937744140625,-350.7781066894531,30.24505615234375,-348.1173400878906,29.961177825927734,-358.90478515625,20.847187042236328,333.5615539550781,330.88571898284147,3.0,2.999999999999999,2.9921727180480957,2.9921727180480957,0.22965413331985474,0.9982693195343018,2.9921727180480957,3.0,340.64532470703125,0.05829368531703949,0.0004233419895172119,13.207000732421875,173.90999868913076,-0.4895856651898397,173.4204130239409,173.42041387771457,16.0,2.1998887062072754,18,277.64776611328125,278.9205627441406
1043,1043,/yh/study/new_data/model_dataset_flight/vi/vi_001043.jpg,0,1,-454.4962158203125,287.1932373046875,-351.0926818847656,30.27861785888672,-348.4319763183594,29.994739532470703,-358.90478515625,20.847187042236328,333.8778991699219,331.2020760762691,3.0,2.999999999999999,2.9921727180480957,2.9921727180480957,0.2296541929244995,0.9982693195343018,2.9921727180480957,3.0,340.64532470703125,0.05829847231507301,0.00038490816950798035,13.207000732421875,173.90999868913076,-0.489585985354957,173.4204127037758,173.42041302394094,16.0,2.1998887062072754,18,276.9429626464844,278.20977783203125
1044,1044,/yh/study/new_data/model_dataset_flight/vi/vi_001044.jpg,0,1,-453.893798828125,286.8370666503906,-351.4072570800781,30.312183380126953,-348.7464904785156,30.028301239013672,-358.90478515625,20.847187042236328,334.19427490234375,331.51843514035954,3.0,2.999999999999999,2.9921727180480957,2.9921727180480957,0.22965417802333832,0.9982693195343018,2.9921727180480957,3.0,340.64532470703125,0.05830824002623558,0.0003791823983192444,13.207000732421875,173.90999868913076,-0.48958582527239836,173.42041286385836,173.4204127037758,16.0,2.1998887062072754,18,276.23992919921875,277.5008239746094
1045,1045,/yh/study/new_data/model_dataset_flight/vi/vi_001045.jpg,0,1,-453.291015625,286.480712890625,-351.7218322753906,30.345745086669922,-349.0610656738281,30.06186294555664,-358.90478515625,20.847187042236328,334.5106201171875,331.83479274019743,3.0,2.999999999999999,2.992173194885254,2.992173194885254,0.22965428233146667,0.9982694387435913,2.9921727180480957,3.0,340.64532470703125,0.058354780077934265,0.0003444477915763855,13.207000732421875,173.90999868913076,-0.4895861987983686,173.42041249033238,173.42041286385836,16.0,2.1998887062072754,18,275.5384216308594,276.7932434082031
1046,1046,/yh/study/new_data/model_dataset_flight/vi/vi_001046.jpg,0,1,-452.222412109375,285.8055725097656,-352.0363464355469,30.37930679321289,-349.3756408691406,30.095428466796875,-358.90478515625,20.847187042236328,334.82696533203125,332.1511490305952,3.0,2.999999999999999,2.992173194885254,2.992173194885254,0.2296544462442398,0.9982694387435913,2.992173671722412,3.0,340.64532470703125,0.058349914848804474,0.00033733993768692017,13.207000732421875,173.90999868913076,-0.4895876929022495,173.4204109962285,173.4204124903324,16.0,2.1998887062072754,18,274.3717041015625,275.61773681640625
1047,1047,/yh/study/new_data/model_dataset_flight/vi/vi_001047.jpg,0,1,-451.1537780761719,285.1304016113281,-352.3509826660156,30.41286849975586,-349.6902160644531,30.128990173339844,-358.90478515625,20.847187042236328,335.1433410644531,332.46750737655844,3.0,2.999999999999999,2.9921727180480957,2.9921727180480957,0.22965434193611145,0.9982693195343018,2.992173194885254,3.0,340.64532470703125,0.0582965724170208,0.00032429397106170654,13.207000732421875,173.90999868913076,-0.4895873193762793,173.42041136975448,173.42041099622853,16.0,2.1998887062072754,18,273.208740234375,274.4459228515625
1048,1048,/yh/study/new_data/model_dataset_flight/vi/vi_001048.jpg,0,1,-450.08428955078125,284.4546813964844,-352.6654968261719,30.446430206298828,-350.0047912597656,30.162551879882812,-358.90478515625,20.847187042236328,335.4596862792969,332.78386433419524,3.0,2.999999999999999,2.9921727180480957,2.9921727180480957,0.22965437173843384,0.9982693195343018,2.9921722412109375,3.0,340.64532470703125,0.05830947309732437,0.00036188215017318726,13.207000732421875,173.90999868913076,-0.4895872660154264,173.42041142311533,173.4204113697545,16.0,2.1998887062072754,18,272.0489196777344,273.2771301269531
1049,1049,/yh/study/new_data/model_dataset_flight/vi/vi_001049.jpg,0,1,-448.42645263671875,283.37860107421875,-352.9801330566406,30.479995727539062,-350.3193664550781,30.19611358642578,-358.90478515625,20.847187042236328,335.77606201171875,333.1002232768517,3.0,2.999999999999999,2.9921727180480957,2.9921727180480957,0.22965453565120697,0.9982693195343018,2.9921727180480957,3.0,340.64532470703125,0.05834778770804405,0.00029234960675239563,13.207000732421875,173.90999868913076,-0.48958758618054377,173.42041110295023,173.42041142311535,16.0,2.1998887062072754,18,270.3103942871094,271.5260009765625
1050,1050,/yh/study/new_data/model_dataset_flight/vi/vi_001050.jpg,0,1,-446.768798828125,282.3026123046875,-353.2946472167969,30.51355743408203,-350.6339416503906,30.229679107666016,-358.90478515625,20.847187042236328,336.0924072265625,333.41658076809455,3.0,2.999999999999999,2.9921727180480957,2.9921727180480957,0.2296544462442398,0.9982693195343018,2.9921727180480957,3.0,340.64532470703125,0.05836101621389389,0.0003298074007034302,13.207000732421875,173.90999868913076,-0.48958710593286775,173.4204115831979,173.42041110295023,16.0,2.1998887062072754,18,268.5798645019531,269.78265380859375
1051,1051,/yh/study/new_data/model_dataset_flight/vi/vi_001051.jpg,0,1,-445.1108093261719,281.2264404296875,-353.6092834472656,30.547122955322266,-350.9485168457031,30.263240814208984,-358.90478515625,20.847187042236328,336.4087829589844,333.73294018794,3.0,2.999999999999999,2.9921727180480957,2.9921727180480957,0.2296544313430786,0.9982693195343018,2.9921727180480957,3.0,340.64532470703125,0.05833699554204941,0.0003375820815563202,13.207000732421875,173.90999868913076,-0.48958694585030904,173.42041174328045,173.4204115831979,16.0,2.1998887062072754,18,266.85699462890625,268.0467529296875
1052,1052,/yh/study/new_data/model_dataset_flight/vi/vi_001052.jpg,0,1,-442.9400329589844,279.8542175292969,-353.9237976074219,30.580684661865234,-351.2630920410156,30.296802520751953,-358.90478515625,20.847187042236328,336.7251281738281,334.04929810591966,3.0,2.999999999999999,2.9921727180480957,2.9921727180480957,0.22965434193611145,0.9982693195343018,2.9921727180480957,3.0,340.64532470703125,0.058317139744758606,0.0003287605941295624,13.207000732421875,173.90999868913076,-0.48958747945883796,173.42041120967193,173.42041174328045,16.0,2.1998887062072754,18,264.69073486328125,265.86383056640625
1053,1053,/yh/study/new_data/model_dataset_flight/vi/vi_001053.jpg,0,1,-440.7690124511719,278.48187255859375,-354.2383728027344,30.614242553710938,-351.5776672363281,30.330364227294922,-358.90478515625,20.847187042236328,337.0414733886719,334.36565468082273,3.0,2.999999999999999,2.9921727180480957,2.9921727180480957,0.22965435683727264,0.9982693195343018,2.9921727180480957,3.0,340.64532470703125,0.05836547911167145,0.0003688149154186249,13.207000732421875,173.90999868913076,-0.4895857185506926,173.42041297058006,173.42041120967193,16.0,2.1998887062072754,18,262.5374450683594,263.6935119628906
1054,1054,/yh/study/new_data/model_dataset_flight/vi/vi_001054.jpg,0,1,-438.4012145996094,276.98516845703125,-354.5529479980469,30.647808074951172,-351.8922424316406,30.36392593383789,-358.90478515625,20.847187042236328,337.35784912109375,334.6820132812111,3.0,2.999999999999999,2.9921727180480957,2.9921727180480957,0.22965435683727264,0.9982693195343018,2.9921727180480957,3.0,340.64532470703125,0.05837192013859749,0.00043259933590888977,13.207000732421875,173.90999868913076,-0.4895848114161934,173.42041387771457,173.4204129705801,16.0,2.1998887062072754,18,260.21649169921875,261.3538818359375
1055,1055,/yh/study/new_data/model_dataset_flight/vi/vi_001055.jpg,0,1,-435.843017578125,275.36529541015625,-354.8675231933594,30.681365966796875,-352.2068176269531,30.39748764038086,-358.90478515625,20.847187042236328,337.6741638183594,334.99836723981207,3.0,2.999999999999999,2.9921720027923584,2.9921720027923584,0.2296532392501831,0.9982692003250122,2.9921727180480957,3.0,340.64532470703125,0.057463183999061584,0.00040576234459877014,13.207000732421875,173.90999868913076,-0.48960540870540925,173.42039328042534,173.42041387771457,16.0,2.1998887062072754,18,257.73486328125,258.8517761230469
1056,1056,/yh/study/new_data/model_dataset_flight/vi/vi_001056.jpg,0,1,-433.263427734375,273.73187255859375,-355.1820983886719,30.71493148803711,-352.5213928222656,30.431053161621094,-358.90478515625,20.847187042236328,337.99053955078125,335.3147235005146,3.0,2.999999999999999,2.9921727180480957,2.9921727180480957,0.22965368628501892,0.9982693195343018,2.992171287536621,3.0,340.64532470703125,0.05769680067896843,0.00043324753642082214,13.207000732421875,173.90999868913076,-0.4896075965003778,173.42039109263038,173.42039328042537,16.0,2.1998887062072754,18,255.25267028808594,256.3485107421875
1057,1057,/yh/study/new_data/model_dataset_flight/vi/vi_001057.jpg,0,1,-430.7010192871094,272.109375,-355.4966735839844,30.748497009277344,-352.8359680175781,30.464614868164062,-358.90478515625,20.847187042236328,338.3069152832031,335.6310818199222,3.0,2.999999999999999,2.9921727180480957,2.9921727180480957,0.22965392470359802,0.9982693195343018,2.992173433303833,3.0,340.64532470703125,0.05767625570297241,0.0003711581230163574,13.207000732421875,173.90999868913076,-0.48960791666549514,173.42039077246525,173.42039109263038,16.0,2.1998887062072754,18,252.8057861328125,253.8802032470703
1058,1058,/yh/study/new_data/model_dataset_flight/vi/vi_001058.jpg,0,1,-426.8499755859375,269.60980224609375,-355.8112487792969,30.782054901123047,-353.1505432128906,30.49817657470703,-358.90478515625,20.847187042236328,338.6232604980469,335.94743875381107,3.0,2.999999999999999,2.9921727180480957,2.9921727180480957,0.22965453565120697,0.9982693195343018,2.9921727180480957,3.0,340.64532470703125,0.057954661548137665,0.0003794431686401367,13.207000732421875,173.90999868913076,-0.4896059956747911,173.42039269345597,173.42039077246528,16.0,2.1998887062072754,18,249.16900634765625,250.2118682861328
1059,1059,/yh/study/new_data/model_dataset_flight/vi/vi_001059.jpg,0,1,-422.6229553222656,266.8662109375,-356.1258239746094,30.81562042236328,-353.4650573730469,30.53173828125,-358.90478515625,20.847187042236328,338.93963623046875,336.26379767523036,3.0,2.999999999999999,2.9921727180480957,2.9921727180480957,0.22965462505817413,0.9982693195343018,2.9921727180480957,3.0,340.64532470703125,0.05797150731086731,0.00037273019552230835,13.207000732421875,173.90999868913076,-0.48960428812749857,173.42039440100325,173.42039269345597,16.0,2.1998887062072754,18,245.2381591796875,246.2454071044922
1060,1060,/yh/study/new_data/model_dataset_flight/vi/vi_001060.jpg,0,1,-419.8501281738281,265.0935363769531,-356.4403991699219,30.84918212890625,-353.7796936035156,30.565303802490234,-358.90478515625,20.847187042236328,339.2559814453125,336.5801551474815,3.0,2.999999999999999,2.9921727180480957,2.9921727180480957,0.2296544909477234,0.9982693195343018,2.9921727180480957,3.0,340.64532470703125,0.05802401527762413,0.0004657842218875885,13.207000732421875,173.90999868913076,-0.48960327427129363,173.42039541485946,173.42039440100328,16.0,2.1998887062072754,18,242.67510986328125,243.65711975097656
1061,1061,/yh/study/new_data/model_dataset_flight/vi/vi_001061.jpg,0,1,-417.0742492675781,263.3188781738281,-356.7549743652344,30.882747650146484,-354.0942077636719,30.598865509033203,-358.90478515625,20.847187042236328,339.5723571777344,336.8965145503431,3.0,2.999999999999999,2.9921727180480957,2.9921727180480957,0.22965428233146667,0.9982693195343018,2.9921727180480957,3.0,340.64532470703125,0.05806691199541092,0.000489063560962677,13.207000732421875,173.90999868913076,-0.48960194024997133,173.4203967488808,173.42039541485948,16.0,2.1998887062072754,18,240.13531494140625,241.09146118164062
1062,1062,/yh/study/new_data/model_dataset_flight/vi/vi_001062.jpg,0,1,-414.2997741699219,261.5451354980469,-357.0695495605469,30.916309356689453,-354.4087829589844,30.632427215576172,-358.90478515625,20.847187042236328,339.8887023925781,337.2128724531346,3.0,2.999999999999999,2.9921727180480957,2.9921727180480957,0.2296544313430786,0.9982693195343018,2.9921727180480957,3.0,340.64532470703125,0.05803581327199936,0.0004526376724243164,13.207000732421875,173.90999868913076,-0.48960290074532337,173.42039578838543,173.4203967488808,16.0,2.1998887062072754,18,237.62355041503906,238.5531463623047
1063,1063,/yh/study/new_data/model_dataset_flight/vi/vi_001063.jpg,0,1,-411.2735290527344,259.6844177246094,-357.3841247558594,30.949871063232422,-354.7233581542969,30.665992736816406,-358.90478515625,20.847187042236328,340.2050476074219,337.5292290144553,3.0,2.999999999999999,2.992173194885254,2.992173194885254,0.22965453565120697,0.9982694387435913,2.9921727180480957,3.0,340.64532470703125,0.05801874399185181,0.00041242316365242004,13.207000732421875,173.90999868913076,-0.4896035410755581,173.4203951480552,173.42039578838543,16.0,2.1998887062072754,18,234.99693298339844,235.8969268798828
1064,1064,/yh/study/new_data/model_dataset_flight/vi/vi_001064.jpg,0,1,-408.52392578125,257.9938049316406,-357.6986999511719,30.98343276977539,-355.0379333496094,30.69955062866211,-358.90478515625,20.847187042236328,340.52142333984375,337.8455876026974,3.0,2.999999999999999,2.9921727180480957,2.9921727180480957,0.22965434193611145,0.9982693195343018,2.992173671722412,3.0,340.64532470703125,0.05806493014097214,0.0004983171820640564,13.207000732421875,173.90999868913076,-0.48960380787982255,173.42039488125093,173.4203951480552,16.0,2.1998887062072754,18,232.6304168701172,233.5025177001953
1065,1065,/yh/study/new_data/model_dataset_flight/vi/vi_001065.jpg,0,1,-405.7723693847656,256.302001953125,-358.0132751464844,31.01699447631836,-355.3525085449219,30.733116149902344,-358.90478515625,20.847187042236328,340.8377685546875,338.16194477699736,3.0,2.999999999999999,2.9921727180480957,2.9921727180480957,0.22965440154075623,0.9982693195343018,2.9921722412109375,3.0,340.64532470703125,0.05801790952682495,0.0005286224186420441,13.207000732421875,173.90999868913076,-0.48960412804493986,173.42039456108583,173.42039488125096,16.0,2.1998887062072754,18,230.29168701171875,231.1352081298828
1066,1066,/yh/study/new_data/model_dataset_flight/vi/vi_001066.jpg,0,1,-403.11895751953125,254.65374755859375,-358.3278503417969,31.050559997558594,-355.6670837402344,30.766677856445312,-358.90478515625,20.847187042236328,341.1541442871094,338.47830391340966,3.0,2.999999999999999,2.9921727180480957,2.9921727180480957,0.22965417802333832,0.9982693195343018,2.9921727180480957,3.0,340.64532470703125,0.0580306351184845,0.0005438439548015594,13.207000732421875,173.90999868913076,-0.48960428812749857,173.42039440100325,173.42039456108583,16.0,2.1998887062072754,18,228.04522705078125,228.86044311523438
1067,1067,/yh/study/new_data/model_dataset_flight/vi/vi_001067.jpg,0,1,-400.2083740234375,252.845703125,-358.6424255371094,31.084121704101562,-355.9816589355469,30.80023956298828,-358.90478515625,20.847187042236328,341.4704895019531,338.79466157792297,3.0,2.999999999999999,2.9921727180480957,2.9921727180480957,0.22965435683727264,0.9982693195343018,2.9921727180480957,3.0,340.64532470703125,0.0580243282020092,0.0006225481629371643,13.207000732421875,173.90999868913076,-0.4896068494484373,173.4203918396823,173.42039440100328,16.0,2.1998887062072754,18,225.6234130859375,226.4071502685547
1068,1068,/yh/study/new_data/model_dataset_flight/vi/vi_001068.jpg,0,1,-397.2959899902344,251.03659057617188,-358.9569396972656,31.11768341064453,-356.2962341308594,30.833805084228516,-358.90478515625,20.847187042236328,341.7868347167969,339.1110179261582,3.0,2.999999999999999,2.9921727180480957,2.9921727180480957,0.2296547293663025,0.9982693195343018,2.9921727180480957,3.0,340.64532470703125,0.05793330445885658,0.0005546733736991882,13.207000732421875,173.90999868913076,-0.4896077032220836,173.42039098590868,173.42039183968234,16.0,2.1998887062072754,18,223.23577880859375,223.98716735839844
1069,1069,/yh/study/new_data/model_dataset_flight/vi/vi_001069.jpg,0,1,-394.5057373046875,249.26361083984375,-359.2715759277344,31.1512451171875,-356.6108093261719,30.867366790771484,-358.90478515625,20.847187042236328,342.10321044921875,339.4273763238438,3.0,2.999999999999999,2.9921727180480957,2.9921727180480957,0.22965452075004578,0.9982693195343018,2.9921727180480957,3.0,340.64532470703125,0.05786064267158508,0.0005402006208896637,13.207000732421875,173.90999868913076,-0.4896097309344934,173.42038895819627,173.42039098590868,16.0,2.1998887062072754,18,220.93992614746094,221.65953063964844
1070,1070,/yh/study/new_data/model_dataset_flight/vi/vi_001070.jpg,0,1,-391.71441650390625,247.489990234375,-359.5860900878906,31.18480682373047,-356.9253845214844,30.900928497314453,-363.5142517089844,39.90972137451172,342.4195556640625,339.7437333277345,3.0,2.999999999999999,2.992173433303833,2.992173433303833,0.22965797781944275,0.9982695579528809,2.9921727180480957,3.0,347.25115966796875,0.057889774441719055,0.00016216561198234558,5.258937835693359,173.90999868913076,-0.48962541902524326,173.42037327010553,173.42038895819627,16.0,2.1998887062072754,18,218.67820739746094,219.36521911621094
1071,1071,/yh/study/new_data/model_dataset_flight/vi/vi_001071.jpg,0,1,-388.9217834472656,245.71551513671875,-359.9007263183594,31.218372344970703,-357.2399597167969,30.934490203857422,-363.5142517089844,39.90972137451172,342.7359313964844,340.06009231175454,3.0,2.999999999999999,2.992173194885254,2.992173194885254,0.22965708374977112,0.9982694387435913,2.9921741485595703,3.0,347.25115966796875,0.057507745921611786,1.782923936843872e-05,5.258937835693359,173.90999868913076,-0.4896258459120664,173.4203728432187,173.42037327010553,16.0,2.1998887062072754,18,216.4514923095703,217.1051025390625
1072,1072,/yh/study/new_data/model_dataset_flight/vi/vi_001072.jpg,0,1,-386.143310546875,243.91171264648438,-360.2152404785156,31.251934051513672,-357.5545349121094,30.968055725097656,-368.24560546875,39.93962478637695,343.0522766113281,340.3764498399877,3.0,2.999999999999999,2.992173194885254,2.992173194885254,0.22965721786022186,0.9982694387435913,2.992172956466675,3.0,351.9589538574219,0.057625919580459595,3.366917371749878e-05,4.7867207527160645,173.90999868913076,-0.4896256858295077,173.42037300330125,173.4203728432187,16.0,2.1998887062072754,18,214.23455810546875,214.85418701171875
1073,1073,/yh/study/new_data/model_dataset_flight/vi/vi_001073.jpg,0,1,-383.36572265625,242.10845947265625,-360.5298767089844,31.285499572753906,-357.8691101074219,31.001617431640625,-368.24560546875,39.93962478637695,343.36865234375,340.6928092929125,3.0,2.999999999999999,2.992173194885254,2.992173194885254,0.22965705394744873,0.9982694387435913,2.992173194885254,3.0,351.9589538574219,0.057653725147247314,8.013471961021423e-05,4.7867207527160645,173.90999868913076,-0.4896256324686548,173.4203730566621,173.42037300330125,16.0,2.1998887062072754,18,212.05612182617188,212.64096069335938
1074,1074,/yh/study/new_data/model_dataset_flight/vi/vi_001074.jpg,0,1,-380.58837890625,240.30538940429688,-360.8443908691406,31.31905746459961,-358.1836853027344,31.035179138183594,-368.24560546875,39.93962478637695,343.68499755859375,341.0091672404741,3.0,2.999999999999999,2.992173194885254,2.992173194885254,0.22965721786022186,0.9982694387435913,2.992173194885254,3.0,351.9589538574219,0.05763481557369232,4.6469271183013916e-05,4.7867207527160645,173.90999868913076,-0.4896247253341557,173.4203739637966,173.42037305666213,16.0,2.1998887062072754,18,209.9169158935547,210.46612548828125
1075,1075,/yh/study/new_data/model_dataset_flight/vi/vi_001075.jpg,0,1,-377.8736572265625,238.56005859375,-361.1589660644531,31.352619171142578,-358.4982604980469,31.068740844726562,-363.5142517089844,39.90972137451172,344.0013427734375,341.32552384183145,3.0,2.999999999999999,2.992173194885254,2.992173194885254,0.22965726256370544,0.9982694387435913,2.992173194885254,3.0,347.25115966796875,0.057608697563409805,4.172325134277344e-06,5.258937835693359,173.90999868913076,-0.48962632615974244,173.42037236297102,173.4203739637966,16.0,2.1998887062072754,18,207.88050842285156,208.39398193359375
1076,1076,/yh/study/new_data/model_dataset_flight/vi/vi_001076.jpg,0,1,-375.1526184082031,236.81068420410156,-361.4735412597656,31.386184692382812,-358.8128356933594,31.10230255126953,-368.24560546875,39.93962478637695,344.3177185058594,341.6418824658772,3.0,2.999999999999999,2.992173194885254,2.992173194885254,0.22965717315673828,0.9982694387435913,2.992173194885254,3.0,351.9589538574219,0.05762529373168945,6.868317723274231e-05,4.7867207527160645,173.90999868913076,-0.48962552574694906,173.4203731633838,173.42037236297102,16.0,2.1998887062072754,18,205.8794403076172,206.35629272460938
1077,1077,/yh/study/new_data/model_dataset_flight/vi/vi_001077.jpg,0,1,-372.1733093261719,234.895263671875,-361.7881164550781,31.41974639892578,-359.1274108886719,31.135868072509766,-363.5142517089844,39.90972137451172,344.6340637207031,341.9582396721954,3.0,2.999999999999999,2.992173194885254,2.992173194885254,0.22965741157531738,0.9982694387435913,2.992173194885254,3.0,347.25115966796875,0.05766914784908295,1.3552606105804443e-05,5.258937835693359,173.90999868913076,-0.4896252589426846,173.42037343018808,173.42037316338383,16.0,2.1998887062072754,18,203.74037170410156,204.17662048339844
1078,1078,/yh/study/new_data/model_dataset_flight/vi/vi_001078.jpg,0,1,-369.3402099609375,233.13587951660156,-362.1026916503906,31.453311920166016,-359.4419860839844,31.169429779052734,-368.24560546875,39.93962478637695,344.950439453125,342.2745988372407,3.0,2.999999999999999,2.992173194885254,2.992173194885254,0.229657381772995,0.9982694387435913,2.992173194885254,3.0,351.9589538574219,0.057646993547677994,3.144890069961548e-05,4.7867207527160645,173.90999868913076,-0.48962504549927305,173.42037364363148,173.42037343018808,16.0,2.1998887062072754,18,201.81239318847656,202.2088623046875
1079,1079,/yh/study/new_data/model_dataset_flight/vi/vi_001079.jpg,0,1,-366.507080078125,231.37649536132812,-362.4172668457031,31.486873626708984,-359.7565002441406,31.202991485595703,-368.24560546875,39.93962478637695,345.26678466796875,342.5909565273597,3.0,2.999999999999999,2.992173194885254,2.992173194885254,0.22965721786022186,0.9982694387435913,2.992173194885254,3.0,351.9589538574219,0.05758616328239441,2.6278197765350342e-05,4.7867207527160645,173.90999868913076,-0.4896244051690384,173.42037428396173,173.4203736436315,16.0,2.1998887062072754,18,199.93145751953125,200.2873077392578
1080,1080,/yh/study/new_data/model_dataset_flight/vi/vi_001080.jpg,0,1,-363.676513671875,229.61871337890625,-362.7318420410156,31.520431518554688,-360.0711364746094,31.236553192138672,-363.5142517089844,39.90972137451172,345.5831298828125,342.90731289849333,3.0,2.999999999999999,2.992173433303833,2.992173433303833,0.22965753078460693,0.9982695579528809,2.992173194885254,3.0,347.25115966796875,0.057743728160858154,3.2182782888412476e-05,5.258937835693359,173.90999868913076,-0.48962456525159703,173.42037412387916,173.42037428396173,16.0,2.1998887062072754,18,198.10052490234375,198.4149169921875
1081,1081,/yh/study/new_data/model_dataset_flight/vi/vi_001081.jpg,0,1,-361.0223388671875,227.96498107910156,-363.0464172363281,31.553997039794922,-360.3856506347656,31.27011489868164,-368.24560546875,39.93962478637695,345.8995056152344,343.2236713166564,3.0,2.999999999999999,2.992173194885254,2.992173194885254,0.2296568751335144,0.9982694387435913,2.992173671722412,3.0,351.9589538574219,0.05762891471385956,9.360536932945251e-05,4.7867207527160645,173.90999868913076,-0.4896248320558615,173.4203738570749,173.42037412387918,16.0,2.1998887062072754,18,196.42141723632812,196.69590759277344
1082,1082,/yh/study/new_data/model_dataset_flight/vi/vi_001082.jpg,0,1,-358.10552978515625,226.1476287841797,-363.3609924316406,31.58755874633789,-360.7002868652344,31.303680419921875,-368.24560546875,39.93962478637695,346.2158508300781,343.54002833885954,3.0,2.999999999999999,2.992173194885254,2.992173194885254,0.22965723276138306,0.9982694387435913,2.992172956466675,3.0,351.9589538574219,0.05759924277663231,9.052455425262451e-07,4.7867207527160645,173.90999868913076,-0.489626059355478,173.42037262977527,173.4203738570749,16.0,2.1998887062072754,18,194.63104248046875,194.86122131347656
1083,1083,/yh/study/new_data/model_dataset_flight/vi/vi_001083.jpg,0,1,-355.1899719238281,224.33103942871094,-363.6755676269531,31.621124267578125,-361.0148010253906,31.337242126464844,-368.24560546875,39.93962478637695,346.5322265625,343.85638733925583,3.0,2.999999999999999,2.992173194885254,2.992173194885254,0.22965723276138306,0.9982694387435913,2.992173194885254,3.0,351.9589538574219,0.05769636109471321,5.21540641784668e-06,4.7867207527160645,173.90999868913076,-0.4896257391903606,173.4203729499404,173.4203726297753,16.0,2.1998887062072754,18,192.8966522216797,193.08169555664062
1084,1084,/yh/study/new_data/model_dataset_flight/vi/vi_001084.jpg,0,1,-351.1648864746094,221.77389526367188,-363.9901428222656,31.654685974121094,-361.3294372558594,31.370807647705078,-363.5142517089844,39.90972137451172,346.84857177734375,344.1727448821338,3.0,2.999999999999999,2.992173433303833,2.992173433303833,0.22965753078460693,0.9982695579528809,2.992173194885254,3.0,347.25115966796875,0.05776938423514366,3.6500394344329834e-05,5.258937835693359,173.90999868913076,-0.4896269664899771,173.4203717226408,173.4203729499404,16.0,2.1998887062072754,18,190.55130004882812,190.67420959472656
1085,1085,/yh/study/new_data/model_dataset_flight/vi/vi_001085.jpg,0,1,-346.7442321777344,218.96543884277344,-364.3047180175781,31.688247680664062,-361.6439514160156,31.404369354248047,-368.24560546875,39.93962478637695,347.1649475097656,344.4891043481551,3.0,2.999999999999999,2.9921727180480957,2.9921727180480957,0.2296513020992279,0.9982693195343018,2.992173671722412,3.0,351.9589538574219,0.05793417617678642,0.0007750168442726135,4.7867207527160645,173.90999868913076,-0.48965332675130513,173.42034536237946,173.4203717226408,16.0,2.1998887062072754,18,188.09869384765625,188.15194702148438
1086,1086,/yh/study/new_data/model_dataset_flight/vi/vi_001086.jpg,0,1,-343.8734130859375,217.12535095214844,-364.6192932128906,31.72180938720703,-361.9585266113281,31.43792724609375,-368.24560546875,39.93962478637695,347.4812927246094,344.8054623074285,3.0,2.999999999999999,2.9921727180480957,2.9921727180480957,0.22965140640735626,0.9982693195343018,2.9921720027923584,3.0,351.9589538574219,0.05793333426117897,0.0007711052894592285,4.7867207527160645,173.90999868913076,-0.4896535935555696,173.4203450955752,173.42034536237946,16.0,2.1998887062072754,18,186.56060791015625,186.56605529785156
1087,1087,/yh/study/new_data/model_dataset_flight/vi/vi_001087.jpg,0,1,-341.0033264160156,215.28573608398438,-364.9338684082031,31.75537109375,-362.2731018066406,31.471492767333984,-368.24560546875,39.93962478637695,347.7976379394531,345.12181891925945,3.0,2.999999999999999,2.992173194885254,2.992173194885254,0.2296515703201294,0.9982694387435913,2.9921727180480957,3.0,351.9589538574219,0.057890795171260834,0.0007217936217784882,4.7867207527160645,173.90999868913076,-0.4896545540509216,173.42034413507983,173.42034509557521,16.0,2.1998887062072754,18,185.0839385986328,185.04074096679688
1088,1088,/yh/study/new_data/model_dataset_flight/vi/vi_001088.jpg,0,1,-338.39044189453125,213.61097717285156,-365.2484436035156,31.788936614990234,-362.5876770019531,31.505054473876953,-368.24560546875,39.93962478637695,348.114013671875,345.4381775526714,3.0,2.999999999999999,2.9921727180480957,2.9921727180480957,0.22965140640735626,0.9982693195343018,2.992173671722412,3.0,351.9589538574219,0.05788202956318855,0.0007281005382537842,4.7867207527160645,173.90999868913076,-0.4896546074117745,173.42034408171898,173.42034413507986,16.0,2.1998887062072754,18,183.79501342773438,183.7064971923828
1089,1089,/yh/study/new_data/model_dataset_flight/vi/vi_001089.jpg,0,1,-335.52252197265625,211.7858123779297,-365.5630187988281,31.822498321533203,-362.9022521972656,31.538619995117188,-368.24560546875,39.93962478637695,348.43035888671875,345.7545347673655,3.0,2.999999999999999,2.9921727180480957,2.9921727180480957,0.2296513020992279,0.9982693195343018,2.9921722412109375,3.0,351.9589538574219,0.05789883807301521,0.0007414259016513824,4.7867207527160645,173.90999868913076,-0.48965439396836297,173.4203442951624,173.420344081719,16.0,2.1998887062072754,18,182.45335388183594,182.31483459472656
1090,1090,/yh/study/new_data/model_dataset_flight/vi/vi_001090.jpg,0,1,-332.6539611816406,209.96022033691406,-365.8775939941406,31.856060028076172,-363.2168273925781,31.572181701660156,-368.24560546875,39.93962478637695,348.7467346191406,346.0708939399011,3.0,2.999999999999999,2.992173194885254,2.992173194885254,0.229651540517807,0.9982694387435913,2.9921727180480957,3.0,351.9589538574219,0.05792878940701485,0.000741083174943924,4.7867207527160645,173.90999868913076,-0.489655354463715,173.42034333466705,173.4203442951624,16.0,2.1998887062072754,18,181.17642211914062,180.9872283935547
1091,1091,/yh/study/new_data/model_dataset_flight/vi/vi_001091.jpg,0,1,-330.0468444824219,208.301025390625,-366.1921691894531,31.88962173461914,-363.5314025878906,31.60573959350586,-368.24560546875,39.93962478637695,349.0630798339844,346.38725163671853,3.0,2.999999999999999,2.9921727180480957,2.9921727180480957,0.2296510934829712,0.9982693195343018,2.992173671722412,3.0,351.9589538574219,0.05784429982304573,0.0007387958467006683,4.7867207527160645,173.90999868913076,-0.48965466077262737,173.42034402835813,173.42034333466705,16.0,2.1998887062072754,18,180.07627868652344,179.84002685546875
1092,1092,/yh/study/new_data/model_dataset_flight/vi/vi_001092.jpg,0,1,-327.2398376464844,206.50228881835938,-366.5066833496094,31.92318344116211,-363.8459777832031,31.639305114746094,-368.24560546875,39.93962478637695,349.3794250488281,346.70360801384237,3.0,2.999999999999999,2.9921727180480957,2.9921727180480957,0.2296513170003891,0.9982693195343018,2.9921722412109375,3.0,351.9589538574219,0.057915281504392624,0.0007526762783527374,4.7867207527160645,173.90999868913076,-0.48965386035983405,173.42034482877094,173.42034402835813,16.0,2.1998887062072754,18,178.9406280517578,178.6534881591797
1093,1093,/yh/study/new_data/model_dataset_flight/vi/vi_001093.jpg,0,1,-324.429443359375,204.7013702392578,-366.8213195800781,31.956748962402344,-364.1605529785156,31.672866821289062,-368.24560546875,39.93962478637695,349.69580078125,347.0199664373623,3.0,2.999999999999999,2.9921727180480957,2.9921727180480957,0.2296513319015503,0.9982693195343018,2.9921727180480957,3.0,351.9589538574219,0.057927992194890976,0.0007622241973876953,4.7867207527160645,173.90999868913076,-0.4896545540509216,173.42034413507983,173.42034482877094,16.0,2.1998887062072754,18,177.8701171875,177.53147888183594
1094,1094,/yh/study/new_data/model_dataset_flight/vi/vi_001094.jpg,0,1,-321.6215515136719,202.90203857421875,-367.1358337402344,31.990310668945312,-364.4751281738281,31.706432342529297,-368.24560546875,39.93962478637695,350.01214599609375,347.3363234643559,3.0,2.999999999999999,2.9921727180480957,2.9921727180480957,0.22965124249458313,0.9982693195343018,2.9921727180480957,3.0,351.9589538574219,0.05789998546242714,0.000731203705072403,4.7867207527160645,173.90999868913076,-0.4896541271640985,173.42034456196666,173.42034413507986,16.0,2.1998887062072754,18,176.86822509765625,176.4776611328125
1095,1095,/yh/study/new_data/model_dataset_flight/vi/vi_001095.jpg,0,1,-318.77154541015625,201.1204833984375,-367.4504699707031,32.02387619018555,-364.7897033691406,31.739994049072266,-368.24560546875,39.93962478637695,350.3285217285156,347.6526824690362,3.0,2.999999999999999,2.9921727180480957,2.9921727180480957,0.2296510934829712,0.9982693195343018,2.9921727180480957,3.0,351.9589538574219,0.05785749852657318,0.0007332116365432739,4.7867207527160645,173.90999868913076,-0.48965220617339444,173.42034648295737,173.4203445619667,16.0,2.1998887062072754,18,175.9639129638672,175.5204315185547
1096,1096,/yh/study/new_data/model_dataset_flight/vi/vi_001096.jpg,0,1,-315.9222717285156,199.33937072753906,-367.7649841308594,32.05743408203125,-365.1042785644531,31.773555755615234,-368.24560546875,39.93962478637695,350.6448669433594,347.9690400157453,3.0,2.999999999999999,2.9921727180480957,2.9921727180480957,0.22965121269226074,0.9982693195343018,2.9921727180480957,3.0,351.9589538574219,0.05787292867898941,0.0007225796580314636,4.7867207527160645,173.90999868913076,-0.4896532733904522,173.42034541574031,173.42034648295737,16.0,2.1998887062072754,18,175.13113403320312,174.63438415527344
1097,1097,/yh/study/new_data/model_dataset_flight/vi/vi_001097.jpg,0,1,-313.0736999511719,197.55870056152344,-368.0796203613281,32.090999603271484,-365.4188537597656,31.807117462158203,-368.24560546875,39.93962478637695,350.96124267578125,348.2853994851926,3.0,2.999999999999999,2.9921727180480957,2.9921727180480957,0.2296510487794876,0.9982693195343018,2.9921727180480957,3.0,351.9589538574219,0.05788096785545349,0.0007622465491294861,4.7867207527160645,173.90999868913076,-0.48965209945168864,173.42034658967907,173.42034541574031,16.0,2.1998887062072754,18,174.3708953857422,173.8206024169922
1098,1098,/yh/study/new_data/model_dataset_flight/vi/vi_001098.jpg,0,1,-310.3135681152344,195.83432006835938,-368.3941345214844,32.12456130981445,-365.7334289550781,31.840679168701172,-368.24560546875,39.93962478637695,351.277587890625,348.60175744752985,3.0,2.999999999999999,2.9921727180480957,2.9921727180480957,0.22965079545974731,0.9982693195343018,2.9921727180480957,3.0,351.9589538574219,0.05783848091959953,0.0007848106324672699,4.7867207527160645,173.90999868913076,-0.48965215281254154,173.42034653631822,173.42034658967907,16.0,2.1998887062072754,18,173.70733642578125,173.10479736328125
1099,1099,/yh/study/new_data/model_dataset_flight/vi/vi_001099.jpg,0,1,-307.3031921386719,193.95361328125,-368.7087097167969,32.15812301635742,-366.0480041503906,31.874244689941406,-368.24560546875,39.93962478637695,351.59393310546875,348.91811406210064,3.0,2.999999999999999,2.9921727180480957,2.9921727180480957,0.22965088486671448,0.9982693195343018,2.9921727180480957,3.0,351.9589538574219,0.05784516781568527,0.0007536597549915314,4.7867207527160645,173.90999868913076,-0.4896518860082771,173.42034680312247,173.42034653631822,16.0,2.1998887062072754,18,173.0561065673828,172.39686584472656
1100,1100,/yh/study/new_data/model_dataset_flight/vi/vi_001100.jpg,0,1,-304.5564880371094,192.2376251220703,-369.0232849121094,32.191688537597656,-366.3625793457031,31.907806396484375,-377.708251953125,39.999427795410156,351.9103088378906,349.23447269796276,3.0,2.999999999999999,2.9921727180480957,2.9921727180480957,0.22965148091316223,0.9982693195343018,2.9921727180480957,3.0,361.3745422363281,0.05707424506545067,0.00012884661555290222,3.8422863483428955,173.90999868913076,-0.48963368995744133,173.42036499917333,173.4203468031225,16.0,2.1998887062072754,18,172.54177856445312,171.8302764892578
1101,1101,/yh/study/new_data/model_dataset_flight/vi/vi_001101.jpg,0,1,-301.740234375,190.4744415283203,-369.3378601074219,32.22524642944336,-366.6771545410156,31.941368103027344,-377.708251953125,39.999427795410156,352.2266540527344,349.550829914848,3.0,2.999999999999999,2.9921727180480957,2.9921727180480957,0.22965145111083984,0.9982693195343018,2.9921727180480957,3.0,361.3745422363281,0.057078905403614044,0.000125247985124588,3.8422863483428955,173.90999868913076,-0.48963336979232397,173.42036531933843,173.42036499917333,16.0,2.1998887062072754,18,172.08209228515625,171.31707763671875
1102,1102,/yh/study/new_data/model_dataset_flight/vi/vi_001102.jpg,0,1,-298.9256286621094,188.7122802734375,-369.6524353027344,32.258811950683594,-366.9917297363281,31.974929809570312,-377.708251953125,39.999427795410156,352.54302978515625,349.8671890893431,3.0,2.999999999999999,2.9921727180480957,2.9921727180480957,0.22965165972709656,0.9982693195343018,2.9921727180480957,3.0,361.3745422363281,0.05712420493364334,0.00011121109127998352,3.8422863483428955,173.90999868913076,-0.48963422356597025,173.4203644655648,173.42036531933846,16.0,2.1998887062072754,18,171.6973114013672,170.87887573242188
1103,1103,/yh/study/new_data/model_dataset_flight/vi/vi_001103.jpg,0,1,-296.11077880859375,186.949951171875,-369.9670104980469,32.29237365722656,-367.3062438964844,32.00849151611328,-377.708251953125,39.999427795410156,352.859375,350.1835467879128,3.0,2.999999999999999,2.9921727180480957,2.9921727180480957,0.22965165972709656,0.9982693195343018,2.9921727180480957,3.0,361.3745422363281,0.057137973606586456,0.00012326613068580627,3.8422863483428955,173.90999868913076,-0.4896344903702347,173.42036419876052,173.4203644655648,16.0,2.1998887062072754,18,171.38760375976562,170.51583862304688
1104,1104,/yh/study/new_data/model_dataset_flight/vi/vi_001104.jpg,0,1,-293.50213623046875,185.28282165527344,-370.2815856933594,32.32593536376953,-367.6208801269531,32.042057037353516,-377.708251953125,39.999427795410156,353.17572021484375,350.4999031666037,3.0,2.999999999999999,2.992173194885254,2.992173194885254,0.22965183854103088,0.9982694387435913,2.9921727180480957,3.0,361.3745422363281,0.057155389338731766,0.00010065734386444092,3.8422863483428955,173.90999868913076,-0.4896356643089983,173.42036302482177,173.42036419876052,16.0,2.1998887062072754,18,171.14581298828125,170.2243194580078
1105,1105,/yh/study/new_data/model_dataset_flight/vi/vi_001105.jpg,0,1,-290.6324768066406,183.4488983154297,-370.5961608886719,32.359500885009766,-367.9353942871094,32.075618743896484,-377.708251953125,39.999427795410156,353.4920959472656,350.816261591525,3.0,2.999999999999999,2.992173194885254,2.992173194885254,0.22965183854103088,0.9982694387435913,2.992173671722412,3.0,361.3745422363281,0.05715696141123772,8.841976523399353e-05,3.8422863483428955,173.90999868913076,-0.48963470381364627,173.42036398531712,173.42036302482177,16.0,2.1998887062072754,18,170.9450225830078,169.9694366455078
1106,1106,/yh/study/new_data/model_dataset_flight/vi/vi_001106.jpg,0,1,-287.7671813964844,181.6177520751953,-370.9107360839844,32.393062591552734,-368.2500305175781,32.10918426513672,-377.708251953125,39.999427795410156,353.8084411621094,351.1326186197718,3.0,2.999999999999999,2.992173194885254,2.992173194885254,0.22965185344219208,0.9982694387435913,2.992173194885254,3.0,361.3745422363281,0.05717334896326065,8.90679657459259e-05,3.8422863483428955,173.90999868913076,-0.4896351840613223,173.42036350506945,173.42036398531712,16.0,2.1998887062072754,18,170.8240509033203,169.79489135742188
1107,1107,/yh/study/new_data/model_dataset_flight/vi/vi_001107.jpg,0,1,-285.0561218261719,179.91217041015625,-371.2253112792969,32.4266242980957,-368.5645446777344,32.14274215698242,-377.708251953125,39.999427795410156,354.12481689453125,351.44897762557275,3.0,2.999999999999999,2.992173194885254,2.992173194885254,0.2296520173549652,0.9982694387435913,2.992173194885254,3.0,361.3745422363281,0.05713547021150589,4.8916786909103394e-05,3.8422863483428955,173.90999868913076,-0.48963411684426444,173.4203645722865,173.42036350506945,16.0,2.1998887062072754,18,170.8131103515625,169.73348999023438
1108,1108,/yh/study/new_data/model_dataset_flight/vi/vi_001108.jpg,0,1,-282.34503173828125,178.20655822753906,-371.5398864746094,32.46018600463867,-368.8791809082031,32.176307678222656,-377.708251953125,39.999427795410156,354.441162109375,351.76533517328403,3.0,2.999999999999999,2.992173194885254,2.992173194885254,0.22965192794799805,0.9982694387435913,2.992173194885254,3.0,361.3745422363281,0.05713832378387451,6.644055247306824e-05,3.8422863483428955,173.90999868913076,-0.4896349172570578,173.4203637718737,173.4203645722865,16.0,2.1998887062072754,18,170.87342834472656,169.743896484375
1109,1109,/yh/study/new_data/model_dataset_flight/vi/vi_001109.jpg,0,1,-279.3623046875,176.330078125,-371.8544616699219,32.493751525878906,-369.1936950683594,32.209869384765625,-377.708251953125,39.999427795410156,354.7575378417969,352.0816946436276,3.0,2.999999999999999,2.992173194885254,2.992173194885254,0.2296517789363861,0.9982694387435913,2.992173194885254,3.0,361.3745422363281,0.05709592252969742,7.662922143936157e-05,3.8422863483428955,173.90999868913076,-0.48963299626635376,173.4203656928644,173.42036377187372,16.0,2.1998887062072754,18,171.0078582763672,169.82435607910156
1110,1110,/yh/study/new_data/model_dataset_flight/vi/vi_001110.jpg,0,1,-274.939453125,173.52549743652344,-372.1690368652344,32.527313232421875,-369.5082702636719,32.243431091308594,-377.708251953125,39.999427795410156,355.0738830566406,352.3980526067663,3.0,2.999999999999999,2.992173194885254,2.992173194885254,0.22965162992477417,0.9982694387435913,2.992173194885254,3.0,361.3745422363281,0.057068970054388046,7.489323616027832e-05,3.8422863483428955,173.90999868913076,-0.48963262274038355,173.4203660663904,173.4203656928644,16.0,2.1998887062072754,18,171.27194213867188,170.0114288330078
1111,1111,/yh/study/new_data/model_dataset_flight/vi/vi_001111.jpg,0,1,-270.86553955078125,170.9422149658203,-372.4835510253906,32.560874938964844,-369.8228454589844,32.27699661254883,-377.708251953125,39.999427795410156,355.3902282714844,352.71440922205386,3.0,2.999999999999999,2.9921727180480957,2.9921727180480957,0.22965151071548462,0.9982693195343018,2.992173194885254,3.0,361.3745422363281,0.05705880746245384,8.888915181159973e-05,3.8422863483428955,173.90999868913076,-0.48963262274038355,173.4203660663904,173.4203660663904,16.0,2.1998887062072754,18,171.6846466064453,170.35430908203125
1112,1112,/yh/study/new_data/model_dataset_flight/vi/vi_001112.jpg,0,1,-268.18585205078125,169.2104949951172,-372.7981872558594,32.59443664550781,-370.1374206542969,32.3105583190918,-377.708251953125,39.999427795410156,355.70660400390625,353.03076785855694,3.0,2.999999999999999,2.992173194885254,2.992173194885254,0.22965165972709656,0.9982694387435913,2.9921722412109375,3.0,361.3745422363281,0.057070229202508926,5.521252751350403e-05,3.8422863483428955,173.90999868913076,-0.48963288954464795,173.4203657995861,173.4203660663904,16.0,2.1998887062072754,18,172.06884765625,170.69186401367188
1113,1113,/yh/study/new_data/model_dataset_flight/vi/vi_001113.jpg,0,1,-265.2349853515625,167.3035430908203,-373.1127014160156,32.62799835205078,-370.4519958496094,32.344120025634766,-377.708251953125,39.999427795410156,356.02294921875,353.3471250760154,3.0,2.999999999999999,2.992173194885254,2.992173194885254,0.22965165972709656,0.9982694387435913,2.992173671722412,3.0,361.3745422363281,0.05706190690398216,5.4117292165756226e-05,3.8422863483428955,173.90999868913076,-0.4896319290492959,173.42036676008146,173.42036579958614,16.0,2.1998887062072754,18,172.55462646484375,171.12762451171875
1114,1114,/yh/study/new_data/model_dataset_flight/vi/vi_001114.jpg,0,1,-262.28704833984375,165.39849853515625,-373.4273376464844,32.661563873291016,-370.7665710449219,32.377681732177734,-377.708251953125,39.999427795410156,356.3393249511719,353.6634842510231,3.0,2.999999999999999,2.9921727180480957,2.9921727180480957,0.22965142130851746,0.9982693195343018,2.992173194885254,3.0,361.3745422363281,0.05701494589447975,8.90679657459259e-05,3.8422863483428955,173.90999868913076,-0.4896307017496795,173.42036798738107,173.42036676008146,16.0,2.1998887062072754,18,173.12210083007812,171.64598083496094
1115,1115,/yh/study/new_data/model_dataset_flight/vi/vi_001115.jpg,0,1,-259.55682373046875,163.6753387451172,-373.7418518066406,32.695125579833984,-371.0811462402344,32.4112434387207,-387.1709289550781,40.05922317504883,356.6556701660156,353.9798419500512,3.0,2.999999999999999,2.992173194885254,2.992173194885254,0.2296544313430786,0.9982694387435913,2.9921722412109375,3.0,369.6634826660156,0.05704083666205406,0.00021624192595481873,3.1091697216033936,173.90999868913076,-0.4895694434905609,173.4204292456402,173.4203679873811,16.0,2.1998887062072754,18,173.76431274414062,172.24383544921875
1116,1116,/yh/study/new_data/model_dataset_flight/vi/vi_001116.jpg,0,1,-256.5542907714844,161.7803192138672,-374.0564270019531,32.72868728637695,-371.3957214355469,32.44480895996094,-387.1709289550781,40.05922317504883,356.9720153808594,354.296198329152,3.0,2.999999999999999,2.992173194885254,2.992173194885254,0.2296544462442398,0.9982694387435913,2.992173671722412,3.0,369.9798278808594,0.05700784549117088,0.00018910318613052368,3.009021043777466,173.90999868913076,-0.489569390129708,173.42042929900106,173.4204292456402,16.0,2.1998887062072754,18,174.53102111816406,172.96307373046875
1117,1117,/yh/study/new_data/model_dataset_flight/vi/vi_001117.jpg,0,1,-253.82090759277344,160.05516052246094,-374.3710021972656,32.76224899291992,-371.7102966308594,32.478370666503906,-387.1709289550781,40.05922317504883,357.28839111328125,354.6125567544399,3.0,2.999999999999999,2.992173194885254,2.992173194885254,0.22965478897094727,0.9982694387435913,2.992173194885254,3.0,370.29620361328125,0.057126302272081375,0.00023322924971580505,2.939643383026123,173.90999868913076,-0.4895697636556782,173.42042892547508,173.42042929900106,16.0,2.1998887062072754,18,175.31631469726562,173.70591735839844
1118,1118,/yh/study/new_data/model_dataset_flight/vi/vi_001118.jpg,0,1,-251.05770874023438,158.3080596923828,-374.6855773925781,32.79581069946289,-372.0248718261719,32.511932373046875,-387.1709289550781,40.05922317504883,357.604736328125,354.92891378301454,3.0,2.999999999999999,2.992173194885254,2.992173194885254,0.22965480387210846,0.9982694387435913,2.992173194885254,3.0,370.612548828125,0.057373061776161194,0.0003944225609302521,2.903280019760132,173.90999868913076,-0.4895668288087693,173.420431860322,173.42042892547508,16.0,2.1998887062072754,18,176.1737060546875,174.5214080810547
1119,1119,/yh/study/new_data/model_dataset_flight/vi/vi_001119.jpg,0,1,-248.29263305664062,156.55978393554688,-375.0001525878906,32.829376220703125,-372.3394470214844,32.545494079589844,-387.1709289550781,40.05922317504883,357.9211120605469,355.2452727891087,3.0,2.999999999999999,2.992173194885254,2.992173194885254,0.2296547293663025,0.9982694387435913,2.992173194885254,3.0,370.7901611328125,0.05744928866624832,0.0004467889666557312,2.897843360900879,173.90999868913076,-0.4895672023347395,173.42043148679602,173.420431860322,16.0,2.1998887062072754,18,177.098876953125,175.4056854248047
1120,1120,/yh/study/new_data/model_dataset_flight/vi/vi_001120.jpg,0,1,-245.52838134765625,154.81201171875,-375.3147277832031,32.862937927246094,-372.6540222167969,32.57905960083008,-387.1709289550781,40.05922317504883,358.2374572753906,355.56163033708214,3.0,2.999999999999999,2.992173194885254,2.992173194885254,0.22965480387210846,0.9982694387435913,2.992173194885254,3.0,370.7901611328125,0.05745488405227661,0.00044322386384010315,2.897843360900879,173.90999868913076,-0.4895667220870635,173.4204319670437,173.42043148679602,16.0,2.1998887062072754,18,178.09007263183594,176.35708618164062
1121,1121,/yh/study/new_data/model_dataset_flight/vi/vi_001121.jpg,0,1,-242.76480102539062,153.04612731933594,-375.6293029785156,32.89650344848633,-372.9685974121094,32.61262130737305,-387.1709289550781,40.05922317504883,358.5538330078125,355.87798980766013,3.0,2.999999999999999,2.992173194885254,2.992173194885254,0.22965489327907562,0.9982694387435913,2.992173194885254,3.0,370.7901611328125,0.05751151964068413,0.00045034289360046387,2.897843360900879,173.90999868913076,-0.4895668288087693,173.420431860322,173.4204319670437,16.0,2.1998887062072754,18,179.13377380371094,177.3619384765625
1122,1122,/yh/study/new_data/model_dataset_flight/vi/vi_001122.jpg,0,1,-240.00369262695312,151.2818145751953,-375.9438781738281,32.9300651550293,-373.2831726074219,32.646183013916016,-387.1709289550781,40.05922317504883,358.87017822265625,356.1943477710085,3.0,2.999999999999999,2.992173194885254,2.992173194885254,0.22965478897094727,0.9982694387435913,2.992173194885254,3.0,370.7901611328125,0.057552237063646317,0.00046476349234580994,2.897843360900879,173.90999868913076,-0.48956581495256435,173.4204328741782,173.420431860322,16.0,2.1998887062072754,18,180.24114990234375,178.4315948486328
1123,1123,/yh/study/new_data/model_dataset_flight/vi/vi_001123.jpg,0,1,-237.23583984375,149.51321411132812,-376.2584533691406,32.963623046875,-373.5977478027344,32.679744720458984,-387.1709289550781,40.05922317504883,359.1865234375,356.51070438648355,3.0,2.999999999999999,2.992173194885254,2.992173194885254,0.22965484857559204,0.9982694387435913,2.992173194885254,3.0,370.7901611328125,0.05758083239197731,0.0004899464547634125,2.897843360900879,173.90999868913076,-0.4895649078180652,173.42043378131268,173.4204328741782,16.0,2.1998887062072754,18,181.41415405273438,179.56790161132812
1124,1124,/yh/study/new_data/model_dataset_flight/vi/vi_001124.jpg,0,1,-234.49920654296875,147.7901611328125,-376.5730285644531,32.997188568115234,-373.9123229980469,32.71330642700195,-387.1709289550781,40.05922317504883,359.5028991699219,356.8270630231543,3.0,2.999999999999999,2.992173194885254,2.992173194885254,0.22965484857559204,0.9982694387435913,2.992173194885254,3.0,370.7901611328125,0.057599205523729324,0.0004915967583656311,2.897843360900879,173.90999868913076,-0.489565494787447,173.4204331943433,173.4204337813127,16.0,2.1998887062072754,18,182.6537628173828,180.7725067138672
1125,1125,/yh/study/new_data/model_dataset_flight/vi/vi_001125.jpg,0,1,-231.49073791503906,145.8959503173828,-376.8876037597656,33.0307502746582,-374.2268981933594,32.74687194824219,-387.1709289550781,40.05922317504883,359.8192443847656,357.14342024076274,3.0,2.999999999999999,2.992173194885254,2.992173194885254,0.22965484857559204,0.9982694387435913,2.992173194885254,3.0,370.7901611328125,0.05763670429587364,0.0005210302770137787,2.897843360900879,173.90999868913076,-0.48956405404441894,173.42043463508634,173.42043319434333,16.0,2.1998887062072754,18,184.0619659423828,182.14369201660156
1126,1126,/yh/study/new_data/model_dataset_flight/vi/vi_001126.jpg,0,1,-228.74928283691406,144.1698760986328,-377.2021789550781,33.06431579589844,-374.5414733886719,32.780433654785156,-387.1709289550781,40.05922317504883,360.1356201171875,357.4597794159045,3.0,2.999999999999999,2.992173194885254,2.992173194885254,0.22965481877326965,0.9982694387435913,2.992173194885254,3.0,370.7901611328125,0.057647351175546646,0.0005356408655643463,2.897843360900879,173.90999868913076,-0.4895635737967429,173.42043511533402,173.42043463508637,16.0,2.1998887062072754,18,185.42575073242188,183.47471618652344
1127,1127,/yh/study/new_data/model_dataset_flight/vi/vi_001127.jpg,0,1,-225.81781005859375,142.3313751220703,-377.5167541503906,33.097877502441406,-374.8559875488281,32.813995361328125,-387.1709289550781,40.05922317504883,360.45196533203125,357.7761371150525,3.0,2.999999999999999,2.992173194885254,2.992173194885254,0.22965478897094727,0.9982694387435913,2.992173194885254,3.0,370.7901611328125,0.057584259659051895,0.0004811324179172516,2.897843360900879,173.90999868913076,-0.48956576159171145,173.42043292753905,173.42043511533402,16.0,2.1998887062072754,18,186.93455505371094,184.9498291015625
1128,1128,/yh/study/new_data/model_dataset_flight/vi/vi_001128.jpg,0,1,-222.8794403076172,140.48854064941406,-377.8313293457031,33.13143539428711,-375.1706237792969,32.847557067871094,-387.1709289550781,40.05922317504883,360.768310546875,358.09249349426057,3.0,2.999999999999999,2.992173194885254,2.992173194885254,0.22965478897094727,0.9982694387435913,2.992173194885254,3.0,370.7901611328125,0.05757289007306099,0.0004717111587524414,2.897843360900879,173.90999868913076,-0.4895660283959759,173.42043266073478,173.42043292753905,16.0,2.1998887062072754,18,188.50897216796875,186.49179077148438
1129,1129,/yh/study/new_data/model_dataset_flight/vi/vi_001129.jpg,0,1,-220.21165466308594,138.81539916992188,-378.1459045410156,33.165000915527344,-375.4851379394531,32.88111877441406,-377.67779541015625,44.75758361816406,361.0846862792969,358.40885191964435,3.0,2.999999999999999,2.992173194885254,2.992173194885254,0.22965455055236816,0.9982694387435913,2.992173194885254,3.0,361.84906005859375,0.057587310671806335,0.000447198748588562,8.576822280883789,173.90999868913076,-0.48961111831666854,173.42038757081409,173.4204326607348,16.0,2.1998887062072754,18,190.01377868652344,187.96788024902344
1130,1130,/yh/study/new_data/model_dataset_flight/vi/vi_001130.jpg,0,1,-217.21551513671875,136.92379760742188,-378.4604797363281,33.19856262207031,-375.7997741699219,32.9146842956543,-387.1709289550781,40.05922317504883,361.4010314941406,358.7252089483047,3.0,2.999999999999999,2.992173194885254,2.992173194885254,0.22965559363365173,0.9982694387435913,2.992173194885254,3.0,370.7901611328125,0.05760235711932182,0.0007541254162788391,2.897843360900879,173.90999868913076,-0.48957211153320546,173.42042657759757,173.4203875708141,16.0,2.1998887062072754,18,191.72601318359375,189.64930725097656
1131,1131,/yh/study/new_data/model_dataset_flight/vi/vi_001131.jpg,0,1,-214.49151611328125,135.20399475097656,-378.7750549316406,33.23212814331055,-376.1142883300781,32.948246002197266,-387.1709289550781,40.05922317504883,361.7174072265625,359.04156795447557,3.0,2.999999999999999,2.992173194885254,2.992173194885254,0.2296556979417801,0.9982694387435913,2.992173194885254,3.0,370.7901611328125,0.05760493874549866,0.0007645972073078156,2.897843360900879,173.90999868913076,-0.48957163128552944,173.42042705784522,173.42042657759757,16.0,2.1998887062072754,18,193.3580780029297,191.25418090820312
1132,1132,/yh/study/new_data/model_dataset_flight/vi/vi_001132.jpg,0,1,-211.76593017578125,133.4832000732422,-379.0896301269531,33.265689849853516,-376.4289245605469,32.9818115234375,-387.1709289550781,40.05922317504883,362.03375244140625,359.3579255025176,3.0,2.999999999999999,2.992173194885254,2.992173194885254,0.2296556830406189,0.9982694387435913,2.992173194885254,3.0,370.7901611328125,0.057566311210393906,0.0007502436637878418,2.897843360900879,173.90999868913076,-0.4895735522762335,173.42042513685453,173.42042705784525,16.0,2.1998887062072754,18,195.04043579101562,192.91041564941406
1133,1133,/yh/study/new_data/model_dataset_flight/vi/vi_001133.jpg,0,1,-209.04757690429688,131.75563049316406,-379.4042053222656,33.299251556396484,-376.7434387207031,33.01537322998047,-387.1709289550781,40.05922317504883,362.3501281738281,359.67428497315694,3.0,2.999999999999999,2.992173194885254,2.992173194885254,0.22965578734874725,0.9982694387435913,2.992173194885254,3.0,370.7901611328125,0.0575256422162056,0.0007318966090679169,2.897843360900879,173.90999868913076,-0.48957381908049796,173.42042487005025,173.42042513685453,16.0,2.1998887062072754,18,196.76138305664062,194.60610961914062
1134,1134,/yh/study/new_data/model_dataset_flight/vi/vi_001134.jpg,0,1,-206.32176208496094,130.0233154296875,-379.7187805175781,33.33281326293945,-377.0580139160156,33.04893112182617,-387.1709289550781,40.05922317504883,362.6664733886719,359.99064293656016,3.0,2.999999999999999,2.992173194885254,2.992173194885254,0.22965578734874725,0.9982694387435913,2.992173194885254,3.0,370.7901611328125,0.05750414356589317,0.000718977302312851,2.897843360900879,173.90999868913076,-0.4895753131843789,173.42042337594637,173.42042487005028,16.0,2.1998887062072754,18,198.5335693359375,196.35401916503906
1135,1135,/yh/study/new_data/model_dataset_flight/vi/vi_001135.jpg,0,1,-203.34063720703125,128.1287384033203,-380.0332946777344,33.36637496948242,-377.3725891113281,33.082496643066406,-387.1709289550781,40.05922317504883,362.9828186035156,360.3069995520843,3.0,2.999999999999999,2.992173194885254,2.992173194885254,0.2296558916568756,0.9982694387435913,2.992173194885254,3.0,370.7901611328125,0.05754275247454643,0.0007334910333156586,2.897843360900879,173.90999868913076,-0.4895743526890269,173.42042433644173,173.4204233759464,16.0,2.1998887062072754,18,200.4998779296875,198.29501342773438
1136,1136,/yh/study/new_data/model_dataset_flight/vi/vi_001136.jpg,0,1,-200.51148986816406,126.3474349975586,-380.3479309082031,33.399940490722656,-377.6871643066406,33.116058349609375,-387.1709289550781,40.05922317504883,363.2991943359375,360.6233581887989,3.0,2.999999999999999,2.992173194885254,2.992173194885254,0.22965587675571442,0.9982694387435913,2.992173194885254,3.0,370.7901611328125,0.05750120431184769,0.0007024332880973816,2.897843360900879,173.90999868913076,-0.4895759001537607,173.420422788977,173.42042433644176,16.0,2.1998887062072754,18,202.43612670898438,200.20816040039062
1137,1137,/yh/study/new_data/model_dataset_flight/vi/vi_001137.jpg,0,1,-197.68243408203125,124.56620788574219,-380.6624450683594,33.433502197265625,-378.0017395019531,33.14962387084961,-387.1709289550781,40.05922317504883,363.61553955078125,360.9397154064465,3.0,2.999999999999999,2.992173194885254,2.992173194885254,0.22965595126152039,0.9982694387435913,2.992173194885254,3.0,370.7901611328125,0.05751655250787735,0.0007002055644989014,2.897843360900879,173.90999868913076,-0.4895756867103491,173.42042300242042,173.42042278897702,16.0,2.1998887062072754,18,204.41831970214844,202.16835021972656
1138,1138,/yh/study/new_data/model_dataset_flight/vi/vi_001138.jpg,0,1,-194.85406494140625,122.785400390625,-380.9770812988281,33.467063903808594,-378.3163146972656,33.18318557739258,-387.1709289550781,40.05922317504883,363.9319152832031,361.2560745816234,3.0,2.999999999999999,2.992173194885254,2.992173194885254,0.22965596616268158,0.9982694387435913,2.992173194885254,3.0,370.7901611328125,0.057501427829265594,0.0007112510502338409,2.897843360900879,173.90999868913076,-0.4895752064626731,173.4204234826681,173.42042300242042,16.0,2.1998887062072754,18,206.44500732421875,204.17384338378906
1139,1139,/yh/study/new_data/model_dataset_flight/vi/vi_001139.jpg,0,1,-192.0177764892578,120.99646759033203,-381.2915954589844,33.50062561035156,-378.6308898925781,33.21674728393555,-387.1709289550781,40.05922317504883,364.2482604980469,361.5724322808028,3.0,2.999999999999999,2.992173194885254,2.992173194885254,0.22965604066848755,0.9982694387435913,2.992173194885254,3.0,370.7901611328125,0.057464923709630966,0.0006703659892082214,2.897843360900879,173.90999868913076,-0.48957670056655406,173.42042198856421,173.4204234826681,16.0,2.1998887062072754,18,208.51882934570312,206.22738647460938
1140,1140,/yh/study/new_data/model_dataset_flight/vi/vi_001140.jpg,0,1,-189.18141174316406,119.20748901367188,-381.6061706542969,33.53418731689453,-378.9454650878906,33.250308990478516,-387.1709289550781,40.05922317504883,364.5646057128906,361.88878866003887,3.0,2.999999999999999,2.992173194885254,2.992173194885254,0.22965598106384277,0.9982694387435913,2.992173194885254,3.0,370.7901611328125,0.05740197002887726,0.0006004907190799713,2.897843360900879,173.90999868913076,-0.48957846147469947,173.42042022765605,173.42042198856421,16.0,2.1998887062072754,18,210.63523864746094,208.3243408203125
1141,1141,/yh/study/new_data/model_dataset_flight/vi/vi_001141.jpg,0,1,-186.34707641601562,117.4197998046875,-381.9207458496094,33.567752838134766,-379.2600402832031,33.283870697021484,-387.1709289550781,40.05922317504883,364.8809814453125,362.2051470854477,3.0,2.999999999999999,2.992173194885254,2.992173194885254,0.229655921459198,0.9982694387435913,2.992173194885254,3.0,370.7901611328125,0.05729954317212105,0.0004894956946372986,2.897843360900879,173.90999868913076,-0.48957995557858036,173.42041873355217,173.42042022765608,16.0,2.1998887062072754,18,212.79150390625,210.4620361328125
1142,1142,/yh/study/new_data/model_dataset_flight/vi/vi_001142.jpg,0,1,-183.55494689941406,115.63081359863281,-382.2353210449219,33.601314544677734,-379.5746154785156,33.31743621826172,-387.1709289550781,40.05922317504883,365.19732666015625,362.52150411413055,3.0,2.999999999999999,2.992173194885254,2.992173194885254,0.22965587675571442,0.9982694387435913,2.992173194885254,3.0,370.7901611328125,0.05728505924344063,0.00048187747597694397,2.897843360900879,173.90999868913076,-0.48958070263052084,173.42041798650024,173.4204187335522,16.0,2.1998887062072754,18,214.9481964111328,212.60104370117188
1143,1143,/yh/study/new_data/model_dataset_flight/vi/vi_001143.jpg,0,1,-180.76480102539062,113.84308624267578,-382.5498962402344,33.63488006591797,-379.8891906738281,33.35099792480469,-387.1709289550781,40.05922317504883,365.5137023925781,362.83786312032146,3.0,2.999999999999999,2.992173194885254,2.992173194885254,0.22965578734874725,0.9982694387435913,2.992173194885254,3.0,370.7901611328125,0.05722308158874512,0.0004181712865829468,2.897843360900879,173.90999868913076,-0.48958171648672577,173.42041697264403,173.42041798650024,16.0,2.1998887062072754,18,217.141845703125,214.7777862548828
1144,1144,/yh/study/new_data/model_dataset_flight/vi/vi_001144.jpg,0,1,-177.97283935546875,112.05419921875,-382.8644714355469,33.66843795776367,-380.2037658691406,33.384559631347656,-387.1709289550781,40.05922317504883,365.8300476074219,363.15422066838147,3.0,2.999999999999999,2.992173194885254,2.992173194885254,0.22965559363365173,0.9982694387435913,2.992173194885254,3.0,370.7901611328125,0.05703528970479965,0.0002469755709171295,2.897843360900879,173.90999868913076,-0.48958577191154545,173.4204129172192,173.42041697264403,16.0,2.1998887062072754,18,219.3739013671875,216.99368286132812
1145,1145,/yh/study/new_data/model_dataset_flight/vi/vi_001145.jpg,0,1,-175.1536407470703,110.28015899658203,-383.1790466308594,33.70199966430664,-380.5183410644531,33.418121337890625,-396.69451904296875,30.60270118713379,366.1463928222656,363.47057691247574,3.0,2.999999999999999,2.9921720027923584,2.9921720027923584,0.22965005040168762,0.9982692003250122,2.992173194885254,3.0,379.15423583984375,0.058190200477838516,0.0012014135718345642,7.516368865966797,173.90999868913076,-0.4895927088224213,173.42040598030835,173.42041291721924,16.0,2.1998887062072754,18,221.67269897460938,219.27706909179688
1146,1146,/yh/study/new_data/model_dataset_flight/vi/vi_001146.jpg,0,1,-172.33653259277344,108.50743865966797,-383.4936218261719,33.73556137084961,-380.8329162597656,33.451683044433594,-396.69451904296875,30.60270118713379,366.4627380371094,363.7869319904699,3.0,2.999999999999999,2.9921720027923584,2.9921720027923584,0.22965040802955627,0.9982692003250122,2.992170810699463,3.0,379.2567443847656,0.05819546431303024,0.0011995621025562286,7.515670299530029,173.90999868913076,-0.4895909479142759,173.42040774121648,173.42040598030835,16.0,2.1998887062072754,18,224.00479125976562,221.59446716308594
1147,1147,/yh/study/new_data/model_dataset_flight/vi/vi_001147.jpg,0,1,-169.51690673828125,106.7331314086914,-383.8081359863281,33.76912307739258,-381.1474304199219,33.48524475097656,-396.69451904296875,30.60270118713379,366.7790832519531,364.1032860256533,3.0,2.999999999999999,2.9921720027923584,2.9921720027923584,0.22965008020401,0.9982692003250122,2.9921720027923584,3.0,379.2567443847656,0.058203402906656265,0.0012281686067581177,7.515670299530029,173.90999868913076,-0.4895910012751288,173.42040768785563,173.4204077412165,16.0,2.1998887062072754,18,226.37242126464844,223.94805908203125
1148,1148,/yh/study/new_data/model_dataset_flight/vi/vi_001148.jpg,0,1,-166.68472290039062,104.95948791503906,-384.1227111816406,33.80268478393555,-381.4620666503906,33.5188102722168,-396.69451904296875,30.60270118713379,367.0954284667969,364.4196391282802,3.0,2.999999999999999,2.9921720027923584,2.9921720027923584,0.22965046763420105,0.9982692003250122,2.9921720027923584,3.0,379.2567443847656,0.058123327791690826,0.0013074129819869995,7.515670299530029,173.90999868913076,-0.4895868924894562,173.4204117966413,173.42040768785563,16.0,2.1998887062072754,18,228.78497314453125,226.3472442626953
1149,1149,/yh/study/new_data/model_dataset_flight/vi/vi_001149.jpg,0,1,-163.85231018066406,103.1856918334961,-384.4372863769531,33.83625030517578,-381.7765808105469,33.552371978759766,-396.69451904296875,30.60270118713379,367.41180419921875,364.7359946235091,3.0,2.999999999999999,2.9921720027923584,2.9921720027923584,0.2296505868434906,0.9982692003250122,2.9921720027923584,3.0,379.2567443847656,0.058194514364004135,0.001257140189409256,7.515670299530029,173.90999868913076,-0.48959041430574696,173.420408274825,173.4204117966413,16.0,2.1998887062072754,18,231.22947692871094,228.77891540527344
1150,1150,/yh/study/new_data/model_dataset_flight/vi/vi_001150.jpg,0,1,-161.02012634277344,101.41205596923828,-384.7518615722656,33.86981201171875,-382.0911560058594,33.585933685302734,-396.69451904296875,30.60270118713379,367.7281494140625,365.0523490318139,3.0,2.999999999999999,2.9921720027923584,2.9921720027923584,0.22965046763420105,0.9982692003250122,2.9921720027923584,3.0,379.2567443847656,0.05806508660316467,0.0012449845671653748,7.515670299530029,173.90999868913076,-0.48958843995419,173.42041024917657,173.42040827482504,16.0,2.1998887062072754,18,233.70460510253906,231.2418212890625
1151,1151,/yh/study/new_data/model_dataset_flight/vi/vi_001151.jpg,0,1,-158.17091369628906,99.62356567382812,-385.0664367675781,33.90336990356445,-382.4057312011719,33.6194953918457,-396.69451904296875,30.60270118713379,368.04449462890625,365.3687024681128,3.0,2.999999999999999,2.9921720027923584,2.9921720027923584,0.22965024411678314,0.9982692003250122,2.9921720027923584,3.0,379.2567443847656,0.05817656219005585,0.0012131258845329285,7.515670299530029,173.90999868913076,-0.4895923886573039,173.42040630047345,173.42041024917657,16.0,2.1998887062072754,18,236.22177124023438,233.74728393554688
1152,1152,/yh/study/new_data/model_dataset_flight/vi/vi_001152.jpg,0,1,-155.32330322265625,97.83607482910156,-385.3810119628906,33.93693542480469,-382.7203063964844,33.65305709838867,-396.69451904296875,30.60270118713379,368.3608703613281,365.68505826173526,3.0,2.999999999999999,2.9921720027923584,2.9921720027923584,0.22965015470981598,0.9982692003250122,2.9921720027923584,3.0,379.2567443847656,0.05813024938106537,0.0012144632637500763,7.515670299530029,173.90999868913076,-0.489590894553423,173.42040779457733,173.42040630047347,16.0,2.1998887062072754,18,238.76693725585938,236.28131103515625
1153,1153,/yh/study/new_data/model_dataset_flight/vi/vi_001153.jpg,0,1,-152.4722900390625,96.04645538330078,-385.6955871582031,33.970497131347656,-383.0348815917969,33.68661880493164,-396.69451904296875,30.60270118713379,368.6772155761719,366.00141293688506,3.0,2.999999999999999,2.9921720027923584,2.9921720027923584,0.22965019941329956,0.9982692003250122,2.9921720027923584,3.0,379.2567443847656,0.058145541697740555,0.0012320727109909058,7.515670299530029,173.90999868913076,-0.4895914815228048,173.42040720760795,173.42040779457736,16.0,2.1998887062072754,18,241.3431854248047,238.84693908691406
1154,1154,/yh/study/new_data/model_dataset_flight/vi/vi_001154.jpg,0,1,-149.82516479492188,94.34442138671875,-386.0101623535156,34.004058837890625,-383.3494567871094,33.720184326171875,-396.69451904296875,30.60270118713379,368.9935607910156,366.31776661181607,3.0,2.999999999999999,2.9921720027923584,2.9921720027923584,0.22965019941329956,0.9982692003250122,2.9921720027923584,3.0,379.2567443847656,0.05817686766386032,0.0011948496103286743,7.515670299530029,173.90999868913076,-0.4895936693177733,173.420405019813,173.42040720760798,16.0,2.1998887062072754,18,243.77102661132812,241.2651824951172
1155,1155,/yh/study/new_data/model_dataset_flight/vi/vi_001155.jpg,0,1,-146.9134063720703,92.47222900390625,-386.3247375488281,34.03762435913086,-383.6640319824219,33.753746032714844,-396.69451904296875,30.60270118713379,369.3099365234375,366.6341226188405,3.0,2.999999999999999,2.9921720027923584,2.9921720027923584,0.22965046763420105,0.9982692003250122,2.9921720027923584,3.0,379.2567443847656,0.05819789320230484,0.001130037009716034,7.515670299530029,173.90999868913076,-0.4895952167825071,173.42040347234826,173.420405019813,16.0,2.1998887062072754,18,246.43942260742188,243.92359924316406
1156,1156,/yh/study/new_data/model_dataset_flight/vi/vi_001156.jpg,0,1,-144.0061492919922,90.60293579101562,-386.6393127441406,34.07118606567383,-383.9786071777344,33.78730773925781,-396.69451904296875,30.60270118713379,369.62628173828125,366.95047748482966,3.0,2.999999999999999,2.9921720027923584,2.9921720027923584,0.22965052723884583,0.9982692003250122,2.9921720027923584,3.0,379.2567443847656,0.05821024253964424,0.0010841600596904755,7.515670299530029,173.90999868913076,-0.48959740457747564,173.4204012845533,173.42040347234826,16.0,2.1998887062072754,18,249.1318817138672,246.6065673828125
1157,1157,/yh/study/new_data/model_dataset_flight/vi/vi_001157.jpg,0,1,-139.83798217773438,87.919189453125,-386.9538269042969,34.10474395751953,-384.2931823730469,33.82086944580078,-396.69451904296875,30.60270118713379,369.942626953125,367.266831330423,3.0,2.999999999999999,2.9921720027923584,2.9921720027923584,0.22965046763420105,0.9982692003250122,2.9921720027923584,3.0,379.2567443847656,0.058177970349788666,0.0011108294129371643,7.515670299530029,173.90999868913076,-0.4895972978557699,173.420401391275,173.4204012845533,16.0,2.1998887062072754,18,252.90756225585938,250.3696746826172
1158,1158,/yh/study/new_data/model_dataset_flight/vi/vi_001158.jpg,0,1,-135.67276000976562,85.23733520507812,-387.2684631347656,34.138309478759766,-384.6077575683594,33.85443115234375,-396.69451904296875,30.60270118713379,370.2590026855469,367.58318749006594,3.0,2.999999999999999,2.9921720027923584,2.9921720027923584,0.22965043783187866,0.9982692003250122,2.9921720027923584,3.0,379.2567443847656,0.058151550590991974,0.0010989271104335785,7.515670299530029,173.90999868913076,-0.489597244494917,173.42040144463584,173.420401391275,16.0,2.1998887062072754,18,256.73236083984375,254.18267822265625
1159,1159,/yh/study/new_data/model_dataset_flight/vi/vi_001159.jpg,0,1,-132.8868408203125,83.48136901855469,-387.5829772949219,34.171871185302734,-384.9222717285156,33.88799285888672,-396.69451904296875,30.60270118713379,370.5753479003906,367.89954249253765,3.0,2.999999999999999,2.9921720027923584,2.9921720027923584,0.22965052723884583,0.9982692003250122,2.9921720027923584,3.0,379.2567443847656,0.0581456758081913,0.0011123791337013245,7.515670299530029,173.90999868913076,-0.4895960705561534,173.4204026185746,173.42040144463584,16.0,2.1998887062072754,18,259.4254150390625,256.8683776855469
1160,1160,/yh/study/new_data/model_dataset_flight/vi/vi_001160.jpg,0,1,-130.10357666015625,81.72706604003906,-387.8976135253906,34.20543670654297,-385.2369079589844,33.92155838012695,-396.69451904296875,30.60270118713379,370.8917236328125,368.2158996867446,3.0,2.999999999999999,2.9921727180480957,2.9921727180480957,0.22965176403522491,0.9982693195343018,2.9921720027923584,3.0,379.2567443847656,0.057787466794252396,0.0007817782461643219,7.515670299530029,173.90999868913076,-0.4896055687879679,173.4203931203428,173.42040261857463,16.0,2.1998887062072754,18,262.13751220703125,259.5734558105469
1161,1161,/yh/study/new_data/model_dataset_flight/vi/vi_001161.jpg,0,1,-127.31895446777344,79.971923828125,-388.2121887207031,34.23899841308594,-385.5514221191406,33.95512008666992,-396.69451904296875,30.60270118713379,371.2080993652344,368.5322588409591,3.0,2.999999999999999,2.9921727180480957,2.9921727180480957,0.22965192794799805,0.9982693195343018,2.992173433303833,3.0,379.2567443847656,0.05782272294163704,0.000773996114730835,7.515670299530029,173.90999868913076,-0.48960428812749857,173.42039440100325,173.4203931203428,16.0,2.1998887062072754,18,264.87127685546875,262.3005065917969
1162,1162,/yh/study/new_data/model_dataset_flight/vi/vi_001162.jpg,0,1,-124.50147247314453,78.22492980957031,-388.5267639160156,34.272560119628906,-385.8659973144531,33.988677978515625,-396.69451904296875,30.60270118713379,371.5244445800781,368.84861652139244,3.0,2.999999999999999,2.9921727180480957,2.9921727180480957,0.22965176403522491,0.9982693195343018,2.9921727180480957,3.0,379.2567443847656,0.057781949639320374,0.0007766559720039368,7.515670299530029,173.90999868913076,-0.48960551542711506,173.42039317370364,173.42039440100328,16.0,2.1998887062072754,18,267.65869140625,265.0816345214844
1163,1163,/yh/study/new_data/model_dataset_flight/vi/vi_001163.jpg,0,1,-121.68000030517578,76.47545623779297,-388.8412780761719,34.306121826171875,-386.1805725097656,34.02224349975586,-396.69451904296875,30.60270118713379,371.8407897949219,369.1649728838645,3.0,2.999999999999999,2.9921727180480957,2.9921727180480957,0.2296520471572876,0.9982693195343018,2.9921727180480957,3.0,379.2567443847656,0.05783388391137123,0.0007551014423370361,7.515670299530029,173.90999868913076,-0.48960364779726384,173.4203950413335,173.42039317370364,16.0,2.1998887062072754,18,270.4688720703125,267.8858642578125
1164,1164,/yh/study/new_data/model_dataset_flight/vi/vi_001164.jpg,0,1,-118.86302185058594,74.72877502441406,-389.1559143066406,34.33968734741211,-386.4951477050781,34.05580520629883,-396.69451904296875,30.60270118713379,372.15716552734375,369.48133129428174,3.0,2.999999999999999,2.9921727180480957,2.9921727180480957,0.22965185344219208,0.9982693195343018,2.9921727180480957,3.0,379.2567443847656,0.05779051035642624,0.0007373057305812836,7.515670299530029,173.90999868913076,-0.48960503517943904,173.42039365395132,173.4203950413335,16.0,2.1998887062072754,18,273.29388427734375,270.7051086425781
1165,1165,/yh/study/new_data/model_dataset_flight/vi/vi_001165.jpg,0,1,-116.19981384277344,73.051025390625,-389.4704284667969,34.37324905395508,-386.8097229003906,34.08937072753906,-396.69451904296875,30.60270118713379,372.4735107421875,369.797688309558,3.0,2.999999999999999,2.9921727180480957,2.9921727180480957,0.22965194284915924,0.9982693195343018,2.9921727180480957,3.0,379.2567443847656,0.0578019917011261,0.0007239021360874176,7.515670299530029,173.90999868913076,-0.4896051419011448,173.42039354722962,173.42039365395132,16.0,2.1998887062072754,18,275.99420166015625,273.40032958984375
1166,1166,/yh/study/new_data/model_dataset_flight/vi/vi_001166.jpg,0,1,-113.27178192138672,71.20645141601562,-389.7850646972656,34.40681457519531,-387.1242980957031,34.12293243408203,-396.69451904296875,30.60270118713379,372.7898864746094,370.1140473037598,3.0,2.999999999999999,2.9921727180480957,2.9921727180480957,0.22965168952941895,0.9982693195343018,2.9921727180480957,3.0,379.2567443847656,0.05776885524392128,0.0007411278784275055,7.515670299530029,173.90999868913076,-0.48960594231393817,173.42039274681682,173.42039354722962,16.0,2.1998887062072754,18,278.9512634277344,276.3519287109375
1167,1167,/yh/study/new_data/model_dataset_flight/vi/vi_001167.jpg,0,1,-110.34581756591797,69.36317443847656,-390.0995788574219,34.440372467041016,-387.4388732910156,34.156494140625,-396.69451904296875,30.60270118713379,373.1062316894531,370.4304048410982,3.0,2.999999999999999,2.9921727180480957,2.9921727180480957,0.22965186834335327,0.9982693195343018,2.9921727180480957,3.0,379.2567443847656,0.05779832974076271,0.0007609538733959198,7.515670299530029,173.90999868913076,-0.4896048217360275,173.42039386739472,173.42039274681684,16.0,2.1998887062072754,18,281.92510986328125,279.3207092285156
1168,1168,/yh/study/new_data/model_dataset_flight/vi/vi_001168.jpg,0,1,-107.5041732788086,67.54548645019531,-390.4142150878906,34.47393798828125,-387.7534484863281,34.19005584716797,-396.69451904296875,30.60270118713379,373.422607421875,370.7467643021656,3.0,2.999999999999999,2.9921727180480957,2.9921727180480957,0.22965183854103088,0.9982693195343018,2.9921727180480957,3.0,379.2567443847656,0.057811908423900604,0.0007937923073768616,7.515670299530029,173.90999868913076,-0.4896051419011448,173.42039354722962,173.42039386739475,16.0,2.1998887062072754,18,284.8364562988281,282.2272644042969
1169,1169,/yh/study/new_data/model_dataset_flight/vi/vi_001169.jpg,0,1,-104.66370391845703,65.72854614257812,-390.7287292480469,34.50749969482422,-388.0680236816406,34.22361755371094,-396.69451904296875,30.60270118713379,373.73895263671875,371.0631222570089,3.0,2.999999999999999,2.9921727180480957,2.9921727180480957,0.22965192794799805,0.9982693195343018,2.9921727180480957,3.0,379.2567443847656,0.0578048974275589,0.0007434934377670288,7.515670299530029,173.90999868913076,-0.48960535534455635,173.4203933337862,173.42039354722962,16.0,2.1998887062072754,18,287.7637023925781,285.15008544921875
1170,1170,/yh/study/new_data/model_dataset_flight/vi/vi_001170.jpg,0,1,-101.81839752197266,63.90851974487305,-391.0433044433594,34.54106140136719,-388.3825988769531,34.25718307495117,-396.69451904296875,30.60270118713379,374.0552978515625,371.3794788648781,3.0,2.999999999999999,2.9921727180480957,2.9921727180480957,0.2296520322561264,0.9982693195343018,2.9921727180480957,3.0,379.2567443847656,0.05782894045114517,0.0007820539176464081,7.515670299530029,173.90999868913076,-0.48960412804493986,173.42039456108583,173.42039333378622,16.0,2.1998887062072754,18,290.7120666503906,288.09417724609375
1171,1171,/yh/study/new_data/model_dataset_flight/vi/vi_001171.jpg,0,1,-98.92457580566406,62.05345916748047,-391.3578796386719,34.57462692260742,-388.6971740722656,34.29074478149414,-396.69451904296875,30.60270118713379,374.3716735839844,371.69583749474714,3.0,2.999999999999999,2.9921727180480957,2.9921727180480957,0.2296520471572876,0.9982693195343018,2.9921727180480957,3.0,379.2567443847656,0.05782449617981911,0.0007638782262802124,7.515670299530029,173.90999868913076,-0.489603594436411,173.42039509469436,173.42039456108583,16.0,2.1998887062072754,18,293.72149658203125,291.0994873046875
1172,1172,/yh/study/new_data/model_dataset_flight/vi/vi_001172.jpg,0,1,-96.2905502319336,60.36494445800781,-391.6724548339844,34.608184814453125,-389.0117492675781,34.32430648803711,-396.69451904296875,30.60270118713379,374.6880187988281,372.01219470627296,3.0,2.999999999999999,2.9921727180480957,2.9921727180480957,0.22965165972709656,0.9982693195343018,2.9921727180480957,3.0,379.2567443847656,0.05778864398598671,0.000751148909330368,7.515670299530029,173.90999868913076,-0.48960503517943904,173.42039365395132,173.42039509469436,16.0,2.1998887062072754,18,296.50274658203125,293.877197265625
1173,1173,/yh/study/new_data/model_dataset_flight/vi/vi_001173.jpg,0,1,-93.41352844238281,58.52065658569336,-391.9870300292969,34.64175033569336,-389.3263244628906,34.35786819458008,-396.69451904296875,30.60270118713379,375.00439453125,372.3285538759753,3.0,2.999999999999999,2.9921722412109375,2.9921722412109375,0.22965145111083984,0.9982693195343018,2.9921727180480957,3.0,379.2567443847656,0.057760436087846756,0.0007453970611095428,7.515670299530029,173.90999868913076,-0.48960620911820263,173.42039248001257,173.42039365395132,16.0,2.1998887062072754,18,299.52685546875,296.89764404296875
1174,1174,/yh/study/new_data/model_dataset_flight/vi/vi_001174.jpg,0,1,-90.70120239257812,56.80291748046875,-392.3016052246094,34.67531204223633,-389.6408996582031,34.39142990112305,-396.69451904296875,30.60270118713379,375.32073974609375,372.64491157025896,3.0,2.999999999999999,2.9921727180480957,2.9921727180480957,0.22965160012245178,0.9982693195343018,2.9921717643737793,3.0,379.2567443847656,0.05779096856713295,0.0007608234882354736,7.515670299530029,173.90999868913076,-0.4896047150143217,173.42039397411645,173.42039248001257,16.0,2.1998887062072754,18,302.4110412597656,299.77862548828125
1175,1175,/yh/study/new_data/model_dataset_flight/vi/vi_001175.jpg,0,1,-87.73210144042969,54.92256164550781,-392.6161804199219,34.7088737487793,-389.9554748535156,34.42499542236328,-406.1571960449219,30.662485122680664,375.6370849609375,372.96126794511696,3.0,2.999999999999999,2.992173194885254,2.992173194885254,0.2296520471572876,0.9982694387435913,2.992173194885254,3.0,388.6448974609375,0.058167338371276855,0.0006033703684806824,8.460172653198242,173.90999868913076,-0.48962339131283344,173.4203752978179,173.42039397411645,16.0,2.1998887062072754,18,305.5534362792969,302.9176940917969
1176,1176,/yh/study/new_data/model_dataset_flight/vi/vi_001176.jpg,0,1,-85.02908325195312,53.210716247558594,-392.9307556152344,34.74243927001953,-390.2700500488281,34.45855712890625,-406.1571960449219,30.662485122680664,375.9534606933594,373.2776263666106,3.0,2.999999999999999,2.992173194885254,2.992173194885254,0.22965185344219208,0.9982694387435913,2.992173671722412,3.0,388.6723937988281,0.05816479027271271,0.0005482658743858337,8.460128784179688,173.90999868913076,-0.48962424508647967,173.42037444404428,173.42037529781794,16.0,2.1998887062072754,18,308.4550476074219,305.8164367675781
1177,1177,/yh/study/new_data/model_dataset_flight/vi/vi_001177.jpg,0,1,-82.29035949707031,51.505859375,-393.2453308105469,34.7760009765625,-390.5846252441406,34.492122650146484,-406.1571960449219,30.662485122680664,376.2698059082031,373.59398339179216,3.0,2.999999999999999,2.992173194885254,2.992173194885254,0.22965165972709656,0.9982694387435913,2.992173194885254,3.0,388.6723937988281,0.058154571801424026,0.0004663318395614624,8.460128784179688,173.90999868913076,-0.489626059355478,173.42037262977527,173.42037444404428,16.0,2.1998887062072754,18,311.4046936035156,308.76336669921875
1178,1178,/yh/study/new_data/model_dataset_flight/vi/vi_001178.jpg,0,1,-79.28849792480469,49.6371955871582,-393.5599060058594,34.80956268310547,-390.8992004394531,34.52568054199219,-406.1571960449219,30.662485122680664,376.586181640625,373.91034239485197,3.0,2.999999999999999,2.992173194885254,2.992173194885254,0.22965165972709656,0.9982694387435913,2.992173194885254,3.0,388.6723937988281,0.05813160166144371,0.00045310333371162415,8.460128784179688,173.90999868913076,-0.48962840723300516,173.42037028189776,173.4203726297753,16.0,2.1998887062072754,18,314.62103271484375,311.9769287109375
1179,1179,/yh/study/new_data/model_dataset_flight/vi/vi_001179.jpg,0,1,-76.55272674560547,47.934173583984375,-393.8744812011719,34.84312438964844,-391.2137756347656,34.55924606323242,-406.1571960449219,30.662485122680664,376.90252685546875,374.22669994011187,3.0,2.999999999999999,2.992173194885254,2.992173194885254,0.22965168952941895,0.9982694387435913,2.992173194885254,3.0,388.6723937988281,0.05814535543322563,0.0004982762038707733,8.460128784179688,173.90999868913076,-0.4896285673155638,173.42037012181518,173.42037028189776,16.0,2.1998887062072754,18,317.5916748046875,314.9451599121094
1180,1180,/yh/study/new_data/model_dataset_flight/vi/vi_001180.jpg,0,1,-73.80789947509766,46.203880310058594,-394.1890563964844,34.87668991088867,-391.5283508300781,34.59280776977539,-406.1571960449219,30.662485122680664,377.2189025878906,374.5430594082633,3.0,2.999999999999999,2.992173194885254,2.992173194885254,0.22965171933174133,0.9982694387435913,2.992173194885254,3.0,388.6723937988281,0.058140434324741364,0.0004910603165626526,8.460128784179688,173.90999868913076,-0.4896303815845621,173.4203683075462,173.4203701218152,16.0,2.1998887062072754,18,320.5813293457031,317.93255615234375
1181,1181,/yh/study/new_data/model_dataset_flight/vi/vi_001181.jpg,0,1,-71.07186889648438,44.47914505004883,-394.5036315917969,34.91025161743164,-391.8428649902344,34.62636947631836,-406.1571960449219,30.662485122680664,377.5352478027344,374.8594173694416,3.0,2.999999999999999,2.992173433303833,2.992173433303833,0.22965183854103088,0.9982695579528809,2.992173194885254,3.0,388.6723937988281,0.05815017223358154,0.0005064047873020172,8.460128784179688,173.90999868913076,-0.4896307017496795,173.42036798738107,173.4203683075462,16.0,2.1998887062072754,18,323.5732727050781,320.9222717285156
1182,1182,/yh/study/new_data/model_dataset_flight/vi/vi_001182.jpg,0,1,-68.07637023925781,42.59083557128906,-394.8182067871094,34.94381332397461,-392.1575012207031,34.659934997558594,-406.1571960449219,30.662485122680664,377.8515930175781,375.175773982976,3.0,2.999999999999999,2.992173194885254,2.992173194885254,0.22965167462825775,0.9982694387435913,2.992173671722412,3.0,388.6723937988281,0.05815320461988449,0.0005539804697036743,8.460128784179688,173.90999868913076,-0.48963006141944476,173.42036862771133,173.4203679873811,16.0,2.1998887062072754,18,326.831298828125,324.1781311035156
1183,1183,/yh/study/new_data/model_dataset_flight/vi/vi_001183.jpg,0,1,-65.07719421386719,40.68674850463867,-395.1327819824219,34.97737503051758,-392.4720153808594,34.69349670410156,-406.1571960449219,30.662485122680664,378.16796875,375.4921326179113,3.0,2.999999999999999,2.992173433303833,2.992173433303833,0.22965145111083984,0.9982695579528809,2.992172956466675,3.0,388.6723937988281,0.05813008174300194,0.0004986748099327087,8.460128784179688,173.90999868913076,-0.48963203577100173,173.42036665335976,173.42036862771133,16.0,2.1998887062072754,18,330.10498046875,327.44970703125
1184,1184,/yh/study/new_data/model_dataset_flight/vi/vi_001184.jpg,0,1,-62.333858489990234,38.945091247558594,-395.4473571777344,35.01093673706055,-392.7866516113281,34.72705841064453,-406.1571960449219,30.662485122680664,378.48431396484375,375.80848983396777,3.0,2.999999999999999,2.992173433303833,2.992173433303833,0.2296515852212906,0.9982695579528809,2.992173671722412,3.0,388.6723937988281,0.0581522174179554,0.000573333352804184,8.460128784179688,173.90999868913076,-0.48963134207991416,173.42036734705084,173.42036665335976,16.0,2.1998887062072754,18,333.13671875,330.4797058105469
1185,1185,/yh/study/new_data/model_dataset_flight/vi/vi_001185.jpg,0,1,-59.589805603027344,37.202972412109375,-395.7619323730469,35.04450225830078,-393.1011657714844,34.7606201171875,-406.1571960449219,30.662485122680664,378.8006896972656,376.12484900772165,3.0,2.999999999999999,2.992173433303833,2.992173433303833,0.2296513319015503,0.9982695579528809,2.992173433303833,3.0,388.6723937988281,0.05812555178999901,0.0005317032337188721,8.460128784179688,173.90999868913076,-0.4896332097097653,173.420365479421,173.42036734705087,16.0,2.1998887062072754,18,336.1790466308594,333.5202941894531
1186,1186,/yh/study/new_data/model_dataset_flight/vi/vi_001186.jpg,0,1,-56.75384521484375,35.429100036621094,-396.0765075683594,35.07806396484375,-393.4157409667969,34.79418182373047,-406.1571960449219,30.662485122680664,379.1170349121094,376.44120670562853,3.0,2.999999999999999,2.992173433303833,2.992173433303833,0.229651540517807,0.9982695579528809,2.992173433303833,3.0,388.6723937988281,0.0581483468413353,0.0006172209978103638,8.460128784179688,173.90999868913076,-0.48963336979232397,173.42036531933843,173.420365479421,16.0,2.1998887062072754,18,339.3228454589844,336.6625061035156
1187,1187,/yh/study/new_data/model_dataset_flight/vi/vi_001187.jpg,0,1,-53.91852569580078,33.65562438964844,-396.3910217285156,35.11162567138672,-393.7303161621094,34.8277473449707,-406.1571960449219,30.662485122680664,379.4333801269531,376.75756308372667,3.0,2.999999999999999,2.992173194885254,2.992173194885254,0.22965160012245178,0.9982694387435913,2.992173433303833,3.0,388.6723937988281,0.05814436823129654,0.0007279925048351288,8.460128784179688,173.90999868913076,-0.4896315555233257,173.42036713360744,173.42036531933846,16.0,2.1998887062072754,18,342.4755859375,339.8138122558594
1188,1188,/yh/study/new_data/model_dataset_flight/vi/vi_001188.jpg,0,1,-51.08280944824219,31.88190269470215,-396.7056579589844,35.14518737792969,-394.0448913574219,34.86130905151367,-406.1571960449219,30.662485122680664,379.749755859375,377.0739215081179,3.0,2.999999999999999,2.992173433303833,2.992173433303833,0.22965139150619507,0.9982695579528809,2.992172956466675,3.0,388.6723937988281,0.05810880288481712,0.0005827881395816803,8.460128784179688,173.90999868913076,-0.4896327828229422,173.4203659063078,173.42036713360744,16.0,2.1998887062072754,18,345.6382751464844,342.97503662109375
1189,1189,/yh/study/new_data/model_dataset_flight/vi/vi_001189.jpg,0,1,-48.375633239746094,30.155149459838867,-397.0201721191406,35.178749084472656,-394.3594665527344,34.89487075805664,-406.1571960449219,30.662485122680664,380.06610107421875,377.3902785358907,3.0,2.999999999999999,2.992173433303833,2.992173433303833,0.2296517789363861,0.9982695579528809,2.992173671722412,3.0,388.6723937988281,0.05812794342637062,0.0007415823638439178,8.460128784179688,173.90999868913076,-0.4896311286365026,173.42036756049427,173.42036590630784,16.0,2.1998887062072754,18,348.68072509765625,346.01629638671875
1190,1190,/yh/study/new_data/model_dataset_flight/vi/vi_001190.jpg,0,1,-45.6643180847168,28.425758361816406,-397.3348083496094,35.21231460571289,-394.6740417480469,34.92843246459961,-406.1571960449219,30.662485122680664,380.3824768066406,377.70663754126775,3.0,2.999999999999999,2.992173194885254,2.992173194885254,0.22965237498283386,0.9982694387435913,2.992173433303833,3.0,388.6723937988281,0.0581948384642601,0.0009186677634716034,8.460128784179688,173.90999868913076,-0.4895976713817401,173.42040101774901,173.42036756049427,16.0,2.1998887062072754,18,351.7359619140625,349.0703125
1191,1191,/yh/study/new_data/model_dataset_flight/vi/vi_001191.jpg,0,1,-42.68815612792969,26.527435302734375,-397.6493225097656,35.24587631225586,-394.9886169433594,34.961997985839844,-406.1571960449219,30.662485122680664,380.6988220214844,378.02299508859994,3.0,2.999999999999999,2.992173194885254,2.992173194885254,0.2296523004770279,0.9982694387435913,2.992172956466675,3.0,388.6723937988281,0.05819152295589447,0.0009016618132591248,8.460128784179688,173.90999868913076,-0.489598204990269,173.4204004841405,173.42040101774904,16.0,2.1998887062072754,18,355.0682373046875,352.40142822265625
1192,1192,/yh/study/new_data/model_dataset_flight/vi/vi_001192.jpg,0,1,-39.91069030761719,24.739112854003906,-397.9639587402344,35.279441833496094,-395.3031921386719,34.99555969238281,-406.1571960449219,30.662485122680664,381.01519775390625,378.3393545586045,3.0,2.999999999999999,2.992173194885254,2.992173194885254,0.22965240478515625,0.9982694387435913,2.992173194885254,3.0,388.6723937988281,0.05816831439733505,0.0008472763001918793,8.460128784179688,173.90999868913076,-0.4895963907212707,173.4204022984095,173.42040048414052,16.0,2.1998887062072754,18,358.2084045410156,355.5404968261719
1193,1193,/yh/study/new_data/model_dataset_flight/vi/vi_001193.jpg,0,1,-37.13270950317383,22.950458526611328,-398.2784729003906,35.31300354003906,-395.6177673339844,35.02912139892578,-406.1571960449219,30.662485122680664,381.33154296875,378.65571252144,3.0,2.999999999999999,2.992173194885254,2.992173194885254,0.2296525537967682,0.9982694387435913,2.992173194885254,3.0,388.6723937988281,0.05816929414868355,0.0008337944746017456,8.460128784179688,173.90999868913076,-0.4895963907212707,173.4204022984095,173.4204022984095,16.0,2.1998887062072754,18,361.3572998046875,358.6884765625
1194,1194,/yh/study/new_data/model_dataset_flight/vi/vi_001194.jpg,0,1,-34.354774475097656,21.161834716796875,-398.5930480957031,35.346561431884766,-395.9323425292969,35.06268310546875,-406.1571960449219,30.662485122680664,381.64788818359375,378.9720691364564,3.0,2.999999999999999,2.992173194885254,2.992173194885254,0.22965243458747864,0.9982694387435913,2.992173194885254,3.0,388.6723937988281,0.05817558243870735,0.0008651651442050934,8.460128784179688,173.90999868913076,-0.4895972978557699,173.420401391275,173.4204022984095,16.0,2.1998887062072754,18,364.5143737792969,361.8446960449219
1195,1195,/yh/study/new_data/model_dataset_flight/vi/vi_001195.jpg,0,1,-31.521751403808594,19.36168670654297,-398.9076232910156,35.380126953125,-396.2469177246094,35.09624481201172,-406.1571960449219,30.662485122680664,381.9642639160156,379.288427772717,3.0,2.999999999999999,2.992173194885254,2.992173194885254,0.2296523153781891,0.9982694387435913,2.992173194885254,3.0,388.6723937988281,0.058167725801467896,0.0009413883090019226,8.460128784179688,173.90999868913076,-0.48959756466003435,173.42040112447071,173.420401391275,16.0,2.1998887062072754,18,367.73492431640625,365.06439208984375
1196,1196,/yh/study/new_data/model_dataset_flight/vi/vi_001196.jpg,0,1,-28.691030502319336,17.562999725341797,-399.2221984863281,35.41368865966797,-396.5614929199219,35.12981033325195,-406.1571960449219,30.662485122680664,382.2806091308594,379.60478498995866,3.0,2.999999999999999,2.992173194885254,2.992173194885254,0.2296525537967682,0.9982694387435913,2.992173194885254,3.0,388.6723937988281,0.05817577615380287,0.0008839927613735199,8.460128784179688,173.90999868913076,-0.48959681760809387,173.42040187152267,173.42040112447074,16.0,2.1998887062072754,18,370.9609069824219,368.2896423339844
1197,1197,/yh/study/new_data/model_dataset_flight/vi/vi_001197.jpg,0,1,-25.85799217224121,15.762840270996094,-399.5367736816406,35.4472541809082,-396.8760681152344,35.16337203979492,-406.1571960449219,30.662485122680664,382.59698486328125,379.92114416477244,3.0,2.999999999999999,2.992173194885254,2.992173194885254,0.2296522557735443,0.9982694387435913,2.992173194885254,3.0,388.6723937988281,0.05817378684878349,0.0008945688605308533,8.460128784179688,173.90999868913076,-0.48959681760809387,173.42040187152267,173.42040187152267,16.0,2.1998887062072754,18,374.1968688964844,371.5249328613281
1198,1198,/yh/study/new_data/model_dataset_flight/vi/vi_001198.jpg,0,1,-23.043832778930664,14.023212432861328,-399.8513488769531,35.48081588745117,-397.1906433105469,35.19693374633789,-406.1571960449219,30.662485122680664,382.913330078125,380.23750186362713,3.0,2.999999999999999,2.992173194885254,2.992173194885254,0.22965238988399506,0.9982694387435913,2.992173194885254,3.0,388.6723937988281,0.058172330260276794,0.0008582845330238342,8.460128784179688,173.90999868913076,-0.48959633736041785,173.42040235177035,173.42040187152267,16.0,2.1998887062072754,18,377.41796875,374.7454833984375
1199,1199,/yh/study/new_data/model_dataset_flight/vi/vi_001199.jpg,0,1,-20.227121353149414,12.282008171081543,-400.1659240722656,35.514373779296875,-397.5052185058594,35.23049545288086,-406.1571960449219,30.662485122680664,383.22967529296875,380.5538582425729,3.0,2.999999999999999,2.992173194885254,2.992173194885254,0.22965238988399506,0.9982694387435913,2.992173194885254,3.0,388.6723937988281,0.05818329006433487,0.000794924795627594,8.460128784179688,173.90999868913076,-0.4895969243297996,173.42040176480097,173.42040235177035,16.0,2.1998887062072754,18,380.6484680175781,377.97540283203125
1200,1200,/yh/study/new_data/model_dataset_flight/vi/vi_001200.jpg,0,1,-17.412273406982422,10.541955947875977,-400.4804992675781,35.54793930053711,-397.8197937011719,35.26405715942383,-406.1571960449219,30.662485122680664,383.5460510253906,380.8702166677221,3.0,2.999999999999999,2.992173194885254,2.992173194885254,0.22965238988399506,0.9982694387435913,2.992173194885254,3.0,388.6723937988281,0.05819638818502426,0.000797417014837265,8.460128784179688,173.90999868913076,-0.4895955903084774,173.42040309882228,173.42040176480097,16.0,2.1998887062072754,18,383.883544921875,381.21002197265625
1201,1201,/yh/study/new_data/model_dataset_flight/vi/vi_001201.jpg,0,1,-14.758000373840332,8.920994758605957,-400.7950744628906,35.58150100708008,-398.1343688964844,35.29762268066406,-406.1571960449219,30.662485122680664,383.8623962402344,381.18657369617273,3.0,2.999999999999999,2.992173194885254,2.992173194885254,0.22965243458747864,0.9982694387435913,2.992173194885254,3.0,388.6723937988281,0.058196671307086945,0.0008778795599937439,8.460128784179688,173.90999868913076,-0.48959868523794503,173.4204000038928,173.4204030988223,16.0,2.1998887062072754,18,386.95660400390625,384.28265380859375
1202,1202,/yh/study/new_data/model_dataset_flight/vi/vi_001202.jpg,0,1,-12.100358963012695,7.297976970672607,-401.1096496582031,35.61506652832031,-398.4489440917969,35.33118438720703,-406.1571960449219,30.662485122680664,384.17877197265625,381.502932702156,3.0,2.999999999999999,2.992173194885254,2.992173194885254,0.2296523004770279,0.9982694387435913,2.992173194885254,3.0,388.6723937988281,0.05816119164228439,0.0008412189781665802,8.460128784179688,173.90999868913076,-0.4895988453205037,173.42039984381026,173.42040000389284,16.0,2.1998887062072754,18,390.03857421875,387.3642578125
1203,1203,/yh/study/new_data/model_dataset_flight/vi/vi_001203.jpg,0,1,-9.446541786193848,5.6772942543029785,-401.4242248535156,35.64862823486328,-398.7635192871094,35.364749908447266,-406.1571960449219,30.662485122680664,384.4951171875,381.8192902500303,3.0,2.999999999999999,2.992173194885254,2.992173194885254,0.2296520322561264,0.9982694387435913,2.992173194885254,3.0,388.6723937988281,0.05813797190785408,0.0007411688566207886,8.460128784179688,173.90999868913076,-0.4895971377732112,173.42040155135754,173.42039984381026,16.0,2.1998887062072754,18,393.1218566894531,390.447265625
1204,1204,/yh/study/new_data/model_dataset_flight/vi/vi_001204.jpg,0,1,-7.240681171417236,4.304375171661377,-401.7388000488281,35.68218994140625,-399.0780944824219,35.398311614990234,-406.1571960449219,30.662485122680664,384.8114929199219,382.1356497205196,3.0,2.999999999999999,2.992173194885254,2.992173194885254,0.22965198755264282,0.9982694387435913,2.992173194885254,3.0,388.6723937988281,0.05813061073422432,0.0007896833121776581,8.460128784179688,173.90999868913076,-0.489600179341826,173.42039850978892,173.42040155135757,16.0,2.1998887062072754,18,395.7439880371094,393.0691833496094
1205,1205,/yh/study/new_data/model_dataset_flight/vi/vi_001205.jpg,0,1,-5.034453868865967,2.9312281608581543,-402.0533752441406,35.71575164794922,-399.3926086425781,35.43186950683594,-406.1571960449219,30.662485122680664,385.1278381347656,382.4520076837887,3.0,2.999999999999999,2.992173671722412,2.992173671722412,0.22965623438358307,0.9982695579528809,2.992173194885254,3.0,388.6723937988281,0.058576732873916626,0.0007247366011142731,8.460128784179688,173.90999868913076,-0.48963182232759017,173.42036686680316,173.42039850978895,16.0,2.1998887062072754,18,398.3702392578125,395.6951599121094
1206,1206,/yh/study/new_data/model_dataset_flight/vi/vi_001206.jpg,0,1,-2.8288562297821045,1.5584728717803955,-402.3679504394531,35.74931335449219,-399.7072448730469,35.46543502807617,-406.1571960449219,30.662485122680664,385.4441833496094,382.7683642991928,3.0,2.999999999999999,2.992173671722412,2.992173671722412,0.2296563982963562,0.9982695579528809,2.9921741485595703,3.0,388.6723937988281,0.05859175696969032,0.0007030107080936432,8.460128784179688,173.90999868913076,-0.48963171560588437,173.42036697352486,173.4203668668032,16.0,2.1998887062072754,18,400.9993896484375,398.32415771484375
1207,1207,/yh/study/new_data/model_dataset_flight/vi/vi_001207.jpg,0,1,-1.2973566055297852,0.534582257270813,-402.6825256347656,35.78287887573242,-400.0217590332031,35.49899673461914,-406.1571960449219,30.662485122680664,385.76055908203125,383.08472293580013,3.0,2.999999999999999,2.992173671722412,2.992173671722412,0.2296563684940338,0.9982695579528809,2.992173671722412,3.0,388.6723937988281,0.058664169162511826,0.0008159130811691284,8.460128784179688,173.90999868913076,-0.48962915428494563,173.4203695348458,173.4203669735249,16.0,2.1998887062072754,18,402.92987060546875,400.2544860839844
1208,1208,/yh/study/new_data/model_dataset_flight/vi/vi_001208.jpg,0,1,0.2352524697780609,-0.4900501072406769,-402.9971008300781,35.81644058227539,-400.3363952636719,35.532562255859375,-406.1571960449219,30.662485122680664,386.076904296875,383.4010801533518,3.0,2.999999999999999,2.9921741485595703,2.9921741485595703,0.2296564131975174,0.9982696771621704,2.992173671722412,3.0,388.6723937988281,0.058632344007492065,0.0007869750261306763,8.460128784179688,173.90999868913076,-0.48962920764579854,173.42036948148495,173.42036953484583,16.0,2.1998887062072754,18,404.8635559082031,402.1881103515625
1209,1209,/yh/study/new_data/model_dataset_flight/vi/vi_001209.jpg,0,1,1.7667585611343384,-1.5139451026916504,-403.3116760253906,35.850006103515625,-400.6509094238281,35.566123962402344,-406.1571960449219,30.662485122680664,386.3932800292969,383.7174393284429,3.0,2.999999999999999,2.9921741485595703,2.9921741485595703,0.22965657711029053,0.9982696771621704,2.9921746253967285,3.0,388.6723937988281,0.058626946061849594,0.0007786825299263,8.460128784179688,173.90999868913076,-0.4896293677283572,173.4203693214024,173.42036948148498,16.0,2.1998887062072754,18,406.7979736328125,404.12237548828125
1210,1210,/yh/study/new_data/model_dataset_flight/vi/vi_001210.jpg,0,1,2.570725440979004,-2.1137428283691406,-403.6262512207031,35.88356399536133,-400.9654846191406,35.59968566894531,-406.1571960449219,30.662485122680664,386.7096252441406,384.0337970275455,3.0,2.999999999999999,2.9921741485595703,2.9921741485595703,0.22965654730796814,0.9982696771621704,2.9921741485595703,3.0,388.6723937988281,0.05863377824425697,0.0007781349122524261,8.460128784179688,173.90999868913076,-0.48962968789347455,173.42036900123728,173.4203693214024,16.0,2.1998887062072754,18,407.9703369140625,405.294677734375
1211,1211,/yh/study/new_data/model_dataset_flight/vi/vi_001211.jpg,0,1,3.37847638130188,-2.7163639068603516,-403.9407653808594,35.9171257019043,-401.2800598144531,35.63324737548828,-406.1571960449219,30.662485122680664,387.0259704589844,384.350153406713,3.0,2.999999999999999,2.9921741485595703,2.9921741485595703,0.22965659201145172,0.9982696771621704,2.9921741485595703,3.0,388.6723937988281,0.05861605331301689,0.0007846318185329437,8.460128784179688,173.90999868913076,-0.48962968789347455,173.42036900123728,173.4203690012373,16.0,2.1998887062072754,18,409.1473083496094,406.4716796875
1212,1212,/yh/study/new_data/model_dataset_flight/vi/vi_001212.jpg,0,1,4.258603096008301,-3.3729805946350098,-404.2554016113281,35.95069122314453,-401.5946350097656,35.66680908203125,-406.1571960449219,30.662485122680664,387.34234619140625,384.6665118320605,3.0,2.999999999999999,2.9921741485595703,2.9921741485595703,0.22965651750564575,0.9982696771621704,2.9921741485595703,3.0,388.6723937988281,0.05859872326254845,0.0007726959884166718,8.460128784179688,173.90999868913076,-0.489629954697739,173.42036873443303,173.4203690012373,16.0,2.1998887062072754,18,410.40228271484375,407.7265930175781
1213,1213,/yh/study/new_data/model_dataset_flight/vi/vi_001213.jpg,0,1,4.784184455871582,-3.690023422241211,-404.5699157714844,35.9842529296875,-401.9092102050781,35.700374603271484,-406.1571960449219,30.662485122680664,387.65869140625,384.9828688606885,3.0,2.999999999999999,2.992173671722412,2.992173671722412,0.2296563982963562,0.9982695579528809,2.9921741485595703,3.0,388.6723937988281,0.05864773690700531,0.0008320286870002747,8.460128784179688,173.90999868913076,-0.48962915428494563,173.4203695348458,173.42036873443303,16.0,2.1998887062072754,18,411.272216796875,408.5965270996094
1214,1214,/yh/study/new_data/model_dataset_flight/vi/vi_001214.jpg,0,1,5.310488224029541,-4.007501602172852,-404.8845520019531,36.017818450927734,-402.2237854003906,35.73393630981445,-406.1571960449219,30.662485122680664,387.9750671386719,385.29922786683034,3.0,2.999999999999999,2.992173671722412,2.992173671722412,0.2296563982963562,0.9982695579528809,2.992173194885254,3.0,388.6723937988281,0.05862759053707123,0.0008238814771175385,8.460128784179688,173.90999868913076,-0.48962920764579854,173.42036948148495,173.42036953484583,16.0,2.1998887062072754,18,412.1431884765625,409.4674072265625
1215,1215,/yh/study/new_data/model_dataset_flight/vi/vi_001215.jpg,0,1,5.415514945983887,-3.9759202003479004,-405.1990661621094,36.05137634277344,-402.5383605957031,35.76749801635742,-406.1571960449219,30.662485122680664,388.2914123535156,385.6155854148464,3.0,2.999999999999999,2.9921741485595703,2.9921741485595703,0.22965645790100098,0.9982696771621704,2.992173671722412,3.0,388.6723937988281,0.05863076075911522,0.0007832758128643036,8.460128784179688,173.90999868913076,-0.4896294210892101,173.42036926804155,173.42036948148498,16.0,2.1998887062072754,18,412.5609436035156,409.88525390625
1216,1216,/yh/study/new_data/model_dataset_flight/vi/vi_001216.jpg,0,1,5.5110697746276855,-3.9471869468688965,-405.5137023925781,36.08494186401367,-402.8529357910156,35.80105972290039,-406.1571960449219,30.662485122680664,388.6077880859375,385.93194488546254,3.0,2.999999999999999,2.9921741485595703,2.9921741485595703,0.22965648770332336,0.9982696771621704,2.9921746253967285,3.0,388.6723937988281,0.05861173942685127,0.0007287077605724335,8.460128784179688,173.90999868913076,-0.48963006141944476,173.42036862771133,173.42036926804155,16.0,2.1998887062072754,18,412.96966552734375,410.2939147949219
1217,1217,/yh/study/new_data/model_dataset_flight/vi/vi_001217.jpg,0,1,5.606649875640869,-3.9184460639953613,-405.8282165527344,36.11850357055664,-403.1675109863281,35.83462142944336,-406.1571960449219,30.662485122680664,388.92413330078125,386.248302848845,3.0,2.999999999999999,2.9921741485595703,2.9921741485595703,0.22965645790100098,0.9982696771621704,2.9921741485595703,3.0,388.6723937988281,0.05863772705197334,0.0007387809455394745,8.460128784179688,173.90999868913076,-0.4896293143675043,173.42036937476325,173.42036862771133,16.0,2.1998887062072754,18,413.3782958984375,410.7026062011719
1218,1218,/yh/study/new_data/model_dataset_flight/vi/vi_001218.jpg,0,1,5.553946495056152,-3.9040839672088623,-406.1427917480469,36.15206527709961,-403.4820861816406,35.868186950683594,-406.1571960449219,30.662485122680664,389.240478515625,386.56465946435054,3.0,2.999999999999999,2.9921741485595703,2.9921741485595703,0.2296564280986786,0.9982696771621704,2.9921741485595703,3.0,388.6723937988281,0.0586165189743042,0.0006950721144676208,8.460128784179688,173.90999868913076,-0.48963016814115057,173.4203685209896,173.42036937476325,16.0,2.1998887062072754,18,413.64080810546875,410.965087890625
1219,1219,/yh/study/new_data/model_dataset_flight/vi/vi_001219.jpg,0,1,5.4960036277771,-3.888293981552124,-406.4573669433594,36.185630798339844,-403.7966613769531,35.90174865722656,-406.1571960449219,30.662485122680664,389.5568542480469,386.88101810104854,3.0,2.999999999999999,2.9921741485595703,2.9921741485595703,0.22965648770332336,0.9982696771621704,2.9921741485595703,3.0,388.6723937988281,0.058584365993738174,0.0006995424628257751,8.460128784179688,173.90999868913076,-0.4896315555233257,173.42036713360744,173.42036852098963,16.0,2.1998887062072754,18,413.89794921875,411.2222595214844
1220,1220,/yh/study/new_data/model_dataset_flight/vi/vi_001220.jpg,0,1,5.4432501792907715,-3.873918294906616,-406.7719421386719,36.21918869018555,-404.1111755371094,35.93531036376953,-420.4120788574219,21.235837936401367,389.8731689453125,387.1973720921202,3.0,2.999999999999999,2.9921722412109375,2.9921722412109375,0.22964774072170258,0.9982693195343018,2.9921741485595703,3.0,401.84674072265625,0.057850975543260574,0.0001639239490032196,19.345888137817383,173.90999868913076,-0.48963758529970236,173.42036110383106,173.42036713360744,16.0,2.1998887062072754,18,414.1603698730469,411.484619140625
1221,1221,/yh/study/new_data/model_dataset_flight/vi/vi_001221.jpg,0,1,5.280296802520752,-3.9370739459991455,-407.0864562988281,36.252750396728516,-404.4258117675781,35.9688720703125,-415.52850341796875,44.996734619140625,390.18951416015625,387.51372515529926,3.0,2.999999999999999,2.9921722412109375,2.9921722412109375,0.2296481728553772,0.9982693195343018,2.9921703338623047,3.0,399.5115051269531,0.05770929157733917,9.41641628742218e-05,4.7990217208862305,173.90999868913076,-0.4896360911958214,173.42036259793494,173.42036110383106,16.0,2.1998887062072754,18,414.32061767578125,411.64495849609375
1222,1222,/yh/study/new_data/model_dataset_flight/vi/vi_001222.jpg,0,1,5.131995677947998,-3.9945504665374756,-407.4010925292969,36.28631591796875,-404.7403259277344,36.00243377685547,-415.52850341796875,44.996734619140625,390.50592041015625,387.83008384181215,3.0,2.999999999999999,2.9921722412109375,2.9921722412109375,0.22964820265769958,0.9982693195343018,2.9921722412109375,3.0,399.5115051269531,0.05774589255452156,8.440390229225159e-05,4.7990217208862305,173.90999868913076,-0.4896357710307041,173.42036291810007,173.42036259793494,16.0,2.1998887062072754,18,414.4949951171875,411.8192443847656
1223,1223,/yh/study/new_data/model_dataset_flight/vi/vi_001223.jpg,0,1,4.983688831329346,-4.052029609680176,-407.7156677246094,36.31987762451172,-405.0549621582031,36.0359992980957,-415.52850341796875,44.996734619140625,390.822265625,388.14644110399297,3.0,2.999999999999999,2.9921722412109375,2.9921722412109375,0.2296479344367981,0.9982693195343018,2.9921722412109375,3.0,399.5115051269531,0.057719483971595764,0.00012170150876045227,4.7990217208862305,173.90999868913076,-0.4896360378349685,173.4203626512958,173.42036291810007,16.0,2.1998887062072754,18,414.6693420410156,411.9936218261719
1224,1224,/yh/study/new_data/model_dataset_flight/vi/vi_001224.jpg,0,1,4.890326976776123,-3.9933173656463623,-408.0302429199219,36.35343933105469,-405.3694763183594,36.06956100463867,-420.4120788574219,21.235837936401367,391.13861083984375,388.4627970924335,3.0,2.999999999999999,2.9921722412109375,2.9921722412109375,0.22964760661125183,0.9982693195343018,2.9921722412109375,3.0,401.84674072265625,0.05801020562648773,0.0003516152501106262,19.345888137817383,173.90999868913076,-0.48963961301211223,173.42035907611864,173.4203626512958,16.0,2.1998887062072754,18,414.88702392578125,412.2112731933594
1225,1225,/yh/study/new_data/model_dataset_flight/vi/vi_001225.jpg,0,1,4.8038411140441895,-3.938929319381714,-408.3447570800781,36.387001037597656,-405.6840515136719,36.10312271118164,-420.4120788574219,21.235837936401367,391.4549560546875,388.77915194180366,3.0,2.999999999999999,2.9921722412109375,2.9921722412109375,0.22964757680892944,0.9982693195343018,2.9921722412109375,3.0,401.84674072265625,0.05791843682527542,0.00023789703845977783,19.345888137817383,173.90999868913076,-0.4896393995687007,173.42035928956207,173.42035907611867,16.0,2.1998887062072754,18,415.1119689941406,412.4362487792969
1226,1226,/yh/study/new_data/model_dataset_flight/vi/vi_001226.jpg,0,1,4.718164443969727,-3.8850502967834473,-408.6593322753906,36.420562744140625,-405.9986267089844,36.136688232421875,-420.4120788574219,21.235837936401367,391.77130126953125,389.09550577253503,3.0,2.999999999999999,2.9921722412109375,2.9921722412109375,0.22964748740196228,0.9982693195343018,2.9921722412109375,3.0,401.84674072265625,0.05790562555193901,0.0002290867269039154,19.345888137817383,173.90999868913076,-0.48963923948614196,173.42035944964462,173.42035928956207,16.0,2.1998887062072754,18,415.3377990722656,412.662109375
1227,1227,/yh/study/new_data/model_dataset_flight/vi/vi_001227.jpg,0,1,4.711565971374512,-3.7483949661254883,-408.9739074707031,36.454124450683594,-406.3132019042969,36.17024612426758,-420.4120788574219,21.235837936401367,392.0876770019531,389.4118619188874,3.0,2.999999999999999,2.9921720027923584,2.9921720027923584,0.22964748740196228,0.9982692003250122,2.9921722412109375,3.0,401.84674072265625,0.05807141214609146,0.0003649592399597168,19.345888137817383,173.90999868913076,-0.48963822562993703,173.42036046350083,173.42035944964462,16.0,2.1998887062072754,18,415.6343688964844,412.95867919921875
1228,1228,/yh/study/new_data/model_dataset_flight/vi/vi_001228.jpg,0,1,4.7043280601501465,-3.5984930992126465,-409.2884826660156,36.48768615722656,-406.6277770996094,36.20380783081055,-420.4120788574219,21.235837936401367,392.4040222167969,389.72821690947364,3.0,2.999999999999999,2.9921720027923584,2.9921720027923584,0.22964756190776825,0.9982692003250122,2.9921717643737793,3.0,401.84674072265625,0.05792198330163956,0.00023972243070602417,19.345888137817383,173.90999868913076,-0.4896385991559073,173.42036008997485,173.42036046350083,16.0,2.1998887062072754,18,415.92901611328125,413.2533264160156
1229,1229,/yh/study/new_data/model_dataset_flight/vi/vi_001229.jpg,0,1,4.697739601135254,-3.4620361328125,-409.6030578613281,36.52124786376953,-406.9423522949219,36.237369537353516,-420.4120788574219,21.235837936401367,392.7203674316406,390.0445708664907,3.0,2.999999999999999,2.9921720027923584,2.9921720027923584,0.22964729368686676,0.9982692003250122,2.9921720027923584,3.0,401.84674072265625,0.05820084735751152,0.0005261078476905823,19.345888137817383,173.90999868913076,-0.48963998653808244,173.42035870259267,173.42036008997488,16.0,2.1998887062072754,18,416.2256774902344,413.5500183105469
1230,1230,/yh/study/new_data/model_dataset_flight/vi/vi_001230.jpg,0,1,4.694444179534912,-3.311176061630249,-409.9176330566406,36.5548095703125,-407.2569274902344,36.27093505859375,-420.4120788574219,21.235837936401367,393.0367126464844,390.3609238992156,3.0,2.999999999999999,2.9921720027923584,2.9921720027923584,0.22964701056480408,0.9982692003250122,2.9921720027923584,3.0,401.84674072265625,0.05829819664359093,0.0005978941917419434,19.345888137817383,173.90999868913076,-0.48963993317722954,173.42035875595354,173.4203587025927,16.0,2.1998887062072754,18,416.5242919921875,413.8486328125
1231,1231,/yh/study/new_data/model_dataset_flight/vi/vi_001231.jpg,0,1,4.691150665283203,-3.160377264022827,-410.2322082519531,36.588375091552734,-407.5715026855469,36.30449676513672,-420.4120788574219,21.235837936401367,393.35308837890625,390.67727933193305,3.0,2.999999999999999,2.9921720027923584,2.9921720027923584,0.2296471893787384,0.9982692003250122,2.9921720027923584,3.0,401.84674072265625,0.05823279172182083,0.0005446039140224457,19.345888137817383,173.90999868913076,-0.4896403067031998,173.42035838242757,173.42035875595354,16.0,2.1998887062072754,18,416.8229675292969,414.14727783203125
1232,1232,/yh/study/new_data/model_dataset_flight/vi/vi_001232.jpg,0,1,4.687527179718018,-2.9944941997528076,-410.5467834472656,36.6219367980957,-407.8860168457031,36.33805847167969,-420.4120788574219,21.235837936401367,393.66943359375,390.99363368433563,3.0,2.999999999999999,2.9921720027923584,2.9921720027923584,0.2296469509601593,0.9982692003250122,2.9921720027923584,3.0,401.84674072265625,0.058230288326740265,0.0005608946084976196,19.345888137817383,173.90999868913076,-0.48964174744622785,173.42035694168453,173.42035838242757,16.0,2.1998887062072754,18,417.119873046875,414.4441833496094
1233,1233,/yh/study/new_data/model_dataset_flight/vi/vi_001233.jpg,0,1,4.7226786613464355,-2.984044313430786,-410.8612976074219,36.655494689941406,-408.2006530761719,36.371620178222656,-420.4120788574219,21.235837936401367,393.98577880859375,391.30998707064276,3.0,2.999999999999999,2.9921720027923584,2.9921720027923584,0.22964709997177124,0.9982692003250122,2.9921720027923584,3.0,401.84674072265625,0.05833616480231285,0.000715896487236023,19.345888137817383,173.90999868913076,-0.4896425478590212,173.42035614127172,173.42035694168453,16.0,2.1998887062072754,18,417.4701843261719,414.79461669921875
1234,1234,/yh/study/new_data/model_dataset_flight/vi/vi_001234.jpg,0,1,4.7613205909729,-2.9725568294525146,-411.1759338378906,36.68906021118164,-408.5151672363281,36.405181884765625,-420.4120788574219,21.235837936401367,394.3021545410156,391.62634281955894,3.0,2.999999999999999,2.9921720027923584,2.9921720027923584,0.2296469509601593,0.9982692003250122,2.9921720027923584,3.0,401.84674072265625,0.058393485844135284,0.0007323846220970154,19.345888137817383,173.90999868913076,-0.4896415340028163,173.42035715512793,173.42035614127175,16.0,2.1998887062072754,18,417.8239440917969,415.14825439453125
1235,1235,/yh/study/new_data/model_dataset_flight/vi/vi_001235.jpg,0,1,4.799864292144775,-2.9610984325408936,-411.4904479980469,36.72262191772461,-408.8297424316406,36.438743591308594,-420.4120788574219,21.235837936401367,394.6184997558594,391.94269745472917,3.0,2.999999999999999,2.9921720027923584,2.9921720027923584,0.22964900732040405,0.9982692003250122,2.9921720027923584,3.0,401.84674072265625,0.058144137263298035,0.0003463439643383026,19.345888137817383,173.90999868913076,-0.4895925487398626,173.4204061403909,173.42035715512796,16.0,2.1998887062072754,18,418.177490234375,415.5018615722656
1236,1236,/yh/study/new_data/model_dataset_flight/vi/vi_001236.jpg,0,1,4.843355655670166,-3.0796165466308594,-411.8050231933594,36.75618362426758,-409.1443176269531,36.47230911254883,-424.9911804199219,45.0565071105957,394.9348449707031,392.25905109390754,3.0,2.999999999999999,2.9921720027923584,2.9921720027923584,0.2296496331691742,0.9982692003250122,2.9921720027923584,3.0,407.94268798828125,0.05785873159766197,1.0922551155090332e-05,3.9782869815826416,173.90999868913076,-0.4895897739755123,173.42040891515524,173.4204061403909,16.0,2.1998887062072754,18,418.54840087890625,415.8727722167969
1237,1237,/yh/study/new_data/model_dataset_flight/vi/vi_001237.jpg,0,1,4.882905960083008,-3.187394380569458,-412.1195983886719,36.78974914550781,-409.4588928222656,36.5058708190918,-420.4120788574219,21.235837936401367,395.251220703125,392.5754070689594,3.0,2.999999999999999,2.9921720027923584,2.9921720027923584,0.22964990139007568,0.9982692003250122,2.9921720027923584,3.0,401.84674072265625,0.05777936428785324,1.7274171113967896e-05,19.345888137817383,173.90999868913076,-0.48958956053210073,173.42040912859866,173.42040891515526,16.0,2.1998887062072754,18,418.9143981933594,416.2387390136719
1238,1238,/yh/study/new_data/model_dataset_flight/vi/vi_001238.jpg,0,1,4.9224138259887695,-3.2950568199157715,-412.4341735839844,36.82331085205078,-409.7734680175781,36.539432525634766,-420.4120788574219,21.235837936401367,395.56756591796875,392.89176190635646,3.0,2.999999999999999,2.9921720027923584,2.9921720027923584,0.22964917123317719,0.9982692003250122,2.9921720027923584,3.0,401.84674072265625,0.05810784175992012,0.0002848878502845764,19.345888137817383,173.90999868913076,-0.4895922819355981,173.42040640719517,173.42040912859866,16.0,2.1998887062072754,18,419.2803649902344,416.6047058105469
1239,1239,/yh/study/new_data/model_dataset_flight/vi/vi_001239.jpg,0,1,4.946234226226807,-3.395207166671753,-412.7487487792969,36.856868743896484,-410.0880432128906,36.572994232177734,-420.4120788574219,21.235837936401367,395.8839111328125,393.20811572638064,3.0,2.999999999999999,2.9921720027923584,2.9921720027923584,0.22964942455291748,0.9982692003250122,2.9921720027923584,3.0,401.84674072265625,0.05799240618944168,0.00024098902940750122,19.345888137817383,173.90999868913076,-0.48959164160536345,173.4204070475254,173.42040640719517,16.0,2.1998887062072754,18,419.6299743652344,416.9543151855469
1240,1240,/yh/study/new_data/model_dataset_flight/vi/vi_001240.jpg,0,1,4.9700703620910645,-3.495424747467041,-413.0633239746094,36.89043426513672,-410.4026184082031,36.6065559387207,-420.4120788574219,21.235837936401367,396.2002868652344,393.52447186315777,3.0,2.999999999999999,2.9921720027923584,2.9921720027923584,0.2296496331691742,0.9982692003250122,2.9921720027923584,3.0,401.84674072265625,0.057924848049879074,0.00012174993753433228,19.345888137817383,173.90999868913076,-0.4895902008623354,173.42040848826844,173.4204070475254,16.0,2.1998887062072754,18,419.97967529296875,417.30401611328125
1241,1241,/yh/study/new_data/model_dataset_flight/vi/vi_001241.jpg,0,1,4.993901252746582,-3.5956194400787354,-413.3778991699219,36.92399597167969,-410.7171936035156,36.64011764526367,-420.4120788574219,21.235837936401367,396.5166320800781,393.84082684518125,3.0,2.999999999999999,2.9921720027923584,2.9921720027923584,0.22964948415756226,0.9982692003250122,2.9921720027923584,3.0,401.84674072265625,0.05792940407991409,0.0001065768301486969,19.345888137817383,173.90999868913076,-0.48959121471854034,173.42040747441223,173.42040848826844,16.0,2.1998887062072754,18,420.3293762207031,417.6537170410156
1242,1242,/yh/study/new_data/model_dataset_flight/vi/vi_001242.jpg,0,1,5.021136283874512,-3.6104629039764404,-413.6924743652344,36.95756149291992,-411.0317687988281,36.673683166503906,-424.9911804199219,45.0565071105957,396.8330078125,394.1571840211019,3.0,2.999999999999999,2.9921724796295166,2.9921724796295166,0.2296501100063324,0.9982692003250122,2.9921720027923584,3.0,408.9271545410156,0.057726968079805374,6.671994924545288e-06,3.8545522689819336,173.90999868913076,-0.48958865339760155,173.42041003573317,173.42040747441223,16.0,2.1998887062072754,18,420.6742858886719,417.9986267089844
1243,1243,/yh/study/new_data/model_dataset_flight/vi/vi_001243.jpg,0,1,5.048360824584961,-3.625300884246826,-414.0070495605469,36.99112319946289,-411.3463439941406,36.707244873046875,-420.4120788574219,21.235837936401367,397.14935302734375,394.4735399324024,3.0,2.999999999999999,2.9921720027923584,2.9921720027923584,0.22964978218078613,0.9982692003250122,2.992172956466675,3.0,401.84674072265625,0.057842619717121124,7.577240467071533e-06,19.345888137817383,173.90999868913076,-0.4895880130673669,173.4204106760634,173.42041003573317,16.0,2.1998887062072754,18,421.0191650390625,418.343505859375
1244,1244,/yh/study/new_data/model_dataset_flight/vi/vi_001244.jpg,0,1,5.075601100921631,-3.6401474475860596,-414.3216247558594,37.02468490600586,-411.6608581542969,36.740806579589844,-424.9911804199219,45.0565071105957,397.4657287597656,394.7898979393495,3.0,2.999999999999999,2.9921724796295166,2.9921724796295166,0.2296501100063324,0.9982692003250122,2.9921715259552,3.0,408.9271545410156,0.057777270674705505,3.849342465400696e-05,3.8545522689819336,173.90999868913076,-0.4895864122417802,173.42041227688898,173.4204106760634,16.0,2.1998887062072754,18,421.3640441894531,418.68829345703125
1245,1245,/yh/study/new_data/model_dataset_flight/vi/vi_001245.jpg,0,1,5.068787097930908,-3.662430763244629,-414.6361999511719,37.05824661254883,-411.9754943847656,36.77436828613281,-420.4120788574219,21.235837936401367,397.7820739746094,395.1062545938137,3.0,2.999999999999999,2.9921724796295166,2.9921724796295166,0.22965019941329956,0.9982692003250122,2.992172956466675,3.0,401.84674072265625,0.057749878615140915,1.0818243026733398e-05,19.345888137817383,173.90999868913076,-0.4895888668410131,173.42040982228974,173.42041227688898,16.0,2.1998887062072754,18,421.67578125,419.0000915527344
1246,1246,/yh/study/new_data/model_dataset_flight/vi/vi_001246.jpg,0,1,5.061983108520508,-3.6846792697906494,-414.9507751464844,37.0918083190918,-412.2900085449219,36.80792999267578,-420.4120788574219,21.235837936401367,398.0984191894531,395.42261003879014,3.0,2.999999999999999,2.9921720027923584,2.9921720027923584,0.2296498864889145,0.9982692003250122,2.9921724796295166,3.0,401.84674072265625,0.057819560170173645,9.851157665252686e-05,19.345888137817383,173.90999868913076,-0.48958881348016026,173.4204098756506,173.42040982228977,16.0,2.1998887062072754,18,421.98748779296875,419.3117370605469
1247,1247,/yh/study/new_data/model_dataset_flight/vi/vi_001247.jpg,0,1,5.055176258087158,-3.7069389820098877,-415.2653503417969,37.12537384033203,-412.6045837402344,36.84149169921875,-424.9911804199219,45.0565071105957,398.414794921875,395.73896762871675,3.0,2.999999999999999,2.9921724796295166,2.9921724796295166,0.22964999079704285,0.9982692003250122,2.9921715259552,3.0,408.9271545410156,0.05778694525361061,4.869699478149414e-05,3.8545522689819336,173.90999868913076,-0.48958929372783627,173.4204093954029,173.42040987565062,16.0,2.1998887062072754,18,422.2992248535156,419.6234436035156
1248,1248,/yh/study/new_data/model_dataset_flight/vi/vi_001248.jpg,0,1,4.985660076141357,-3.7185966968536377,-415.5798645019531,37.158931732177734,-412.9191589355469,36.875057220458984,-420.4120788574219,21.235837936401367,398.7311096191406,396.05532068369,3.0,2.999999999999999,2.9921720027923584,2.9921720027923584,0.2296496331691742,0.9982692003250122,2.992172956466675,3.0,401.84674072265625,0.05789417028427124,0.00012115016579627991,19.345888137817383,173.90999868913076,-0.4895898273363652,173.42040886179439,173.42040939540294,16.0,2.1998887062072754,18,422.54742431640625,419.8717346191406
1249,1249,/yh/study/new_data/model_dataset_flight/vi/vi_001249.jpg,0,1,4.9224138259887695,-3.72920298576355,-415.8944396972656,37.19249725341797,-413.2337341308594,36.90861892700195,-420.4120788574219,21.235837936401367,399.0474853515625,396.37167613630356,3.0,2.999999999999999,2.9921720027923584,2.9921720027923584,0.2296498864889145,0.9982692003250122,2.9921715259552,3.0,401.84674072265625,0.05777408182621002,1.1693686246871948e-05,19.345888137817383,173.90999868913076,-0.48958956053210073,173.42040912859866,173.4204088617944,16.0,2.1998887062072754,18,422.8018493652344,420.1261901855469
1250,1250,/yh/study/new_data/model_dataset_flight/vi/vi_001250.jpg,0,1,4.878164768218994,-3.7032313346862793,-416.2090759277344,37.22605895996094,-413.5483093261719,36.942176818847656,-420.4120788574219,21.235837936401367,399.3638610839844,396.6880337330598,3.0,2.999999999999999,2.992173194885254,2.992173194885254,0.22965291142463684,0.9982694387435913,2.9921720027923584,3.0,401.84674072265625,0.05844573676586151,0.00027232617139816284,19.345888137817383,173.90999868913076,-0.48960711625270176,173.42039157287806,173.42040912859866,16.0,2.1998887062072754,18,423.07171630859375,420.3959655761719
1251,1251,/yh/study/new_data/model_dataset_flight/vi/vi_001251.jpg,0,1,4.833906650543213,-3.6772544384002686,-416.5235900878906,37.259620666503906,-413.8628845214844,36.97574234008789,-420.4120788574219,21.235837936401367,399.6802062988281,397.0043900207017,3.0,2.999999999999999,2.992173194885254,2.992173194885254,0.22965288162231445,0.9982694387435913,2.9921743869781494,3.0,401.84674072265625,0.05848357453942299,0.00031191855669021606,19.345888137817383,173.90999868913076,-0.48960668936587864,173.4203919997649,173.42039157287806,16.0,2.1998887062072754,18,423.3414001464844,420.6657409667969
1252,1252,/yh/study/new_data/model_dataset_flight/vi/vi_001252.jpg,0,1,4.789651870727539,-3.6512792110443115,-416.8382263183594,37.29318618774414,-414.1774597167969,37.00930404663086,-424.9911804199219,45.0565071105957,399.99658203125,397.3207483642004,3.0,2.999999999999999,2.992173671722412,2.992173671722412,0.2296537458896637,0.9982695579528809,2.992173194885254,3.0,408.9271545410156,0.058211661875247955,7.320195436477661e-05,3.8545522689819336,173.90999868913076,-0.4896076498612307,173.42039103926953,173.4203919997649,16.0,2.1998887062072754,18,423.61126708984375,420.9355163574219
1253,1253,/yh/study/new_data/model_dataset_flight/vi/vi_001253.jpg,0,1,4.46619176864624,-3.5956084728240967,-417.1527404785156,37.32674789428711,-414.4920349121094,37.042869567871094,-424.9911804199219,45.0565071105957,400.31292724609375,397.63710531963335,3.0,2.999999999999999,2.992173671722412,2.992173671722412,0.22965365648269653,0.9982695579528809,2.9921741485595703,3.0,408.9271545410156,0.05834267660975456,0.0002635382115840912,3.8545522689819336,173.90999868913076,-0.4896068494484373,173.4203918396823,173.42039103926953,16.0,2.1998887062072754,18,423.6002197265625,420.9245300292969
1254,1254,/yh/study/new_data/model_dataset_flight/vi/vi_001254.jpg,0,1,4.142780303955078,-3.5399458408355713,-417.4673767089844,37.360313415527344,-414.8066101074219,37.07643127441406,-424.9911804199219,45.0565071105957,400.6293029785156,397.9534642603189,3.0,2.999999999999999,2.992173671722412,2.992173671722412,0.22965380549430847,0.9982695579528809,2.992173671722412,3.0,408.9271545410156,0.05832933634519577,0.0003280527889728546,3.8545522689819336,173.90999868913076,-0.4896077032220836,173.42039098590868,173.42039183968234,16.0,2.1998887062072754,18,423.5893859863281,420.91363525390625
1255,1255,/yh/study/new_data/model_dataset_flight/vi/vi_001255.jpg,0,1,3.8194665908813477,-3.484300136566162,-417.7818908691406,37.39387130737305,-415.1211853027344,37.10999298095703,-424.9911804199219,45.0565071105957,400.9456481933594,398.2698217497993,3.0,2.999999999999999,2.992173671722412,2.992173671722412,0.22965344786643982,0.9982695579528809,2.992173671722412,3.0,408.9271545410156,0.058211132884025574,6.11431896686554e-05,3.8545522689819336,173.90999868913076,-0.48960706289184885,173.4203916262389,173.42039098590868,16.0,2.1998887062072754,18,423.5784912109375,420.9028015136719
1256,1256,/yh/study/new_data/model_dataset_flight/vi/vi_001256.jpg,0,1,3.8194665908813477,-3.484300136566162,-418.0965270996094,37.42743682861328,-415.4357604980469,37.1435546875,-424.9911804199219,45.0565071105957,401.26202392578125,398.58618116806855,3.0,2.999999999999999,2.992173433303833,2.992173433303833,0.2296534776687622,0.9982694387435913,2.992173671722412,3.0,408.9271545410156,0.05822831764817238,4.044920206069946e-05,3.8545522689819336,173.90999868913076,-0.48960594231393817,173.42039274681682,173.4203916262389,16.0,2.1998887062072754,18,423.8948669433594,421.2191467285156
1257,1257,/yh/study/new_data/model_dataset_flight/vi/vi_001257.jpg,0,1,3.8194665908813477,-3.484300136566162,-418.4110412597656,37.46099853515625,-415.7503356933594,37.17711639404297,-420.4120788574219,21.235837936401367,401.578369140625,398.9025390846387,3.0,2.999999999999999,2.992173433303833,2.992173433303833,0.22965329885482788,0.9982694387435913,2.992173194885254,3.0,401.84674072265625,0.058271605521440506,0.0001050904393196106,19.345888137817383,173.90999868913076,-0.48960658264417284,173.4203921064866,173.42039274681684,16.0,2.1998887062072754,18,424.2111511230469,421.53546142578125
