frame_id,reference_x,reference_y,search_center_error_m,visual_error_m,final_error_m
0,-18.780746459960938,-2.1595981121063232,8.0,12.203739241929384,11.126806286593647
1,-25.919267654418945,-1.4582853317260742,8.0,4.487144020710298,5.244976339135746
2,-28.881437301635742,-1.16508948802948,7.999999999999999,1.8775433458171025,2.632663856020505
3,-31.84273910522461,-0.8719794154167175,7.999999999999999,0.982143232381524,0.881831896824364
4,-34.80412292480469,-0.5788613557815552,8.000000000000002,1.172471743914613,0.9797474496250846
5,-38.077056884765625,-0.2521708011627197,7.999999999999999,7.341990599514785,1.0648145813280747
6,-41.34334182739258,0.07385636121034622,7.999999999999998,6.7596065147621225,0.54914618141171
7,-44.61831283569336,0.40075016021728516,7.999999999999997,3.4799103156596063,0.5351827717297963
8,-47.93851089477539,0.7270652055740356,7.999999999999999,1.6095930758635477,1.5755382429308014
9,-51.25859451293945,1.0533686876296997,8.0,2.041614629987529,3.982157267409818
10,-54.585689544677734,1.3803616762161255,8.0,5.1729967939614445,7.735132557817295
11,-57.930152893066406,1.7030118703842163,8.000000000000005,3.595933420228331,7.827499894036308
12,-61.281715393066406,2.0263473987579346,7.999999999999998,11.546506536162683,13.352089924815274
13,-64.62455749511719,2.3488411903381348,8.0,4.464274954274151,14.249841723820474
14,-67.96265411376953,2.678952693939209,7.999999999999999,3.665142566246858,13.765510467001734
15,-71.30087280273438,3.009075880050659,7.999999999999999,13.32428651376215,18.096183272624973
16,-74.64299774169922,3.3395848274230957,8.000000000000004,15.241344697360306,9.951971096701897
17,-77.97047424316406,3.6625680923461914,8.0,9.64752246169033,2.350845436939988
18,-81.29307556152344,3.9850776195526123,7.999999999999997,13.782269368771763,2.3256616290663223
19,-84.62059020996094,4.3080644607543945,7.999999999999999,18.632830861382484,8.175592163375581
20,-87.91920471191406,4.623467922210693,7.999999999999999,5.927110342680815,6.717299877197109
21,-91.22086334228516,4.939162731170654,7.999999999999997,15.992194950691426,10.659941641853461
22,-94.5164794921875,5.254280090332031,7.999999999999999,14.351979064873698,11.407150773973527
23,-97.71556854248047,5.570963382720947,7.999999999999997,7.6898532102318455,8.731419227163393
24,-101.2225570678711,5.918126583099365,8.000000000000002,8.90353877820925,8.100204776921572
25,-104.41236877441406,6.233891487121582,8.000000000000002,7.228452984354036,7.198747833924553
26,-107.75296020507812,6.5345540046691895,8.0,4.29678994476671,5.37548073159554
27,-111.09230041503906,6.835103988647461,7.999999999999999,10.179045228118593,6.725715798977532
28,-114.4308090209961,7.135579586029053,7.999999999999996,6.175579977092592,5.404328976956953
29,-117.76180267333984,7.465998649597168,7.999999999999996,5.2457037938334565,4.233231368751666
30,-121.08988952636719,7.79612922668457,8.0,15.412968107455951,10.562103309123371
31,-124.41860961914062,8.126322746276855,8.000000000000002,11.578295748366333,13.916805217511481
32,-127.7506332397461,8.479126930236816,8.00000000000001,12.148343809612136,9.265488094047218
33,-131.07872009277344,8.831513404846191,8.0,17.01140472465231,12.480643587213908
34,-134.4064178466797,9.183857917785645,7.999999999999997,4.73006533821142,9.004302566199817
35,-137.9134521484375,9.491893768310547,8.000000000000002,9.404036826354272,7.135040645261547
36,-141.10328674316406,9.772066116333008,8.000000000000005,6.985424449330302,6.746874787379787
37,-144.29208374023438,10.052149772644043,7.999999999999995,9.077091198942483,1.4380004691047568
38,-147.48928833007812,10.328798294067383,8.000000000000002,7.877381611315279,3.577510802158079
39,-150.68637084960938,10.605437278747559,7.999999999999997,6.655869459929299,1.496935976617575
40,-154.1981964111328,10.909310340881348,8.000000000000009,11.104238160149013,2.737588949260002
41,-157.47799682617188,11.261993408203125,8.000000000000009,5.924000104848274,2.598640564566956
42,-160.7559356689453,11.614477157592773,8.000000000000005,8.588898730159313,0.9805634052916545
43,-164.03280639648438,11.966845512390137,8.0,9.169666005794458,3.6877730292013027
44,-167.38104248046875,12.304368019104004,7.999999999999996,7.396574353260846,2.8405052929561543
45,-170.73062133789062,12.642024993896484,7.999999999999997,12.213690178294133,2.9598928709159082
46,-174.08189392089844,12.979852676391602,8.00000000000001,9.997043887720245,5.81181576257222
47,-179.34275817871094,13.486869812011719,8.0,4.294061973175441,3.5530416678953554
48,-184.13096618652344,13.948331832885742,7.999999999999993,11.383258338259898,6.432441923077187
49,-187.249755859375,14.233661651611328,8.000000000000007,6.654866268586077,6.8851945106564045
50,-190.67921447753906,14.547411918640137,8.00000000000001,10.1130383098694,2.745345359008484
51,-194.10855102539062,14.861151695251465,7.999999999999998,12.044722153994964,6.332715005835856
52,-197.28343200683594,15.1630220413208,7.999999999999999,8.008477608601645,3.3831849018236975
53,-200.77069091796875,15.494592666625977,8.000000000000007,13.712525385069059,3.5393903251871497
54,-203.94317626953125,15.796236038208008,8.000000000000007,6.547311166716767,3.499370595824451
55,-207.35537719726562,16.129146575927734,7.999999999999995,6.641384603890639,0.9037606343118824
56,-210.75604248046875,16.4609317779541,8.000000000000002,9.787159376879337,2.662272128619422
57,-213.8697052001953,16.76471519470215,7.99999999999999,3.937118045233256,3.2890053570336275
58,-217.09425354003906,17.10219955444336,7.9999999999999964,7.620097615064364,1.156759278525317
59,-220.6431427001953,17.473630905151367,8.000000000000007,12.057626230141816,6.161640262022074
60,-223.8677215576172,17.811119079589844,7.999999999999998,8.528890303495942,7.97789697241233
61,-227.08807373046875,18.138076782226562,8.0,22.39623557668105,10.020239291572203
62,-230.62640380859375,18.497316360473633,7.999999999999998,12.671236149287749,8.400422146667097
63,-233.84530639648438,18.824125289916992,7.999999999999995,10.875081590419303,7.407814872228202
64,-237.00657653808594,19.118770599365234,7.999999999999999,19.676715463600793,15.611206783435211
65,-240.4793701171875,19.44244956970215,7.999999999999993,3.331298030899676,13.422887669238609
66,-243.63906860351562,19.73694610595703,8.0,12.070696989923858,13.234243293931398
67,-246.847412109375,19.999595642089844,7.999999999999989,17.22428786123053,15.095059030406107
68,-250.06228637695312,20.262781143188477,7.999999999999999,4.547022307795799,9.67287393353031
69,-253.5655975341797,20.549577713012695,8.0,17.03572626552525,12.138665057448044
70,-258.5731506347656,21.028581619262695,7.999999999999999,5.819931305708258,7.161094817541383
71,-263.5738220214844,21.506925582885742,7.999999999999977,4.107186890728426,4.425302743710634
72,-266.9277038574219,21.863229751586914,7.999999999999994,14.674082672336219,6.350400564359545
73,-270.28131103515625,22.219507217407227,8.000000000000004,5.822992013025535,4.939477552256194
74,-273.63311767578125,22.575592041015625,8.000000000000004,11.459678596206682,6.713052486355224
75,-276.9444274902344,22.93913459777832,8.000000000000016,20.063958744479795,10.812433474801434
76,-280.2569580078125,23.30280876159668,7.9999999999999885,5.729782197613065,6.57655343634989
77,-283.5698547363281,23.666522979736328,7.999999999999998,13.156499243452679,5.945631845122257
78,-286.75732421875,23.975204467773438,8.000000000000012,5.979244120303655,1.9265613099376697
79,-290.265380859375,24.314931869506836,7.9999999999999805,7.403375927132037,0.5026608854091597
80,-293.4555358886719,24.623870849609375,7.999999999999998,8.091215706268757,2.32047979258042
81,-297.0016174316406,24.93578338623047,7.999999999999999,7.853194723231785,3.5683037058303664
82,-300.2271423339844,25.219501495361328,8.0,12.572531650561931,2.7354831511781392
83,-303.45355224609375,25.5032958984375,8.00000000000001,6.252683338056013,1.2802070117934705
84,-306.78228759765625,25.818649291992188,8.000000000000012,11.373264810935245,4.063356851869648
85,-310.1116027832031,26.13405990600586,8.0,6.514339470574969,1.6627552205855212
86,-313.44134521484375,26.44951057434082,8.000000000000002,8.372759526445696,4.277454107067777
87,-316.7387390136719,26.75737953186035,8.000000000000021,12.223053616349969,5.400201527921189
88,-320.03851318359375,27.06546974182129,8.000000000000002,3.4895362403861485,1.8636692758374964
89,-323.3372497558594,27.373462677001953,7.999999999999999,7.965211632144652,4.4254047319337815
90,-326.6502990722656,27.7000789642334,8.000000000000005,12.23969298511874,1.9041892347505347
91,-329.9637756347656,28.0267391204834,8.000000000000018,4.834660112703483,2.143711143901255
92,-333.27398681640625,28.35307502746582,7.999999999999981,9.196267323711094,1.565655549909631
93,-336.57794189453125,28.690593719482422,8.00000000000001,11.364819767219043,3.46149483497841
94,-339.88433837890625,29.02836036682129,8.000000000000005,5.212734006128367,1.843731033392919
95,-343.1903076171875,29.36608123779297,7.999999999999991,11.480534676086796,1.5985426449878477
96,-346.51904296875,29.685148239135742,7.999999999999988,4.101181716057113,1.7563424600868538
97,-349.849365234375,30.004364013671875,7.99999999999999,6.529336940827775,1.660990145758467
98,-353.1781005859375,30.323429107666016,8.0,13.487245498494827,2.5724595409391995
99,-356.5009460449219,30.624027252197266,7.999999999999996,4.964915755734196,2.0564349848230425
100,-359.82257080078125,30.924514770507812,8.00000000000001,6.877603498407482,0.5715298430528583
101,-363.1454772949219,31.225116729736328,7.99999999999998,8.378665210262911,3.6762436668049316
102,-366.4402160644531,31.518213272094727,7.999999999999995,3.8419346551092652,2.9455624320917715
103,-369.7346496582031,31.81128692626953,8.00000000000001,9.960070397518658,3.858353351331347
104,-373.0311584472656,32.10454177856445,8.000000000000016,10.033544907174521,6.688379770428133
105,-376.357666015625,32.4311408996582,7.999999999999977,4.96424130560211,3.8164226220266375
106,-379.6834716796875,32.75767517089844,8.000000000000004,11.83675867971477,5.927299994557472
107,-383.0087585449219,33.08415222167969,8.000000000000007,7.673889894520861,6.167351191646224
108,-386.32574462890625,33.470218658447266,8.000000000000016,12.053987217158204,3.4421570001614654
109,-389.6413879394531,33.85612487792969,7.999999999999988,11.99652177340166,6.8754642451812575
110,-392.9556884765625,34.24187469482422,8.0,9.083936325404238,1.4303656459737764
111,-396.2001037597656,34.59049606323242,8.000000000000004,16.18079144621061,7.252468303180572
112,-399.4433288574219,34.938987731933594,7.999999999999992,5.584629317182154,2.8038450243597643
113,-403.0047912597656,35.32167434692383,8.000000000000009,15.660113634205457,5.248623358362681
114,-406.3310852050781,35.61114501953125,8.000000000000012,12.587843518359975,6.25271377089411
115,-409.6596374511719,35.90080642700195,7.999999999999998,10.672499209746924,4.190111086381123
116,-412.98236083984375,36.18996810913086,7.9999999999999805,14.945313862724468,7.688472609568039
117,-416.2857360839844,36.47921371459961,7.999999999999984,7.0034751684973395,2.6113797111764905
118,-419.59210205078125,36.76872634887695,8.000000000000018,10.782276782204029,5.2293966431587116
119,-422.898681640625,37.058258056640625,7.999999999999997,8.277920366319783,5.857604638842101
120,-426.19049072265625,37.359130859375,8.000000000000002,4.375304314773634,2.180939435872005
121,-429.4760437011719,37.65943145751953,8.000000000000016,17.38910809391072,7.4363355736782735
122,-432.7639465332031,37.95994567871094,8.000000000000012,6.814938622641896,2.6879841776565536
123,-436.27178955078125,38.31903076171875,8.000000000000004,10.674078004231351,3.70623544946882
124,-439.4658203125,38.64599609375,8.000000000000004,11.773001105395466,7.45735225742468
125,-442.6598205566406,38.97295379638672,8.000000000000018,6.592532446868143,2.4300561039728352
126,-445.9792785644531,39.30323791503906,7.999999999999997,11.321398600314765,5.512855953368363
127,-449.2984313964844,39.63349914550781,8.000000000000005,5.1581300473371945,4.787948704988266
128,-452.61700439453125,39.96369552612305,7.999999999999999,4.128867251730643,1.5088403824657048
129,-455.9490661621094,40.28679656982422,7.999999999999991,12.096730319983733,5.135676961815966
130,-459.2764892578125,40.60944366455078,8.000000000000009,3.686540773333989,1.7187907535534823
131,-462.60479736328125,40.93217849731445,8.000000000000009,11.530300232526287,3.8721764293083125
132,-465.93316650390625,41.25896072387695,7.999999999999998,8.244817654508127,5.998956408050565
133,-469.256591796875,41.58525848388672,8.000000000000018,1.8594455276270752,2.9574202082700105
134,-472.5823974609375,41.91178894042969,8.000000000000004,9.460996104062092,6.011175012383048
135,-475.81768798828125,42.24217987060547,7.999999999999999,3.8950773944313855,4.69881352766752
136,-479.06182861328125,42.57347869873047,7.9999999999999964,2.9221721228523587,2.1647542234685404
137,-482.61102294921875,42.93592834472656,7.999999999999986,4.345846974236937,3.092579753738556
138,-485.9210510253906,43.2811393737793,7.999999999999973,6.136646234360582,2.932452155289865
139,-489.23040771484375,43.62628173828125,8.000000000000018,5.011519226477581,1.8488426782751417
140,-492.5375671386719,43.97119903564453,7.999999999999994,6.142017430886882,3.9493674151013702
141,-495.8470458984375,44.25697326660156,8.000000000000005,6.9818244915661785,6.496116732554294
142,-499.1547546386719,44.542598724365234,8.00000000000002,7.990775566744668,2.549615999572796
143,-502.4640808105469,44.8283576965332,7.999999999999978,10.197175935535967,4.994006779945121
144,-505.6778869628906,45.1226806640625,7.999999999999993,4.470695734813775,2.4482697818253643
145,-508.8949890136719,45.41730499267578,7.999999999999992,5.925124613136092,3.937014551924888
146,-512.4314575195312,45.741180419921875,7.999999999999976,5.12312039907554,5.008164287207235
147,-515.9639282226562,46.096248626708984,8.000000000000016,5.448793064175931,1.9707553242725724
148,-519.1793212890625,46.41944122314453,7.9999999999999885,7.1992439364314125,4.034624149340155
149,-522.3988647460938,46.7430534362793,8.000000000000002,6.837106027086515,6.182510734167255
150,-525.5911865234375,47.084205627441406,7.9999999999999885,12.570529312350128,1.2056412863393888
151,-528.7850341796875,47.42551803588867,7.999999999999959,12.186187087465994,4.93939850148958
152,-532.2947387695312,47.80059051513672,8.000000000000009,10.726048196915679,2.829745439788544
153,-535.4741821289062,48.1633186340332,8.000000000000002,6.729195930447133,1.405308116806526
154,-538.6561889648438,48.526344299316406,8.000000000000036,5.405248946925735,2.2125010696527894
155,-542.1497802734375,48.9249153137207,7.999999999999982,11.10818196399117,2.027232768084356
156,-547.12939453125,49.48106002807617,7.999999999999962,8.916125253536633,3.5204955024928113
157,-552.1171875,50.03811264038086,8.000000000000007,10.922886659391043,3.401892834456623
158,-555.6659545898438,50.476261138916016,7.999999999999999,11.129692983372028,2.7680552206992695
159,-558.8970947265625,50.875186920166016,7.999999999999969,4.686924138614751,4.046823702371734
160,-562.1253662109375,51.27375793457031,8.000000000000002,13.943911702112958,8.097045130463009
161,-565.437255859375,51.707855224609375,8.0,7.439886652879353,5.863365607715862
162,-568.749267578125,52.1419677734375,8.000000000000004,6.137011595813416,5.992848320716371
163,-572.0621337890625,52.576194763183594,7.9999999999999885,13.625247443191205,8.015067878829703
164,-575.3704833984375,53.032535552978516,7.9999999999999565,4.269836783519866,2.583812906618851
165,-578.6788940429688,53.48888397216797,7.99999999999999,6.748822782190463,3.7610910959475823
166,-581.9886474609375,53.94542694091797,8.000000000000004,6.766725264861089,2.5207801323232353
167,-585.4841918945312,54.39555358886719,8.000000000000004,2.144203323830902,0.910655733914028
168,-588.6644897460938,54.805076599121094,7.999999999999988,7.729729255063293,4.042404599100695
169,-591.8436889648438,55.2144660949707,8.000000000000023,4.491863873840256,2.7775032072544064
170,-595.13671875,55.62977981567383,7.9999999999999964,4.8594443063157575,0.7623402496588673
171,-598.4330444335938,56.045509338378906,8.00000000000001,7.340582544730201,3.193629455674305
172,-601.7293701171875,56.461246490478516,7.999999999999984,5.865794865976788,5.4142055809997265
173,-605.0008544921875,56.88426971435547,8.000000000000007,5.179975022494446,3.943002249548491
174,-608.27197265625,57.307247161865234,7.999999999999999,7.930431584405217,6.818728996932728
175,-611.5435791015625,57.730289459228516,7.999999999999978,4.257829984528674,5.729615587779317
176,-614.8861694335938,58.1866569519043,8.00000000000001,10.915755842386492,2.744857654201378
177,-618.2273559570312,58.64283752441406,7.999999999999966,9.621246756934509,5.284965709684839
178,-621.5722045898438,59.099517822265625,7.999999999999993,4.291269920439394,1.840545811320038
179,-624.8855590820312,59.540775299072266,7.999999999999978,10.893319996661068,1.655686072171417
180,-628.2006225585938,59.982269287109375,7.999999999999974,7.916230661317387,4.092415961299624
181,-631.5191650390625,60.42422103881836,7.999999999999973,6.813905394492815,1.377876171929043
182,-635.0553588867188,60.91789245605469,7.999999999999992,5.57503567310623,0.4132733046920819
183,-638.2706298828125,61.366756439208984,8.000000000000005,4.205760802089851,2.7229337195234677
184,-641.486572265625,61.815711975097656,7.999999999999997,5.578037371655892,1.0096422645642817
185,-644.7642822265625,62.216407775878906,8.00000000000005,7.142942317209437,4.281024414012569
186,-648.04248046875,62.61715316772461,7.999999999999972,4.802547410304503,5.208697313234295
187,-651.3211669921875,63.01796340942383,8.000000000000002,9.09688011651679,6.236803222755394
188,-654.587158203125,63.414756774902344,8.000000000000037,11.994334875527285,11.62327540083765
189,-657.8555908203125,63.81185531616211,7.999999999999987,17.984332162049757,9.12116319816086
190,-661.1251220703125,64.2090835571289,7.999999999999976,12.737244597141041,12.067166661289903
191,-664.4630126953125,64.65044403076172,7.999999999999992,7.605638103247823,9.287141570246567
192,-667.8052978515625,65.09236907958984,7.999999999999986,13.900022272238266,8.582475947764099
193,-671.1435546875,65.53378295898438,8.000000000000004,12.77961642093632,9.619795830591013
194,-674.447265625,65.97511291503906,8.000000000000018,8.844567449404733,8.101542547335859
195,-677.7529907226562,66.4167251586914,8.0,8.444765289061362,7.033715980091121
196,-681.0598754882812,66.85848236083984,8.000000000000012,8.616141829643308,6.7409688872931754
197,-684.3595581054688,67.29602813720703,7.999999999999991,20.020843091549928,6.023210060737115
198,-687.6604614257812,67.73373413085938,8.00000000000002,11.920171271282468,11.67644200051933
199,-690.9660034179688,68.17205810546875,8.000000000000016,8.01106336214682,7.370946018111371
200,-694.3814086914062,68.6431655883789,7.999999999999984,20.150667315210512,10.537820036394397
201,-697.7882080078125,69.11308288574219,7.9999999999999964,11.704642980510027,8.107709342405334
202,-700.8925170898438,69.5412826538086,7.999999999999953,8.952334248296278,6.172027983281499
203,-704.1041870117188,69.95103454589844,7.9999999999999805,17.76197458116533,11.5497085205137
204,-707.6273193359375,70.40052032470703,8.000000000000002,14.259232643925346,3.6951201331702004
205,-710.8394775390625,70.8103256225586,7.999999999999959,17.039221828954375,2.8123867764216466
206,-714.0416870117188,71.22013092041016,7.999999999999943,3.5866632642681586,0.7510404606500686
207,-717.5553588867188,71.66979217529297,7.999999999999987,9.99054427377375,6.210260766543901
208,-720.7557983398438,72.0793685913086,8.000000000000002,6.886279084976091,6.013927140542302
209,-724.0374145507812,72.50609588623047,8.000000000000016,10.57881824395047,10.27883383969936
210,-727.3179931640625,72.93268585205078,7.999999999999981,6.6408963127144105,10.567512622984601
211,-730.6006469726562,73.35954284667969,7.999999999999986,2.6869852841928847,8.801618364182913
212,-733.6497192382812,73.7457504272461,8.000000000000002,11.146529555419779,10.46961316182811
213,-736.6962280273438,74.13162994384766,8.000000000000007,5.42177167539975,6.96283213703625
214,-739.7407836914062,74.51726531982422,7.999999999999995,11.68912367085839,8.7995581534678
215,-741.8286743164062,74.81880187988281,8.000000000000028,11.072867099762316,10.155748747783477
216,-743.920654296875,75.12092590332031,7.999999999999997,1.7848754100159965,5.209245804876524
217,-746.2155151367188,75.45235443115234,7.999999999999988,16.68559242950742,9.59932019413222
218,-747.0186767578125,75.608154296875,8.00000000000002,9.18917511170825,6.510109338766925
219,-747.8226318359375,75.76411437988281,7.99999999999995,10.722094698319493,5.665775088257605
220,-748.6256713867188,75.91989135742188,7.999999999999986,6.647330740066504,5.875775089521897
221,-748.2408447265625,75.89019775390625,7.999999999999997,7.664788126866542,5.780897678819757
222,-747.8563232421875,75.86051940917969,8.000000000000004,6.917133871178761,2.1401345498768998
223,-747.4716186523438,75.8308334350586,8.00000000000003,12.217040295316526,6.518449889351453
224,-746.4201049804688,75.57859802246094,7.99999999999997,4.561043633055051,3.349376479852663
225,-745.36767578125,75.32614135742188,7.999999999999994,15.015620428554476,8.239286786424422
226,-744.3159790039062,75.07386779785156,7.999999999999977,8.75259250164626,6.7134598670859305
227,-743.0457763671875,74.80661010742188,8.000000000000002,7.446776989584828,5.791824126620273
228,-741.7759399414062,74.53942108154297,8.000000000000023,11.474496656800136,9.07745855581688
229,-740.5067138671875,74.2723617553711,7.999999999999991,3.8789439888904163,4.725214238472693
230,-738.8037719726562,74.19439697265625,8.000000000000005,11.300875918285003,8.168892973572135
231,-737.1023559570312,74.11650848388672,7.999999999999967,10.90179260188378,5.7683371120593465
232,-735.4005126953125,74.0385971069336,7.99999999999997,4.319625653766161,3.172243372172238
233,-732.982421875,73.9236831665039,8.000000000000012,11.19653059595533,6.544347466997532
234,-730.5607299804688,73.80860137939453,8.000000000000012,5.307772840855678,4.788800273131086
235,-727.904541015625,73.682373046875,7.999999999999988,12.114832924810754,7.127863325887412
236,-723.4256591796875,73.21475219726562,8.00000000000002,13.534020182388875,10.4390416030425
237,-718.9481811523438,72.74728393554688,8.0,8.608685501462551,6.702701329039838
238,-715.749267578125,72.34666442871094,8.00000000000001,15.120268950804485,11.867200011006872
239,-712.5479736328125,71.94573974609375,8.000000000000009,11.30146408925407,9.315616170152541
240,-709.3484497070312,71.54503631591797,7.999999999999952,12.416518080282223,4.558457539272439
241,-706.1504516601562,71.17790222167969,8.000000000000002,17.791398665333116,7.087804067572099
242,-702.950439453125,70.81053924560547,7.999999999999998,15.39618108296085,3.3862744997599084
243,-699.7487182617188,70.4429702758789,7.99999999999999,5.361704837461452,5.502845541308367
244,-696.5949096679688,70.09808349609375,7.999999999999968,7.409898131506047,4.037108850763129
245,-693.4392700195312,69.75299835205078,7.999999999999964,12.513404301451857,8.651074052640041
246,-690.28173828125,69.40769958496094,8.000000000000007,8.435987175550938,6.297100392205998
247,-687.0963745117188,69.0923843383789,7.99999999999997,18.905044700491647,11.33786481609013
248,-683.9093627929688,68.77690887451172,8.000000000000052,4.162019579738892,6.4412596787442835
249,-680.722900390625,68.46148681640625,8.000000000000004,16.022449597914854,6.565311796823493
250,-677.4625244140625,68.1313247680664,7.999999999999989,3.8329560558885487,2.5750100602176706
251,-674.2022705078125,67.80116271972656,7.999999999999988,4.589640104469625,2.565866324452181
252,-670.9393310546875,67.47074127197266,7.999999999999974,11.043369654192544,6.418351397528394
253,-667.6696166992188,67.14066314697266,7.9999999999999565,1.2944425016571188,5.771679449662517
254,-664.3983764648438,66.81043243408203,7.999999999999981,5.988021136387889,6.546767862121574
255,-661.1251220703125,66.4800033569336,8.000000000000004,6.0176885954396875,6.65219502061314
256,-657.9371337890625,66.1640853881836,7.999999999999953,5.534491673439512,5.610770284848803
257,-654.7457885742188,65.84784698486328,8.000000000000009,10.753021305476302,7.3184434177068365
258,-651.2394409179688,65.5003890991211,7.999999999999973,7.73480742067184,5.6796303413637785
259,-647.942626953125,65.1369400024414,8.0,9.454119391444728,8.821153057812651
260,-644.6431274414062,64.77320098876953,8.000000000000027,15.186944115470592,10.6518203949094
261,-641.3435668945312,64.40945434570312,8.000000000000004,2.130437133470621,8.456466224518651
262,-638.0413818359375,64.03466796875,7.999999999999976,8.465468111455534,8.162078564703348
263,-634.7399291992188,63.65995788574219,7.999999999999994,8.786687699566567,5.955098700511289
264,-631.4374389648438,63.28512954711914,7.999999999999983,2.73735835999154,1.904833188985525
265,-628.2564697265625,62.93982696533203,7.999999999999987,12.03636108810897,5.774627521607403
266,-624.7681884765625,62.56117630004883,8.00000000000001,6.302321014186549,2.028222332240084
267,-621.5926513671875,62.21646499633789,8.000000000000012,4.414017988136196,1.184098044371967
268,-618.3226928710938,61.89715576171875,7.999999999999996,9.228102542940057,2.115146630000471
269,-615.0549926757812,61.578067779541016,8.000000000000044,6.072259482412571,2.396590772809947
270,-611.7886352539062,61.259117126464844,7.999999999999992,8.648997867688784,1.5721747583558132
271,-609.2074584960938,61.02897644042969,8.000000000000004,9.006711340667728,2.657752636100345
272,-606.6270751953125,60.798919677734375,8.0,5.132404916515806,2.5181840627261907
273,-604.047607421875,60.56893539428711,8.000000000000016,7.9680454794866655,1.6566852905602132
274,-603.1896362304688,60.42048645019531,8.000000000000053,7.635383793040279,5.083073223928285
275,-602.3318481445312,60.272071838378906,8.000000000000018,6.575623954529016,3.0012274201968148
276,-601.4740600585938,60.1236572265625,7.999999999999998,9.104357164276138,5.144446914868827
277,-601.4366455078125,60.10139465332031,7.999999999999995,4.824194679498529,5.9728582568812385
278,-601.399169921875,60.07913589477539,8.000000000000018,8.441001276497053,3.0495712251016633
279,-601.3616943359375,60.05686569213867,8.000000000000016,8.033655343569345,5.470281171532788
280,-601.0995483398438,60.101402282714844,8.000000000000005,5.358912535954984,3.7305510680231966
281,-600.837646484375,60.145896911621094,8.000000000000034,6.829275065623948,2.6315418953893954
282,-600.5753784179688,60.19044876098633,7.999999999999953,7.1205694513424715,5.542016734287331
283,-599.8977661132812,60.17464828491211,8.000000000000012,3.8261748080726283,3.2230047333842444
284,-599.28173828125,60.16028594970703,7.999999999999992,9.306913711194861,4.058731563035865
285,-598.6656494140625,60.14591979980469,7.999999999999982,2.010189477012205,3.9689718656427564
286,-597.80810546875,60.045772552490234,8.000000000000014,8.327998935013357,1.8193886516856435
287,-596.9498291015625,59.94552993774414,8.000000000000043,6.667063179846645,3.0823677134354974
288,-596.0921020507812,59.845359802246094,7.9999999999999964,3.7343902177194632,0.5777018150432693
289,-594.8851928710938,59.681861877441406,7.999999999999995,8.458871786052683,2.5811133105422956
290,-593.7744140625,59.53138732910156,7.9999999999999805,2.4736947328914694,0.9980079557397449
291,-592.55859375,59.36668395996094,7.999999999999958,7.484495370363301,1.975035271971562
292,-590.8184204101562,59.179298400878906,8.000000000000023,7.888492215531679,2.378695763673304
293,-589.0809326171875,58.99219512939453,7.999999999999998,5.501252968059143,2.9897594768001947
294,-587.4931640625,58.82122039794922,7.99999999999998,10.16642086392448,5.969993245987852
295,-585.1982421875,58.60494613647461,8.000000000000046,5.2486285540231,2.0238502453834126
296,-582.7028198242188,58.369781494140625,8.000000000000016,11.977501683526379,5.970823778615955
297,-580.4057006835938,58.15330123901367,7.999999999999999,8.626792843021619,6.009627469434073
298,-577.5111083984375,57.838523864746094,7.999999999999978,3.9617135683248974,3.9194894622474514
299,-574.6156005859375,57.523643493652344,8.000000000000043,10.496273925464257,6.7793329991833025
300,-571.7047119140625,57.20708465576172,8.000000000000034,7.492337422711902,4.90933836462365
301,-568.8550415039062,56.87386703491211,8.000000000000007,8.221442468289993,4.862077770758138
302,-566.25830078125,56.570220947265625,7.999999999999973,11.796995090392837,6.662727737432426
303,-563.42236328125,56.23860549926758,8.000000000000021,2.198905542928622,4.093888264523173
304,-561.7368774414062,56.00497055053711,7.999999999999968,10.304673083178596,6.1535205976659775
305,-559.8888549804688,55.748802185058594,7.999999999999981,7.573258647018466,4.600192729161644
306,-560.1390380859375,55.755977630615234,7.999999999999992,7.006301761396569,4.304425151194255
307,-560.3895874023438,55.76316452026367,8.000000000000018,13.377802686077159,4.820433731449012
308,-560.6649780273438,55.77106475830078,7.999999999999991,2.072614464128015,1.5990349375287203
309,-561.0635375976562,55.83820343017578,8.000000000000023,11.098860607949568,4.281423567071621
310,-561.426025390625,55.899269104003906,8.000000000000007,13.19099101497045,4.287255220414355
311,-561.7883911132812,55.96030807495117,8.000000000000021,3.710022411142841,3.091956334370138
312,-561.8179931640625,55.98184585571289,8.000000000000044,14.231394332462044,6.885614945159913
313,-561.8506469726562,56.005558013916016,7.999999999999972,6.700980893368024,5.665900530992411
314,-561.8803100585938,56.027099609375,7.999999999999994,8.58469965552283,6.442260102517536
315,-561.5739135742188,56.06791305541992,7.999999999999962,12.45010581179983,8.194090899114064
316,-561.2676391601562,56.10872268676758,8.000000000000027,2.765591952123535,4.025184795796636
317,-560.961181640625,56.14955139160156,7.999999999999954,11.021449764515918,6.52174195724954
318,-560.7025756835938,56.1977653503418,8.000000000000007,7.4037838106461775,4.894232988761486
319,-560.44384765625,56.246002197265625,7.999999999999975,6.474402072588366,4.881938262138165
320,-560.1849975585938,56.29426574707031,7.999999999999953,12.10053971765833,6.586707168214897
321,-559.9381713867188,56.76070022583008,7.99999999999998,2.106162188131635,3.797145136423697
322,-559.69091796875,57.22782516479492,7.999999999999995,8.393160954032556,5.926536798736517
323,-559.4190673828125,57.74142074584961,7.999999999999983,11.720138064313453,4.7239880829590915
324,-558.9118041992188,58.914100646972656,8.000000000000004,2.283421636490817,1.95166638945505
325,-558.4044799804688,60.08686065673828,7.999999999999972,13.32306160280574,5.9238068431078785
326,-557.8973999023438,61.259117126464844,7.999999999999979,5.730554327781044,3.3833643372861983
327,-557.3032836914062,62.58571243286133,7.999999999999996,7.0973145925875984,2.9798351565471317
328,-556.6494140625,64.0456771850586,7.999999999999977,13.80189713314399,5.77602429523006
329,-555.9979248046875,65.5003890991211,8.00000000000001,4.993885098037628,1.5947894192501662
330,-555.2718505859375,67.09474182128906,7.999999999999996,12.945329673790464,5.212209088586666
331,-554.5454711914062,68.68971252441406,7.999999999999999,9.983228728259554,3.588819694796791
332,-553.8839111328125,70.14241027832031,8.000000000000034,2.709769230883565,1.062636291769176
333,-552.7705078125,72.56969451904297,8.000000000000046,14.850853342067433,4.983624037854498
334,-551.6575927734375,74.99594116210938,8.00000000000003,8.818364132363572,1.1704405306016656
335,-551.047119140625,76.36161041259766,7.9999999999999964,7.81932050013114,2.9330412684867975
336,-550.3771362304688,77.8604965209961,7.999999999999976,11.987488457833214,1.4036591568272958
337,-549.70703125,79.35966491699219,8.000000000000037,5.875539981396945,2.2373406991866056
338,-549.3936157226562,79.93855285644531,7.9999999999999885,12.84627800635734,2.941982978504261
339,-549.0498657226562,80.57357788085938,8.000000000000009,9.445540243705608,0.6859804837579817
340,-548.73681640625,81.15190887451172,8.000000000000012,6.765228011524735,4.425058389225858
341,-548.593017578125,81.02957916259766,8.00000000000003,14.887440174698147,5.207506582098276
342,-548.4620361328125,80.91809844970703,7.999999999999976,6.518117132485308,2.044583490747634
343,-548.318115234375,80.79568481445312,7.9999999999999885,10.411804177046648,5.869683701370737
344,-547.6167602539062,80.42304992675781,8.000000000000009,9.782551309110248,3.0239526158677
345,-546.9212646484375,80.05350494384766,8.00000000000002,8.969146768868988,4.205381049892784
346,-546.2858276367188,79.71588897705078,7.999999999999962,11.790872943059846,2.6023998379035715
347,-544.3756103515625,79.34844207763672,8.000000000000023,8.28387837127659,0.92261107606308
348,-542.4663696289062,78.9811782836914,7.999999999999999,9.658609301296835,4.553498769191475
349,-540.370361328125,78.89698028564453,8.000000000000034,14.036709236194532,4.691008775122411
350,-538.4627075195312,78.82035827636719,8.000000000000014,7.371457266894319,0.9165210770854028
351,-536.3695068359375,78.73627471923828,7.999999999999959,9.758352807138094,3.4986523100836155
352,-533.578125,78.49898529052734,7.999999999999995,11.235565248429745,4.112099527158285
353,-531.0382080078125,78.28306579589844,8.000000000000032,5.32847770353647,0.8135125912430522
354,-528.2506103515625,78.04609680175781,7.999999999999969,13.575955640731426,4.512905284472614
355,-525.3048095703125,77.60379791259766,7.999999999999966,7.390961117708147,1.695434265186816
356,-522.0663452148438,77.1175537109375,8.000000000000014,7.023976960872501,2.6549818617869385
357,-518.834716796875,76.63233947753906,8.000000000000025,10.731274722119219,2.962375660397771
358,-515.6478271484375,76.06416320800781,7.999999999999985,4.802816388666921,1.2215426054209673
359,-512.4663696289062,75.4969482421875,7.999999999999984,9.212669251880614,2.567799335238008
360,-508.9694519042969,74.87348937988281,8.000000000000007,10.51297239659834,1.7805318351916508
361,-505.7897033691406,74.33113861083984,7.999999999999989,6.75840986745895,2.4075292020913235
362,-502.6083068847656,73.78850555419922,7.999999999999993,11.511045448590162,1.462208746273625
363,-499.1144104003906,73.19256591796875,7.999999999999976,12.360120211497332,3.9726461349265225
364,-495.6409606933594,72.65957641601562,7.999999999999987,6.7491540908629535,0.6473747620134245
365,-492.4820556640625,72.17485809326172,7.999999999999999,12.034426498646889,4.497008961829615
366,-489.3206481933594,71.68975067138672,8.00000000000002,5.241184229225875,5.269681215853079
367,-484.2118225097656,70.93910217285156,7.999999999999988,9.75885381400919,2.5139121507728124
368,-479.54730224609375,70.25373077392578,7.999999999999997,11.728049015997676,5.313649097190635
369,-476.3033142089844,69.75653076171875,7.999999999999999,4.552635072840935,1.880430264211865
370,-473.05865478515625,69.25923156738281,8.000000000000002,12.19430547109455,3.8556921387174787
371,-469.8147888183594,68.76204681396484,7.9999999999999964,7.077710207149378,3.6808861646952664
372,-466.52325439453125,68.29454803466797,7.999999999999998,9.271711467525774,1.8329729395451793
373,-463.23193359375,67.82707977294922,8.000000000000005,11.824969541833813,4.497363832692524
374,-459.9393310546875,67.35942077636719,7.999999999999985,1.7507027063094116,1.9194002081263328
375,-456.3824157714844,66.82246398925781,7.999999999999981,11.762926138295152,4.380132263739152
376,-453.1473388671875,66.33409118652344,7.999999999999997,6.916526837151868,2.9949783224852937
377,-449.9106750488281,65.8454818725586,7.99999999999999,8.800907623482901,3.4963397212666663
378,-446.7342834472656,65.36060333251953,7.999999999999992,13.000592052047802,5.460946621144506
379,-443.5564880371094,64.8755111694336,8.000000000000005,7.682841289088889,0.9310031633154976
380,-440.06585693359375,64.34266662597656,8.000000000000002,16.018621203776252,4.627518976055957
381,-436.91912841796875,63.836238861083984,7.999999999999987,7.6429678457568775,2.694803490995765
382,-433.7699279785156,63.32941818237305,8.0,2.3750151551218823,1.0488967748725722
383,-430.31292724609375,62.7730598449707,7.999999999999996,8.791400661040365,2.262234960169961
384,-427.0655517578125,62.26048278808594,8.000000000000018,2.7415098660353694,0.5250532563334408
385,-423.8179626464844,61.74787139892578,8.000000000000007,8.494479008301983,2.6786278636777707
386,-420.5804443359375,61.23685073852539,8.0,10.417677834424083,2.6065803366843068
387,-415.9250793457031,60.673606872558594,7.999999999999994,4.0716192406646945,2.9492739050172965
388,-410.8275451660156,60.05686569213867,8.000000000000025,15.213909126543252,7.448672196630115
389,-407.634765625,59.57559585571289,7.999999999999986,9.673766909407087,3.7047567237656818
390,-404.4422302246094,59.094364166259766,7.999999999999999,9.712971464299816,4.511709502757246
391,-400.931640625,58.565185546875,8.000000000000005,15.070277532345823,5.206196942781716
392,-397.45977783203125,57.918495178222656,7.99999999999998,2.8388346653653764,0.6335932477994333
393,-393.9891357421875,57.272037506103516,7.999999999999985,12.843626796685948,3.5844131700793596
394,-390.8315124511719,56.68388366699219,8.000000000000005,10.119706444179371,2.1902531474385665
395,-387.4894714355469,56.12371826171875,7.999999999999991,6.502213444301312,3.5271249542994494
396,-384.1477355957031,55.563602447509766,7.999999999999992,12.695011764238588,1.57291266413731
397,-380.8028564453125,55.002960205078125,8.00000000000002,9.706087569253047,3.966496514334136
398,-377.6221008300781,54.55384826660156,8.000000000000012,4.706814679184791,3.6371426711090704
399,-374.12774658203125,54.06045913696289,8.000000000000002,11.568242355043354,2.394062220328548
400,-370.94781494140625,53.61146545410156,8.000000000000007,7.895788347079531,5.84484519408993
401,-367.7818908691406,53.21244812011719,7.99999999999999,9.675996529373943,2.2433183369673464
402,-364.3070068359375,52.77449035644531,8.000000000000012,14.273742106713003,4.763993234921102
403,-361.1438293457031,52.37582015991211,8.0,4.140043100431942,4.678173396538864
404,-358.0951232910156,51.888648986816406,8.000000000000004,13.264805361162168,2.6556557832603427
405,-354.74200439453125,51.35283660888672,8.00000000000002,8.771239794940255,5.710899955168963
406,-351.39093017578125,50.81734848022461,7.999999999999999,7.809373575489407,2.7366600666201215
407,-348.208984375,50.27159118652344,8.000000000000004,10.333660976566524,1.4205660670511884
408,-344.71075439453125,49.67158889770508,8.000000000000014,2.4753174813790593,2.804151826297401
409,-341.5256652832031,49.12528991699219,7.999999999999995,9.042360468522066,1.5030123018806956
410,-338.1062927246094,48.60921096801758,7.9999999999999885,8.36693519606611,1.7297420661162448
411,-334.9945068359375,48.139556884765625,8.000000000000007,8.133000613064318,2.4573045068921306
412,-331.5685119628906,47.62247848510742,7.999999999999989,12.705039087824574,3.2285894856165838
413,-326.8189697265625,46.92759323120117,8.000000000000021,2.063451948483967,0.8261358254159283
414,-321.60113525390625,46.16419219970703,7.999999999999975,11.866383232381118,5.382199345642277
415,-318.32720947265625,45.66339111328125,7.999999999999998,8.938859556801035,3.7215617353447548
416,-315.052978515625,45.162540435791016,7.999999999999997,7.691515141906188,3.6012155216283968
417,-311.7767333984375,44.661380767822266,8.000000000000025,12.214971306957985,4.056924133302894
418,-308.2463684082031,44.15618133544922,7.999999999999989,4.709421988285936,1.458140601928707
419,-305.0332336425781,43.69637680053711,8.000000000000005,13.553657465103127,5.587729873587146
420,-301.8195495605469,43.236488342285156,8.000000000000002,11.204015977747991,4.693132893570469
421,-298.4217224121094,42.7166633605957,7.999999999999995,4.463983838596438,0.35657830574219973
422,-295.3232421875,42.242637634277344,8.000000000000005,10.499657472153102,2.226426563170608
423,-291.9236755371094,41.7225456237793,7.999999999999996,8.62550986945593,1.8369446515684453
424,-288.83154296875,41.227596282958984,8.0,3.7691670808911826,1.7461073891137489
425,-285.4303283691406,40.68317794799805,8.000000000000004,10.35500722621842,2.1443757079387202
426,-282.0481872558594,40.141807556152344,8.000000000000004,4.812448741964063,1.8407326090534146
427,-278.8616027832031,39.60797882080078,7.999999999999994,12.645707298949842,4.902829759090259
428,-275.6933898925781,39.077232360839844,8.000000000000004,14.391540740573728,6.832739070069484
429,-272.2135925292969,38.49428176879883,8.000000000000005,12.058770150499905,9.049777766051244
430,-267.29248046875,37.77089309692383,8.000000000000004,19.004566655122716,13.921834405416895
431,-262.3687438964844,37.04712677001953,8.000000000000002,14.42694428222113,2.6338032555829787
432,-259.2642517089844,36.61650085449219,8.000000000000002,4.308652258188085,3.736847569824055
433,-255.854736328125,36.14356231689453,7.999999999999996,5.939781235578011,3.328889434737548
434,-252.73838806152344,35.7112922668457,8.000000000000004,9.272519981862235,8.169856135465599
435,-250.205810546875,35.360801696777344,7.999999999999991,5.0529306619373555,4.720983059864751
436,-247.88943481445312,35.04023361206055,8.0,8.851525579113575,6.924497873216287
437,-245.57943725585938,34.720550537109375,8.0,8.119283425748868,8.142567817150068
438,-244.89129638671875,34.59495162963867,7.999999999999998,7.947382941543801,7.020299772442705
439,-244.13426208496094,34.45677947998047,8.000000000000009,2.201912167449734,7.732302831398028
440,-243.38375854492188,34.31979751586914,7.999999999999992,5.472712460785485,6.664956328740731
441,-243.58389282226562,34.33510971069336,7.999999999999999,15.912188239802047,4.936326955674601
442,-243.7839813232422,34.35041427612305,7.999999999999993,2.3257831664178052,5.101308561019509
443,-243.9658660888672,34.36432647705078,8.000000000000009,3.2291253704350527,3.6608679343308306
444,-243.88287353515625,34.3956413269043,7.999999999999999,5.275232703368357,4.1386686382348135
445,-243.7915496826172,34.43009948730469,8.0,9.837878738552938,6.9468880550411845
446,-243.70034790039062,34.464515686035156,7.999999999999992,4.9584411085363405,4.483681840442986
447,-243.38027954101562,34.39028549194336,7.999999999999997,4.875560583296994,7.556842417493259
448,-243.06039428710938,34.316097259521484,8.000000000000009,3.225037674351498,6.689031720776726
449,-242.74037170410156,34.24187469482422,7.999999999999998,8.946833986078227,3.5164151449531205
450,-242.4475860595703,34.182498931884766,7.999999999999997,9.662072667927278,7.30634252493052
451,-242.1549530029297,34.12315368652344,8.000000000000005,6.9274280249799975,3.1100247118279474
452,-241.8621063232422,34.06376266479492,7.999999999999994,1.999117242822265,3.989493740742923
453,-241.80137634277344,34.07073211669922,8.0,3.2237986991081016,4.260226385840976
454,-241.73477172851562,34.078372955322266,7.999999999999998,12.90620968890447,1.6793419539397867
455,-241.66806030273438,34.086029052734375,8.000000000000002,2.730246933946792,3.727809750798331
456,-241.79104614257812,34.13848876953125,8.00000000000001,4.931618711622342,2.766891832562192
457,-241.9029541015625,34.186214447021484,7.999999999999993,5.252394789261256,3.100103488076461
458,-241.96078491210938,34.227012634277344,8.0,9.510378487336967,6.401246109163342
459,-242.0187225341797,34.26787185668945,8.000000000000005,5.948782660428279,3.539825574227357
460,-242.07655334472656,34.30866622924805,8.00000000000001,2.3393024772226125,4.778297452609866
461,-242.0294647216797,34.86949157714844,8.0,4.218398212985865,3.6568317297147166
462,-241.9866180419922,35.37950897216797,7.9999999999999964,6.544261314849998,1.9398829043054395
463,-241.9438018798828,35.889404296875,8.000000000000005,9.24537498705858,5.4845270954456025
464,-241.87908935546875,36.535308837890625,8.000000000000005,6.235007733938739,2.2359646532126596
465,-241.814453125,37.18061065673828,8.000000000000005,4.1509197531169955,3.596919946372943
466,-241.749755859375,37.82636260986328,7.999999999999999,5.56982104162349,5.457368026513456
467,-241.69378662109375,38.54419708251953,7.999999999999999,9.701450701617308,1.8580184625494616
468,-241.6322021484375,39.33401870727539,8.00000000000001,5.34324530217963,4.404293048274414
469,-241.57615661621094,40.05275344848633,7.999999999999986,4.604861413042981,3.4725087813655007
470,-241.46749877929688,41.62010955810547,8.000000000000002,7.6577218402975795,2.2833698567905927
471,-241.36863708496094,43.04602813720703,7.999999999999999,5.860566918757159,4.400315300514944
472,-241.269775390625,44.472137451171875,8.000000000000005,10.193940162584417,1.9829442253323455
473,-241.15740966796875,46.194480895996094,7.999999999999993,3.7916279322452535,4.6566118583698355
474,-241.04513549804688,47.91563415527344,8.000000000000005,3.5707209048368194,3.5196792559048022
475,-240.94297790527344,49.48151397705078,8.0,12.672371105169647,4.155098698677354
476,-240.92977905273438,51.15644073486328,8.000000000000004,4.012091491181668,4.310588237049142
477,-240.91661071777344,52.82960891723633,7.999999999999993,5.903694710217225,2.066410311509601
478,-240.90213012695312,54.669002532958984,7.999999999999995,5.778029293421259,3.5679652474065215
479,-241.29090881347656,56.285118103027344,7.999999999999999,2.9355128075157766,3.671987686629984
480,-241.7179412841797,58.060272216796875,8.000000000000002,8.657979521507237,4.35745275295526
481,-242.10719299316406,59.67837905883789,8.00000000000001,7.482398091872667,5.609240261959046
482,-242.8861541748047,61.41960144042969,7.999999999999999,8.12445241911231,6.117933697666961
483,-243.60806274414062,63.03327941894531,7.999999999999994,14.323155057704634,8.951721865418872
484,-244.32330322265625,64.63209533691406,8.000000000000002,9.22484039962503,8.176020846898428
485,-245.63450622558594,67.1124267578125,8.000000000000009,15.707247214731778,9.649438597950812
486,-246.94790649414062,69.5969467163086,8.000000000000002,14.302064685794978,11.400195398490874
487,-248.10235595703125,70.97038269042969,7.999999999999995,3.708762233198798,6.2210889090741786
488,-249.25552368164062,72.34230041503906,8.000000000000002,18.19669790557665,9.894475875277701
489,-250.52227783203125,73.84934997558594,7.999999999999991,14.242457705679511,10.084041035664944
490,-251.84426879882812,75.05020141601562,8.000000000000018,8.22364884149767,6.114900700066022
491,-253.2986602783203,76.3713150024414,7.999999999999993,16.133487651183525,7.763092045589405
492,-254.750244140625,77.68987274169922,8.0,9.18755411113941,5.813468110874627
493,-256.15155029296875,78.97294616699219,8.000000000000009,20.414212375353348,12.448049436547642
494,-257.68707275390625,80.37890625,7.999999999999991,13.98357158283022,11.11929480432211
495,-259.0905456542969,81.66397857666016,8.000000000000009,9.57649798667853,9.52158289194492
496,-260.5148010253906,82.92538452148438,8.000000000000005,14.727254848219548,10.174118248491393
497,-262.0736999511719,84.30602264404297,7.999999999999993,6.092002408318041,7.6888059418860655
498,-263.5023498535156,85.5712890625,8.000000000000023,13.719779189624166,9.428684212949504
499,-264.9350280761719,86.8134536743164,8.000000000000023,20.604890805294417,14.579373519464395
500,-266.5103759765625,88.1793212890625,8.000000000000007,5.756928293605199,12.38024909633196
501,-267.94476318359375,89.4229507446289,7.999999999999995,17.74503036259137,15.259931067990147
502,-269.3892822265625,90.6632080078125,8.000000000000016,15.314803144415245,17.915704277474926
503,-270.97442626953125,92.024169921875,7.999999999999995,12.791125211014725,12.353042761230135
504,-272.4178161621094,93.26346588134766,8.000000000000009,22.209854575796836,19.426476964320095
505,-273.9466857910156,94.55138397216797,7.999999999999998,7.327628229763956,18.251759639262517
506,-275.4753112792969,95.83911895751953,8.0,21.283385701021928,15.679466556981078
507,-277.00323486328125,97.12625885009766,7.999999999999982,17.754124661675935,14.99196317531126
508,-278.5319519042969,98.3955078125,8.0,17.0891098318548,2.0821187475563265
509,-280.060546875,99.6646499633789,8.0,22.88866876285432,15.534419060157363
510,-281.588623046875,100.93338012695312,8.000000000000025,18.341011726881206,3.6173573140238995
511,-283.04119873046875,102.16487121582031,7.999999999999978,2.2631070163290543,10.52460712611085
512,-284.63873291015625,103.51927185058594,7.999999999999989,18.645976372434557,5.23268888280676
513,-286.09234619140625,104.75164031982422,8.0,15.229958540592243,14.222326472650522
514,-287.6138000488281,106.0279312133789,8.000000000000004,13.617296420745578,17.43181577025674
515,-289.1354675292969,107.30440521240234,8.00000000000001,12.98152364199705,16.33896478951327
516,-290.6573181152344,108.5810317993164,7.999999999999983,12.057778372523448,15.610817331744952
517,-292.20294189453125,109.85389709472656,7.999999999999994,8.220914814649097,18.897202205172118
518,-293.7490539550781,111.12715911865234,7.999999999999981,17.381712840692103,20.46094023502147
519,-295.2937927246094,112.3992919921875,8.000000000000012,9.414704258404223,14.886807581052404
520,-296.8227844238281,113.6799087524414,8.000000000000023,10.675005160199335,13.149157492930067
521,-298.3514709472656,114.96026611328125,7.999999999999987,15.088979572215912,14.110506551785221
522,-299.8791809082031,116.23981475830078,7.9999999999999964,4.074253414275237,9.454555485259153
523,-301.4210510253906,117.51980590820312,8.000000000000004,11.692536247877632,11.291639194399753
524,-302.9621887207031,118.79920196533203,8.000000000000018,15.2532646849001,11.744173183565835
525,-304.50543212890625,120.08033752441406,8.00000000000001,8.917017923196182,9.54544189918757
526,-306.0237731933594,121.29379272460938,8.00000000000001,15.364772898106041,12.367719748696084
527,-307.5467834472656,122.51099395751953,8.000000000000023,4.629768237025083,6.761925804692801
528,-309.21337890625,123.84293365478516,7.999999999999982,9.436060966814798,8.043732593427794
529,-311.48468017578125,125.45458984375,7.999999999999983,11.554183237127383,10.27933780346769
530,-313.98260498046875,127.22704315185547,7.999999999999997,2.4350636007860054,6.363842366405698
531,-315.52703857421875,128.31698608398438,8.000000000000004,13.483107801109547,11.247234230558192
532,-317.2200622558594,129.5117950439453,8.000000000000009,9.867527438416825,10.107578934967258
533,-318.7620544433594,130.6000213623047,8.000000000000005,5.998838358953139,7.194660483983494
534,-320.32354736328125,131.67010498046875,7.9999999999999964,13.961881163107023,10.863975800411543
535,-322.04034423828125,132.8466339111328,7.999999999999998,1.6880844768538594,5.156065092690786
536,-323.6027526855469,133.91734313964844,8.000000000000016,10.418735363663368,9.299453227187596
537,-325.35205078125,135.10166931152344,7.999999999999994,14.559623653334112,10.531168835682074
538,-326.9438781738281,136.17941284179688,8.000000000000007,2.94539654751594,7.248098539884243
539,-328.535400390625,137.25692749023438,8.000000000000002,12.171112857263747,11.034154485367687
540,-330.219970703125,138.3772430419922,7.999999999999984,11.380164701741553,8.347329959109238
541,-331.9036865234375,139.4969482421875,8.000000000000012,8.073873712591473,9.675844508633444
542,-333.590576171875,140.6187744140625,8.000000000000012,20.984069051993384,13.35519860347586
543,-335.299560546875,141.70977783203125,8.000000000000012,1.400273842328131,8.308853697580316
544,-337.0084533691406,142.8007049560547,8.000000000000002,12.638700924940403,10.942669743689374
545,-338.71722412109375,143.89157104492188,7.999999999999983,18.54351269403524,11.193412542310474
546,-340.3313903808594,144.94007873535156,7.999999999999983,1.303883183009142,8.435771751412172
547,-341.9457702636719,145.98873901367188,8.000000000000004,14.675670510053964,11.404916941789459
548,-343.7213439941406,147.14210510253906,7.999999999999984,12.624499664612568,10.152378130618716
549,-345.41619873046875,148.24368286132812,8.0,6.549772043375728,9.083852076446203
550,-347.1117248535156,149.34571838378906,8.000000000000016,13.448433467551272,11.067497785502113
551,-348.6539611816406,150.3480987548828,8.000000000000002,7.411301103962096,9.074209132029827
552,-350.2903747558594,151.43093872070312,8.000000000000021,6.065337697767046,8.361904851250788
553,-351.92608642578125,152.5133514404297,7.999999999999983,9.655369241311902,8.466312104520945
554,-353.566162109375,153.5986328125,7.999999999999995,3.780917228665641,6.656048476303786
555,-355.2530212402344,154.6995086669922,8.000000000000005,7.086308176469958,7.352344478571268
556,-356.78955078125,155.70225524902344,8.000000000000005,3.8752143857579413,5.429154660902941
557,-358.3251953125,156.70445251464844,7.999999999999989,0.298042342575228,4.731646324789999
558,-359.27899169921875,157.27662658691406,8.000000000000004,8.178244914100823,3.8934393881048064
559,-360.32257080078125,157.90264892578125,8.000000000000005,2.849949046487787,2.833827324815065
560,-361.3684997558594,158.53009033203125,8.000000000000002,4.490406783271473,5.048023673333886
561,-361.5625,158.70816040039062,8.000000000000018,6.790291200159306,2.290702127276534
562,-361.756591796875,158.8863067626953,8.000000000000018,4.263780152820782,3.5358035959645777
563,-361.401611328125,158.74021911621094,8.000000000000012,5.095293353914848,3.202189670379001
564,-361.0788879394531,158.60740661621094,7.999999999999995,4.58201679902672,1.7135669695951459
565,-360.7557678222656,158.47442626953125,8.000000000000007,3.406825793037473,5.154069270959927
566,-360.1834716796875,158.25628662109375,8.000000000000027,7.694711455860501,2.6936686074541387
567,-359.6632385253906,158.0579833984375,7.999999999999997,2.191111004002318,1.286796480418132
568,-359.09112548828125,157.83990478515625,7.999999999999991,3.534975801388485,4.416981527256378
569,-358.4125061035156,157.44131469726562,8.00000000000001,5.6829065522939,3.1968153683192804
570,-357.73309326171875,157.04226684570312,8.000000000000009,0.8098962661696266,3.876225560602051
571,-356.98736572265625,156.60426330566406,7.999999999999987,7.12651280533692,3.1036976354056605
572,-355.90716552734375,156.0657958984375,7.999999999999989,3.1250638311542764,3.2855790470869346
573,-354.8252868652344,155.5264892578125,7.999999999999999,5.568954402133807,6.51953823141795
574,-353.6376647949219,154.93446350097656,8.00000000000001,9.871099644147538,6.864612939201056
575,-351.8291320800781,154.26657104492188,8.000000000000028,0.9408854279486012,6.40150041972583
576,-350.0169982910156,153.59735107421875,8.000000000000009,8.106792641321741,7.865265514361514
577,-348.031005859375,152.86392211914062,8.000000000000012,7.977837438851675,6.078819959698116
578,-345.6299133300781,151.90760803222656,8.000000000000016,4.0060251509476945,7.142314596285117
579,-343.2307434082031,150.9520721435547,7.999999999999986,15.350167543798694,10.974873918429882
580,-340.5963439941406,149.90283203125,7.999999999999997,2.8990488795661284,8.2487087266072
581,-337.7970886230469,148.6259002685547,7.999999999999992,12.558411082784723,11.194863684135807
582,-334.9996032714844,147.34976196289062,8.000000000000004,11.94837479114414,10.181821519705334
583,-332.20166015625,146.0734405517578,7.999999999999994,5.927044920618858,7.9543034878572945
584,-329.4218444824219,144.74349975585938,7.999999999999984,12.25737734103532,10.456102983239031
585,-326.3731689453125,143.28492736816406,7.9999999999999885,2.262406912391625,6.7469666684835605
586,-323.5925598144531,141.95462036132812,8.000000000000018,11.013352953886178,10.535218390918713
587,-320.7728271484375,140.6655731201172,7.999999999999975,11.637790152021337,10.279128991625994
588,-317.9525146484375,139.3762664794922,7.999999999999972,6.21886446384493,8.873655944881746
589,-314.8506774902344,137.958251953125,8.0,11.933275441733526,11.722258496243784
590,-310.1631164550781,135.9050750732422,7.999999999999989,5.652689583858404,7.601277066252315
591,-305.904541015625,134.039794921875,7.999999999999988,12.115755979382753,10.225501913777505
592,-302.87823486328125,132.73512268066406,7.999999999999976,11.810421422120498,10.702087503344258
593,-299.8516845703125,131.43031311035156,7.99999999999999,3.7384750713080153,8.198055507077742
594,-296.8154296875,130.12135314941406,7.999999999999996,15.097875581601803,13.16104742193752
595,-293.98590087890625,128.87022399902344,8.00000000000001,10.46463202023447,9.806013148254465
596,-290.8750305175781,127.49466705322266,8.0,6.915406400402989,11.45809599895473
597,-287.77740478515625,126.12498474121094,8.00000000000002,15.406121661000649,13.888568687258486
598,-284.7847900390625,124.76673126220703,8.000000000000002,10.658002716486903,9.78728845780953
599,-281.7932434082031,123.40894317626953,8.000000000000009,8.169691454418283,10.59060176177422
600,-278.8006286621094,122.05068969726562,7.999999999999991,8.283691470067199,5.704613076081045
601,-275.9123840332031,120.75180053710938,8.000000000000016,10.140239102681624,2.017517297571922
602,-272.74658203125,119.32808685302734,7.999999999999991,10.872137120048135,2.9411186888989382
603,-269.8647155761719,118.03205871582031,7.999999999999993,13.503754574517279,4.736567625505127
604,-267.037353515625,116.79301452636719,7.999999999999985,2.9250285784551613,3.7062900308993094
605,-263.93048095703125,115.43147277832031,7.9999999999999805,16.84550457663941,9.035484379387778
606,-260.84710693359375,114.08021545410156,7.999999999999999,11.533738188682829,8.93666836366056
607,-257.8822937011719,112.78462219238281,8.000000000000009,3.6573745816714824,5.507397638922769
608,-254.93836975097656,111.49815368652344,8.000000000000021,21.09976691454334,10.134942048816415
609,-251.72735595703125,110.09497833251953,8.000000000000004,10.731565547182106,6.604687340041831
610,-248.52195739746094,108.68334197998047,7.999999999999999,8.13390693192779,10.350025298576229
611,-245.5406494140625,107.37039947509766,7.999999999999999,1.2967440883971038,11.036062642678534
612,-242.57696533203125,106.0652084350586,8.000000000000009,8.958857229074143,14.217339507142063
613,-239.30657958984375,104.62032318115234,7.999999999999991,10.539286099407608,13.573701759527868
614,-236.33230590820312,103.30626678466797,7.99999999999999,9.434293076041403,14.535593623746573
615,-233.3551025390625,101.99092102050781,7.999999999999992,11.48107695214731,14.627903798974186
616,-230.3217010498047,100.60299682617188,7.999999999999993,1.747535080616982,12.22751875077826
617,-227.28855895996094,99.21519470214844,8.000000000000012,7.724092874548377,11.29828887237233
618,-224.2557830810547,97.82756805419922,7.9999999999999885,16.39705514134688,12.516622858628066
619,-221.19956970214844,96.47349548339844,7.999999999999993,22.563518448355367,1.7043292162007202
620,-218.14288330078125,95.11922454833984,8.000000000000004,7.191563366293234,4.0908063248425135
621,-215.08497619628906,93.764404296875,7.999999999999991,14.869208435639674,9.799404582652334
622,-212.0742950439453,92.42574310302734,7.999999999999997,19.854468231408124,14.174541632775538
623,-209.0592498779297,91.08515167236328,7.999999999999995,12.495696583809998,13.640600783477153
624,-206.04693603515625,89.74577331542969,8.000000000000002,26.691059906948,21.55785993659299
625,-203.00331115722656,88.43207550048828,8.00000000000001,9.260035049453668,13.32116221411682
626,-199.96046447753906,87.11870574951172,8.000000000000002,20.93382524991809,18.477411145638253
627,-196.9169921875,85.80506134033203,7.999999999999996,19.111206632507503,20.400007048613478
628,-193.94146728515625,84.52278137207031,8.000000000000007,4.663713405020071,11.853510759014869
629,-190.96539306640625,83.24026489257812,7.999999999999989,20.49553691181312,16.1131485463371
630,-187.6951141357422,81.8309555053711,7.99999999999999,12.2438696531943,12.862498627414725
631,-184.639404296875,80.46227264404297,7.999999999999996,7.510470288435126,9.191919991282555
632,-181.58236694335938,79.0929946899414,8.000000000000004,22.69471193654559,15.952251417840586
633,-178.52432250976562,77.7232666015625,7.9999999999999964,10.06128854673465,13.630657887625228
634,-175.4991912841797,76.3694076538086,7.999999999999994,19.201311444969345,14.058365169156682
635,-172.47206115722656,75.0146484375,7.999999999999999,22.040055614352916,18.344507375458498
636,-169.44541931152344,73.66011047363281,7.9999999999999964,11.33175329323321,15.840695014929606
637,-164.8690185546875,71.61128234863281,8.000000000000004,21.570097178703424,18.237794122831353
638,-160.2950439453125,69.56355285644531,7.999999999999996,10.601028784347093,14.69934782450329
639,-157.47520446777344,68.32182312011719,7.999999999999999,20.606331087739047,13.987668364623726
640,-154.3899383544922,66.96321868896484,7.999999999999997,23.481891037039894,18.976518389196183
641,-151.57359313964844,65.72303009033203,8.000000000000005,6.0419621818480875,15.018751460076226
642,-149.53396606445312,64.71604919433594,8.00000000000001,23.927407700463686,17.92052383733336
643,-147.67930603027344,63.800376892089844,8.000000000000009,20.722661394368952,18.292154415283
644,-145.82395935058594,62.88438034057617,8.000000000000005,11.520915735385083,14.091252474706005
645,-145.80694580078125,62.32038497924805,7.999999999999998,21.668019338953716,16.574821893494125
646,-145.78990173339844,61.75592803955078,8.000000000000012,6.927951256650404,11.981684444944996
647,-145.7729034423828,61.192325592041016,7.999999999999994,23.790925828383216,12.881810268203896
648,-146.5421600341797,61.21087646484375,8.000000000000002,20.39324630380862,15.149342638408159
649,-147.3113555908203,61.22942352294922,8.0,9.676708118965289,12.057503249620767
650,-148.08091735839844,61.247982025146484,8.000000000000009,19.143582732884777,14.751912450199779
651,-148.108154296875,61.30363464355469,8.00000000000001,13.388262338939255,13.385263308723404
652,-148.1353759765625,61.35929489135742,8.000000000000002,16.726363928373207,10.683716877590875
653,-148.16261291503906,61.41496276855469,7.999999999999996,20.762933054126133,15.245117405156128
654,-148.1230926513672,61.47601318359375,8.000000000000004,8.720480571760081,10.962354686501262
655,-148.08352661132812,61.53709411621094,8.0,22.89928271164034,14.579755482015422
656,-148.04006958007812,61.60420608520508,7.999999999999994,18.429222519614267,15.607019833949737
657,-148.21701049804688,61.63016891479492,8.0,10.095610890605528,13.521797464901798
658,-148.39414978027344,61.65616226196289,7.99999999999999,19.63601580413228,16.7240111333995
659,-148.5711212158203,61.68212890625,8.0,13.643279169114775,14.369128021030983
660,-148.72430419921875,61.637603759765625,7.999999999999993,16.98954502916019,12.687696183485217
661,-148.87750244140625,61.593074798583984,8.000000000000002,20.52130822513742,15.93668006361681
662,-149.0306854248047,61.548545837402344,8.000000000000002,9.078899612934467,11.40939709345016
663,-149.0669403076172,61.512611389160156,7.999999999999991,19.241914113614044,14.566527506020194
664,-149.10678100585938,61.47312927246094,8.00000000000001,18.160203803757998,16.1563277296168
665,-149.1430206298828,61.437225341796875,7.999999999999998,14.726543263783986,11.955610354488613
666,-149.12939453125,61.463199615478516,8.000000000000002,20.45983830185749,15.894248404615121
667,-149.11578369140625,61.489173889160156,8.000000000000005,8.470085989437136,11.453827780703437
668,-149.1021728515625,61.51515197753906,8.000000000000004,22.250776129738433,14.765428286371414
669,-149.10897827148438,61.5225715637207,8.000000000000004,20.420285101611395,17.8517072797476
670,-149.11578369140625,61.529991149902344,8.000000000000005,15.191192529676563,15.113165514475542
671,-149.12258911132812,61.53741455078125,8.000000000000009,19.336916130714236,17.196291689132618
672,-149.04354858398438,61.497920989990234,8.000000000000009,13.267488819570403,14.009542237352218
673,-148.96446228027344,61.45841598510742,8.000000000000004,16.694498630839963,12.38104067939879
674,-148.8774871826172,61.41496276855469,8.0,20.72910464148323,16.14968172386219
675,-148.44296264648438,61.237342834472656,8.000000000000004,8.919219323928923,11.485570223365398
676,-148.0474853515625,61.07568359375,7.9999999999999885,19.211791043458152,14.510705834939529
677,-147.65199279785156,60.914024353027344,7.99999999999999,17.78396372648662,15.793647135417318
678,-146.78369140625,60.6616325378418,7.999999999999999,16.139650740363084,11.55684509591834
679,-145.9160614013672,60.40943145751953,8.000000000000004,20.48561284221433,15.90643136654338
680,-145.04782104492188,60.15705108642578,8.000000000000002,12.190960024685989,13.772839872483072
681,-144.4994659423828,59.85633850097656,7.99999999999999,22.322172897895687,16.39343065497558
682,-143.95172119140625,59.55595016479492,7.999999999999993,19.668159002883083,17.940704754416224
683,-143.4036102294922,59.25536346435547,8.000000000000004,5.532644415346941,12.978716155246218
684,-143.45632934570312,59.165565490722656,7.999999999999991,18.478641965158698,14.476976643255936
685,-143.5139923095703,59.067344665527344,8.000000000000012,16.61495126277273,14.786077397425776
686,-143.56700134277344,58.97706604003906,7.9999999999999964,10.24387276962273,9.617793660440212
687,-143.4983367919922,58.98100662231445,8.000000000000002,19.210840982376585,13.630912377861856
688,-143.43556213378906,58.9846076965332,8.000000000000005,11.630402753682784,12.051246873822622
689,-143.3729705810547,58.988197326660156,8.000000000000004,18.81882473763693,14.524930038814306
690,-143.34661865234375,59.00255584716797,8.000000000000007,18.78895004794366,16.680957254951554
691,-143.3202362060547,59.01694107055664,8.000000000000005,10.678975445624264,11.324607643739878
692,-143.29127502441406,59.0327262878418,7.999999999999997,20.521446359745514,15.15702244247921
693,-143.31105041503906,59.0327262878418,7.999999999999988,16.61270418730459,15.118866953310231
694,-143.330810546875,59.0327262878418,8.000000000000002,22.63225451507224,14.698387814929447
695,-143.3525390625,59.0327262878418,7.999999999999998,18.98231982748979,16.69023069285218
696,-143.40359497070312,59.08281326293945,7.999999999999997,9.056049297515717,11.343098294716919
697,-143.4546661376953,59.132911682128906,7.999999999999993,18.787369475755426,13.959261867041137
698,-143.4579620361328,59.08980178833008,7.999999999999994,16.56818353558031,14.354515399243253
699,-143.4612579345703,59.046695709228516,8.000000000000009,10.189962818052972,10.419861764799256
700,-143.46487426757812,58.99932861328125,8.000000000000002,19.22510770287949,14.159632608745174
701,-143.43084716796875,58.954803466796875,7.999999999999999,11.487220783362185,12.32450426613025
702,-143.3968048095703,58.9102783203125,7.999999999999999,22.198687271985705,15.275903388900142
703,-143.36276245117188,58.865745544433594,8.000000000000005,18.667253330002104,16.764320099059628
704,-143.37681579589844,58.858089447021484,7.999999999999997,8.84864118803731,11.66395580184819
705,-143.39083862304688,58.85044479370117,8.000000000000007,20.017353721623987,15.23777376522465
706,-143.4036102294922,58.843482971191406,8.0,16.31881162143491,14.99412184202554
707,-143.4036102294922,58.85784912109375,8.000000000000009,18.62823207001098,11.79629106923763
708,-143.4036102294922,58.87351989746094,7.9999999999999964,19.005245013381856,14.771231068016547
709,-143.4036102294922,58.88801193237305,7.999999999999996,7.153528109130529,9.602297525329636
710,-143.41348266601562,58.905967712402344,7.999999999999992,18.526645628359567,12.938058140845355
711,-143.42434692382812,58.92570495605469,8.000000000000002,18.595589032071125,15.810907933453977
712,-143.4342498779297,58.94367218017578,8.000000000000002,10.418221081911573,10.977255536007414
713,-143.47706604003906,58.92930603027344,8.000000000000004,19.244915666672078,14.635009051057317
714,-143.51988220214844,58.91494369506836,7.999999999999993,11.730317904809194,12.598105559746404
715,-143.56700134277344,58.89914321899414,8.000000000000004,22.476159460119476,15.65523479859959
716,-143.590087890625,58.906333923339844,8.000000000000002,18.737506947596295,17.072631715823864
717,-143.61541748046875,58.914222717285156,8.0,8.753771867361207,11.60307024915229
718,-143.63848876953125,58.92140579223633,7.9999999999999964,18.375708768718628,13.997618783595579
719,-143.6248779296875,58.93253707885742,8.000000000000004,16.35794445861727,14.202304697421832
720,-143.61126708984375,58.943668365478516,8.000000000000004,10.100746701167752,9.80454028901735
721,-143.59764099121094,58.954803466796875,7.999999999999996,19.206233233437057,14.0053064619112
722,-143.5772247314453,58.954803466796875,8.000000000000007,11.530126615337517,12.237777100724259
723,-143.55677795410156,58.954803466796875,7.999999999999997,22.48606117025059,15.459842021413097
724,-143.53636169433594,58.954803466796875,7.99999999999999,18.746341840731557,17.24443054926459
725,-143.52032470703125,58.91398620605469,8.0,8.868183049031076,11.647065846666038
726,-143.5057373046875,58.87687683105469,7.999999999999992,19.932927602780357,15.132742208951543
727,-143.538330078125,58.87687683105469,8.000000000000002,16.228009643662684,14.952305704784125
728,-143.56797790527344,58.87687683105469,7.999999999999996,21.63341350664485,14.572123546906662
729,-143.59764099121094,58.87687683105469,8.000000000000002,18.503334321829424,16.487487593170254
730,-143.53607177734375,59.10188674926758,7.999999999999987,8.902212866634533,11.538646040946137
731,-143.48007202148438,59.30660629272461,8.000000000000007,18.877433025689545,14.083934187800196
732,-143.4240264892578,59.51139831542969,7.999999999999994,17.08037023301342,14.73298313105539
733,-143.00880432128906,60.395076751708984,7.999999999999993,11.675794277109812,12.176197439977622
734,-142.5524444580078,61.36627960205078,7.999999999999995,21.71172464959804,17.29461381262165
735,-142.1372528076172,62.24985885620117,7.9999999999999964,8.835394301158832,15.353511108626748
736,-142.2937774658203,63.466373443603516,7.999999999999989,22.818908403142427,14.737745769837538
737,-142.45030212402344,64.68299865722656,8.000000000000005,22.766534786310928,18.1665744537256
738,-142.60702514648438,65.90113830566406,8.000000000000004,6.282819081612701,16.390206975754364
739,-143.5851593017578,66.93292999267578,7.999999999999991,26.87010964271961,20.113197438049262
740,-144.5650634765625,67.96660614013672,7.999999999999987,15.065051289002719,16.232468235184545
741,-145.45631408691406,68.9067611694336,8.00000000000001,12.375071162482572,13.597495828105597
742,-146.68765258789062,69.60233306884766,8.000000000000004,22.8846780895146,18.222176465846204
743,-148.03573608398438,70.36384582519531,8.000000000000005,5.058409853170337,14.45976735085702
744,-149.37789916992188,71.12202453613281,7.9999999999999885,14.42177857153516,12.855267480976353
745,-150.61305236816406,71.59953308105469,8.000000000000009,17.74982532478583,14.624941812541786
746,-151.84901428222656,72.07735443115234,8.000000000000007,6.326599749066934,9.87170744880987
747,-153.20758056640625,72.60256958007812,7.999999999999991,26.30940541371934,17.37227077043865
748,-155.34170532226562,73.28709411621094,7.999999999999998,7.874167188756196,14.000329530445914
749,-157.4763946533203,73.9718017578125,8.000000000000004,20.12768789277199,13.433024097575919
750,-159.203369140625,74.50363159179688,7.999999999999997,21.43429932507619,18.088845678264782
751,-160.77369689941406,74.98722839355469,7.999999999999999,4.19560117443341,14.610352363671204
752,-162.5009307861328,75.5191421508789,7.999999999999995,24.479938911765515,17.146546620583116
753,-164.32679748535156,75.98976135253906,8.000000000000009,16.470840111220447,15.281237622588938
754,-166.3332061767578,76.50691223144531,7.999999999999991,14.401881305152777,12.460125524518538
755,-168.1586456298828,76.97742462158203,8.000000000000004,24.926161946476473,20.12948464554789
756,-170.2132110595703,77.51460266113281,7.999999999999989,7.184425166185125,17.256580515423803
757,-172.0809326171875,78.00292205810547,8.000000000000007,19.176030596651582,15.842778640500024
758,-173.94912719726562,78.49137115478516,7.9999999999999964,19.68105596004549,17.1795163518102
759,-175.8144989013672,78.9737319946289,8.000000000000007,7.001774952246288,13.833715020866721
760,-177.6796112060547,79.45601654052734,8.000000000000007,25.0937551787468,19.60134765030845
761,-179.54556274414062,79.93852996826172,8.000000000000005,10.383604557171797,15.88404587495877
762,-181.41416931152344,80.41712951660156,7.999999999999991,11.736538104879143,12.433636932603012
763,-183.28305053710938,80.89580535888672,8.000000000000002,23.056443577655433,17.73491001047506
764,-185.15220642089844,81.37454986572266,7.999999999999999,3.8901084601428813,13.854585706187203
765,-186.9937744140625,81.84137725830078,7.999999999999994,20.849784604822563,15.019714492519007
766,-189.0194091796875,82.35486602783203,8.000000000000002,17.701329261566734,14.941106578752883
767,-190.86099243164062,82.82170104980469,8.000000000000004,12.594592350234567,10.783852276326519
768,-192.71914672851562,83.32991790771484,7.999999999999997,22.794719977358703,16.46363526323552
769,-194.578125,83.83836364746094,8.000000000000007,9.171053876515154,13.81219252890229
770,-196.43699645996094,84.3467788696289,8.000000000000004,22.028847143810008,14.346622780875974
771,-198.3873291015625,84.86249542236328,7.999999999999994,21.19253289331236,17.564885163447126
772,-200.33766174316406,85.37820434570312,7.999999999999994,5.754268884283427,14.709732114191329
773,-202.2887420654297,85.89411926269531,7.9999999999999885,26.055799381750873,21.06824987447936
774,-204.21278381347656,86.35020446777344,7.999999999999998,13.043772393589332,19.398864414772255
775,-206.328125,86.85163116455078,7.999999999999997,17.176732729124666,17.42383640673804
776,-208.25283813476562,87.30787658691406,7.999999999999998,24.04165500994265,20.208543261085378
777,-210.1998748779297,87.79022216796875,7.9999999999999885,7.682506460156594,18.312784287615322
778,-212.1474609375,88.27271270751953,8.000000000000004,20.579440961248494,18.581472263971015
779,-214.09437561035156,88.7550277709961,8.0,22.09815753200605,19.409574098515808
780,-215.94342041015625,89.19693756103516,7.9999999999999964,14.172355954082494,15.361411149559355
781,-217.97567749023438,89.68262481689453,7.999999999999995,20.665893455262747,14.388453168070622
782,-219.82357788085938,90.12425994873047,8.0,5.852614534403191,8.44735031312871
783,-221.82676696777344,90.63362121582031,8.000000000000009,7.775382590825741,3.7557563646419165
784,-223.64881896972656,91.096923828125,8.000000000000004,20.398684473039978,8.315093522352377
785,-225.4710693359375,91.5602798461914,7.999999999999999,5.0588193327002,4.859895475418772
786,-227.31642150878906,92.19490051269531,7.999999999999999,12.89928209771904,6.74616418108378
787,-229.160400390625,92.82905578613281,8.000000000000007,10.991713909205272,7.72246119319456
788,-231.00624084472656,93.4638442993164,8.000000000000007,3.1078380988773318,4.95956050489
789,-233.90895080566406,94.50687408447266,8.000000000000009,20.321283970626,12.489959680707077
790,-236.55160522460938,95.45646667480469,8.000000000000002,11.193038976634487,14.708218295166246
791,-238.54660034179688,96.2207260131836,8.000000000000012,13.907727350631164,9.921129245332773
792,-240.36712646484375,96.91815948486328,7.999999999999997,17.926096546796888,13.046307838825767
793,-242.18890380859375,97.61605834960938,7.999999999999999,16.016800037216377,6.5593382212400435
794,-244.05494689941406,98.58720397949219,8.000000000000007,19.153538354780483,11.190666405755874
795,-245.75389099121094,99.47138977050781,7.999999999999996,14.91645684643662,13.543851173125923
796,-247.62193298339844,100.44357299804688,8.000000000000002,15.216515618791801,8.887488095889228
797,-249.2537841796875,101.4964599609375,7.999999999999998,17.520866101130387,11.636531339305154
798,-251.04574584960938,102.65266418457031,8.000000000000002,13.434456173483403,6.7763719206216715
799,-252.67710876464844,103.70523834228516,8.000000000000025,3.9388206409092383,9.512265394818678
800,-254.19894409179688,104.81472778320312,7.999999999999999,8.857678730825473,11.215116111894687
801,-255.72320556640625,105.92599487304688,7.999999999999997,15.98452214622293,15.346692494167977
802,-257.395263671875,107.14501190185547,8.000000000000009,2.687087798382453,16.281840965902727
803,-258.9176940917969,108.22977447509766,8.000000000000002,15.496165082819457,15.168984642552571
804,-260.4407653808594,109.31502532958984,7.999999999999989,8.181942942856018,12.918018292307496
805,-262.1134338378906,110.5068588256836,8.0,6.308141359368597,13.464178521827892
806,-263.7135925292969,111.65731048583984,8.000000000000007,11.370087006840293,14.782654999604752
807,-265.31304931640625,112.80723571777344,7.999999999999976,4.305114054603762,9.41686159107156
808,-266.9132995605469,113.957763671875,7.999999999999997,13.62434943504991,9.856689314374751
809,-268.5203552246094,115.14909362792969,7.999999999999995,9.650668151394045,10.164233773087847
810,-270.1268615722656,116.34001922607422,7.999999999999997,2.83614029255535,6.798519110187737
811,-271.73358154296875,117.53112030029297,7.999999999999989,10.32015891030163,10.973029405761295
812,-273.207763671875,118.68585968017578,8.000000000000016,11.220779352807432,9.503262850639063
813,-274.8296813964844,119.9563217163086,7.9999999999999805,3.2655662254769293,8.124456410785326
814,-276.4517517089844,121.2269287109375,8.000000000000004,9.468538748405646,8.681794379659456
815,-278.048095703125,122.50807189941406,8.00000000000002,6.329961129031006,6.432377092361119
816,-279.5004577636719,123.67367553710938,8.000000000000004,4.663616894781441,7.347224191397421
817,-281.09844970703125,124.95613098144531,8.000000000000018,12.250047916994436,9.511827306891682
818,-283.39080810546875,126.81491088867188,8.000000000000002,2.4123425315033176,6.302899947564976
819,-285.683837890625,128.6741943359375,8.0,10.381340083056738,9.045064635955672
820,-287.1240234375,129.89248657226562,7.99999999999999,12.742320444488234,10.259630754494998
821,-288.7078857421875,131.23231506347656,8.000000000000009,0.7151260242081839,6.080395597683111
822,-290.2896728515625,132.5703887939453,7.9999999999999964,14.149155332625089,10.704850082236153
823,-291.78533935546875,133.79493713378906,8.000000000000009,4.473634280197454,5.035040202372925
824,-293.2826843261719,135.02084350585938,8.000000000000018,11.183520553091508,7.8838548606293095
825,-294.9261169433594,136.3663787841797,8.000000000000025,10.66879113498384,10.684563248903261
826,-296.44732666015625,137.60165405273438,8.000000000000002,2.7263378678248404,6.939847226900507
827,-297.9695129394531,138.8377227783203,8.000000000000009,11.147979919545788,10.522194511698256
828,-299.4911193847656,140.0733184814453,7.999999999999996,8.959848325019092,6.890267115295716
829,-301.0998840332031,141.42408752441406,8.000000000000025,8.670971772706746,8.294397991086269
830,-302.5628662109375,142.65243530273438,8.00000000000001,11.29325032060477,10.38698171542613
831,-304.02545166015625,143.8804473876953,7.999999999999999,4.803053899005808,4.756799433057512
832,-305.5746765136719,145.14605712890625,7.999999999999984,9.129285974201947,7.952605774426294
833,-307.1240539550781,146.41177368164062,7.9999999999999725,14.75887627832367,8.218247023165832
834,-308.672119140625,147.6764373779297,8.0,9.466003245498023,7.919456715937831
835,-310.2829284667969,148.9464569091797,7.999999999999992,15.187789738120346,12.480254252326244
836,-311.89483642578125,150.2173309326172,8.000000000000009,6.377262337801964,8.205538920691598
837,-313.3596496582031,151.3722381591797,7.999999999999994,10.154720681388381,10.916242571021153
838,-314.9186706542969,152.59669494628906,7.999999999999985,11.035341473993459,10.420769933193425
839,-316.47821044921875,153.82154846191406,8.000000000000005,4.717659998663827,5.036461954404092
840,-318.0369567871094,155.04579162597656,8.000000000000002,14.040163028237693,9.976040072252198
841,-319.66668701171875,156.27857971191406,7.999999999999986,9.958968383782208,5.465781417822965
842,-321.2928466796875,157.50868225097656,7.999999999999998,3.6526008685342757,4.0176294130641
843,-322.7755432128906,158.63027954101562,7.999999999999995,12.459507694294908,7.711627393686121
844,-324.4669494628906,159.92913818359375,8.000000000000005,5.439825451386934,3.543974613884273
845,-326.00640869140625,161.111328125,7.999999999999988,8.956403813104908,7.358385807806794
846,-327.5447692871094,162.2926788330078,8.0,6.046443431973808,5.605822488812325
847,-329.7925720214844,164.03598022460938,7.9999999999999964,6.1536189456941655,5.747241615640686
848,-332.25274658203125,165.9439697265625,7.999999999999996,9.68511172959897,9.58378314504369
849,-333.7705078125,167.15240478515625,7.9999999999999885,10.32021524037325,5.372637848003842
850,-335.2862854003906,168.35928344726562,7.999999999999978,8.48866462686584,8.702382434751303
851,-336.9504699707031,169.68429565429688,8.000000000000025,12.107936816921312,7.117102752633353
852,-338.47467041015625,170.87103271484375,8.000000000000005,10.994551834254423,3.222137304520837
853,-340.1466979980469,172.17286682128906,7.999999999999996,10.741379817942887,8.602404619515948
854,-341.66864013671875,173.35784912109375,8.0,17.3982191621324,2.3093723309040777
855,-343.20819091796875,174.47422790527344,7.999999999999981,7.451500060430323,1.1287674658721798
856,-344.8912658691406,175.6946563720703,7.99999999999999,10.5005669412037,2.6977654504313238
857,-346.4276428222656,176.80874633789062,7.999999999999997,17.532784056619192,5.372442066017889
858,-348.1031188964844,177.86666870117188,8.000000000000012,11.16122235993949,1.5935989652651046
859,-349.77764892578125,178.9239959716797,8.000000000000005,10.966495593266547,2.280272703609716
860,-351.4521789550781,179.98135375976562,7.999999999999994,14.529092113702525,3.847887040885905
861,-353.1844177246094,180.97923278808594,8.000000000000007,2.700530737423929,2.4078788850363257
862,-354.9168395996094,181.9772186279297,7.999999999999995,9.88990420955944,3.3367928923080066
863,-356.65032958984375,182.97584533691406,8.000000000000007,7.090740490390425,2.9110492605051754
864,-358.3006896972656,183.98841857910156,7.99999999999999,6.470139604465248,0.3821701836293962
865,-359.9513244628906,185.0011749267578,7.999999999999985,10.607585447727962,3.1536464766138943
866,-361.76678466796875,186.11505126953125,8.000000000000012,5.551161644462933,4.219048526696593
867,-363.35491943359375,187.07640075683594,8.000000000000009,10.476049682032384,2.808599251569644
868,-365.09765625,188.13133239746094,7.999999999999981,13.105825683344095,7.112740667718068
869,-366.8424072265625,189.18746948242188,8.000000000000002,1.607657449477886,5.041882889221645
870,-368.55572509765625,190.2322540283203,8.000000000000021,13.19966829317914,6.432663992223149
871,-370.2688903808594,191.27691650390625,7.9999999999999964,9.626700535618854,8.209064515145482
872,-371.8260803222656,192.22650146484375,8.000000000000014,2.65196519855398,5.416834043484775
873,-373.537841796875,193.2503204345703,8.000000000000012,14.8536388684053,7.8903601541928845
874,-375.2490539550781,194.27381896972656,7.999999999999999,6.085454305693202,8.114176130454686
875,-376.96295166015625,195.29891967773438,7.999999999999997,21.035700004911632,3.5616238201786
876,-379.53057861328125,196.84576416015625,8.000000000000004,15.72185736841964,8.937023492865901
877,-382.0998229980469,198.3936004638672,7.999999999999995,13.595255789208569,3.4340412048512183
878,-383.7599182128906,199.38453674316406,8.00000000000001,18.229492611766794,4.527502761420022
879,-385.42144775390625,200.3763427734375,7.999999999999998,12.517679711511612,7.113619478515156
880,-387.2469177246094,201.4660186767578,8.00000000000002,14.923092058645478,1.828770766014956
881,-388.8319396972656,202.5543670654297,8.000000000000009,14.680771652506037,5.2493798349614895
882,-390.573974609375,203.75054931640625,8.00000000000001,9.0835950627585,4.182871644582859
883,-392.15911865234375,204.8389892578125,7.9999999999999885,14.737977863722044,6.338492471747094
884,-393.6463928222656,206.11888122558594,7.9999999999999725,2.834138516922671,5.596274507374216
885,-395.1337890625,207.39883422851562,8.000000000000005,7.367533560485057,5.569206968403182
886,-396.6219787597656,208.6795196533203,8.00000000000001,14.814734550148215,5.109354829096752
887,-398.0214538574219,209.94296264648438,7.999999999999996,2.912746001188593,1.9554662996141312
888,-399.560546875,211.3324737548828,8.000000000000027,7.459662433729558,2.11235394488752
889,-400.9622802734375,212.59796142578125,8.000000000000004,9.788859201620316,2.3319847098395834
890,-402.49005126953125,214.03440856933594,8.000000000000009,3.395143454974349,2.2475260227805247
891,-403.88134765625,215.342529296875,7.999999999999981,12.86529931561226,3.5122418085691645
892,-405.2719421386719,216.64999389648438,7.999999999999975,6.708833243820869,5.913226017603931
893,-406.6560363769531,217.98985290527344,8.000000000000023,2.1771915591614146,3.9911375783399916
894,-408.0395202636719,219.3291473388672,7.999999999999988,12.77217125179494,6.949050122376695
895,-409.5611877441406,220.80221557617188,8.000000000000009,7.944415148989019,8.447970220088205
896,-411.035400390625,222.30255126953125,7.9999999999999964,3.7679605838656296,4.277651321580282
897,-412.3760070800781,223.66693115234375,7.999999999999986,11.785348555616226,6.704343600116698
898,-413.7176513671875,225.0323486328125,7.99999999999999,0.43096472609907327,4.790045753696952
899,-415.0327453613281,226.4407501220703,7.999999999999986,7.143974881450328,5.84248357231452
900,-416.3580017089844,227.86004638671875,7.999999999999986,13.844309779738916,10.530710754911505
901,-417.8026428222656,229.40721130371094,7.999999999999988,4.59406060493928,8.724417667129945
902,-419.09088134765625,230.8329620361328,7.999999999999988,12.856216268965756,12.480567949793288
903,-420.38153076171875,232.2613983154297,7.999999999999996,6.34424699755055,12.135245780656613
904,-421.7957458496094,233.8265838623047,8.000000000000014,2.559336993913187,8.159370160476364
905,-423.7689208984375,236.0883026123047,7.999999999999982,17.393472476259966,14.977675317025557
906,-425.7581787109375,238.36842346191406,7.999999999999992,5.369950986779144,14.694891463805748
907,-427.0047607421875,239.90916442871094,8.000000000000005,4.9041557000196985,11.849942738823724
908,-428.25006103515625,241.4483184814453,8.000000000000012,6.010208165135483,10.871911730083449
909,-429.4959411621094,242.98818969726562,7.999999999999978,12.702180331146058,3.748714025140988
910,-430.7725524902344,244.4873504638672,8.000000000000018,12.708360154117791,4.704825952837892
911,-432.04913330078125,245.98646545410156,7.99999999999999,10.688128967436246,6.047117027132339
912,-433.32562255859375,247.48548889160156,8.000000000000021,14.97307490605995,4.658164402562868
913,-434.60565185546875,248.9586944580078,7.999999999999984,9.318740451309528,7.36091632475904
914,-435.8853759765625,250.43153381347656,7.9999999999999964,10.320762424731146,7.762027149404194
915,-437.16552734375,251.90487670898438,8.000000000000009,14.706345822628897,8.922785017400635
916,-438.4551086425781,253.4366912841797,7.999999999999985,10.896077439322694,5.963838324688569
917,-439.7456970214844,254.9696807861328,7.999999999999984,11.374115256644059,7.445097085963325
918,-441.0360412597656,256.50238037109375,7.999999999999981,12.847543352081702,5.941517621390977
919,-442.3226013183594,258.0457458496094,7.999999999999982,12.845090624994253,8.298171790170144
920,-443.60980224609375,259.5898742675781,8.000000000000016,17.939472373999838,9.492954973369939
921,-444.8963623046875,261.1332702636719,8.000000000000009,7.620094423166567,9.219143979950152
922,-446.21337890625,262.6949768066406,8.000000000000007,12.707873341767844,13.238292068388102
923,-447.5318603515625,264.2584228515625,7.9999999999999885,9.687709020130521,12.71090600896245
924,-448.8486022949219,265.81982421875,8.000000000000002,12.80501777456892,12.179811137566226
925,-450.1956481933594,267.3493347167969,8.00000000000003,12.383432361697464,14.078870692506417
926,-451.4228210449219,268.7427062988281,7.999999999999992,7.24967044575109,10.943805657438395
927,-452.7701721191406,270.2725830078125,7.999999999999965,7.515701670513341,10.608611659569263
928,-454.0604553222656,271.7755432128906,8.00000000000002,10.975952040506789,9.844379334257335
929,-455.35009765625,273.2777099609375,8.000000000000016,7.031800757666269,9.23422712387773
930,-456.6407165527344,274.7810363769531,8.0,4.727492993659669,9.133099600659715
931,-457.9073181152344,276.27301025390625,8.000000000000007,6.1641453230059575,7.364778865285293
932,-459.17364501953125,277.7646789550781,7.999999999999993,3.84644047195957,6.872628579266133
933,-460.43975830078125,279.2560729980469,8.000000000000002,7.918034000732442,4.853240927745827
934,-461.7334899902344,280.73309326171875,8.000000000000004,0.7930501569575356,4.1710398661644215
935,-463.0269775390625,282.2098388671875,7.999999999999971,0.8419635545732906,3.9993341849185304
936,-464.32049560546875,283.68658447265625,7.999999999999992,5.644659956038882,1.834861351709368
937,-465.5886535644531,285.1946105957031,7.999999999999974,4.796518560494783,6.851852169799685
938,-466.9836120605469,286.8533935546875,7.999999999999971,12.324528690444424,4.724753049232637
939,-468.2522888183594,288.36199951171875,7.999999999999989,1.0384415952998938,5.4005175287605285
940,-469.551513671875,289.889404296875,8.000000000000007,7.79297203007727,7.399385206086468
941,-470.8517150878906,291.4179992675781,8.000000000000028,11.834991688361415,5.650268691247512
942,-472.1534729003906,292.9483642578125,8.000000000000034,3.3761269834098884,5.420103501120503
943,-473.5220031738281,294.5506286621094,8.000000000000002,9.023934331856534,5.610920470852453
944,-474.7676086425781,296.00897216796875,7.999999999999985,6.082351107829071,4.058772569747413
945,-476.0137634277344,297.46795654296875,8.00000000000002,16.513500862544507,6.967414703570978
946,-477.16741943359375,298.8033752441406,7.999999999999981,10.224848600811619,4.295321334613479
947,-478.322509765625,300.14044189453125,7.999999999999985,3.671821423910772,1.4580157998997485
948,-479.4757995605469,301.4754333496094,8.000000000000012,2.6442045312130733,2.3285423577167115
949,-480.0034484863281,302.1618957519531,7.999999999999998,13.147461531465607,4.035943317487595
950,-480.5308532714844,302.84808349609375,7.999999999999992,6.975184072226903,8.16520101705768
951,-481.0587463378906,303.53485107421875,7.999999999999991,8.27024258498991,10.627584041143928
952,-480.9981384277344,303.5174560546875,8.000000000000016,10.81275266772626,13.048190380541294
953,-480.9313659667969,303.4983215332031,7.999999999999994,11.84152502629218,8.531717955240277
954,-480.8647155761719,303.47918701171875,7.999999999999992,12.086925486938103,9.12215898800666
955,-480.19537353515625,302.9892272949219,7.999999999999996,5.602222518878611,6.10883087911416
956,-479.4656066894531,302.4550476074219,8.000000000000007,8.280312982047045,1.3465657843012804
957,-478.6358337402344,301.84967041015625,8.000000000000025,9.210079686478576,1.1576410786535245
958,-477.80670166015625,301.2447509765625,8.000000000000014,4.383429428826955,2.562684820432941
959,-476.9022521972656,300.58489990234375,8.0,12.5904534586846,1.122103509254186
960,-475.5808410644531,299.6831970214844,7.999999999999994,7.131856516490144,2.5940628355018216
961,-474.3531494140625,298.8454284667969,7.9999999999999885,2.4141314058438583,3.4251255955659303
962,-473.13385009765625,298.0133972167969,7.999999999999993,12.43432967420416,7.555174146326737
963,-471.3346862792969,296.9286804199219,7.999999999999987,3.9507853588358595,4.792027806724356
964,-469.53460693359375,295.8433837890625,7.9999999999999805,7.3820098894811235,3.5271733044529796
965,-467.557861328125,294.65155029296875,7.999999999999963,4.748736023760888,3.475005700568542
966,-465.18170166015625,293.2563171386719,7.999999999999995,7.464066786195352,1.1681102556128036
967,-462.8042907714844,291.8603515625,7.999999999999994,14.404563429871544,4.973052622695374
968,-460.4295349121094,290.4659423828125,8.000000000000012,6.486134365479279,5.2033873320437705
969,-458.9386901855469,289.5532531738281,7.999999999999977,3.1907966352829904,4.8346045751270275
970,-457.4474792480469,288.6402893066406,7.99999999999997,2.6662338476682668,4.800402975776585
971,-455.95648193359375,287.72747802734375,8.00000000000002,2.7484775638154257,5.441225706204547
972,-455.8806457519531,287.59454345703125,8.000000000000012,13.917429864329224,6.612255765347736
973,-455.80487060546875,287.461669921875,8.000000000000004,2.9059867901526126,4.116825773831944
974,-455.7215881347656,287.31561279296875,8.000000000000016,3.87606771061112,7.742965859582538
975,-456.0074768066406,287.5085144042969,7.999999999999982,13.497852303062054,10.29790348313014
976,-456.2934265136719,287.70147705078125,7.999999999999983,5.376948156919169,10.91010355851315
977,-456.5794372558594,287.89447021484375,7.99999999999998,11.883314946108928,13.519306186016737
978,-456.72576904296875,288.1207580566406,8.000000000000004,6.762742708570292,13.375951572860531
979,-456.8721923828125,288.34716796875,7.999999999999986,12.54873856464295,14.652017412604243
980,-457.0185546875,288.5735168457031,8.000000000000009,16.897808094340885,19.270659077155592
981,-456.9674987792969,288.60693359375,7.999999999999987,5.995388485082377,20.250036976967785
982,-456.9164123535156,288.64031982421875,8.000000000000002,15.180446164360893,20.633545302848223
983,-456.8653869628906,288.6737060546875,8.000000000000012,12.064237588086023,18.044986127544323
984,-456.729248046875,288.6329040527344,7.999999999999996,12.99657302488809,16.179041303356435
985,-456.5930480957031,288.5920715332031,8.000000000000012,19.23732893436011,18.728175271093637
986,-456.4568786621094,288.5512390136719,7.999999999999972,4.500676836105605,15.764603184752803
987,-456.361328125,288.4794006347656,8.000000000000012,17.139141313394642,16.443189093184646
988,-456.2562255859375,288.4004211425781,7.999999999999988,11.012150074719283,13.931751340526164
989,-456.1607360839844,288.32861328125,7.999999999999993,6.086671964866831,11.736337728594835
990,-456.13690185546875,288.2544250488281,8.00000000000001,10.232085474416651,9.993326499604413
991,-456.1130676269531,288.1802062988281,8.000000000000007,6.7311704890954225,9.058869804795942
992,-456.0892333984375,288.1059875488281,7.999999999999984,10.765692759151474,11.156198430843736
993,-456.1130676269531,288.0799865722656,8.000000000000018,11.621459564413811,10.942304992441617
994,-456.13690185546875,288.05401611328125,7.9999999999999964,5.494754743715649,9.521918848786598
995,-456.1607360839844,288.0280456542969,7.999999999999991,13.802626046308504,12.108634675722104
996,-456.1437072753906,288.06146240234375,8.000000000000009,12.6464061854313,11.206440080527159
997,-456.1266784667969,288.0948486328125,7.999999999999984,8.846595062053652,10.940596106616251
998,-456.1096496582031,288.12823486328125,8.000000000000004,14.65217743725563,11.230504925089084
999,-456.0858154296875,288.14678955078125,7.9999999999999805,7.361966282894611,10.787662140464409
1000,-456.06201171875,288.16534423828125,8.000000000000004,10.634311486453043,12.630961015376991
1001,-456.0381774902344,288.18389892578125,8.00000000000002,12.262962509735395,13.534183927045813
1002,-456.05517578125,288.21356201171875,7.999999999999976,5.706840731690156,11.611447708646633
1003,-456.07220458984375,288.2432556152344,7.999999999999991,14.453338523170297,14.938041382731608
1004,-456.0892333984375,288.27294921875,8.000000000000014,6.892169081029406,12.796206941308645
1005,-456.1218566894531,288.249267578125,8.000000000000018,8.381337303390799,11.802441859988026
1006,-456.1514892578125,288.22772216796875,8.000000000000009,13.813574191571316,13.046389625851953
1007,-456.18115234375,288.2061767578125,7.999999999999991,5.1650998075364,10.503976643137765
1008,-456.1879577636719,288.1950378417969,7.999999999999989,15.527364228103137,14.616054454872394
1009,-456.19476318359375,288.18389892578125,8.000000000000021,13.86667527465005,13.457648870817474
1010,-456.2015686035156,288.1727600097656,8.000000000000007,8.437972186483632,12.204751450013724
1011,-456.19476318359375,288.1913146972656,7.999999999999981,14.21668237977291,12.863663542646249
1012,-456.1879577636719,288.2098693847656,7.9999999999999725,7.282350395168278,11.301828676426966
1013,-456.18115234375,288.2284240722656,7.999999999999986,10.958460563831872,12.681116790276588
1014,-456.1875305175781,288.2249450683594,8.000000000000012,14.371379003366338,14.935015302323395
1015,-456.194580078125,288.2210998535156,7.9999999999999964,5.978344635463903,12.02844514373209
1016,-456.2015686035156,288.21728515625,7.999999999999979,14.249548013555488,14.969553599981232
1017,-456.1817932128906,288.2352600097656,8.000000000000002,12.535009036844643,13.913772364254875
1018,-456.1620178222656,288.2532043457031,8.000000000000012,8.102679715539765,11.891158939460789
1019,-456.1402893066406,288.27294921875,7.999999999999979,12.950746453078766,12.205616658301079
1020,-456.16583251953125,288.33416748046875,8.000000000000005,5.02675549869519,10.141888356274645
1021,-456.19134521484375,288.3954162597656,7.999999999999998,10.977205513636994,12.228822680094073
1022,-456.2045593261719,288.3558654785156,7.999999999999994,16.0672553638237,15.71004403173501
1023,-456.2177429199219,288.31634521484375,7.999999999999984,7.750983518119364,13.939422422218637
1024,-456.2322082519531,288.27294921875,7.99999999999999,18.06927003638682,16.901199145717946
1025,-456.1935119628906,288.2192687988281,7.9999999999999885,7.16583646097786,13.747240212895859
1026,-456.15496826171875,288.165771484375,8.000000000000002,10.480517166543397,13.045166518368578
1027,-456.119873046875,288.1170959472656,8.000000000000007,12.943308610163246,12.734031331874942
1028,-456.0926513671875,288.09857177734375,7.999999999999992,5.482313197349476,10.613826088764078
1029,-456.0653991699219,288.0799865722656,8.000000000000012,13.564756878643772,13.001615010932726
1030,-456.0381774902344,288.0614318847656,8.00000000000001,14.429405282349213,11.445037876136483
1031,-456.03497314453125,288.06842041015625,8.000000000000025,7.109256113153476,10.993834519407033
1032,-456.0314636230469,288.0760803222656,7.999999999999985,13.417799872025553,10.972440439129146
1033,-456.0279541015625,288.0837097167969,8.000000000000034,6.878782875740708,9.925363588393893
1034,-456.0213317871094,288.14501953125,7.9999999999999964,9.148932478446685,11.210301732933639
1035,-456.01409912109375,288.2120056152344,8.000000000000018,13.358501959634612,12.17523865145509
1036,-456.0075378417969,288.27294921875,8.000000000000007,5.354911038166121,10.145831583390176
1037,-455.97869873046875,288.23455810546875,7.999999999999972,13.485126945465588,12.64959939261196
1038,-455.9470520019531,288.1923522949219,7.999999999999997,12.408874971980925,11.400636107512508
1039,-455.9156188964844,288.1505126953125,7.99999999999997,12.565588556170178,12.77805994619102
1040,-455.6431579589844,287.9500427246094,7.999999999999977,17.514671557134424,15.529979595147912
1041,-455.37109375,287.7498474121094,7.999999999999985,6.92746830530939,12.90567742612776
1042,-455.0986328125,287.54937744140625,7.9999999999999805,14.267659580336321,14.2891556704572
1043,-454.4962158203125,287.1932373046875,7.999999999999988,16.11038161434116,15.054861251857039
1044,-453.893798828125,286.8370666503906,7.999999999999982,11.72876224071937,14.35210113288141
1045,-453.291015625,286.480712890625,7.999999999999998,18.679978215042603,19.04281753492228
1046,-452.222412109375,285.8055725097656,8.000000000000007,14.687687975138417,15.341298628989929
1047,-451.1537780761719,285.1304016113281,7.9999999999999725,17.637482229818783,16.252392315400044
1048,-450.08428955078125,284.4546813964844,7.999999999999979,18.95873151180525,19.45081124970681
1049,-448.42645263671875,283.37860107421875,8.00000000000002,15.557686903205127,12.768662753441067
1050,-446.768798828125,282.3026123046875,7.999999999999992,21.44746869552726,18.344021445591054
1051,-445.1108093261719,281.2264404296875,7.999999999999994,19.13388762594453,16.406128221014463
1052,-442.9400329589844,279.8542175292969,8.000000000000004,11.3484170514211,3.902614657250884
1053,-440.7690124511719,278.48187255859375,8.000000000000014,14.493373069344688,4.527040734427946
1054,-438.4012145996094,276.98516845703125,8.0,13.659169295398318,7.431714773121496
1055,-435.843017578125,275.36529541015625,8.000000000000023,5.516764344825337,5.641654104394549
1056,-433.263427734375,273.73187255859375,7.9999999999999645,10.26477112082969,7.5582027642213845
1057,-430.7010192871094,272.109375,8.000000000000034,6.95965526806659,8.434502249504154
1058,-426.8499755859375,269.60980224609375,8.000000000000009,7.073004690167629,4.025882070203548
1059,-422.6229553222656,266.8662109375,7.99999999999998,15.003191654575314,8.085677109086953
1060,-419.8501281738281,265.0935363769531,7.999999999999996,3.5893787181673664,6.32131683796403
1061,-417.0742492675781,263.3188781738281,8.000000000000032,19.114837316444284,9.91241760549818
1062,-414.2997741699219,261.5451354980469,8.00000000000002,12.69543149400844,14.115318286354244
1063,-411.2735290527344,259.6844177246094,7.999999999999974,7.425143007076203,13.230738230958986
1064,-408.52392578125,257.9938049316406,7.9999999999999964,20.021789057345337,19.99403078646765
1065,-405.7723693847656,256.302001953125,7.999999999999989,8.281812701037946,18.363293506040918
1066,-403.11895751953125,254.65374755859375,7.999999999999977,20.04953083894521,15.191140920296483
1067,-400.2083740234375,252.845703125,7.999999999999993,11.823126843073275,14.026756456941735
1068,-397.2959899902344,251.03659057617188,7.999999999999994,6.764228666590977,5.905525465852804
1069,-394.5057373046875,249.26361083984375,7.999999999999995,5.205330570694358,3.769704464035876
1070,-391.71441650390625,247.489990234375,8.000000000000016,6.936127122002803,4.097129220617909
1071,-388.9217834472656,245.71551513671875,8.000000000000012,3.8144305676119474,6.450439881937327
1072,-386.143310546875,243.91171264648438,8.000000000000007,4.592430721883059,6.0867058525610105
1073,-383.36572265625,242.10845947265625,8.000000000000005,6.4084590444674925,9.196773490127736
1074,-380.58837890625,240.30538940429688,8.000000000000007,4.38971632407972,8.97703694770967
1075,-377.8736572265625,238.56005859375,7.99999999999998,5.33668438363992,9.398159924712873
1076,-375.1526184082031,236.81068420410156,7.999999999999996,7.609968312896815,10.03158365796812
1077,-372.1733093261719,234.895263671875,7.999999999999992,4.849032563713257,6.499610412939633
1078,-369.3402099609375,233.13587951660156,8.000000000000025,12.855531720894234,9.951940530069464
1079,-366.507080078125,231.37649536132812,7.999999999999978,11.852253984322095,10.054126147746224
1080,-363.676513671875,229.61871337890625,7.999999999999989,10.36555211798738,8.799837995340619
1081,-361.0223388671875,227.96498107910156,8.000000000000018,13.105740740182538,12.880602461587785
1082,-358.10552978515625,226.1476287841797,7.999999999999983,3.3250150972004318,10.898325831867062
1083,-355.1899719238281,224.33103942871094,8.000000000000023,11.575354473206454,12.617749214669107
1084,-351.1648864746094,221.77389526367188,8.000000000000012,9.104088367541962,12.689213464661835
1085,-346.7442321777344,218.96543884277344,7.999999999999989,6.4355085890771475,11.53425829713405
1086,-343.8734130859375,217.12535095214844,7.999999999999977,12.90420774288791,13.933053117270717
1087,-341.0033264160156,215.28573608398438,8.000000000000014,6.8447862028059046,12.521249435821659
1088,-338.39044189453125,213.61097717285156,7.999999999999989,6.79711688855772,11.289310947575041
1089,-335.52252197265625,211.7858123779297,7.999999999999996,16.395558692989336,15.337399221074278
1090,-332.6539611816406,209.96022033691406,8.000000000000018,8.061572570928316,9.367215531254447
1091,-330.0468444824219,208.301025390625,8.00000000000002,10.276955272659183,9.679202016231942
1092,-327.2398376464844,206.50228881835938,8.0,8.423006958896318,8.560715108633115
1093,-324.429443359375,204.7013702392578,8.000000000000016,12.192434228737886,6.405341758852924
1094,-321.6215515136719,202.90203857421875,7.999999999999997,7.440254730891828,7.6881128857849
1095,-318.77154541015625,201.1204833984375,7.999999999999996,4.178440561109106,4.4644123376728695
1096,-315.9222717285156,199.33937072753906,8.00000000000002,9.266749345815278,6.487921051465879
1097,-313.0736999511719,197.55870056152344,8.000000000000012,7.641038905824539,6.164045824728193
1098,-310.3135681152344,195.83432006835938,8.000000000000016,10.397819328168572,5.39039559863135
1099,-307.3031921386719,193.95361328125,7.999999999999988,6.430033053531062,6.271309577683115
1100,-304.5564880371094,192.2376251220703,8.000000000000004,3.971506409661574,2.716229622265662
1101,-301.740234375,190.4744415283203,7.999999999999994,9.965366639827112,4.458438157267183
1102,-298.9256286621094,188.7122802734375,7.999999999999992,6.321084019638491,3.799035298507327
1103,-296.11077880859375,186.949951171875,7.999999999999981,6.838932370294381,0.7807181373311097
1104,-293.50213623046875,185.28282165527344,7.9999999999999964,3.1762175659470664,2.2600127592867447
1105,-290.6324768066406,183.4488983154297,7.999999999999986,7.7013588114754565,2.277489558996501
1106,-287.7671813964844,181.6177520751953,8.000000000000007,8.02577986840042,3.0137010169335365
1107,-285.0561218261719,179.91217041015625,8.000000000000005,5.355394356713125,2.4158665830120354
1108,-282.34503173828125,178.20655822753906,8.000000000000027,12.179884858718175,5.916830023281688
1109,-279.3623046875,176.330078125,7.999999999999988,4.316568071284753,3.1016899222039873
1110,-274.939453125,173.52549743652344,8.000000000000004,13.949024826025179,8.000067459367777
1111,-270.86553955078125,170.9422149658203,8.00000000000001,12.081827623179246,8.788631449513643
1112,-268.18585205078125,169.2104949951172,7.999999999999977,7.404145338726082,7.29863389261794
1113,-265.2349853515625,167.3035430908203,7.999999999999983,18.11420000801671,10.41260118809782
1114,-262.28704833984375,165.39849853515625,7.999999999999998,8.278271685260922,9.579565587038086
1115,-259.55682373046875,163.6753387451172,8.000000000000012,17.361065816320583,12.261962390290131
1116,-256.5542907714844,161.7803192138672,7.9999999999999725,20.532835495862763,13.497858845504101
1117,-253.82090759277344,160.05516052246094,8.000000000000002,6.473064767163796,8.520390796267746
1118,-251.05770874023438,158.3080596923828,8.00000000000001,16.711329859847705,10.801171834826413
1119,-248.29263305664062,156.55978393554688,7.999999999999991,10.51469964022865,2.494107436100817
1120,-245.52838134765625,154.81201171875,7.999999999999984,7.108127749221676,4.24517158980664
1121,-242.76480102539062,153.04612731933594,8.00000000000001,7.420036847107324,2.42982383106745
1122,-240.00369262695312,151.2818145751953,7.999999999999987,17.221549833889473,8.10063502417265
1123,-237.23583984375,149.51321411132812,7.999999999999988,10.989657235802214,5.450129703208165
1124,-234.49920654296875,147.7901611328125,8.000000000000014,9.213564708830999,3.739241274283781
1125,-231.49073791503906,145.8959503173828,7.999999999999984,10.532495116825405,8.909973466784459
1126,-228.74928283691406,144.1698760986328,7.999999999999999,10.742129658684195,5.598449702123817
1127,-225.81781005859375,142.3313751220703,8.00000000000001,12.100418702470279,5.560749688216629
1128,-222.8794403076172,140.48854064941406,8.000000000000005,5.268038764406069,5.531171102355946
1129,-220.21165466308594,138.81539916992188,8.000000000000012,9.41730200473864,3.8212012675207156
1130,-217.21551513671875,136.92379760742188,8.000000000000007,7.627942920452225,5.993041801064132
1131,-214.49151611328125,135.20399475097656,7.9999999999999885,6.004222635314522,5.07402019285695
1132,-211.76593017578125,133.4832000732422,8.000000000000002,16.782800414270476,2.9292757947046626
1133,-209.04757690429688,131.75563049316406,7.999999999999995,5.990037324225485,2.3011109536551118
1134,-206.32176208496094,130.0233154296875,8.000000000000007,19.427741119611635,4.9442186036522955
1135,-203.34063720703125,128.1287384033203,8.000000000000005,11.04439533099863,2.3748186609445496
1136,-200.51148986816406,126.3474349975586,7.999999999999988,9.8046624004668,7.162868391906573
1137,-197.68243408203125,124.56620788574219,8.000000000000012,4.754621375111225,7.535454853682317
1138,-194.85406494140625,122.785400390625,7.999999999999987,8.545024885442263,11.900631180617536
1139,-192.0177764892578,120.99646759033203,7.999999999999993,3.6627682336355036,10.709998006231299
1140,-189.18141174316406,119.20748901367188,8.000000000000005,5.598604629485756,9.185235675867816
1141,-186.34707641601562,117.4197998046875,7.999999999999992,8.503369319515393,12.293265955718523
1142,-183.55494689941406,115.63081359863281,8.000000000000004,5.350599466812565,6.768885941439331
1143,-180.76480102539062,113.84308624267578,8.000000000000004,6.676749845144907,6.185311894027014
1144,-177.97283935546875,112.05419921875,7.999999999999997,9.896068979080566,9.127769082098695
1145,-175.1536407470703,110.28015899658203,8.0,2.8887457877633773,4.4811697766623455
1146,-172.33653259277344,108.50743865966797,7.9999999999999964,7.621094191046863,6.278387194488774
1147,-169.51690673828125,106.7331314086914,8.000000000000002,13.04026742979792,8.754308549277598
1148,-166.68472290039062,104.95948791503906,7.999999999999991,9.95663104903287,8.653027960188348
1149,-163.85231018066406,103.1856918334961,7.999999999999997,11.388697547422955,11.101043860092688
1150,-161.02012634277344,101.41205596923828,7.999999999999998,6.013174090651872,6.88844454096306
1151,-158.17091369628906,99.62356567382812,8.000000000000005,12.432623816193937,11.388782309267576
1152,-155.32330322265625,97.83607482910156,7.999999999999992,14.092414109669779,12.872070015503269
1153,-152.4722900390625,96.04645538330078,8.000000000000002,0.45361808064963477,7.32063159578252
1154,-149.82516479492188,94.34442138671875,8.000000000000004,16.047105353786982,12.595772796167331
1155,-146.9134063720703,92.47222900390625,7.9999999999999885,7.655589890396273,10.828999226590064
1156,-144.0061492919922,90.60293579101562,7.999999999999999,6.8742082050631765,8.674410903348438
1157,-139.83798217773438,87.919189453125,7.999999999999996,17.05562480165854,14.19578517849299
1158,-135.67276000976562,85.23733520507812,7.999999999999987,9.405805264875012,15.261287765888532
1159,-132.8868408203125,83.48136901855469,7.999999999999993,17.3969203117349,15.130331790130354
1160,-130.10357666015625,81.72706604003906,8.000000000000005,14.152591103280955,15.15147089812246
1161,-127.31895446777344,79.971923828125,7.999999999999998,20.814652498007987,7.139680371450639
1162,-124.50147247314453,78.22492980957031,7.999999999999992,18.463178604010878,15.538259791700655
1163,-121.68000030517578,76.47545623779297,7.9999999999999964,18.124607330960597,10.426739049845871
1164,-118.86302185058594,74.72877502441406,8.000000000000005,14.807610201472732,2.197254045575148
1165,-116.19981384277344,73.051025390625,8.000000000000002,17.612809932265705,13.90730396684303
1166,-113.27178192138672,71.20645141601562,7.999999999999999,26.632172590302876,8.816303212540126
1167,-110.34581756591797,69.36317443847656,8.000000000000002,10.548306863741885,12.936711380925189
1168,-107.5041732788086,67.54548645019531,7.999999999999999,15.114765168824885,15.321509064656627
1169,-104.66370391845703,65.72854614257812,7.999999999999996,22.680889438366815,20.765300273829997
1170,-101.81839752197266,63.90851974487305,7.999999999999997,8.766280632397738,19.859908617887946
1171,-98.92457580566406,62.05345916748047,7.999999999999994,23.91763178591851,20.76832298613439
1172,-96.2905502319336,60.36494445800781,7.999999999999995,18.01450241686492,18.912484909835797
1173,-93.41352844238281,58.52065658569336,7.999999999999997,15.70586237482744,16.23700753211035
1174,-90.70120239257812,56.80291748046875,8.0,24.971282556712477,20.763887233162716
1175,-87.73210144042969,54.92256164550781,8.0,7.910102794520497,13.530587112531228
1176,-85.02908325195312,53.210716247558594,8.000000000000004,26.040698352020264,19.435653526478344
1177,-82.29035949707031,51.505859375,7.999999999999998,18.329039922276696,18.719400094532304
1178,-79.28849792480469,49.6371955871582,8.0,0.4151495033645605,12.427222279104246
1179,-76.55272674560547,47.934173583984375,8.000000000000002,20.90260416750946,16.085844519099822
1180,-73.80789947509766,46.203880310058594,8.000000000000007,19.755359029995812,9.095350181916835
1181,-71.07186889648438,44.47914505004883,7.999999999999999,22.96866411117072,6.270868157746433
1182,-68.07637023925781,42.59083557128906,8.000000000000002,13.625842044138116,10.269880128112366
1183,-65.07719421386719,40.68674850463867,8.000000000000002,16.31053723192998,14.144628701506454
1184,-62.333858489990234,38.945091247558594,8.000000000000004,13.48258178003204,13.20684843424297
1185,-59.589805603027344,37.202972412109375,8.000000000000002,10.215240778515914,17.01788439728598
1186,-56.75384521484375,35.429100036621094,8.000000000000002,13.416319939143724,17.978913676308846
1187,-53.91852569580078,33.65562438964844,7.999999999999998,13.60293566087951,12.447546990034883
1188,-51.08280944824219,31.88190269470215,8.0,14.91325968944792,15.43856358467334
1189,-48.375633239746094,30.155149459838867,8.0,11.454115844054316,14.257022673036143
1190,-45.6643180847168,28.425758361816406,7.999999999999997,7.105109989628182,8.401372565970478
1191,-42.68815612792969,26.527435302734375,8.0,13.372582145662273,10.737089092414772
1192,-39.91069030761719,24.739112854003906,8.0,12.71473619002027,6.275383688902161
1193,-37.13270950317383,22.950458526611328,7.999999999999999,3.8583992613538487,4.61569266201613
1194,-34.354774475097656,21.161834716796875,8.0,13.73550948587675,5.899109877131019
1195,-31.521751403808594,19.36168670654297,8.0,24.074059996483026,8.512550211303882
1196,-28.691030502319336,17.562999725341797,7.999999999999999,9.326200967442839,4.392181825314931
1197,-25.85799217224121,15.762840270996094,8.000000000000004,25.16081621393165,9.772606555278543
1198,-23.043832778930664,14.023212432861328,7.999999999999999,9.421050851695549,5.757604263016449
1199,-20.227121353149414,12.282008171081543,8.000000000000002,19.246451919357447,12.567974969911596
1200,-17.412273406982422,10.541955947875977,8.0,20.409201252354816,11.264968339592096
1201,-14.758000373840332,8.920994758605957,8.0,17.93755679087946,8.991408410597733
1202,-12.100358963012695,7.297976970672607,7.999999999999999,20.94387588753898,6.2620282798205675
1203,-9.446541786193848,5.6772942543029785,8.0,11.744469686929577,9.45780706462417
1204,-7.240681171417236,4.304375171661377,8.0,9.110447790928648,11.081351832488835
1205,-5.034453868865967,2.9312281608581543,8.0,2.771687650973155,5.989882845149897
1206,-2.8288562297821045,1.5584728717803955,8.0,1.159775013207735,1.2675076733657287
1207,-1.2973566055297852,0.534582257270813,7.999999999999999,1.2194921273981958,2.978476292347324
1208,0.2352524697780609,-0.4900501072406769,7.999999999999998,2.0378182811957037,5.465405313894354
1209,1.7667585611343384,-1.5139451026916504,8.0,3.2631403655718625,7.5714972552858555
1210,2.570725440979004,-2.1137428283691406,8.0,4.782704654594422,9.158292025811216
1211,3.37847638130188,-2.7163639068603516,7.999999999999999,6.21991613141527,10.710979433933309
1212,4.258603096008301,-3.3729805946350098,8.0,6.369827789655557,11.510567310565392
1213,4.784184455871582,-3.690023422241211,7.999999999999999,6.675571311193393,11.924798126373377
1214,5.310488224029541,-4.007501602172852,7.999999999999999,5.973759278914878,11.514690357617603
1215,5.415514945983887,-3.9759202003479004,8.0,7.804705769800998,12.419846379243952
1216,5.5110697746276855,-3.9471869468688965,7.999999999999999,8.421226316802468,13.389523703404048
1217,5.606649875640869,-3.9184460639953613,8.0,9.562398700042403,14.552922020534695
1218,5.553946495056152,-3.9040839672088623,8.0,9.962143329188288,15.37933793002403
1219,5.4960036277771,-3.888293981552124,8.0,6.101838804304996,13.43056587053066
1220,5.4432501792907715,-3.873918294906616,8.0,9.379535388104918,14.453751616680552
1221,5.280296802520752,-3.9370739459991455,8.0,7.8987705360432106,14.120668580439434
1222,5.131995677947998,-3.9945504665374756,7.999999999999999,6.114158562585117,12.704009284073045
1223,4.983688831329346,-4.052029609680176,8.0,8.58489903113084,13.651967362639269
1224,4.890326976776123,-3.9933173656463623,8.0,7.599137868139321,13.547517239811246
1225,4.8038411140441895,-3.938929319381714,8.0,6.321573335669423,12.553866051758556
1226,4.718164443969727,-3.8850502967834473,8.0,5.497105842287268,11.645569826578514
1227,4.711565971374512,-3.7483949661254883,7.999999999999999,5.30516380713983,11.002537646325477
1228,4.7043280601501465,-3.5984930992126465,8.0,5.258474327455608,10.55526808052516
1229,4.697739601135254,-3.4620361328125,8.0,5.130414967686732,10.359977139540632
1230,4.694444179534912,-3.311176061630249,7.999999999999999,5.043022605674199,10.252371050739441
1231,4.691150665283203,-3.160377264022827,8.0,4.945619170209466,10.302510074912526
1232,4.687527179718018,-2.9944941997528076,7.999999999999999,4.847905379464699,10.356592326444261
1233,4.7226786613464355,-2.984044313430786,8.0,4.893506123425412,10.479159744805354
1234,4.7613205909729,-2.9725568294525146,8.0,4.898972675368085,10.602615051027739
1235,4.799864292144775,-2.9610984325408936,8.0,4.932917846773716,10.528417354939942
1236,4.843355655670166,-3.0796165466308594,8.0,5.386094992974583,10.921619834579262
1237,4.882905960083008,-3.187394380569458,7.999999999999999,5.204563346281372,10.988181797739603
1238,4.9224138259887695,-3.2950568199157715,7.999999999999999,5.236037200886133,10.97889459033526
1239,4.946234226226807,-3.395207166671753,8.0,5.430416148146162,11.146715970044905
1240,4.9700703620910645,-3.495424747467041,8.0,5.368677644363907,11.247796164519345
1241,4.993901252746582,-3.5956194400787354,8.0,5.606454352089436,11.363490235910016
1242,5.021136283874512,-3.6104629039764404,8.0,5.628803105640207,11.363801526274187
1243,5.048360824584961,-3.625300884246826,8.0,5.641568173007681,11.344856185522133
1244,5.075601100921631,-3.6401474475860596,8.0,5.81410577786185,11.480221068711474
1245,5.068787097930908,-3.662430763244629,7.999999999999999,5.627067518256153,11.406249631811884
1246,5.061983108520508,-3.6846792697906494,8.0,5.606706037798013,11.39242837612023
1247,5.055176258087158,-3.7069389820098877,8.0,5.605879934255389,11.413071643369236
1248,4.985660076141357,-3.7185966968536377,8.0,5.511927357542568,11.264153473505523
1249,4.9224138259887695,-3.72920298576355,8.0,5.511147305241328,11.104704561065136
1250,4.878164768218994,-3.7032313346862793,7.999999999999999,5.410339049573873,11.01408470351645
1251,4.833906650543213,-3.6772544384002686,8.0,5.370179221338103,11.053729308744723
1252,4.789651870727539,-3.6512792110443115,8.0,5.444867869443775,11.107441839612635
1253,4.46619176864624,-3.5956084728240967,7.999999999999998,5.9503488048965325,11.180300621461992
1254,4.142780303955078,-3.5399458408355713,8.0,6.307741306243573,11.636349104486051
1255,3.8194665908813477,-3.484300136566162,7.999999999999999,4.587463755048009,10.75841132039081
1256,3.8194665908813477,-3.484300136566162,7.999999999999999,4.491199245603941,10.502994031393595
1257,3.8194665908813477,-3.484300136566162,8.0,4.496524913267314,10.227449808718507
