frame_index,frame_id,reference_x,reference_y,search_center_x,search_center_y,jitter_m,visual_x,visual_y,visual_error_m,final_x,final_y,final_error_m,kalman_xy_x,kalman_xy_y,gru_xy_x,gru_xy_y
0,0,-18.780746459960938,-2.1595981121063232,-18.780746459960938,-2.1595981121063232,0.0,-13.725164413452148,-1.2636386156082153,5.134360062203189,-16.152116775512695,-0.9528300762176514,2.8924009249073803,-16.039731979370117,-1.6612141132354736,-16.152116775512695,-0.9528300762176514
1,1,-25.919267654418945,-1.4582853317260742,-25.919267654418945,-1.4582853317260742,0.0,-22.217599868774414,-1.649889349937439,3.706623327918987,-21.412220001220703,-0.7292642593383789,4.5656270404168025,-20.43785858154297,-1.5615719556808472,-21.412220001220703,-0.7292642593383789
2,2,-28.881437301635742,-1.16508948802948,-28.881437301635742,-1.16508948802948,0.0,-22.52801513671875,-1.4044976234436035,6.357931224931659,-23.077224731445312,-0.6830639243125916,5.824193695614285,-22.25267219543457,-1.3965702056884766,-23.077224731445312,-0.6830639243125916
3,3,-31.84273910522461,-0.8719794154167175,-31.84273910522461,-0.8719794154167175,0.0,-26.19841766357422,-1.344008445739746,5.6640247123526954,-27.218978881835938,-0.5182029604911804,4.637274671986871,-25.523059844970703,-1.2862255573272705,-27.218978881835938,-0.5182029604911804
4,4,-34.80412292480469,-0.5788613557815552,-34.80412292480469,-0.5788613557815552,0.0,-26.296127319335938,-0.8229289054870605,8.511495649502196,-28.90865707397461,-0.1327771544456482,5.912318387315175,-26.82665252685547,-0.9796174764633179,-28.90865707397461,-0.1327771544456482
5,5,-38.077056884765625,-0.2521708011627197,-38.077056884765625,-0.2521708011627197,0.0,-29.965103149414062,-0.7308599948883057,8.126065268546261,-31.663537979125977,0.13182801008224487,6.425004267705566,-29.36572265625,-0.7589905858039856,-31.663537979125977,0.13182801008224487
6,6,-41.34334182739258,0.07385636121034622,-41.34334182739258,0.07385636121034622,0.0,-33.300689697265625,0.9880398511886597,8.094441595291459,-34.75053787231445,1.0773043632507324,6.668730904969296,-32.289466857910156,0.17801903188228607,-34.75053787231445,1.0773043632507324
7,7,-44.61831283569336,0.40075016021728516,-44.61831283569336,0.40075016021728516,0.0,-39.29884719848633,-1.9792786836624146,5.827628330901495,-37.42234420776367,-0.3593212962150574,7.235998418534338,-35.85820770263672,-0.5738503932952881,-37.42234420776367,-0.3593212962150574
8,8,-47.93851089477539,0.7270652055740356,-47.93851089477539,0.7270652055740356,0.0,-38.16938400268555,-2.9694666862487793,10.445103554346224,-42.58192825317383,-0.2600966691970825,5.446784938228129,-38.407737731933594,-1.5342975854873657,-42.58192825317383,-0.2600966691970825
9,9,-51.25859451293945,1.0533686876296997,-51.25859451293945,1.0533686876296997,0.0,-50.824920654296875,0.21745654940605164,0.9417123331992494,-48.48713302612305,0.2259000539779663,2.892352522183987,-44.78377151489258,-0.9535728693008423,-48.48713302612305,0.2259000539779663
10,10,-54.585689544677734,1.3803616762161255,-54.585689544677734,1.3803616762161255,0.0,-54.069576263427734,1.8826282024383545,0.7201698288917598,-54.11363983154297,1.600951910018921,0.5210479660451487,-50.82466125488281,0.4560248553752899,-54.11363983154297,1.600951910018921
11,11,-57.930152893066406,1.7030118703842163,-57.930152893066406,1.7030118703842163,0.0,-54.707862854003906,1.8979504108428955,3.2281812418756117,-57.74634552001953,2.516240119934082,0.8337417683265795,-54.961856842041016,1.3202227354049683,-57.74634552001953,2.516240119934082
12,12,-61.281715393066406,2.0263473987579346,-61.281715393066406,2.0263473987579346,0.0,-71.48768615722656,3.3606817722320557,10.29282699063413,-62.87019348144531,1.9601008892059326,1.589858873387109,-62.52399444580078,2.5545411109924316,-62.87019348144531,1.9601008892059326
13,13,-64.62455749511719,2.3488411903381348,-64.62455749511719,2.3488411903381348,0.0,-75.41407775878906,6.955306053161621,11.731720506925376,-71.9689712524414,3.9967877864837646,7.52702739615854,-71.41114044189453,4.732222080230713,-71.9689712524414,3.9967877864837646
14,14,-67.96265411376953,2.678952693939209,-67.96265411376953,2.678952693939209,0.0,-74.39954376220703,6.409513473510742,7.439800540084338,-74.52389526367188,4.196764945983887,6.734511077994361,-76.18257904052734,6.067540645599365,-74.52389526367188,4.196764945983887
15,15,-71.30087280273438,3.009075880050659,-71.30087280273438,3.009075880050659,0.0,-76.67483520507812,5.20000696182251,5.803417174982183,-77.20745849609375,4.049493789672852,5.997518151674096,-79.45417022705078,6.325179100036621,-77.20745849609375,4.049493789672852
16,16,-74.64299774169922,3.3395848274230957,-74.64299774169922,3.3395848274230957,0.0,-79.19923400878906,5.8476481437683105,5.200929774601975,-80.14508056640625,4.356130599975586,5.595201579713678,-81.92432403564453,6.619662284851074,-80.14508056640625,4.356130599975586
17,17,-77.97047424316406,3.6625680923461914,-77.97047424316406,3.6625680923461914,0.0,-84.58065795898438,5.6331939697265625,6.897673166039197,-83.4485092163086,3.9472272396087646,5.48542596314223,-85.6916732788086,6.5833258628845215,-83.4485092163086,3.9472272396087646
18,18,-81.29307556152344,3.9850776195526123,-81.29307556152344,3.9850776195526123,0.0,-80.61783599853516,3.7485320568084717,0.7154734591014171,-85.20256042480469,3.6579430103302,3.9231478367219754,-86.58783721923828,5.690841197967529,-85.20256042480469,3.6579430103302
19,19,-84.62059020996094,4.3080644607543945,-84.62059020996094,4.3080644607543945,0.0,-85.51878356933594,4.550119400024414,0.9302375526984281,-87.2491683959961,3.5472609996795654,2.7364658204485783,-88.21676635742188,5.283848762512207,-87.2491683959961,3.5472609996795654
20,20,-87.91920471191406,4.623467922210693,-87.91920471191406,4.623467922210693,0.0,-89.84191131591797,4.285179138183594,1.9522397359132837,-89.75215148925781,3.139188289642334,2.3585546243901376,-90.54965209960938,4.839148044586182,-89.75215148925781,3.139188289642334
21,21,-91.22086334228516,4.939162731170654,-91.22086334228516,4.939162731170654,0.0,-91.37755584716797,5.15184211730957,0.26416862488735554,-91.54840087890625,3.222928047180176,1.747209869600018,-92.4323959350586,4.9257965087890625,-91.54840087890625,3.222928047180176
22,22,-94.5164794921875,5.254280090332031,-94.5164794921875,5.254280090332031,0.0,-94.29205322265625,4.656792163848877,0.6382467961132687,-93.52485656738281,2.6228187084198,2.8120997545417254,-94.73243713378906,4.777640342712402,-93.52485656738281,2.6228187084198
23,23,-97.71556854248047,5.570963382720947,-97.71556854248047,5.570963382720947,0.0,-97.11215209960938,4.589775085449219,1.151886226252488,-96.36430358886719,2.6947884559631348,3.1777821171650222,-97.1885757446289,4.6537394523620605,-96.36430358886719,2.6947884559631348
24,24,-101.2225570678711,5.918126583099365,-101.2225570678711,5.918126583099365,0.0,-98.89566802978516,4.749648094177246,2.6037961853106357,-98.84617614746094,2.8193812370300293,3.905049167254593,-99.3993911743164,4.642927169799805,-98.84617614746094,2.8193812370300293
25,25,-104.41236877441406,6.233891487121582,-104.41236877441406,6.233891487121582,0.0,-101.43992614746094,3.597978115081787,3.9728395985020835,-101.40314483642578,2.4558379650115967,4.830022476644324,-101.6993179321289,4.151352405548096,-101.40314483642578,2.4558379650115967
26,26,-107.75296020507812,6.5345540046691895,-107.75296020507812,6.5345540046691895,0.0,-112.78660583496094,2.1463565826416016,6.67786380079198,-109.10128021240234,2.3435683250427246,4.402536519892241,-108.24212646484375,3.2316713333129883,-109.10128021240234,2.3435683250427246
27,27,-111.09230041503906,6.835103988647461,-111.09230041503906,6.835103988647461,0.0,-118.50475311279297,3.0941481590270996,8.302963658574553,-119.6120834350586,2.990093946456909,9.3472351491101,-116.27495574951172,2.956460952758789,-119.6120834350586,2.990093946456909
28,28,-114.4308090209961,7.135579586029053,-114.4308090209961,7.135579586029053,0.0,-118.69349670410156,3.411025047302246,5.660637136899831,-124.33362579345703,4.347559452056885,10.287800362388834,-119.65851593017578,2.946004629135132,-124.33362579345703,4.347559452056885
29,29,-117.76180267333984,7.465998649597168,-117.76180267333984,7.465998649597168,0.0,-124.24160766601562,7.179331302642822,6.48614299186472,-127.66521453857422,6.5497846603393555,9.945703325887854,-123.98907470703125,4.344290256500244,-127.66521453857422,6.5497846603393555
30,30,-121.08988952636719,7.79612922668457,-121.08988952636719,7.79612922668457,0.0,-127.50013732910156,7.097976207733154,6.448154350690736,-130.37962341308594,7.522651672363281,9.293758424812225,-127.94115447998047,5.517655372619629,-130.37962341308594,7.522651672363281
31,31,-124.41860961914062,8.126322746276855,-124.41860961914062,8.126322746276855,0.0,-128.09463500976562,7.125356674194336,3.809868206379322,-132.30734252929688,8.185564041137695,7.888955346482771,-130.37120056152344,6.405002117156982,-132.30734252929688,8.185564041137695
32,32,-127.7506332397461,8.479126930236816,-127.7506332397461,8.479126930236816,0.0,-130.38270568847656,6.890186309814453,3.074497954234839,-133.4457244873047,8.238693237304688,5.7001642676957545,-132.75421142578125,6.914000511169434,-133.4457244873047,8.238693237304688
33,33,-131.07872009277344,8.831513404846191,-131.07872009277344,8.831513404846191,0.0,-133.73245239257812,6.7371649742126465,3.3806198348710947,-135.41441345214844,8.198265075683594,4.381693776716453,-135.20864868164062,7.153467178344727,-135.41441345214844,8.198265075683594
34,34,-134.4064178466797,9.183857917785645,-134.4064178466797,9.183857917785645,0.0,-138.87139892578125,6.759499549865723,5.080705613675949,-138.43508911132812,8.362338066101074,4.111579626532348,-138.52259826660156,7.268218994140625,-138.43508911132812,8.362338066101074
35,35,-137.9134521484375,9.491893768310547,-137.9134521484375,9.491893768310547,0.0,-138.7818145751953,6.76403284072876,2.8627396920488746,-140.16249084472656,8.504451751708984,2.456260734033699,-140.5347900390625,7.289036750793457,-140.16249084472656,8.504451751708984
36,36,-141.10328674316406,9.772066116333008,-141.10328674316406,9.772066116333008,0.0,-143.80953979492188,7.129042625427246,3.782773949580936,-143.22352600097656,8.527423858642578,2.4585664237514573,-143.56915283203125,7.3956451416015625,-143.22352600097656,8.527423858642578
37,37,-144.29208374023438,10.052149772644043,-144.29208374023438,10.052149772644043,0.0,-148.70811462402344,7.390407085418701,5.1561810382856414,-146.94741821289062,8.642091751098633,3.0065037478441967,-147.36827087402344,7.537896633148193,-146.94741821289062,8.642091751098633
38,38,-147.48928833007812,10.328798294067383,-147.48928833007812,10.328798294067383,0.0,-148.6731414794922,7.363626480102539,3.19276559830332,-149.3397979736328,8.632200241088867,2.5105439439012787,-149.76907348632812,7.597178936004639,-149.3397979736328,8.632200241088867
39,39,-150.68637084960938,10.605437278747559,-150.68637084960938,10.605437278747559,0.0,-153.34658813476562,7.440144062042236,4.134711253759423,-152.61822509765625,8.69014835357666,2.7203662441993086,-152.97421264648438,7.642673492431641,-152.61822509765625,8.69014835357666
40,40,-154.1981964111328,10.909310340881348,-154.1981964111328,10.909310340881348,0.0,-158.16551208496094,7.413541316986084,5.287721127690827,-156.67225646972656,8.686203002929688,3.326135807447349,-156.8740997314453,7.639758586883545,-156.67225646972656,8.686203002929688
41,41,-157.47799682617188,11.261993408203125,-157.47799682617188,11.261993408203125,0.0,-158.14596557617188,7.34025239944458,3.97822005308342,-159.1181640625,8.708309173583984,3.0350373528618366,-159.298095703125,7.585763454437256,-159.1181640625,8.708309173583984
42,42,-160.7559356689453,11.614477157592773,-160.7559356689453,11.614477157592773,0.0,-162.52517700195312,7.069703578948975,4.877005410655397,-162.03404235839844,8.606325149536133,3.268414785978063,-162.40731811523438,7.419760227203369,-162.03404235839844,8.606325149536133
43,43,-164.03280639648438,11.966845512390137,-164.03280639648438,11.966845512390137,0.0,-167.70516967773438,7.088461875915527,6.106134536193622,-165.6425018310547,8.600096702575684,3.731771287266081,-166.32962036132812,7.295285224914551,-165.6425018310547,8.600096702575684
44,44,-167.38104248046875,12.304368019104004,-167.38104248046875,12.304368019104004,0.0,-172.65220642089844,7.063404083251953,7.43322758051898,-170.0355682373047,8.591032981872559,4.564577098969417,-170.82276916503906,7.191503047943115,-170.0355682373047,8.591032981872559
45,45,-170.73062133789062,12.642024993896484,-170.73062133789062,12.642024993896484,0.0,-172.79019165039062,11.854337692260742,2.205058084788141,-173.02597045898438,10.428977966308594,3.1884486406435104,-173.73861694335938,8.945167541503906,-173.02597045898438,10.428977966308594
46,46,-174.08189392089844,12.979852676391602,-174.08189392089844,12.979852676391602,0.0,-177.57284545898438,12.092763900756836,3.6018979909378,-176.4930877685547,12.094562530517578,2.568578286398334,-177.31837463378906,10.40916633605957,-176.4930877685547,12.094562530517578
47,47,-179.34275817871094,13.486869812011719,-179.34275817871094,13.486869812011719,0.0,-181.68089294433594,12.156327247619629,2.690207742514201,-180.1256866455078,13.382518768310547,0.7898519636251019,-181.13819885253906,11.494416236877441,-180.1256866455078,13.382518768310547
48,48,-184.13096618652344,13.948331832885742,-184.13096618652344,13.948331832885742,0.0,-185.91212463378906,12.350615501403809,2.39274379952175,-183.9471435546875,14.340486526489258,0.4331005237705882,-185.17047119140625,12.286211967468262,-183.9471435546875,14.340486526489258
49,49,-187.249755859375,14.233661651611328,-187.249755859375,14.233661651611328,0.0,-190.19276428222656,12.363615036010742,3.4868858486469625,-187.86056518554688,14.977566719055176,0.9625397562216199,-189.36557006835938,12.769286155700684,-187.86056518554688,14.977566719055176
50,50,-190.67921447753906,14.547411918640137,-190.67921447753906,14.547411918640137,0.0,-190.3203887939453,12.42313003540039,2.1543744778165017,-190.49374389648438,15.306574821472168,0.7814906585961982,-192.0140838623047,13.045514106750488,-190.49374389648438,15.306574821472168
51,51,-194.10855102539062,14.861151695251465,-194.10855102539062,14.861151695251465,0.0,-195.17010498046875,12.445114135742188,2.638964624336892,-194.15548706054688,15.256834983825684,0.3984573455880782,-195.38414001464844,13.165292739868164,-194.15548706054688,15.256834983825684
52,52,-197.28343200683594,15.1630220413208,-197.28343200683594,15.1630220413208,0.0,-200.1950225830078,12.568584442138672,3.8998033462346275,-198.3900146484375,15.100027084350586,1.1083742631880134,-199.39503479003906,13.220149993896484,-198.3900146484375,15.100027084350586
53,53,-200.77069091796875,15.494592666625977,-200.77069091796875,15.494592666625977,0.0,-205.39549255371094,12.649906158447266,5.4296437728250275,-203.10678100585938,14.95151138305664,2.3983857444756764,-203.96026611328125,13.223721504211426,-203.10678100585938,14.95151138305664
54,54,-203.94317626953125,15.796236038208008,-203.94317626953125,15.796236038208008,0.0,-205.42381286621094,12.570969581604004,3.5488911574634345,-205.82225036621094,14.95943546295166,2.056977069284424,-206.84597778320312,13.139087677001953,-205.82225036621094,14.95943546295166
55,55,-207.35537719726562,16.129146575927734,-207.35537719726562,16.129146575927734,0.0,-209.55966186523438,12.546086311340332,4.206803032839456,-209.07252502441406,14.98487377166748,2.06348174473394,-210.07525634765625,13.024030685424805,-209.07252502441406,14.98487377166748
56,56,-210.75604248046875,16.4609317779541,-210.75604248046875,16.4609317779541,0.0,-212.93399047851562,12.25419807434082,4.7370946724033605,-212.50390625,14.941065788269043,2.3162513644769502,-213.2972412109375,12.793608665466309,-212.50390625,14.941065788269043
57,57,-213.8697052001953,16.76471519470215,-213.8697052001953,16.76471519470215,0.0,-212.50856018066406,12.14680290222168,4.8143358529746285,-214.10694885253906,14.860100746154785,1.9193334124619357,-214.86952209472656,12.561436653137207,-214.10694885253906,14.860100746154785
58,58,-217.09425354003906,17.10219955444336,-217.09425354003906,17.10219955444336,0.0,-214.60215759277344,11.766488075256348,5.889003243292179,-216.3009490966797,14.993145942687988,2.253317349401123,-216.204345703125,12.230321884155273,-216.3009490966797,14.993145942687988
59,59,-220.6431427001953,17.473630905151367,-220.6431427001953,17.473630905151367,0.0,-219.25827026367188,12.093074798583984,5.55592077709554,-218.69602966308594,14.641331672668457,3.4370289672338488,-218.97625732421875,12.119161605834961,-218.69602966308594,14.641331672668457
60,60,-223.8677215576172,17.811119079589844,-223.8677215576172,17.811119079589844,0.0,-218.14178466796875,16.94585609436035,5.790944076559976,-220.20419311523438,16.53168487548828,3.880514467280445,-220.04107666015625,13.971693992614746,-220.20419311523438,16.53168487548828
61,61,-227.08807373046875,18.138076782226562,-227.08807373046875,18.138076782226562,0.0,-221.1180419921875,16.670963287353516,6.147658169004198,-221.96435546875,17.715181350708008,5.141140862830882,-221.7738494873047,15.2653226852417,-221.96435546875,17.715181350708008
62,62,-230.62640380859375,18.497316360473633,-230.62640380859375,18.497316360473633,0.0,-229.66065979003906,19.351173400878906,1.2890823692936806,-225.5748291015625,19.346050262451172,5.122377988501422,-225.8960723876953,17.20691680908203,-225.5748291015625,19.346050262451172
63,63,-233.84530639648438,18.824125289916992,-233.84530639648438,18.824125289916992,0.0,-233.53860473632812,19.894004821777344,1.1129726506236912,-230.4838409423828,20.965059280395508,3.985354231521269,-230.629150390625,18.79251480102539,-230.4838409423828,20.965059280395508
64,64,-237.00657653808594,19.118770599365234,-237.00657653808594,19.118770599365234,0.0,-237.52847290039062,21.595355987548828,2.530978268960709,-235.89230346679688,22.568002700805664,3.6247491729783348,-235.36009216308594,20.509374618530273,-235.89230346679688,22.568002700805664
65,65,-240.4793701171875,19.44244956970215,-240.4793701171875,19.44244956970215,0.0,-241.72503662109375,21.317808151245117,2.251367328607412,-241.83949279785156,23.371429443359375,4.157741761348382,-240.1136016845703,21.569412231445312,-241.83949279785156,23.371429443359375
66,66,-243.63906860351562,19.73694610595703,-243.63906860351562,19.73694610595703,0.0,-244.93690490722656,20.74184799194336,1.6414039331282682,-246.0091094970703,23.491695404052734,4.44018424490152,-244.34286499023438,21.98084831237793,-246.0091094970703,23.491695404052734
67,67,-246.847412109375,19.999595642089844,-246.847412109375,19.999595642089844,0.0,-245.38836669921875,18.80360984802246,1.8865830298476152,-248.92066955566406,22.77495574951172,3.4642488600650223,-247.10589599609375,21.3616886138916,-248.92066955566406,22.77495574951172
68,68,-250.06228637695312,20.262781143188477,-250.06228637695312,20.262781143188477,0.0,-249.87181091308594,16.372228622436523,3.895212422842276,-252.16226196289062,21.13821029663086,2.275142559100505,-250.4065704345703,19.810144424438477,-252.16226196289062,21.13821029663086
69,69,-253.5655975341797,20.549577713012695,-253.5655975341797,20.549577713012695,0.0,-253.83743286132812,15.114299774169922,5.442071362776939,-255.3337860107422,19.276405334472656,2.178866309374147,-253.9178466796875,17.985004425048828,-255.3337860107422,19.276405334472656
70,70,-258.5731506347656,21.028581619262695,-258.5731506347656,21.028581619262695,0.0,-257.34521484375,14.841710090637207,6.307551475697512,-258.9429626464844,17.9488525390625,3.1018530157701236,-257.41363525390625,16.48211097717285,-258.9429626464844,17.9488525390625
71,71,-263.5738220214844,21.506925582885742,-263.5738220214844,21.506925582885742,0.0,-260.4308776855469,14.821457862854004,7.387393162299404,-262.92236328125,16.90806007385254,4.644777977514424,-260.6927795410156,15.451090812683105,-262.92236328125,16.90806007385254
72,72,-266.9277038574219,21.863229751586914,-266.9277038574219,21.863229751586914,0.0,-264.18798828125,14.314629554748535,8.030405118674102,-267.037353515625,15.947322845458984,5.9169229815433795,-264.1793518066406,14.582967758178711,-267.037353515625,15.947322845458984
73,73,-270.28131103515625,22.219507217407227,-270.28131103515625,22.219507217407227,0.0,-264.34893798828125,14.536208152770996,9.707014705043408,-269.0640563964844,15.42040729522705,6.907204109273062,-265.9986572265625,14.119197845458984,-269.0640563964844,15.42040729522705
74,74,-273.63311767578125,22.575592041015625,-273.63311767578125,22.575592041015625,0.0,-267.7908020019531,14.3630952835083,10.078579037975844,-272.68115234375,15.255105972290039,7.382123967788319,-268.3119201660156,13.815370559692383,-272.68115234375,15.255105972290039
75,75,-276.9444274902344,22.93913459777832,-276.9444274902344,22.93913459777832,0.0,-271.6211853027344,22.469581604003906,5.34391124558991,-276.9317932128906,18.652711868286133,4.286441349286288,-271.4273986816406,17.04548454284668,-276.9317932128906,18.652711868286133
76,76,-280.2569580078125,23.30280876159668,-280.2569580078125,23.30280876159668,0.0,-272.1981201171875,24.105934143066406,8.098757838442516,-279.1020812988281,22.188217163085938,1.6050092349968932,-273.2798767089844,20.142494201660156,-279.1020812988281,22.188217163085938
77,77,-283.5698547363281,23.666522979736328,-283.5698547363281,23.666522979736328,0.0,-276.3102722167969,24.561235427856445,7.314509465624115,-280.2841491699219,24.525693893432617,3.396179578298935,-276.0025634765625,22.554845809936523,-280.2841491699219,24.525693893432617
78,78,-286.75732421875,23.975204467773438,-286.75732421875,23.975204467773438,0.0,-287.0540771484375,22.872234344482422,1.142193238533092,-283.1871032714844,24.900766372680664,3.6882438167927227,-280.9749755859375,23.480693817138672,-283.1871032714844,24.900766372680664
79,79,-290.265380859375,24.314931869506836,-290.265380859375,24.314931869506836,0.0,-291.468994140625,23.358312606811523,1.5374671848729373,-287.7767028808594,25.964519500732422,2.985742358918642,-287.1773376464844,24.180139541625977,-287.7767028808594,25.964519500732422
80,80,-293.4555358886719,24.623870849609375,-293.4555358886719,24.623870849609375,0.0,-295.1036682128906,23.350311279296875,2.0828572052037697,-292.11224365234375,26.439592361450195,2.258601036203811,-292.78350830078125,24.5217342376709,-292.11224365234375,26.439592361450195
81,81,-297.0016174316406,24.93578338623047,-297.0016174316406,24.93578338623047,0.0,-298.8216247558594,23.202613830566406,2.513225690002921,-296.0563659667969,26.49430274963379,1.822767933087574,-297.8507995605469,24.54628562927246,-296.0563659667969,26.49430274963379
82,82,-300.2271423339844,25.219501495361328,-300.2271423339844,25.219501495361328,0.0,-304.59912109375,23.215057373046875,4.80957321550704,-301.2584228515625,26.40095329284668,1.5682371809511384,-303.2784729003906,24.430524826049805,-301.2584228515625,26.40095329284668
83,83,-303.45355224609375,25.5032958984375,-303.45355224609375,25.5032958984375,0.0,-304.5732116699219,23.215824127197266,2.546794913138485,-304.7370910644531,26.25665283203125,1.4882938445176606,-306.7537536621094,24.249286651611328,-304.7370910644531,26.25665283203125
84,84,-306.78228759765625,25.818649291992188,-306.78228759765625,25.818649291992188,0.0,-310.5001220703125,23.575550079345703,4.342094799039566,-309.0047302246094,26.28901481628418,2.271672281941387,-310.9562072753906,24.18447494506836,-309.0047302246094,26.28901481628418
85,85,-310.1116027832031,26.13405990600586,-310.1116027832031,26.13405990600586,0.0,-315.17626953125,23.637264251708984,5.6466660790317205,-313.4863586425781,26.356517791748047,3.3820799253292018,-315.30560302734375,24.115821838378906,-313.4863586425781,26.356517791748047
86,86,-313.44134521484375,26.44951057434082,-313.44134521484375,26.44951057434082,0.0,-315.1999206542969,23.634685516357422,3.319010045676119,-315.99700927734375,26.380231857299805,2.55660289074953,-317.87384033203125,24.0280818939209,-315.99700927734375,26.380231857299805
87,87,-316.7387390136719,26.75737953186035,-316.7387390136719,26.75737953186035,0.0,-319.7779235839844,23.65717315673828,4.341419401621215,-319.1470642089844,26.303348541259766,2.4507497601352,-321.03448486328125,23.94519805908203,-319.1470642089844,26.303348541259766
88,88,-320.03851318359375,27.06546974182129,-320.03851318359375,27.06546974182129,0.0,-324.125244140625,23.568212509155273,5.378864012651028,-322.8885803222656,26.13508415222168,2.9980827273896065,-324.5381164550781,23.83280372619629,-322.8885803222656,26.13508415222168
89,89,-323.3372497558594,27.373462677001953,-323.3372497558594,27.373462677001953,0.0,-324.0775451660156,23.523176193237305,3.9208090110791103,-324.7180480957031,26.149072647094727,1.8454633566265886,-326.5697937011719,23.722543716430664,-324.7180480957031,26.149072647094727
90,90,-326.6502990722656,27.7000789642334,-326.6502990722656,27.7000789642334,0.0,-328.3280029296875,23.505706787109375,4.517460369880444,-327.30126953125,26.17877769470215,1.6547265910559728,-329.2596740722656,23.630422592163086,-327.30126953125,26.17877769470215
91,91,-329.9637756347656,28.0267391204834,-329.9637756347656,28.0267391204834,0.0,-332.96221923828125,27.924352645874023,3.000191166183699,-330.7544250488281,27.874298095703125,0.8052110046400475,-332.6411437988281,25.334423065185547,-330.7544250488281,27.874298095703125
92,92,-333.27398681640625,28.35307502746582,-333.27398681640625,28.35307502746582,0.0,-337.62335205078125,27.928531646728516,4.370036043800756,-334.6959228515625,29.167400360107422,1.6386054544818687,-336.56884765625,26.5992431640625,-334.6959228515625,29.167400360107422
93,93,-336.57794189453125,28.690593719482422,-336.57794189453125,28.690593719482422,0.0,-337.6199951171875,27.958406448364258,1.273567084544721,-337.06048583984375,30.147554397583008,1.5347908902156906,-339.00927734375,27.499710083007812,-337.06048583984375,30.147554397583008
94,94,-339.88433837890625,29.02836036682129,-339.88433837890625,29.02836036682129,0.0,-341.98358154296875,27.982349395751953,2.345412717084256,-340.1282043457031,30.791244506835938,1.77967162726076,-342.09442138671875,28.092350006103516,-340.1282043457031,30.791244506835938
95,95,-343.1903076171875,29.36608123779297,-343.1903076171875,29.36608123779297,0.0,-346.59515380859375,28.024456024169922,3.6596360202843576,-343.84149169921875,31.152904510498047,1.9017828783989428,-345.78399658203125,28.456172943115234,-343.84149169921875,31.152904510498047
96,96,-346.51904296875,29.685148239135742,-346.51904296875,29.685148239135742,0.0,-346.60260009765625,28.006025314331055,1.681200639541784,-346.1694641113281,31.28514862060547,1.6377443629149373,-348.0668640136719,28.625825881958008,-346.1694641113281,31.28514862060547
97,97,-349.849365234375,30.004364013671875,-349.849365234375,30.004364013671875,0.0,-351.477294921875,27.95647621154785,2.6161038812578163,-349.3660583496094,31.229650497436523,1.3171607768826816,-351.249755859375,28.649240493774414,-349.3660583496094,31.229650497436523
98,98,-353.1781005859375,30.323429107666016,-353.1781005859375,30.323429107666016,0.0,-356.1632995605469,27.977113723754883,3.796920962936536,-353.17523193359375,31.163652420043945,0.8402282093750538,-355.061767578125,28.6052188873291,-353.17523193359375,31.163652420043945
99,99,-356.5009460449219,30.624027252197266,-356.5009460449219,30.624027252197266,0.0,-360.8777770996094,27.905473709106445,5.152395893943763,-357.4857177734375,31.100772857666016,1.094103162237189,-359.36236572265625,28.491188049316406,-357.4857177734375,31.100772857666016
100,100,-359.82257080078125,30.924514770507812,-359.82257080078125,30.924514770507812,0.0,-360.8634033203125,27.90054702758789,3.198079618135542,-360.177734375,31.03230094909668,0.3711590289170246,-362.0467529296875,28.365514755249023,-360.177734375,31.03230094909668
101,101,-363.1454772949219,31.225116729736328,-363.1454772949219,31.225116729736328,0.0,-365.31964111328125,27.82253074645996,4.0378929756312045,-363.5138244628906,30.911792755126953,0.4835819984404039,-365.3382568359375,28.21515464782715,-363.5138244628906,30.911792755126953
102,102,-366.4402160644531,31.518213272094727,-366.4402160644531,31.518213272094727,0.0,-369.1889953613281,27.559955596923828,4.819086162954336,-367.0675354003906,30.66635513305664,1.0579186350029461,-368.8629150390625,27.984895706176758,-367.0675354003906,30.66635513305664
103,103,-369.7346496582031,31.81128692626953,-369.7346496582031,31.81128692626953,0.0,-369.181640625,27.55389404296875,4.2931588782136165,-369.2332763671875,30.441890716552734,1.4582939196645401,-370.9875183105469,27.80322265625,-369.2332763671875,30.441890716552734
104,104,-373.0311584472656,32.10454177856445,-373.0311584472656,32.10454177856445,0.0,-374.0889587402344,27.29784393310547,4.921715720899046,-372.30328369140625,30.145835876464844,2.0895766248542285,-374.0634765625,27.568788528442383,-372.30328369140625,30.145835876464844
105,105,-376.357666015625,32.4311408996582,-376.357666015625,32.4311408996582,0.0,-379.3382263183594,26.991674423217773,6.202542645283085,-376.27764892578125,29.846752166748047,2.5856271690752375,-378.0150146484375,27.280336380004883,-376.27764892578125,29.846752166748047
106,106,-379.6834716796875,32.75767517089844,-379.6834716796875,32.75767517089844,0.0,-379.36175537109375,26.94107437133789,5.825491073262715,-378.8345642089844,29.57991600036621,3.2891940106532545,-380.5152893066406,27.059432983398438,-378.8345642089844,29.57991600036621
107,107,-383.0087585449219,33.08415222167969,-383.0087585449219,33.08415222167969,0.0,-384.32379150390625,32.21196746826172,1.577979064281261,-382.2257385253906,31.546173095703125,1.7258331735501986,-383.8914794921875,29.045551300048828,-382.2257385253906,31.546173095703125
108,108,-386.32574462890625,33.470218658447266,-386.32574462890625,33.470218658447266,0.0,-389.574462890625,32.29761505126953,3.45386299143309,-386.36126708984375,33.08078384399414,0.391051556625461,-388.0433349609375,30.550132751464844,-386.36126708984375,33.08078384399414
109,109,-389.6413879394531,33.85612487792969,-389.6413879394531,33.85612487792969,0.0,-394.4670715332031,32.5435905456543,5.00099675268736,-391.1520080566406,34.295860290527344,1.5733214457141322,-392.7197570800781,31.7176456451416,-391.1520080566406,34.295860290527344
110,110,-392.9556884765625,34.24187469482422,-392.9556884765625,34.24187469482422,0.0,-394.46136474609375,32.55210876464844,2.263265324130683,-394.0816650390625,35.079708099365234,1.4034913726361504,-395.60723876953125,32.49933624267578,-394.0816650390625,35.079708099365234
111,111,-396.2001037597656,34.59049606323242,-396.2001037597656,34.59049606323242,0.0,-399.0357666015625,32.798431396484375,3.354471571224642,-397.48028564453125,35.64755630493164,1.6601933660460395,-399.0821838378906,33.07354736328125,-397.48028564453125,35.64755630493164
112,112,-399.4433288574219,34.938987731933594,-399.4433288574219,34.938987731933594,0.0,-404.0263366699219,32.87022018432617,5.028295911685157,-401.6014404296875,36.01142883300781,2.4098911746425586,-403.16021728515625,33.42648696899414,-401.6014404296875,36.01142883300781
113,113,-403.0047912597656,35.32167434692383,-403.0047912597656,35.32167434692383,0.0,-404.0285949707031,32.97282791137695,2.5622750859949943,-404.0721435546875,36.25678253173828,1.4190377862417811,-405.6822509765625,33.62725067138672,-404.0721435546875,36.25678253173828
114,114,-406.3310852050781,35.61114501953125,-406.3310852050781,35.61114501953125,0.0,-409.27947998046875,32.87641525268555,4.021415005843426,-407.43255615234375,36.30463790893555,1.3016031020724226,-409.14239501953125,33.64152908325195,-407.43255615234375,36.30463790893555
115,115,-409.6596374511719,35.90080642700195,-409.6596374511719,35.90080642700195,0.0,-415.00970458984375,32.77736282348633,6.195088242522405,-411.7874450683594,36.18292236328125,2.1464283489704217,-413.4976501464844,33.533077239990234,-411.7874450683594,36.18292236328125
116,116,-412.98236083984375,36.18996810913086,-412.98236083984375,36.18996810913086,0.0,-415.0174255371094,32.751094818115234,3.995915143458062,-414.59320068359375,36.050804138183594,1.6168400084802255,-416.29083251953125,33.39030456542969,-414.59320068359375,36.050804138183594
117,117,-416.2857360839844,36.47921371459961,-416.2857360839844,36.47921371459961,0.0,-420.6567687988281,32.861202239990234,5.674146105330689,-418.3936462402344,35.9974479675293,2.1622635042640193,-420.10162353515625,33.2775993347168,-418.3936462402344,35.9974479675293
118,118,-419.59210205078125,36.76872634887695,-419.59210205078125,36.76872634887695,0.0,-424.9233703613281,33.046592712402344,6.502053568436439,-422.4477844238281,36.029930114746094,2.949701966520782,-424.1567687988281,33.24931716918945,-422.4477844238281,36.029930114746094
119,119,-422.898681640625,37.058258056640625,-422.898681640625,37.058258056640625,0.0,-428.3445739746094,33.25147247314453,6.644498460535865,-426.31719970703125,36.21852111816406,3.5201454367948943,-428.0354309082031,33.2974853515625,-426.31719970703125,36.21852111816406
120,120,-426.19049072265625,37.359130859375,-426.19049072265625,37.359130859375,0.0,-428.37603759765625,33.10368347167969,4.783873703628172,-428.5857238769531,36.251800537109375,2.638810774961299,-430.3199462890625,33.261539459228516,-428.5857238769531,36.251800537109375
121,121,-429.4760437011719,37.65943145751953,-429.4760437011719,37.65943145751953,0.0,-432.2073669433594,33.43385314941406,5.031464865349366,-431.2612609863281,36.477569580078125,2.1409806754312326,-433.09478759765625,33.361759185791016,-431.2612609863281,36.477569580078125
122,122,-432.7639465332031,37.95994567871094,-432.7639465332031,37.95994567871094,0.0,-436.555908203125,33.278900146484375,6.024214519830362,-434.63037109375,36.348976135253906,2.4655148570144028,-436.4075622558594,33.36363220214844,-434.63037109375,36.348976135253906
123,123,-436.27178955078125,38.31903076171875,-436.27178955078125,38.31903076171875,0.0,-436.8121337890625,37.50999069213867,0.9728914276680014,-436.80133056640625,37.923828125,0.6607562419671938,-438.5263671875,35.033843994140625,-436.80133056640625,37.923828125
124,124,-439.4658203125,38.64599609375,-439.4658203125,38.64599609375,0.0,-442.6785888671875,38.16331100463867,3.2488254310195273,-440.21075439453125,39.61821746826172,1.2248025096435737,-441.942138671875,36.606937408447266,-440.21075439453125,39.61821746826172
125,125,-442.6598205566406,38.97295379638672,-442.6598205566406,38.97295379638672,0.0,-448.0570068359375,38.68086624145508,5.4050841689261775,-444.448974609375,41.0052375793457,2.7076280392428203,-446.25390625,37.90114974975586,-444.448974609375,41.0052375793457
126,126,-445.9792785644531,39.30323791503906,-445.9792785644531,39.30323791503906,0.0,-448.13427734375,38.558494567871094,2.280057541362053,-447.21478271484375,41.800113677978516,2.785831847256208,-449.02252197265625,38.67411422729492,-447.21478271484375,41.800113677978516
127,127,-449.2984313964844,39.63349914550781,-449.2984313964844,39.63349914550781,0.0,-451.92138671875,39.07344436645508,2.6820805316286416,-450.0303955078125,42.93579864501953,3.382447848045513,-452.10626220703125,39.32035827636719,-450.0303955078125,42.93579864501953
128,128,-452.61700439453125,39.96369552612305,-452.61700439453125,39.96369552612305,0.0,-455.42913818359375,39.178707122802734,2.9196409438378526,-453.1264343261719,43.50715637207031,3.5798929623681044,-455.3529357910156,39.706153869628906,-453.1264343261719,43.50715637207031
129,129,-455.9490661621094,40.28679656982422,-455.9490661621094,40.28679656982422,0.0,-459.7010498046875,39.62487030029297,3.8099248864602795,-456.6982116699219,43.893253326416016,3.6834425920655085,-459.0126953125,40.05414962768555,-456.6982116699219,43.893253326416016
130,130,-459.2764892578125,40.60944366455078,-459.2764892578125,40.60944366455078,0.0,-459.71600341796875,39.55507278442383,1.1423093494485368,-458.9951477050781,43.982322692871094,3.384592443556235,-461.2822265625,40.18305206298828,-458.9951477050781,43.982322692871094
131,131,-462.60479736328125,40.93217849731445,-462.60479736328125,40.93217849731445,0.0,-465.23779296875,40.010711669921875,2.789581863362804,-462.4184875488281,43.99782180786133,3.0712994407029677,-464.6703186035156,40.37422180175781,-462.4184875488281,43.99782180786133
132,132,-465.93316650390625,41.25896072387695,-465.93316650390625,41.25896072387695,0.0,-471.3982238769531,40.23076629638672,5.560938398455424,-466.9097595214844,44.192317962646484,3.091653054956839,-469.243408203125,40.540077209472656,-466.9097595214844,44.192317962646484
133,133,-469.256591796875,41.58525848388672,-469.256591796875,41.58525848388672,0.0,-471.44891357421875,40.168548583984375,2.6102378657695104,-469.8437194824219,44.35063934326172,2.827021438994272,-472.2151184082031,40.57726287841797,-469.8437194824219,44.35063934326172
134,134,-472.5823974609375,41.91178894042969,-472.5823974609375,41.91178894042969,0.0,-476.38873291015625,40.251808166503906,4.152556528427101,-473.3844909667969,44.528926849365234,2.737291512888116,-475.92449951171875,40.589385986328125,-473.3844909667969,44.528926849365234
135,135,-475.81768798828125,42.24217987060547,-475.81768798828125,42.24217987060547,0.0,-479.94024658203125,40.6593017578125,4.415992807836195,-476.7376708984375,44.86447525024414,2.7789929134587386,-479.61175537109375,40.7312126159668,-476.7376708984375,44.86447525024414
136,136,-479.06182861328125,42.57347869873047,-479.06182861328125,42.57347869873047,0.0,-479.9222412109375,40.819217681884766,1.9539041822541086,-478.67181396484375,45.140953063964844,2.5969281934877375,-481.7847595214844,40.87294387817383,-478.67181396484375,45.140953063964844
137,137,-482.61102294921875,42.93592834472656,-482.61102294921875,42.93592834472656,0.0,-483.1999816894531,40.84435272216797,2.172915318777939,-481.0502624511719,45.22743225097656,2.7725373729893232,-484.22467041015625,40.95986557006836,-481.0502624511719,45.22743225097656
138,138,-485.9210510253906,43.2811393737793,-485.9210510253906,43.2811393737793,0.0,-486.9576721191406,43.500091552734375,1.0594920238853254,-484.6962585449219,45.89493179321289,2.8865251483576775,-487.1242980957031,42.02850341796875,-484.6962585449219,45.89493179321289
139,139,-489.23040771484375,43.62628173828125,-489.23040771484375,43.62628173828125,0.0,-491.7552185058594,43.677642822265625,2.5253331446320098,-488.5914611816406,46.60564041137695,3.0471020290175517,-490.74761962890625,42.927581787109375,-488.5914611816406,46.60564041137695
140,140,-492.5375671386719,43.97119903564453,-492.5375671386719,43.97119903564453,0.0,-491.7001037597656,43.78387451171875,0.8581581371012535,-490.8708190917969,47.3159065246582,3.7369930744952913,-493.0164489746094,43.589599609375,-490.8708190917969,47.3159065246582
141,141,-495.8470458984375,44.25697326660156,-495.8470458984375,44.25697326660156,0.0,-496.94091796875,43.739891052246094,1.2099298006961023,-494.2034912109375,47.70600891113281,3.8206176055777052,-496.3341979980469,43.97685623168945,-494.2034912109375,47.70600891113281
142,142,-499.1547546386719,44.542598724365234,-499.1547546386719,44.542598724365234,0.0,-502.7383117675781,43.982540130615234,3.6270576676650776,-498.61871337890625,47.99385452270508,3.4926360843559854,-500.7193298339844,44.27760696411133,-498.61871337890625,47.99385452270508
143,143,-502.4640808105469,44.8283576965332,-502.4640808105469,44.8283576965332,0.0,-502.8172607421875,44.12908935546875,0.7833979045981097,-501.43695068359375,48.28825378417969,3.6091380182816772,-503.563720703125,44.47917556762695,-501.43695068359375,48.28825378417969
144,144,-505.6778869628906,45.1226806640625,-505.6778869628906,45.1226806640625,0.0,-507.3597717285156,44.638954162597656,1.7500650539511036,-504.7536315917969,48.72334671020508,3.7173974722700387,-507.03143310546875,44.7752685546875,-504.7536315917969,48.72334671020508
145,145,-508.8949890136719,45.41730499267578,-508.8949890136719,45.41730499267578,0.0,-511.13995361328125,44.743507385253906,2.3439004392820793,-508.3506774902344,48.9468879699707,3.5713066275744145,-510.6492919921875,44.977073669433594,-508.3506774902344,48.9468879699707
146,146,-512.4314575195312,45.741180419921875,-512.4314575195312,45.741180419921875,0.0,-511.10260009765625,44.69282531738281,1.6926046403965576,-510.5016174316406,49.071998596191406,3.849497692972056,-512.8333740234375,45.04848098754883,-510.5016174316406,49.071998596191406
147,147,-515.9639282226562,46.096248626708984,-515.9639282226562,46.096248626708984,0.0,-515.5820922851562,44.965667724609375,1.1933196802864146,-513.4389038085938,49.208953857421875,4.008077113145287,-515.7816772460938,45.16706466674805,-513.4389038085938,49.208953857421875
148,148,-519.1793212890625,46.41944122314453,-519.1793212890625,46.41944122314453,0.0,-520.36865234375,45.08298110961914,1.789031579567108,-517.1897583007812,49.20482635498047,3.4229711095759074,-519.4276733398438,45.26359176635742,-517.1897583007812,49.20482635498047
149,149,-522.3988647460938,46.7430534362793,-522.3988647460938,46.7430534362793,0.0,-526.3746948242188,45.28289031982422,4.235481216671755,-521.892578125,49.24240493774414,2.5501145210702,-524.0455322265625,45.38434982299805,-521.892578125,49.24240493774414
150,150,-525.5911865234375,47.084205627441406,-525.5911865234375,47.084205627441406,0.0,-526.4157104492188,45.218421936035156,2.039850113930741,-524.9901123046875,49.25453186035156,2.252022684988744,-527.12548828125,45.417396545410156,-524.9901123046875,49.25453186035156
151,151,-528.7850341796875,47.42551803588867,-528.7850341796875,47.42551803588867,0.0,-532.17236328125,45.05012512207031,4.137207988161906,-529.1014404296875,49.13505554199219,1.7385716550702448,-531.2263793945312,45.34919738769531,-529.1014404296875,49.13505554199219
152,152,-532.2947387695312,47.80059051513672,-532.2947387695312,47.80059051513672,0.0,-536.29833984375,44.721580505371094,5.050655818972666,-533.3265380859375,48.890254974365234,1.5006593427697634,-535.4365234375,45.14160919189453,-533.3265380859375,48.890254974365234
153,153,-535.4741821289062,48.1633186340332,-535.4741821289062,48.1633186340332,0.0,-536.0687255859375,47.77588653564453,0.7096376210154866,-535.9813232421875,49.3682746887207,1.3073297986767574,-537.89013671875,46.12561798095703,-535.9813232421875,49.3682746887207
154,154,-538.6561889648438,48.526344299316406,-538.6561889648438,48.526344299316406,0.0,-540.068359375,47.774635314941406,1.5997786298456937,-538.92138671875,50.088584899902344,1.5845900235695132,-540.798095703125,46.92361068725586,-538.92138671875,50.088584899902344
155,155,-542.1497802734375,48.9249153137207,-542.1497802734375,48.9249153137207,0.0,-544.3790283203125,47.930381774902344,2.4410333496965113,-542.3436889648438,50.63981628417969,1.7258290526828115,-544.2113647460938,47.55618667602539,-542.3436889648438,50.63981628417969
156,156,-547.12939453125,49.48106002807617,-547.12939453125,49.48106002807617,0.0,-550.09375,48.36944580078125,3.165926331333772,-546.6419677734375,51.15814208984375,1.7464790540210313,-548.485595703125,48.1480712890625,-546.6419677734375,51.15814208984375
157,157,-552.1171875,50.03811264038086,-552.1171875,50.03811264038086,0.0,-556.3087158203125,48.94422912597656,4.3319153734886395,-551.9147338867188,51.730525970458984,1.7044794939678103,-553.7224731445312,48.75527572631836,-551.9147338867188,51.730525970458984
158,158,-555.6659545898438,50.476261138916016,-555.6659545898438,50.476261138916016,0.0,-562.035888671875,49.17070770263672,6.502348036240753,-557.6242065429688,52.244441986083984,2.6384113061100827,-559.4561157226562,49.227752685546875,-557.6242065429688,52.244441986083984
159,159,-558.8970947265625,50.875186920166016,-558.8970947265625,50.875186920166016,0.0,-562.1467895507812,49.15536117553711,3.676726402989826,-561.308349609375,52.51615905761719,2.9166658474666223,-563.1530151367188,49.49835205078125,-561.308349609375,52.51615905761719
160,160,-562.1253662109375,51.27375793457031,-562.1253662109375,51.27375793457031,0.0,-567.024169921875,49.230934143066406,5.3076743345300885,-565.4093627929688,52.63282775878906,3.554110906808469,-567.2246704101562,49.653472900390625,-565.4093627929688,52.63282775878906
161,161,-565.437255859375,51.707855224609375,-565.437255859375,51.707855224609375,0.0,-570.9207763671875,49.22723388671875,6.018511392495534,-569.4228515625,52.69697570800781,4.106498805484645,-571.201171875,49.70149230957031,-569.4228515625,52.69697570800781
162,162,-568.749267578125,52.1419677734375,-568.749267578125,52.1419677734375,0.0,-570.8590087890625,49.23590850830078,3.591126345537705,-571.7357788085938,52.690032958984375,3.03638350300559,-573.4849853515625,49.68950271606445,-571.7357788085938,52.690032958984375
163,163,-572.0621337890625,52.576194763183594,-572.0621337890625,52.576194763183594,0.0,-574.5360717773438,49.24805450439453,4.1469129183084625,-574.3170776367188,52.664676666259766,2.256679153813132,-576.1015014648438,49.642730712890625,-574.3170776367188,52.664676666259766
164,164,-575.3704833984375,53.032535552978516,-575.3704833984375,53.032535552978516,0.0,-578.4876098632812,49.317142486572266,4.849806494668518,-577.293701171875,52.66913604736328,1.9572495509636199,-579.1099243164062,49.603050231933594,-577.293701171875,52.66913604736328
165,165,-578.6788940429688,53.48888397216797,-578.6788940429688,53.48888397216797,0.0,-578.4375,53.45742416381836,0.24343541961307288,-578.9397583007812,54.290382385253906,0.8428818821064684,-580.8164672851562,51.21788024902344,-578.9397583007812,54.290382385253906
166,166,-581.9886474609375,53.94542694091797,-581.9886474609375,53.94542694091797,0.0,-583.120849609375,53.36974334716797,1.2701548350651608,-581.6836547851562,55.358638763427734,1.445748314044177,-583.5125122070312,52.3765869140625,-581.6836547851562,55.358638763427734
167,167,-585.4841918945312,54.39555358886719,-585.4841918945312,54.39555358886719,0.0,-588.5928955078125,53.40623474121094,3.2623289131471385,-585.5874633789062,55.94127655029297,1.5491689620451035,-587.24072265625,53.17457580566406,-585.5874633789062,55.94127655029297
168,168,-588.6644897460938,54.805076599121094,-588.6644897460938,54.805076599121094,0.0,-593.318359375,53.466407775878906,4.842575424417943,-590.294921875,56.32163619995117,2.2267155071628824,-591.5899047851562,53.694156646728516,-590.294921875,56.32163619995117
169,169,-591.8436889648438,55.2144660949707,-591.8436889648438,55.2144660949707,0.0,-593.2640380859375,53.43476486206055,2.2769998032968117,-594.1773071289062,56.03236770629883,2.4727993815624383,-594.2674560546875,53.966941833496094,-594.1773071289062,56.03236770629883
170,170,-595.13671875,55.62977981567383,-595.13671875,55.62977981567383,0.0,-597.162841796875,53.530521392822266,2.917543577565083,-597.744140625,56.15839385986328,2.6604664331546912,-597.3492431640625,54.116703033447266,-597.744140625,56.15839385986328
171,171,-598.4330444335938,56.045509338378906,-598.4330444335938,56.045509338378906,0.0,-601.35302734375,53.62322998046875,3.7939079434485756,-601.1889038085938,55.87258529663086,2.761279344613629,-600.85888671875,54.18458557128906,-601.1889038085938,55.87258529663086
172,172,-601.7293701171875,56.461246490478516,-601.7293701171875,56.461246490478516,0.0,-601.35400390625,53.533451080322266,2.951759772753464,-603.4522094726562,55.69668960571289,1.8848667525303997,-603.0097045898438,54.13255310058594,-603.4522094726562,55.69668960571289
173,173,-605.0008544921875,56.88426971435547,-605.0008544921875,56.88426971435547,0.0,-606.6522216796875,53.74072265625,3.5509015326357907,-606.3899536132812,55.96548080444336,1.665463727975158,-606.2528076171875,54.13201904296875,-606.3899536132812,55.96548080444336
174,174,-608.27197265625,57.307247161865234,-608.27197265625,57.307247161865234,0.0,-611.9384765625,53.83115005493164,5.052375875900229,-610.2835693359375,55.9835319519043,2.4080579641718973,-610.338134765625,54.13092041015625,-610.2835693359375,55.9835319519043
175,175,-611.5435791015625,57.730289459228516,-611.5435791015625,57.730289459228516,0.0,-611.8809814453125,53.76625061035156,3.978372071208739,-612.9390869140625,55.789527893066406,2.3903969359586577,-612.9444580078125,54.07387924194336,-612.9390869140625,55.789527893066406
176,176,-614.8861694335938,58.1866569519043,-614.8861694335938,58.1866569519043,0.0,-616.9037475585938,57.827964782714844,2.0492148649461703,-616.15380859375,57.61058807373047,1.3923951999206603,-616.42578125,55.642940521240234,-616.15380859375,57.61058807373047
177,177,-618.2273559570312,58.64283752441406,-618.2273559570312,58.64283752441406,0.0,-621.2535400390625,58.00304412841797,3.0930770581897136,-619.4850463867188,59.19188690185547,1.3723120766780144,-620.3078002929688,56.86609649658203,-619.4850463867188,59.19188690185547
178,178,-621.5722045898438,59.099517822265625,-621.5722045898438,59.099517822265625,0.0,-625.4584350585938,58.10171890258789,4.0122798930721295,-623.2267456054688,60.238136291503906,2.008471555904124,-624.3880004882812,57.74454116821289,-623.2267456054688,60.238136291503906
179,179,-624.8855590820312,59.540775299072266,-624.8855590820312,59.540775299072266,0.0,-625.5283203125,58.01704788208008,1.6537494491873264,-625.52197265625,60.87226867675781,1.475769918473185,-626.9663696289062,58.26898193359375,-625.52197265625,60.87226867675781
180,180,-628.2006225585938,59.982269287109375,-628.2006225585938,59.982269287109375,0.0,-630.6943359375,57.994720458984375,3.1888801734021124,-628.9464111328125,61.226966857910156,1.4510246862795277,-630.4434814453125,58.548240661621094,-628.9464111328125,61.226966857910156
181,181,-631.5191650390625,60.42422103881836,-631.5191650390625,60.42422103881836,0.0,-635.154296875,58.13671112060547,4.294983712491665,-632.7465209960938,61.51023864746094,1.6388523092523741,-634.3623046875,58.72074890136719,-632.7465209960938,61.51023864746094
182,182,-635.0553588867188,60.91789245605469,-635.0553588867188,60.91789245605469,0.0,-635.0594482421875,58.046268463134766,2.871626904655531,-634.9874267578125,61.62413024902344,0.7094974237832766,-636.69677734375,58.73100662231445,-634.9874267578125,61.62413024902344
183,183,-638.2706298828125,61.366756439208984,-638.2706298828125,61.366756439208984,0.0,-637.39404296875,58.06049728393555,3.420490347850004,-637.439208984375,61.75578689575195,0.9179354043050363,-638.69091796875,58.67622375488281,-637.439208984375,61.75578689575195
184,184,-641.486572265625,61.815711975097656,-641.486572265625,61.815711975097656,0.0,-640.9190063476562,58.27583694458008,3.5850866520799096,-640.2817993164062,61.83095169067383,1.2048693323759583,-641.2916259765625,58.666908264160156,-640.2817993164062,61.83095169067383
185,185,-644.7642822265625,62.216407775878906,-644.7642822265625,62.216407775878906,0.0,-640.8026123046875,58.29405212402344,5.574917257639938,-641.8748168945312,61.85377883911133,2.9121314617976375,-642.62744140625,58.63243865966797,-641.8748168945312,61.85377883911133
186,186,-648.04248046875,62.61715316772461,-648.04248046875,62.61715316772461,0.0,-642.84521484375,58.20581817626953,6.8169968742579465,-643.611572265625,61.972633361816406,4.477538753012459,-643.9832153320312,58.54454803466797,-643.611572265625,61.972633361816406
187,187,-651.3211669921875,63.01796340942383,-651.3211669921875,63.01796340942383,0.0,-645.6651000976562,58.336402893066406,7.342213670530786,-645.3072509765625,61.68269348144531,6.1603678156060315,-645.9417724609375,58.5123405456543,-645.3072509765625,61.68269348144531
188,188,-654.587158203125,63.414756774902344,-654.587158203125,63.414756774902344,0.0,-650.40869140625,63.22718048095703,4.182674938198889,-647.9544677734375,63.53215789794922,6.633729370404013,-648.99072265625,60.393043518066406,-647.9544677734375,63.53215789794922
189,189,-657.8555908203125,63.81185531616211,-657.8555908203125,63.81185531616211,0.0,-649.824951171875,63.03802490234375,8.067836554641316,-649.7968139648438,64.92828369140625,8.13574192826254,-650.6851196289062,61.7391242980957,-649.7968139648438,64.92828369140625
190,190,-661.1251220703125,64.2090835571289,-661.1251220703125,64.2090835571289,0.0,-660.0170288085938,60.61534118652344,3.760698725363614,-654.222412109375,64.76671600341797,6.925197379857133,-655.6408081054688,61.69976043701172,-654.222412109375,64.76671600341797
191,191,-664.4630126953125,64.65044403076172,-664.4630126953125,64.65044403076172,0.0,-663.520263671875,60.386871337890625,4.366557892503938,-659.2322387695312,64.45384216308594,5.234467323138678,-660.6158447265625,61.442623138427734,-659.2322387695312,64.45384216308594
192,192,-667.8052978515625,65.09236907958984,-667.8052978515625,65.09236907958984,0.0,-663.7858276367188,61.168907165527344,5.616911446615038,-662.764404296875,64.235595703125,5.113185743576009,-663.9447631835938,61.523223876953125,-662.764404296875,64.235595703125
193,193,-671.1435546875,65.53378295898438,-671.1435546875,65.53378295898438,0.0,-667.6080322265625,63.67263412475586,3.995471693673191,-666.8802490234375,64.63417053222656,4.357186902532926,-667.4629516601562,62.59516143798828,-666.8802490234375,64.63417053222656
194,194,-674.447265625,65.97511291503906,-674.447265625,65.97511291503906,0.0,-672.3402099609375,62.459625244140625,4.098577452689748,-671.7733764648438,64.51126098632812,3.048367712398199,-671.5734252929688,62.811927795410156,-671.7733764648438,64.51126098632812
195,195,-677.7529907226562,66.4167251586914,-677.7529907226562,66.4167251586914,0.0,-672.2413940429688,64.26167297363281,5.917934426796912,-674.3786010742188,64.62118530273438,3.82236430417253,-673.8427734375,63.66496658325195,-674.3786010742188,64.62118530273438
196,196,-681.0598754882812,66.85848236083984,-681.0598754882812,66.85848236083984,0.0,-675.9096069335938,62.4995002746582,6.747295088630356,-677.8035278320312,63.85504150390625,4.429950004171928,-676.5654296875,63.48324203491211,-677.8035278320312,63.85504150390625
197,197,-684.3595581054688,67.29602813720703,-684.3595581054688,67.29602813720703,0.0,-680.802490234375,64.13630676269531,4.757790559084505,-679.8407592773438,62.54838943481445,6.554358557289932,-679.9775390625,63.9583740234375,-679.8407592773438,62.54838943481445
198,198,-687.6604614257812,67.73373413085938,-687.6604614257812,67.73373413085938,0.0,-700.8046264648438,65.08863830566406,13.407669689344923,-687.9515380859375,62.84701919555664,4.895376234877001,-688.1222534179688,64.65846252441406,-687.9515380859375,62.84701919555664
199,199,-690.9660034179688,68.17205810546875,-690.9660034179688,68.17205810546875,0.0,-700.4121704101562,68.05935668945312,9.446839283774471,-694.9727172851562,64.4690170288086,5.455847251247511,-695.08154296875,66.2604751586914,-694.9727172851562,64.4690170288086
200,200,-694.3814086914062,68.6431655883789,-694.3814086914062,68.6431655883789,0.0,-703.7753295898438,69.24516296386719,9.413190250185938,-702.54345703125,66.83039855957031,8.360930414892929,-702.17431640625,67.8830337524414,-702.54345703125,66.83039855957031
201,201,-697.7882080078125,69.11308288574219,-697.7882080078125,69.11308288574219,0.0,-703.8779907226562,68.52099609375,6.118498204891566,-706.7341918945312,67.5870132446289,9.075214391459804,-705.7860717773438,68.70713806152344,-706.7341918945312,67.5870132446289
202,202,-700.8925170898438,69.5412826538086,-700.8925170898438,69.5412826538086,0.0,-704.4342041015625,69.38269805908203,3.54523567096207,-709.0995483398438,68.65560150146484,8.254683097617589,-708.030029296875,69.53109741210938,-709.0995483398438,68.65560150146484
203,203,-704.1041870117188,69.95103454589844,-704.1041870117188,69.95103454589844,0.0,-706.7426147460938,68.58671569824219,2.970297430828986,-709.8045654296875,68.46623229980469,5.890581619674661,-710.079345703125,69.67727661132812,-709.8045654296875,68.46623229980469
204,204,-707.6273193359375,70.40052032470703,-707.6273193359375,70.40052032470703,0.0,-707.8734130859375,69.3293228149414,1.0991024696165226,-710.20166015625,68.58550262451172,3.149844426499429,-711.5219116210938,69.95491027832031,-710.20166015625,68.58550262451172
205,205,-710.8394775390625,70.8103256225586,-710.8394775390625,70.8103256225586,0.0,-712.6864013671875,69.47402954101562,2.279652351663077,-712.7213134765625,68.99385833740234,2.615503755246668,-713.875732421875,70.1204833984375,-712.7213134765625,68.99385833740234
206,206,-714.0416870117188,71.22013092041016,-714.0416870117188,71.22013092041016,0.0,-717.4847412109375,68.13089752197266,4.625795629811111,-715.3331909179688,68.86277770996094,2.687953961412704,-717.0746459960938,69.62458801269531,-715.3331909179688,68.86277770996094
207,207,-717.5553588867188,71.66979217529297,-717.5553588867188,71.66979217529297,0.0,-721.9677124023438,69.93051147460938,4.7427798707739655,-718.5693969726562,69.03305053710938,2.825009682507812,-720.8134765625,69.90299224853516,-718.5693969726562,69.03305053710938
208,208,-720.7557983398438,72.0793685913086,-720.7557983398438,72.0793685913086,0.0,-725.5101928710938,68.96275329589844,5.6848534069371075,-722.7149658203125,68.86196899414062,3.766961293188832,-724.6478881835938,69.69039916992188,-722.7149658203125,68.86196899414062
209,209,-724.0374145507812,72.50609588623047,-724.0374145507812,72.50609588623047,0.0,-726.3486328125,70.69987487792969,2.933285561299706,-725.6806640625,69.53669738769531,3.3937584476309963,-727.3118286132812,70.18558502197266,-725.6806640625,69.53669738769531
210,210,-727.3179931640625,72.93268585205078,-727.3179931640625,72.93268585205078,0.0,-729.8849487304688,69.73808288574219,4.098139698967288,-729.120361328125,71.10857391357422,2.5643547654173653,-730.1904296875,70.16109466552734,-729.120361328125,71.10857391357422
211,211,-730.6006469726562,73.35954284667969,-730.6006469726562,73.35954284667969,0.0,-731.4693603515625,77.55998992919922,4.289337784289966,-730.8507690429688,75.64974212646484,2.3038172217400104,-732.291748046875,73.19097137451172,-730.8507690429688,75.64974212646484
212,212,-733.6497192382812,73.7457504272461,-733.6497192382812,73.7457504272461,0.0,-731.828857421875,75.78445434570312,2.7334687526251917,-732.2523803710938,77.49092102050781,3.997356461761345,-733.5669555664062,74.748779296875,-732.2523803710938,77.49092102050781
213,213,-736.6962280273438,74.13162994384766,-736.6962280273438,74.13162994384766,0.0,-733.8845825195312,77.27529907226562,4.217582963092772,-733.9804077148438,78.24523162841797,4.929239169393925,-735.1957397460938,76.4137954711914,-733.9804077148438,78.24523162841797
214,214,-739.7407836914062,74.51726531982422,-739.7407836914062,74.51726531982422,0.0,-736.6229858398438,76.7981185913086,3.8630240860301037,-735.2191162109375,77.46482849121094,5.3975555071943395,-737.2017822265625,77.24388885498047,-735.2191162109375,77.46482849121094
215,215,-741.8286743164062,74.81880187988281,-741.8286743164062,74.81880187988281,0.0,-735.7332153320312,75.27046966552734,6.112170156236403,-736.332763671875,77.01856994628906,5.919798422129979,-738.1449584960938,77.07703399658203,-736.332763671875,77.01856994628906
216,216,-743.920654296875,75.12092590332031,-743.920654296875,75.12092590332031,0.0,-736.0548706054688,75.04906463623047,7.866111944391606,-736.8451538085938,76.56886291503906,7.222134639396668,-738.6264038085938,76.6792221069336,-736.8451538085938,76.56886291503906
217,217,-746.2155151367188,75.45235443115234,-746.2155151367188,75.45235443115234,0.0,-752.2796020507812,73.4853515625,6.375127480026623,-742.82861328125,75.29925537109375,3.390360379188101,-744.2655029296875,75.62189483642578,-742.82861328125,75.29925537109375
218,218,-747.0186767578125,75.608154296875,-747.0186767578125,75.608154296875,0.0,-752.7301025390625,73.51427459716797,6.083150224314075,-748.117919921875,74.29817199707031,1.7100845474828765,-748.8631591796875,74.8110122680664,-748.117919921875,74.29817199707031
219,219,-747.8226318359375,75.76411437988281,-747.8226318359375,75.76411437988281,0.0,-750.3680419921875,73.790771484375,3.220744486417978,-750.885498046875,73.73445892333984,3.6743231619411603,-751.283935546875,74.34513854980469,-750.885498046875,73.73445892333984
220,220,-748.6256713867188,75.91989135742188,-748.6256713867188,75.91989135742188,0.0,-749.79248046875,71.40043640136719,4.667645716388283,-752.022216796875,72.35409545898438,4.924573190903673,-752.5440063476562,73.04387664794922,-752.022216796875,72.35409545898438
221,221,-748.2408447265625,75.89019775390625,-748.2408447265625,75.89019775390625,0.0,-748.25634765625,70.031005859375,5.859212404220348,-751.2884521484375,70.96685028076172,5.790272993494022,-752.3792114257812,71.49130249023438,-751.2884521484375,70.96685028076172
222,222,-747.8563232421875,75.86051940917969,-747.8563232421875,75.86051940917969,0.0,-747.8240966796875,69.91272735595703,5.94787935820063,-750.0120239257812,69.96622467041016,6.276125867502399,-751.7786865234375,70.40463256835938,-750.0120239257812,69.96622467041016
223,223,-747.4716186523438,75.8308334350586,-747.4716186523438,75.8308334350586,0.0,-747.314697265625,70.81472778320312,5.018559577427184,-748.8299560546875,69.66754150390625,6.311200197047591,-750.9321899414062,70.06571197509766,-748.8299560546875,69.66754150390625
224,224,-746.4201049804688,75.57859802246094,-746.4201049804688,75.57859802246094,0.0,-746.6417236328125,75.06008911132812,0.563885021959969,-748.021484375,70.74404907226562,5.092865550656513,-749.88671875,71.56517028808594,-748.021484375,70.74404907226562
225,225,-745.36767578125,75.32614135742188,-745.36767578125,75.32614135742188,0.0,-744.2101440429688,71.92704772949219,3.590782256912916,-746.2764282226562,70.67413330078125,4.739937758959615,-747.9717407226562,71.60716247558594,-746.2764282226562,70.67413330078125
226,226,-744.3159790039062,75.07386779785156,-744.3159790039062,75.07386779785156,0.0,-749.2749633789062,71.874267578125,5.901607204615401,-746.6996459960938,70.87239074707031,4.830556669565705,-748.416259765625,71.65858459472656,-746.6996459960938,70.87239074707031
227,227,-743.0457763671875,74.80661010742188,-743.0457763671875,74.80661010742188,0.0,-736.5033569335938,73.14302062988281,6.75061345322363,-742.38818359375,71.59217834472656,3.28100591476177,-743.7327270507812,72.24735260009766,-742.38818359375,71.59217834472656
228,228,-741.7759399414062,74.53942108154297,-741.7759399414062,74.53942108154297,0.0,-736.439208984375,75.29745483398438,5.390297995248137,-739.5802612304688,72.85026550292969,2.770243955037991,-740.3902587890625,73.55806732177734,-739.5802612304688,72.85026550292969
229,229,-740.5067138671875,74.2723617553711,-740.5067138671875,74.2723617553711,0.0,-736.1612548828125,75.57102966308594,4.535366812002515,-737.6046752929688,73.7240219116211,2.9533886419666087,-737.8331298828125,74.61319732666016,-737.6046752929688,73.7240219116211
230,230,-738.8037719726562,74.19439697265625,-738.8037719726562,74.19439697265625,0.0,-733.4393310546875,76.3154067993164,5.768527459167231,-734.28076171875,75.22130584716797,4.638120696304917,-734.6055908203125,75.62760925292969,-734.28076171875,75.22130584716797
231,231,-737.1023559570312,74.11650848388672,-737.1023559570312,74.11650848388672,0.0,-733.2965087890625,75.89613342285156,4.201373298020705,-733.3919677734375,76.21341705322266,4.26192515432951,-732.8887939453125,76.12964630126953,-733.3919677734375,76.21341705322266
232,232,-735.4005126953125,74.0385971069336,-735.4005126953125,74.0385971069336,0.0,-733.5518798828125,75.82986450195312,2.5741177432106164,-732.9931030273438,76.44860076904297,3.406426127308503,-732.045654296875,76.3727035522461,-732.9931030273438,76.44860076904297
233,233,-732.982421875,73.9236831665039,-732.982421875,73.9236831665039,0.0,-731.935791015625,75.42350769042969,1.828909445097063,-732.996826171875,76.7353286743164,2.811682404783775,-731.104248046875,76.2911605834961,-732.996826171875,76.7353286743164
234,234,-730.5607299804688,73.80860137939453,-730.5607299804688,73.80860137939453,0.0,-732.375732421875,77.03658294677734,3.7032551710183093,-732.7643432617188,77.4366683959961,4.2448535628751145,-730.8961181640625,76.82099914550781,-732.7643432617188,77.4366683959961
235,235,-727.904541015625,73.682373046875,-727.904541015625,73.682373046875,0.0,-731.520263671875,76.9305648803711,4.860473280876079,-732.2571411132812,77.85858917236328,6.03207333649928,-730.5547485351562,77.11143493652344,-732.2571411132812,77.85858917236328
236,236,-723.4256591796875,73.21475219726562,-723.4256591796875,73.21475219726562,0.0,-729.833740234375,75.72984313964844,6.883980334944379,-730.7682495117188,77.23795318603516,8.372561076521025,-729.6972045898438,76.78443908691406,-730.7682495117188,77.23795318603516
237,237,-718.9481811523438,72.74728393554688,-718.9481811523438,72.74728393554688,0.0,-726.7498168945312,71.32185363769531,7.9307863284677325,-728.2897338867188,74.53437805175781,9.510957515902634,-727.9816284179688,74.49336242675781,-728.2897338867188,74.53437805175781
238,238,-715.749267578125,72.34666442871094,-715.749267578125,72.34666442871094,0.0,-719.578857421875,71.17599487304688,4.004525637314842,-724.4856567382812,72.36668395996094,8.736412097613476,-724.31982421875,72.79173278808594,-724.4856567382812,72.36668395996094
239,239,-712.5479736328125,71.94573974609375,-712.5479736328125,71.94573974609375,0.0,-720.6307373046875,70.17121124267578,8.275265553734517,-721.8764038085938,70.70616912841797,9.410427453661779,-721.7716674804688,71.27180480957031,-721.8764038085938,70.70616912841797
240,240,-709.3484497070312,71.54503631591797,-709.3484497070312,71.54503631591797,0.0,-716.1676025390625,69.62702941894531,7.0837557696065785,-718.332275390625,70.60820770263672,9.032539607655268,-718.0903930664062,70.04589080810547,-718.332275390625,70.60820770263672
241,241,-706.1504516601562,71.17790222167969,-706.1504516601562,71.17790222167969,0.0,-713.0440673828125,70.3515625,6.942965869661115,-715.6630249023438,72.39828491210938,9.590536147634396,-714.1939086914062,69.59751892089844,-715.6630249023438,72.39828491210938
242,242,-702.950439453125,70.81053924560547,-702.950439453125,70.81053924560547,0.0,-712.6077880859375,69.71510314941406,9.719277897895735,-715.6803588867188,72.66450500488281,12.864215398630444,-712.0098876953125,69.14876556396484,-715.6803588867188,72.66450500488281
243,243,-699.7487182617188,70.4429702758789,-699.7487182617188,70.4429702758789,0.0,-710.0743408203125,70.20915985107422,10.328269387331426,-715.963623046875,73.21768188476562,16.450597609332426,-709.7730712890625,69.15582275390625,-715.963623046875,73.21768188476562
244,244,-696.5949096679688,70.09808349609375,-696.5949096679688,70.09808349609375,0.0,-706.3084106445312,69.10785675048828,9.763844029345872,-712.6213989257812,73.51123809814453,16.38590803917439,-706.8904418945312,68.79447937011719,-712.6213989257812,73.51123809814453
245,245,-693.4392700195312,69.75299835205078,-693.4392700195312,69.75299835205078,0.0,-706.3641967773438,68.90399169921875,12.952781322610623,-709.97265625,73.29740905761719,16.909042181495302,-705.114013671875,68.53173828125,-709.97265625,73.29740905761719
246,246,-690.28173828125,69.40769958496094,-690.28173828125,69.40769958496094,0.0,-698.3980102539062,70.91860961914062,8.255708320035916,-705.4358520507812,72.62067413330078,15.49097703788164,-701.8527221679688,69.28450775146484,-705.4358520507812,72.62067413330078
247,247,-687.0963745117188,69.0923843383789,-687.0963745117188,69.0923843383789,0.0,-680.2713012695312,72.521484375,7.638085612401747,-693.9899291992188,72.29523468017578,7.601272692220795,-692.4231567382812,70.65989685058594,-693.9899291992188,72.29523468017578
248,248,-683.9093627929688,68.77690887451172,-683.9093627929688,68.77690887451172,0.0,-680.9490356445312,72.20489501953125,4.529307434500551,-685.7083740234375,71.8692855834961,3.577601866840652,-685.4205932617188,71.45896911621094,-685.7083740234375,71.8692855834961
249,249,-680.722900390625,68.46148681640625,-680.722900390625,68.46148681640625,0.0,-676.82275390625,71.17962646484375,4.753885331809194,-678.55419921875,70.41105651855469,2.916176743002239,-678.71826171875,71.53404235839844,-678.55419921875,70.41105651855469
250,250,-677.4625244140625,68.1313247680664,-677.4625244140625,68.1313247680664,0.0,-673.2510375976562,70.39990997314453,4.7836283339598,-673.3861083984375,68.56520080566406,4.099440931205796,-673.285400390625,71.2099380493164,-673.3861083984375,68.56520080566406
251,251,-674.2022705078125,67.80116271972656,-674.2022705078125,67.80116271972656,0.0,-673.6798095703125,67.95716857910156,0.5452552240673272,-669.7931518554688,64.94825744628906,5.251608876301915,-670.5380859375,69.64244842529297,-669.7931518554688,64.94825744628906
252,252,-670.9393310546875,67.47074127197266,-670.9393310546875,67.47074127197266,0.0,-672.911865234375,67.36405944824219,1.975416943723501,-668.0203247070312,63.97477722167969,4.554378409684278,-668.7299194335938,68.47510528564453,-668.0203247070312,63.97477722167969
253,253,-667.6696166992188,67.14066314697266,-667.6696166992188,67.14066314697266,0.0,-673.1531372070312,67.63261413574219,5.505543836439011,-667.7377319335938,63.47293472290039,3.668360870729812,-668.4530639648438,67.81826782226562,-667.7377319335938,63.47293472290039
254,254,-664.3983764648438,66.81043243408203,-664.3983764648438,66.81043243408203,0.0,-671.7515258789062,64.90492248535156,7.596036760721901,-666.7261352539062,62.76819610595703,4.6645616634868485,-667.9677124023438,66.34488677978516,-666.7261352539062,62.76819610595703
255,255,-661.1251220703125,66.4800033569336,-661.1251220703125,66.4800033569336,0.0,-669.48388671875,67.49040222167969,8.41961117355479,-667.0272827148438,62.84456253051758,6.931949962039967,-667.4258422851562,66.49515533447266,-667.0272827148438,62.84456253051758
256,256,-657.9371337890625,66.1640853881836,-657.9371337890625,66.1640853881836,0.0,-665.763427734375,67.03175354003906,7.874244404397122,-666.890869140625,63.17290496826172,9.440155562825437,-665.6431884765625,66.41568756103516,-666.890869140625,63.17290496826172
257,257,-654.7457885742188,65.84784698486328,-654.7457885742188,65.84784698486328,0.0,-665.4200439453125,67.27913665771484,10.769787270644454,-665.970703125,63.6463623046875,11.438760486581984,-664.558349609375,66.55850982666016,-665.970703125,63.6463623046875
258,258,-651.2394409179688,65.5003890991211,-651.2394409179688,65.5003890991211,0.0,-662.22314453125,67.57952880859375,11.178755163072212,-665.3818969726562,64.69108581542969,14.165593353748399,-662.5114135742188,66.83349609375,-665.3818969726562,64.69108581542969
259,259,-647.942626953125,65.1369400024414,-647.942626953125,65.1369400024414,0.0,-658.424560546875,65.87129211425781,10.507626034833653,-663.4300537109375,65.18151092529297,15.487490892516142,-659.5238037109375,66.37296295166016,-663.4300537109375,65.18151092529297
260,260,-644.6431274414062,64.77320098876953,-644.6431274414062,64.77320098876953,0.0,-655.3172607421875,66.9307861328125,10.890008970457377,-660.5103759765625,65.68561553955078,15.8934601767172,-656.4241943359375,66.49308776855469,-660.5103759765625,65.68561553955078
261,261,-641.3435668945312,64.40945434570312,-641.3435668945312,64.40945434570312,0.0,-654.7440185546875,66.44932556152344,13.554821255675659,-657.9487915039062,66.52169799804688,16.73902797580133,-654.2910766601562,66.39657592773438,-657.9487915039062,66.52169799804688
262,262,-638.0413818359375,64.03466796875,-638.0413818359375,64.03466796875,0.0,-646.7227172851562,63.47872543334961,8.699118190054065,-654.1124877929688,66.65625,16.283523544635486,-650.4810791015625,65.2408447265625,-654.1124877929688,66.65625
263,263,-634.7399291992188,63.65995788574219,-634.7399291992188,63.65995788574219,0.0,-638.0635986328125,62.574188232421875,3.4965231650707977,-647.1993408203125,65.60930633544922,12.610983202043416,-644.4895629882812,63.97336959838867,-647.1993408203125,65.60930633544922
264,264,-631.4374389648438,63.28512954711914,-631.4374389648438,63.28512954711914,0.0,-637.1047973632812,62.473358154296875,5.725200783426261,-640.106689453125,64.03668975830078,8.701766876881734,-639.445556640625,63.01427459716797,-640.106689453125,64.03668975830078
265,265,-628.2564697265625,62.93982696533203,-628.2564697265625,62.93982696533203,0.0,-630.8364868164062,58.085968017578125,5.496947777501299,-632.384033203125,61.10772705078125,4.515901942021072,-633.6480102539062,60.63117980957031,-632.384033203125,61.10772705078125
266,266,-624.7681884765625,62.56117630004883,-624.7681884765625,62.56117630004883,0.0,-625.5685424804688,58.04525375366211,4.586297305728519,-625.8829956054688,59.786956787109375,2.9898309050235956,-627.7305297851562,58.93620681762695,-625.8829956054688,59.786956787109375
267,267,-621.5926513671875,62.21646499633789,-621.5926513671875,62.21646499633789,0.0,-625.619384765625,58.0445442199707,5.798232905495968,-622.3526000976562,59.42052459716797,2.8973789515097135,-624.0306396484375,57.83503341674805,-622.3526000976562,59.42052459716797
268,268,-618.3226928710938,61.89715576171875,-618.3226928710938,61.89715576171875,0.0,-621.2947387695312,57.94615936279297,4.944029668877772,-618.7630004882812,59.4947509765625,2.442420837917778,-620.2440185546875,57.157588958740234,-618.7630004882812,59.4947509765625
269,269,-615.0549926757812,61.578067779541016,-615.0549926757812,61.578067779541016,0.0,-616.836669921875,57.834407806396484,4.146005765043354,-614.7999877929688,59.394954681396484,2.197955934396418,-616.2725219726562,56.78055953979492,-614.7999877929688,59.394954681396484
270,270,-611.7886352539062,61.259117126464844,-611.7886352539062,61.259117126464844,0.0,-616.8175048828125,57.860694885253906,6.069497794224235,-612.4805908203125,59.43854904174805,1.9476320640639444,-613.9507446289062,56.66999053955078,-612.4805908203125,59.43854904174805
271,271,-609.2074584960938,61.02897644042969,-609.2074584960938,61.02897644042969,0.0,-611.5458984375,57.98674011230469,3.8371217384554726,-609.2020874023438,59.62834167480469,1.400645064006392,-610.6871337890625,56.776493072509766,-609.2020874023438,59.62834167480469
272,272,-606.6270751953125,60.798919677734375,-606.6270751953125,60.798919677734375,0.0,-606.33349609375,57.862403869628906,2.9511546520180127,-605.9169921875,59.58819580078125,1.4035918866281796,-606.7493896484375,56.90806579589844,-605.9169921875,59.58819580078125
273,273,-604.047607421875,60.56893539428711,-604.047607421875,60.56893539428711,0.0,-606.0182495117188,57.75788879394531,3.432988965254173,-603.7578735351562,59.53123474121094,1.0773896094300646,-604.1979370117188,57.03463363647461,-603.7578735351562,59.53123474121094
274,274,-603.1896362304688,60.42048645019531,-603.1896362304688,60.42048645019531,0.0,-606.1112060546875,57.771568298339844,3.943645218958593,-601.8163452148438,59.66151809692383,1.5690637892909174,-602.8729858398438,57.1848258972168,-601.8163452148438,59.66151809692383
275,275,-602.3318481445312,60.272071838378906,-602.3318481445312,60.272071838378906,0.0,-606.251953125,57.824790954589844,4.621299252597182,-601.174560546875,59.88350296020508,1.2207785863022997,-602.4334106445312,57.35233688354492,-601.174560546875,59.88350296020508
276,276,-601.4740600585938,60.1236572265625,-601.4740600585938,60.1236572265625,0.0,-601.2050170898438,57.687171936035156,2.4512944927099087,-599.1526489257812,60.19017028808594,2.32236380330452,-600.5398559570312,57.44212341308594,-599.1526489257812,60.19017028808594
277,277,-601.4366455078125,60.10139465332031,-601.4366455078125,60.10139465332031,0.0,-601.2332763671875,57.69663619995117,2.413342542286298,-598.2772216796875,60.31770706176758,3.16682016915585,-599.4900512695312,57.522979736328125,-598.2772216796875,60.31770706176758
278,278,-601.399169921875,60.07913589477539,-601.399169921875,60.07913589477539,0.0,-601.4942016601562,57.78899383544922,2.2921129298478022,-598.8634033203125,60.23439407348633,2.5405151760334888,-599.1268310546875,57.62507629394531,-598.8634033203125,60.23439407348633
279,279,-601.3616943359375,60.05686569213867,-601.3616943359375,60.05686569213867,0.0,-601.7416381835938,57.94581985473633,2.144964301564387,-598.8303833007812,60.4318733215332,2.558938506257607,-599.2323608398438,57.76520538330078,-598.8303833007812,60.4318733215332
280,280,-601.0995483398438,60.101402282714844,-601.0995483398438,60.101402282714844,0.0,-601.4596557617188,57.732749938964844,2.3958696293500252,-598.5355224609375,60.582786560058594,2.6088233995758956,-599.4208984375,57.7799072265625,-598.5355224609375,60.582786560058594
281,281,-600.837646484375,60.145896911621094,-600.837646484375,60.145896911621094,0.0,-601.1864013671875,57.69407653808594,2.476500174110156,-598.4203491210938,60.68239212036133,2.4761166473992517,-599.6193237304688,57.76839065551758,-598.4203491210938,60.68239212036133
282,282,-600.5753784179688,60.19044876098633,-600.5753784179688,60.19044876098633,0.0,-601.138427734375,57.70675277709961,2.546717548743983,-598.3936767578125,60.81317901611328,2.268835627492441,-599.867919921875,57.759544372558594,-598.3936767578125,60.81317901611328
283,283,-599.8977661132812,60.17464828491211,-599.8977661132812,60.17464828491211,0.0,-601.1187133789062,57.69060516357422,2.7678841113932595,-598.5497436523438,60.84579849243164,1.5058576148645342,-600.13037109375,57.74259567260742,-598.5497436523438,60.84579849243164
284,284,-599.28173828125,60.16028594970703,-599.28173828125,60.16028594970703,0.0,-601.1728515625,57.72582244873047,3.0826809728071445,-598.8135986328125,60.83877944946289,0.8243228491617471,-600.4047241210938,57.74174880981445,-598.8135986328125,60.83877944946289
285,285,-598.6656494140625,60.14591979980469,-598.6656494140625,60.14591979980469,0.0,-601.1611328125,57.70810317993164,3.4886082130280007,-599.0458984375,60.87632369995117,0.8234556315760844,-600.6376953125,57.73250198364258,-599.0458984375,60.87632369995117
286,286,-597.80810546875,60.045772552490234,-597.80810546875,60.045772552490234,0.0,-601.0888671875,57.67981719970703,4.044890874495744,-599.2214965820312,60.85544967651367,1.628880438911732,-600.79736328125,57.71319580078125,-599.2214965820312,60.85544967651367
287,287,-596.9498291015625,59.94552993774414,-596.9498291015625,59.94552993774414,0.0,-597.080810546875,57.7188720703125,2.2305069821929213,-597.614990234375,60.924800872802734,1.1838120192221993,-599.248779296875,57.71427917480469,-597.614990234375,60.924800872802734
288,288,-596.0921020507812,59.845359802246094,-596.0921020507812,59.845359802246094,0.0,-597.2214965820312,57.7783088684082,2.355468439673413,-596.5409545898438,61.009056091308594,1.2472600590897982,-598.2039794921875,57.73936462402344,-596.5409545898438,61.009056091308594
289,289,-594.8851928710938,59.681861877441406,-594.8851928710938,59.681861877441406,0.0,-596.801025390625,57.62264633178711,2.812611403368368,-595.684326171875,60.96932601928711,1.515314471968122,-597.31640625,57.69499206542969,-595.684326171875,60.96932601928711
290,290,-593.7744140625,59.53138732910156,-593.7744140625,59.53138732910156,0.0,-596.7752685546875,57.576416015625,3.5814857977937278,-595.1763916015625,60.9001579284668,1.9593554995769418,-596.7337646484375,57.6428337097168,-595.1763916015625,60.9001579284668
291,291,-592.55859375,59.36668395996094,-592.55859375,59.36668395996094,0.0,-593.104248046875,57.42347717285156,2.018363502733363,-593.367431640625,60.80512237548828,1.650249620080403,-594.9161987304688,57.543968200683594,-593.367431640625,60.80512237548828
292,292,-590.8184204101562,59.179298400878906,-590.8184204101562,59.179298400878906,0.0,-592.9848022460938,57.39811325073242,2.804608849408824,-592.0594482421875,60.7176399230957,1.9765233919315188,-593.6001586914062,57.462947845458984,-592.0594482421875,60.7176399230957
293,293,-589.0809326171875,58.99219512939453,-589.0809326171875,58.99219512939453,0.0,-593.051025390625,57.43140411376953,4.26587684118475,-591.2398071289062,60.65711975097656,2.7263002682938176,-592.7832641601562,57.42183303833008,-591.2398071289062,60.65711975097656
294,294,-587.4931640625,58.82122039794922,-587.4931640625,58.82122039794922,0.0,-588.302734375,57.23598098754883,1.7799966514485148,-588.9368896484375,60.48740768432617,2.2046595294454816,-590.4806518554688,57.319297790527344,-588.9368896484375,60.48740768432617
295,295,-585.1982421875,58.60494613647461,-585.1982421875,58.60494613647461,0.0,-588.302978515625,57.233741760253906,3.394052019127862,-587.333740234375,60.377384185791016,2.775227656764664,-588.8506469726562,57.24924087524414,-587.333740234375,60.377384185791016
296,296,-582.7028198242188,58.369781494140625,-582.7028198242188,58.369781494140625,0.0,-582.8673095703125,57.196067810058594,1.1851838206672418,-584.10986328125,60.31903076171875,2.404026621551498,-585.6277465820312,57.19076156616211,-584.10986328125,60.31903076171875
297,297,-580.4057006835938,58.15330123901367,-580.4057006835938,58.15330123901367,0.0,-582.9527587890625,57.27878189086914,2.6930074420456385,-581.8770141601562,60.36132049560547,2.6533210103179417,-583.4747314453125,57.18952560424805,-581.8770141601562,60.36132049560547
298,298,-577.5111083984375,57.838523864746094,-577.5111083984375,57.838523864746094,0.0,-578.6215209960938,53.547386169433594,4.432479989482815,-578.8402709960938,58.920345306396484,1.713770942285707,-580.3453369140625,55.67336654663086,-578.8402709960938,58.920345306396484
299,299,-574.6156005859375,57.523643493652344,-574.6156005859375,57.523643493652344,0.0,-578.6300048828125,53.550872802734375,5.6478623231613305,-577.7443237304688,57.648338317871094,3.131207005982271,-578.3566284179688,54.57487487792969,-577.7443237304688,57.648338317871094
300,300,-571.7047119140625,57.20708465576172,-571.7047119140625,57.20708465576172,0.0,-574.3154907226562,53.716278076171875,4.3591164888667455,-575.5789184570312,56.79363250732422,3.896205720522141,-575.4410400390625,53.89155578613281,-575.5789184570312,56.79363250732422
301,301,-568.8550415039062,56.87386703491211,-568.8550415039062,56.87386703491211,0.0,-570.5894775390625,53.794132232666016,3.5345487423735324,-572.7279052734375,56.18157958984375,3.934251604047087,-572.0648193359375,53.49877166748047,-572.7279052734375,56.18157958984375
302,302,-566.25830078125,56.570220947265625,-566.25830078125,56.570220947265625,0.0,-570.840576171875,53.64306640625,5.437414961405455,-569.3292236328125,56.071292877197266,3.1111889012644176,-570.055908203125,53.23273849487305,-569.3292236328125,56.071292877197266
303,303,-563.42236328125,56.23860549926758,-563.42236328125,56.23860549926758,0.0,-567.362060546875,53.739959716796875,4.665237967245801,-566.2353515625,56.06477737426758,2.818354003224372,-567.5164184570312,53.15141677856445,-566.2353515625,56.06477737426758
304,304,-561.7368774414062,56.00497055053711,-561.7368774414062,56.00497055053711,0.0,-567.2902221679688,53.76861572265625,5.986728703409363,-564.6290283203125,56.078590393066406,2.893087725523067,-565.9553833007812,53.17109298706055,-564.6290283203125,56.078590393066406
305,305,-559.8888549804688,55.748802185058594,-559.8888549804688,55.748802185058594,0.0,-567.2030029296875,53.779029846191406,7.574745097363155,-563.7376708984375,56.18239974975586,3.87316289594448,-565.1281127929688,53.244598388671875,-563.7376708984375,56.18239974975586
306,306,-560.1390380859375,55.755977630615234,-560.1390380859375,55.755977630615234,0.0,-567.23291015625,53.78635025024414,7.362231520909082,-563.4371337890625,56.30326461791992,3.3431958233768824,-564.8577880859375,53.3433837890625,-563.4371337890625,56.30326461791992
307,307,-560.3895874023438,55.76316452026367,-560.3895874023438,55.76316452026367,0.0,-567.2492065429688,53.7934684753418,7.136811421342849,-563.4749755859375,56.46003723144531,3.1631079366739274,-564.9340209960938,53.447853088378906,-563.4749755859375,56.46003723144531
308,308,-560.6649780273438,55.77106475830078,-560.6649780273438,55.77106475830078,0.0,-567.2429809570312,53.79494857788086,6.868417408799115,-563.7218627929688,56.586124420166016,3.163679301495346,-565.203369140625,53.54434585571289,-563.7218627929688,56.586124420166016
309,309,-561.0635375976562,55.83820343017578,-561.0635375976562,55.83820343017578,0.0,-567.1958618164062,53.71179962158203,6.490531063100292,-564.0523681640625,56.575138092041016,3.0783406001517655,-565.5386352539062,53.59237289428711,-564.0523681640625,56.575138092041016
310,310,-561.426025390625,55.899269104003906,-561.426025390625,55.899269104003906,0.0,-567.2141723632812,53.77940368652344,6.164128062045706,-564.3641357421875,56.638946533203125,3.0297879690211795,-565.9083862304688,53.65969467163086,-564.3641357421875,56.638946533203125
311,311,-561.7883911132812,55.96030807495117,-561.7883911132812,55.96030807495117,0.0,-567.3262939453125,53.75309753417969,5.961555681893149,-564.7330932617188,56.71118927001953,3.0389296326370765,-566.30078125,53.70078659057617,-564.7330932617188,56.71118927001953
312,312,-561.8179931640625,55.98184585571289,-561.8179931640625,55.98184585571289,0.0,-567.232666015625,53.798126220703125,5.8384341679747624,-565.1011962890625,56.7425537109375,3.3701779183019687,-566.5962524414062,53.74843978881836,-565.1011962890625,56.7425537109375
313,313,-561.8506469726562,56.005558013916016,-561.8506469726562,56.005558013916016,0.0,-567.1427001953125,53.84225082397461,5.717143107311429,-565.5947875976562,56.72526931762695,3.8126858486458977,-566.7979125976562,53.799434661865234,-565.5947875976562,56.72526931762695
314,314,-561.8803100585938,56.027099609375,-561.8803100585938,56.027099609375,0.0,-567.22412109375,53.846038818359375,5.771771179938045,-565.9894409179688,56.68503952026367,4.161471055505267,-566.9840698242188,53.835533142089844,-565.9894409179688,56.68503952026367
315,315,-561.5739135742188,56.06791305541992,-561.5739135742188,56.06791305541992,0.0,-567.292236328125,53.78145980834961,6.158496859533204,-566.0020141601562,56.63508224487305,4.464275494259393,-567.1455688476562,53.831939697265625,-566.0020141601562,56.63508224487305
316,316,-561.2676391601562,56.10872268676758,-561.2676391601562,56.10872268676758,0.0,-567.3013916015625,53.651344299316406,6.514973297204525,-565.8543090820312,56.612144470214844,4.614214392968975,-567.2594604492188,53.772098541259766,-565.8543090820312,56.612144470214844
317,317,-560.961181640625,56.14955139160156,-560.961181640625,56.14955139160156,0.0,-567.3152465820312,53.6518440246582,6.827348194613421,-565.781494140625,56.6551399230957,4.846754827803306,-567.3369750976562,53.7250862121582,-565.781494140625,56.6551399230957
318,318,-560.7025756835938,56.1977653503418,-560.7025756835938,56.1977653503418,0.0,-567.3189697265625,53.51941680908203,7.137942353388732,-565.858642578125,56.59890365600586,5.171647490031795,-567.3827514648438,53.63628387451172,-565.858642578125,56.59890365600586
319,319,-560.44384765625,56.246002197265625,-560.44384765625,56.246002197265625,0.0,-567.4375,53.57128143310547,7.487676827392416,-565.9307861328125,56.62543487548828,5.500042091010325,-567.4515991210938,53.593231201171875,-565.9307861328125,56.62543487548828
320,320,-560.1849975585938,56.29426574707031,-560.1849975585938,56.29426574707031,0.0,-567.3975219726562,53.741455078125,7.650970574700221,-565.9796752929688,56.66582489013672,5.806577842590042,-567.4745483398438,53.63411331176758,-565.9796752929688,56.66582489013672
321,321,-559.9381713867188,56.76070022583008,-559.9381713867188,56.76070022583008,0.0,-567.295654296875,53.80165100097656,7.9302286907974775,-565.9176025390625,56.79429626464844,5.9795255329702535,-567.4388427734375,53.693180084228516,-565.9176025390625,56.79429626464844
322,322,-559.69091796875,57.22782516479492,-559.69091796875,57.22782516479492,0.0,-561.4439697265625,53.48405075073242,4.13388888686652,-563.6361694335938,56.515655517578125,4.009014183969502,-565.05078125,53.612815856933594,-563.6361694335938,56.515655517578125
323,323,-559.4190673828125,57.74142074584961,-559.4190673828125,57.74142074584961,0.0,-561.6182861328125,53.590728759765625,4.697319136879393,-561.7312622070312,56.928924560546875,2.450794760128941,-563.3553466796875,53.593936920166016,-561.7312622070312,56.928924560546875
324,324,-558.9118041992188,58.914100646972656,-558.9118041992188,58.914100646972656,0.0,-561.7979125976562,58.14482498168945,2.986872400476523,-561.9239501953125,57.29597091674805,3.4192641497287655,-562.2411499023438,55.40924835205078,-561.9239501953125,57.29597091674805
325,325,-558.4044799804688,60.08686065673828,-558.4044799804688,60.08686065673828,0.0,-562.3807373046875,58.07249450683594,4.457386374802575,-560.7517700195312,58.80107498168945,2.6763810135410098,-561.7578735351562,56.73439407348633,-560.7517700195312,58.80107498168945
326,326,-557.8973999023438,61.259117126464844,-557.8973999023438,61.259117126464844,0.0,-562.2439575195312,58.07671356201172,5.387045160992678,-560.1634521484375,60.197914123535156,2.5022279263595304,-561.4722900390625,57.653987884521484,-560.1634521484375,60.197914123535156
327,327,-557.3032836914062,62.58571243286133,-557.3032836914062,62.58571243286133,0.0,-561.9365844726562,62.215538024902344,4.648064674877023,-559.816162109375,62.79637908935547,2.5216935546674875,-561.255126953125,59.93601608276367,-559.816162109375,62.79637908935547
328,328,-556.6494140625,64.0456771850586,-556.6494140625,64.0456771850586,0.0,-561.9397583007812,62.27581024169922,5.578545613034985,-559.6968383789062,64.49662017822266,3.0806078210813954,-561.1930541992188,61.526004791259766,-559.6968383789062,64.49662017822266
329,329,-555.9979248046875,65.5003890991211,-555.9979248046875,65.5003890991211,0.0,-561.921875,62.29927062988281,6.733523993470391,-559.6821899414062,65.59449005126953,3.685466671513456,-561.218994140625,62.552024841308594,-559.6821899414062,65.59449005126953
330,330,-555.2718505859375,67.09474182128906,-555.2718505859375,67.09474182128906,0.0,-561.95068359375,62.3809928894043,8.174731759457954,-559.7102661132812,66.31793212890625,4.505881233626335,-561.314697265625,63.1695556640625,-559.7102661132812,66.31793212890625
331,331,-554.5454711914062,68.68971252441406,-554.5454711914062,68.68971252441406,0.0,-555.9705200195312,67.60420989990234,1.7913905521583688,-557.4260864257812,68.65374755859375,2.8808397399508,-559.0491943359375,65.53760528564453,-557.4260864257812,68.65374755859375
332,332,-553.8839111328125,70.14241027832031,-553.8839111328125,70.14241027832031,0.0,-556.000244140625,67.67378234863281,3.251613331131163,-555.7703857421875,70.30817413330078,1.893743411192378,-557.4035034179688,67.19841003417969,-555.7703857421875,70.30817413330078
333,333,-552.7705078125,72.56969451904297,-552.7705078125,72.56969451904297,0.0,-555.9049072265625,72.16692352294922,3.160171539991096,-554.6052856445312,73.16703796386719,1.9295670198227783,-556.2403564453125,70.05078125,-554.6052856445312,73.16703796386719
334,334,-551.6575927734375,74.99594116210938,-551.6575927734375,74.99594116210938,0.0,-555.9116821289062,72.27099609375,5.051989892100795,-553.8421020507812,75.14875793457031,2.1898478825585785,-555.5188598632812,71.9979476928711,-553.8421020507812,75.14875793457031
335,335,-551.047119140625,76.36161041259766,-551.047119140625,76.36161041259766,0.0,-555.8900146484375,72.20738220214844,6.380536726959779,-553.4076538085938,76.33161163330078,2.3607252795362785,-555.11669921875,73.16290283203125,-553.4076538085938,76.33161163330078
336,336,-550.3771362304688,77.8604965209961,-550.3771362304688,77.8604965209961,0.0,-555.9332885742188,76.51686096191406,5.716308720021016,-553.2352905273438,78.71729278564453,2.983813972730294,-554.9666748046875,75.5119400024414,-553.2352905273438,78.71729278564453
337,337,-549.70703125,79.35966491699219,-549.70703125,79.35966491699219,0.0,-551.2162475585938,76.04933166503906,3.6381369002707826,-551.349365234375,80.04549407958984,1.779781603597044,-553.0990600585938,76.81272888183594,-551.349365234375,80.04549407958984
338,338,-549.3936157226562,79.93855285644531,-549.3936157226562,79.93855285644531,0.0,-551.2005615234375,76.11865234375,4.225718051864193,-549.9810180664062,80.81605529785156,1.0559602493071993,-551.7803344726562,77.54264068603516,-549.9810180664062,80.81605529785156
339,339,-549.0498657226562,80.57357788085938,-549.0498657226562,80.57357788085938,0.0,-551.156005859375,76.27769470214844,4.784395318180685,-549.056884765625,81.188232421875,0.6146946166636941,-550.9130249023438,77.90353393554688,-549.056884765625,81.188232421875
340,340,-548.73681640625,81.15190887451172,-548.73681640625,81.15190887451172,0.0,-551.1097412109375,76.30327606201172,5.398148967854895,-548.5387573242188,81.23397064208984,0.21438641205334732,-550.396240234375,77.97232055664062,-548.5387573242188,81.23397064208984
341,341,-548.593017578125,81.02957916259766,-548.593017578125,81.02957916259766,0.0,-551.1863403320312,76.28561401367188,5.406526448668341,-548.2970581054688,81.14637756347656,0.3181727139508278,-550.1843872070312,77.84524536132812,-548.2970581054688,81.14637756347656
342,342,-548.4620361328125,80.91809844970703,-548.4620361328125,80.91809844970703,0.0,-551.1752319335938,76.30852508544922,5.348794074728629,-548.2354736328125,80.955322265625,0.2296000411100678,-550.1458740234375,77.6288070678711,-548.2354736328125,80.955322265625
343,343,-548.318115234375,80.79568481445312,-548.318115234375,80.79568481445312,0.0,-551.2501220703125,76.08802032470703,5.546058874011399,-548.4320678710938,80.57138061523438,0.251590097583987,-550.2515869140625,77.28721618652344,-548.4320678710938,80.57138061523438
344,344,-547.6167602539062,80.42304992675781,-547.6167602539062,80.42304992675781,0.0,-551.2940673828125,75.93709564208984,5.800549419187431,-548.6842651367188,80.10040283203125,1.115198557461415,-550.4268188476562,76.90613555908203,-548.6842651367188,80.10040283203125
345,345,-546.9212646484375,80.05350494384766,-546.9212646484375,80.05350494384766,0.0,-551.25048828125,75.82415771484375,6.052235557741064,-548.879150390625,79.53199005126953,2.0261526010253696,-550.597412109375,76.54016876220703,-548.879150390625,79.53199005126953
346,346,-546.2858276367188,79.71588897705078,-546.2858276367188,79.71588897705078,0.0,-551.3857421875,76.16365814208984,6.215100347550118,-549.160888671875,79.23001098632812,2.9158280775351644,-550.8128051757812,76.38829040527344,-549.160888671875,79.23001098632812
347,347,-544.3756103515625,79.34844207763672,-544.3756103515625,79.34844207763672,0.0,-545.6309204101562,76.17265319824219,3.4148848223172354,-547.0006713867188,79.22087097167969,2.628159018280801,-548.7451782226562,76.27916717529297,-547.0006713867188,79.22087097167969
348,348,-542.4663696289062,78.9811782836914,-542.4663696289062,78.9811782836914,0.0,-545.5994873046875,76.27556610107422,4.13965743184378,-545.3751220703125,79.2941665649414,2.9255430999365997,-547.1781616210938,76.24652099609375,-545.3751220703125,79.2941665649414
349,349,-540.370361328125,78.89698028564453,-540.370361328125,78.89698028564453,0.0,-539.636962890625,76.10176086425781,2.889831289508947,-541.9125366210938,79.20482635498047,1.5726009782042096,-543.6388549804688,76.15951538085938,-541.9125366210938,79.20482635498047
350,350,-538.4627075195312,78.82035827636719,-538.4627075195312,78.82035827636719,0.0,-539.5650634765625,76.07725524902344,2.9563157603044923,-539.5909423828125,79.11710357666016,1.1666069089325783,-541.1434936523438,76.09211730957031,-539.5909423828125,79.11710357666016
351,351,-536.3695068359375,78.73627471923828,-536.3695068359375,78.73627471923828,0.0,-539.53662109375,76.00689697265625,4.180922817462244,-538.183349609375,78.95089721679688,1.826496214945361,-539.4922485351562,76.0220718383789,-538.183349609375,78.95089721679688
352,352,-533.578125,78.49898529052734,-533.578125,78.49898529052734,0.0,-535.1435546875,76.25303649902344,2.737673479537727,-535.1255493164062,79.14993286132812,1.678765842795471,-536.7002563476562,76.07902526855469,-535.1255493164062,79.14993286132812
353,353,-531.0382080078125,78.28306579589844,-531.0382080078125,78.28306579589844,0.0,-531.1863403320312,76.44485473632812,1.8441700260564533,-531.5062866210938,79.44498443603516,1.252658179436218,-533.2875366210938,76.20775604248047,-531.5062866210938,79.44498443603516
354,354,-528.2506103515625,78.04609680175781,-528.2506103515625,78.04609680175781,0.0,-531.1968994140625,76.45743560791016,3.3473069217872133,-529.2494506835938,79.61660766601562,1.8612324904869135,-531.080322265625,76.31224822998047,-529.2494506835938,79.61660766601562
355,355,-525.3048095703125,77.60379791259766,-525.3048095703125,77.60379791259766,0.0,-526.8421630859375,76.5270004272461,1.8769519590186627,-526.154052734375,79.76297760009766,2.320187680904173,-528.0299072265625,76.41600799560547,-526.154052734375,79.76297760009766
356,356,-522.0663452148438,77.1175537109375,-522.0663452148438,77.1175537109375,0.0,-526.82958984375,76.55224609375,4.796673023758702,-524.18994140625,79.8860092163086,3.489126920789017,-526.0769653320312,76.49900817871094,-524.18994140625,79.8860092163086
357,357,-518.834716796875,76.63233947753906,-518.834716796875,76.63233947753906,0.0,-522.416015625,76.40399169921875,3.588571304041947,-521.321533203125,79.90365600585938,4.109229570960453,-523.2113037109375,76.4933853149414,-521.321533203125,79.90365600585938
358,358,-515.6478271484375,76.06416320800781,-515.6478271484375,76.06416320800781,0.0,-516.990966796875,71.820068359375,4.451557614969887,-517.3557739257812,78.0686264038086,2.633430253027177,-519.2623901367188,74.66716766357422,-517.3557739257812,78.0686264038086
359,359,-512.4663696289062,75.4969482421875,-512.4663696289062,75.4969482421875,0.0,-516.9589233398438,71.74679565429688,5.852066581825693,-514.76171875,76.63848876953125,2.5635409813915784,-516.650146484375,73.26016235351562,-514.76171875,76.63848876953125
360,360,-508.9694519042969,74.87348937988281,-508.9694519042969,74.87348937988281,0.0,-511.6948547363281,71.33056640625,4.469913175212594,-511.1399230957031,75.4335708618164,2.241570087935998,-513.0051879882812,72.10755920410156,-511.1399230957031,75.4335708618164
361,361,-505.7897033691406,74.33113861083984,-505.7897033691406,74.33113861083984,0.0,-507.18304443359375,71.32728576660156,3.31127335502972,-506.9472351074219,74.70906066894531,1.217663667492418,-508.86175537109375,71.33599090576172,-506.9472351074219,74.70906066894531
362,362,-502.6083068847656,73.78850555419922,-502.6083068847656,73.78850555419922,0.0,-502.5718994140625,71.21743774414062,2.5713255701763034,-502.4185791015625,74.27452087402344,0.521735107907269,-504.3863525390625,70.83232879638672,-502.4185791015625,74.27452087402344
363,363,-499.1144104003906,73.19256591796875,-499.1144104003906,73.19256591796875,0.0,-502.5447998046875,71.25712585449219,3.9387180280419196,-499.5545959472656,74.04871368408203,0.9626797562525164,-501.5278015136719,70.5852279663086,-499.5545959472656,74.04871368408203
364,364,-495.6409606933594,72.65957641601562,-495.6409606933594,72.65957641601562,0.0,-497.4958801269531,71.13182830810547,2.4030689516422163,-495.93450927734375,73.88966369628906,1.264628596960283,-497.8841857910156,70.4489974975586,-495.93450927734375,73.88966369628906
365,365,-492.4820556640625,72.17485809326172,-492.4820556640625,72.17485809326172,0.0,-492.6479797363281,71.08181762695312,1.1055624173900434,-491.79193115234375,73.8436508178711,1.8058629514401763,-493.73095703125,70.415771484375,-491.79193115234375,73.8436508178711
366,366,-489.3206481933594,71.68975067138672,-489.3206481933594,71.68975067138672,0.0,-492.630859375,71.07771301269531,3.3663167056465557,-489.12310791015625,73.96178436279297,2.2806050202463997,-491.1168212890625,70.45718383789062,-489.12310791015625,73.96178436279297
367,367,-484.2118225097656,70.93910217285156,-484.2118225097656,70.93910217285156,0.0,-487.95770263671875,66.05467987060547,6.155420306703791,-485.8117370605469,72.06488800048828,1.9563027116244718,-487.8294372558594,68.54901123046875,-485.8117370605469,72.06488800048828
368,368,-479.54730224609375,70.25373077392578,-479.54730224609375,70.25373077392578,0.0,-483.5068664550781,65.94197845458984,5.854003483802251,-482.0486145019531,70.63652038574219,2.530432944819299,-484.0678405761719,67.11124420166016,-482.0486145019531,70.63652038574219
369,369,-476.3033142089844,69.75653076171875,-476.3033142089844,69.75653076171875,0.0,-479.7071533203125,65.9194107055664,5.12928952401145,-478.19879150390625,69.678955078125,1.897064090179714,-480.24066162109375,66.12338256835938,-478.19879150390625,69.678955078125
370,370,-473.05865478515625,69.25923156738281,-473.05865478515625,69.25923156738281,0.0,-475.5536804199219,65.99081420898438,4.111897973785078,-474.1714172363281,69.1217269897461,1.1212260171834634,-476.2451477050781,65.5404281616211,-474.1714172363281,69.1217269897461
371,371,-469.8147888183594,68.76204681396484,-469.8147888183594,68.76204681396484,0.0,-475.55078125,65.96098327636719,6.383382028164821,-471.6880798339844,68.80760192871094,1.8738448435505202,-473.7784423828125,65.2214584350586,-471.6880798339844,68.80760192871094
372,372,-466.52325439453125,68.29454803466797,-466.52325439453125,68.29454803466797,0.0,-470.4851989746094,65.98439025878906,4.586265780028912,-468.3432312011719,68.7094955444336,1.8666807473616105,-470.4409484863281,65.11506652832031,-468.3432312011719,68.7094955444336
373,373,-463.23193359375,67.82707977294922,-463.23193359375,67.82707977294922,0.0,-465.21075439453125,65.83824157714844,2.805567523814149,-464.281494140625,68.63662719726562,1.325497783390782,-466.34136962890625,65.0716781616211,-464.281494140625,68.63662719726562
374,374,-459.9393310546875,67.35942077636719,-459.9393310546875,67.35942077636719,0.0,-460.249267578125,65.81471252441406,1.5754949165937042,-459.7095031738281,68.67623901367188,1.3367240272092573,-461.75787353515625,65.11377716064453,-459.7095031738281,68.67623901367188
375,375,-456.3824157714844,66.82246398925781,-456.3824157714844,66.82246398925781,0.0,-460.2365417480469,65.8237075805664,3.981432079932546,-456.822998046875,68.78204345703125,2.008498053747528,-458.89080810546875,65.20880126953125,-456.822998046875,68.78204345703125
376,376,-453.1473388671875,66.33409118652344,-453.1473388671875,66.33409118652344,0.0,-455.95355224609375,61.25770950317383,5.800386583926958,-453.5348205566406,67.0825424194336,0.8428056167979547,-455.5892028808594,63.48551559448242,-453.5348205566406,67.0825424194336
377,377,-449.9106750488281,65.8454818725586,-449.9106750488281,65.8454818725586,0.0,-452.2057800292969,61.100502014160156,5.270895628636495,-450.0746765136719,65.80196380615234,0.16967705376577752,-452.1351623535156,62.17814636230469,-450.0746765136719,65.80196380615234
378,378,-446.7342834472656,65.36060333251953,-446.7342834472656,65.36060333251953,0.0,-452.1806335449219,61.13411331176758,6.89390653271105,-448.028076171875,64.96749114990234,1.352197027941638,-450.0969543457031,61.30819320678711,-448.028076171875,64.96749114990234
379,379,-443.5564880371094,64.8755111694336,-443.5564880371094,64.8755111694336,0.0,-447.70855712890625,61.01921463012695,5.666630457522645,-445.1478576660156,64.40349578857422,1.6598963267544864,-447.24127197265625,60.725826263427734,-445.1478576660156,64.40349578857422
380,380,-440.06585693359375,64.34266662597656,-440.06585693359375,64.34266662597656,0.0,-442.3070373535156,61.01668167114258,4.010619103632656,-441.3232421875,64.07976531982422,1.2845757173158354,-443.43951416015625,60.401214599609375,-441.3232421875,64.07976531982422
381,381,-436.91912841796875,63.836238861083984,-436.91912841796875,63.836238861083984,0.0,-442.31707763671875,60.96244812011719,6.115270148658212,-438.9057312011719,63.91974639892578,1.9883571427454378,-441.0323486328125,60.24473190307617,-438.9057312011719,63.91974639892578
382,382,-433.7699279785156,63.32941818237305,-433.7699279785156,63.32941818237305,0.0,-437.1275634765625,60.837520599365234,4.181300001428343,-435.54345703125,63.81241989135742,1.8381229425081218,-437.6360168457031,60.16976547241211,-435.54345703125,63.81241989135742
383,383,-430.31292724609375,62.7730598449707,-430.31292724609375,62.7730598449707,0.0,-432.45635986328125,60.7911376953125,2.9193010793217353,-431.6054382324219,63.78634262084961,1.6423539915839593,-433.6631774902344,60.168663024902344,-431.6054382324219,63.78634262084961
384,384,-427.0655517578125,62.26048278808594,-427.0655517578125,62.26048278808594,0.0,-428.0486145019531,60.90016555786133,1.6783549462980853,-427.3659362792969,63.8715934753418,1.6388741584811948,-429.39727783203125,60.2712287902832,-427.3659362792969,63.8715934753418
385,385,-423.8179626464844,61.74787139892578,-423.8179626464844,61.74787139892578,0.0,-427.93682861328125,60.93101501464844,4.199084567494707,-424.6551513671875,64.00904083251953,2.41117650981657,-426.6954345703125,60.4050407409668,-424.6551513671875,64.00904083251953
386,386,-420.5804443359375,61.23685073852539,-420.5804443359375,61.23685073852539,0.0,-424.0380859375,56.566341400146484,5.811105137987116,-421.5626525878906,62.39469909667969,1.5183365472402404,-423.6244812011719,58.73939514160156,-421.5626525878906,62.39469909667969
387,387,-415.9250793457031,60.673606872558594,-415.9250793457031,60.673606872558594,0.0,-419.266357421875,56.47990417480469,5.362022146490559,-417.90765380859375,61.114219665527344,2.0309458718128783,-419.90655517578125,57.532989501953125,-417.90765380859375,61.114219665527344
388,388,-410.8275451660156,60.05686569213867,-410.8275451660156,60.05686569213867,0.0,-414.81927490234375,56.513389587402344,5.337614560149838,-413.8445739746094,60.24729919433594,3.0230328729016063,-415.84124755859375,56.727294921875,-413.8445739746094,60.24729919433594
389,389,-407.634765625,59.57559585571289,-407.634765625,59.57559585571289,0.0,-410.01904296875,56.484458923339844,3.903832218039116,-409.4386291503906,59.731571197509766,1.8105943569677185,-411.3936767578125,56.20809555053711,-409.4386291503906,59.731571197509766
390,390,-404.4422302246094,59.094364166259766,-404.4422302246094,59.094364166259766,0.0,-409.947509765625,56.47578048706055,6.096317192346025,-406.671875,59.41102600097656,2.252019214392479,-408.5538024902344,55.91773223876953,-406.671875,59.41102600097656
391,391,-400.931640625,58.565185546875,-400.931640625,58.565185546875,0.0,-404.6209411621094,56.46675109863281,4.24433335008986,-402.9407958984375,59.289466857910156,2.1357172870716106,-404.8568115234375,55.791290283203125,-402.9407958984375,59.289466857910156
392,392,-397.45977783203125,57.918495178222656,-397.45977783203125,57.918495178222656,0.0,-398.9974365234375,56.55876922607422,2.052620012618789,-398.4789733886719,59.272483825683594,1.6947108426304154,-400.3511047363281,55.80375289916992,-398.4789733886719,59.272483825683594
393,393,-393.9891357421875,57.272037506103516,-393.9891357421875,57.272037506103516,0.0,-394.25927734375,56.66494369506836,0.6644842964976242,-393.8265380859375,59.3404426574707,2.0747862222456344,-395.615478515625,55.93204879760742,-393.8265380859375,59.3404426574707
394,394,-390.8315124511719,56.68388366699219,-390.8315124511719,56.68388366699219,0.0,-394.3660583496094,51.02112579345703,6.675315830913602,-390.92486572265625,57.170623779296875,0.4956115113909434,-392.7239685058594,53.780616760253906,-390.92486572265625,57.170623779296875
395,395,-387.4894714355469,56.12371826171875,-387.4894714355469,56.12371826171875,0.0,-389.27435302734375,51.02571105957031,5.401433118154171,-387.26434326171875,55.65998458862305,0.5154916238058761,-389.08966064453125,52.257320404052734,-387.26434326171875,55.65998458862305
396,396,-384.1477355957031,55.563602447509766,-384.1477355957031,55.563602447509766,0.0,-383.8757629394531,51.33379364013672,4.23854357918829,-382.8779296875,54.83308792114258,1.464943179014476,-384.77777099609375,51.358177185058594,-382.8779296875,54.83308792114258
397,397,-380.8028564453125,55.002960205078125,-380.8028564453125,55.002960205078125,0.0,-383.8599853515625,51.32668685913086,4.781320200901799,-380.1351318359375,54.319122314453125,0.9557669248406987,-382.0841369628906,50.81407928466797,-380.1351318359375,54.319122314453125
398,398,-377.6221008300781,54.55384826660156,-377.6221008300781,54.55384826660156,0.0,-378.78460693359375,51.47990798950195,3.286415869588982,-376.6748962402344,54.119728088378906,1.0419485899799172,-378.613525390625,50.602142333984375,-376.6748962402344,54.119728088378906
399,399,-374.12774658203125,54.06045913696289,-374.12774658203125,54.06045913696289,0.0,-373.7318115234375,51.611297607421875,2.4809588405306773,-372.5693664550781,54.1391716003418,1.5603667107361698,-374.5167236328125,50.607234954833984,-372.5693664550781,54.1391716003418
400,400,-370.94781494140625,53.61146545410156,-370.94781494140625,53.61146545410156,0.0,-373.7010803222656,51.622596740722656,3.3964789144783727,-370.00927734375,54.25585174560547,1.1384579548198177,-371.9869079589844,50.71023941040039,-370.00927734375,54.25585174560547
401,401,-367.7818908691406,53.21244812011719,-367.7818908691406,53.21244812011719,0.0,-368.9964599609375,51.72699737548828,1.9187865940398003,-366.7312316894531,54.51088333129883,1.6702750400751136,-368.74847412109375,50.90060806274414,-366.7312316894531,54.51088333129883
402,402,-364.3070068359375,52.77449035644531,-364.3070068359375,52.77449035644531,0.0,-364.86651611328125,51.75763702392578,1.1606210972103694,-363.1634826660156,54.713199615478516,2.250831206078453,-365.169677734375,51.10362243652344,-363.1634826660156,54.713199615478516
403,403,-361.1438293457031,52.37582015991211,-361.1438293457031,52.37582015991211,0.0,-364.82977294921875,51.77565002441406,3.7344858333968136,-361.0399475097656,54.85302734375,2.4793843726812104,-362.9952697753906,51.29546356201172,-361.0399475097656,54.85302734375
404,404,-358.0951232910156,51.888648986816406,-358.0951232910156,51.888648986816406,0.0,-360.3721618652344,51.910972595214844,2.2771479995758037,-358.1113586425781,55.082645416259766,3.1940376920032247,-360.0744323730469,51.50959777832031,-358.1113586425781,55.082645416259766
405,405,-354.74200439453125,51.35283660888672,-354.74200439453125,51.35283660888672,0.0,-355.77716064453125,47.02356719970703,4.451305660047747,-354.5466003417969,53.297393798828125,1.9543503802485973,-356.5116882324219,49.71638488769531,-354.5466003417969,53.297393798828125
406,406,-351.39093017578125,50.81734848022461,-351.39093017578125,50.81734848022461,0.0,-351.051025390625,47.0185546875,3.813970312235681,-350.4928283691406,51.931854248046875,1.431331534481181,-352.42669677734375,48.390380859375,-350.4928283691406,51.931854248046875
407,407,-348.208984375,50.27159118652344,-348.208984375,50.27159118652344,0.0,-351.0488586425781,47.036251068115234,4.304917134792957,-347.869873046875,51.02116394042969,0.8227124687649392,-349.8279113769531,47.47021484375,-347.869873046875,51.02116394042969
408,408,-344.71075439453125,49.67158889770508,-344.71075439453125,49.67158889770508,0.0,-345.9467468261719,47.030948638916016,2.9155888371665974,-344.348388671875,50.47058868408203,0.8773309384642736,-346.344970703125,46.87616729736328,-344.348388671875,50.47058868408203
409,409,-341.5256652832031,49.12528991699219,-341.5256652832031,49.12528991699219,0.0,-341.56500244140625,47.00861740112305,2.1170380137001072,-340.4604797363281,50.14064025878906,1.4715830135804178,-342.4381408691406,46.52726364135742,-340.4604797363281,50.14064025878906
410,410,-338.1062927246094,48.60921096801758,-338.1062927246094,48.60921096801758,0.0,-341.70794677734375,46.933509826660156,3.9723904932325715,-338.1351623535156,49.98584747314453,1.3769391862828715,-340.1297607421875,46.333309173583984,-338.1351623535156,49.98584747314453
411,411,-334.9945068359375,48.139556884765625,-334.9945068359375,48.139556884765625,0.0,-337.51983642578125,46.89643859863281,2.814717145764061,-335.1628723144531,49.94131851196289,1.8096109790770871,-337.1903381347656,46.26094436645508,-335.1628723144531,49.94131851196289
412,412,-331.5685119628906,47.62247848510742,-331.5685119628906,47.62247848510742,0.0,-333.0982971191406,46.925655364990234,1.681013112683149,-331.654541015625,49.99565505981445,2.3747353647622655,-333.693359375,46.295413970947266,-331.654541015625,49.99565505981445
413,413,-326.8189697265625,46.92759323120117,-326.8189697265625,46.92759323120117,0.0,-328.690673828125,47.0112419128418,1.8735723486820839,-327.70526123046875,50.14132308959961,3.3337024811248592,-329.7630310058594,46.407894134521484,-327.70526123046875,50.14132308959961
414,414,-321.60113525390625,46.16419219970703,-321.60113525390625,46.16419219970703,0.0,-324.3028869628906,42.39731979370117,4.635600286923838,-323.5160217285156,48.39571762084961,2.9404924614505443,-325.54376220703125,44.70135498046875,-323.5160217285156,48.39571762084961
415,415,-318.32720947265625,45.66339111328125,-318.32720947265625,45.66339111328125,0.0,-319.330322265625,42.05699920654297,3.743300396762854,-318.9220886230469,46.939308166503906,1.4077803558346234,-320.9150390625,43.318115234375,-318.9220886230469,46.939308166503906
416,416,-315.052978515625,45.162540435791016,-315.052978515625,45.162540435791016,0.0,-319.3182373046875,42.06637191772461,5.270549499809335,-315.9968566894531,45.94097900390625,1.2234674541476012,-317.9809265136719,42.36549377441406,-315.9968566894531,45.94097900390625
417,417,-311.7767333984375,44.661380767822266,-311.7767333984375,44.661380767822266,0.0,-315.08416748046875,41.8841552734375,4.318807897283995,-312.662841796875,45.26984405517578,1.0749026308640788,-314.6620178222656,41.692108154296875,-312.662841796875,45.26984405517578
418,418,-308.2463684082031,44.15618133544922,-308.2463684082031,44.15618133544922,0.0,-309.8705139160156,41.766544342041016,2.889327532629785,-308.6044616699219,44.805843353271484,0.7418163664204713,-310.63055419921875,41.25864028930664,-308.6044616699219,44.805843353271484
419,419,-305.0332336425781,43.69637680053711,-305.0332336425781,43.69637680053711,0.0,-309.9376220703125,41.71043395996094,5.2912186513251,-306.17401123046875,44.51639938354492,1.4049236782389132,-308.14385986328125,41.02431106567383,-306.17401123046875,44.51639938354492
420,420,-301.8195495605469,43.236488342285156,-301.8195495605469,43.236488342285156,0.0,-304.6018371582031,41.454833984375,3.303848744590472,-302.8055725097656,44.27470016479492,1.4318257731948711,-304.6986083984375,40.8459587097168,-302.8055725097656,44.27470016479492
421,421,-298.4217224121094,42.7166633605957,-298.4217224121094,42.7166633605957,0.0,-299.35162353515625,41.43421173095703,1.584108039562556,-298.6344909667969,44.25031661987305,1.548341944647831,-300.5274963378906,40.79552459716797,-298.6344909667969,44.25031661987305
422,422,-295.3232421875,42.242637634277344,-295.3232421875,42.242637634277344,0.0,-299.31610107421875,41.40102005004883,4.080593369515215,-296.033935546875,44.27141189575195,2.1496534732559964,-297.8893127441406,40.81136703491211,-296.033935546875,44.27141189575195
423,423,-291.9236755371094,41.7225456237793,-291.9236755371094,41.7225456237793,0.0,-295.01116943359375,36.93695068359375,5.695132789703659,-292.8807373046875,42.58229064941406,1.2865180667458536,-294.7338562011719,39.06157302856445,-292.8807373046875,42.58229064941406
424,424,-288.83154296875,41.227596282958984,-288.83154296875,41.227596282958984,0.0,-291.8887023925781,37.07073974609375,5.1600077529767665,-290.2705078125,41.54471969604492,1.4734948526125689,-291.648193359375,37.882598876953125,-290.2705078125,41.54471969604492
425,425,-285.4303283691406,40.68317794799805,-285.4303283691406,40.68317794799805,0.0,-289.62701416015625,37.235801696777344,5.431074907050441,-287.83905029296875,40.80161666870117,2.4116320276717294,-288.95733642578125,37.16505813598633,-287.83905029296875,40.80161666870117
426,426,-282.0481872558594,40.141807556152344,-282.0481872558594,40.141807556152344,0.0,-290.0242919921875,37.25701141357422,8.481762526097366,-287.0229797363281,40.47334289550781,4.985827504534224,-287.8154296875,36.75168991088867,-287.0229797363281,40.47334289550781
427,427,-278.8616027832031,39.60797882080078,-278.8616027832031,39.60797882080078,0.0,-287.2440185546875,37.70203399658203,8.596366664992614,-285.4710693359375,40.49467849731445,6.668679361616052,-286.15374755859375,36.730506896972656,-285.4710693359375,40.49467849731445
428,428,-275.6933898925781,39.077232360839844,-275.6933898925781,39.077232360839844,0.0,-283.83892822265625,38.90940856933594,8.14726699646984,-282.9809875488281,40.8492317199707,7.499937421614974,-283.805908203125,37.275245666503906,-282.9809875488281,40.8492317199707
429,429,-272.2135925292969,38.49428176879883,-272.2135925292969,38.49428176879883,0.0,-283.4365234375,38.8470573425293,11.22847401812561,-281.11602783203125,41.169029235839844,9.295570360758592,-282.2486572265625,37.73786926269531,-281.11602783203125,41.169029235839844
430,430,-267.29248046875,37.77089309692383,-267.29248046875,37.77089309692383,0.0,-279.45965576171875,40.53345489501953,12.476854663661308,-278.78814697265625,42.209007263183594,12.322629821665007,-279.8209228515625,38.826927185058594,-278.78814697265625,42.209007263183594
431,431,-262.3687438964844,37.04712677001953,-262.3687438964844,37.04712677001953,0.0,-273.02716064453125,41.16674041748047,11.426857143562815,-274.42083740234375,43.14513397216797,13.506985219190549,-275.7729187011719,39.84688186645508,-274.42083740234375,43.14513397216797
432,432,-259.2642517089844,36.61650085449219,-259.2642517089844,36.61650085449219,0.0,-266.25347900390625,34.155242919921875,7.409931767605304,-268.8420104980469,40.757137298583984,10.434478117452983,-270.648681640625,37.640140533447266,-268.8420104980469,40.757137298583984
433,433,-255.854736328125,36.14356231689453,-255.854736328125,36.14356231689453,0.0,-254.67037963867188,34.15275573730469,2.316465325704354,-260.88446044921875,38.9283447265625,5.749185838317321,-262.4791564941406,36.100929260253906,-260.88446044921875,38.9283447265625
434,434,-252.73838806152344,35.7112922668457,-252.73838806152344,35.7112922668457,0.0,-252.04180908203125,30.354215621948242,5.402174789284054,-255.30801391601562,35.31153869628906,2.6005345506736663,-255.42652893066406,33.352291107177734,-255.30801391601562,35.31153869628906
435,435,-250.205810546875,35.360801696777344,-250.205810546875,35.360801696777344,0.0,-248.19090270996094,29.330821990966797,6.357712548058834,-249.23802185058594,32.957576751708984,2.590773069426132,-249.32797241210938,30.993072509765625,-249.23802185058594,32.957576751708984
436,436,-247.88943481445312,35.04023361206055,-247.88943481445312,35.04023361206055,0.0,-248.51283264160156,30.146495819091797,4.933284345871829,-245.52088928222656,31.94770622253418,3.895347685791498,-245.9219970703125,29.836183547973633,-245.52088928222656,31.94770622253418
437,437,-245.57943725585938,34.720550537109375,-245.57943725585938,34.720550537109375,0.0,-245.14353942871094,33.165802001953125,1.6146980904439177,-242.35694885253906,31.967418670654297,4.238415574672253,-242.6173553466797,30.276742935180664,-242.35694885253906,31.967418670654297
438,438,-244.89129638671875,34.59495162963867,-244.89129638671875,34.59495162963867,0.0,-243.6206817626953,32.544593811035156,2.4121419334464522,-238.98825073242188,32.560516357421875,6.243786901676983,-240.12840270996094,30.663911819458008,-238.98825073242188,32.560516357421875
439,439,-244.13426208496094,34.45677947998047,-244.13426208496094,34.45677947998047,0.0,-244.29127502441406,33.6239013671875,0.8475488268679793,-237.66209411621094,34.31907653808594,6.473632698564224,-239.34518432617188,31.593904495239258,-237.66209411621094,34.31907653808594
440,440,-243.38375854492188,34.31979751586914,-243.38375854492188,34.31979751586914,0.0,-243.8336181640625,33.150901794433594,1.2524739057256546,-237.2103271484375,35.287818908691406,6.248865546966152,-239.12843322753906,32.108577728271484,-237.2103271484375,35.287818908691406
441,441,-243.58389282226562,34.33510971069336,-243.58389282226562,34.33510971069336,0.0,-243.9549102783203,33.20874786376953,1.185894161762739,-237.5708465576172,35.89921569824219,6.213143561924883,-239.5640869140625,32.54185104370117,-237.5708465576172,35.89921569824219
442,442,-243.7839813232422,34.35041427612305,-243.7839813232422,34.35041427612305,0.0,-246.55776977539062,30.87162208557129,4.449258082233028,-239.29788208007812,35.90071487426758,4.746421637836705,-241.685546875,31.8470401763916,-239.29788208007812,35.90071487426758
443,443,-243.9658660888672,34.36432647705078,-243.9658660888672,34.36432647705078,0.0,-246.58004760742188,30.23685646057129,4.885688666799196,-241.31068420410156,34.519775390625,2.6597284083001673,-243.28237915039062,31.097881317138672,-241.31068420410156,34.519775390625
444,444,-243.88287353515625,34.3956413269043,-243.88287353515625,34.3956413269043,0.0,-246.3419952392578,30.651126861572266,4.479806707511408,-242.3115997314453,34.124168395996094,1.5945528898233912,-244.4140625,30.755157470703125,-242.3115997314453,34.124168395996094
445,445,-243.7915496826172,34.43009948730469,-243.7915496826172,34.43009948730469,0.0,-246.37619018554688,31.03396987915039,4.267793674109245,-242.91734313964844,34.406219482421875,0.8745326377000324,-245.26904296875,30.706418991088867,-242.91734313964844,34.406219482421875
446,446,-243.70034790039062,34.464515686035156,-243.70034790039062,34.464515686035156,0.0,-246.4171142578125,31.08199119567871,4.3384664766113445,-243.54238891601562,34.53114318847656,0.1714358913015623,-245.8978271484375,30.731197357177734,-243.54238891601562,34.53114318847656
447,447,-243.38027954101562,34.39028549194336,-243.38027954101562,34.39028549194336,0.0,-246.55335998535156,30.555068969726562,4.977682721760383,-243.84637451171875,34.638519287109375,0.5280762622739924,-246.37498474121094,30.561809539794922,-243.84637451171875,34.638519287109375
448,448,-243.06039428710938,34.316097259521484,-243.06039428710938,34.316097259521484,0.0,-246.3949432373047,30.171600341796875,5.319405173727364,-244.068115234375,34.42544174194336,1.0136358929093012,-246.60421752929688,30.300525665283203,-244.068115234375,34.42544174194336
449,449,-242.74037170410156,34.24187469482422,-242.74037170410156,34.24187469482422,0.0,-244.3438720703125,30.624357223510742,3.9569743592417757,-243.36167907714844,34.37992858886719,0.6364603125591068,-245.82244873046875,30.326847076416016,-243.36167907714844,34.37992858886719
450,450,-242.4475860595703,34.182498931884766,-242.4475860595703,34.182498931884766,0.0,-243.87754821777344,30.883281707763672,3.59577892338089,-242.90277099609375,34.108917236328125,0.46109390839484743,-245.04945373535156,30.480802536010742,-242.90277099609375,34.108917236328125
451,451,-242.1549530029297,34.12315368652344,-242.1549530029297,34.12315368652344,0.0,-244.20932006835938,31.298763275146484,3.492507012935015,-242.9122772216797,33.9036750793457,0.7884864179641753,-244.6090087890625,30.778654098510742,-242.9122772216797,33.9036750793457
452,452,-241.8621063232422,34.06376266479492,-241.8621063232422,34.06376266479492,0.0,-243.86802673339844,31.414308547973633,3.32314968200692,-242.3165740966797,34.37913131713867,0.5531711705922063,-244.17010498046875,31.06169891357422,-242.3165740966797,34.37913131713867
453,453,-241.80137634277344,34.07073211669922,-241.80137634277344,34.07073211669922,0.0,-244.3604736328125,31.099573135375977,3.921321796560828,-242.19821166992188,34.68424987792969,0.730672512291419,-244.09536743164062,31.130203247070312,-242.19821166992188,34.68424987792969
454,454,-241.73477172851562,34.078372955322266,-241.73477172851562,34.078372955322266,0.0,-244.16726684570312,31.767757415771484,3.3549927968260347,-242.15354919433594,34.94809341430664,0.9652917914573163,-243.9969940185547,31.44497299194336,-242.15354919433594,34.94809341430664
455,455,-241.66806030273438,34.086029052734375,-241.66806030273438,34.086029052734375,0.0,-244.20294189453125,31.10880470275879,3.9101776832412884,-242.30828857421875,34.655311584472656,0.8567233162172124,-243.97210693359375,31.389312744140625,-242.30828857421875,34.655311584472656
456,456,-241.79104614257812,34.13848876953125,-241.79104614257812,34.13848876953125,0.0,-244.12710571289062,31.492992401123047,3.529281138037832,-242.47030639648438,34.528324127197266,0.7831769267690243,-243.94888305664062,31.48682975769043,-242.47030639648438,34.528324127197266
457,457,-241.9029541015625,34.186214447021484,-241.9029541015625,34.186214447021484,0.0,-244.02450561523438,31.016204833984375,3.814438591970135,-242.2796630859375,34.48181915283203,0.47884423459637054,-243.91114807128906,31.34423828125,-242.2796630859375,34.48181915283203
458,458,-241.96078491210938,34.227012634277344,-241.96078491210938,34.227012634277344,0.0,-244.21144104003906,30.79318618774414,4.105681072745215,-242.27938842773438,34.33732604980469,0.3371605697793234,-243.98065185546875,31.13393783569336,-242.27938842773438,34.33732604980469
459,459,-242.0187225341797,34.26787185668945,-242.0187225341797,34.26787185668945,0.0,-244.2425079345703,30.661697387695312,4.236710493745786,-242.1179656982422,34.3711051940918,0.14320030574116258,-244.05796813964844,30.918859481811523,-242.1179656982422,34.3711051940918
460,460,-242.07655334472656,34.30866622924805,-242.07655334472656,34.30866622924805,0.0,-244.35198974609375,30.604488372802734,4.347245611746207,-241.8466796875,34.72166442871094,0.4726620473935947,-244.1696014404297,30.742586135864258,-241.8466796875,34.72166442871094
461,461,-242.0294647216797,34.86949157714844,-242.0294647216797,34.86949157714844,0.0,-244.1097869873047,30.64588737487793,4.708139036423226,-241.90245056152344,34.68159484863281,0.22679898030430387,-244.1501922607422,30.64508628845215,-241.90245056152344,34.68159484863281
462,462,-241.9866180419922,35.37950897216797,-241.9866180419922,35.37950897216797,0.0,-243.98736572265625,30.804244995117188,4.993599076956535,-241.54042053222656,35.13868713378906,0.5070378443087272,-244.08316040039062,30.65826416015625,-241.54042053222656,35.13868713378906
463,463,-241.9438018798828,35.889404296875,-241.9438018798828,35.889404296875,0.0,-243.86444091796875,30.643085479736328,5.58683411653532,-241.3681182861328,35.26183319091797,0.8516202752078219,-243.98385620117188,30.611665725708008,-241.3681182861328,35.26183319091797
464,464,-241.87908935546875,36.535308837890625,-241.87908935546875,36.535308837890625,0.0,-244.21148681640625,30.82012367248535,6.172796723581314,-241.87405395507812,34.85191345214844,1.683402916712212,-244.0605926513672,30.661962509155273,-241.87405395507812,34.85191345214844
465,465,-241.814453125,37.18061065673828,-241.814453125,37.18061065673828,0.0,-243.8473663330078,33.49726486206055,4.207109738818654,-242.38525390625,34.85178756713867,2.3977553074756983,-243.96876525878906,31.700410842895508,-242.38525390625,34.85178756713867
466,466,-241.749755859375,37.82636260986328,-241.749755859375,37.82636260986328,0.0,-243.40682983398438,34.035064697265625,4.137612115628416,-242.13201904296875,35.7087287902832,2.151859227589142,-243.72157287597656,32.75074768066406,-242.13201904296875,35.7087287902832
467,467,-241.69378662109375,38.54419708251953,-241.69378662109375,38.54419708251953,0.0,-243.32559204101562,33.472877502441406,5.327388779859245,-241.96861267089844,36.16023635864258,2.3997495891528295,-243.5084228515625,33.30416488647461,-241.96861267089844,36.16023635864258
468,468,-241.6322021484375,39.33401870727539,-241.6322021484375,39.33401870727539,0.0,-243.60025024414062,32.97323989868164,6.658282087660151,-241.9402618408203,36.441490173339844,2.9088867447362605,-243.4808807373047,33.434715270996094,-241.9402618408203,36.441490173339844
469,469,-241.57615661621094,40.05275344848633,-241.57615661621094,40.05275344848633,0.0,-243.4765625,33.004783630371094,7.299686368619091,-242.05142211914062,36.673927307128906,3.4120878347128305,-243.42507934570312,33.48263931274414,-242.05142211914062,36.673927307128906
470,470,-241.46749877929688,41.62010955810547,-241.46749877929688,41.62010955810547,0.0,-242.60311889648438,38.601646423339844,3.2250198055981105,-241.83831787109375,38.418460845947266,3.223051547044406,-243.0361785888672,35.45122528076172,-241.83831787109375,38.418460845947266
471,471,-241.36863708496094,43.04602813720703,-241.36863708496094,43.04602813720703,0.0,-242.95291137695312,38.43388748168945,4.8766552531981855,-241.83853149414062,39.924800872802734,3.156399909998582,-242.9086151123047,36.99174880981445,-241.83853149414062,39.924800872802734
472,472,-241.269775390625,44.472137451171875,-241.269775390625,44.472137451171875,0.0,-242.6886444091797,38.759010314941406,5.886680810656146,-241.65553283691406,41.128265380859375,3.36604949903941,-242.72804260253906,38.22417068481445,-241.65553283691406,41.128265380859375
473,473,-241.15740966796875,46.194480895996094,-241.15740966796875,46.194480895996094,0.0,-242.6621856689453,38.79889678955078,7.5471196551148925,-241.61553955078125,41.89211654663086,4.326687183540628,-242.60716247558594,39.04805374145508,-241.61553955078125,41.89211654663086
474,474,-241.04513549804688,47.91563415527344,-241.04513549804688,47.91563415527344,0.0,-241.83084106445312,45.60808181762695,2.437648667888693,-241.1575469970703,45.05842590332031,2.8594187066852816,-242.20204162597656,42.29207992553711,-241.1575469970703,45.05842590332031
475,475,-240.94297790527344,49.48151397705078,-240.94297790527344,49.48151397705078,0.0,-242.14999389648438,45.59833526611328,4.066443717072344,-240.8978271484375,47.247459411621094,2.2345107724421664,-242.05648803710938,44.495723724365234,-240.8978271484375,47.247459411621094
476,476,-240.92977905273438,51.15644073486328,-240.92977905273438,51.15644073486328,0.0,-241.6165313720703,50.926368713378906,0.7242664448828181,-240.59910583496094,50.872718811035156,0.4357096590774315,-241.75953674316406,48.15755081176758,-240.59910583496094,50.872718811035156
477,477,-240.91661071777344,52.82960891723633,-240.91661071777344,52.82960891723633,0.0,-241.47628784179688,51.87404251098633,1.1074049123553165,-240.46893310546875,53.605098724365234,0.8954326806185121,-241.5118408203125,50.91688537597656,-240.46893310546875,53.605098724365234
478,478,-240.90213012695312,54.669002532958984,-240.90213012695312,54.669002532958984,0.0,-241.44943237304688,51.97308349609375,2.7509124307966686,-240.5815887451172,55.163570404052734,0.5893591066467849,-241.3546600341797,52.686805725097656,-240.5815887451172,55.163570404052734
479,479,-241.29090881347656,56.285118103027344,-241.29090881347656,56.285118103027344,0.0,-240.98948669433594,55.91721725463867,0.47561153071843165,-240.5172882080078,57.46626281738281,1.4119460603917195,-241.07843017578125,55.2843017578125,-240.5172882080078,57.46626281738281
480,480,-241.7179412841797,58.060272216796875,-241.7179412841797,58.060272216796875,0.0,-240.49278259277344,57.67546081542969,1.2841704068193027,-240.67840576171875,59.50998306274414,1.7838989991911736,-240.6995086669922,57.59139633178711,-240.67840576171875,59.50998306274414
481,481,-242.10719299316406,59.67837905883789,-242.10719299316406,59.67837905883789,0.0,-240.5930633544922,56.72700881958008,3.317103382754499,-241.38845825195312,60.07038497924805,0.8186869180951697,-240.4999237060547,58.59040451049805,-241.38845825195312,60.07038497924805
482,482,-242.8861541748047,61.41960144042969,-242.8861541748047,61.41960144042969,0.0,-242.5790557861328,62.49940872192383,1.1226278036342359,-242.36769104003906,62.7109489440918,1.3915395780664523,-241.22918701171875,61.358428955078125,-242.36769104003906,62.7109489440918
483,483,-243.60806274414062,63.03327941894531,-243.60806274414062,63.03327941894531,0.0,-242.22308349609375,63.61677551269531,1.5028756465330044,-242.79681396484375,64.97755432128906,2.1067343159009084,-241.64024353027344,63.55590057373047,-242.79681396484375,64.97755432128906
484,484,-244.32330322265625,64.63209533691406,-244.32330322265625,64.63209533691406,0.0,-242.26220703125,63.968326568603516,2.165342118006725,-243.0723876953125,66.42173767089844,2.1834855942136953,-241.9564208984375,65.01148986816406,-243.0723876953125,66.42173767089844
485,485,-245.63450622558594,67.1124267578125,-245.63450622558594,67.1124267578125,0.0,-242.13449096679688,65.61151123046875,3.8082613135101213,-243.5791473388672,66.5213851928711,2.1386515108128594,-242.120361328125,66.3451919555664,-243.5791473388672,66.5213851928711
486,486,-246.94790649414062,69.5969467163086,-246.94790649414062,69.5969467163086,0.0,-242.1146697998047,64.23116302490234,7.221621117618721,-244.6641082763672,66.88484954833984,3.5455895628243894,-242.2073974609375,66.38731384277344,-244.6641082763672,66.88484954833984
487,487,-248.10235595703125,70.97038269042969,-248.10235595703125,70.97038269042969,0.0,-246.85189819335938,66.19674682617188,4.934697962718255,-245.34715270996094,66.545654296875,5.212424223851685,-243.9253387451172,67.02474975585938,-245.34715270996094,66.545654296875
488,488,-249.25552368164062,72.34230041503906,-249.25552368164062,72.34230041503906,0.0,-248.01097106933594,69.32475280761719,3.2641238897829696,-247.5315399169922,68.79550170898438,3.9435898724439644,-245.7919464111328,68.6729507446289,-247.5315399169922,68.79550170898438
489,489,-250.52227783203125,73.84934997558594,-250.52227783203125,73.84934997558594,0.0,-248.4644317626953,69.13092041015625,5.147650727176656,-248.6951904296875,70.2917709350586,3.9993270690708314,-247.3665771484375,69.66397857666016,-248.6951904296875,70.2917709350586
490,490,-251.84426879882812,75.05020141601562,-251.84426879882812,75.05020141601562,0.0,-248.36569213867188,70.16895294189453,5.99392044047077,-249.0628662109375,69.59410095214844,6.124151584320591,-248.38555908203125,70.52249145507812,-249.0628662109375,69.59410095214844
491,491,-253.2986602783203,76.3713150024414,-253.2986602783203,76.3713150024414,0.0,-254.09158325195312,70.51687622070312,5.90789135743337,-252.10813903808594,70.15385437011719,6.33041527373605,-251.40133666992188,71.10918426513672,-252.10813903808594,70.15385437011719
492,492,-254.750244140625,77.68987274169922,-254.750244140625,77.68987274169922,0.0,-253.350830078125,70.30340576171875,7.517862340098051,-253.4160614013672,69.90859985351562,7.894824338901691,-253.08486938476562,71.26473236083984,-253.4160614013672,69.90859985351562
493,493,-256.15155029296875,78.97294616699219,-256.15155029296875,78.97294616699219,0.0,-253.60089111328125,70.18250274658203,9.153019052659964,-254.40725708007812,69.63912963867188,9.495403614216816,-254.20547485351562,71.24812316894531,-254.40725708007812,69.63912963867188
494,494,-257.68707275390625,80.37890625,-257.68707275390625,80.37890625,0.0,-257.32830810546875,73.98758697509766,6.401380643791361,-257.26654052734375,71.92899322509766,8.460371001439114,-256.3337707519531,72.71980285644531,-257.26654052734375,71.92899322509766
495,495,-259.0905456542969,81.66397857666016,-259.0905456542969,81.66397857666016,0.0,-256.98577880859375,74.61019134521484,7.361111178434409,-259.4248962402344,74.17652893066406,7.494911107921412,-257.5489196777344,73.9969253540039,-259.4248962402344,74.17652893066406
496,496,-260.5148010253906,82.92538452148438,-260.5148010253906,82.92538452148438,0.0,-256.1182861328125,74.19371795654297,9.776059748281867,-260.4306945800781,75.20403289794922,7.721809683514098,-257.8568420410156,74.6119384765625,-260.4306945800781,75.20403289794922
497,497,-262.0736999511719,84.30602264404297,-262.0736999511719,84.30602264404297,0.0,-263.0965576171875,73.56329345703125,10.791314479265276,-265.5177917480469,76.08998107910156,8.908709631711346,-261.10040283203125,74.61849975585938,-265.5177917480469,76.08998107910156
498,498,-263.5023498535156,85.5712890625,-263.5023498535156,85.5712890625,0.0,-263.92242431640625,76.33973693847656,9.24110475933124,-267.9180908203125,77.32178497314453,9.35698060306533,-263.30316162109375,75.71037292480469,-267.9180908203125,77.32178497314453
499,499,-264.9350280761719,86.8134536743164,-264.9350280761719,86.8134536743164,0.0,-263.9864501953125,76.5245132446289,10.332574469207259,-269.42388916015625,78.49480438232422,9.452502307562348,-264.6277160644531,76.48690795898438,-269.42388916015625,78.49480438232422
500,500,-266.5103759765625,88.1793212890625,-266.5103759765625,88.1793212890625,0.0,-266.19378662109375,76.2070541381836,11.97645229406481,-271.5447082519531,79.2582015991211,10.243577401538,-266.26641845703125,76.80601501464844,-271.5447082519531,79.2582015991211
501,501,-267.94476318359375,89.4229507446289,-267.94476318359375,89.4229507446289,0.0,-264.57147216796875,82.62772369384766,7.586448638708733,-271.8631286621094,82.29679870605469,8.132381625335746,-266.4494323730469,79.65963745117188,-271.8631286621094,82.29679870605469
502,502,-269.3892822265625,90.6632080078125,-269.3892822265625,90.6632080078125,0.0,-264.1627502441406,83.379638671875,8.96476540879279,-271.4258117675781,84.56282043457031,6.4313436477299994,-266.11376953125,81.92453002929688,-271.4258117675781,84.56282043457031
503,503,-270.97442626953125,92.024169921875,-270.97442626953125,92.024169921875,0.0,-268.3814392089844,83.1656723022461,9.230198371277538,-272.435791015625,86.15946197509766,6.044037245262389,-267.49591064453125,83.30982208251953,-272.435791015625,86.15946197509766
504,504,-272.4178161621094,93.26346588134766,-272.4178161621094,93.26346588134766,0.0,-268.5957336425781,83.62086486816406,10.372466875606575,-272.9659423828125,87.25704193115234,6.031382181830476,-268.5353088378906,84.31192779541016,-272.9659423828125,87.25704193115234
505,505,-273.9466857910156,94.55138397216797,-273.9466857910156,94.55138397216797,0.0,-268.0035095214844,88.50118255615234,8.48093634836843,-272.7714538574219,89.66522979736328,5.025502235369096,-268.8655700683594,86.66388702392578,-272.7714538574219,89.66522979736328
506,506,-275.4753112792969,95.83911895751953,-275.4753112792969,95.83911895751953,0.0,-267.9873046875,89.8842544555664,9.567165408594903,-271.9636535644531,91.48974609375,5.590061199514403,-268.9934387207031,88.83629608154297,-271.9636535644531,91.48974609375
507,507,-277.00323486328125,97.12625885009766,-277.00323486328125,97.12625885009766,0.0,-274.3523864746094,92.58193969726562,5.260972699275325,-273.1867980957031,93.554443359375,5.2271460186882575,-271.2815856933594,91.3251724243164,-273.1867980957031,93.554443359375
508,508,-278.5319519042969,98.3955078125,-278.5319519042969,98.3955078125,0.0,-274.346435546875,92.8354263305664,6.959385983259367,-274.3044738769531,94.77235412597656,5.5676577757475885,-273.0889587402344,93.08689880371094,-274.3044738769531,94.77235412597656
509,509,-280.060546875,99.6646499633789,-280.060546875,99.6646499633789,0.0,-274.3623962402344,99.52509307861328,5.6998593649813305,-275.24237060546875,98.08460235595703,5.0706383233271195,-274.3466491699219,96.84150695800781,-275.24237060546875,98.08460235595703
510,510,-281.588623046875,100.93338012695312,-281.588623046875,100.93338012695312,0.0,-277.15283203125,99.71595001220703,4.59982369429418,-277.0047912597656,100.67566680908203,4.59107068195671,-276.19219970703125,99.39293670654297,-277.0047912597656,100.67566680908203
511,511,-283.04119873046875,102.16487121582031,-283.04119873046875,102.16487121582031,0.0,-278.29833984375,98.65968322753906,5.89754637561403,-278.6179504394531,101.37640380859375,4.492972990819244,-277.86700439453125,100.47679138183594,-278.6179504394531,101.37640380859375
512,512,-284.63873291015625,103.51927185058594,-284.63873291015625,103.51927185058594,0.0,-278.36663818359375,99.43341827392578,7.485544182548101,-279.48138427734375,102.08100128173828,5.354144856985691,-278.9662780761719,101.27937316894531,-279.48138427734375,102.08100128173828
513,513,-286.09234619140625,104.75164031982422,-286.09234619140625,104.75164031982422,0.0,-287.9031982421875,103.91635131835938,1.9942148494549916,-283.9920349121094,104.711669921875,2.1006915772321015,-283.7375793457031,103.38583374023438,-283.9920349121094,104.711669921875
514,514,-287.6138000488281,106.0279312133789,-287.6138000488281,106.0279312133789,0.0,-288.3040771484375,102.31536865234375,3.77618898412739,-287.2701110839844,105.34591674804688,0.7637184268285694,-286.9137878417969,104.02741241455078,-287.2701110839844,105.34591674804688
515,515,-289.1354675292969,107.30440521240234,-289.1354675292969,107.30440521240234,0.0,-288.83184814453125,102.17788696289062,5.13550134781232,-289.3912353515625,105.39469146728516,1.9267651043124105,-289.1062316894531,104.26734924316406,-289.3912353515625,105.39469146728516
516,516,-290.6573181152344,108.5810317993164,-290.6573181152344,108.5810317993164,0.0,-291.2583923339844,105.99006652832031,2.6597727820161228,-291.6986389160156,106.46011352539062,2.362761802385509,-291.3728332519531,105.70631408691406,-291.6986389160156,106.46011352539062
517,517,-292.20294189453125,109.85389709472656,-292.20294189453125,109.85389709472656,0.0,-290.18756103515625,105.22102355957031,5.052254665106093,-292.5680847167969,106.67929077148438,3.195536666699568,-292.2381591796875,106.22657012939453,-292.5680847167969,106.67929077148438
518,518,-293.7490539550781,111.12715911865234,-293.7490539550781,111.12715911865234,0.0,-291.06793212890625,105.54060363769531,6.196613299907156,-293.0466613769531,107.05281066894531,4.134449252734296,-292.92333984375,106.60086822509766,-293.0466613769531,107.05281066894531
519,519,-295.2937927246094,112.3992919921875,-295.2937927246094,112.3992919921875,0.0,-297.10687255859375,105.03166198730469,7.587438986459813,-295.54931640625,107.10479736328125,5.300657103359574,-295.4891662597656,106.59510040283203,-295.54931640625,107.10479736328125
520,520,-296.8227844238281,113.6799087524414,-296.8227844238281,113.6799087524414,0.0,-297.4098205566406,110.34247589111328,3.3886678097890166,-297.6042175292969,109.10939025878906,4.6368391172371535,-297.3848876953125,108.55352020263672,-297.6042175292969,109.10939025878906
521,521,-298.3514709472656,114.96026611328125,-298.3514709472656,114.96026611328125,0.0,-298.66015625,109.79257202148438,5.176905334513713,-299.3903503417969,110.52141571044922,4.5588006421759335,-299.0298156738281,109.65271759033203,-299.3903503417969,110.52141571044922
522,522,-299.8791809082031,116.23981475830078,-299.8791809082031,116.23981475830078,0.0,-305.7880859375,115.26483154296875,5.988802126922302,-303.34716796875,113.1154556274414,4.66782114382127,-302.98992919921875,112.26066589355469,-303.34716796875,113.1154556274414
523,523,-301.4210510253906,117.51980590820312,-301.4210510253906,117.51980590820312,0.0,-306.076904296875,114.8206787109375,5.381659345648956,-305.9510192871094,114.63328552246094,5.371462779307366,-305.6365661621094,114.08882904052734,-305.9510192871094,114.63328552246094
524,524,-302.9621887207031,118.79920196533203,-302.9621887207031,118.79920196533203,0.0,-306.47161865234375,120.28468322753906,3.810873000437474,-308.3460388183594,118.51766204833984,5.391206414049937,-307.3913269042969,117.7640609741211,-308.3460388183594,118.51766204833984
525,525,-304.50543212890625,120.08033752441406,-304.50543212890625,120.08033752441406,0.0,-310.5419921875,120.06559753417969,6.0365780545207475,-310.84954833984375,120.76362609863281,6.380806671067372,-310.00714111328125,119.89623260498047,-310.84954833984375,120.76362609863281
526,526,-306.0237731933594,121.29379272460938,-306.0237731933594,121.29379272460938,0.0,-310.4464111328125,119.59383392333984,4.738099436430596,-312.1324157714844,121.42404174804688,6.1100310110005225,-311.5716247558594,120.9301528930664,-312.1324157714844,121.42404174804688
527,527,-307.5467834472656,122.51099395751953,-307.5467834472656,122.51099395751953,0.0,-310.36395263671875,122.21868896484375,2.832293143505306,-312.9864807128906,122.45055389404297,5.440033027741757,-312.33026123046875,122.50550079345703,-312.9864807128906,122.45055389404297
528,528,-309.21337890625,123.84293365478516,-309.21337890625,123.84293365478516,0.0,-312.97216796875,126.21488952636719,4.444622579376353,-314.4134216308594,123.89091491699219,5.200264083610166,-313.6615295410156,125.2613754272461,-314.4134216308594,123.89091491699219
529,529,-311.48468017578125,125.45458984375,-311.48468017578125,125.45458984375,0.0,-312.8384094238281,128.4801025390625,3.3145602945963537,-312.8916015625,126.87078094482422,1.9962527453126817,-314.32867431640625,127.86677551269531,-312.8916015625,126.87078094482422
530,530,-313.98260498046875,127.22704315185547,-313.98260498046875,127.22704315185547,0.0,-316.9531555175781,126.4156723022461,3.0793657056472905,-315.1412658691406,128.26121520996094,1.553063714309236,-316.2310791015625,128.40188598632812,-315.1412658691406,128.26121520996094
531,531,-315.52703857421875,128.31698608398438,-315.52703857421875,128.31698608398438,0.0,-317.469970703125,128.82217407226562,2.0075358430274237,-317.3899841308594,130.2511444091797,2.6854300538143576,-317.6621398925781,129.6652069091797,-317.3899841308594,130.2511444091797
532,532,-317.2200622558594,129.5117950439453,-317.2200622558594,129.5117950439453,0.0,-317.0225830078125,130.46165466308594,0.9701707836680779,-319.07257080078125,131.3535919189453,2.6122793950434033,-318.32940673828125,130.93348693847656,-319.07257080078125,131.3535919189453
533,533,-318.7620544433594,130.6000213623047,-318.7620544433594,130.6000213623047,0.0,-322.2408142089844,131.2781524658203,3.544239170892199,-321.7386779785156,132.20416259765625,3.3813542809059993,-320.6854248046875,131.93870544433594,-321.7386779785156,132.20416259765625
534,534,-320.32354736328125,131.67010498046875,-320.32354736328125,131.67010498046875,0.0,-322.1964416503906,131.27032470703125,1.9150867546188857,-323.406494140625,132.58139038085938,3.214809778649324,-322.23046875,132.4276885986328,-323.406494140625,132.58139038085938
535,535,-322.04034423828125,132.8466339111328,-322.04034423828125,132.8466339111328,0.0,-322.29937744140625,135.6510772705078,2.816380790351996,-323.5666198730469,134.84555053710938,2.51499204588896,-323.18975830078125,134.29571533203125,-323.5666198730469,134.84555053710938
536,536,-323.6027526855469,133.91734313964844,-323.6027526855469,133.91734313964844,0.0,-327.5195007324219,136.1093292236328,4.488398183659766,-326.2964782714844,136.48837280273438,3.72375496787881,-325.7437438964844,135.8150177001953,-326.2964782714844,136.48837280273438
537,537,-325.35205078125,135.10166931152344,-325.35205078125,135.10166931152344,0.0,-327.5211181640625,136.01412963867188,2.353175972977988,-327.9890441894531,137.37490844726562,3.481572978292516,-327.4668884277344,136.72169494628906,-327.9890441894531,137.37490844726562
538,538,-326.9438781738281,136.17941284179688,-326.9438781738281,136.17941284179688,0.0,-327.511474609375,135.832275390625,0.6653345952613795,-328.90338134765625,137.89175415039062,2.602261602022182,-328.51385498046875,137.1351776123047,-328.90338134765625,137.89175415039062
539,539,-328.535400390625,137.25692749023438,-328.535400390625,137.25692749023438,0.0,-331.7736511230469,140.6687469482422,4.703911119491049,-331.366943359375,140.23968505859375,4.112721519320594,-330.7964782714844,139.11871337890625,-331.366943359375,140.23968505859375
540,540,-330.219970703125,138.3772430419922,-330.219970703125,138.3772430419922,0.0,-331.41387939453125,141.59242248535156,3.429693399768569,-332.6048889160156,141.94281005859375,4.289650688815393,-332.0477294921875,140.89012145996094,-332.6048889160156,141.94281005859375
541,541,-331.9036865234375,139.4969482421875,-331.9036865234375,139.4969482421875,0.0,-331.32818603515625,142.0341796875,2.6016810371554993,-333.1314392089844,143.31239318847656,4.008116364956276,-332.68524169921875,142.18304443359375,-333.1314392089844,143.31239318847656
542,542,-333.590576171875,140.6187744140625,-333.590576171875,140.6187744140625,0.0,-334.994384765625,141.9976043701172,1.9677018614617723,-334.9972839355469,144.38449096679688,4.0198815763542575,-334.45843505859375,142.92739868164062,-334.9972839355469,144.38449096679688
543,543,-335.299560546875,141.70977783203125,-335.299560546875,141.70977783203125,0.0,-334.8681640625,142.07647705078125,0.5661901127386189,-335.872802734375,144.97308349609375,3.313271866694941,-335.48126220703125,143.3033905029297,-335.872802734375,144.97308349609375
544,544,-337.0084533691406,142.8007049560547,-337.0084533691406,142.8007049560547,0.0,-337.7117614746094,146.13034057617188,3.403103826504741,-337.32489013671875,146.67002868652344,3.8822414091660886,-337.1852722167969,145.17074584960938,-337.32489013671875,146.67002868652344
545,545,-338.71722412109375,143.89157104492188,-338.71722412109375,143.89157104492188,0.0,-337.9010009765625,146.01866149902344,2.278318244143797,-338.23095703125,147.6588134765625,3.798495915677504,-338.3399658203125,146.23207092285156,-338.23095703125,147.6588134765625
546,546,-340.3313903808594,144.94007873535156,-340.3313903808594,144.94007873535156,0.0,-338.90252685546875,145.6854705810547,1.6116016808853348,-339.14373779296875,148.05897521972656,3.3373693157590507,-339.3956298828125,146.70603942871094,-339.14373779296875,148.05897521972656
547,547,-341.9457702636719,145.98873901367188,-341.9457702636719,145.98873901367188,0.0,-342.4854736328125,146.5897979736328,0.8078066600437667,-340.6795349121094,148.81565856933594,3.0975516363319127,-341.3647766113281,147.20733642578125,-340.6795349121094,148.81565856933594
548,548,-343.7213439941406,147.14210510253906,-343.7213439941406,147.14210510253906,0.0,-343.30230712890625,149.6040496826172,2.4973511987306685,-342.431396484375,150.28196716308594,3.3945100290339703,-342.9995422363281,148.73468017578125,-342.431396484375,150.28196716308594
549,549,-345.41619873046875,148.24368286132812,-345.41619873046875,148.24368286132812,0.0,-343.1061706542969,149.542236328125,2.649994494113623,-343.63031005859375,151.03964233398438,3.317647919998092,-343.9652404785156,149.6796875,-343.63031005859375,151.03964233398438
550,550,-347.1117248535156,149.34571838378906,-347.1117248535156,149.34571838378906,0.0,-350.661865234375,149.98973083496094,3.608081035823995,-347.368408203125,151.44427490234375,2.1141962547348956,-347.2973937988281,150.39300537109375,-347.368408203125,151.44427490234375
551,551,-348.6539611816406,150.3480987548828,-348.6539611816406,150.3480987548828,0.0,-351.5821533203125,150.13307189941406,2.9360765912272364,-350.70709228515625,151.49716186523438,2.3528054232753917,-350.05743408203125,150.81932067871094,-350.70709228515625,151.49716186523438
552,552,-350.2903747558594,151.43093872070312,-350.2903747558594,151.43093872070312,0.0,-350.660400390625,150.16525268554688,1.3186660342836058,-352.2471618652344,151.69422912597656,1.974420833795374,-351.5365295410156,151.01715087890625,-352.2471618652344,151.69422912597656
553,553,-351.92608642578125,152.5133514404297,-351.92608642578125,152.5133514404297,0.0,-357.94659423828125,152.70419311523438,6.023531760123441,-355.9421081542969,153.00738525390625,4.0462945929291685,-355.49200439453125,152.11497497558594,-355.9421081542969,153.00738525390625
554,554,-353.566162109375,153.5986328125,-353.566162109375,153.5986328125,0.0,-357.99542236328125,152.7983856201172,4.500971224719198,-358.39727783203125,153.6515350341797,4.831405361875059,-357.9223937988281,152.84637451171875,-358.39727783203125,153.6515350341797
555,555,-355.2530212402344,154.6995086669922,-355.2530212402344,154.6995086669922,0.0,-358.1265563964844,152.46701049804688,3.6388531666651356,-359.86920166015625,153.89332580566406,4.686048706017608,-359.4046325683594,153.12142944335938,-359.86920166015625,153.89332580566406
556,556,-356.78955078125,155.70225524902344,-356.78955078125,155.70225524902344,0.0,-361.5666198730469,152.71412658691406,5.634651897776879,-361.984375,154.23390197753906,5.398357156912685,-361.57342529296875,153.3052978515625,-361.984375,154.23390197753906
557,557,-358.3251953125,156.70445251464844,-358.3251953125,156.70445251464844,0.0,-360.9234313964844,155.17518615722656,3.0148775000090517,-362.70452880859375,155.4145965576172,4.565335722583577,-362.5772705078125,154.37435913085938,-362.70452880859375,155.4145965576172
558,558,-359.27899169921875,157.27662658691406,-359.27899169921875,157.27662658691406,0.0,-361.09490966796875,155.02706909179688,2.891032167421705,-363.16668701171875,156.36749267578125,3.992580532839146,-363.0611267089844,155.0316162109375,-363.16668701171875,156.36749267578125
559,559,-360.32257080078125,157.90264892578125,-360.32257080078125,157.90264892578125,0.0,-361.47650146484375,155.07440185546875,3.054592848186966,-363.7381896972656,156.67213439941406,3.6305121464638845,-363.3062744140625,155.4313507080078,-363.7381896972656,156.67213439941406
560,560,-361.3684997558594,158.53009033203125,-361.3684997558594,158.53009033203125,0.0,-364.5526428222656,155.09950256347656,4.680566152197833,-365.0303649902344,156.7077178955078,4.090268731040131,-364.5396423339844,155.6426544189453,-365.0303649902344,156.7077178955078
561,561,-361.5625,158.70816040039062,-361.5625,158.70816040039062,0.0,-364.701904296875,155.45428466796875,4.521456250068246,-365.85601806640625,156.86231994628906,4.673480969101589,-365.341064453125,155.85690307617188,-365.85601806640625,156.86231994628906
562,562,-361.756591796875,158.8863067626953,-361.756591796875,158.8863067626953,0.0,-364.5472412109375,155.3483428955078,4.506097255689418,-366.3326110839844,156.76824951171875,5.042431857190674,-365.6940002441406,155.892578125,-366.3326110839844,156.76824951171875
563,563,-361.401611328125,158.74021911621094,-361.401611328125,158.74021911621094,0.0,-364.5256042480469,155.13442993164062,4.770853949481816,-366.4132995605469,156.66275024414062,5.425209291208681,-365.7619323730469,155.76492309570312,-366.4132995605469,156.66275024414062
564,564,-361.0788879394531,158.60740661621094,-361.0788879394531,158.60740661621094,0.0,-364.7568664550781,155.21560668945312,5.003182257778881,-366.5093994140625,156.45765686035156,5.840537551345897,-365.7846374511719,155.6607208251953,-366.5093994140625,156.45765686035156
565,565,-360.7557678222656,158.47442626953125,-360.7557678222656,158.47442626953125,0.0,-364.7482604980469,155.217529296875,5.152414546274821,-366.38006591796875,156.2744140625,6.039270053608822,-365.6941833496094,155.55377197265625,-366.38006591796875,156.2744140625
566,566,-360.1834716796875,158.25628662109375,-360.1834716796875,158.25628662109375,0.0,-361.1155090332031,155.05615234375,3.3330996116796174,-364.4475402832031,156.1868438720703,4.739712475137429,-363.98681640625,155.38641357421875,-364.4475402832031,156.1868438720703
567,567,-359.6632385253906,158.0579833984375,-359.6632385253906,158.0579833984375,0.0,-361.658935546875,154.70370483398438,3.9030745944077627,-363.7958679199219,156.03582763671875,4.600841187999871,-362.9261169433594,155.1051483154297,-363.7958679199219,156.03582763671875
568,568,-359.09112548828125,157.83990478515625,-359.09112548828125,157.83990478515625,0.0,-361.6378479003906,155.42745971679688,3.50794615867913,-362.9698486328125,156.20053100585938,4.210942842187306,-362.20098876953125,155.2044219970703,-362.9698486328125,156.20053100585938
569,569,-358.4125061035156,157.44131469726562,-358.4125061035156,157.44131469726562,0.0,-361.55364990234375,155.75064086914062,3.56723455326717,-362.0066833496094,156.71482849121094,3.6668640940080923,-361.68121337890625,155.41903686523438,-362.0066833496094,156.71482849121094
570,570,-357.73309326171875,157.04226684570312,-357.73309326171875,157.04226684570312,0.0,-361.8377685546875,155.15231323242188,4.518880826162928,-362.096923828125,156.63302612304688,4.382977889675204,-361.4878234863281,155.33065795898438,-362.096923828125,156.63302612304688
571,571,-356.98736572265625,156.60426330566406,-356.98736572265625,156.60426330566406,0.0,-361.4346923828125,155.2159881591797,4.65897223692981,-362.4131774902344,156.2298583984375,5.438714220451796,-361.23712158203125,155.28623962402344,-362.4131774902344,156.2298583984375
572,572,-355.90716552734375,156.0657958984375,-355.90716552734375,156.0657958984375,0.0,-361.308837890625,152.97555541992188,6.223154387872192,-361.8336181640625,155.10784912109375,6.003374291470914,-361.056640625,154.26869201660156,-361.8336181640625,155.10784912109375
573,573,-354.8252868652344,155.5264892578125,-354.8252868652344,155.5264892578125,0.0,-357.12237548828125,153.6910400390625,2.940321407047429,-359.1902770996094,155.52272033691406,4.3649918614991545,-359.2723388671875,153.87893676757812,-359.1902770996094,155.52272033691406
574,574,-353.6376647949219,154.93446350097656,-353.6376647949219,154.93446350097656,0.0,-357.3784484863281,153.36045837402344,4.058442406338384,-357.28851318359375,156.03369140625,3.8127412638152953,-358.09881591796875,153.49073791503906,-357.28851318359375,156.03369140625
575,575,-351.8291320800781,154.26657104492188,-351.8291320800781,154.26657104492188,0.0,-357.603759765625,153.3955078125,5.839955142084715,-356.5392150878906,155.8370819091797,4.965016245213692,-357.4276123046875,153.27011108398438,-356.5392150878906,155.8370819091797
576,576,-350.0169982910156,153.59735107421875,-350.0169982910156,153.59735107421875,0.0,-353.01177978515625,153.32595825195312,3.0070534184853543,-354.7835998535156,155.53140258789062,5.14403010422411,-355.323486328125,153.12457275390625,-354.7835998535156,155.53140258789062
577,577,-348.031005859375,152.86392211914062,-348.031005859375,152.86392211914062,0.0,-353.2863464355469,153.35585021972656,5.278313919018518,-353.6678466796875,155.2700653076172,6.1289068745571145,-353.8700256347656,153.07415771484375,-353.6678466796875,155.2700653076172
578,578,-345.6299133300781,151.90760803222656,-345.6299133300781,151.90760803222656,0.0,-347.693359375,153.01748657226562,2.342998069555963,-350.7464294433594,155.05149841308594,6.005229709538743,-350.76611328125,152.93289184570312,-350.7464294433594,155.05149841308594
579,579,-343.2307434082031,150.9520721435547,-343.2307434082031,150.9520721435547,0.0,-347.46832275390625,150.6387939453125,4.2491436714500015,-348.4484558105469,154.0214385986328,6.05355541389774,-348.4801025390625,151.86599731445312,-348.4484558105469,154.0214385986328
580,580,-340.5963439941406,149.90283203125,-340.5963439941406,149.90283203125,0.0,-340.3761901855469,149.96612548828125,0.22907151970792922,-343.87933349609375,153.25413513183594,4.691401980424545,-344.1632995605469,150.8284912109375,-343.87933349609375,153.25413513183594
581,581,-337.7970886230469,148.6259002685547,-337.7970886230469,148.6259002685547,0.0,-338.8160400390625,149.53945922851562,1.36852181624012,-340.0923767089844,152.542236328125,4.53938713142395,-340.5794372558594,149.9524383544922,-340.0923767089844,152.542236328125
582,582,-334.9996032714844,147.34976196289062,-334.9996032714844,147.34976196289062,0.0,-335.4273681640625,149.61123657226562,2.3015755934077387,-336.1007995605469,152.12008666992188,4.895776861495814,-336.8739929199219,149.4352264404297,-336.1007995605469,152.12008666992188
583,583,-332.20166015625,146.0734405517578,-332.20166015625,146.0734405517578,0.0,-335.3309326171875,146.33920288085938,3.140537493861731,-333.5932922363281,150.63571166992188,4.769796389987369,-334.5356750488281,147.77793884277344,-333.5932922363281,150.63571166992188
584,584,-329.4218444824219,144.74349975585938,-329.4218444824219,144.74349975585938,0.0,-331.44635009765625,146.36984252929688,2.5968468963009532,-330.4012451171875,149.83692932128906,5.186737928734453,-331.6330261230469,146.67864990234375,-330.4012451171875,149.83692932128906
585,585,-326.3731689453125,143.28492736816406,-326.3731689453125,143.28492736816406,0.0,-327.242431640625,146.44012451171875,3.272749096426063,-326.96514892578125,149.27377319335938,6.01803245382036,-328.2022705078125,146.0410614013672,-326.96514892578125,149.27377319335938
586,586,-323.5925598144531,141.95462036132812,-323.5925598144531,141.95462036132812,0.0,-327.08441162109375,142.8503875732422,3.6049171887131735,-324.9169006347656,147.16207885742188,5.373220877358846,-325.969970703125,144.2360382080078,-324.9169006347656,147.16207885742188
587,587,-320.7728271484375,140.6655731201172,-320.7728271484375,140.6655731201172,0.0,-322.3911437988281,142.38180541992188,2.3588984903603674,-321.7604675292969,145.45782470703125,4.892965235333723,-322.8629150390625,142.84841918945312,-321.7604675292969,145.45782470703125
588,588,-317.9525146484375,139.3762664794922,-317.9525146484375,139.3762664794922,0.0,-322.4248352050781,142.5185546875,5.465860073541515,-319.8570556640625,144.7860870361328,5.735279848032648,-320.99505615234375,142.0278778076172,-319.8570556640625,144.7860870361328
589,589,-314.8506774902344,137.958251953125,-314.8506774902344,137.958251953125,0.0,-317.64263916015625,142.44898986816406,5.28788965352742,-316.8992919921875,144.576904296875,6.928447172710492,-318.09393310546875,141.5811767578125,-316.8992919921875,144.576904296875
590,590,-310.1631164550781,135.9050750732422,-310.1631164550781,135.9050750732422,0.0,-312.5240783691406,137.9344024658203,3.11324763324757,-312.914306640625,142.51263427734375,7.157435719079615,-314.1895446777344,139.50961303710938,-312.914306640625,142.51263427734375
591,591,-305.904541015625,134.039794921875,-305.904541015625,134.039794921875,0.0,-308.821044921875,137.21807861328125,4.313639096891446,-309.00872802734375,140.6129150390625,7.269242400601207,-310.2279968261719,137.87364196777344,-309.00872802734375,140.6129150390625
592,592,-302.87823486328125,132.73512268066406,-302.87823486328125,132.73512268066406,0.0,-303.8908996582031,138.096923828125,5.456592483573204,-304.56365966796875,140.2724609375,7.7234787997519945,-305.8100891113281,137.2214813232422,-304.56365966796875,140.2724609375
593,593,-299.8516845703125,131.43031311035156,-299.8516845703125,131.43031311035156,0.0,-304.4723815917969,133.73521423339844,5.163662474579193,-301.7491455078125,138.15957641601562,6.9916623664401305,-303.1797180175781,134.89703369140625,-301.7491455078125,138.15957641601562
594,594,-296.8154296875,130.12135314941406,-296.8154296875,130.12135314941406,0.0,-299.6632080078125,132.67808532714844,3.827103446512028,-298.7432556152344,136.04345703125,6.227987411267077,-299.7955322265625,133.14031982421875,-298.7432556152344,136.04345703125
595,595,-293.98590087890625,128.87022399902344,-293.98590087890625,128.87022399902344,0.0,-295.42193603515625,132.12619018554688,3.558582973287252,-295.191162109375,134.36053466796875,5.6210466885808525,-296.0462951660156,131.81988525390625,-295.191162109375,134.36053466796875
596,596,-290.8750305175781,127.49466705322266,-290.8750305175781,127.49466705322266,0.0,-295.7512512207031,132.41204833984375,6.925183540065649,-292.9956359863281,133.91798400878906,6.7643158017466405,-293.90606689453125,131.20458984375,-292.9956359863281,133.91798400878906
597,597,-287.77740478515625,126.12498474121094,-287.77740478515625,126.12498474121094,0.0,-291.869873046875,128.26486206054688,4.618156711826012,-289.0196838378906,132.23020935058594,6.230331032600173,-291.3074645996094,129.1009979248047,-289.0196838378906,132.23020935058594
598,598,-284.7847900390625,124.76673126220703,-284.7847900390625,124.76673126220703,0.0,-288.7590637207031,127.29545593261719,4.710551958669205,-285.5804748535156,131.26254272460938,6.544362526558945,-288.5224609375,127.48882293701172,-285.5804748535156,131.26254272460938
599,599,-281.7932434082031,123.40894317626953,-281.7932434082031,123.40894317626953,0.0,-288.2864685058594,126.77877044677734,7.315579813103754,-283.7865295410156,130.33335876464844,7.205603433984375,-286.7611083984375,126.3253402709961,-283.7865295410156,130.33335876464844
600,600,-278.8006286621094,122.05068969726562,-278.8006286621094,122.05068969726562,0.0,-282.3941955566406,121.81275939941406,3.601434971245032,-281.4533996582031,126.7060317993164,5.358115717754033,-283.5278625488281,123.4854736328125,-281.4533996582031,126.7060317993164
601,601,-275.9123840332031,120.75180053710938,-275.9123840332031,120.75180053710938,0.0,-282.57415771484375,121.09614562988281,6.670667292581518,-279.43585205078125,124.73412322998047,5.317303912797538,-281.4542236328125,121.4322280883789,-279.43585205078125,124.73412322998047
602,602,-272.74658203125,119.32808685302734,-272.74658203125,119.32808685302734,0.0,-278.93609619140625,121.3381118774414,6.507709745950988,-277.6185607910156,123.13908386230469,6.185456752765171,-278.8735046386719,120.34902954101562,-277.6185607910156,123.13908386230469
603,603,-269.8647155761719,118.03205871582031,-269.8647155761719,118.03205871582031,0.0,-270.71405029296875,120.15339660644531,2.2850479004514876,-273.70648193359375,121.45477294921875,5.145302854888796,-274.2020568847656,119.30152893066406,-273.70648193359375,121.45477294921875
604,604,-267.037353515625,116.79301452636719,-267.037353515625,116.79301452636719,0.0,-268.7757568359375,116.57239532470703,1.7523466940690386,-269.6322021484375,119.3624038696289,3.651712067575398,-270.1501159667969,117.26519012451172,-269.6322021484375,119.3624038696289
605,605,-263.93048095703125,115.43147277832031,-263.93048095703125,115.43147277832031,0.0,-266.44720458984375,116.8469009399414,2.887444324080902,-264.47430419921875,118.72013854980469,3.3333266079513186,-266.6325988769531,116.18180084228516,-264.47430419921875,118.72013854980469
606,606,-260.84710693359375,114.08021545410156,-260.84710693359375,114.08021545410156,0.0,-264.4713134765625,116.44890594482422,4.329615191554261,-261.8260498046875,117.97386932373047,4.014831204588984,-263.78277587890625,115.44300079345703,-261.8260498046875,117.97386932373047
607,607,-257.8822937011719,112.78462219238281,-257.8822937011719,112.78462219238281,0.0,-263.8966979980469,112.5753173828125,6.018045160147747,-260.7416076660156,115.50149536132812,3.944245956540417,-261.9223327636719,113.56388092041016,-260.7416076660156,115.50149536132812
608,608,-254.93836975097656,111.49815368652344,-254.93836975097656,111.49815368652344,0.0,-256.0785827636719,111.34196472167969,1.1508608547772763,-258.48919677734375,112.44213104248047,3.674161920729579,-258.1185607910156,111.80148315429688,-258.48919677734375,112.44213104248047
609,609,-251.72735595703125,110.09497833251953,-251.72735595703125,110.09497833251953,0.0,-246.60195922851562,108.38177490234375,5.404142634853815,-252.9120330810547,109.79415130615234,1.222275250496944,-252.10855102539062,109.51091766357422,-252.9120330810547,109.79415130615234
610,610,-248.52195739746094,108.68334197998047,-248.52195739746094,108.68334197998047,0.0,-245.37237548828125,108.02959442138672,3.216714484221323,-247.7193603515625,108.45265197753906,0.835092746532572,-247.22677612304688,107.88847351074219,-247.7193603515625,108.45265197753906
611,611,-245.5406494140625,107.37039947509766,-245.5406494140625,107.37039947509766,0.0,-241.28732299804688,97.28103637695312,10.949248071323296,-242.3532257080078,103.97288513183594,4.6586235729653565,-242.26695251464844,103.06571197509766,-242.3532257080078,103.97288513183594
612,612,-242.57696533203125,106.0652084350586,-242.57696533203125,106.0652084350586,0.0,-243.80029296875,95.35213470458984,10.782693506782964,-239.7061309814453,99.91488647460938,6.787352214648073,-240.35079956054688,98.57117462158203,-239.7061309814453,99.91488647460938
613,613,-239.30657958984375,104.62032318115234,-239.30657958984375,104.62032318115234,0.0,-237.4901123046875,94.1781005859375,10.599036094195469,-235.89833068847656,96.88976287841797,8.448533788053595,-236.9763641357422,94.96461486816406,-235.89833068847656,96.88976287841797
614,614,-236.33230590820312,103.30626678466797,-236.33230590820312,103.30626678466797,0.0,-238.67031860351562,90.2462387084961,13.26765377577513,-234.9591827392578,95.36495971679688,8.0591454375333,-235.64031982421875,91.03544616699219,-234.9591827392578,95.36495971679688
615,615,-233.3551025390625,101.99092102050781,-233.3551025390625,101.99092102050781,0.0,-237.59002685546875,90.71798706054688,12.042160272614275,-234.42428588867188,93.17765808105469,8.87788019039567,-234.6219482421875,89.0000228881836,-234.42428588867188,93.17765808105469
616,616,-230.3217010498047,100.60299682617188,-230.3217010498047,100.60299682617188,0.0,-234.68331909179688,90.88774108886719,10.649408715297925,-233.8411102294922,92.98429870605469,8.392306120462111,-233.29254150390625,88.17964935302734,-233.8411102294922,92.98429870605469
617,617,-227.28855895996094,99.21519470214844,-227.28855895996094,99.21519470214844,0.0,-232.83871459960938,91.43232727050781,9.559144997478263,-233.7456817626953,93.58112335205078,8.569550447227874,-231.9701385498047,88.15238952636719,-233.7456817626953,93.58112335205078
618,618,-224.2557830810547,97.82756805419922,-224.2557830810547,97.82756805419922,0.0,-233.43898010253906,88.55880737304688,13.04764469549486,-232.2060089111328,93.25493621826172,9.17142587912428,-231.552978515625,87.36557006835938,-232.2060089111328,93.25493621826172
619,619,-221.19956970214844,96.47349548339844,-221.19956970214844,96.47349548339844,0.0,-231.5683135986328,88.97539520263672,12.795794536145106,-230.7616729736328,93.5090103149414,10.01109341123805,-230.75048828125,87.3266372680664,-230.7616729736328,93.5090103149414
620,620,-218.14288330078125,95.11922454833984,-218.14288330078125,95.11922454833984,0.0,-227.8890380859375,89.47642517089844,11.26182569170191,-229.85830688476562,93.97628021240234,11.77104377305721,-228.5329132080078,87.55497741699219,-229.85830688476562,93.97628021240234
621,621,-215.08497619628906,93.764404296875,-215.08497619628906,93.764404296875,0.0,-228.01048278808594,89.24119567871094,13.694091311876743,-228.76560974121094,93.87335968017578,13.681067409599,-227.48016357421875,87.87835693359375,-228.76560974121094,93.87335968017578
622,622,-212.0742950439453,92.42574310302734,-212.0742950439453,92.42574310302734,0.0,-223.57374572753906,83.85372924804688,14.342830527980935,-225.99708557128906,91.59652709960938,13.947461964408339,-224.75137329101562,85.74285125732422,-225.99708557128906,91.59652709960938
623,623,-209.0592498779297,91.08515167236328,-209.0592498779297,91.08515167236328,0.0,-219.54005432128906,85.85675811767578,11.712530082891545,-222.6766815185547,91.22122192382812,13.618111454986282,-221.44210815429688,85.29170989990234,-222.6766815185547,91.22122192382812
624,624,-206.04693603515625,89.74577331542969,-206.04693603515625,89.74577331542969,0.0,-219.5653076171875,85.63509368896484,14.129545541923958,-220.90902709960938,90.93597412109375,14.909672322552927,-219.33538818359375,85.00579833984375,-220.90902709960938,90.93597412109375
625,625,-203.00331115722656,88.43207550048828,-203.00331115722656,88.43207550048828,0.0,-214.02906799316406,78.77455139160156,14.657253689520104,-219.82005310058594,86.44569396972656,16.93365055666656,-216.25624084472656,82.25346374511719,-219.82005310058594,86.44569396972656
626,626,-199.96046447753906,87.11870574951172,-199.96046447753906,87.11870574951172,0.0,-200.16189575195312,78.25554656982422,8.865447828665559,-211.9437713623047,83.46600341796875,12.527644559825708,-209.193115234375,79.7766342163086,-211.9437713623047,83.46600341796875
627,627,-196.9169921875,85.80506134033203,-196.9169921875,85.80506134033203,0.0,-200.4510498046875,77.56619262695312,8.964849185451744,-206.2628936767578,81.3089599609375,10.371152407553598,-203.599365234375,77.922119140625,-206.2628936767578,81.3089599609375
628,628,-193.94146728515625,84.52278137207031,-193.94146728515625,84.52278137207031,0.0,-194.48355102539062,78.28641510009766,6.259881712909967,-200.22250366210938,80.35685729980469,7.5369981653500915,-197.51405334472656,77.22504425048828,-200.22250366210938,80.35685729980469
629,629,-190.96539306640625,83.24026489257812,-190.96539306640625,83.24026489257812,0.0,-197.75555419921875,72.24884033203125,12.919663388794254,-197.55035400390625,77.0905532836914,9.010031266365115,-194.76243591308594,74.46394348144531,-197.55035400390625,77.0905532836914
630,630,-187.6951141357422,81.8309555053711,-187.6951141357422,81.8309555053711,0.0,-192.44216918945312,72.80894470214844,10.194665792287106,-193.65139770507812,74.6531753540039,9.327263363908088,-191.3673095703125,72.75206756591797,-193.65139770507812,74.6531753540039
631,631,-184.639404296875,80.46227264404297,-184.639404296875,80.46227264404297,0.0,-187.207275390625,72.90655517578125,7.9801521548346495,-188.3673858642578,71.65631103515625,9.562573211428647,-187.29763793945312,71.86638641357422,-188.3673858642578,71.65631103515625
632,632,-181.58236694335938,79.0929946899414,-181.58236694335938,79.0929946899414,0.0,-185.94557189941406,67.58357238769531,12.308710705024307,-184.7649383544922,68.52466583251953,11.037134393744413,-184.3136749267578,69.22926330566406,-184.7649383544922,68.52466583251953
633,633,-178.52432250976562,77.7232666015625,-178.52432250976562,77.7232666015625,0.0,-181.322998046875,66.56660461425781,11.502334174461453,-181.23782348632812,66.33154296875,11.710442129833718,-180.85618591308594,67.0641098022461,-181.23782348632812,66.33154296875
634,634,-175.4991912841797,76.3694076538086,-175.4991912841797,76.3694076538086,0.0,-176.8565673828125,66.8608169555664,9.604986566353828,-177.7967529296875,65.81131744384766,10.80518664330152,-177.021240234375,65.86019897460938,-177.7967529296875,65.81131744384766
635,635,-172.47206115722656,75.0146484375,-172.47206115722656,75.0146484375,0.0,-176.94476318359375,66.55548095703125,9.568833673927516,-175.4232940673828,65.1540298461914,10.292792366177897,-174.8082275390625,65.1683578491211,-175.4232940673828,65.1540298461914
636,636,-169.44541931152344,73.66011047363281,-169.44541931152344,73.66011047363281,0.0,-173.23629760742188,63.872833251953125,10.495787424882609,-172.4094696044922,63.745059967041016,10.348614433223144,-172.1557159423828,63.775508880615234,-172.4094696044922,63.745059967041016
637,637,-164.8690185546875,71.61128234863281,-164.8690185546875,71.61128234863281,0.0,-169.10147094726562,64.2968521118164,8.450712570233021,-168.94154357910156,63.31734085083008,9.239855282603349,-169.0117950439453,63.13442611694336,-168.94154357910156,63.31734085083008
638,638,-160.2950439453125,69.56355285644531,-160.2950439453125,69.56355285644531,0.0,-163.72300720214844,63.7336311340332,6.763055476607435,-164.80499267578125,62.76874542236328,8.155307818697779,-165.01577758789062,62.657039642333984,-164.80499267578125,62.76874542236328
639,639,-157.47520446777344,68.32182312011719,-157.47520446777344,68.32182312011719,0.0,-157.2264862060547,60.775428771972656,7.550491933074302,-159.4532012939453,60.81647491455078,7.76161858964642,-159.876953125,61.23382568359375,-159.4532012939453,60.81647491455078
640,640,-154.3899383544922,66.96321868896484,-154.3899383544922,66.96321868896484,0.0,-157.00820922851562,60.97050476074219,6.539721905041015,-155.8809051513672,60.14371871948242,6.9805846333351225,-156.44786071777344,60.462974548339844,-155.8809051513672,60.14371871948242
641,641,-151.57359313964844,65.72303009033203,-151.57359313964844,65.72303009033203,0.0,-152.234130859375,60.86598205566406,4.901757408343822,-151.9601287841797,59.94719314575195,5.78875653442683,-152.53271484375,60.01934814453125,-151.9601287841797,59.94719314575195
642,642,-149.53396606445312,64.71604919433594,-149.53396606445312,64.71604919433594,0.0,-152.093017578125,59.20622253417969,6.075107774730823,-149.2845458984375,59.05289077758789,5.6686483108761925,-150.10133361816406,59.161460876464844,-149.2845458984375,59.05289077758789
643,643,-147.67930603027344,63.800376892089844,-147.67930603027344,63.800376892089844,0.0,-147.30686950683594,59.318626403808594,4.497198728453017,-146.12161254882812,58.750186920166016,5.284962415633362,-146.92681884765625,58.729007720947266,-146.12161254882812,58.750186920166016
644,644,-145.82395935058594,62.88438034057617,-145.82395935058594,62.88438034057617,0.0,-146.77503967285156,58.585792541503906,4.402545950439794,-144.95555114746094,57.62293243408203,5.332632265589515,-144.87838745117188,58.246063232421875,-144.95555114746094,57.62293243408203
645,645,-145.80694580078125,62.32038497924805,-145.80694580078125,62.32038497924805,0.0,-145.40676879882812,60.282127380371094,2.077170111539215,-143.83168029785156,58.321720123291016,4.459932111291598,-143.23915100097656,58.697715759277344,-143.83168029785156,58.321720123291016
646,646,-145.78990173339844,61.75592803955078,-145.78990173339844,61.75592803955078,0.0,-146.0322265625,60.12355041503906,1.6502660487950491,-142.83384704589844,57.695152282714844,5.022764085918948,-142.67364501953125,59.06971740722656,-142.83384704589844,57.695152282714844
647,647,-145.7729034423828,61.192325592041016,-145.7729034423828,61.192325592041016,0.0,-146.4229736328125,59.38536834716797,1.920334798227768,-143.15875244140625,57.65401077270508,4.399256439063205,-142.87039184570312,59.08576965332031,-143.15875244140625,57.65401077270508
648,648,-146.5421600341797,61.21087646484375,-146.5421600341797,61.21087646484375,0.0,-146.32106018066406,62.014739990234375,0.8337156065938042,-144.2576446533203,59.33374786376953,2.956792571411446,-143.32545471191406,60.31968307495117,-144.2576446533203,59.33374786376953
649,649,-147.3113555908203,61.22942352294922,-147.3113555908203,61.22942352294922,0.0,-149.27255249023438,53.84893035888672,7.636620497513585,-145.53399658203125,57.40370559692383,4.218426566343861,-145.1577911376953,57.62085723876953,-145.53399658203125,57.40370559692383
650,650,-148.08091735839844,61.247982025146484,-148.08091735839844,61.247982025146484,0.0,-148.682373046875,56.034523010253906,5.248038094866072,-146.47970581054688,56.94016647338867,4.59577558731273,-146.36244201660156,56.65419006347656,-146.47970581054688,56.94016647338867
651,651,-148.108154296875,61.30363464355469,-148.108154296875,61.30363464355469,0.0,-153.43844604492188,58.103694915771484,6.217043057655452,-149.323974609375,56.816619873046875,4.6488192676251545,-149.1103515625,56.91007614135742,-149.323974609375,56.816619873046875
652,652,-148.1353759765625,61.35929489135742,-148.1353759765625,61.35929489135742,0.0,-152.5770263671875,58.793148040771484,5.129655724443049,-151.46749877929688,57.01959228515625,5.47138566386721,-150.87271118164062,57.523170471191406,-151.46749877929688,57.01959228515625
653,653,-148.16261291503906,61.41496276855469,-148.16261291503906,61.41496276855469,0.0,-152.61544799804688,58.29507827758789,5.437041430175086,-152.86170959472656,56.893619537353516,6.5210470186449925,-152.11167907714844,57.782020568847656,-152.86170959472656,56.893619537353516
654,654,-148.1230926513672,61.47601318359375,-148.1230926513672,61.47601318359375,0.0,-152.35498046875,58.66118240356445,5.082533503983363,-153.6730499267578,57.18797302246094,7.0135094055792955,-152.79808044433594,58.12955093383789,-153.6730499267578,57.18797302246094
655,655,-148.08352661132812,61.53709411621094,-148.08352661132812,61.53709411621094,0.0,-147.5331573486328,56.79743194580078,4.771509594974833,-152.14224243164062,56.69569778442383,6.317617632580864,-151.1387481689453,57.60165786743164,-152.14224243164062,56.69569778442383
656,656,-148.04006958007812,61.60420608520508,-148.04006958007812,61.60420608520508,0.0,-147.33612060546875,57.990394592285156,3.681735686495393,-150.8948211669922,56.83260726928711,5.560374257463082,-149.7530059814453,57.708900451660156,-150.8948211669922,56.83260726928711
657,657,-148.21701049804688,61.63016891479492,-148.21701049804688,61.63016891479492,0.0,-152.2294464111328,58.870094299316406,4.870077395650982,-151.80628967285156,57.14974594116211,5.740828774431729,-150.66712951660156,58.18759536743164,-151.80628967285156,57.14974594116211
658,658,-148.39414978027344,61.65616226196289,-148.39414978027344,61.65616226196289,0.0,-151.87399291992188,58.67035675048828,4.585230946082263,-152.40213012695312,57.426509857177734,5.826994587664853,-151.23385620117188,58.44804763793945,-152.40213012695312,57.426509857177734
659,659,-148.5711212158203,61.68212890625,-148.5711212158203,61.68212890625,0.0,-152.17730712890625,59.66026306152344,4.134309898134308,-152.9720458984375,58.067935943603516,5.694780841552427,-151.76023864746094,59.04489517211914,-152.9720458984375,58.067935943603516
660,660,-148.72430419921875,61.637603759765625,-148.72430419921875,61.637603759765625,0.0,-152.318359375,58.4200325012207,4.823898569660679,-153.57003784179688,57.975555419921875,6.073856483171612,-152.169921875,58.92020797729492,-153.57003784179688,57.975555419921875
661,661,-148.87750244140625,61.593074798583984,-148.87750244140625,61.593074798583984,0.0,-152.16336059570312,58.51042938232422,4.505504030910039,-153.96983337402344,58.01667404174805,6.2227386817049055,-152.36740112304688,58.83256149291992,-153.96983337402344,58.01667404174805
662,662,-149.0306854248047,61.548545837402344,-149.0306854248047,61.548545837402344,0.0,-152.57791137695312,58.22796630859375,4.858915554188824,-154.17926025390625,57.82688522338867,6.352840348754154,-152.63253784179688,58.62690734863281,-154.17926025390625,57.82688522338867
663,663,-149.0669403076172,61.512611389160156,-149.0669403076172,61.512611389160156,0.0,-152.5374755859375,58.22502136230469,4.78046684987412,-154.22402954101562,57.54346466064453,6.507664336282287,-152.77017211914062,58.459617614746094,-154.22402954101562,57.54346466064453
664,664,-149.10678100585938,61.47312927246094,-149.10678100585938,61.47312927246094,0.0,-152.34136962890625,58.2609977722168,4.558547173739123,-154.1251678466797,57.3477668762207,6.4963698620407575,-152.7523651123047,58.35579299926758,-154.1251678466797,57.3477668762207
665,665,-149.1430206298828,61.437225341796875,-149.1430206298828,61.437225341796875,0.0,-152.458251953125,58.497833251953125,4.430664124535074,-154.2218475341797,57.56941223144531,6.383922068792601,-152.74757385253906,58.38705825805664,-154.2218475341797,57.56941223144531
666,666,-149.12939453125,61.463199615478516,-149.12939453125,61.463199615478516,0.0,-152.50912475585938,58.18278503417969,4.709957135297104,-154.17544555664062,57.48025894165039,6.428564953555359,-152.7387237548828,58.281105041503906,-154.17544555664062,57.48025894165039
667,667,-149.11578369140625,61.489173889160156,-149.11578369140625,61.489173889160156,0.0,-152.51370239257812,58.28367614746094,4.671302524115983,-154.2229461669922,57.55338668823242,6.447753829281919,-152.71307373046875,58.25429916381836,-154.2229461669922,57.55338668823242
668,668,-149.1021728515625,61.51515197753906,-149.1021728515625,61.51515197753906,0.0,-152.39068603515625,57.6882209777832,5.04576256234499,-154.19854736328125,57.255977630615234,6.641806928930602,-152.6287384033203,57.98887634277344,-154.19854736328125,57.255977630615234
669,669,-149.10897827148438,61.5225715637207,-149.10897827148438,61.5225715637207,0.0,-152.11126708984375,58.11425018310547,4.542069218143276,-154.0289306640625,57.20870590209961,6.543345359351653,-152.44430541992188,57.98676681518555,-154.0289306640625,57.20870590209961
670,670,-149.11578369140625,61.529991149902344,-149.11578369140625,61.529991149902344,0.0,-152.2705535888672,58.69953155517578,4.238404726227234,-154.0103302001953,57.494773864746094,6.343466250018437,-152.36558532714844,58.252830505371094,-154.0103302001953,57.494773864746094
671,671,-149.12258911132812,61.53741455078125,-149.12258911132812,61.53741455078125,0.0,-152.5125732421875,58.64778137207031,4.454432883654828,-154.0950927734375,57.714664459228516,6.272097809517768,-152.40737915039062,58.42703628540039,-154.0950927734375,57.714664459228516
672,672,-149.04354858398438,61.497920989990234,-149.04354858398438,61.497920989990234,0.0,-152.51608276367188,58.538429260253906,4.562574375007564,-154.16722106933594,57.772918701171875,6.334639831028333,-152.44332885742188,58.505821228027344,-154.16722106933594,57.772918701171875
673,673,-148.96446228027344,61.45841598510742,-148.96446228027344,61.45841598510742,0.0,-152.59254455566406,57.64726257324219,5.261926579284021,-154.2026824951172,57.464576721191406,6.58708608454413,-152.50213623046875,58.167049407958984,-154.2026824951172,57.464576721191406
674,674,-148.8774871826172,61.41496276855469,-148.8774871826172,61.41496276855469,0.0,-152.4913330078125,59.03878402709961,4.325055729077329,-154.22238159179688,57.74518585205078,6.483452696070605,-152.50546264648438,58.52230453491211,-154.22238159179688,57.74518585205078
675,675,-148.44296264648438,61.237342834472656,-148.44296264648438,61.237342834472656,0.0,-152.59799194335938,58.154415130615234,5.1738488270436696,-154.23851013183594,57.49327087402344,6.899742422727596,-152.54884338378906,58.394386291503906,-154.23851013183594,57.49327087402344
676,676,-148.0474853515625,61.07568359375,-148.0474853515625,61.07568359375,0.0,-147.2593231201172,57.598026275634766,3.5658519494389136,-152.04080200195312,57.1605224609375,5.592411337354635,-150.41162109375,58.052677154541016,-152.04080200195312,57.1605224609375
677,677,-147.65199279785156,60.914024353027344,-147.65199279785156,60.914024353027344,0.0,-146.54676818847656,59.14015197753906,2.0900106798025124,-149.8040313720703,57.851871490478516,3.7427329825331452,-148.54283142089844,58.47202682495117,-149.8040313720703,57.851871490478516
678,678,-146.78369140625,60.6616325378418,-146.78369140625,60.6616325378418,0.0,-148.25001525878906,58.70332336425781,2.446442408859891,-148.80528259277344,58.35636901855469,3.0661165696667876,-147.9373016357422,58.60014724731445,-148.80528259277344,58.35636901855469
679,679,-145.9160614013672,60.40943145751953,-145.9160614013672,60.40943145751953,0.0,-147.9888916015625,57.78099822998047,3.347429800678896,-148.55799865722656,58.25712966918945,3.4076730259733865,-147.50531005859375,58.30314254760742,-148.55799865722656,58.25712966918945
680,680,-145.04782104492188,60.15705108642578,-145.04782104492188,60.15705108642578,0.0,-147.02110290527344,57.809146881103516,3.0670010527814466,-148.73069763183594,57.856571197509766,4.342325146018757,-146.90090942382812,58.06378173828125,-148.73069763183594,57.856571197509766
681,681,-144.4994659423828,59.85633850097656,-144.4994659423828,59.85633850097656,0.0,-146.79232788085938,57.050514221191406,3.623515662715754,-147.8531951904297,57.042320251464844,4.3779217190112085,-146.4604949951172,57.53797149658203,-147.8531951904297,57.042320251464844
682,682,-143.95172119140625,59.55595016479492,-143.95172119140625,59.55595016479492,0.0,-147.88125610351562,57.64103698730469,4.371285520623444,-148.07000732421875,58.12614059448242,4.359430705846,-146.66542053222656,57.44794845581055,-148.07000732421875,58.12614059448242
683,683,-143.4036102294922,59.25536346435547,-143.4036102294922,59.25536346435547,0.0,-146.3822784423828,57.84434127807617,3.295974504248696,-145.93896484375,58.484127044677734,2.650062005892638,-146.3020782470703,57.58046340942383,-145.93896484375,58.484127044677734
684,684,-143.45632934570312,59.165565490722656,-143.45632934570312,59.165565490722656,0.0,-149.97666931152344,48.31165313720703,12.661842150637984,-147.43699645996094,56.29537582397461,4.907514584557124,-147.68162536621094,54.48328399658203,-147.43699645996094,56.29537582397461
685,685,-143.5139923095703,59.067344665527344,-143.5139923095703,59.067344665527344,0.0,-148.95736694335938,51.65569305419922,9.19580920917137,-147.87420654296875,54.82937240600586,6.080450397265317,-148.23068237304688,52.89501190185547,-147.87420654296875,54.82937240600586
686,686,-143.56700134277344,58.97706604003906,-143.56700134277344,58.97706604003906,0.0,-148.84332275390625,51.81808090209961,8.893291620025542,-148.3870086669922,53.773292541503906,7.093076147171917,-148.5742950439453,51.8237190246582,-148.3870086669922,53.773292541503906
687,687,-143.4983367919922,58.98100662231445,-143.4983367919922,58.98100662231445,0.0,-150.29678344726562,47.05608367919922,13.726713522319708,-149.6090087890625,51.206748962402344,9.888346394543497,-149.4497528076172,49.164039611816406,-149.6090087890625,51.206748962402344
688,688,-143.43556213378906,58.9846076965332,-143.43556213378906,58.9846076965332,0.0,-149.79129028320312,48.96222686767578,11.867746112379683,-150.0303192138672,50.29743194580078,10.90677970206394,-149.80433654785156,48.18715286254883,-150.0303192138672,50.29743194580078
689,689,-143.3729705810547,58.988197326660156,-143.3729705810547,58.988197326660156,0.0,-145.05874633789062,53.664459228515625,5.584266043086712,-147.87559509277344,51.70257568359375,8.56468973281859,-148.16111755371094,49.6041259765625,-147.87559509277344,51.70257568359375
690,690,-143.34661865234375,59.00255584716797,-143.34661865234375,59.00255584716797,0.0,-144.0564422607422,54.2325439453125,4.8225369981870125,-145.8773651123047,53.36090087890625,6.183279746664948,-146.4586944580078,51.2509765625,-145.8773651123047,53.36090087890625
691,691,-143.3202362060547,59.01694107055664,-143.3202362060547,59.01694107055664,0.0,-143.87429809570312,54.676002502441406,4.376154959517675,-144.58506774902344,54.68831253051758,4.50963677802652,-145.10882568359375,52.65306854248047,-144.58506774902344,54.68831253051758
692,692,-143.29127502441406,59.0327262878418,-143.29127502441406,59.0327262878418,0.0,-143.16183471679688,56.64581298828125,2.390420442695186,-142.98056030273438,56.890113830566406,2.1650246604461976,-143.8839874267578,54.68608093261719,-142.98056030273438,56.890113830566406
693,693,-143.31105041503906,59.0327262878418,-143.31105041503906,59.0327262878418,0.0,-142.94564819335938,56.03693389892578,3.017994503158609,-142.0807342529297,57.33757400512695,2.0945689581250093,-142.9990234375,55.67155456542969,-142.0807342529297,57.33757400512695
694,694,-143.330810546875,59.0327262878418,-143.330810546875,59.0327262878418,0.0,-142.42176818847656,57.59326171875,1.7024735695549655,-141.15391540527344,58.734527587890625,2.197224367737864,-142.25338745117188,56.97544860839844,-141.15391540527344,58.734527587890625
695,695,-143.3525390625,59.0327262878418,-143.3525390625,59.0327262878418,0.0,-142.96319580078125,56.59434127807617,2.469273097754783,-140.7563018798828,59.48201370239258,2.6348257417289966,-142.04946899414062,57.32231521606445,-140.7563018798828,59.48201370239258
696,696,-143.40359497070312,59.08281326293945,-143.40359497070312,59.08281326293945,0.0,-147.52255249023438,53.39057922363281,7.026189536722178,-143.17391967773438,58.1043701171875,1.0050381732398321,-143.88168334960938,56.242252349853516,-143.17391967773438,58.1043701171875
697,697,-143.4546661376953,59.132911682128906,-143.4546661376953,59.132911682128906,0.0,-147.4589080810547,54.83650207519531,5.873081733767183,-145.16990661621094,57.5761833190918,2.3163447704136595,-145.28726196289062,55.831058502197266,-145.16990661621094,57.5761833190918
698,698,-143.4579620361328,59.08980178833008,-143.4579620361328,59.08980178833008,0.0,-147.00692749023438,55.697940826416016,4.909162513032432,-147.12588500976562,56.66624450683594,4.396281250919536,-146.1538543701172,55.82029342651367,-147.12588500976562,56.66624450683594
699,699,-143.4612579345703,59.046695709228516,-143.4612579345703,59.046695709228516,0.0,-147.74981689453125,53.457183837890625,7.045167202621131,-148.37367248535156,55.52212142944336,6.046026841856593,-147.05943298339844,54.887516021728516,-148.37367248535156,55.52212142944336
700,700,-143.46487426757812,58.99932861328125,-143.46487426757812,58.99932861328125,0.0,-146.9685516357422,54.38203811645508,5.7961303153281785,-148.57275390625,54.84063720703125,6.586740363455685,-147.34173583984375,54.55699157714844,-148.57275390625,54.84063720703125
701,701,-143.43084716796875,58.954803466796875,-143.43084716796875,58.954803466796875,0.0,-147.2401580810547,54.83357620239258,5.612073039209749,-148.91676330566406,54.69428634643555,6.946026346244149,-147.5800018310547,54.54911422729492,-148.91676330566406,54.69428634643555
702,702,-143.3968048095703,58.9102783203125,-143.3968048095703,58.9102783203125,0.0,-148.21575927734375,52.16360092163086,8.290957609610318,-149.60609436035156,54.435997009277344,7.653395976670729,-148.08815002441406,53.51890563964844,-149.60609436035156,54.435997009277344
703,703,-143.36276245117188,58.865745544433594,-143.36276245117188,58.865745544433594,0.0,-143.53662109375,53.58631896972656,5.282288498872617,-147.85403442382812,54.00290298461914,6.619574132367606,-146.50917053222656,53.32872772216797,-147.85403442382812,54.00290298461914
704,704,-143.37681579589844,58.858089447021484,-143.37681579589844,58.858089447021484,0.0,-147.50511169433594,54.26168441772461,6.178168516510495,-147.9701385498047,54.1153450012207,6.602441881586468,-146.88543701171875,53.518001556396484,-147.9701385498047,54.1153450012207
705,705,-143.39083862304688,58.85044479370117,-143.39083862304688,58.85044479370117,0.0,-147.25210571289062,55.02305603027344,5.4367534692611645,-147.9777069091797,54.649417877197266,6.2199668670758435,-147.0676727294922,54.04604721069336,-147.9777069091797,54.649417877197266
706,706,-143.4036102294922,58.843482971191406,-143.4036102294922,58.843482971191406,0.0,-146.81100463867188,55.86001968383789,4.52895019256066,-148.09422302246094,55.242862701416016,5.913232170368377,-147.01490783691406,54.870506286621094,-148.09422302246094,55.242862701416016
707,707,-143.4036102294922,58.85784912109375,-143.4036102294922,58.85784912109375,0.0,-147.46417236328125,54.242977142333984,6.146967400491373,-148.4556121826172,55.065826416015625,6.316815647951651,-147.22958374023438,54.72749328613281,-148.4556121826172,55.065826416015625
708,708,-143.4036102294922,58.87351989746094,-143.4036102294922,58.87351989746094,0.0,-149.22134399414062,49.014991760253906,11.447122048289396,-149.19154357910156,53.699825286865234,7.763200910914739,-148.14230346679688,52.56980895996094,-149.19154357910156,53.699825286865234
709,709,-143.4036102294922,58.88801193237305,-143.4036102294922,58.88801193237305,0.0,-147.4630584716797,53.74855041503906,6.5492888712558806,-149.09271240234375,53.742740631103516,7.670704028758522,-148.0438690185547,52.80681610107422,-149.09271240234375,53.742740631103516
710,710,-143.41348266601562,58.905967712402344,-143.41348266601562,58.905967712402344,0.0,-147.737548828125,53.509552001953125,6.915117547394437,-148.8465118408203,54.14552688598633,7.223545035236321,-148.03533935546875,52.91517639160156,-148.8465118408203,54.14552688598633
711,711,-143.42434692382812,58.92570495605469,-143.42434692382812,58.92570495605469,0.0,-147.75538635253906,52.49477767944336,7.7533688271687655,-148.9092254638672,53.59617233276367,7.647732381673946,-148.0066375732422,52.62442398071289,-148.9092254638672,53.59617233276367
712,712,-143.4342498779297,58.94367218017578,-143.4342498779297,58.94367218017578,0.0,-147.35902404785156,55.230892181396484,5.402646351948417,-148.91961669921875,54.16403579711914,7.275587475821979,-147.80838012695312,53.64397048950195,-148.91961669921875,54.16403579711914
713,713,-143.47706604003906,58.92930603027344,-143.47706604003906,58.92930603027344,0.0,-147.49073791503906,55.33738708496094,5.386227216694528,-148.8400421142578,54.95203399658203,6.676840959812247,-147.69667053222656,54.4111213684082,-148.8400421142578,54.95203399658203
714,714,-143.51988220214844,58.91494369506836,-143.51988220214844,58.91494369506836,0.0,-147.4794464111328,54.594417572021484,5.860468812731668,-148.81851196289062,55.105655670166016,6.5258066626346825,-147.606201171875,54.639400482177734,-148.81851196289062,55.105655670166016
715,715,-143.56700134277344,58.89914321899414,-143.56700134277344,58.89914321899414,0.0,-147.13587951660156,54.97178268432617,5.3066988032951565,-149.05105590820312,55.08738327026367,6.678650191719574,-147.4002685546875,54.928009033203125,-149.05105590820312,55.08738327026367
716,716,-143.590087890625,58.906333923339844,-143.590087890625,58.906333923339844,0.0,-147.764892578125,53.456695556640625,6.864951019968904,-148.73971557617188,55.16638946533203,6.3644206216068255,-147.5103759765625,54.511199951171875,-148.73971557617188,55.16638946533203
717,717,-143.61541748046875,58.914222717285156,-143.61541748046875,58.914222717285156,0.0,-147.4442138671875,55.456787109375,5.158831529890817,-148.56857299804688,55.58549499511719,5.967761542625859,-147.46832275390625,54.96541976928711,-148.56857299804688,55.58549499511719
718,718,-143.63848876953125,58.92140579223633,-143.63848876953125,58.92140579223633,0.0,-147.49667358398438,54.03567123413086,6.2254310882655135,-148.6703643798828,55.29338073730469,6.203413411764739,-147.46240234375,54.67885971069336,-148.6703643798828,55.29338073730469
719,719,-143.6248779296875,58.93253707885742,-143.6248779296875,58.93253707885742,0.0,-147.78099060058594,54.0683479309082,6.397937839665957,-148.6858367919922,55.290767669677734,6.235045231237487,-147.578857421875,54.465179443359375,-148.6858367919922,55.290767669677734
720,720,-143.61126708984375,58.943668365478516,-143.61126708984375,58.943668365478516,0.0,-147.39505004882812,54.965702056884766,5.490102861787522,-148.9595489501953,55.21150588989258,6.521744828030097,-147.50982666015625,54.684425354003906,-148.9595489501953,55.21150588989258
721,721,-143.59764099121094,58.954803466796875,-143.59764099121094,58.954803466796875,0.0,-147.71029663085938,53.97088623046875,6.461684565877591,-149.0126953125,55.13542175292969,6.626499074076325,-147.58665466308594,54.423519134521484,-149.0126953125,55.13542175292969
722,722,-143.5772247314453,58.954803466796875,-143.5772247314453,58.954803466796875,0.0,-146.9134979248047,55.87152862548828,4.5428297973592295,-149.09632873535156,55.17509460449219,6.68929802667803,-147.32249450683594,55.109622955322266,-149.09632873535156,55.17509460449219
723,723,-143.55677795410156,58.954803466796875,-143.55677795410156,58.954803466796875,0.0,-147.0316619873047,54.99999237060547,5.264537002507313,-148.95907592773438,54.98521423339844,6.703913937233233,-147.1719970703125,55.148860931396484,-148.95907592773438,54.98521423339844
724,724,-143.53636169433594,58.954803466796875,-143.53636169433594,58.954803466796875,0.0,-146.96124267578125,55.050621032714844,5.193500766887447,-148.8431396484375,55.110050201416016,6.553168693524923,-147.04013061523438,55.1754035949707,-148.8431396484375,55.110050201416016
725,725,-143.52032470703125,58.91398620605469,-143.52032470703125,58.91398620605469,0.0,-148.48927307128906,51.597713470458984,8.844110729083022,-149.2220001220703,54.65729522705078,7.115372135678787,-147.59742736816406,53.885196685791016,-149.2220001220703,54.65729522705078
726,726,-143.5057373046875,58.87687683105469,-143.5057373046875,58.87687683105469,0.0,-147.8096923828125,53.829376220703125,6.633346947508277,-149.0325164794922,54.68332290649414,6.937664056817103,-147.7222442626953,53.707218170166016,-149.0325164794922,54.68332290649414
727,727,-143.538330078125,58.87687683105469,-143.538330078125,58.87687683105469,0.0,-147.0823516845703,56.214683532714844,4.432534523799763,-149.18356323242188,55.22080993652344,6.725732859968497,-147.51170349121094,54.734127044677734,-149.18356323242188,55.22080993652344
728,728,-143.56797790527344,58.87687683105469,-143.56797790527344,58.87687683105469,0.0,-147.58132934570312,54.0076904296875,6.309989381580462,-149.30130004882812,54.6268424987793,7.136790218809437,-147.545654296875,54.47578430175781,-149.30130004882812,54.6268424987793
729,729,-143.59764099121094,58.87687683105469,-143.59764099121094,58.87687683105469,0.0,-147.09536743164062,56.11464309692383,4.456907611119109,-149.29832458496094,54.89411544799805,6.954148522315126,-147.3719940185547,55.24000549316406,-149.29832458496094,54.89411544799805
730,730,-143.53607177734375,59.10188674926758,-143.53607177734375,59.10188674926758,0.0,-147.27874755859375,56.84587097167969,4.37003766485837,-148.92311096191406,55.2900505065918,6.599264104206816,-147.31591796875,56.07549285888672,-148.92311096191406,55.2900505065918
731,731,-143.48007202148438,59.30660629272461,-143.48007202148438,59.30660629272461,0.0,-148.0001220703125,55.57101058959961,5.863917436417151,-148.87152099609375,56.23945999145508,6.20283068277765,-147.57437133789062,56.10920715332031,-148.87152099609375,56.23945999145508
732,732,-143.4240264892578,59.51139831542969,-143.4240264892578,59.51139831542969,0.0,-151.19744873046875,44.79079055786133,16.646993304868438,-148.09202575683594,50.47007751464844,10.17524933280505,-149.31800842285156,50.42086410522461,-148.09202575683594,50.47007751464844
733,733,-143.00880432128906,60.395076751708984,-143.00880432128906,60.395076751708984,0.0,-145.06655883789062,53.773067474365234,6.934360858782936,-146.89479064941406,52.77015686035156,8.558054281902663,-147.99920654296875,51.10697555541992,-146.89479064941406,52.77015686035156
734,734,-142.5524444580078,61.36627960205078,-142.5524444580078,61.36627960205078,0.0,-144.70941162109375,54.423912048339844,7.269730022046856,-145.1875762939453,54.50267791748047,7.352070992394441,-146.72396850585938,52.085941314697266,-145.1875762939453,54.50267791748047
735,735,-142.1372528076172,62.24985885620117,-142.1372528076172,62.24985885620117,0.0,-143.32546997070312,56.92131042480469,5.459421985191283,-143.77230834960938,56.708431243896484,5.7776142660974,-145.19581604003906,53.9329833984375,-143.77230834960938,56.708431243896484
736,736,-142.2937774658203,63.466373443603516,-142.2937774658203,63.466373443603516,0.0,-144.20445251464844,53.90009307861328,9.755224198541622,-143.0376434326172,56.996341705322266,6.512652859697448,-144.43087768554688,54.06924057006836,-143.0376434326172,56.996341705322266
737,737,-142.45030212402344,64.68299865722656,-142.45030212402344,64.68299865722656,0.0,-143.6742706298828,58.18929672241211,6.608045378290664,-143.36473083496094,57.86594009399414,6.878115099496904,-143.7425079345703,55.86961364746094,-143.36473083496094,57.86594009399414
738,738,-142.60702514648438,65.90113830566406,-142.60702514648438,65.90113830566406,0.0,-142.74864196777344,57.6451416015625,8.257211206103904,-143.68826293945312,58.328792572021484,7.649149957659275,-142.94981384277344,56.98466110229492,-143.68826293945312,58.328792572021484
739,739,-143.5851593017578,66.93292999267578,-143.5851593017578,66.93292999267578,0.0,-148.324951171875,59.829811096191406,8.539316426367066,-145.21788024902344,59.58833694458008,7.523883620430056,-144.59912109375,58.600799560546875,-145.21788024902344,59.58833694458008
740,740,-144.5650634765625,67.96660614013672,-144.5650634765625,67.96660614013672,0.0,-147.93368530273438,58.59699249267578,9.956770204762575,-146.77394104003906,60.49574661254883,7.790563661981135,-145.8532257080078,59.157562255859375,-146.77394104003906,60.49574661254883
741,741,-145.45631408691406,68.9067611694336,-145.45631408691406,68.9067611694336,0.0,-147.4061279296875,58.2894172668457,10.79489534767666,-148.20938110351562,61.11052703857422,8.268049626186098,-146.5977020263672,59.31182861328125,-148.20938110351562,61.11052703857422
742,742,-146.68765258789062,69.60233306884766,-146.68765258789062,69.60233306884766,0.0,-149.4026336669922,62.39432144165039,7.702373262682772,-150.08731079101562,62.72920227050781,7.667959498403913,-147.93959045410156,61.02660369873047,-150.08731079101562,62.72920227050781
743,743,-148.03573608398438,70.36384582519531,-148.03573608398438,70.36384582519531,0.0,-153.8781280517578,62.829864501953125,9.53385643294809,-152.53517150878906,64.00314331054688,7.79124223868327,-150.68699645996094,62.324825286865234,-152.53517150878906,64.00314331054688
744,744,-149.37789916992188,71.12202453613281,-149.37789916992188,71.12202453613281,0.0,-153.48387145996094,63.75228500366211,8.436354024282654,-153.3281707763672,65.24716186523438,7.079453168614363,-152.46420288085938,63.514183044433594,-153.3281707763672,65.24716186523438
745,745,-150.61305236816406,71.59953308105469,-150.61305236816406,71.59953308105469,0.0,-153.2486572265625,63.56065368652344,8.459905134777372,-153.8983917236328,66.01477813720703,6.479424547243579,-153.5273895263672,64.16546630859375,-153.8983917236328,66.01477813720703
746,746,-151.84901428222656,72.07735443115234,-151.84901428222656,72.07735443115234,0.0,-153.9910125732422,63.02980422973633,9.297651387627782,-154.93359375,66.12567901611328,6.703511821350795,-154.4320831298828,64.24683380126953,-154.93359375,66.12567901611328
747,747,-153.20758056640625,72.60256958007812,-153.20758056640625,72.60256958007812,0.0,-157.72454833984375,63.95405960083008,9.757034525275904,-156.7634735107422,66.42977905273438,7.12374322431984,-156.4355010986328,64.57490539550781,-156.7634735107422,66.42977905273438
748,748,-155.34170532226562,73.28709411621094,-155.34170532226562,73.28709411621094,0.0,-157.90444946289062,63.42158126831055,10.192938795185393,-158.05140686035156,66.3679428100586,7.43082345523933,-157.8287353515625,64.45870971679688,-158.05140686035156,66.3679428100586
749,749,-157.4763946533203,73.9718017578125,-157.4763946533203,73.9718017578125,0.0,-163.8485870361328,64.24264526367188,11.630190103822565,-161.08651733398438,66.51510620117188,8.284642080009801,-160.99729919433594,64.63774108886719,-161.08651733398438,66.51510620117188
750,750,-159.203369140625,74.50363159179688,-159.203369140625,74.50363159179688,0.0,-164.61256408691406,67.87818908691406,8.553120971462228,-163.97952270507812,68.22428131103516,7.889352496861867,-163.5071258544922,66.34636688232422,-163.97952270507812,68.22428131103516
751,751,-160.77369689941406,74.98722839355469,-160.77369689941406,74.98722839355469,0.0,-164.35928344726562,68.18348693847656,7.690730048550832,-165.5283966064453,69.23445129394531,7.463351369313461,-165.03355407714844,67.55813598632812,-165.5283966064453,69.23445129394531
752,752,-162.5009307861328,75.5191421508789,-162.5009307861328,75.5191421508789,0.0,-169.47872924804688,67.2972412109375,10.783752892258782,-168.28465270996094,69.7509765625,8.168425401944287,-167.97402954101562,67.93061828613281,-168.28465270996094,69.7509765625
753,753,-164.32679748535156,75.98976135253906,-164.32679748535156,75.98976135253906,0.0,-169.31236267089844,67.9454116821289,9.464006648305201,-170.13218688964844,70.30847930908203,8.122777344777445,-169.76771545410156,68.355224609375,-170.13218688964844,70.30847930908203
754,754,-166.3332061767578,76.50691223144531,-166.3332061767578,76.50691223144531,0.0,-169.566650390625,67.15557861328125,9.894574367924907,-171.34600830078125,70.2165756225586,8.043414684554959,-170.88885498046875,68.19454956054688,-171.34600830078125,70.2165756225586
755,755,-168.1586456298828,76.97742462158203,-168.1586456298828,76.97742462158203,0.0,-173.544189453125,66.89310455322266,11.432304820690257,-173.5543670654297,70.06187438964844,8.771467654869213,-173.05484008789062,67.91798400878906,-173.5543670654297,70.06187438964844
756,756,-170.2132110595703,77.51460266113281,-170.2132110595703,77.51460266113281,0.0,-173.93896484375,66.27190399169922,11.843965325515486,-175.20913696289062,69.47980499267578,9.461355569077268,-174.5384979248047,67.3470687866211,-175.20913696289062,69.47980499267578
757,757,-172.0809326171875,78.00292205810547,-172.0809326171875,78.00292205810547,0.0,-177.2891845703125,66.34576416015625,12.767741329810463,-177.0345458984375,69.10321044921875,10.185438196834214,-176.74012756347656,66.95767211914062,-177.0345458984375,69.10321044921875
758,758,-173.94912719726562,78.49137115478516,-173.94912719726562,78.49137115478516,0.0,-177.0791778564453,66.4412841796875,12.449972419103963,-178.247802734375,68.91097259521484,10.500602265277905,-177.98960876464844,66.70504760742188,-178.247802734375,68.91097259521484
759,759,-175.8144989013672,78.9737319946289,-175.8144989013672,78.9737319946289,0.0,-177.20626831054688,66.79911041259766,12.25391499701175,-178.73545837402344,69.00093841552734,10.391757118614235,-178.6763153076172,66.67851257324219,-178.73545837402344,69.00093841552734
760,760,-177.6796112060547,79.45601654052734,-177.6796112060547,79.45601654052734,0.0,-182.1001434326172,72.51605224609375,8.228256776139816,-180.70826721191406,71.52469635009766,8.489911493351723,-180.87423706054688,69.3998794555664,-180.70826721191406,71.52469635009766
761,761,-179.54556274414062,79.93852996826172,-179.54556274414062,79.93852996826172,0.0,-181.96327209472656,72.66887664794922,7.661147296680911,-181.93115234375,72.79264068603516,7.533576267059681,-182.31588745117188,71.18897247314453,-181.93115234375,72.79264068603516
762,762,-181.41416931152344,80.41712951660156,-181.41416931152344,80.41712951660156,0.0,-188.1377716064453,72.33341979980469,10.514427735531541,-184.99789428710938,73.81165313720703,7.515011836276608,-185.5161895751953,72.2037124633789,-184.99789428710938,73.81165313720703
763,763,-183.28305053710938,80.89580535888672,-183.28305053710938,80.89580535888672,0.0,-188.13497924804688,72.22080993652344,9.939655818691286,-187.09225463867188,74.40657806396484,7.524633331433476,-187.7490997314453,72.73509979248047,-187.09225463867188,74.40657806396484
764,764,-185.15220642089844,81.37454986572266,-185.15220642089844,81.37454986572266,0.0,-188.54042053222656,72.2122573852539,9.768705050407512,-188.8673553466797,74.36885070800781,7.929826746476877,-189.30162048339844,72.9775390625,-188.8673553466797,74.36885070800781
765,765,-186.9937744140625,81.84137725830078,-186.9937744140625,81.84137725830078,0.0,-193.5758514404297,71.410400390625,12.334059201861242,-191.7196502685547,74.154052734375,9.023794153692947,-192.26031494140625,72.66802215576172,-191.7196502685547,74.154052734375
766,766,-189.0194091796875,82.35486602783203,-189.0194091796875,82.35486602783203,0.0,-193.4353485107422,71.70448303222656,11.52957840203352,-193.7587890625,73.9880142211914,9.615920695798886,-194.00567626953125,72.49064636230469,-193.7587890625,73.9880142211914
767,767,-190.86099243164062,82.82170104980469,-190.86099243164062,82.82170104980469,0.0,-199.59658813476562,70.55339050292969,15.060613399294875,-197.17311096191406,73.01040649414062,11.666376523935124,-197.45986938476562,71.73851776123047,-197.17311096191406,73.01040649414062
768,768,-192.71914672851562,83.32991790771484,-192.71914672851562,83.32991790771484,0.0,-200.3657989501953,70.16816711425781,15.221792737663513,-199.43544006347656,71.76028442382812,13.37778064974581,-200.05987548828125,70.99636840820312,-199.43544006347656,71.76028442382812
769,769,-194.578125,83.83836364746094,-194.578125,83.83836364746094,0.0,-200.08865356445312,70.4892807006836,14.441742989666984,-200.97775268554688,71.4001235961914,13.9880323879602,-201.533203125,70.66388702392578,-200.97775268554688,71.4001235961914
770,770,-196.43699645996094,84.3467788696289,-196.43699645996094,84.3467788696289,0.0,-202.3824920654297,76.2589340209961,10.038035280382537,-202.38475036621094,73.70951080322266,12.187175572949554,-203.22085571289062,73.2439956665039,-202.38475036621094,73.70951080322266
771,771,-198.3873291015625,84.86249542236328,-198.3873291015625,84.86249542236328,0.0,-202.74746704101562,75.92648315429688,9.942993417783795,-203.60873413085938,74.77928161621094,11.354922771227814,-204.29855346679688,74.78140258789062,-203.60873413085938,74.77928161621094
772,772,-200.33766174316406,85.37820434570312,-200.33766174316406,85.37820434570312,0.0,-211.92910766601562,75.64543914794922,15.135664404875055,-208.1114959716797,75.93489837646484,12.2314564235455,-208.43624877929688,75.60679626464844,-208.1114959716797,75.93489837646484
773,773,-202.2887420654297,85.89411926269531,-202.2887420654297,85.89411926269531,0.0,-211.27784729003906,75.71609497070312,13.579255915825529,-210.86891174316406,76.64510345458984,12.616005909847113,-211.00013732910156,76.10427856445312,-210.86891174316406,76.64510345458984
774,774,-204.21278381347656,86.35020446777344,-204.21278381347656,86.35020446777344,0.0,-213.22055053710938,76.39340209960938,13.426755927850335,-213.04287719726562,77.35535430908203,12.60467685201593,-213.34332275390625,76.64116668701172,-213.04287719726562,77.35535430908203
775,775,-206.328125,86.85163116455078,-206.328125,86.85163116455078,0.0,-218.9814453125,80.24783325195312,14.272934589675462,-217.40098571777344,81.29679107666016,12.388078659632688,-217.61753845214844,78.30255126953125,-217.40098571777344,81.29679107666016
776,776,-208.25283813476562,87.30787658691406,-208.25283813476562,87.30787658691406,0.0,-218.3598175048828,78.70603942871094,13.27187381209671,-219.87319946289062,82.17180633544922,12.704802832951213,-219.51104736328125,79.0394515991211,-219.87319946289062,82.17180633544922
777,777,-210.1998748779297,87.79022216796875,-210.1998748779297,87.79022216796875,0.0,-222.01596069335938,80.69490051269531,13.782723728980091,-224.2492218017578,84.92171478271484,14.339193966375342,-222.05953979492188,80.24104309082031,-224.2492218017578,84.92171478271484
778,778,-212.1474609375,88.27271270751953,-212.1474609375,88.27271270751953,0.0,-222.25552368164062,79.99252319335938,13.06654012468073,-227.13748168945312,86.64044952392578,15.07862743237928,-223.48399353027344,80.699951171875,-227.13748168945312,86.64044952392578
779,779,-214.09437561035156,88.7550277709961,-214.09437561035156,88.7550277709961,0.0,-222.44044494628906,80.82452392578125,11.513025866349977,-229.13357543945312,87.91226196289062,15.062794750874094,-224.02098083496094,81.24971008300781,-229.13357543945312,87.91226196289062
780,780,-215.94342041015625,89.19693756103516,-215.94342041015625,89.19693756103516,0.0,-226.6841278076172,85.4271469116211,11.383062722232616,-232.9987030029297,90.61072540283203,17.113779839093798,-226.20571899414062,83.58618927001953,-232.9987030029297,90.61072540283203
781,781,-217.97567749023438,89.68262481689453,-217.97567749023438,89.68262481689453,0.0,-226.92054748535156,85.2822265625,9.968661094992958,-235.08441162109375,92.27760314941406,17.304412619522175,-227.51527404785156,84.97344207763672,-235.08441162109375,92.27760314941406
782,782,-219.82357788085938,90.12425994873047,-219.82357788085938,90.12425994873047,0.0,-231.44822692871094,85.27682495117188,12.594843847435033,-238.01275634765625,92.8293228149414,18.38922451891706,-230.17184448242188,85.77406311035156,-238.01275634765625,92.8293228149414
783,783,-221.82676696777344,90.63362121582031,-221.82676696777344,90.63362121582031,0.0,-231.48208618164062,85.04673767089844,11.155198647545085,-239.6968994140625,93.00413513183594,18.026673843888585,-231.85888671875,86.07327270507812,-239.6968994140625,93.00413513183594
784,784,-223.64881896972656,91.096923828125,-223.64881896972656,91.096923828125,0.0,-232.28952026367188,84.01769256591797,11.170373051738135,-241.07977294921875,92.3571548461914,17.476450979935006,-233.09776306152344,85.64115905761719,-241.07977294921875,92.3571548461914
785,785,-225.4710693359375,91.5602798461914,-225.4710693359375,91.5602798461914,0.0,-232.15771484375,84.44615173339844,9.763301027438432,-242.01075744628906,91.8683090209961,16.54255617370652,-233.56304931640625,85.40782165527344,-242.01075744628906,91.8683090209961
786,786,-227.31642150878906,92.19490051269531,-227.31642150878906,92.19490051269531,0.0,-232.29562377929688,84.3160400390625,9.320348577902204,-241.95323181152344,92.27391815185547,14.637023591752852,-233.66207885742188,85.1221923828125,-241.95323181152344,92.27391815185547
787,787,-229.160400390625,92.82905578613281,-229.160400390625,92.82905578613281,0.0,-234.62838745117188,84.435546875,10.017478441981993,-242.42965698242188,91.78506469726562,13.310262502767513,-234.66152954101562,84.90864562988281,-242.42965698242188,91.78506469726562
788,788,-231.00624084472656,93.4638442993164,-231.00624084472656,93.4638442993164,0.0,-234.86082458496094,84.10743713378906,10.119296954710373,-242.64076232910156,91.01397705078125,11.889656837176954,-235.34275817871094,84.58756256103516,-242.64076232910156,91.01397705078125
789,789,-233.90895080566406,94.50687408447266,-233.90895080566406,94.50687408447266,0.0,-237.76666259765625,87.19642639160156,8.265868722661876,-243.32969665527344,91.65792083740234,9.842102771609568,-236.81228637695312,85.91966247558594,-243.32969665527344,91.65792083740234
790,790,-236.55160522460938,95.45646667480469,-236.55160522460938,95.45646667480469,0.0,-238.20809936523438,86.87045288085938,8.744347071551092,-243.55653381347656,92.25399017333984,7.702264620068785,-238.00668334960938,86.56663513183594,-243.55653381347656,92.25399017333984
791,791,-238.54660034179688,96.2207260131836,-238.54660034179688,96.2207260131836,0.0,-240.65887451171875,86.7963638305664,9.658172949272764,-244.90187072753906,92.38545989990234,7.422851732021536,-239.74501037597656,86.89812469482422,-244.90187072753906,92.38545989990234
792,792,-240.36712646484375,96.91815948486328,-240.36712646484375,96.91815948486328,0.0,-241.7772979736328,86.55801391601562,10.455677878163335,-246.11093139648438,92.45677185058594,7.272913770698918,-241.32183837890625,86.9394760131836,-246.11093139648438,92.45677185058594
793,793,-242.18890380859375,97.61605834960938,-242.18890380859375,97.61605834960938,0.0,-242.43545532226562,86.61172485351562,11.007095136417455,-247.14158630371094,92.9740219116211,6.788045829916821,-242.56573486328125,86.9291763305664,-247.14158630371094,92.9740219116211
794,794,-244.05494689941406,98.58720397949219,-244.05494689941406,98.58720397949219,0.0,-245.54330444335938,86.4337158203125,12.24428367091925,-249.4975128173828,92.68016815185547,8.032097860485692,-244.55172729492188,86.80488586425781,-249.4975128173828,92.68016815185547
795,795,-245.75389099121094,99.47138977050781,-245.75389099121094,99.47138977050781,0.0,-244.61233520507812,89.28842163085938,10.246755083730092,-250.85415649414062,93.58987426757812,7.7849170073660305,-245.45361328125,87.98108673095703,-250.85415649414062,93.58987426757812
796,796,-247.62193298339844,100.44357299804688,-247.62193298339844,100.44357299804688,0.0,-248.77134704589844,89.06216430664062,11.439301398594692,-252.54518127441406,95.63856506347656,6.879424030125773,-247.75466918945312,88.68380737304688,-252.54518127441406,95.63856506347656
797,797,-249.2537841796875,101.4964599609375,-249.2537841796875,101.4964599609375,0.0,-249.45321655273438,89.2732162475586,12.22487055751823,-253.99111938476562,96.67677307128906,6.758086013030733,-249.3842315673828,89.22350311279297,-253.99111938476562,96.67677307128906
798,798,-251.04574584960938,102.65266418457031,-251.04574584960938,102.65266418457031,0.0,-248.68084716796875,89.04803466796875,13.80864548239298,-254.56185913085938,96.74384307861328,6.875843182387591,-249.9635467529297,89.40982818603516,-254.56185913085938,96.74384307861328
799,799,-252.67710876464844,103.70523834228516,-252.67710876464844,103.70523834228516,0.0,-252.2931365966797,94.27256774902344,9.440482463664608,-258.10064697265625,97.38661193847656,8.32705267934746,-251.68125915527344,91.21491241455078,-258.10064697265625,97.38661193847656
800,800,-254.19894409179688,104.81472778320312,-254.19894409179688,104.81472778320312,0.0,-252.04812622070312,94.35481262207031,10.67875660799104,-259.7515869140625,98.1313705444336,8.689022171261335,-252.68238830566406,92.87503814697266,-259.7515869140625,98.1313705444336
801,801,-255.72320556640625,105.92599487304688,-255.72320556640625,105.92599487304688,0.0,-252.02130126953125,94.29708862304688,12.203915600925411,-260.16156005859375,99.13555145263672,8.112281580672144,-253.17991638183594,94.05374145507812,-260.16156005859375,99.13555145263672
802,802,-257.395263671875,107.14501190185547,-257.395263671875,107.14501190185547,0.0,-255.18321228027344,95.14178466796875,12.205352735066947,-261.38885498046875,100.19441223144531,8.016209036594624,-254.64248657226562,95.12803649902344,-261.38885498046875,100.19441223144531
803,803,-258.9176940917969,108.22977447509766,-258.9176940917969,108.22977447509766,0.0,-255.1834716796875,94.90096282958984,13.842024306600702,-262.15924072265625,100.65415954589844,8.239997943903981,-255.57794189453125,95.69051361083984,-262.15924072265625,100.65415954589844
804,804,-260.4407653808594,109.31502532958984,-260.4407653808594,109.31502532958984,0.0,-258.1434020996094,103.85880279541016,5.920155605094006,-263.6044921875,104.5225601196289,5.742550835277161,-257.3035583496094,99.772705078125,-263.6044921875,104.5225601196289
805,805,-262.1134338378906,110.5068588256836,-262.1134338378906,110.5068588256836,0.0,-261.38702392578125,105.64378356933594,4.91702880907887,-266.26251220703125,108.0071029663086,4.843927194926682,-260.042724609375,103.1870346069336,-266.26251220703125,108.0071029663086
806,806,-263.7135925292969,111.65731048583984,-263.7135925292969,111.65731048583984,0.0,-261.4350280761719,108.36011505126953,4.007911388840345,-267.6866455078125,111.44234466552734,3.9788641939622047,-261.56072998046875,106.49524688720703,-267.6866455078125,111.44234466552734
807,807,-265.31304931640625,112.80723571777344,-265.31304931640625,112.80723571777344,0.0,-261.842041015625,109.08251953125,5.091307228427886,-268.21710205078125,113.48941802978516,2.983101572332489,-262.58673095703125,108.96160888671875,-268.21710205078125,113.48941802978516
808,808,-266.9132995605469,113.957763671875,-266.9132995605469,113.957763671875,0.0,-263.91400146484375,111.82177734375,3.682149733623731,-269.427001953125,115.80673217773438,3.1204782092033327,-263.98394775390625,111.56122589111328,-269.427001953125,115.80673217773438
809,809,-268.5203552246094,115.14909362792969,-268.5203552246094,115.14909362792969,0.0,-263.2776184082031,111.79912567138672,6.22162154393581,-270.26959228515625,117.52880096435547,2.9534449886580516,-264.4070739746094,113.08893585205078,-270.26959228515625,117.52880096435547
810,810,-270.1268615722656,116.34001922607422,-270.1268615722656,116.34001922607422,0.0,-263.7718505859375,112.63224029541016,7.357566801261645,-270.9181213378906,118.70478057861328,2.4936295376738116,-264.7554931640625,114.1932601928711,-270.9181213378906,118.70478057861328
811,811,-271.73358154296875,117.53112030029297,-271.73358154296875,117.53112030029297,0.0,-268.33551025390625,112.2974624633789,6.2400370863836105,-273.3681640625,119.03670501708984,2.222306313857173,-266.9471130371094,114.59729766845703,-273.3681640625,119.03670501708984
812,812,-273.207763671875,118.68585968017578,-273.207763671875,118.68585968017578,0.0,-267.454833984375,117.6037826538086,5.8538099286114935,-273.6406555175781,120.27587890625,1.6478945625742916,-267.88983154296875,116.77550506591797,-273.6406555175781,120.27587890625
813,813,-274.8296813964844,119.9563217163086,-274.8296813964844,119.9563217163086,0.0,-267.88037109375,117.32141876220703,7.432067495739209,-274.2615051269531,121.60128784179688,1.7403269311432192,-268.5600280761719,117.99127197265625,-274.2615051269531,121.60128784179688
814,814,-276.4517517089844,121.2269287109375,-276.4517517089844,121.2269287109375,0.0,-271.6508483886719,116.9364013671875,6.438734159635263,-276.08197021484375,121.42571258544922,0.41982541868586737,-270.4632873535156,118.3439712524414,-276.08197021484375,121.42571258544922
815,815,-278.048095703125,122.50807189941406,-278.048095703125,122.50807189941406,0.0,-272.21490478515625,117.51646423339844,7.677386493911783,-275.22235107421875,121.10513305664062,3.1548486658404062,-271.91253662109375,118.71810150146484,-275.22235107421875,121.10513305664062
816,816,-279.5004577636719,123.67367553710938,-279.5004577636719,123.67367553710938,0.0,-275.4820556640625,121.38982391357422,4.622070279914532,-275.1732177734375,122.40167999267578,4.510319123758596,-273.9711608886719,120.43434143066406,-275.1732177734375,122.40167999267578
817,817,-281.09844970703125,124.95613098144531,-281.09844970703125,124.95613098144531,0.0,-285.94683837890625,123.63453674316406,5.025284473960059,-280.4404296875,123.78970336914062,1.3392325118704074,-279.64984130859375,122.47356414794922,-280.4404296875,123.78970336914062
818,818,-283.39080810546875,126.81491088867188,-283.39080810546875,126.81491088867188,0.0,-287.52227783203125,124.92153930664062,4.544655987986983,-284.963623046875,125.21898651123047,2.2406966457828434,-284.3662109375,124.33644104003906,-284.963623046875,125.21898651123047
819,819,-285.683837890625,128.6741943359375,-285.683837890625,128.6741943359375,0.0,-292.1700134277344,129.89218139648438,6.59954283097365,-291.1404724121094,129.06163024902344,5.4703717321406735,-289.5674133300781,127.31444549560547,-291.1404724121094,129.06163024902344
820,820,-287.1240234375,129.89248657226562,-287.1240234375,129.89248657226562,0.0,-293.0902099609375,132.27845764160156,6.42559254669601,-295.4980773925781,132.4160614013672,8.746039650072172,-293.1169738769531,130.46278381347656,-295.4980773925781,132.4160614013672
821,821,-288.7078857421875,131.23231506347656,-288.7078857421875,131.23231506347656,0.0,-293.762451171875,133.50762939453125,5.543075589245994,-298.5276184082031,135.41030883789062,10.671587586252432,-295.3567810058594,133.0440216064453,-298.5276184082031,135.41030883789062
822,822,-290.2896728515625,132.5703887939453,-290.2896728515625,132.5703887939453,0.0,-297.18255615234375,138.64556884765625,9.18801680903971,-299.4985046386719,138.50343322753906,10.954615426123997,-298.028564453125,136.7407989501953,-299.4985046386719,138.50343322753906
823,823,-291.78533935546875,133.79493713378906,-291.78533935546875,133.79493713378906,0.0,-297.23065185546875,138.88296508789062,7.452479901641814,-300.80462646484375,140.8614959716797,11.457914023534482,-299.4803466796875,139.1671600341797,-300.80462646484375,140.8614959716797
824,824,-293.2826843261719,135.02084350585938,-293.2826843261719,135.02084350585938,0.0,-297.50592041015625,138.8463134765625,5.6982403878582595,-301.19732666015625,142.3680419921875,10.799207789111197,-300.18670654296875,140.45657348632812,-301.19732666015625,142.3680419921875
825,825,-294.9261169433594,136.3663787841797,-294.9261169433594,136.3663787841797,0.0,-300.9371337890625,138.9816436767578,6.555298160852671,-301.50836181640625,142.86155700683594,9.247339493758185,-301.80194091796875,140.988037109375,-301.50836181640625,142.86155700683594
826,826,-296.44732666015625,137.60165405273438,-296.44732666015625,137.60165405273438,0.0,-300.729736328125,143.65774536132812,7.417228222344043,-302.34368896484375,145.09173583984375,9.532492518000067,-302.5152893066406,143.1629638671875,-302.34368896484375,145.09173583984375
827,827,-297.9695129394531,138.8377227783203,-297.9695129394531,138.8377227783203,0.0,-300.4987487792969,143.8599090576172,5.623112034941853,-302.7893371582031,146.56365966796875,9.10608622419531,-302.6370849609375,144.5655975341797,-302.7893371582031,146.56365966796875
828,828,-299.4911193847656,140.0733184814453,-299.4911193847656,140.0733184814453,0.0,-303.9410705566406,143.62490844726562,5.693492488568613,-304.0352478027344,146.302734375,7.7106890388513865,-303.94622802734375,145.1790771484375,-304.0352478027344,146.302734375
829,829,-301.0998840332031,141.42408752441406,-301.0998840332031,141.42408752441406,0.0,-303.8089904785156,143.6660919189453,3.516509837485339,-304.92913818359375,145.94581604003906,5.9253030401237785,-304.697509765625,145.37066650390625,-304.92913818359375,145.94581604003906
830,830,-302.5628662109375,142.65243530273438,-302.5628662109375,142.65243530273438,0.0,-303.4435729980469,146.41796875,3.8671548439824153,-305.20050048828125,146.76930236816406,4.889346481426565,-304.9052429199219,146.48086547851562,-305.20050048828125,146.76930236816406
831,831,-304.02545166015625,143.8804473876953,-304.02545166015625,143.8804473876953,0.0,-308.4216613769531,146.11502075195312,4.9315289712532095,-307.082275390625,147.39935302734375,4.661208879669143,-306.92376708984375,146.98876953125,-307.082275390625,147.39935302734375
832,832,-305.5746765136719,145.14605712890625,-305.5746765136719,145.14605712890625,0.0,-308.3919677734375,146.07235717773438,2.965663808123026,-308.3170471191406,147.7225799560547,3.7628534939000766,-308.2337341308594,147.16766357421875,-308.3170471191406,147.7225799560547
833,833,-307.1240539550781,146.41177368164062,-307.1240539550781,146.41177368164062,0.0,-308.4709777832031,146.23101806640625,1.3589983043439244,-309.1749267578125,147.8124237060547,2.483525668054724,-309.0528259277344,147.22305297851562,-309.1749267578125,147.8124237060547
834,834,-308.672119140625,147.6764373779297,-308.672119140625,147.6764373779297,0.0,-312.1618347167969,148.5712890625,3.6026204823648755,-311.2265625,148.5780792236328,2.708899941706591,-310.92462158203125,148.13723754882812,-311.2265625,148.5780792236328
835,835,-310.2829284667969,148.9464569091797,-310.2829284667969,148.9464569091797,0.0,-312.0389709472656,148.58554077148438,1.7927480725578098,-312.536376953125,149.08041381835938,2.257426529048397,-312.1571350097656,148.7169647216797,-312.536376953125,149.08041381835938
836,836,-311.89483642578125,150.2173309326172,-311.89483642578125,150.2173309326172,0.0,-311.77734375,148.6010284423828,1.6205672675949245,-313.2711486816406,149.29861450195312,1.654773490723379,-312.79327392578125,149.0442657470703,-313.2711486816406,149.29861450195312
837,837,-313.3596496582031,151.3722381591797,-313.3596496582031,151.3722381591797,0.0,-318.66070556640625,148.34304809570312,6.105504580504416,-316.33251953125,149.2648162841797,3.644061229081951,-315.7833557128906,149.08670043945312,-316.33251953125,149.2648162841797
838,838,-314.9186706542969,152.59669494628906,-314.9186706542969,152.59669494628906,0.0,-318.52008056640625,150.70669555664062,4.067216621709633,-318.36376953125,150.24652099609375,4.170374547706755,-317.8089599609375,150.0157928466797,-318.36376953125,150.24652099609375
839,839,-316.47821044921875,153.82154846191406,-316.47821044921875,153.82154846191406,0.0,-318.5201721191406,150.76087951660156,3.679307251947092,-319.563232421875,151.00038146972656,4.180471716155981,-319.1086120605469,150.6537628173828,-319.563232421875,151.00038146972656
840,840,-318.0369567871094,155.04579162597656,-318.0369567871094,155.04579162597656,0.0,-323.6990661621094,150.9443359375,6.991524965198912,-322.2696838378906,151.6284942626953,5.440027532605356,-322.00439453125,151.1129150390625,-322.2696838378906,151.6284942626953
841,841,-319.66668701171875,156.27857971191406,-319.66668701171875,156.27857971191406,0.0,-323.54449462890625,154.70425415039062,4.185199265218262,-323.889404296875,153.970703125,4.812238108280124,-323.749755859375,152.75296020507812,-323.889404296875,153.970703125
842,842,-321.2928466796875,157.50868225097656,-321.2928466796875,157.50868225097656,0.0,-323.3497314453125,154.7523956298828,3.4391700854538456,-324.516357421875,155.44017028808594,3.8301126935926875,-324.68017578125,154.0204620361328,-324.516357421875,155.44017028808594
843,843,-322.7755432128906,158.63027954101562,-322.7755432128906,158.63027954101562,0.0,-327.30206298828125,154.5008544921875,6.1271145338480135,-326.4051818847656,156.14552307128906,4.398669299028801,-326.712890625,154.77395629882812,-326.4051818847656,156.14552307128906
844,844,-324.4669494628906,159.92913818359375,-324.4669494628906,159.92913818359375,0.0,-327.44256591796875,154.624267578125,6.082429237442725,-327.6972351074219,156.63531494140625,4.613460403649222,-328.04107666015625,155.25088500976562,-327.6972351074219,156.63531494140625
845,845,-326.00640869140625,161.111328125,-326.00640869140625,161.111328125,0.0,-327.24847412109375,159.2360076904297,2.249345074447622,-328.4063720703125,158.736083984375,3.376626859406366,-328.6787109375,157.2350311279297,-328.4063720703125,158.736083984375
846,846,-327.5447692871094,162.2926788330078,-327.5447692871094,162.2926788330078,0.0,-330.5071716308594,159.324462890625,4.193582421614124,-330.3052978515625,160.30613708496094,3.4010095665691336,-330.2600402832031,158.69386291503906,-330.3052978515625,160.30613708496094
847,847,-329.7925720214844,164.03598022460938,-329.7925720214844,164.03598022460938,0.0,-330.48114013671875,159.02798461914062,5.055110882434898,-331.3550720214844,161.228759765625,3.2127702929622037,-331.18536376953125,159.5380401611328,-331.3550720214844,161.228759765625
848,848,-332.25274658203125,165.9439697265625,-332.25274658203125,165.9439697265625,0.0,-334.0054016113281,166.63946533203125,1.8856070080867786,-333.7021789550781,164.7971954345703,1.8482276593565194,-333.1606750488281,162.9869842529297,-333.7021789550781,164.7971954345703
849,849,-333.7705078125,167.15240478515625,-333.7705078125,167.15240478515625,0.0,-333.82208251953125,166.65853881835938,0.4965516524648481,-334.9131774902344,167.2764892578125,1.1493872057613832,-334.28594970703125,165.41490173339844,-334.9131774902344,167.2764892578125
850,850,-335.2862854003906,168.35928344726562,-335.2862854003906,168.35928344726562,0.0,-333.870849609375,166.36944580078125,2.441907520332108,-335.51629638671875,168.8191680908203,0.5141973737866218,-334.90423583984375,166.89306640625,-335.51629638671875,168.8191680908203
851,851,-336.9504699707031,169.68429565429688,-336.9504699707031,169.68429565429688,0.0,-337.048583984375,166.56524658203125,3.120591846890564,-336.2582092285156,169.5530548095703,0.7045914379968934,-336.4508056640625,167.8175811767578,-336.2582092285156,169.5530548095703
852,852,-338.47467041015625,170.87103271484375,-338.47467041015625,170.87103271484375,0.0,-337.0765075683594,171.61636352539062,1.5844170376930358,-336.9788513183594,171.86708068847656,1.797104983344618,-337.4820861816406,170.30816650390625,-336.9788513183594,171.86708068847656
853,853,-340.1466979980469,172.17286682128906,-340.1466979980469,172.17286682128906,0.0,-337.23858642578125,171.5997772216797,2.9640419372751254,-337.30975341796875,173.46951293945312,3.119221971291011,-338.131103515625,171.8805694580078,-337.30975341796875,173.46951293945312
854,854,-341.66864013671875,173.35784912109375,-341.66864013671875,173.35784912109375,0.0,-343.3111877441406,171.44920349121094,2.518112543775215,-339.7912292480469,174.26934814453125,2.0869839756527204,-340.6297302246094,172.74737548828125,-339.7912292480469,174.26934814453125
855,855,-343.20819091796875,174.47422790527344,-343.20819091796875,174.47422790527344,0.0,-342.57281494140625,171.26998901367188,3.2666266248294678,-341.6617431640625,174.2855987548828,1.5579093721840094,-342.2408142089844,173.0724334716797,-341.6617431640625,174.2855987548828
856,856,-344.8912658691406,175.6946563720703,-344.8912658691406,175.6946563720703,0.0,-343.7383728027344,175.627197265625,1.1548649936724231,-343.5229187011719,175.5494384765625,1.3760313256840544,-343.7193603515625,174.89859008789062,-343.5229187011719,175.5494384765625
857,857,-346.4276428222656,176.80874633789062,-346.4276428222656,176.80874633789062,0.0,-351.46124267578125,176.24180603027344,5.0654268129856135,-347.646240234375,176.84469604492188,1.219127570943787,-347.75048828125,176.2621307373047,-347.646240234375,176.84469604492188
858,858,-348.1031188964844,177.86666870117188,-348.1031188964844,177.86666870117188,0.0,-351.6819763183594,176.19204711914062,3.95127547623734,-350.5419616699219,177.7205352783203,2.4432169471462477,-350.5513000488281,177.0360107421875,-350.5419616699219,177.7205352783203
859,859,-349.77764892578125,178.9239959716797,-349.77764892578125,178.9239959716797,0.0,-351.963623046875,175.88356018066406,3.7446939337388314,-352.33746337890625,178.22702026367188,2.653003047864935,-352.4503479003906,177.2833251953125,-352.33746337890625,178.22702026367188
860,860,-351.4521789550781,179.98135375976562,-351.4521789550781,179.98135375976562,0.0,-356.7872619628906,176.11276245117188,6.590076586290691,-355.0092468261719,178.828125,3.739340638657835,-355.5567932128906,177.4031982421875,-355.0092468261719,178.828125
861,861,-353.1844177246094,180.97923278808594,-353.1844177246094,180.97923278808594,0.0,-356.1982116699219,179.7447509765625,3.256823496566013,-356.593994140625,180.4054718017578,3.457515438299904,-357.2100524902344,178.80401611328125,-356.593994140625,180.4054718017578
862,862,-354.9168395996094,181.9772186279297,-354.9168395996094,181.9772186279297,0.0,-356.50750732421875,179.78466796875,2.7087824207904276,-357.7399597167969,181.3731689453125,2.8870197808706974,-358.20977783203125,179.75381469726562,-357.7399597167969,181.3731689453125
863,863,-356.65032958984375,182.97584533691406,-356.65032958984375,182.97584533691406,0.0,-360.7107238769531,179.84100341796875,5.129720813413453,-359.796875,181.8799285888672,3.3319336033037934,-360.36083984375,180.3450469970703,-359.796875,181.8799285888672
864,864,-358.3006896972656,183.98841857910156,-358.3006896972656,183.98841857910156,0.0,-360.86138916015625,179.6102752685547,5.072013464782471,-361.1047058105469,182.1098175048828,3.3751516054240778,-361.7350158691406,180.54873657226562,-361.1047058105469,182.1098175048828
865,865,-359.9513244628906,185.0011749267578,-359.9513244628906,185.0011749267578,0.0,-360.60302734375,180.337158203125,4.709327833486109,-361.7854309082031,182.4891815185547,3.1103146682599183,-362.3730773925781,180.87344360351562,-361.7854309082031,182.4891815185547
866,866,-361.76678466796875,186.11505126953125,-361.76678466796875,186.11505126953125,0.0,-365.0101318359375,184.47518920898438,3.6343429157953646,-363.541015625,184.3799285888672,2.4816418367368946,-364.35009765625,182.6342010498047,-363.541015625,184.3799285888672
867,867,-363.35491943359375,187.07640075683594,-363.35491943359375,187.07640075683594,0.0,-364.98956298828125,184.94863891601562,2.683175358065967,-364.6763610839844,185.85694885253906,1.7981298569014346,-365.5953369140625,184.06809997558594,-364.6763610839844,185.85694885253906
868,868,-365.09765625,188.13133239746094,-365.09765625,188.13133239746094,0.0,-369.0910339355469,185.22996520996094,4.9360912568676625,-367.12103271484375,186.89535522460938,2.3710107317964066,-367.9438781738281,185.14268493652344,-367.12103271484375,186.89535522460938
869,869,-366.8424072265625,189.18746948242188,-366.8424072265625,189.18746948242188,0.0,-369.2083740234375,185.19256591796875,4.642957395151848,-368.82720947265625,187.4998779296875,2.6052649011106745,-369.4896240234375,185.77940368652344,-368.82720947265625,187.4998779296875
870,870,-368.55572509765625,190.2322540283203,-368.55572509765625,190.2322540283203,0.0,-369.4203186035156,189.361083984375,1.2273789862311815,-370.0377502441406,189.3660125732422,1.7166166704619585,-370.45318603515625,187.85775756835938,-370.0377502441406,189.3660125732422
871,871,-370.2688903808594,191.27691650390625,-370.2688903808594,191.27691650390625,0.0,-373.1240234375,189.40074157714844,3.416404122307067,-372.1772766113281,190.65330505371094,2.007692517657379,-372.4645690917969,189.20504760742188,-372.1772766113281,190.65330505371094
872,872,-371.8260803222656,192.22650146484375,-371.8260803222656,192.22650146484375,0.0,-373.19976806640625,189.29122924804688,3.2408086961593088,-373.5848693847656,191.36770629882812,1.9572603566059967,-373.7248229980469,189.96951293945312,-373.5848693847656,191.36770629882812
873,873,-373.537841796875,193.2503204345703,-373.537841796875,193.2503204345703,0.0,-373.1836242675781,189.24359130859375,4.0223560691477935,-374.3196716308594,191.72662353515625,1.7125741241161105,-374.3984375,190.32028198242188,-374.3196716308594,191.72662353515625
874,874,-375.2490539550781,194.27381896972656,-375.2490539550781,194.27381896972656,0.0,-376.6812744140625,189.324462890625,5.152415068768529,-375.995361328125,191.81924438476562,2.565523550505878,-376.1083679199219,190.4606475830078,-375.995361328125,191.81924438476562
875,875,-376.96295166015625,195.29891967773438,-376.96295166015625,195.29891967773438,0.0,-376.31805419921875,193.1348419189453,2.2581242838269833,-376.6731262207031,193.559814453125,1.763089835379304,-377.04498291015625,191.93173217773438,-376.6731262207031,193.559814453125
876,876,-379.53057861328125,196.84576416015625,-379.53057861328125,196.84576416015625,0.0,-381.01043701171875,193.22576904296875,3.9107985793041484,-378.9991455078125,194.34310913085938,2.558457218960892,-379.2991943359375,192.9996337890625,-378.9991455078125,194.34310913085938
877,877,-382.0998229980469,198.3936004638672,-382.0998229980469,198.3936004638672,0.0,-381.00384521484375,193.10494995117188,5.401017639918169,-380.80426025390625,194.73532104492188,3.88091369796908,-380.8985595703125,193.61764526367188,-380.80426025390625,194.73532104492188
878,878,-383.7599182128906,199.38453674316406,-383.7599182128906,199.38453674316406,0.0,-380.9703369140625,192.9368438720703,7.025276306503878,-381.906982421875,194.88829040527344,4.863085664125356,-381.882080078125,193.87051391601562,-381.906982421875,194.88829040527344
879,879,-385.42144775390625,200.3763427734375,-385.42144775390625,200.3763427734375,0.0,-390.5653991699219,199.39205932617188,5.2372750619850255,-386.1572265625,197.46202087402344,3.005768219370886,-386.01226806640625,196.43927001953125,-386.1572265625,197.46202087402344
880,880,-387.2469177246094,201.4660186767578,-387.2469177246094,201.4660186767578,0.0,-389.73553466796875,199.5966796875,3.112497798799989,-388.919677734375,199.48081970214844,2.595985558330633,-388.6985168457031,198.3794708251953,-388.919677734375,199.48081970214844
881,881,-388.8319396972656,202.5543670654297,-388.8319396972656,202.5543670654297,0.0,-396.2945556640625,199.4314422607422,8.089703109733021,-393.35076904296875,200.89041137695312,4.81545088115342,-393.2110290527344,199.6094207763672,-393.35076904296875,200.89041137695312
882,882,-390.573974609375,203.75054931640625,-390.573974609375,203.75054931640625,0.0,-396.7696533203125,199.262939453125,7.650168427831071,-396.5061950683594,201.5018768310547,6.344112823742178,-396.27783203125,200.26869201660156,-396.5061950683594,201.5018768310547
883,883,-392.15911865234375,204.8389892578125,-392.15911865234375,204.8389892578125,0.0,-396.87451171875,205.58518981933594,4.774070281084059,-398.4685363769531,204.29391479492188,6.332918615749807,-398.1413269042969,203.05819702148438,-398.4685363769531,204.29391479492188
884,884,-393.6463928222656,206.11888122558594,-393.6463928222656,206.11888122558594,0.0,-399.6103820800781,205.5803985595703,5.988249447785403,-401.251708984375,206.42855834960938,7.611618346106529,-400.20623779296875,204.98651123046875,-401.251708984375,206.42855834960938
885,885,-395.1337890625,207.39883422851562,-395.1337890625,207.39883422851562,0.0,-399.59381103515625,205.49774169921875,4.848293390619522,-402.57562255859375,207.63673400878906,7.4456351031350625,-401.3187561035156,206.1790771484375,-402.57562255859375,207.63673400878906
886,886,-396.6219787597656,208.6795196533203,-396.6219787597656,208.6795196533203,0.0,-399.57568359375,205.47845458984375,4.3555929317273065,-403.139892578125,208.30416870117188,6.5287126511157485,-401.7958679199219,206.8268280029297,-403.139892578125,208.30416870117188
887,887,-398.0214538574219,209.94296264648438,-398.0214538574219,209.94296264648438,0.0,-401.95703125,209.42477416992188,3.9695451515525297,-403.871826171875,209.9183807373047,5.850423957969075,-402.8829040527344,208.70895385742188,-403.871826171875,209.9183807373047
888,888,-399.560546875,211.3324737548828,-399.560546875,211.3324737548828,0.0,-401.890869140625,209.56320190429688,2.9258716210632723,-404.2652282714844,211.08743286132812,4.711058488486452,-403.40179443359375,209.9120635986328,-404.2652282714844,211.08743286132812
889,889,-400.9622802734375,212.59796142578125,-400.9622802734375,212.59796142578125,0.0,-401.672119140625,209.62533569335938,3.0562027030985237,-404.2452392578125,211.8817901611328,3.360166807376782,-403.4527587890625,210.6111297607422,-404.2452392578125,211.8817901611328
890,890,-402.49005126953125,214.03440856933594,-402.49005126953125,214.03440856933594,0.0,-401.3162536621094,213.72634887695312,1.2135491738122157,-403.9421081542969,213.88143920898438,1.4600920593584563,-403.16204833984375,212.60206604003906,-403.9421081542969,213.88143920898438
891,891,-403.88134765625,215.342529296875,-403.88134765625,215.342529296875,0.0,-404.02142333984375,213.39356994628906,1.9539866292711974,-405.09466552734375,215.24188232421875,1.2174851413550547,-403.91546630859375,213.76820373535156,-405.09466552734375,215.24188232421875
892,892,-405.2719421386719,216.64999389648438,-405.2719421386719,216.64999389648438,0.0,-404.1123352050781,213.4992218017578,3.35738782885539,-405.5743103027344,215.9708251953125,0.7434356941188784,-404.396728515625,214.470703125,-405.5743103027344,215.9708251953125
893,893,-406.6560363769531,217.98985290527344,-406.6560363769531,217.98985290527344,0.0,-404.1787109375,213.48468017578125,5.141373615632471,-405.7720947265625,216.32501220703125,1.884952888487889,-404.67803955078125,214.79429626464844,-405.7720947265625,216.32501220703125
894,894,-408.0395202636719,219.3291473388672,-408.0395202636719,219.3291473388672,0.0,-407.047607421875,216.90011596679688,2.623753893226904,-407.3938293457031,217.84291076660156,1.6204369504202258,-406.028564453125,216.25234985351562,-407.3938293457031,217.84291076660156
895,895,-409.5611877441406,220.80221557617188,-409.5611877441406,220.80221557617188,0.0,-407.7852783203125,217.2520751953125,3.9695529981913444,-408.1882629394531,218.92613220214844,2.3247819995890744,-407.1822814941406,217.31143188476562,-408.1882629394531,218.92613220214844
896,896,-411.035400390625,222.30255126953125,-411.035400390625,222.30255126953125,0.0,-407.47021484375,217.0414581298828,6.355285124028838,-408.82879638671875,219.6201629638672,3.473371309321595,-407.7959289550781,217.84494018554688,-408.82879638671875,219.6201629638672
897,897,-412.3760070800781,223.66693115234375,-412.3760070800781,223.66693115234375,0.0,-413.08648681640625,221.69161987304688,2.0991989200288614,-410.039794921875,221.31654357910156,3.3139416097130323,-409.990478515625,219.97044372558594,-410.039794921875,221.31654357910156
898,898,-413.7176513671875,225.0323486328125,-413.7176513671875,225.0323486328125,0.0,-411.6541748046875,221.1118927001953,4.43033974358402,-411.34674072265625,222.3408660888672,3.586822489155815,-411.3215026855469,221.16893005371094,-411.34674072265625,222.3408660888672
899,899,-415.0327453613281,226.4407501220703,-415.0327453613281,226.4407501220703,0.0,-412.7020568847656,221.6047821044922,5.368304708361824,-412.720703125,223.0076446533203,4.139052121214024,-412.5798645019531,222.07630920410156,-412.720703125,223.0076446533203
900,900,-416.3580017089844,227.86004638671875,-416.3580017089844,227.86004638671875,0.0,-412.4696960449219,221.61276245117188,7.358496959877239,-413.4034118652344,223.2664794921875,5.461726646338511,-413.2919921875,222.58493041992188,-413.4034118652344,223.2664794921875
901,901,-417.8026428222656,229.40721130371094,-417.8026428222656,229.40721130371094,0.0,-422.2225341796875,229.11749267578125,4.429376535674298,-417.921630859375,226.69432067871094,2.715498793258438,-417.68994140625,225.56344604492188,-417.921630859375,226.69432067871094
902,902,-419.09088134765625,230.8329620361328,-419.09088134765625,230.8329620361328,0.0,-419.874755859375,227.4795379638672,3.443822332608475,-419.8912353515625,228.4319305419922,2.530912635280785,-419.66961669921875,227.20278930664062,-419.8912353515625,228.4319305419922
903,903,-420.38153076171875,232.2613983154297,-420.38153076171875,232.2613983154297,0.0,-424.1859130859375,229.798828125,4.531840333862278,-422.9229736328125,230.49929809570312,3.0925602744964635,-422.6585388183594,229.12655639648438,-422.9229736328125,230.49929809570312
904,904,-421.7957458496094,233.8265838623047,-421.7957458496094,233.8265838623047,0.0,-425.44317626953125,235.79518127441406,4.144770734206561,-425.6728820800781,234.44149780273438,3.9255960698661028,-425.0863342285156,232.84121704101562,-425.6728820800781,234.44149780273438
905,905,-423.7689208984375,236.0883026123047,-423.7689208984375,236.0883026123047,0.0,-425.3156433105469,236.593017578125,1.6269872208608285,-427.1020202636719,237.19703674316406,3.512668892944265,-426.441650390625,235.59535217285156,-427.1020202636719,237.19703674316406
906,906,-425.7581787109375,238.36842346191406,-425.7581787109375,238.36842346191406,0.0,-426.00531005859375,238.8675537109375,0.5569604191363988,-427.7483825683594,239.64540100097656,2.364652834850611,-427.40325927734375,238.29885864257812,-427.7483825683594,239.64540100097656
907,907,-427.0047607421875,239.90916442871094,-427.0047607421875,239.90916442871094,0.0,-427.6942138671875,238.1703643798828,1.8705002596570137,-428.8363952636719,241.2983856201172,2.2988737544601046,-428.4796142578125,239.54910278320312,-428.8363952636719,241.2983856201172
908,908,-428.25006103515625,241.4483184814453,-428.25006103515625,241.4483184814453,0.0,-428.5342102050781,239.43893432617188,2.029375626696851,-429.9993896484375,241.52272033691406,1.7509101157231612,-429.3815612792969,240.6929931640625,-429.9993896484375,241.52272033691406
909,909,-429.4959411621094,242.98818969726562,-429.4959411621094,242.98818969726562,0.0,-426.89788818359375,241.34034729003906,3.076566898058312,-428.4666442871094,240.38404846191406,2.800179214004548,-429.21014404296875,241.96194458007812,-428.4666442871094,240.38404846191406
910,910,-430.7725524902344,244.4873504638672,-430.7725524902344,244.4873504638672,0.0,-427.798095703125,241.65072631835938,4.110210422990404,-427.5032043457031,239.6459197998047,5.841925039323475,-429.1398620605469,242.72412109375,-427.5032043457031,239.6459197998047
911,911,-432.04913330078125,245.98646545410156,-432.04913330078125,245.98646545410156,0.0,-430.5786437988281,242.07937622070312,4.174647967564731,-430.1891174316406,240.54336547851562,5.752129725386815,-430.21051025390625,243.28768920898438,-430.1891174316406,240.54336547851562
912,912,-433.32562255859375,247.48548889160156,-433.32562255859375,247.48548889160156,0.0,-432.494384765625,242.9775390625,4.583946763451378,-430.61566162109375,242.5779266357422,5.6060730978030815,-431.6377258300781,243.98040771484375,-430.61566162109375,242.5779266357422
913,913,-434.60565185546875,248.9586944580078,-434.60565185546875,248.9586944580078,0.0,-432.2884826660156,243.47012329101562,5.9576578038427845,-432.068603515625,244.5441436767578,5.091647363961777,-432.4776306152344,244.4912109375,-432.068603515625,244.5441436767578
914,914,-435.8853759765625,250.43153381347656,-435.8853759765625,250.43153381347656,0.0,-434.27606201171875,242.47311401367188,8.119503503747282,-432.2974853515625,243.2599639892578,8.019000740778607,-433.73046875,244.223876953125,-432.2974853515625,243.2599639892578
915,915,-437.16552734375,251.90487670898438,-437.16552734375,251.90487670898438,0.0,-433.15447998046875,243.55319213867188,9.264941236321002,-432.1531066894531,243.08999633789062,10.14033908566749,-434.116943359375,244.34193420410156,-432.1531066894531,243.08999633789062
916,916,-438.4551086425781,253.4366912841797,-438.4551086425781,253.4366912841797,0.0,-434.7237854003906,246.57814025878906,7.8078483147135636,-433.05010986328125,244.05873107910156,10.824054204050794,-434.8812561035156,245.55601501464844,-433.05010986328125,244.05873107910156
917,917,-439.7456970214844,254.9696807861328,-439.7456970214844,254.9696807861328,0.0,-433.608642578125,247.1417694091797,9.946840391108587,-433.0370788574219,245.166259765625,11.87908335590435,-434.8648986816406,246.59739685058594,-433.0370788574219,245.166259765625
918,918,-441.0360412597656,256.50238037109375,-441.0360412597656,256.50238037109375,0.0,-439.78680419921875,246.64271545410156,9.938490102063309,-435.6427001953125,245.68873596191406,12.083999058494646,-437.2952575683594,247.0697021484375,-435.6427001953125,245.68873596191406
919,919,-442.3226013183594,258.0457458496094,-442.3226013183594,258.0457458496094,0.0,-443.24053955078125,252.82192993164062,5.303853631404763,-439.572998046875,248.24415588378906,10.179955010147491,-440.28363037109375,250.1058349609375,-439.572998046875,248.24415588378906
920,920,-443.60980224609375,259.5898742675781,-443.60980224609375,259.5898742675781,0.0,-446.9799499511719,253.5423583984375,6.923174397742053,-444.1934814453125,250.7062225341797,8.902805711005588,-443.82708740234375,252.3698272705078,-444.1934814453125,250.7062225341797
921,921,-444.8963623046875,261.1332702636719,-444.8963623046875,261.1332702636719,0.0,-447.00445556640625,253.5500030517578,7.870832154695898,-447.6990966796875,252.86309814453125,8.732185686127934,-446.29998779296875,253.72772216796875,-447.6990966796875,252.86309814453125
922,922,-446.21337890625,262.6949768066406,-446.21337890625,262.6949768066406,0.0,-449.4908447265625,255.61865234375,7.7984710108726425,-451.87896728515625,255.65713500976562,9.034938230947585,-448.9837646484375,255.4097137451172,-451.87896728515625,255.65713500976562
923,923,-447.5318603515625,264.2584228515625,-447.5318603515625,264.2584228515625,0.0,-449.2160339355469,255.50839233398438,8.910638289120442,-451.8969421386719,254.73394775390625,10.477097159711176,-450.2832946777344,256.25823974609375,-451.8969421386719,254.73394775390625
924,924,-448.8486022949219,265.81982421875,-448.8486022949219,265.81982421875,0.0,-449.2002868652344,255.0800323486328,10.745548448098456,-452.4066162109375,254.0663604736328,12.280202483442404,-450.89300537109375,256.4309387207031,-452.4066162109375,254.0663604736328
925,925,-450.1956481933594,267.3493347167969,-450.1956481933594,267.3493347167969,0.0,-449.87835693359375,258.18389892578125,9.170926179113748,-451.72296142578125,254.02413940429688,13.412438847062935,-451.34088134765625,257.845703125,-451.72296142578125,254.02413940429688
926,926,-451.4228210449219,268.7427062988281,-451.4228210449219,268.7427062988281,0.0,-450.2748718261719,258.4710388183594,10.335615135933999,-451.5801696777344,254.47515869140625,14.26841523513728,-451.65606689453125,258.7333679199219,-451.5801696777344,254.47515869140625
927,927,-452.7701721191406,270.2725830078125,-452.7701721191406,270.2725830078125,0.0,-450.18035888671875,258.8981628417969,11.665528993230026,-451.63934326171875,255.27847290039062,15.036692183398213,-451.6413269042969,259.38134765625,-451.63934326171875,255.27847290039062
928,928,-454.0604553222656,271.7755432128906,-454.0604553222656,271.7755432128906,0.0,-449.957275390625,261.8980712890625,10.695818676353449,-451.6541748046875,257.0301208496094,14.940470762356549,-451.4239807128906,261.05780029296875,-451.6541748046875,257.0301208496094
929,929,-455.35009765625,273.2777099609375,-455.35009765625,273.2777099609375,0.0,-453.4567565917969,261.5171203613281,11.912019481044542,-453.6653137207031,258.7872009277344,14.588123558251699,-452.4648742675781,261.89129638671875,-453.6653137207031,258.7872009277344
930,930,-456.6407165527344,274.7810363769531,-456.6407165527344,274.7810363769531,0.0,-455.3527526855469,262.71942138671875,12.130185781587484,-456.00030517578125,261.48956298828125,13.306892634026308,-453.89776611328125,262.8700866699219,-456.00030517578125,261.48956298828125
931,931,-457.9073181152344,276.27301025390625,-457.9073181152344,276.27301025390625,0.0,-457.656005859375,268.71026611328125,7.566918579349384,-457.67059326171875,265.05126953125,11.224237323880567,-455.7720947265625,265.65692138671875,-457.67059326171875,265.05126953125
932,932,-459.17364501953125,277.7646789550781,-459.17364501953125,277.7646789550781,0.0,-466.1285705566406,271.206298828125,9.559463327841675,-461.7991638183594,268.3670349121094,9.757513132009914,-460.9912414550781,268.5555114746094,-461.7991638183594,268.3670349121094
933,933,-460.43975830078125,279.2560729980469,-460.43975830078125,279.2560729980469,0.0,-467.8025207519531,272.8990783691406,9.727366119578793,-465.4720458984375,271.3933410644531,9.335227470451903,-465.07464599609375,271.3403015136719,-465.4720458984375,271.3933410644531
934,934,-461.7334899902344,280.73309326171875,-461.7334899902344,280.73309326171875,0.0,-466.34405517578125,271.59271240234375,10.237376303751159,-467.2824401855469,272.60357666015625,9.842758172643425,-467.1090393066406,272.729248046875,-467.2824401855469,272.60357666015625
935,935,-463.0269775390625,282.2098388671875,-463.0269775390625,282.2098388671875,0.0,-470.3800048828125,280.4671630859375,7.556714232819082,-470.87738037109375,277.40216064453125,9.205574100389798,-469.9260559082031,276.9732360839844,-470.87738037109375,277.40216064453125
936,936,-464.32049560546875,283.68658447265625,-464.32049560546875,283.68658447265625,0.0,-474.6893005371094,281.0268249511719,10.704505426339963,-474.79974365234375,280.5960693359375,10.925471314237258,-473.4166564941406,280.09075927734375,-474.79974365234375,280.5960693359375
937,937,-465.5886535644531,285.1946105957031,-465.5886535644531,285.1946105957031,0.0,-475.6962890625,282.14776611328125,10.55687248485279,-478.98968505859375,283.22705078125,13.544701426402861,-475.9263000488281,282.4769287109375,-478.98968505859375,283.22705078125
938,938,-466.9836120605469,286.8533935546875,-466.9836120605469,286.8533935546875,0.0,-475.427978515625,287.1849365234375,8.45087247376129,-480.30621337890625,286.83648681640625,13.32261204590715,-477.05865478515625,285.8843078613281,-480.30621337890625,286.83648681640625
939,939,-468.2522888183594,288.36199951171875,-468.2522888183594,288.36199951171875,0.0,-475.27783203125,287.48095703125,7.08057153685944,-480.3233337402344,289.3366394042969,12.110328171694148,-477.4415588378906,288.1863098144531,-480.3233337402344,289.3366394042969
940,940,-469.551513671875,289.889404296875,-469.551513671875,289.889404296875,0.0,-477.349365234375,286.9116516113281,8.347065355384808,-480.8766174316406,290.7460021972656,11.357452845264696,-478.37469482421875,289.2885437011719,-480.8766174316406,290.7460021972656
941,941,-470.8517150878906,291.4179992675781,-470.8517150878906,291.4179992675781,0.0,-476.6744079589844,291.6792297363281,5.828549873586853,-481.1421813964844,293.2085876464844,10.44508992737627,-478.5585021972656,291.61834716796875,-481.1421813964844,293.2085876464844
942,942,-472.1534729003906,292.9483642578125,-472.1534729003906,292.9483642578125,0.0,-476.0572509765625,291.6805419921875,4.104492242070229,-480.7494812011719,294.7308654785156,8.778876312427935,-478.1112976074219,293.009521484375,-480.7494812011719,294.7308654785156
943,943,-473.5220031738281,294.5506286621094,-473.5220031738281,294.5506286621094,0.0,-478.4582214355469,291.52252197265625,5.7909999870520155,-480.0804748535156,294.81793212890625,6.56391665978664,-478.6999206542969,293.67218017578125,-480.0804748535156,294.81793212890625
944,944,-474.7676086425781,296.00897216796875,-474.7676086425781,296.00897216796875,0.0,-477.44073486328125,296.2080078125,2.6805258774360943,-479.5003967285156,296.7132568359375,4.784903338619057,-478.6187438964844,295.7405090332031,-479.5003967285156,296.7132568359375
945,945,-476.0137634277344,297.46795654296875,-476.0137634277344,297.46795654296875,0.0,-477.43316650390625,296.1292724609375,1.9510971693203882,-479.4085998535156,298.04937744140625,3.4442654687104306,-478.4066467285156,296.9792175292969,-479.4085998535156,298.04937744140625
946,946,-477.16741943359375,298.8033752441406,-477.16741943359375,298.8033752441406,0.0,-477.8271789550781,296.10833740234375,2.7746191801590445,-479.4298400878906,298.6819763183594,2.265675377491211,-478.34442138671875,297.6274108886719,-479.4298400878906,298.6819763183594
947,947,-478.322509765625,300.14044189453125,-478.322509765625,300.14044189453125,0.0,-479.8505554199219,302.33209228515625,2.671751290135794,-480.76043701171875,301.1630554199219,2.6437147500360356,-479.08404541015625,300.28436279296875,-480.76043701171875,301.1630554199219
948,948,-479.4757995605469,301.4754333496094,-479.4757995605469,301.4754333496094,0.0,-478.6385192871094,303.921142578125,2.5850593584546697,-480.982177734375,303.8330078125,2.7977370410136433,-479.0990905761719,302.728759765625,-480.982177734375,303.8330078125
949,949,-480.0034484863281,302.1618957519531,-480.0034484863281,302.1618957519531,0.0,-479.081787109375,304.9258117675781,2.91353589907444,-480.43511962890625,306.0172119140625,3.8794075172835947,-479.2484436035156,304.7399597167969,-480.43511962890625,306.0172119140625
950,950,-480.5308532714844,302.84808349609375,-480.5308532714844,302.84808349609375,0.0,-480.8008117675781,301.1015930175781,1.7672313321008475,-480.4542236328125,305.9626159667969,3.115475021980933,-480.01580810546875,304.47613525390625,-480.4542236328125,305.9626159667969
951,951,-481.0587463378906,303.53485107421875,-481.0587463378906,303.53485107421875,0.0,-479.8768310546875,302.3084716796875,1.7032117179023747,-480.29559326171875,306.0903015136719,2.6669701097259724,-480.1747741699219,304.4947509765625,-480.29559326171875,306.0903015136719
952,952,-480.9981384277344,303.5174560546875,-480.9981384277344,303.5174560546875,0.0,-479.3332214355469,302.0207824707031,2.2387452753431565,-480.2934875488281,305.6495666503906,2.2455352265001065,-480.00146484375,304.18975830078125,-480.2934875488281,305.6495666503906
953,953,-480.9313659667969,303.4983215332031,-480.9313659667969,303.4983215332031,0.0,-479.8656921386719,303.4236755371094,1.0682849491982092,-480.51519775390625,305.6399230957031,2.1816629514943453,-480.06195068359375,304.3638000488281,-480.51519775390625,305.6399230957031
954,954,-480.8647155761719,303.47918701171875,-480.8647155761719,303.47918701171875,0.0,-479.9676513671875,303.61761474609375,0.9076819006044783,-480.9176025390625,305.45928955078125,1.9808086974883652,-480.11932373046875,304.4571228027344,-480.9176025390625,305.45928955078125
955,955,-480.19537353515625,302.9892272949219,-480.19537353515625,302.9892272949219,0.0,-480.2633056640625,302.59149169921875,0.4034952022354852,-481.6960144042969,304.6590881347656,2.2450742176103677,-480.25921630859375,304.02874755859375,-481.6960144042969,304.6590881347656
956,956,-479.4656066894531,302.4550476074219,-479.4656066894531,302.4550476074219,0.0,-480.085205078125,303.81494140625,1.4943939598833946,-482.20184326171875,304.5765686035156,3.46234630218737,-480.2688903808594,304.1246032714844,-482.20184326171875,304.5765686035156
957,957,-478.6358337402344,301.84967041015625,-478.6358337402344,301.84967041015625,0.0,-479.50933837890625,301.4835205078125,0.947141016305186,-481.8515625,303.5840148925781,3.653609481059924,-480.0238952636719,303.22308349609375,-481.8515625,303.5840148925781
958,958,-477.80670166015625,301.2447509765625,-477.80670166015625,301.2447509765625,0.0,-480.4691467285156,303.6011047363281,3.5554207603591386,-481.59259033203125,303.5463562011719,4.430613912967437,-480.21588134765625,303.3606262207031,-481.59259033203125,303.5463562011719
959,959,-476.9022521972656,300.58489990234375,-476.9022521972656,300.58489990234375,0.0,-476.94818115234375,304.4581604003906,3.873532800254168,-480.4935302734375,304.06231689453125,4.9989706098303,-478.7723083496094,303.7953796386719,-480.4935302734375,304.06231689453125
960,960,-475.5808410644531,299.6831970214844,-475.5808410644531,299.6831970214844,0.0,-476.6799621582031,295.6885986328125,4.143052433352266,-479.2619934082031,301.0810241699219,3.9376139113433952,-477.6853332519531,300.45672607421875,-479.2619934082031,301.0810241699219
961,961,-474.3531494140625,298.8454284667969,-474.3531494140625,298.8454284667969,0.0,-476.2308349609375,296.2153625488281,3.231555313746629,-478.1482238769531,299.1568298339844,3.8078289077072265,-476.786376953125,298.33392333984375,-478.1482238769531,299.1568298339844
962,962,-473.13385009765625,298.0133972167969,-473.13385009765625,298.0133972167969,0.0,-477.0599670410156,296.2438659667969,4.306464338370878,-477.9360046386719,297.70379638671875,4.81212436557723,-476.55377197265625,296.8825378417969,-477.9360046386719,297.70379638671875
963,963,-471.3346862792969,296.9286804199219,-471.3346862792969,296.9286804199219,0.0,-474.6482238769531,296.50244140625,3.3408398806074984,-476.896240234375,296.91876220703125,5.561562798907523,-475.45135498046875,296.0591735839844,-476.896240234375,296.91876220703125
964,964,-469.53460693359375,295.8433837890625,-469.53460693359375,295.8433837890625,0.0,-474.7562255859375,296.87799072265625,5.323129986910373,-476.1055908203125,296.6620178222656,6.621781551805818,-474.77960205078125,295.7640380859375,-476.1055908203125,296.6620178222656
965,965,-467.557861328125,294.65155029296875,-467.557861328125,294.65155029296875,0.0,-473.42041015625,291.4776611328125,6.6665621697474,-475.08465576171875,294.5008850097656,7.528302230459437,-473.82830810546875,293.5496826171875,-475.08465576171875,294.5008850097656
966,966,-465.18170166015625,293.2563171386719,-465.18170166015625,293.2563171386719,0.0,-473.8708801269531,291.4655456542969,8.871791529172512,-474.8664245605469,292.9586181640625,9.689297308723377,-473.42828369140625,292.0008239746094,-474.8664245605469,292.9586181640625
967,967,-462.8042907714844,291.8603515625,-462.8042907714844,291.8603515625,0.0,-469.435791015625,292.0325012207031,6.633734317325093,-473.5137939453125,292.4017333984375,10.723178284562731,-471.0797424316406,291.24493408203125,-473.5137939453125,292.4017333984375
968,968,-460.4295349121094,290.4659423828125,-460.4295349121094,290.4659423828125,0.0,-469.56964111328125,292.896484375,9.457752150722039,-473.1328430175781,292.14044189453125,12.813195754268893,-469.79083251953125,291.24493408203125,-473.1328430175781,292.14044189453125
969,969,-458.9386901855469,289.5532531738281,-458.9386901855469,289.5532531738281,0.0,-470.8321838378906,286.6033020019531,12.253872986724963,-471.8582458496094,288.81365966796875,12.94070775153812,-469.660888671875,288.93231201171875,-471.8582458496094,288.81365966796875
970,970,-457.4474792480469,288.6402893066406,-457.4474792480469,288.6402893066406,0.0,-466.1175231933594,284.99884033203125,9.403712705539956,-468.63409423828125,286.2918395996094,11.430466786889832,-467.88372802734375,286.6741943359375,-468.63409423828125,286.2918395996094
971,971,-455.95648193359375,287.72747802734375,-455.95648193359375,287.72747802734375,0.0,-459.36444091796875,279.1947326660156,9.18814060843917,-464.3155822753906,282.25177001953125,9.992894311011728,-464.1570739746094,282.58160400390625,-464.3155822753906,282.25177001953125
972,972,-455.8806457519531,287.59454345703125,-455.8806457519531,287.59454345703125,0.0,-466.404296875,285.14459228515625,10.805067963885161,-464.62908935546875,282.0963134765625,10.332753669860656,-464.0567321777344,282.2352600097656,-464.62908935546875,282.0963134765625
973,973,-455.80487060546875,287.461669921875,-455.80487060546875,287.461669921875,0.0,-455.1028747558594,277.6315002441406,9.855203400535025,-460.17010498046875,276.5064697265625,11.792865744510818,-459.7536315917969,279.0027160644531,-460.17010498046875,276.5064697265625
974,974,-455.7215881347656,287.31561279296875,-455.7215881347656,287.31561279296875,0.0,-458.6602478027344,279.0841369628906,8.740304055655418,-458.2111511230469,276.0888366699219,11.499496771147653,-458.0333251953125,277.7841491699219,-458.2111511230469,276.0888366699219
975,975,-456.0074768066406,287.5085144042969,-456.0074768066406,287.5085144042969,0.0,-460.5011901855469,279.87481689453125,8.858148655467627,-456.6264953613281,275.3463134765625,12.177943807459053,-457.86810302734375,277.4609375,-456.6264953613281,275.3463134765625
976,976,-456.2934265136719,287.70147705078125,-456.2934265136719,287.70147705078125,0.0,-466.3551025390625,286.0594787597656,10.194777232858927,-461.1173400878906,278.1011047363281,10.744174735532273,-461.4193420410156,279.5288391113281,-461.1173400878906,278.1011047363281
977,977,-456.5794372558594,287.89447021484375,-456.5794372558594,287.89447021484375,0.0,-467.86376953125,289.0340270996094,11.341725829653937,-464.88525390625,280.7685852050781,10.943711774453336,-465.1985168457031,282.7164001464844,-464.88525390625,280.7685852050781
978,978,-456.72576904296875,288.1207580566406,-456.72576904296875,288.1207580566406,0.0,-467.8291015625,290.4873046875,11.352732534298164,-465.6704406738281,283.952392578125,9.868253206438377,-466.99755859375,286.041259765625,-465.6704406738281,283.952392578125
979,979,-456.8721923828125,288.34716796875,-456.8721923828125,288.34716796875,0.0,-467.6806640625,288.80023193359375,10.817963163500172,-466.72265625,286.5173645019531,10.018972957637343,-467.8357849121094,287.733642578125,-466.72265625,286.5173645019531
980,980,-457.0185546875,288.5735168457031,-457.0185546875,288.5735168457031,0.0,-467.685546875,289.6749572753906,10.723707071173486,-467.3044128417969,288.7016906738281,10.286656721235124,-468.2239074707031,289.2242126464844,-467.3044128417969,288.7016906738281
981,981,-456.9674987792969,288.60693359375,-456.9674987792969,288.60693359375,0.0,-467.0450439453125,288.2704772949219,10.083160189846534,-467.0544128417969,289.6678466796875,10.142552532778604,-468.1224365234375,289.6144104003906,-467.0544128417969,289.6678466796875
982,982,-456.9164123535156,288.64031982421875,-456.9164123535156,288.64031982421875,0.0,-467.2747497558594,288.8988952636719,10.36156431233633,-467.30841064453125,290.14642333984375,10.500570283572682,-467.9659118652344,289.9704895019531,-467.30841064453125,290.14642333984375
983,983,-456.8653869628906,288.6737060546875,-456.8653869628906,288.6737060546875,0.0,-467.29083251953125,288.8377380371094,10.426735900833732,-466.82861328125,290.0995788574219,10.064740032431363,-467.78839111328125,290.0724182128906,-466.82861328125,290.0995788574219
984,984,-456.729248046875,288.6329040527344,-456.729248046875,288.6329040527344,0.0,-467.24102783203125,288.55963134765625,10.512035156948869,-466.416748046875,290.3524475097656,9.83892707314263,-467.6248474121094,289.934814453125,-466.416748046875,290.3524475097656
985,985,-456.5930480957031,288.5920715332031,-456.5930480957031,288.5920715332031,0.0,-467.6228332519531,289.2103271484375,11.047099193851826,-466.181396484375,290.5545959472656,9.78713067749368,-467.6579284667969,289.9677734375,-466.181396484375,290.5545959472656
986,986,-456.4568786621094,288.5512390136719,-456.4568786621094,288.5512390136719,0.0,-467.88201904296875,290.3187255859375,11.561048460476359,-466.7930603027344,290.0671081542969,10.446746391077582,-467.80975341796875,290.3501892089844,-466.7930603027344,290.0671081542969
987,987,-456.361328125,288.4794006347656,-456.361328125,288.4794006347656,0.0,-467.5958251953125,288.5970458984375,11.235113031515285,-466.97259521484375,290.10107421875,10.734468522707298,-467.764892578125,289.92724609375,-466.97259521484375,290.10107421875
988,988,-456.2562255859375,288.4004211425781,-456.2562255859375,288.4004211425781,0.0,-467.96600341796875,289.5407409667969,11.765170044544055,-467.2480773925781,289.5601501464844,11.052862864509365,-467.89404296875,289.89898681640625,-467.2480773925781,289.5601501464844
989,989,-456.1607360839844,288.32861328125,-456.1607360839844,288.32861328125,0.0,-467.91064453125,289.9624328613281,11.862955573522592,-467.95098876953125,289.41705322265625,11.840386813575549,-467.93719482421875,290.01641845703125,-467.95098876953125,289.41705322265625
990,990,-456.13690185546875,288.2544250488281,-456.13690185546875,288.2544250488281,0.0,-467.74615478515625,290.13409423828125,11.760438335675978,-467.32122802734375,289.3207092285156,11.235039558040725,-467.8632507324219,290.15081787109375,-467.32122802734375,289.3207092285156
991,991,-456.1130676269531,288.1802062988281,-456.1130676269531,288.1802062988281,0.0,-467.95794677734375,289.8861083984375,11.967090877101677,-466.78143310546875,289.3485107421875,10.732145976250845,-467.92205810546875,290.13360595703125,-466.78143310546875,289.3485107421875
992,992,-456.0892333984375,288.1059875488281,-456.0892333984375,288.1059875488281,0.0,-467.9349670410156,290.0116882324219,11.998045700294565,-466.6419982910156,289.4313049316406,10.635662322733568,-467.9447021484375,290.1499938964844,-466.6419982910156,289.4313049316406
993,993,-456.1130676269531,288.0799865722656,-456.1130676269531,288.0799865722656,0.0,-467.88970947265625,289.8967590332031,11.915953815653483,-466.60870361328125,289.84075927734375,10.642306858780858,-467.93115234375,290.1042175292969,-466.60870361328125,289.84075927734375
994,994,-456.13690185546875,288.05401611328125,-456.13690185546875,288.05401611328125,0.0,-467.849609375,290.13397216796875,11.895954548816798,-466.38427734375,290.01025390625,10.432428801600643,-467.8973388671875,290.1488342285156,-466.38427734375,290.01025390625
995,995,-456.1607360839844,288.0280456542969,-456.1607360839844,288.0280456542969,0.0,-467.8845520019531,290.36785888671875,11.955023447949985,-466.22406005859375,289.8179626464844,10.221266665969996,-467.8908386230469,290.2680358886719,-466.22406005859375,289.8179626464844
996,996,-456.1437072753906,288.06146240234375,-456.1437072753906,288.06146240234375,0.0,-467.91656494140625,290.3892517089844,12.000782502835943,-466.3067932128906,289.8540344238281,10.319962704642824,-467.9034118652344,290.357177734375,-466.3067932128906,289.8540344238281
997,997,-456.1266784667969,288.0948486328125,-456.1266784667969,288.0948486328125,0.0,-468.01373291015625,290.562744140625,12.140534237704326,-466.3531188964844,289.8724060058594,10.37977813233117,-467.962646484375,290.483154296875,-466.3531188964844,289.8724060058594
998,998,-456.1096496582031,288.12823486328125,-456.1096496582031,288.12823486328125,0.0,-467.9459228515625,290.0614318847656,11.993106929887427,-466.366455078125,289.8350524902344,10.397849962074691,-467.96405029296875,290.3669738769531,-466.366455078125,289.8350524902344
999,999,-456.0858154296875,288.14678955078125,-456.0858154296875,288.14678955078125,0.0,-467.916015625,290.1146240234375,11.992748191008857,-466.2884216308594,289.6905212402344,10.318734458508592,-467.946533203125,290.2901306152344,-466.2884216308594,289.6905212402344
1000,1000,-456.06201171875,288.16534423828125,-456.06201171875,288.16534423828125,0.0,-467.952392578125,290.2211608886719,12.066794896782438,-466.3399658203125,289.5655822753906,10.372897718303856,-467.9516906738281,290.26934814453125,-466.3399658203125,289.5655822753906
1001,1001,-456.0381774902344,288.18389892578125,-456.0381774902344,288.18389892578125,0.0,-467.885009765625,289.7994079589844,11.956475417011399,-466.78607177734375,289.6219787597656,10.84367581661269,-467.92132568359375,290.08636474609375,-466.78607177734375,289.6219787597656
1002,1002,-456.05517578125,288.21356201171875,-456.05517578125,288.21356201171875,0.0,-467.85162353515625,290.4709777832031,12.010499805419682,-466.93902587890625,289.49090576171875,10.958549174225393,-467.8809814453125,290.21978759765625,-466.93902587890625,289.49090576171875
1003,1003,-456.07220458984375,288.2432556152344,-456.07220458984375,288.2432556152344,0.0,-467.9507751464844,290.11492919921875,12.02512371969929,-466.8368835449219,289.5920715332031,10.848853275183869,-467.90771484375,290.1788635253906,-466.8368835449219,289.5920715332031
1004,1004,-456.0892333984375,288.27294921875,-456.0892333984375,288.27294921875,0.0,-467.908447265625,289.7434387207031,11.9103381905667,-467.09185791015625,289.66888427734375,11.090824172877568,-467.9064025878906,290.0017395019531,-467.09185791015625,289.66888427734375
1005,1005,-456.1218566894531,288.249267578125,-456.1218566894531,288.249267578125,0.0,-468.01153564453125,290.31402587890625,12.067629945249097,-467.1829528808594,289.62200927734375,11.145953020191492,-467.9630126953125,290.0982971191406,-467.1829528808594,289.62200927734375
1006,1006,-456.1514892578125,288.22772216796875,-456.1514892578125,288.22772216796875,0.0,-467.8786926269531,289.9871826171875,11.858456895125448,-466.9710998535156,289.65936279296875,10.91391626877363,-467.92938232421875,290.0457763671875,-466.9710998535156,289.65936279296875
1007,1007,-456.18115234375,288.2061767578125,-456.18115234375,288.2061767578125,0.0,-467.9721374511719,290.2181396484375,11.961409803058189,-466.7967529296875,289.4151611328125,10.684222901977979,-467.9520568847656,290.1018371582031,-466.7967529296875,289.4151611328125
1008,1008,-456.1879577636719,288.1950378417969,-456.1879577636719,288.1950378417969,0.0,-467.92242431640625,290.20220947265625,11.904891567459506,-466.4779052734375,289.5334777832031,10.376629569878812,-467.9399108886719,290.1387023925781,-466.4779052734375,289.5334777832031
1009,1009,-456.19476318359375,288.18389892578125,-456.19476318359375,288.18389892578125,0.0,-467.8941650390625,289.9854736328125,11.837300165188022,-466.9513244628906,289.8479919433594,10.884521860257395,-467.9175720214844,290.0814208984375,-466.9513244628906,289.8479919433594
1010,1010,-456.2015686035156,288.1727600097656,-456.2015686035156,288.1727600097656,0.0,-467.8956298828125,290.3877258300781,11.901980624631477,-466.9175720214844,289.8310852050781,10.843558996350145,-467.9030456542969,290.198486328125,-466.9175720214844,289.8310852050781
1011,1011,-456.19476318359375,288.1913146972656,-456.19476318359375,288.1913146972656,0.0,-467.936279296875,290.3348388671875,11.935572734707057,-466.3896484375,289.8646240234375,10.331294664337518,-467.9161376953125,290.2645568847656,-466.3896484375,289.8646240234375
1012,1012,-456.1879577636719,288.2098693847656,-456.1879577636719,288.2098693847656,0.0,-468.0994873046875,290.11785888671875,12.063372660498027,-466.3345947265625,289.8527526855469,10.278779460455613,-468.0060729980469,290.2248229980469,-466.3345947265625,289.8527526855469
1013,1013,-456.18115234375,288.2284240722656,-456.18115234375,288.2284240722656,0.0,-468.03131103515625,290.09478759765625,11.99623165083184,-466.3472900390625,289.839599609375,10.293019102840207,-468.0321350097656,290.1824645996094,-466.3472900390625,289.839599609375
1014,1014,-456.1875305175781,288.2249450683594,-456.1875305175781,288.2249450683594,0.0,-467.91107177734375,289.9708251953125,11.852827387890066,-466.5924987792969,289.78997802734375,10.522009916840123,-467.9823303222656,290.0987243652344,-466.5924987792969,289.78997802734375
1015,1015,-456.194580078125,288.2210998535156,-456.194580078125,288.2210998535156,0.0,-467.9092102050781,289.9410705566406,11.840222051588649,-466.6100769042969,289.71734619140625,10.522420217784857,-467.946533203125,290.0247802734375,-466.6100769042969,289.71734619140625
1016,1016,-456.2015686035156,288.21728515625,-456.2015686035156,288.21728515625,0.0,-467.8302917480469,290.5023498535156,11.851106388976786,-466.28985595703125,289.73828125,10.202302232550556,-467.8820495605469,290.1983337402344,-466.28985595703125,289.73828125
1017,1017,-456.1817932128906,288.2352600097656,-456.1817932128906,288.2352600097656,0.0,-467.977783203125,290.2953186035156,11.974523842700085,-466.3619079589844,289.7847595214844,10.29736301100685,-467.9175720214844,290.2467346191406,-466.3619079589844,289.7847595214844
1018,1018,-456.1620178222656,288.2532043457031,-456.1620178222656,288.2532043457031,0.0,-468.0435791015625,290.21429443359375,12.042315922052106,-466.5164489746094,289.77496337890625,10.465657888721665,-467.9792785644531,290.2483215332031,-466.5164489746094,289.77496337890625
1019,1019,-456.1402893066406,288.27294921875,-456.1402893066406,288.27294921875,0.0,-467.7794494628906,290.0395812988281,11.77246949663488,-466.78619384765625,289.83636474609375,10.760090687701318,-467.8913879394531,290.176025390625,-466.78619384765625,289.83636474609375
1020,1020,-456.16583251953125,288.33416748046875,-456.16583251953125,288.33416748046875,0.0,-467.9118347167969,290.205322265625,11.894107274116122,-467.078857421875,289.87579345703125,11.021375738572162,-467.8949279785156,290.1860046386719,-467.078857421875,289.87579345703125
1021,1021,-456.19134521484375,288.3954162597656,-456.19134521484375,288.3954162597656,0.0,-467.9063720703125,289.5545959472656,11.772236481326164,-467.83636474609375,290.32025146484375,11.80302802038113,-467.8948974609375,289.9434814453125,-467.83636474609375,290.32025146484375
1022,1022,-456.2045593261719,288.3558654785156,-456.2045593261719,288.3558654785156,0.0,-467.86572265625,289.4866943359375,11.715865487258583,-469.0208435058594,290.3622741699219,12.972386673679544,-467.8768005371094,289.7318420410156,-469.0208435058594,290.3622741699219
1023,1023,-456.2177429199219,288.31634521484375,-456.2177429199219,288.31634521484375,0.0,-467.7132568359375,288.89654541015625,11.510146500368688,-468.6537780761719,290.1242980957031,12.566768241154671,-467.7962341308594,289.359375,-468.6537780761719,290.1242980957031
1024,1024,-456.2322082519531,288.27294921875,-456.2322082519531,288.27294921875,0.0,-467.6864929199219,288.9034118652344,11.471622396308033,-467.7806701660156,289.8312683105469,11.653125373581576,-467.72650146484375,289.0854797363281,-467.7806701660156,289.8312683105469
1025,1025,-456.1935119628906,288.2192687988281,-456.1935119628906,288.2192687988281,0.0,-468.0414123535156,289.78076171875,11.950355802449488,-467.3893737792969,289.03802490234375,11.225759812552,-467.8734436035156,289.2550964355469,-467.3893737792969,289.03802490234375
1026,1026,-456.15496826171875,288.165771484375,-456.15496826171875,288.165771484375,0.0,-467.86322021484375,289.8587646484375,11.830020695308091,-466.92340087890625,289.0381774902344,10.803713864684086,-467.87451171875,289.4351806640625,-466.92340087890625,289.0381774902344
1027,1027,-456.119873046875,288.1170959472656,-456.119873046875,288.1170959472656,0.0,-467.869140625,289.56805419921875,11.8385205355775,-466.4663391113281,289.14874267578125,10.39777163604477,-467.8765563964844,289.4642028808594,-466.4663391113281,289.14874267578125
1028,1028,-456.0926513671875,288.09857177734375,-456.0926513671875,288.09857177734375,0.0,-467.94561767578125,290.18939208984375,12.035960281249732,-466.2327575683594,289.2155456542969,10.201440310703191,-467.917236328125,289.7427978515625,-466.2327575683594,289.2155456542969
1029,1029,-456.0653991699219,288.0799865722656,-456.0653991699219,288.0799865722656,0.0,-467.9439697265625,290.08154296875,12.046022848948821,-465.9895324707031,289.46630859375,10.020494524669322,-467.93939208984375,289.9056091308594,-465.9895324707031,289.46630859375
1030,1030,-456.0381774902344,288.0614318847656,-456.0381774902344,288.0614318847656,0.0,-467.80352783203125,290.0053405761719,11.924858475711341,-465.83392333984375,289.886474609375,9.964307185990851,-467.8801574707031,289.9897155761719,-465.83392333984375,289.886474609375
1031,1031,-456.03497314453125,288.06842041015625,-456.03497314453125,288.06842041015625,0.0,-467.8030090332031,289.9255065917969,11.91366600854287,-465.9552307128906,289.94818115234375,10.096782193870519,-467.8381042480469,290.0104675292969,-465.9552307128906,289.94818115234375
1032,1032,-456.0314636230469,288.0760803222656,-456.0314636230469,288.0760803222656,0.0,-467.7976379394531,289.5152893066406,11.853867746215316,-466.1353454589844,289.8985900878906,10.26693576489043,-467.8096923828125,289.8553161621094,-466.1353454589844,289.8985900878906
1033,1033,-456.0279541015625,288.0837097167969,-456.0279541015625,288.0837097167969,0.0,-467.7791748046875,289.7587890625,11.870007532767401,-466.0123291015625,289.79949951171875,10.130729428870511,-467.7840881347656,289.824951171875,-466.0123291015625,289.79949951171875
1034,1034,-456.0213317871094,288.14501953125,-456.0213317871094,288.14501953125,0.0,-467.6892395019531,290.23876953125,11.854276000861896,-465.53338623046875,289.70452880859375,9.639048133480507,-467.7245788574219,289.9905090332031,-465.53338623046875,289.70452880859375
1035,1035,-456.01409912109375,288.2120056152344,-456.01409912109375,288.2120056152344,0.0,-467.5716857910156,289.43084716796875,11.621677347243287,-465.4102783203125,289.62847900390625,9.502346047405698,-467.63580322265625,289.7961120605469,-465.4102783203125,289.62847900390625
1036,1036,-456.0075378417969,288.27294921875,-456.0075378417969,288.27294921875,0.0,-467.70489501953125,290.18695068359375,11.85291384221272,-465.759033203125,289.50311279296875,9.828782437379443,-467.64874267578125,289.9454650878906,-465.759033203125,289.50311279296875
1037,1037,-455.97869873046875,288.23455810546875,-455.97869873046875,288.23455810546875,0.0,-467.8457336425781,290.77703857421875,12.136339008910305,-466.038330078125,289.7920837402344,10.179492568576313,-467.7429504394531,290.2998962402344,-466.038330078125,289.7920837402344
1038,1038,-455.9470520019531,288.1923522949219,-455.9470520019531,288.1923522949219,0.0,-467.2860107421875,288.9805908203125,11.366323296723857,-465.7669677734375,290.1047668457031,10.004402789426635,-467.5530090332031,289.86224365234375,-465.7669677734375,290.1047668457031
1039,1039,-455.9156188964844,288.1505126953125,-455.9156188964844,288.1505126953125,0.0,-466.899658203125,288.52978515625,10.990585384293771,-465.047607421875,290.3167419433594,9.385401620759751,-467.2325744628906,289.3307800292969,-465.047607421875,290.3167419433594
1040,1040,-455.6431579589844,287.9500427246094,-455.6431579589844,287.9500427246094,0.0,-466.19207763671875,286.80426025390625,10.610962436907505,-465.48553466796875,289.428466796875,9.952794432671288,-466.7182922363281,288.2608947753906,-465.48553466796875,289.428466796875
1041,1041,-455.37109375,287.7498474121094,-455.37109375,287.7498474121094,0.0,-467.0845642089844,288.50384521484375,11.737712847059596,-464.82269287109375,289.1784973144531,9.558962626212478,-466.7831115722656,288.1390686035156,-464.82269287109375,289.1784973144531
1042,1042,-455.0986328125,287.54937744140625,-455.0986328125,287.54937744140625,0.0,-467.0377197265625,288.7538757324219,11.999692182493598,-464.78070068359375,288.9085693359375,9.777005720905828,-466.8245849609375,288.205322265625,-464.78070068359375,288.9085693359375
1043,1043,-454.4962158203125,287.1932373046875,-454.4962158203125,287.1932373046875,0.0,-466.65045166015625,288.26434326171875,12.201340779673771,-465.60162353515625,288.8519287109375,11.22859464465962,-466.6899719238281,288.09735107421875,-465.60162353515625,288.8519287109375
1044,1044,-453.893798828125,286.8370666503906,-453.893798828125,286.8370666503906,0.0,-462.5707702636719,287.9164733886719,8.74385225172197,-464.47454833984375,288.3061218261719,10.682246174809222,-465.25372314453125,287.9095153808594,-464.47454833984375,288.3061218261719
1045,1045,-453.291015625,286.480712890625,-453.291015625,286.480712890625,0.0,-462.91107177734375,288.09527587890625,9.754603734512976,-463.8441162109375,288.23388671875,10.697735762699361,-464.0671691894531,287.8721618652344,-463.8441162109375,288.23388671875
1046,1046,-452.222412109375,285.8055725097656,-452.222412109375,285.8055725097656,0.0,-463.12677001953125,288.5234069824219,11.237955581579145,-464.2061767578125,288.6018371582031,12.305678003801402,-463.2777099609375,288.04974365234375,-464.2061767578125,288.6018371582031
1047,1047,-451.1537780761719,285.1304016113281,-451.1537780761719,285.1304016113281,0.0,-460.8040466308594,281.2093811035156,10.416433410735008,-462.17279052734375,285.2196044921875,11.019373510006567,-462.06549072265625,285.5240173339844,-462.17279052734375,285.2196044921875
1048,1048,-450.08428955078125,284.4546813964844,-450.08428955078125,284.4546813964844,0.0,-461.6845703125,282.8677978515625,11.708318117297887,-461.5191650390625,283.9228515625,11.44723636537707,-461.3966979980469,284.0968322753906,-461.5191650390625,283.9228515625
1049,1049,-448.42645263671875,283.37860107421875,-448.42645263671875,283.37860107421875,0.0,-447.51129150390625,278.1490173339844,5.30905509437738,-456.2113342285156,281.11444091796875,8.107453522003556,-455.49700927734375,281.1665344238281,-456.2113342285156,281.11444091796875
1050,1050,-446.768798828125,282.3026123046875,-446.768798828125,282.3026123046875,0.0,-449.38543701171875,279.548095703125,3.799231118545465,-452.9195556640625,279.6376953125,6.703252362106141,-451.9299621582031,279.7204284667969,-452.9195556640625,279.6376953125
1051,1051,-445.1108093261719,281.2264404296875,-445.1108093261719,281.2264404296875,0.0,-450.3328552246094,279.7825012207031,5.417999981970316,-450.7569885253906,278.692138671875,6.188862977101853,-449.8578186035156,278.9317321777344,-450.7569885253906,278.692138671875
1052,1052,-442.9400329589844,279.8542175292969,-442.9400329589844,279.8542175292969,0.0,-440.301513671875,271.0838317871094,9.158681678888831,-445.4915771484375,275.21142578125,5.29772526339977,-444.9256286621094,275.4450378417969,-445.4915771484375,275.21142578125
1053,1053,-440.7690124511719,278.48187255859375,-440.7690124511719,278.48187255859375,0.0,-440.1339111328125,269.9099426269531,8.595425320339784,-440.96929931640625,271.91070556640625,6.574218620307658,-441.2971496582031,272.2702331542969,-440.96929931640625,271.91070556640625
1054,1054,-438.4012145996094,276.98516845703125,-438.4012145996094,276.98516845703125,0.0,-435.5956115722656,270.2261962890625,7.318135904341801,-437.52569580078125,270.4754638671875,6.568316908777638,-436.8174133300781,270.2028503417969,-437.52569580078125,270.4754638671875
1055,1055,-435.843017578125,275.36529541015625,-435.843017578125,275.36529541015625,0.0,-433.91961669921875,262.60589599609375,12.903555492520494,-432.8798522949219,262.17486572265625,13.519163577546564,-433.6518249511719,265.0711364746094,-432.8798522949219,262.17486572265625
1056,1056,-433.263427734375,273.73187255859375,-433.263427734375,273.73187255859375,0.0,-430.99847412109375,262.6380310058594,11.322691167186873,-428.8104248046875,259.2433166503906,15.157423507870101,-430.60125732421875,262.4510803222656,-428.8104248046875,259.2433166503906
1057,1057,-430.7010192871094,272.109375,-430.7010192871094,272.109375,0.0,-430.9674377441406,262.655517578125,9.457610636275312,-427.3129577636719,257.4139709472656,15.080910488419441,-428.8659973144531,261.08038330078125,-427.3129577636719,257.4139709472656
1058,1058,-426.8499755859375,269.60980224609375,-426.8499755859375,269.60980224609375,0.0,-428.0782470703125,260.402099609375,9.28926470101731,-425.8158874511719,255.63294982910156,14.015054111805755,-426.8470458984375,259.4544372558594,-425.8158874511719,255.63294982910156
1059,1059,-422.6229553222656,266.8662109375,-422.6229553222656,266.8662109375,0.0,-425.4970703125,259.3752746582031,8.02338228664047,-423.7435607910156,253.9443817138672,12.970328719863787,-424.67236328125,258.2917175292969,-423.7435607910156,253.9443817138672
1060,1060,-419.8501281738281,265.0935363769531,-419.8501281738281,265.0935363769531,0.0,-420.7799072265625,257.0723876953125,8.074856980769924,-419.8847351074219,251.04409790039062,14.049481098836624,-421.5505065917969,256.7270202636719,-419.8847351074219,251.04409790039062
1061,1061,-417.0742492675781,263.3188781738281,-417.0742492675781,263.3188781738281,0.0,-422.3510437011719,257.77239990234375,7.6555849358787915,-419.0066833496094,250.62136840820312,12.843716585534663,-420.33245849609375,256.2736511230469,-419.0066833496094,250.62136840820312
1062,1062,-414.2997741699219,261.5451354980469,-414.2997741699219,261.5451354980469,0.0,-419.72283935546875,257.6512145996094,6.676245649313607,-417.5064392089844,249.76014709472656,12.213461930965353,-418.90863037109375,256.18927001953125,-417.5064392089844,249.76014709472656
1063,1063,-411.2735290527344,259.6844177246094,-411.2735290527344,259.6844177246094,0.0,-417.5791320800781,254.1387481689453,8.397325786169421,-417.6951904296875,249.40750122070312,12.118281547666408,-417.341552734375,254.76528930664062,-417.6951904296875,249.40750122070312
1064,1064,-408.52392578125,257.9938049316406,-408.52392578125,257.9938049316406,0.0,-417.93475341796875,255.1426239013672,9.833255314259898,-418.1227722167969,250.00486755371094,12.488433581586325,-416.77960205078125,254.2094268798828,-418.1227722167969,250.00486755371094
1065,1065,-405.7723693847656,256.302001953125,-405.7723693847656,256.302001953125,0.0,-416.7336730957031,253.24171447753906,11.380489377730658,-417.9610900878906,249.13558959960938,14.13939101939717,-416.2253112792969,253.22396850585938,-417.9610900878906,249.13558959960938
1066,1066,-403.11895751953125,254.65374755859375,-403.11895751953125,254.65374755859375,0.0,-416.6637878417969,254.77090454101562,13.54533699165497,-417.7251281738281,248.7789764404297,15.743352783738851,-415.9734191894531,253.3095703125,-417.7251281738281,248.7789764404297
1067,1067,-400.2083740234375,252.845703125,-400.2083740234375,252.845703125,0.0,-413.37396240234375,255.694091796875,13.4701906218456,-415.40338134765625,249.0425262451172,15.663728865207563,-414.38421630859375,254.12100219726562,-415.40338134765625,249.0425262451172
1068,1068,-397.2959899902344,251.03659057617188,-397.2959899902344,251.03659057617188,0.0,-406.26580810546875,255.51441955566406,10.025397218562803,-411.9208679199219,251.59388732910156,14.635492274914654,-411.49591064453125,254.4897003173828,-411.9208679199219,251.59388732910156
1069,1069,-394.5057373046875,249.26361083984375,-394.5057373046875,249.26361083984375,0.0,-403.6288757324219,254.50057983398438,10.519386817547586,-406.10894775390625,252.16493225097656,11.96044140738781,-407.9485778808594,254.39981079101562,-406.10894775390625,252.16493225097656
1070,1070,-391.71441650390625,247.489990234375,-391.71441650390625,247.489990234375,0.0,-392.49658203125,249.99073791503906,2.6202140894422374,-396.32781982421875,250.5271453857422,5.523386787954166,-400.64654541015625,252.72483825683594,-396.32781982421875,250.5271453857422
1071,1071,-388.9217834472656,245.71551513671875,-388.9217834472656,245.71551513671875,0.0,-390.5632629394531,244.0336151123047,2.3501579979644256,-390.4105224609375,246.8173828125,1.8521490830276814,-394.3113708496094,248.7911376953125,-390.4105224609375,246.8173828125
1072,1072,-386.143310546875,243.91171264648438,-386.143310546875,243.91171264648438,0.0,-387.0487365722656,243.6163787841797,0.9523751244538409,-385.84234619140625,243.946044921875,0.30291623990175537,-388.8128356933594,245.83486938476562,-385.84234619140625,243.946044921875
1073,1073,-383.36572265625,242.10845947265625,-383.36572265625,242.10845947265625,0.0,-382.8596496582031,240.14175415039062,2.0307731788607235,-381.3402099609375,240.77162170410156,2.4268986172286606,-383.6793212890625,242.47288513183594,-381.3402099609375,240.77162170410156
1074,1074,-380.58837890625,240.30538940429688,-380.58837890625,240.30538940429688,0.0,-382.9522705078125,240.07154846191406,2.3754294538613863,-378.57489013671875,238.8339080810547,2.4938713498653144,-380.52862548828125,240.22340393066406,-378.57489013671875,238.8339080810547
1075,1075,-377.8736572265625,238.56005859375,-377.8736572265625,238.56005859375,0.0,-378.8793029785156,239.48358154296875,1.3653636937296465,-375.48876953125,237.62637329101562,2.5611437999056497,-377.2737121582031,238.65110778808594,-375.48876953125,237.62637329101562
1076,1076,-375.1526184082031,236.81068420410156,-375.1526184082031,236.81068420410156,0.0,-378.13092041015625,235.26409912109375,3.355921368837517,-373.30682373046875,235.5487823486328,2.2359235866165057,-375.17840576171875,236.08529663085938,-373.30682373046875,235.5487823486328
1077,1077,-372.1733093261719,234.895263671875,-372.1733093261719,234.895263671875,0.0,-373.73468017578125,234.9786834716797,1.563597708174758,-370.82696533203125,234.53213500976562,1.3944549386064349,-372.4793395996094,234.36094665527344,-370.82696533203125,234.53213500976562
1078,1078,-369.3402099609375,233.13587951660156,-369.3402099609375,233.13587951660156,0.0,-368.611328125,234.38644409179688,1.4474738296401262,-367.69989013671875,233.6324462890625,1.7138342058779499,-368.9065856933594,233.166259765625,-367.69989013671875,233.6324462890625
1079,1079,-366.507080078125,231.37649536132812,-366.507080078125,231.37649536132812,0.0,-368.34808349609375,230.9390869140625,1.892252555741951,-365.57208251953125,231.78057861328125,1.0185792600898989,-366.6031799316406,231.17274475097656,-365.57208251953125,231.78057861328125
1080,1080,-363.676513671875,229.61871337890625,-363.676513671875,229.61871337890625,0.0,-362.24261474609375,230.12347412109375,1.5201478665611114,-362.1605224609375,230.189697265625,1.6199543050753618,-363.0049133300781,229.6309051513672,-362.1605224609375,230.189697265625
1081,1081,-361.0223388671875,227.96498107910156,-361.0223388671875,227.96498107910156,0.0,-361.9964599609375,230.504150390625,2.7196126006972214,-359.7498779296875,229.41355895996094,1.9280909507537285,-360.592041015625,228.9399871826172,-359.7498779296875,229.41355895996094
1082,1082,-358.10552978515625,226.1476287841797,-358.10552978515625,226.1476287841797,0.0,-355.8409423828125,226.5843048095703,2.3063048484545505,-356.10882568359375,227.59751892089844,2.4675916756527663,-356.85540771484375,227.0775604248047,-356.10882568359375,227.59751892089844
1083,1083,-355.1899719238281,224.33103942871094,-355.1899719238281,224.33103942871094,0.0,-351.85052490234375,226.6897430419922,4.088445810403617,-352.2641296386719,226.78372192382812,3.817879581582245,-352.82318115234375,225.9676513671875,-352.2641296386719,226.78372192382812
1084,1084,-351.1648864746094,221.77389526367188,-351.1648864746094,221.77389526367188,0.0,-351.6791076660156,223.2340545654297,1.5480596306993881,-349.91046142578125,225.24949645996094,3.6950488330701945,-350.3731384277344,224.02926635742188,-349.91046142578125,225.24949645996094
1085,1085,-346.7442321777344,218.96543884277344,-346.7442321777344,218.96543884277344,0.0,-349.01446533203125,222.80267333984375,4.45851176519421,-347.8069152832031,224.03921508789062,5.183869285404887,-347.9847717285156,222.57167053222656,-347.8069152832031,224.03921508789062
1086,1086,-343.8734130859375,217.12535095214844,-343.8734130859375,217.12535095214844,0.0,-344.16265869140625,215.03515625,2.1101130095737477,-344.12384033203125,219.82821655273438,2.7144421637634646,-344.6667785644531,218.4607391357422,-344.12384033203125,219.82821655273438
1087,1087,-341.0033264160156,215.28573608398438,-341.0033264160156,215.28573608398438,0.0,-340.2412109375,214.81060791015625,0.89809063248558,-340.56097412109375,216.9833984375,1.7543468925406003,-341.06121826171875,215.68357849121094,-340.56097412109375,216.9833984375
1088,1088,-338.39044189453125,213.61097717285156,-338.39044189453125,213.61097717285156,0.0,-340.1589050292969,214.37635803222656,1.926984618237176,-338.27838134765625,214.998779296875,1.3923190372934964,-338.7786560058594,213.78472900390625,-338.27838134765625,214.998779296875
1089,1089,-335.52252197265625,211.7858123779297,-335.52252197265625,211.7858123779297,0.0,-336.351806640625,210.04940795898438,1.9242695670463763,-335.4699401855469,212.2438507080078,0.4610465878372521,-336.03082275390625,210.94317626953125,-335.4699401855469,212.2438507080078
1090,1090,-332.6539611816406,209.96022033691406,-332.6539611816406,209.96022033691406,0.0,-336.333740234375,209.72488403320312,3.68729671341852,-333.882568359375,210.51087951660156,1.3463658972784986,-334.45037841796875,209.05014038085938,-333.882568359375,210.51087951660156
1091,1091,-330.0468444824219,208.301025390625,-330.0468444824219,208.301025390625,0.0,-332.3895568847656,206.0023193359375,3.282125976551204,-331.5132141113281,207.95639038085938,1.5063243935271067,-332.06103515625,206.472900390625,-331.5132141113281,207.95639038085938
1092,1092,-327.2398376464844,206.50228881835938,-327.2398376464844,206.50228881835938,0.0,-332.7315673828125,205.82904052734375,5.532843641223384,-330.2206726074219,206.3897247314453,2.9829595602371253,-330.8080139160156,204.83425903320312,-330.2206726074219,206.3897247314453
1093,1093,-324.429443359375,204.7013702392578,-324.429443359375,204.7013702392578,0.0,-327.8935241699219,205.730224609375,3.613640432708867,-327.6957092285156,205.5992889404297,3.3874401429142846,-328.3035583496094,203.9286346435547,-327.6957092285156,205.5992889404297
1094,1094,-321.6215515136719,202.90203857421875,-321.6215515136719,202.90203857421875,0.0,-323.59552001953125,200.73898315429688,2.928371631432406,-324.8168640136719,203.57672119140625,3.265764628167686,-324.96002197265625,201.583251953125,-324.8168640136719,203.57672119140625
1095,1095,-318.77154541015625,201.1204833984375,-318.77154541015625,201.1204833984375,0.0,-323.8359375,200.588623046875,5.092243383150115,-322.8002014160156,202.09286499023438,4.144344963153072,-323.0107116699219,199.98025512695312,-322.8002014160156,202.09286499023438
1096,1096,-315.9222717285156,199.33937072753906,-315.9222717285156,199.33937072753906,0.0,-318.8751525878906,199.96829223632812,3.0191137166196222,-319.4591064453125,200.81275939941406,3.8314584680444086,-319.93707275390625,198.80877685546875,-319.4591064453125,200.81275939941406
1097,1097,-313.0736999511719,197.55870056152344,-313.0736999511719,197.55870056152344,0.0,-318.94097900390625,192.97808837890625,7.443585926836378,-317.5566101074219,197.40005493164062,4.485716431618289,-317.98779296875,195.4753875732422,-317.5566101074219,197.40005493164062
1098,1098,-310.3135681152344,195.83432006835938,-310.3135681152344,195.83432006835938,0.0,-314.3248596191406,192.8506317138672,4.999285521556332,-314.71661376953125,195.14163208007812,4.457199533668167,-315.0590515136719,193.1701202392578,-314.71661376953125,195.14163208007812
1099,1099,-307.3031921386719,193.95361328125,-307.3031921386719,193.95361328125,0.0,-309.5135803222656,188.05714416503906,6.297155227608755,-310.83172607421875,191.64395141601562,4.217237207701726,-311.3590087890625,189.73965454101562,-310.83172607421875,191.64395141601562
1100,1100,-304.5564880371094,192.2376251220703,-304.5564880371094,192.2376251220703,0.0,-309.0797119140625,188.1724395751953,6.0815530723294895,-308.02264404296875,189.64242553710938,4.330045997762199,-308.7519836425781,187.66331481933594,-308.02264404296875,189.64242553710938
1101,1101,-301.740234375,190.4744415283203,-301.740234375,190.4744415283203,0.0,-303.18212890625,188.22149658203125,2.67484967245976,-304.1365661621094,188.47247314453125,3.122544386170003,-304.8868408203125,186.49630737304688,-304.1365661621094,188.47247314453125
1102,1102,-298.9256286621094,188.7122802734375,-298.9256286621094,188.7122802734375,0.0,-302.87969970703125,183.71974182128906,6.368682597246489,-301.7066955566406,186.05368041992188,3.8473999341075777,-302.2763977050781,184.1273956298828,-301.7066955566406,186.05368041992188
1103,1103,-296.11077880859375,186.949951171875,-296.11077880859375,186.949951171875,0.0,-298.5002746582031,183.99566650390625,3.7996695007191947,-298.5944519042969,184.72836303710938,3.332279383072637,-298.9830627441406,182.80393981933594,-298.5944519042969,184.72836303710938
1104,1104,-293.50213623046875,185.28282165527344,-293.50213623046875,185.28282165527344,0.0,-295.0930480957031,184.35903930664062,1.8396669238177528,-295.2074890136719,184.20376586914062,2.0180657830619264,-295.5993347167969,182.26101684570312,-295.2074890136719,184.20376586914062
1105,1105,-290.6324768066406,183.4488983154297,-290.6324768066406,183.4488983154297,0.0,-295.130615234375,179.8036651611328,5.789730051068514,-293.0594177246094,182.34490966796875,2.666239515316212,-293.6026306152344,180.31930541992188,-293.0594177246094,182.34490966796875
1106,1106,-287.7671813964844,181.6177520751953,-287.7671813964844,181.6177520751953,0.0,-292.4325256347656,179.91064453125,4.967862017836149,-292.41412353515625,181.68467712402344,4.647424039435716,-291.5824279785156,179.14186096191406,-292.41412353515625,181.68467712402344
1107,1107,-285.0561218261719,179.91217041015625,-285.0561218261719,179.91217041015625,0.0,-292.1398010253906,180.0024871826172,7.084254944370096,-291.563232421875,181.1127166748047,6.61693279686844,-290.39056396484375,178.55184936523438,-291.563232421875,181.1127166748047
1108,1108,-282.34503173828125,178.20655822753906,-282.34503173828125,178.20655822753906,0.0,-290.31402587890625,175.4352569580078,8.437119078205612,-290.789794921875,179.31292724609375,8.516928885002981,-289.25213623046875,176.50860595703125,-290.789794921875,179.31292724609375
1109,1109,-279.3623046875,176.330078125,-279.3623046875,176.330078125,0.0,-287.3396301269531,176.46478271484375,7.978462664791443,-288.5715637207031,177.66357421875,9.305302991986874,-287.3085632324219,175.5915985107422,-288.5715637207031,177.66357421875
1110,1110,-274.939453125,173.52549743652344,-274.939453125,173.52549743652344,0.0,-284.1912841796875,172.54647827148438,9.303486249250536,-286.1566467285156,175.6544952392578,11.417445597978546,-284.861328125,173.54931640625,-286.1566467285156,175.6544952392578
1111,1111,-270.86553955078125,170.9422149658203,-270.86553955078125,170.9422149658203,0.0,-283.5169982910156,173.3807830810547,12.884332451023239,-283.8634033203125,174.28135681152344,13.419922907268088,-283.0293884277344,172.58409118652344,-283.8634033203125,174.28135681152344
1112,1112,-268.18585205078125,169.2104949951172,-268.18585205078125,169.2104949951172,0.0,-277.6898498535156,167.1064910888672,9.734105334949643,-279.88214111328125,170.25445556640625,11.742786360483755,-280.2987365722656,169.5094451904297,-279.88214111328125,170.25445556640625
1113,1113,-265.2349853515625,167.3035430908203,-265.2349853515625,167.3035430908203,0.0,-259.324462890625,167.93955993652344,5.944644075911091,-269.6893005371094,168.64346313476562,4.651484655070884,-270.3688659667969,167.80514526367188,-269.6893005371094,168.64346313476562
1114,1114,-262.28704833984375,165.39849853515625,-262.28704833984375,165.39849853515625,0.0,-259.177734375,167.72947692871094,3.8860382915240494,-262.5074157714844,167.5063018798828,2.1192915667666803,-263.24713134765625,166.71157836914062,-262.5074157714844,167.5063018798828
1115,1115,-259.55682373046875,163.6753387451172,-259.55682373046875,163.6753387451172,0.0,-257.45269775390625,162.8621063232422,2.2558131787082396,-258.8375244140625,165.62547302246094,2.078560849783698,-257.8162536621094,164.16110229492188,-258.8375244140625,165.62547302246094
1116,1116,-256.5542907714844,161.7803192138672,-256.5542907714844,161.7803192138672,0.0,-257.8946228027344,163.275390625,2.0079164520421187,-256.6605529785156,163.79916381835938,2.0216392343171345,-255.51675415039062,162.72174072265625,-256.6605529785156,163.79916381835938
1117,1117,-253.82090759277344,160.05516052246094,-253.82090759277344,160.05516052246094,0.0,-254.65872192382812,157.4637451171875,2.7234842859853456,-253.3916473388672,160.30332946777344,0.4958348424638761,-252.42269897460938,159.51036071777344,-253.3916473388672,160.30332946777344
1118,1118,-251.05770874023438,158.3080596923828,-251.05770874023438,158.3080596923828,0.0,-253.02951049804688,157.60592651367188,2.0930822183467113,-249.55039978027344,156.9318389892578,2.0410692600909925,-249.9180450439453,157.4954071044922,-249.55039978027344,156.9318389892578
1119,1119,-248.29263305664062,156.55978393554688,-248.29263305664062,156.55978393554688,0.0,-252.2432403564453,157.6577911376953,4.100355820320954,-247.24362182617188,155.04063415527344,1.846142090022974,-248.37942504882812,156.3220672607422,-247.24362182617188,155.04063415527344
1120,1120,-245.52838134765625,154.81201171875,-245.52838134765625,154.81201171875,0.0,-244.89089965820312,154.11480712890625,0.9447100848869997,-243.22511291503906,152.66641235351562,3.147799566170786,-245.18145751953125,154.33583068847656,-243.22511291503906,152.66641235351562
1121,1121,-242.76480102539062,153.04612731933594,-242.76480102539062,153.04612731933594,0.0,-244.86102294921875,153.72647094726562,2.203863381882419,-241.31719970703125,151.0960235595703,2.428673352010893,-243.0968475341797,152.94607543945312,-241.31719970703125,151.0960235595703
1122,1122,-240.00369262695312,151.2818145751953,-240.00369262695312,151.2818145751953,0.0,-236.56446838378906,152.23471069335938,3.568791729252291,-237.21852111816406,150.43185424804688,2.9119774880820457,-238.52964782714844,151.58059692382812,-237.21852111816406,150.43185424804688
1123,1123,-237.23583984375,149.51321411132812,-237.23583984375,149.51321411132812,0.0,-231.1347198486328,145.79771423339844,7.143430866027491,-233.34286499023438,147.78164672851562,4.2607016806302145,-233.35215759277344,148.25917053222656,-233.34286499023438,147.78164672851562
1124,1124,-234.49920654296875,147.7901611328125,-234.49920654296875,147.7901611328125,0.0,-231.13284301757812,145.8595428466797,3.880681686486383,-230.9906768798828,145.95639038085938,3.9588502835384736,-230.29733276367188,146.063720703125,-230.9906768798828,145.95639038085938
1125,1125,-231.49073791503906,145.8959503173828,-231.49073791503906,145.8959503173828,0.0,-230.11129760742188,138.02748107910156,7.988470674419311,-229.2848663330078,142.17086791992188,4.329215668488505,-228.2637176513672,141.75814819335938,-229.2848663330078,142.17086791992188
1126,1126,-228.74928283691406,144.1698760986328,-228.74928283691406,144.1698760986328,0.0,-229.87509155273438,138.3861846923828,5.892243337418023,-228.3892364501953,139.41021728515625,4.773257317733284,-227.17767333984375,138.85702514648438,-228.3892364501953,139.41021728515625
1127,1127,-225.81781005859375,142.3313751220703,-225.81781005859375,142.3313751220703,0.0,-228.62449645996094,139.00872802734375,4.3494220618048045,-228.27529907226562,138.05328369140625,4.933692181464025,-226.47438049316406,137.28756713867188,-228.27529907226562,138.05328369140625
1128,1128,-222.8794403076172,140.48854064941406,-222.8794403076172,140.48854064941406,0.0,-228.42726135253906,132.2766571044922,9.910264865372504,-228.6786651611328,134.8042755126953,8.120460519339378,-226.3640594482422,133.82838439941406,-228.6786651611328,134.8042755126953
1129,1129,-220.21165466308594,138.81539916992188,-220.21165466308594,138.81539916992188,0.0,-228.17974853515625,132.4999237060547,10.167386600736343,-228.72203063964844,132.6870574951172,10.487281389645272,-226.33656311035156,131.6987762451172,-228.72203063964844,132.6870574951172
1130,1130,-217.21551513671875,136.92379760742188,-217.21551513671875,136.92379760742188,0.0,-226.48582458496094,134.06809997558594,9.700187948212228,-228.65988159179688,132.12289428710938,12.410567926130739,-225.80429077148438,131.0726776123047,-228.65988159179688,132.12289428710938
1131,1131,-214.49151611328125,135.20399475097656,-214.49151611328125,135.20399475097656,0.0,-227.43751525878906,128.62425231933594,14.522117763681063,-229.75148010253906,129.79425048828125,16.19048590812549,-226.16026306152344,128.82923889160156,-229.75148010253906,129.79425048828125
1132,1132,-211.76593017578125,133.4832000732422,-211.76593017578125,133.4832000732422,0.0,-222.77069091796875,131.02984619140625,11.274914822840598,-227.6273651123047,129.37059020996094,16.385929272797576,-224.0792999267578,128.32713317871094,-227.6273651123047,129.37059020996094
1133,1133,-209.04757690429688,131.75563049316406,-209.04757690429688,131.75563049316406,0.0,-219.38226318359375,128.80929565429688,10.746470558942114,-224.29420471191406,128.2966766357422,15.634066051151867,-220.99148559570312,127.41206359863281,-224.29420471191406,128.2966766357422
1134,1134,-206.32176208496094,130.0233154296875,-206.32176208496094,130.0233154296875,0.0,-219.7431640625,124.50106048583984,14.513074474677628,-223.24432373046875,126.0966796875,17.37214900056514,-219.5657196044922,125.27406311035156,-223.24432373046875,126.0966796875
1135,1135,-203.34063720703125,128.1287384033203,-203.34063720703125,128.1287384033203,0.0,-213.88937377929688,131.13539123535156,10.96885611736319,-219.5320587158203,127.83061981201172,16.194165775666274,-215.94647216796875,126.6303482055664,-219.5320587158203,127.83061981201172
1136,1136,-200.51148986816406,126.3474349975586,-200.51148986816406,126.3474349975586,0.0,-214.76974487304688,123.96027374267578,14.456706908597111,-217.975341796875,126.62499237060547,17.466057433870798,-214.24472045898438,124.96639251708984,-217.975341796875,126.62499237060547
1137,1137,-197.68243408203125,124.56620788574219,-197.68243408203125,124.56620788574219,0.0,-209.27984619140625,127.81991577148438,12.045189190727507,-215.3980255126953,127.92990112304688,18.03209948766109,-211.2079620361328,125.61376953125,-215.3980255126953,127.92990112304688
1138,1138,-194.85406494140625,122.785400390625,-194.85406494140625,122.785400390625,0.0,-199.8523406982422,125.63516235351562,5.753599202804458,-210.11334228515625,127.922607421875,16.100821132333795,-206.04136657714844,125.18914794921875,-210.11334228515625,127.922607421875
1139,1139,-192.0177764892578,120.99646759033203,-192.0177764892578,120.99646759033203,0.0,-198.06784057617188,119.61365509033203,6.206081361529475,-204.8876495361328,125.32683563232422,13.578870336732244,-201.2081756591797,122.68157958984375,-204.8876495361328,125.32683563232422
1140,1140,-189.18141174316406,119.20748901367188,-189.18141174316406,119.20748901367188,0.0,-189.18466186523438,119.13047790527344,0.07707966080768534,-197.73130798339844,122.72151947021484,9.243870172621719,-194.2670135498047,120.58052825927734,-197.73130798339844,122.72151947021484
1141,1141,-186.34707641601562,117.4197998046875,-186.34707641601562,117.4197998046875,0.0,-188.58486938476562,119.42867279052734,3.0072060195842965,-192.27020263671875,120.92247772216797,6.881291798782129,-189.2974395751953,119.31964874267578,-192.27020263671875,120.92247772216797
1142,1142,-183.55494689941406,115.63081359863281,-183.55494689941406,115.63081359863281,0.0,-184.59178161621094,115.63523864746094,1.0368441594629287,-186.9336700439453,118.30996704101562,4.312033540595761,-184.6550750732422,117.02294158935547,-186.9336700439453,118.30996704101562
1143,1143,-180.76480102539062,113.84308624267578,-180.76480102539062,113.84308624267578,0.0,-180.33450317382812,116.87391662597656,3.0612234569528676,-181.49911499023438,116.6197738647461,2.872143998744324,-180.162353515625,116.082763671875,-181.49911499023438,116.6197738647461
1144,1144,-177.97283935546875,112.05419921875,-177.97283935546875,112.05419921875,0.0,-180.23492431640625,113.87635803222656,2.904701553005046,-177.7490234375,114.34846496582031,2.305157019232376,-177.4065399169922,114.29851531982422,-177.7490234375,114.34846496582031
1145,1145,-175.1536407470703,110.28015899658203,-175.1536407470703,110.28015899658203,0.0,-175.99708557128906,114.89762115478516,4.693863648844016,-172.4551239013672,113.56288146972656,4.249501147456216,-174.3806610107422,113.97372436523438,-172.4551239013672,113.56288146972656
1146,1146,-172.33653259277344,108.50743865966797,-172.33653259277344,108.50743865966797,0.0,-175.82818603515625,114.79273223876953,7.190031928802478,-169.81752014160156,113.73311614990234,5.801131696583105,-172.6742706298828,113.81767272949219,-169.81752014160156,113.73311614990234
1147,1147,-169.51690673828125,106.7331314086914,-169.51690673828125,106.7331314086914,0.0,-170.59226989746094,111.51119995117188,4.897585621585635,-167.2294464111328,112.10649871826172,5.839995804094121,-169.82537841796875,112.0516586303711,-167.2294464111328,112.10649871826172
1148,1148,-166.68472290039062,104.95948791503906,-166.68472290039062,104.95948791503906,0.0,-165.0699920654297,110.72479248046875,5.987160629341595,-163.94285583496094,110.96379852294922,6.6007257843929885,-165.99559020996094,110.8088150024414,-163.94285583496094,110.96379852294922
1149,1149,-163.85231018066406,103.1856918334961,-163.85231018066406,103.1856918334961,0.0,-165.11207580566406,110.53271484375,7.454244196639389,-161.74061584472656,109.96341705322266,7.099071215486432,-163.61428833007812,110.0628890991211,-161.74061584472656,109.96341705322266
1150,1150,-161.02012634277344,101.41205596923828,-161.02012634277344,101.41205596923828,0.0,-158.8958740234375,106.76681518554688,5.760719935984211,-159.58177185058594,109.14978790283203,7.870283293589401,-159.85345458984375,108.24195861816406,-159.58177185058594,109.14978790283203
1151,1151,-158.17091369628906,99.62356567382812,-158.17091369628906,99.62356567382812,0.0,-158.81588745117188,107.45118713378906,7.854148513042558,-156.0293731689453,107.37273406982422,8.03963970957408,-157.464111328125,107.21115112304688,-156.0293731689453,107.37273406982422
1152,1152,-155.32330322265625,97.83607482910156,-155.32330322265625,97.83607482910156,0.0,-153.08413696289062,102.49738311767578,5.171233943654405,-152.12193298339844,107.70714569091797,10.37722561033567,-153.85354614257812,105.26483917236328,-152.12193298339844,107.70714569091797
1153,1153,-152.4722900390625,96.04645538330078,-152.4722900390625,96.04645538330078,0.0,-149.73193359375,103.01802825927734,7.49081983580021,-149.6286163330078,106.04496002197266,10.395026462498775,-150.239501953125,103.54015350341797,-149.6286163330078,106.04496002197266
1154,1154,-149.82516479492188,94.34442138671875,-149.82516479492188,94.34442138671875,0.0,-150.11553955078125,102.35256958007812,8.0134109457612,-147.97447204589844,104.75310516357422,10.571932728591406,-148.26754760742188,102.1323471069336,-147.97447204589844,104.75310516357422
1155,1155,-146.9134063720703,92.47222900390625,-146.9134063720703,92.47222900390625,0.0,-147.7286376953125,90.25047302246094,2.366601308096324,-145.91566467285156,99.80859375,7.403900065917093,-146.1527557373047,97.41020965576172,-145.91566467285156,99.80859375
1156,1156,-144.0061492919922,90.60293579101562,-144.0061492919922,90.60293579101562,0.0,-151.00640869140625,80.18524169921875,12.551174520710978,-146.02978515625,91.73468017578125,2.3186089501162086,-146.16793823242188,89.63985443115234,-146.02978515625,91.73468017578125
1157,1157,-139.83798217773438,87.919189453125,-139.83798217773438,87.919189453125,0.0,-144.0813446044922,74.90855407714844,13.685129066670608,-143.92172241210938,79.43115997314453,9.419319442235235,-144.07452392578125,79.28387451171875,-143.92172241210938,79.43115997314453
1158,1158,-135.67276000976562,85.23733520507812,-135.67276000976562,85.23733520507812,0.0,-139.4202117919922,74.6998519897461,11.184004085009864,-141.033203125,74.23619079589844,12.237627576588899,-140.9172821044922,74.48397827148438,-141.033203125,74.23619079589844
1159,1159,-132.8868408203125,83.48136901855469,-132.8868408203125,83.48136901855469,0.0,-134.09002685546875,71.28801727294922,12.252570482443875,-135.19595336914062,68.97793579101562,14.686101461887006,-136.69720458984375,70.54412841796875,-135.19595336914062,68.97793579101562
1160,1160,-130.10357666015625,81.72706604003906,-130.10357666015625,81.72706604003906,0.0,-134.1812744140625,71.51881408691406,10.992544150954885,-131.82115173339844,66.97166442871094,14.85503082608069,-134.02349853515625,68.83590698242188,-131.82115173339844,66.97166442871094
1161,1161,-127.31895446777344,79.971923828125,-127.31895446777344,79.971923828125,0.0,-130.43222045898438,71.26498413085938,9.246795338053646,-128.7057647705078,65.99932861328125,14.041248514774058,-130.92050170898438,68.07694244384766,-128.7057647705078,65.99932861328125
1162,1162,-124.50147247314453,78.22492980957031,-124.50147247314453,78.22492980957031,0.0,-131.14114379882812,68.4144287109375,11.846145665125874,-127.52507781982422,64.44377899169922,14.108944225468436,-129.3773651123047,66.56441497802734,-127.52507781982422,64.44377899169922
1163,1163,-121.68000030517578,76.47545623779297,-121.68000030517578,76.47545623779297,0.0,-127.67512512207031,68.46663665771484,10.00413477700033,-125.18260955810547,64.10392761230469,12.857798882778678,-127.20140075683594,66.13558959960938,-125.18260955810547,64.10392761230469
1164,1164,-118.86302185058594,74.72877502441406,-118.86302185058594,74.72877502441406,0.0,-123.77494049072266,68.49187469482422,7.938883450999923,-122.0989761352539,64.38285827636719,10.840174975062801,-124.35625457763672,66.33818817138672,-122.0989761352539,64.38285827636719
1165,1165,-116.19981384277344,73.051025390625,-116.19981384277344,73.051025390625,0.0,-123.60221862792969,63.9327507019043,11.744723491946022,-122.4959716796875,64.33142852783203,10.755137049659728,-122.51739501953125,64.64242553710938,-122.4959716796875,64.33142852783203
1166,1166,-113.27178192138672,71.20645141601562,-113.27178192138672,71.20645141601562,0.0,-117.87847900390625,63.52921676635742,8.95330050182649,-119.8762435913086,63.2088623046875,10.37209455910914,-119.27284240722656,63.35939025878906,-119.8762435913086,63.2088623046875
1167,1167,-110.34581756591797,69.36317443847656,-110.34581756591797,69.36317443847656,0.0,-117.92076110839844,63.759761810302734,9.4222079553226,-117.97570037841797,62.67782974243164,10.144404636912848,-117.18292999267578,62.738033294677734,-117.97570037841797,62.67782974243164
1168,1168,-107.5041732788086,67.54548645019531,-107.5041732788086,67.54548645019531,0.0,-111.22462463378906,56.418556213378906,11.732447944898592,-114.39543151855469,60.61906051635742,9.770609824561133,-113.32119750976562,59.562095642089844,-114.39543151855469,60.61906051635742
1169,1169,-104.66370391845703,65.72854614257812,-104.66370391845703,65.72854614257812,0.0,-108.46794891357422,56.07481384277344,10.376262684568394,-110.79637145996094,57.5252571105957,10.242243998111872,-109.5854721069336,57.0780143737793,-110.79637145996094,57.5252571105957
1170,1170,-101.81839752197266,63.90851974487305,-101.81839752197266,63.90851974487305,0.0,-109.41085052490234,53.755043029785156,12.678266127729296,-108.98839569091797,55.074317932128906,11.37769728068782,-107.80630493164062,54.573150634765625,-108.98839569091797,55.074317932128906
1171,1171,-98.92457580566406,62.05345916748047,-98.92457580566406,62.05345916748047,0.0,-106.09296417236328,54.41663360595703,10.474105996836506,-106.79071044921875,53.315673828125,11.756911451022612,-105.52720642089844,53.38322830200195,-106.79071044921875,53.315673828125
1172,1172,-96.2905502319336,60.36494445800781,-96.2905502319336,60.36494445800781,0.0,-107.28882598876953,53.82051467895508,12.798110436949562,-105.87520599365234,51.496212005615234,13.058332258859464,-104.86831665039062,52.58733367919922,-105.87520599365234,51.496212005615234
1173,1173,-93.41352844238281,58.52065658569336,-93.41352844238281,58.52065658569336,0.0,-102.81743621826172,53.54166793823242,10.640667714423783,-104.3437271118164,52.324928283691406,12.564087398037149,-102.77586364746094,52.00606155395508,-104.3437271118164,52.324928283691406
1174,1174,-90.70120239257812,56.80291748046875,-90.70120239257812,56.80291748046875,0.0,-97.42327117919922,54.93323516845703,6.977243060114437,-101.18531036376953,53.770851135253906,10.91375033035774,-99.3612289428711,52.30677032470703,-101.18531036376953,53.770851135253906
1175,1175,-87.73210144042969,54.92256164550781,-87.73210144042969,54.92256164550781,0.0,-97.63108825683594,54.89276123046875,9.899031672649667,-99.85444641113281,55.10439682006836,12.123708657809244,-97.22559356689453,52.87016677856445,-99.85444641113281,55.10439682006836
1176,1176,-85.02908325195312,53.210716247558594,-85.02908325195312,53.210716247558594,0.0,-94.96862030029297,50.95757293701172,10.191714846539933,-97.32408142089844,54.28264236450195,12.341637070281797,-94.89207458496094,51.809688568115234,-97.32408142089844,54.28264236450195
1177,1177,-82.29035949707031,51.505859375,-82.29035949707031,51.505859375,0.0,-94.61441040039062,50.58290100097656,12.358563137671393,-95.48384857177734,53.50050354003906,13.34341632826984,-93.25,50.928382873535156,-95.48384857177734,53.50050354003906
1178,1178,-79.28849792480469,49.6371955871582,-79.28849792480469,49.6371955871582,0.0,-85.52558898925781,38.06694793701172,13.144273872375045,-90.72193908691406,48.31953811645508,11.509118038212865,-88.7273178100586,45.56848907470703,-90.72193908691406,48.31953811645508
1179,1179,-76.55272674560547,47.934173583984375,-76.55272674560547,47.934173583984375,0.0,-79.48011779785156,37.97331237792969,10.382118008337978,-85.47361755371094,44.34080123901367,9.617412210139529,-82.52653503417969,41.35880661010742,-85.47361755371094,44.34080123901367
1180,1180,-73.80789947509766,46.203880310058594,-73.80789947509766,46.203880310058594,0.0,-79.19960021972656,37.416202545166016,10.309884452272941,-83.03337860107422,41.475765228271484,10.366510373816832,-79.08001708984375,38.27389144897461,-83.03337860107422,41.475765228271484
1181,1181,-71.07186889648438,44.47914505004883,-71.07186889648438,44.47914505004883,0.0,-76.59414672851562,33.631736755371094,12.172173970396047,-81.50009155273438,38.192867279052734,12.176416385063606,-76.2262954711914,34.74479675292969,-81.50009155273438,38.192867279052734
1182,1182,-68.07637023925781,42.59083557128906,-68.07637023925781,42.59083557128906,0.0,-76.92227172851562,34.03619384765625,12.305765647751178,-81.02327728271484,36.8663444519043,14.155995216438594,-75.05715942382812,32.83594512939453,-81.02327728271484,36.8663444519043
1183,1183,-65.07719421386719,40.68674850463867,-65.07719421386719,40.68674850463867,0.0,-75.13008880615234,33.41954803466797,12.404551275815605,-81.2227554321289,35.83660888671875,16.858321427886978,-74.27748107910156,31.56937599182129,-81.2227554321289,35.83660888671875
1184,1184,-62.333858489990234,38.945091247558594,-62.333858489990234,38.945091247558594,0.0,-74.4700698852539,32.408626556396484,13.78452021977322,-80.44306945800781,33.74297332763672,18.841591035179075,-73.57316589355469,30.92979621887207,-80.44306945800781,33.74297332763672
1185,1185,-59.589805603027344,37.202972412109375,-59.589805603027344,37.202972412109375,0.0,-74.39730834960938,32.666385650634766,15.486857558408067,-80.07010650634766,33.752952575683594,20.76885557661457,-73.41252899169922,30.767913818359375,-80.07010650634766,33.752952575683594
1186,1186,-56.75384521484375,35.429100036621094,-56.75384521484375,35.429100036621094,0.0,-69.8758544921875,36.542110443115234,13.169127520062204,-74.83899688720703,35.98080062866211,18.093564727704788,-70.86929321289062,33.82170867919922,-74.83899688720703,35.98080062866211
1187,1187,-53.91852569580078,33.65562438964844,-53.91852569580078,33.65562438964844,0.0,-69.67376708984375,36.683013916015625,16.043463426857766,-71.2243881225586,36.206092834472656,17.492791761806114,-69.50047302246094,35.168212890625,-71.2243881225586,36.206092834472656
1188,1188,-51.08280944824219,31.88190269470215,-51.08280944824219,31.88190269470215,0.0,-63.41265106201172,36.684104919433594,13.232011956911862,-68.29750061035156,36.133174896240234,17.731861355717204,-66.96156311035156,35.82809829711914,-68.29750061035156,36.133174896240234
1189,1189,-48.375633239746094,30.155149459838867,-48.375633239746094,30.155149459838867,0.0,-49.562103271484375,26.334789276123047,4.000357867683117,-62.95130157470703,34.255531311035156,15.141441105007239,-62.14604949951172,33.387386322021484,-62.95130157470703,34.255531311035156
1190,1190,-45.6643180847168,28.425758361816406,-45.6643180847168,28.425758361816406,0.0,-52.430870056152344,27.181133270263672,6.880066656701876,-57.52153015136719,31.466121673583984,12.240804183592758,-57.43289566040039,30.918710708618164,-57.52153015136719,31.466121673583984
1191,1191,-42.68815612792969,26.527435302734375,-42.68815612792969,26.527435302734375,0.0,-37.06724166870117,21.00556182861328,7.879452139721794,-47.46644592285156,26.776620864868164,4.784782838189259,-48.50834274291992,26.620986938476562,-47.46644592285156,26.776620864868164
1192,1192,-39.91069030761719,24.739112854003906,-39.91069030761719,24.739112854003906,0.0,-36.25188064575195,15.192862510681152,10.223393945219376,-39.168216705322266,20.864360809326172,3.9452465648979507,-40.9798698425293,21.0076961517334,-39.168216705322266,20.864360809326172
1193,1193,-37.13270950317383,22.950458526611328,-37.13270950317383,22.950458526611328,0.0,-29.084705352783203,13.070517539978027,12.742982567046905,-35.6488037109375,19.46090316772461,3.791961629943998,-30.8903751373291,15.729283332824707,-35.6488037109375,19.46090316772461
1194,1194,-34.354774475097656,21.161834716796875,-34.354774475097656,21.161834716796875,0.0,-25.63135528564453,9.843433380126953,14.290005289461948,-32.887699127197266,17.496070861816406,3.9484344640500644,-25.216663360595703,11.26994514465332,-32.887699127197266,17.496070861816406
1195,1195,-31.521751403808594,19.36168670654297,-31.521751403808594,19.36168670654297,0.0,-25.4998779296875,10.356340408325195,10.833246147353425,-31.011150360107422,16.174028396606445,3.228293500711498,-22.842670440673828,8.850522994995117,-31.011150360107422,16.174028396606445
1196,1196,-28.691030502319336,17.562999725341797,-28.691030502319336,17.562999725341797,0.0,-23.562469482421875,10.61504077911377,8.635755418797,-28.37124252319336,15.079097747802734,2.50440280019328,-20.328819274902344,7.589267253875732,-28.37124252319336,15.079097747802734
1197,1197,-25.85799217224121,15.762840270996094,-25.85799217224121,15.762840270996094,0.0,-23.61348533630371,7.284481525421143,8.770426326880434,-27.886459350585938,13.769887924194336,2.843683904769384,-19.80373191833496,5.888272762298584,-27.886459350585938,13.769887924194336
1198,1198,-23.043832778930664,14.023212432861328,-23.043832778930664,14.023212432861328,0.0,-20.266902923583984,8.101085662841797,6.540865760868182,-25.966854095458984,12.714303016662598,3.2027015903284926,-18.08446502685547,5.2724385261535645,-25.966854095458984,12.714303016662598
1199,1199,-20.227121353149414,12.282008171081543,-20.227121353149414,12.282008171081543,0.0,-16.62999725341797,8.261882781982422,5.394507385568039,-22.153440475463867,12.25749397277832,1.9264750989599566,-15.89893913269043,5.206909656524658,-22.153440475463867,12.25749397277832
1200,1200,-17.412273406982422,10.541955947875977,-17.412273406982422,10.541955947875977,0.0,-16.976945877075195,4.606922626495361,5.950977279757783,-20.123432159423828,9.845705032348633,2.799133279840799,-14.859075546264648,4.084109306335449,-20.123432159423828,9.845705032348633
1201,1201,-14.758000373840332,8.920994758605957,-14.758000373840332,8.920994758605957,0.0,-12.547609329223633,3.8937277793884277,5.491743061219511,-16.187894821166992,7.972985744476318,1.7156104515205846,-12.703497886657715,3.176395893096924,-16.187894821166992,7.972985744476318
1202,1202,-12.100358963012695,7.297976970672607,-12.100358963012695,7.297976970672607,0.0,-14.45876693725586,3.2377195358276367,4.695506214476518,-14.073190689086914,6.108592510223389,2.303627663960272,-12.124019622802734,2.4626901149749756,-14.073190689086914,6.108592510223389
1203,1203,-9.446541786193848,5.6772942543029785,-9.446541786193848,5.6772942543029785,0.0,-9.013815879821777,0.18740415573120117,5.506917922435559,-10.551167488098145,3.942518472671509,2.0566100636344844,-9.922628402709961,0.7994326949119568,-10.551167488098145,3.942518472671509
1204,1204,-7.240681171417236,4.304375171661377,-7.240681171417236,4.304375171661377,0.0,-10.238844871520996,0.5870424509048462,4.775724879997488,-10.635367393493652,4.621548652648926,3.409471155970851,-8.940570831298828,-0.030528554692864418,-10.635367393493652,4.621548652648926
1205,1205,-5.034453868865967,2.9312281608581543,-5.034453868865967,2.9312281608581543,0.0,-4.535068511962891,1.7657122611999512,1.2679956810041915,-10.483631134033203,5.70703125,6.115440757370224,-5.805811882019043,0.03974878787994385,-10.483631134033203,5.70703125
1206,1206,-2.8288562297821045,1.5584728717803955,-2.8288562297821045,1.5584728717803955,0.0,-5.136294364929199,0.2596306800842285,2.647878733337538,-7.973037242889404,5.44083309173584,6.444790079832401,-4.458305358886719,-0.30696412920951843,-7.973037242889404,5.44083309173584
1207,1207,-1.2973566055297852,0.534582257270813,-1.2973566055297852,0.534582257270813,0.0,-3.8158352375030518,-0.08481116592884064,2.593527102694113,-8.746795654296875,5.544351577758789,8.977300863054467,-3.3341245651245117,-0.6037075519561768,-8.746795654296875,5.544351577758789
1208,1208,0.2352524697780609,-0.4900501072406769,0.2352524697780609,-0.4900501072406769,0.0,-4.461556434631348,-0.2885313630104065,4.701130043810281,-9.483959197998047,6.128051280975342,11.758500815484176,-3.1323938369750977,-0.8038631677627563,-9.483959197998047,6.128051280975342
1209,1209,1.7667585611343384,-1.5139451026916504,1.7667585611343384,-1.5139451026916504,0.0,-3.9695916175842285,-0.38442742824554443,5.8464966903069975,-9.575647354125977,6.609013080596924,13.951079585250275,-2.932746648788452,-0.8994889855384827,-9.575647354125977,6.609013080596924
1210,1210,2.570725440979004,-2.1137428283691406,2.570725440979004,-2.1137428283691406,0.0,-4.252401351928711,-0.24889658391475677,7.073380432830596,-10.013847351074219,6.802437782287598,15.423026584958524,-3.1027324199676514,-0.848026692867279,-10.013847351074219,6.802437782287598
1211,1211,3.37847638130188,-2.7163639068603516,3.37847638130188,-2.7163639068603516,0.0,-3.5823724269866943,0.21543346345424652,7.553069041948184,-10.32937240600586,7.253097057342529,16.949786732949157,-3.1488771438598633,-0.5416406989097595,-10.32937240600586,7.253097057342529
1212,1212,4.258603096008301,-3.3729805946350098,4.258603096008301,-3.3729805946350098,0.0,-3.7654929161071777,-1.8402081727981567,8.169180381702386,-11.08287239074707,6.48099422454834,18.233532017900853,-3.3222405910491943,-1.1132786273956299,-11.08287239074707,6.48099422454834
1213,1213,4.784184455871582,-3.690023422241211,4.784184455871582,-3.690023422241211,0.0,-3.571002244949341,-2.2522506713867188,8.477991229570511,-11.566642761230469,5.584587574005127,18.79808393999821,-3.362318992614746,-1.7075949907302856,-11.566642761230469,5.584587574005127
1214,1214,5.310488224029541,-4.007501602172852,5.310488224029541,-4.007501602172852,0.0,-3.6406283378601074,-1.826011061668396,9.213109609835627,-11.831388473510742,5.167503833770752,19.442856309278977,-3.454139232635498,-1.950623869895935,-11.831388473510742,5.167503833770752
1215,1215,5.415514945983887,-3.9759202003479004,5.415514945983887,-3.9759202003479004,0.0,-3.5318827629089355,-1.974656581878662,9.168477617996846,-11.717691421508789,5.102153778076172,19.389641244459163,-3.4709908962249756,-2.132979154586792,-11.717691421508789,5.102153778076172
1216,1216,5.5110697746276855,-3.9471869468688965,5.5110697746276855,-3.9471869468688965,0.0,-3.260733127593994,-1.7341735363006592,9.046654326919954,-11.982176780700684,4.758038520812988,19.539565642272734,-3.3422110080718994,-2.136885643005371,-11.982176780700684,4.758038520812988
1217,1217,5.606649875640869,-3.9184460639953613,5.606649875640869,-3.9184460639953613,0.0,-3.823472023010254,-2.0622785091400146,9.611064301892748,-12.422144889831543,4.352538108825684,19.83548889950993,-3.5893115997314453,-2.2256925106048584,-12.422144889831543,4.352538108825684
1218,1218,5.553946495056152,-3.9040839672088623,5.553946495056152,-3.9040839672088623,0.0,-3.546231746673584,-1.9329640865325928,9.311206023671076,-12.577720642089844,4.177006721496582,19.850979318193396,-3.5847668647766113,-2.2080113887786865,-12.577720642089844,4.177006721496582
1219,1219,5.4960036277771,-3.888293981552124,5.4960036277771,-3.888293981552124,0.0,-3.3182530403137207,-2.193528890609741,8.975708848022,-12.636584281921387,3.9233322143554688,19.74366349306869,-3.4552204608917236,-2.2783384323120117,-12.636584281921387,3.9233322143554688
1220,1220,5.4432501792907715,-3.873918294906616,5.4432501792907715,-3.873918294906616,0.0,-3.136626720428467,-1.979163646697998,8.786602460066346,-12.186986923217773,4.94648551940918,19.713568518618477,-3.2786338329315186,-2.2010138034820557,-12.186986923217773,4.94648551940918
1221,1221,5.280296802520752,-3.9370739459991455,5.280296802520752,-3.9370739459991455,0.0,-3.2907137870788574,-2.4899256229400635,8.692321945024894,-11.995404243469238,5.312870025634766,19.596206523426574,-3.252553701400757,-2.361616849899292,-11.995404243469238,5.312870025634766
1222,1222,5.131995677947998,-3.9945504665374756,5.131995677947998,-3.9945504665374756,0.0,-2.450897455215454,-1.7573364973068237,7.90603532834873,-10.506789207458496,6.481761932373047,18.823514926059506,-2.7718541622161865,-2.1332521438598633,-10.506789207458496,6.481761932373047
1223,1223,4.983688831329346,-4.052029609680176,4.983688831329346,-4.052029609680176,0.0,-3.4795727729797363,-2.920400381088257,8.538581948659617,-10.719497680664062,6.08830451965332,18.692684207597832,-3.0722708702087402,-2.47127628326416,-10.719497680664062,6.08830451965332
1224,1224,4.890326976776123,-3.9933173656463623,4.890326976776123,-3.9933173656463623,0.0,-4.443111419677734,-2.5833053588867188,9.439343523762949,-11.659871101379395,5.284290313720703,18.973219565441003,-3.764887809753418,-2.5727415084838867,-11.659871101379395,5.284290313720703
1225,1225,4.8038411140441895,-3.938929319381714,4.8038411140441895,-3.938929319381714,0.0,-3.8205056190490723,-2.4424641132354736,8.753214534433777,-12.020320892333984,5.2021403312683105,19.14710373855257,-3.890693187713623,-2.573530673980713,-12.020320892333984,5.2021403312683105
1226,1226,4.718164443969727,-3.8850502967834473,4.718164443969727,-3.8850502967834473,0.0,-3.192200183868408,-2.842989683151245,7.978706591161018,-11.72389030456543,5.310657024383545,18.83884809351123,-3.5978636741638184,-2.7317118644714355,-11.72389030456543,5.310657024383545
1227,1227,4.711565971374512,-3.7483949661254883,4.711565971374512,-3.7483949661254883,0.0,-1.9494777917861938,-1.8909239768981934,6.9151791365490425,-10.85479736328125,5.974265098571777,18.353250017372243,-2.7592387199401855,-2.416743278503418,-10.85479736328125,5.974265098571777
1228,1228,4.7043280601501465,-3.5984930992126465,4.7043280601501465,-3.5984930992126465,0.0,-1.9719572067260742,-2.0659232139587402,6.849931052054149,-10.046810150146484,6.279867649078369,17.753255745711826,-2.2132914066314697,-2.2631030082702637,-10.046810150146484,6.279867649078369
1229,1229,4.697739601135254,-3.4620361328125,4.697739601135254,-3.4620361328125,0.0,-1.7462154626846313,-1.8872345685958862,6.633593055892789,-9.542709350585938,6.468311309814453,17.360938531020288,-1.7998123168945312,-2.077655076980591,-9.542709350585938,6.468311309814453
1230,1230,4.694444179534912,-3.311176061630249,4.694444179534912,-3.311176061630249,0.0,-1.779428482055664,-1.9394426345825195,6.617603783347108,-9.284326553344727,6.602288246154785,17.137176132144415,-1.6138535737991333,-1.9719332456588745,-9.284326553344727,6.602288246154785
1231,1231,4.691150665283203,-3.160377264022827,4.691150665283203,-3.160377264022827,0.0,-1.4830374717712402,-1.5784082412719727,6.37363515905069,-8.638313293457031,7.141016960144043,16.846166697176347,-1.3992290496826172,-1.7425755262374878,-8.638313293457031,7.141016960144043
1232,1232,4.687527179718018,-2.9944941997528076,4.687527179718018,-2.9944941997528076,0.0,-2.001725196838379,-1.8907076120376587,6.779708119711737,-8.87756061553955,7.042590141296387,16.874675373540693,-1.5625581741333008,-1.730315923690796,-8.87756061553955,7.042590141296387
1233,1233,4.7226786613464355,-2.984044313430786,4.7226786613464355,-2.984044313430786,0.0,-2.1029295921325684,-2.0612218379974365,6.887708570426425,-9.217351913452148,6.844601631164551,17.05657449579281,-1.7752282619476318,-1.8122594356536865,-9.217351913452148,6.844601631164551
1234,1234,4.7613205909729,-2.9725568294525146,4.7613205909729,-2.9725568294525146,0.0,-1.7819939851760864,-1.9278168678283691,6.62619402295603,-9.390436172485352,6.6876020431518555,17.134494125478096,-1.7668066024780273,-1.830032467842102,-9.390436172485352,6.6876020431518555
1235,1235,4.799864292144775,-2.9610984325408936,4.799864292144775,-2.9610984325408936,0.0,-1.8306561708450317,-1.8583548069000244,6.721595429213077,-9.034830093383789,6.960719108581543,17.0247241405052,-1.7943778038024902,-1.8251591920852661,-9.034830093383789,6.960719108581543
1236,1236,4.843355655670166,-3.0796165466308594,4.843355655670166,-3.0796165466308594,0.0,-1.8618931770324707,-1.3957659006118774,6.913444503759224,-9.17165470123291,7.093199729919434,17.317814709152742,-1.8282419443130493,-1.6324290037155151,-9.17165470123291,7.093199729919434
1237,1237,4.882905960083008,-3.187394380569458,4.882905960083008,-3.187394380569458,0.0,-1.6140122413635254,-1.5928900241851807,6.689722734076181,-9.175006866455078,7.025205612182617,17.375906067037302,-1.7156050205230713,-1.5764073133468628,-9.175006866455078,7.025205612182617
1238,1238,4.9224138259887695,-3.2950568199157715,4.9224138259887695,-3.2950568199157715,0.0,-1.618617296218872,-1.277343511581421,6.8451629006414825,-8.89570140838623,7.371117115020752,17.45587508665165,-1.648247480392456,-1.4061923027038574,-8.89570140838623,7.371117115020752
1239,1239,4.946234226226807,-3.395207166671753,4.946234226226807,-3.395207166671753,0.0,-1.716482400894165,-1.5434718132019043,6.915252466295382,-8.995769500732422,7.312991619110107,17.57967545657101,-1.6637518405914307,-1.4088492393493652,-8.995769500732422,7.312991619110107
1240,1240,4.9700703620910645,-3.495424747467041,4.9700703620910645,-3.495424747467041,0.0,-1.680000901222229,-1.7925385236740112,6.8646390508408635,-9.013078689575195,7.101083755493164,17.544641627984966,-1.6611852645874023,-1.5336416959762573,-9.013078689575195,7.101083755493164
1241,1241,4.993901252746582,-3.5956194400787354,4.993901252746582,-3.5956194400787354,0.0,-2.179452896118164,-1.9302558898925781,7.3641323656846165,-9.42072582244873,6.771598815917969,17.755581885267098,-1.9217714071273804,-1.6875485181808472,-9.42072582244873,6.771598815917969
1242,1242,5.021136283874512,-3.6104629039764404,5.021136283874512,-3.6104629039764404,0.0,-1.8115415573120117,-1.8578999042510986,7.053861605492953,-9.62314224243164,6.5171589851379395,17.805157081163316,-1.8976837396621704,-1.7721723318099976,-9.62314224243164,6.5171589851379395
1243,1243,5.048360824584961,-3.625300884246826,5.048360824584961,-3.625300884246826,0.0,-2.1134095191955566,-1.661306381225586,7.426185350834691,-9.780694961547852,6.498072147369385,17.955043220373863,-2.0329442024230957,-1.7475887537002563,-9.780694961547852,6.498072147369385
1244,1244,5.075601100921631,-3.6401474475860596,5.075601100921631,-3.6401474475860596,0.0,-2.15297532081604,-1.4667013883590698,7.548257074137785,-9.998340606689453,6.452568531036377,18.14074514537916,-2.1305389404296875,-1.6428378820419312,-9.998340606689453,6.452568531036377
1245,1245,5.068787097930908,-3.662430763244629,5.068787097930908,-3.662430763244629,0.0,-1.8539094924926758,-1.847093105316162,7.1567575685749985,-9.955028533935547,6.379560470581055,18.07087778943089,-2.0220038890838623,-1.7248890399932861,-9.955028533935547,6.379560470581055
1246,1246,5.061983108520508,-3.6846792697906494,5.061983108520508,-3.6846792697906494,0.0,-1.870813012123108,-1.8001872301101685,7.1843560809602325,-9.859360694885254,6.440489768981934,18.032347294879678,-1.9509996175765991,-1.7652454376220703,-9.859360694885254,6.440489768981934
1247,1247,5.055176258087158,-3.7069389820098877,5.055176258087158,-3.7069389820098877,0.0,-1.7616593837738037,-1.831534743309021,7.070105319348724,-9.747243881225586,6.4429426193237305,17.948028819394686,-1.84560227394104,-1.805258870124817,-9.747243881225586,6.4429426193237305
1248,1248,4.985660076141357,-3.7185966968536377,4.985660076141357,-3.7185966968536377,0.0,-1.598325490951538,-1.6765245199203491,6.8933971830653,-9.47591781616211,6.596292018890381,17.763281350959446,-1.6944314241409302,-1.764804482460022,-9.47591781616211,6.596292018890381
1249,1249,4.9224138259887695,-3.72920298576355,4.9224138259887695,-3.72920298576355,0.0,-1.90482497215271,-1.8113597631454468,7.091495768410956,-9.382936477661133,6.653197288513184,17.675895529376664,-1.7668633460998535,-1.7899235486984253,-9.382936477661133,6.653197288513184
1250,1250,4.878164768218994,-3.7032313346862793,4.878164768218994,-3.7032313346862793,0.0,-1.7837944030761719,-1.3744163513183594,7.057271372617231,-9.08701229095459,7.086376190185547,17.647713756598584,-1.7627527713775635,-1.6157817840576172,-9.08701229095459,7.086376190185547
1251,1251,4.833906650543213,-3.6772544384002686,4.833906650543213,-3.6772544384002686,0.0,-1.88130784034729,-1.9109375476837158,6.943628807554187,-9.16751480102539,6.959333896636963,17.58342441259653,-1.8144557476043701,-1.7171635627746582,-9.16751480102539,6.959333896636963
1252,1252,4.789651870727539,-3.6512792110443115,4.789651870727539,-3.6512792110443115,0.0,-1.8653737306594849,-1.8713102340698242,6.888951684698356,-9.236639976501465,6.76779842376709,17.472665559206185,-1.8434555530548096,-1.7820732593536377,-9.236639976501465,6.76779842376709
1253,1253,4.46619176864624,-3.5956084728240967,4.46619176864624,-3.5956084728240967,0.0,-2.4770803451538086,-2.615779161453247,7.012067678345302,-9.691537857055664,6.212168216705322,17.223059883370144,-2.199216842651367,-2.1211514472961426,-9.691537857055664,6.212168216705322
1254,1254,4.142780303955078,-3.5399458408355713,4.142780303955078,-3.5399458408355713,0.0,-2.326568365097046,-2.231268882751465,6.600386926717763,-9.760765075683594,6.02265739440918,16.87459495094283,-2.324451208114624,-2.2243080139160156,-9.760765075683594,6.02265739440918
1255,1255,3.8194665908813477,-3.484300136566162,3.8194665908813477,-3.484300136566162,0.0,-1.4639027118682861,-1.358446478843689,5.695019311932943,-9.31938648223877,6.403820514678955,16.443977319694227,-1.919782042503357,-1.9013010263442993,-9.31938648223877,6.403820514678955
1256,1256,3.8194665908813477,-3.484300136566162,3.8194665908813477,-3.484300136566162,0.0,-1.7016061544418335,-1.5086787939071655,5.863900062988812,-9.205061912536621,6.682061672210693,16.522507532554002,-1.7804248332977295,-1.7267481088638306,-9.205061912536621,6.682061672210693
1257,1257,3.8194665908813477,-3.484300136566162,3.8194665908813477,-3.484300136566162,0.0,-1.8799635171890259,-1.322230577468872,6.0957401794330295,-9.153996467590332,7.001246452331543,16.681050056800192,-1.796404242515564,-1.5235216617584229,-9.153996467590332,7.001246452331543
