protocol,controlled_gt_prior,reference_protocol,gt_prior_jitter_limit_m,prior_center_x,prior_center_y,prior_jitter_x,prior_jitter_y,progress_capped_to_gt,direct_kalman_ms_enabled,ms_grid_size,kalman_x,kalman_y,frame_reference_x,frame_reference_y,ms_lattice_index,ms_lattice_x,ms_lattice_y,ms_x,ms_y,ms_support,ms_mode_count,ms_shift_from_kalman_m,ms_latency_ms,frame_id,image_path,gt_x,gt_y,gt_progress_s,gt_cross_e,gt_waypoint_leg,gt_step_parallel,gt_step_norm_m,controlled_gt_motion_envelope,gt_velocity_parallel,gt_heading_deg,gt_turn_rate_deg_per_frame,predicted_progress_s,predicted_cross_e,predicted_x,predicted_y,motion_prediction_error_m,kalman_progress_std_m,acquisition_hypothesis_count,acquisition_radius_m,acquisition_selected_index,acquisition_target_index,acquisition_confidence,acquisition_margin,selected_hypothesis_center_s,selected_hypothesis_center_e,selected_candidate_capture,bank_candidate_capture,search_grid_size,search_candidate_count,forward_only_search,search_heading_deg,raw_top1_x,raw_top1_y,softms_x,softms_y,softms_mode_count,visual_anchor_x,visual_anchor_y,visual_anchor_s,visual_anchor_e,visual_entropy,visual_margin,visual_var_s,visual_var_e,candidate_capture,measurement_s,measurement_e,visual_measurement_error_m,measurement_var_s,measurement_var_e,local_visual_confidence,kalman_raw_measurement_s,kalman_raw_measurement_e,kalman_used_measurement_s,kalman_used_measurement_e,kalman_measurement_clip_s,kalman_measurement_clip_e,kalman_posterior_projection_m,kalman_step_limited,kalman_step_limit_m,kalman_motion_step_s,kalman_motion_step_e,v_parallel,v_cross,a_parallel,a_cross,heading_residual_deg,turn_rate_deg_per_frame,estimated_heading_deg,polynomial_heading_deg,heading_error_deg,poly_next_step_parallel,poly_next_step_cross,kalman_nis,kalman_r_scale,final_progress_s,final_cross_e,waypoint_leg_before_update,waypoint_leg,target_waypoint,route_remaining_m,route_leg_progress,progress_error_m,speed_error_m_per_frame,final_x,final_y,final_step_m,gt_step_for_jump_m,excess_step_over_gt_m,abnormal_jump,error_final_m,end_to_end_latency_ms
GT+smooth-jitter_controlled_forward3x6_SoftMS_local_prior_3frame_causal_heading_continuous_waypoint_RNN_polynomial_Kalman,1,controlled_gt_jitter,8.0,56.65926922562708,286.7135700586427,-3.781751739949091,-2.9361491796385573,0,1,8,56.751812,291.802044,60.69033825219067,291.14562295796827,6200,52.75181198120117,295.3020324707031,60.710384368896484,290.10723876953125,0.8559144139289856,1,4.3061188986156695,15.602086205035448,0,/yh/study/cvpr_data/Bearing_UAV_90K/citya/uav_254k_34bc_b15_s100/blk_2_7_s_034_v3d.jpg,60.44102096557617,289.64971923828125,3.992853318570214,-1.5165378491743233,0,0.0,0.0,1,0.0,-9.462322208025617,0.0,0.0,0.0,56.751812,291.802044,4.27115495757241,3.9419459114422755,1,0.0,0,0,0.5528584822705519,1.0,0.7452563047409058,-5.034453868865967,1,1,6,18,1,-9.462322208025615,52.75181198120117,279.3020324707031,54.9958610534668,276.9529724121094,6,54.9958610534668,276.9529724121094,0.7091130018234253,-14.935710906982422,0.7640451788902283,0.13635790348052979,4.0,27.643789291381836,1,0.6637412309646606,-14.914327621459961,13.805207643284632,5.001030921936035,28.64198112487793,0.5528584822705519,0.6637412309646606,-14.914327621459961,0.6637412309646606,-2.2622164957464106,0.0,-12.65211112571355,0.0,1,0.0,0.0,0.0,10.669944763183594,-0.020483361557126045,-0.025951528921723366,-0.016385549679398537,-0.09043818128448844,0.0,-9.552760389310107,-9.552760389310107,0.09043818128449002,10.65691089630127,-0.04549752175807953,0.010128098020461924,1.0,4.183335995298195,-1.0209602927917667,0,0,1,147.8857272621573,0.02750944804740289,0.19048267672798147,10.669944763183594,60.710384368896484,290.10723876953125,0.0,0.0,0.0,0,0.5309244433283525,2799.204579088837
GT+smooth-jitter_controlled_forward3x6_SoftMS_local_prior_3frame_causal_heading_continuous_waypoint_RNN_polynomial_Kalman,1,controlled_gt_jitter,8.0,60.6902206627659,285.93330171458973,-3.6947814734645634,-3.0817739690040282,0,1,8,60.992946139207,291.011528845303,64.63064050818201,290.488905915303,6082,60.75181198120117,287.3020324707031,60.929840087890625,287.8768310546875,0.9286654591560364,1,3.1353329348256715,16.022203024476767,1,/yh/study/cvpr_data/Bearing_UAV_90K/citya/uav_254k_34bc_b15_s100/blk_1_6_s_012_v3d.jpg,64.38500213623047,289.01507568359375,7.987507138702496,-1.4941598849103024,0,3.9947165000763225,3.9947165000763225,1,3.9947165000763225,-9.14135584847185,0.3209663595537669,4.314139751166416,-0.0181990098208189,61.00426133832877,291.0748524011075,3.958798866905044,5.524385120778684,1,0.0,0,0,0.4638211351836702,1.0,4.849637508392334,-5.141421318054199,1,1,6,18,1,-9.493975572475705,52.75181198120117,279.3020324707031,58.78462219238281,276.7655029296875,5,58.78462219238281,276.7655029296875,4.47714376449585,-14.497760772705078,0.7616921067237854,0.07858709990978241,4.0,11.34304428100586,1,4.4118971824646,-14.46915340423584,13.458656819522812,5.001308441162109,12.34063720703125,0.4638211351836702,4.4118971824646,-14.46915340423584,4.4118971824646,-2.1335038828738746,0.0,-12.335649521361965,0.0,1,4.3141781368590575,4.314139751166416,-0.0181990098208189,10.667989730834961,-0.027163390070199966,-0.03572149574756622,-0.021729106083512306,-0.13522975477853208,0.0,-9.597551962804149,-9.597551962804149,0.45619611433229906,10.650010108947754,-0.06316429376602173,0.005476122200900734,1.0,4.766482552662598,-3.1849426124209845,0,0,1,147.3025807047929,0.03134419618665542,3.2210245860398974,6.673273230758639,60.929840087890625,287.8768310546875,2.2411781247892266,3.9947165000763225,0.0,0,3.6378215480589358,75.17220685258508
GT+smooth-jitter_controlled_forward3x6_SoftMS_local_prior_3frame_causal_heading_continuous_waypoint_RNN_polynomial_Kalman,1,controlled_gt_jitter,8.0,65.90678809923133,291.55768245479015,-3.6021840687374134,-3.22484928349107,0,1,8,68.37211665478064,289.4961235189043,68.68086171938344,289.81386904676947,6083,68.75181579589844,287.3020324707031,68.75033569335938,287.3880615234375,0.990036129951477,1,2.1417224418385636,11.927674058824778,2,/yh/study/cvpr_data/Bearing_UAV_90K/citya/uav_254k_34bc_b15_s100/blk_1_6_s_078_v3d.jpg,69.50897216796875,294.78253173828125,12.093596109188356,5.037199207603096,0,7.714831056407101,7.714831056407101,1,7.714831056407101,48.38121228745165,12.000000000000002,12.033449989705971,-0.11870631080489279,68.60201875530086,289.70666582420426,5.156256323190161,8.231453554261961,1,0.0,0,0,0.4696985494251431,1.0,9.070585250854492,1.264032006263733,1,1,6,18,1,-9.530227308423648,52.75181198120117,271.3020324707031,65.4690933227539,279.83551025390625,6,65.4690933227539,279.83551025390625,10.565958976745605,-10.370603561401367,0.7387220859527588,0.0793151706457138,4.0,21.742509841918945,1,10.48808765411377,-10.336939811706543,15.457742654876068,5.001502990722656,22.739843368530273,0.4696985494251431,10.48808765411377,-10.336939811706543,10.48808765411377,-2.2437089173563796,0.0,-8.093230894350164,0.0,0,7.7201459559273005,7.720061153753396,-0.036185123026371,10.667501449584961,-0.03021802380681038,-0.038165319710969925,-0.024172738194465637,-0.17253327315759306,0.0,-9.63485548118321,-9.63485548118321,58.01606776863487,10.648241996765137,-0.07436946034431458,0.01116750814296901,1.0,12.56092511521617,-2.381380350435196,0,0,1,139.50813814223932,0.08260013474239866,0.46732900602781413,2.9526703931778595,68.75033569335938,287.3880615234375,7.835754409744755,7.714831056407101,0.1209233533376537,0,7.433284540418127,56.60985875874758
GT+smooth-jitter_controlled_forward3x6_SoftMS_local_prior_3frame_causal_heading_continuous_waypoint_RNN_polynomial_Kalman,1,controlled_gt_jitter,8.0,75.40994225051614,281.4538475527831,-3.504028696749486,-3.365152691357547,0,1,8,79.36532176638082,287.5271051588318,79.44737915234376,288.0194494746094,6084,76.75181579589844,287.3020324707031,77.14114379882812,287.3036804199219,0.9610626101493835,1,2.2353716123507916,22.870204411447048,3,/yh/study/cvpr_data/Bearing_UAV_90K/citya/uav_254k_34bc_b15_s100/blk_1_6_s_025_v3d.jpg,78.91397094726562,284.8190002441406,23.008624246357275,-3.2445954432028894,0,13.701312414265571,13.701312414265571,1,13.701312414265571,-46.65178775229268,-12.000000000000002,23.008624246357275,-0.4156384919208062,79.37904860518685,287.609466191668,2.828956951282097,11.406324483870097,1,0.0,0,0,0.18321646303993713,1.0,20.105499267578125,-7.140020370483398,1,1,6,18,1,-9.566847167555474,84.75181579589844,279.3020324707031,78.36872100830078,278.19775390625,12,78.36872100830078,278.19775390625,23.55931854248047,-9.86539077758789,0.9022560119628906,0.001664385199546814,4.257818698883057,24.534807205200195,1,23.472900390625,-9.829370498657227,6.601122243154585,5.259352684020996,25.53192901611328,0.18321646303993713,23.472900390625,-9.829370498657227,23.472900390625,-2.0679456559367027,0.0,-7.761424842720524,0.0,0,13.355306558642381,13.355207421124327,-0.05145885795354843,10.666455268859863,-0.034103814512491226,-0.04339444637298584,-0.027281224727630615,-0.20821727631120734,0.0,-9.670539484336825,-9.670539484336825,36.981248267955856,10.644514083862305,-0.08642789721488953,0.00111859629422067,1.0,20.851439414457722,-1.0851730030166251,0,0,1,131.21762384299777,0.13711822094383447,2.157184831899553,3.0348571454057076,77.14114379882812,287.3036804199219,8.391232378705203,13.701312414265571,0.0,0,3.052302683902332,87.6273107714951
GT+smooth-jitter_controlled_forward3x6_SoftMS_local_prior_3frame_causal_heading_continuous_waypoint_RNN_polynomial_Kalman,1,controlled_gt_jitter,8.0,94.27797398021805,286.1214076084852,-3.400393634528043,-3.502463241124164,0,1,8,94.65174980867019,283.58761870178245,96.92546175765415,285.10643570705764,6086,92.75181579589844,287.3020324707031,93.98347473144531,286.79315185546875,0.8647421598434448,1,3.2744517675821663,15.56714391335845,4,/yh/study/cvpr_data/Bearing_UAV_90K/citya/uav_254k_34bc_b15_s100/blk_2_6_s_058_v3d.jpg,97.6783676147461,289.6238708496094,40.727795241863795,4.579747536361012,0,19.369805467011012,19.369805467011012,1,19.369805467011012,14.362732430490421,12.000000000000002,40.727795241863795,-0.5645820663276988,96.83264503769911,284.5495353873274,5.144329602688704,8.98293162329679,1,0.0,0,0,0.49413227534377446,1.0,37.94947052001953,0.5659177899360657,1,1,6,18,1,-9.60313947109183,84.75181579589844,279.3020324707031,93.40372467041016,282.3763122558594,8,93.40372467041016,282.3763122558594,37.70280456542969,-3.271947145462036,0.8352701663970947,0.13684892654418945,13.074663162231445,46.24781799316406,1,37.610904693603516,-3.233285903930664,8.411807072737137,14.076278686523438,47.24474334716797,0.49413227534377446,37.610904693603516,-3.233285903930664,37.610904693603516,-2.7299003206449264,0.0,-0.5033855832857377,0.07018999751514321,0,18.570336354815286,18.57022102965013,-0.06544647365808487,10.665755271911621,-0.035683855414390564,-0.0468996986746788,-0.028545085340738297,-0.24255354440336058,0.0,-9.704875752428977,-9.704875752428977,24.067608182919397,10.641998291015625,-0.09500850737094879,0.041274684350796544,1.0,37.54854268854803,1.1801068722479968,0,0,1,114.52052056890747,0.24691769571157096,3.179252553315763,8.704050195099391,93.98347473144531,286.79315185546875,16.850066784998695,19.369805467011012,0.0,0,4.654589503152268,62.51990096643567
GT+smooth-jitter_controlled_forward3x6_SoftMS_local_prior_3frame_causal_heading_continuous_waypoint_RNN_polynomial_Kalman,1,controlled_gt_jitter,8.0,91.77907593975982,289.11517765160085,-3.2913662599472175,-3.6365618503522676,0,1,8,93.0626472186159,282.8121520200021,96.92546175765415,285.10643570705764,5967,92.75181579589844,279.3020324707031,93.06708526611328,286.1668701171875,0.8852791786193848,1,3.3547210327907893,13.825221918523312,5,/yh/study/cvpr_data/Bearing_UAV_90K/citya/uav_254k_34bc_b15_s100/blk_2_7_s_019_v3d.jpg,95.07044219970703,292.7517395019531,40.727795241863795,7.236317872377602,0,4.072448560353019,4.072448560353019,1,4.072448560353019,129.82035892254027,12.000000000000002,40.727795241863795,-1.9464662733722107,96.60546467348772,283.1864532020591,9.687672372347851,6.935351561703454,1,0.0,0,0,0.5664027537990931,1.0,34.99239730834961,3.108138084411621,1,1,6,18,1,-9.638747168225809,84.75181579589844,279.3020324707031,90.95219421386719,282.52423095703125,11,90.95219421386719,282.52423095703125,35.260311126708984,-3.5290701389312744,0.7421210408210754,0.33558979630470276,6.306235313415527,23.41742706298828,1,35.16572952270508,-3.4889674186706543,11.007242022840462,7.3078837394714355,24.41428565979004,0.5664027537990931,35.16572952270508,-3.4889674186706543,35.16572952270508,-3.4889674186706543,0.0,0.0,0.0,0,4.822448560353019,4.821872780928404,-0.07451846611870928,10.66574764251709,-0.0355379693210125,-0.046929214149713516,-0.02842850238084793,-0.26490894031979745,0.0,-9.727231148345414,-9.727231148345414,139.5475900708857,10.641940116882324,-0.09895646572113037,0.16365217732733037,1.0,36.74758177162201,0.4116928709224621,0,0,1,115.32148148583349,0.2416506091670186,3.980213470241786,6.593299082164071,93.06708526611328,286.1668701171875,1.1099542638668092,4.072448560353019,0.0,0,6.882873224010578,56.79548904299736
GT+smooth-jitter_controlled_forward3x6_SoftMS_local_prior_3frame_causal_heading_continuous_waypoint_RNN_polynomial_Kalman,1,controlled_gt_jitter,8.0,104.300259522079,279.16279149677683,-3.1770430291905294,-3.7672316965825137,0,1,8,107.01454439246457,280.5724021941515,107.5450494239337,283.3365044293444,5969,108.75181579589844,279.3020324707031,108.73845672607422,279.86456298828125,0.9462387561798096,1,1.863574542468982,13.388572726398706,6,/yh/study/cvpr_data/Bearing_UAV_90K/citya/uav_254k_34bc_b15_s100/blk_1_5_s_051_v3d.jpg,107.47730255126953,282.9300231933594,51.49386689914087,-0.412088138586519,0,15.823915287616716,15.823915287616716,1,15.823915287616716,-38.36640243036852,-12.000000000000002,51.49386689914087,-2.984055654638231,107.05447369624835,280.3930500632323,2.5719675160517323,8.0002107544105,1,0.0,0,0,0.2683845353195623,1.0,48.9793815612793,-4.650365352630615,1,1,6,18,1,-9.669716553263545,108.75181579589844,279.3020324707031,107.00819396972656,283.8699951171875,9,107.00819396972656,283.8699951171875,50.876609802246094,0.4379734694957733,0.8529529571533203,0.02958539128303528,4.0,40.54951095581055,1,50.771995544433594,0.4812324643135071,1.148529473854527,5.001714706420898,41.54628372192383,0.2683845353195623,50.771995544433594,0.4812324643135071,50.771995544433594,-1.1912211713609528,0.0,1.67245363567446,0.0,0,15.308243328882394,15.308002064607379,-0.08594536781311035,10.665288925170898,-0.03629108890891075,-0.0492238849401474,-0.029030703008174896,-0.2844814877167037,0.0,-9.74680369574232,-9.74680369574232,28.619598734626194,10.64029312133789,-0.10363803803920746,0.005038745220684832,1.0,53.241820267523465,-3.2285069894509766,0,0,1,98.82724298993203,0.35011605337098817,1.7479533683825963,5.158626362445817,108.73845672607422,279.86456298828125,16.891150303728303,15.823915287616716,1.0672350161115869,0,3.3147482742351513,64.36449522152543
GT+smooth-jitter_controlled_forward3x6_SoftMS_local_prior_3frame_causal_heading_continuous_waypoint_RNN_polynomial_Kalman,1,controlled_gt_jitter,8.0,111.15642930355394,274.4577006188856,-3.0575294366804333,-3.894258609630016,0,1,8,114.39121038657863,279.41546910658127,114.84202257506334,282.12034223748947,5970,116.75181579589844,279.3020324707031,116.6569595336914,279.36480712890625,0.9825170040130615,1,2.2663154753088093,13.220950029790401,7,/yh/study/cvpr_data/Bearing_UAV_90K/citya/uav_254k_34bc_b15_s100/blk_3_5_s_089_v3d.jpg,114.21395874023438,278.3519592285156,58.891492710521455,-3.8203631611330895,0,8.145011127955517,8.145011127955517,1,8.145011127955517,-34.199052506980784,4.167349923387727,58.891492710521455,-2.9067305754825647,114.36415901208449,279.25316085961634,0.9136325856505135,8.744036202925047,1,0.0,0,0,0.19543943068904804,1.0,56.515777587890625,-8.164291381835938,1,1,6,18,1,-9.696697054465137,124.75181579589844,279.3020324707031,115.0407943725586,280.1990661621094,8,115.0407943725586,280.1990661621094,59.40341567993164,-1.8624571561813354,0.8754175305366516,0.0030861347913742065,4.0,32.768192291259766,1,59.300392150878906,-1.8204185962677002,2.0413174703752697,5.001867771148682,33.765037536621094,0.19543943068904804,59.300392150878906,-1.8204185962677002,59.300392150878906,-1.8204185962677002,0.0,0.0,0.0,0,8.091264749982734,8.09073000913587,-0.0930224359035492,10.665852546691895,-0.03749191761016846,-0.046410948038101196,-0.029991576448082924,-0.3003543137392844,0.0,-9.762676521764902,-9.762676521764902,24.436375985215886,10.642224311828613,-0.10827730596065521,0.002285911151227596,1.0,61.134742679986,-2.4196692899910985,0,0,1,90.93432057746949,0.40201959143053206,2.243249969464543,2.520841418736378,116.6569595336914,279.36480712890625,7.934257535095576,8.145011127955517,0.0,0,2.6446386796984918,56.78878491744399
GT+smooth-jitter_controlled_forward3x6_SoftMS_local_prior_3frame_causal_heading_continuous_waypoint_RNN_polynomial_Kalman,1,controlled_gt_jitter,8.0,113.17710642939826,274.6360109183954,-2.9329399573204826,-4.017431464417111,0,1,8,115.84706835840704,279.4458502069067,116.63797544932433,281.821016758446,5970,116.75181579589844,279.3020324707031,116.74826049804688,279.34588623046875,0.9945254921913147,1,0.9067193993369203,17.342041712254286,8,/yh/study/cvpr_data/Bearing_UAV_90K/citya/uav_254k_34bc_b15_s100/blk_2_5_s_059_v3d.jpg,116.11004638671875,278.6534423828125,60.7122185188108,-3.2112671206726833,0,1.9199063663302567,1.9199063663302567,1,1.9199063663302567,9.034556406023832,12.000000000000002,60.7122185188108,-2.7719170718259853,116.1822750898217,279.08681460143026,0.43935004884672074,9.26724151122759,1,0.0,0,0,0.23076617610522232,1.0,58.479644775390625,-7.656209468841553,1,1,6,18,1,-9.719789870688096,108.75181579589844,287.3020324707031,114.38394927978516,281.1737060546875,6,114.38394927978516,281.1737060546875,58.595279693603516,-1.0090630054473877,0.8491992950439453,0.010539352893829346,4.0,29.745121002197266,1,58.4884033203125,-0.9649767875671387,3.1608818860684056,5.001855850219727,30.741758346557617,0.23076617610522232,58.4884033203125,-0.9649767875671387,58.4884033203125,-1.0411528812523683,0.0,0.0761760936852296,0.0,0,2.399882957912821,2.3996987572801873,-0.029733583509498212,10.665298461914062,-0.03536051884293556,-0.049178022891283035,-0.02828611060976982,-0.31885366766285234,0.0,-9.781175875688469,-9.781175875688469,18.8157322817123,10.64026927947998,-0.10871854424476624,0.013377911948514256,1.0,61.22791197300828,-2.4233229631632915,0,0,1,90.84115128444722,0.40263226892736487,0.515693454197482,8.745392095583806,116.74826049804688,279.34588623046875,0.09324090566870726,1.9199063663302567,0.0,0,0.9416983243349966,72.14916497468948
GT+smooth-jitter_controlled_forward3x6_SoftMS_local_prior_3frame_causal_heading_continuous_waypoint_RNN_polynomial_Kalman,1,controlled_gt_jitter,8.0,115.20317856715187,273.5787589401561,-2.80339797093407,-4.136542573515786,0,1,8,117.60679437570172,278.1181636462975,118.63537898078548,281.4881161698691,5970,116.75181579589844,279.3020324707031,116.7761001586914,279.3121337890625,0.9960356950759888,1,1.4545162714760829,18.71694205328822,9,/yh/study/cvpr_data/Bearing_UAV_90K/citya/uav_254k_34bc_b15_s100/blk_2_6_s_073_v3d.jpg,118.00657653808594,277.7153015136719,62.737173745320334,-3.824855937412742,0,2.115876864422118,2.115876864422118,1,2.115876864422118,-26.319840397328626,-12.000000000000002,62.737173745320334,-2.5031298423447716,118.22386696961017,279.0190441028173,1.3217260950679663,7.118515218670664,1,0.0,0,0,0.5230472098695643,1.0,60.65196228027344,-8.365992546081543,1,1,6,18,1,-9.741274977774312,108.75181579589844,279.3020324707031,117.20682525634766,277.3162536621094,9,117.20682525634766,277.3162536621094,62.01390838623047,-4.349952697753906,0.8149493932723999,0.17069345712661743,4.0,30.01935577392578,1,61.90660095214844,-4.305576801300049,0.9596581233616013,5.001908302307129,31.016040802001953,0.5230472098695643,61.90660095214844,-4.305576801300049,61.90660095214844,-4.305576801300049,0.0,0.0,0.0,0,2.644846080527647,2.644673020344447,-0.030255663017643566,10.665055274963379,-0.038459036499261856,-0.05039728432893753,-0.030765017494559288,-0.33544390367212246,0.0,-9.79776611169774,-9.79776611169774,16.522074285630886,10.639357566833496,-0.11613237857818604,0.019386638390685565,1.0,61.26092171229587,-2.4520393542640195,0,0,1,90.80814154515963,0.4028493396357686,1.4762520330244655,8.549178410541261,116.7761001586914,279.3121337890625,0.04375241714105635,2.115876864422118,0.0,0,2.015922973721237,61.70419463887811
GT+smooth-jitter_controlled_forward3x6_SoftMS_local_prior_3frame_causal_heading_continuous_waypoint_RNN_polynomial_Kalman,1,controlled_gt_jitter,8.0,136.6345379395729,278.6739659253451,-2.669035668825534,-4.251388078561136,0,1,8,137.89492064970736,274.680913459217,138.51190815888936,278.1753613068518,5854,140.75181579589844,271.3020324707031,140.5000762939453,279.18572998046875,0.9613344669342041,1,5.203864700474807,13.319517020136118,10,/yh/study/cvpr_data/Bearing_UAV_90K/citya/uav_254k_34bc_b15_s100/blk_3_6_s_013_v3d.jpg,139.30357360839844,282.92535400390625,82.88787489814527,4.815512932805488,0,21.00403244969687,21.92502522607207,1,21.00403244969687,13.746726676085007,12.000000000000002,82.88787489814527,-3.6014291487764756,137.9198368539785,274.6229334773867,8.416942081581983,8.006526176394496,1,0.0,0,0,0.25156010831346587,1.0,80.9540786743164,0.18318280577659607,1,1,6,18,1,-9.761046881317618,140.75181579589844,287.3020324707031,138.46142578125,283.97991943359375,7,138.46142578125,283.97991943359375,81.88381958007812,5.717281818389893,0.8562905788421631,0.021626845002174377,4.0,33.779296875,1,81.77264404296875,5.763187408447266,1.4634981284991906,5.001822471618652,34.7758903503418,0.25156010831346587,81.77264404296875,5.763187408447266,81.77264404296875,-1.8363549700592567,0.0,7.599542378506522,0.0,0,20.92130315833127,20.921023207986305,-0.10823018848896027,10.664948463439941,-0.03720115125179291,-0.050928518176078796,-0.029758701100945473,-0.3467230272714729,0.0,-9.80904523529709,-9.80904523529709,23.5557719113821,10.638975143432617,-0.1164635568857193,0.0020169592220544257,1.0,84.68288827937346,1.3234743484820797,0,0,1,67.38617497808204,0.5568712430088683,1.7950133812281877,10.339083986256927,140.5000762939453,279.18572998046875,23.72431287917363,21.92502522607207,1.7992876531015618,0,3.9263732009568013,57.19905998557806
GT+smooth-jitter_controlled_forward3x6_SoftMS_local_prior_3frame_causal_heading_continuous_waypoint_RNN_polynomial_Kalman,1,controlled_gt_jitter,8.0,141.13203913862657,283.17195358413613,-2.5299939424281224,-4.361768339691997,0,1,8,141.40785134260906,274.06908913166615,142.00526852364868,277.5931345793919,5854,140.75181579589844,271.3020324707031,140.7603302001953,278.9376525878906,0.9631171226501465,1,4.911434999789496,13.50574940443039,11,/yh/study/cvpr_data/Bearing_UAV_90K/citya/uav_254k_34bc_b15_s100/blk_3_6_s_051_v3d.jpg,143.6620330810547,287.5337219238281,86.4294218200764,10.077705371315538,0,6.342966487389955,6.342966487389955,1,6.342966487389955,46.596439076801126,12.000000000000002,86.4294218200764,-3.627046672736076,141.4089857237416,274.0154377799495,13.704752044051592,8.946544733564924,1,0.0,0,0,0.20285325556783323,1.0,84.65092468261719,5.3593549728393555,1,1,6,18,1,-9.777846318550647,156.75181579589844,287.3020324707031,142.99435424804688,284.73046875,11,142.99435424804688,284.73046875,86.23168182373047,7.2028279304504395,0.9205695390701294,0.013598516583442688,6.364535808563232,22.589191436767578,1,86.11898040771484,7.249096393585205,2.8455935443077256,7.3664140701293945,23.585891723632812,0.20285325556783323,86.11898040771484,7.249096393585205,86.11898040771484,-1.9423388010491514,0.0,9.191435194634357,0.0,0,7.092966487389955,7.092529728176975,-0.07871242699118128,10.665168762207031,-0.03653782978653908,-0.049827829003334045,-0.02922811545431614,-0.35594794479751557,0.0,-9.818270152823132,-9.818270152823132,56.41470922962426,10.639732360839844,-0.1172526627779007,0.0011370744363812426,1.0,84.98038482326523,1.1215577944326685,0,0,1,67.08867843419027,0.5588275682305742,1.4490369968111736,4.3222022748170765,140.7603302001953,278.9376525878906,0.359547616355254,6.342966487389955,0.0,0,9.072611952300868,57.49839823693037
GT+smooth-jitter_controlled_forward3x6_SoftMS_local_prior_3frame_causal_heading_continuous_waypoint_RNN_polynomial_Kalman,1,controlled_gt_jitter,8.0,158.17055406431325,272.36823555478395,-2.386422254046133,-4.467488322169169,0,1,8,159.614210124797,271.17912671557883,160.17840216754647,274.5642789720756,5856,156.75181579589844,271.3020324707031,157.42343139648438,271.4208679199219,0.9277186989784241,1,2.2040758258971853,13.277710881084204,12,/yh/study/cvpr_data/Bearing_UAV_90K/citya/uav_254k_34bc_b15_s100/blk_2_5_s_037_v3d.jpg,160.55697631835938,276.8357238769531,104.85323121794364,2.302776659504288,0,19.997156527933882,19.997156527933882,1,19.997156527933882,-32.34228121684337,-12.000000000000002,104.85323121794364,-3.6881269849146463,159.57207782617294,270.9263329238344,5.990903644418951,9.355729801763307,1,0.0,0,0,0.30665384159759157,1.0,103.23372650146484,-2.4962520599365234,1,1,6,18,1,-9.791994655209932,156.75181579589844,287.3020324707031,160.55789184570312,275.0926513671875,10,160.55789184570312,275.0926513671875,105.14069366455078,0.5835710167884827,0.8730412125587463,0.051597677171230316,4.7483930587768555,48.06087112426758,1,105.02265930175781,0.6317563652992249,1.6795876575011306,5.750334739685059,49.057472229003906,0.30665384159759157,105.02265930175781,0.6317563652992249,105.02265930175781,-1.83214814627862,0.0,2.463904511577845,0.0,0,19.14772227077719,19.147384005699173,-0.11381518840789795,10.6650972366333,-0.03786676749587059,-0.050184909254312515,-0.03029114194214344,-0.36659524921821346,0.0,-9.82891745724383,-9.82891745724383,22.513363759599535,10.639448165893555,-0.1210886687040329,0.0048379234793091905,1.0,102.6525183826914,-3.553555966769715,0,0,1,49.4165448747641,0.6750388026583616,2.200712835252247,9.332059291300581,157.42343139648438,271.4208679199219,18.280070930452652,19.997156527933882,0.0,0,6.256178451163731,56.993290316313505
GT+smooth-jitter_controlled_forward3x6_SoftMS_local_prior_3frame_causal_heading_continuous_waypoint_RNN_polynomial_Kalman,1,controlled_gt_jitter,8.0,156.48104970850414,269.1495070109149,-2.2384784897380436,-4.568357979319524,0,1,8,159.55734468300656,271.35841453993146,160.17840216754647,274.5642789720756,5856,156.75181579589844,271.3020324707031,157.4197540283203,271.4142761230469,0.9285608530044556,1,2.1383204445241946,13.008186127990484,13,/yh/study/cvpr_data/Bearing_UAV_90K/citya/uav_254k_34bc_b15_s100/blk_3_6_s_022_v3d.jpg,158.7195281982422,273.7178649902344,104.85323121794364,-1.074735011894533,0,3.61901362688969,3.61901362688969,1,3.61901362688969,-120.51212540980708,-12.000000000000002,104.85323121794364,-3.480752030851109,159.6061700586135,271.1308863184777,2.734701526069476,9.800463143029413,1,0.0,0,0,0.22787028462729125,1.0,102.09636688232422,-5.948939323425293,1,1,6,18,1,-9.80491763992386,172.75181579589844,271.3020324707031,159.49652099609375,273.8164978027344,6,159.49652099609375,273.8164978027344,104.3035659790039,-0.8497073650360107,0.8599241375923157,0.019640952348709106,4.0,58.1360969543457,1,104.18757629394531,-0.8021301627159119,0.6903247620595256,5.001906394958496,59.132713317871094,0.22787028462729125,104.18757629394531,-0.8021301627159119,104.18757629394531,-1.7547660612160785,0.0,0.9526358985001666,0.0,0,4.36901362688969,4.36873989765597,-0.04890581332227057,10.664948463439941,-0.037275586277246475,-0.05092989280819893,-0.029818061739206314,-0.3709798571393914,0.0,-9.83330206516501,-9.83330206516501,110.67882334464207,10.638922691345215,-0.12107178568840027,0.004003801036628181,1.0,102.64997473380944,-3.5606626307564766,0,0,1,49.41908852364605,0.6750220757263514,2.203256484134201,7.045934836550251,157.4197540283203,271.4142761230469,0.007548166840718359,3.61901362688969,0.0,0,2.6449829038816657,60.10372377932072
GT+smooth-jitter_controlled_forward3x6_SoftMS_local_prior_3frame_causal_heading_continuous_waypoint_RNN_polynomial_Kalman,1,controlled_gt_jitter,8.0,167.13232965283402,273.60854296475037,-2.086328794431612,-4.664192630952761,0,1,8,167.95888622127276,270.7141022397457,168.3729558520904,273.1985200246516,5857,164.75181579589844,271.3020324707031,168.0477294921875,271.3147888183594,0.8506461381912231,1,0.6072211232437478,14.367909170687199,14,/yh/study/cvpr_data/Bearing_UAV_90K/citya/uav_254k_34bc_b15_s100/blk_2_5_s_051_v3d.jpg,169.21865844726562,278.2727355957031,113.16081856875381,5.144208057707996,0,11.444587463885371,11.444587463885371,1,11.444587463885371,23.45279780953205,12.000000000000002,113.16081856875381,-3.382809882094636,167.81682533322748,269.8617369114741,8.527017939802642,8.373589480637582,1,0.0,0,0,0.46674441490995494,1.0,111.86966705322266,0.2004864513874054,1,1,6,18,1,-9.814852176752071,172.75181579589844,263.3020324707031,172.2327880859375,272.245361328125,4,172.2327880859375,272.245361328125,117.12483215332031,-0.3056374490261078,0.8728042244911194,0.11478769779205322,4.0,45.890472412109375,1,117.0083999633789,-0.2573046088218689,6.631758565791428,5.001995086669922,46.88709259033203,0.46674441490995494,117.0083999633789,-0.2573046088218689,117.0083999633789,-1.2626815974932097,0.0,1.0053769886713408,0.0,0,11.201099227574272,11.200472771880785,-0.11846346408128738,10.665193557739258,-0.037426386028528214,-0.04970475286245346,-0.0299388337880373,-0.37876192388369534,0.0,-9.841084131909312,-9.841084131909312,33.29388194144136,10.639761924743652,-0.12273363769054413,0.06697828167434937,1.0,113.14970076614551,-1.9115679002327177,0,0,1,38.91936249130998,0.7440678487943413,0.011117802608296756,0.7793939061461135,168.0477294921875,271.3147888183594,10.628441098503437,11.444587463885371,0.0,0,7.0557847171089785,61.37781124562025
GT+smooth-jitter_controlled_forward3x6_SoftMS_local_prior_3frame_causal_heading_continuous_waypoint_RNN_polynomial_Kalman,1,controlled_gt_jitter,8.0,180.6940744123566,271.51731190774086,-1.9301473894012269,-4.754813336399791,0,1,8,180.97343649530382,268.62305633959784,181.74062998374157,270.9705743360431,5859,180.75181579589844,271.3020324707031,180.7569122314453,271.284912109375,0.9973125457763672,1,2.670647654771298,9.984951000660658,15,/yh/study/cvpr_data/Bearing_UAV_90K/citya/uav_254k_34bc_b15_s100/blk_4_6_s_067_v3d.jpg,182.6242218017578,276.2721252441406,126.71288312296124,5.3746792027073385,0,13.554024148941261,13.554024148941261,1,13.554024148941261,-8.488024082328124,-12.000000000000002,126.38052078577977,-2.6388587747574412,180.9789640836231,268.4222601064223,8.02042739755478,8.754283618051456,1,0.0,0,0,0.19991723978225717,1.0,125.59068298339844,0.36724594235420227,1,1,6,18,1,-9.824033365059169,196.75181579589844,271.3020324707031,181.12490844726562,270.53350830078125,16,181.12490844726562,270.53350830078125,126.1773910522461,-0.5323432683944702,0.872207760810852,0.0012645870447158813,6.522630214691162,20.77814483642578,1,126.05850982666016,-0.48324063420295715,5.8943557092000285,7.5245490074157715,21.774757385253906,0.19991723978225717,126.05850982666016,-0.48324063420295715,126.05850982666016,-0.9589953291167168,0.0,0.47575469491375966,0.0,0,13.22024840559902,13.219702217025961,-0.12017153948545456,10.665033340454102,-0.03758130967617035,-0.0505082868039608,-0.03006276674568653,-0.3861093398007779,0.0,-9.848431547826394,-9.848431547826394,1.3604074654982683,10.639183044433594,-0.12431113421916962,0.0040243635875622475,1.0,125.69087309772281,0.14833866737370938,0,0,1,26.378190159732682,0.8265380900316722,1.0220100252384299,2.8889908084871596,180.7569122314453,271.284912109375,12.709217856248607,13.554024148941261,0.0,0,5.3253300257316845,45.48883996903896
GT+smooth-jitter_controlled_forward3x6_SoftMS_local_prior_3frame_causal_heading_continuous_waypoint_RNN_polynomial_Kalman,1,controlled_gt_jitter,8.0,180.92042012674182,264.7739358929722,-1.770116372281631,-4.840047261324658,0,1,8,182.3573739454239,267.61500783269946,182.88485110916386,270.77987081513936,5859,180.75181579589844,271.3020324707031,180.8211669921875,271.2475891113281,0.9861341714859009,1,3.9440561036850474,9.902358055114746,16,/yh/study/cvpr_data/Bearing_UAV_90K/citya/uav_254k_34bc_b15_s100/blk_3_6_s_094_v3d.jpg,182.69053649902344,269.6139831542969,127.87288735431031,-1.1819696296516204,0,6.658472326864649,6.658472326864649,1,6.658472326864649,-89.42935632941295,-12.000000000000002,127.87288735431031,-2.526897035827002,182.469431795449,268.2873549328502,1.3449274061753547,7.7193890048943565,1,0.0,0,0,0.395076163877606,1.0,126.92255401611328,-6.247168064117432,1,1,6,18,1,-9.832572729027698,172.75181579589844,263.3020324707031,183.63307189941406,266.161865234375,14,183.63307189941406,266.161865234375,129.3701171875,-4.43216609954834,0.8529512882232666,0.07339514791965485,7.967579364776611,14.055248260498047,1,129.24838256835938,-4.38232421875,3.4834259831141474,8.969620704650879,15.051877975463867,0.395076163877606,129.24838256835938,-4.38232421875,129.24838256835938,-4.38232421875,0.0,0.0,0.0,0,7.408472326864648,7.4079824681732305,-0.08519371548035705,10.664965629577637,-0.03847251087427139,-0.05084662139415741,-0.03077562153339386,-0.3866042083504865,0.0,-9.848926416376104,-9.848926416376104,79.58042991303685,10.638936996459961,-0.12564903497695923,0.021015351867840534,1.0,125.76038946637831,0.12208690647665058,0,0,1,26.308673791077183,0.8269952268559967,2.112497887931994,4.006493302712988,180.8211669921875,271.2475891113281,0.07430801074744765,6.658472326864649,0.0,0,2.482581474178848,49.511895049363375
GT+smooth-jitter_controlled_forward3x6_SoftMS_local_prior_3frame_causal_heading_continuous_waypoint_RNN_polynomial_Kalman,1,controlled_gt_jitter,8.0,193.93320157536343,270.5960190328444,-1.606425499831884,-4.919728037468073,0,1,8,193.89204197892147,265.6302364926694,194.4296261698691,268.8557416383552,5742,196.75181579589844,263.3020324707031,196.61074829101562,269.486083984375,0.8719245195388794,1,4.717936401724074,9.429947938770056,17,/yh/study/cvpr_data/Bearing_UAV_90K/citya/uav_254k_34bc_b15_s100/blk_4_5_s_037_v3d.jpg,195.5396270751953,275.5157470703125,139.57690821430683,6.751871915515414,0,14.13965862229541,14.13965862229541,1,14.13965862229541,24.669969232416644,12.000000000000002,139.57690821430683,-3.3318743714779973,193.88186939736943,265.56920100335725,10.083746286993422,8.432081764085785,1,0.0,0,0,0.1890437875675369,1.0,138.80113220214844,1.6349873542785645,1,1,6,18,1,-9.838296507593448,204.75181579589844,263.3020324707031,198.03245544433594,271.16845703125,8,198.03245544433594,271.16845703125,142.75050354003906,2.8735499382019043,0.892784059047699,0.005874380469322205,4.0,37.97210693359375,1,142.62762451171875,2.924687623977661,4.894303783858174,5.002058506011963,38.968570709228516,0.1890437875675369,142.62762451171875,2.924687623977661,142.62762451171875,-1.6699521219915612,0.0,4.594639745969223,0.0,0,13.759038915156392,13.758485932511778,-0.12335604429244995,10.665313720703125,-0.036385487765073776,-0.049103181809186935,-0.029106134548783302,-0.3919111052530277,0.0,-9.854233313278643,-9.854233313278643,34.52420254569529,10.640165328979492,-0.12372109293937683,0.006170276326952132,1.0,141.6247261784003,0.9803401279538616,0,0,1,10.444337079055202,0.9313184624451013,2.0478179640934684,3.4743449015922856,196.61074829101562,269.486083984375,15.887535299869045,14.13965862229541,1.7478766775736343,0,6.124062180358534,47.107980120927095
GT+smooth-jitter_controlled_forward3x6_SoftMS_local_prior_3frame_causal_heading_continuous_waypoint_RNN_polynomial_Kalman,1,controlled_gt_jitter,8.0,198.95550343691755,262.0996571569972,-1.4392719537074379,-4.993696114487214,0,1,8,200.06323803885076,265.1041291608388,200.51934784955662,267.84078802507395,5742,196.75181579589844,263.3020324707031,199.20901489257812,265.21295166015625,0.7621273994445801,1,0.8611268895961904,11.685012839734554,18,/yh/study/cvpr_data/Bearing_UAV_90K/citya/uav_254k_34bc_b15_s100/blk_3_6_s_069_v3d.jpg,200.394775390625,267.0933532714844,145.75063002316483,-0.7577446854962278,0,9.721583331297335,9.721583331297335,1,9.721583331297335,-60.038397948491635,-12.000000000000002,145.75063002316483,-3.3917298482875675,199.9617508972848,264.495206311443,2.6339851627913293,7.754883314642203,1,0.0,0,0,0.36983751196942194,1.0,145.1519012451172,-5.920111179351807,1,1,6,18,1,-9.843874397587395,212.75181579589844,263.3020324707031,206.62562561035156,265.3888854980469,11,206.62562561035156,265.3888854980469,152.06906127929688,-1.4146758317947388,0.7314332127571106,0.03539440035820007,4.0,14.477973937988281,1,151.95071411132812,-1.3659236431121826,6.229841438173437,5.001876354217529,15.47468090057373,0.36983751196942194,151.95071411132812,-1.3659236431121826,151.95071411132812,-1.4314979535380212,0.0,0.06557431042583861,0.0,0,10.471583331297335,10.470875730879385,-0.12173287471062182,10.664812088012695,-0.03924695774912834,-0.05161231756210327,-0.031395211815834045,-0.4000164854049965,0.0,-9.862338693430614,-9.862338693430614,50.17605925506103,10.638362884521484,-0.12921994924545288,0.15265357106496708,1.0,144.8901391934009,-2.807499234340023,0,0,1,7.178924064054598,0.9527916861570945,0.8604908297639327,0.9432287567153601,199.20901489257812,265.21295166015625,5.001064805926662,9.721583331297335,0.0,0,2.2230470482231772,52.601429633796215
GT+smooth-jitter_controlled_forward3x6_SoftMS_local_prior_3frame_causal_heading_continuous_waypoint_RNN_polynomial_Kalman,1,controlled_gt_jitter,8.0,206.43142677569722,259.34240621919804,-1.2688600895371567,-5.061799103067566,0,1,8,207.0217408305991,264.0103467133823,207.49530383766165,266.8640016531385,5743,204.75181579589844,263.3020324707031,205.415283203125,263.4581298828125,0.9244551062583923,1,1.6987199701052231,13.197509106248617,19,/yh/study/cvpr_data/Bearing_UAV_90K/citya/uav_254k_34bc_b15_s100/blk_4_5_s_011_v3d.jpg,207.70028686523438,264.4042053222656,152.8151321976024,-2.4683225135643068,1,7.784729577733362,7.784729577733362,1,7.784729577733362,-20.20858644115445,12.000000000000002,152.8151321976024,-2.875403429197283,207.02456949744413,264.02739204630507,0.7736809459160152,7.237524705374064,1,0.0,0,0,0.37807525148499976,1.0,152.06906127929688,-7.40726375579834,1,1,6,18,1,-9.810359944618055,220.75181579589844,263.3020324707031,212.84645080566406,264.3137512207031,8,212.84645080566406,264.3137512207031,157.93600463867188,-2.9858298301696777,0.6958553791046143,0.030749276280403137,4.0,14.139820098876953,1,157.81292724609375,-2.93487811088562,4.3966397641782216,5.002214431762695,15.136226654052734,0.37807525148499976,157.81292724609375,-2.93487811088562,157.81292724609375,-2.93487811088562,0.0,0.0,0.0,1,8.534729577733362,8.53413198989247,-0.1009957629342848,10.664802551269531,-0.037394534796476364,-0.05166156217455864,-0.029913082718849182,-0.4071259919594658,0.0,-9.869448199985083,-9.869448199985083,10.339138241169364,10.638330459594727,-0.12794634699821472,0.10005604533591334,1.0,151.300455467693,-3.5181405477209795,1,0,1,0.7686077897624841,0.9949456663091215,1.5146767299093824,2.880072973536169,205.415283203125,263.4581298828125,6.449586483856018,7.784729577733362,0.0,0,2.473115539757429,62.07346823066473
GT+smooth-jitter_controlled_forward3x6_SoftMS_local_prior_3frame_causal_heading_continuous_waypoint_RNN_polynomial_Kalman,1,controlled_gt_jitter,8.0,211.8364683371912,264.0040375790069,-1.0954011696447443,-5.123892108493142,0,1,8,212.73725762213832,264.5296820577141,213.0817355119612,267.3295376259968,5744,212.75181579589844,263.3020324707031,212.7538299560547,263.8707275390625,0.946925163269043,1,0.6591628781286398,13.298244215548038,20,/yh/study/cvpr_data/Bearing_UAV_90K/citya/uav_254k_34bc_b15_s100/blk_4_5_s_054_v3d.jpg,212.93186950683594,269.1279296875,158.42092764460565,1.8046256748616623,1,7.048618929592923,7.048618929592923,1,7.048618929592923,42.07965476249927,12.000000000000002,158.42092764460565,-2.985567812252682,212.71715768842935,264.3663133394893,4.766454805262111,7.73610114126537,1,0.0,0,0,0.350383322582238,1.0,156.90379333496094,-3.210599184036255,1,1,6,18,1,-7.408792026975462,220.75181579589844,279.3020324707031,215.56031799316406,271.0882568359375,6,215.56031799316406,271.0882568359375,161.20309448242188,3.539900541305542,0.7898756265640259,0.045685917139053345,4.0,30.904796600341797,1,161.07749938964844,3.591330051422119,3.69604597360038,5.002171516418457,31.90123176574707,0.350383322582238,161.07749938964844,3.591330051422119,161.07749938964844,-1.0574353299919894,0.0,4.648765381414109,0.0,0,7.798618929592923,7.798065748112624,-0.09288593606013203,10.66485595703125,-0.0386468730866909,-0.05139350891113281,-0.0309150367975235,-0.40675553423827193,0.0,-7.831351163516696,-7.831351163516696,49.91100592601596,10.638506889343262,-0.1296321600675583,0.01418020817009264,1.0,157.80691621036968,-3.4196314464720086,1,1,2,144.7820792819895,0.03812022014439657,0.6140114342359766,3.616237027438327,212.7538299560547,263.8707275390625,7.350136411719027,7.048618929592923,0.30151748212610396,0,5.260216013737293,55.9669598005712
GT+smooth-jitter_controlled_forward3x6_SoftMS_local_prior_3frame_causal_heading_continuous_waypoint_RNN_polynomial_Kalman,1,controlled_gt_jitter,8.0,221.70135505985584,256.6802388504205,-0.9191130797925955,-5.179838053876397,0,1,8,221.97709890758244,265.41331086395473,222.10203875145473,268.0812295626213,5745,220.75181579589844,263.3020324707031,220.77366638183594,267.2799072265625,0.846642255783081,1,2.220907883034584,65.1437439955771,21,/yh/study/cvpr_data/Bearing_UAV_90K/citya/uav_254k_34bc_b15_s100/blk_3_5_s_015_v3d.jpg,222.62046813964844,261.8600769042969,167.47249719358464,-6.242716510359864,1,12.111590628239119,12.111590628239119,1,12.111590628239119,-36.87521039527555,-12.000000000000002,167.47249719358464,-2.948811359111742,222.1333392749363,265.1325843298311,3.3085645499237883,7.887789144357398,1,0.0,0,0,0.2622902604464798,1.0,166.12640380859375,-11.328333854675293,1,1,6,18,1,0.2092627565601527,220.75181579589844,279.3020324707031,221.46673583984375,266.7506103515625,9,221.46673583984375,266.7506103515625,166.7288818359375,-1.273263931274414,0.8406474590301514,0.018840476870536804,4.0,21.946353912353516,1,166.60809326171875,-1.2224749326705933,5.117134306024015,5.002073287963867,22.942934036254883,0.2622902604464798,166.60809326171875,-1.2224749326705933,166.60809326171875,-1.2224749326705933,0.0,0.0,0.0,0,11.867477571415723,11.866788941898308,-0.12784411013126373,10.664666175842285,-0.039111632853746414,-0.05233683064579964,-0.03128688037395477,-0.4089044291450343,0.0,-0.9765482278325638,-0.9765482278325638,35.898662167442986,10.637835502624512,-0.13067710399627686,0.00851293664364217,1.0,166.0821671453558,-0.6882390541267956,1,1,2,136.50682834700336,0.09309799492887927,1.390330048228833,1.4469244523968339,220.77366638183594,267.2799072265625,8.714372176924186,12.111590628239119,0.0,0,5.725839454159472,115.81528279930353
GT+smooth-jitter_controlled_forward3x6_SoftMS_local_prior_3frame_causal_heading_continuous_waypoint_RNN_polynomial_Kalman,1,controlled_gt_jitter,8.0,235.68562225478792,261.9793543124235,-0.7402200303683324,-5.229507992264044,0,1,8,236.51028381167436,266.1955639864702,236.25486152219827,269.2606314601832,5747,236.75181579589844,263.3020324707031,236.75001525878906,270.6465148925781,0.9417300820350647,1,4.457402285560378,11.888295877724886,22,/yh/study/cvpr_data/Bearing_UAV_90K/citya/uav_254k_34bc_b15_s100/blk_4_6_s_004_v3d.jpg,236.42584228515625,267.2088623046875,181.67437668948412,-2.058881028312542,1,14.80533216638139,14.80533216638139,1,14.80533216638139,21.17847323783466,12.000000000000002,181.67437668948412,-2.7847012671033524,236.4861183751742,266.4855492244722,0.7258202387908337,6.557063538540589,1,0.0,0,0,0.5112540524473438,1.0,180.50242614746094,-7.208853244781494,1,1,6,18,1,4.361225967973082,244.75181579589844,271.3020324707031,239.81076049804688,265.965576171875,8,239.81076049804688,265.965576171875,184.94435119628906,-3.578974723815918,0.8473399877548218,0.1584625542163849,4.0,22.265460968017578,1,184.81814575195312,-3.5266690254211426,3.4695367879002865,5.002073287963867,23.261810302734375,0.5112540524473438,184.81814575195312,-3.5266690254211426,184.81814575195312,-3.5266690254211426,0.0,0.0,0.0,1,14.371484360092701,14.37090559307088,-0.12897731363773346,10.665054321289062,-0.03700254485011101,-0.05040238797664642,-0.029599588364362717,-0.41325568653315553,0.0,4.350386004193022,4.350386004193022,16.828087233641636,10.639203071594238,-0.12854211032390594,0.060063286716783355,1.0,182.28291140002733,1.3399759763184378,1,1,2,120.30608409233184,0.20072988137823267,0.6085347105432106,4.140277845092328,236.75001525878906,270.6465148925781,16.327209517091294,14.80533216638139,1.5218773507099037,0,3.4529036233096706,48.16775303333998
GT+smooth-jitter_controlled_forward3x6_SoftMS_local_prior_3frame_causal_heading_continuous_waypoint_RNN_polynomial_Kalman,1,controlled_gt_jitter,8.0,237.73740395870107,262.3890533099433,-0.5589522424708061,-5.272781406853578,0,1,8,238.43835689492977,265.95782639170216,238.14996271427802,269.4185565595232,5747,236.75181579589844,263.3020324707031,236.80499267578125,270.6905517578125,0.9395391941070557,1,5.006652380924697,14.415201265364885,23,/yh/study/cvpr_data/Bearing_UAV_90K/citya/uav_254k_34bc_b15_s100/blk_4_6_s_088_v3d.jpg,238.29635620117188,267.6618347167969,183.57604670955163,-1.7628110181516208,1,1.9245795167101551,1.9245795167101551,1,1.9245795167101551,13.612947927496108,-7.56552531033855,183.57604670955163,-3.1048192965799704,238.40780392262167,266.3244620593996,1.3420082784283476,6.0131492595486025,1,0.0,0,0,0.48119285290046176,1.0,182.58114624023438,-6.97096061706543,1,1,6,18,1,4.357431984652125,244.75181579589844,271.3020324707031,241.92440795898438,265.1439514160156,13,241.92440795898438,265.1439514160156,186.9824676513672,-4.5732903480529785,0.8234941363334656,0.10423719882965088,4.207723140716553,26.86731719970703,1,186.8603515625,-4.523653507232666,4.290560524758437,5.209898948669434,27.863908767700195,0.48119285290046176,186.8603515625,-4.523653507232666,186.8603515625,-4.523653507232666,0.0,0.0,0.0,1,2.405724395887694,2.405548055961153,-0.029127640322006935,10.66462516784668,-0.04035019874572754,-0.05254669487476349,-0.032277580350637436,-0.41700770154331396,0.0,4.346633989182864,4.346633989182864,9.266313938313244,10.637659072875977,-0.13391441106796265,0.07887508208556288,1.0,182.34135597433482,1.379295101598925,1,1,2,120.24763951802436,0.20111816599568968,1.234690735216816,8.740045651136525,236.80499267578125,270.6905517578125,0.0704397748349849,1.9245795167101551,0.0,0,3.3759875709788973,59.71947591751814
GT+smooth-jitter_controlled_forward3x6_SoftMS_local_prior_3frame_causal_heading_continuous_waypoint_RNN_polynomial_Kalman,1,controlled_gt_jitter,8.0,247.97429263744328,268.99749085494057,-0.37554561939265324,-5.309546498575049,0,1,8,248.97151125448974,266.84696138167004,248.6840582153556,270.29639785127966,5749,252.75181579589844,263.3020324707031,247.8424072265625,271.1829528808594,0.8442898988723755,1,4.480591276486138,10.534344706684351,24,/yh/study/cvpr_data/Bearing_UAV_90K/citya/uav_254k_34bc_b15_s100/blk_4_6_s_094_v3d.jpg,248.34983825683594,274.3070373535156,194.1466556494063,4.024541240634565,1,12.051191622682511,12.051191622682511,1,12.051191622682511,33.46411254702934,12.000000000000002,194.1466556494063,-3.6035735096821893,248.98331870665538,266.7052719556823,7.628114750316727,6.520717152732374,1,0.0,0,0,0.23890508488127443,1.0,193.3314666748047,-1.2354774475097656,1,1,6,18,1,4.353652675565713,252.75181579589844,287.3020324707031,251.44288635253906,268.9310607910156,6,251.44288635253906,268.9310607910156,196.78256225585938,-1.5897290706634521,0.904265284538269,0.03850792348384857,4.0,77.76555633544922,1,196.65777587890625,-1.5378684997558594,6.102960505115049,5.002185821533203,78.76201629638672,0.23890508488127443,196.65777587890625,-1.5378684997558594,196.65777587890625,-1.8593801196280864,0.0,0.321511619872227,0.0,0,11.837819468515166,11.83709629286791,-0.13084770739078522,10.664949417114258,-0.03851968050003052,-0.0509236678481102,-0.030813267454504967,-0.4233814686581259,0.0,4.340260222068052,4.340260222068052,29.123852324961284,10.638797760009766,-0.13254356384277344,0.01654554709946508,1.0,193.38153631445013,0.9533879644120131,1,1,2,109.20745917790904,0.2744651319170259,0.7651193349561822,1.3862422055682533,247.8424072265625,271.1829528808594,11.048392590407687,12.051191622682511,0.0,0,3.1650260730010173,45.4625990241766
GT+smooth-jitter_controlled_forward3x6_SoftMS_local_prior_3frame_causal_heading_continuous_waypoint_RNN_polynomial_Kalman,1,controlled_gt_jitter,8.0,252.4146169944058,264.23280930531075,-0.19024140403169826,-5.3397004603142495,0,1,8,252.88268733257985,266.23856255591676,252.5179104176724,270.61588553480607,5749,252.75181579589844,263.3020324707031,252.7512664794922,271.15716552734375,0.9840318560600281,1,4.920358384422493,10.58835769072175,25,/yh/study/cvpr_data/Bearing_UAV_90K/citya/uav_254k_34bc_b15_s100/blk_5_6_s_060_v3d.jpg,252.6048583984375,269.572509765625,197.99379680734873,-1.046992333817834,1,6.365606639271108,6.365606639271108,1,6.365606639271108,-48.053294992554264,-12.000000000000002,197.99379680734873,-3.549361951877458,252.81266888414066,267.0787839371868,2.5023696180596318,5.65678191714113,1,0.0,0,0,0.5707264413384316,1.0,197.36077880859375,-6.352449417114258,1,1,6,18,1,4.3489653248456595,268.7518005371094,263.3020324707031,257.1908264160156,265.3544616699219,14,257.1908264160156,265.3544616699219,202.21363830566406,-5.631314277648926,0.6848734617233276,0.43703311681747437,7.714027404785156,61.36418151855469,1,202.0889434814453,-5.579493045806885,6.108501369938895,8.71634292602539,62.36043167114258,0.5707264413384316,202.0889434814453,-5.579493045806885,202.0889434814453,-5.579493045806885,0.0,0.0,0.0,0,7.115606639271108,7.115062845885593,-0.08796899418246798,10.664634704589844,-0.038765743374824524,-0.052495453506708145,-0.031009942293167114,-0.4145457918734946,0.0,4.349095898852683,4.349095898852683,52.40239089140695,10.637715339660645,-0.13123935461044312,0.15880066918163516,1.0,198.27129765763146,0.5200311144556597,1,1,2,104.31769783472771,0.3069509380862068,0.27750085028273475,4.299028065318736,252.7512664794922,271.15716552734375,4.908926985877336,6.365606639271108,0.0,0,1.5914047911661406,51.14548187702894
GT+smooth-jitter_controlled_forward3x6_SoftMS_local_prior_3frame_causal_heading_continuous_waypoint_RNN_polynomial_Kalman,1,controlled_gt_jitter,8.0,257.8082070971193,271.57026090745387,-0.003285822802581623,-5.363149737077406,0,1,8,258.6036449880491,267.42758582700486,258.29781511864223,271.0975442598869,5869,260.7518005371094,271.3020324707031,260.5986328125,271.2663879394531,0.9794875383377075,1,4.326242951828364,10.485360864549875,26,/yh/study/cvpr_data/Bearing_UAV_90K/citya/uav_254k_34bc_b15_s100/blk_4_6_s_019_v3d.jpg,257.8114929199219,276.93341064453125,203.79373590010994,5.856094751657477,1,9.016202348516565,9.016202348516565,1,9.016202348516565,54.72683324677802,12.000000000000002,203.79373590010994,-4.513129691233014,258.67261013949286,266.6000040096796,10.369224442890504,5.2034186518131325,1,0.0,0,0,0.6206227781018945,1.0,203.34507751464844,0.5117434859275818,1,1,6,18,1,4.349011028416161,268.7518005371094,271.3020324707031,264.2229919433594,269.8433532714844,9,264.2229919433594,269.8433532714844,209.5942840576172,-1.7419178485870361,0.6279467940330505,0.38692009449005127,5.325589179992676,35.81057357788086,1,209.4764404296875,-1.692603588104248,9.448596583366427,6.327676296234131,36.8071174621582,0.6206227781018945,209.4764404296875,-1.692603588104248,209.4764404296875,-2.139102107364888,0.0,0.4464985192606399,0.0,0,9.766202348516565,9.765457273338543,-0.12063397021496472,10.664532661437988,-0.041076358407735825,-0.05300913751125336,-0.0328587107360363,-0.43561591160677904,0.0,4.328025779119399,4.328025779119399,50.39880746765863,10.637284278869629,-0.13838347792625427,0.31925832459836334,1.0,206.1006277178085,-0.022812056764193085,1,1,2,96.48836777455068,0.3589661758286638,2.3068918176985562,1.6483303129214235,260.5986328125,271.2663879394531,7.848126394225024,9.016202348516565,0.0,0,6.3153222499466635,47.7116322144866
GT+smooth-jitter_controlled_forward3x6_SoftMS_local_prior_3frame_causal_heading_continuous_waypoint_RNN_polynomial_Kalman,1,controlled_gt_jitter,8.0,270.0774653028787,271.47889334185845,0.18507028334744996,-5.379810271422799,0,1,8,270.4118503368096,268.59121651708824,270.2892180011853,272.09682783343214,5870,268.7518005371094,271.3020324707031,268.76531982421875,271.3007507324219,0.998244047164917,1,3.1705895970554687,9.95341269299388,27,/yh/study/cvpr_data/Bearing_UAV_90K/citya/uav_254k_34bc_b15_s100/blk_5_5_s_027_v3d.jpg,269.89239501953125,276.85870361328125,215.8267035619887,4.778381464626108,1,12.081133087623213,12.081133087623213,1,12.081133087623213,-0.35430657370933893,-12.000000000000002,215.6583783407233,-3.8168795128217865,270.43844880661385,268.27915409642634,8.596909017231285,5.522989745083021,1,0.0,0,0,0.47212680899826476,1.0,215.56436157226562,-0.598214864730835,1,1,6,18,1,4.341666200500443,268.7518005371094,271.3020324707031,271.26904296875,272.1976318359375,7,271.26904296875,272.1976318359375,216.81150817871094,0.01908576674759388,0.8525704145431519,0.14968350529670715,4.0,75.89286804199219,1,216.6865997314453,0.07025836408138275,4.786005072304989,5.002312183380127,76.88902282714844,0.47212680899826476,216.6865997314453,0.07025836408138275,216.6865997314453,-1.6878702779746493,0.0,1.758128642056032,0.0,1,11.865401381386173,11.864642440613357,-0.13420021533966064,10.664932250976562,-0.03784742206335068,-0.05100546032190323,-0.03027537278831005,-0.4203725568853237,0.0,4.343269133840854,4.343269133840854,4.697575707550193,10.638752937316895,-0.13104325532913208,0.023248550055891125,1.0,214.24195869288155,-0.6667744028932275,1,1,2,88.34703679947762,0.41305423482650855,1.5847448691071406,1.4162008366466505,268.76531982421875,271.3007507324219,8.166759305190544,12.081133087623213,0.0,0,5.6710791496629405,52.003476303070784
GT+smooth-jitter_controlled_forward3x6_SoftMS_local_prior_3frame_causal_heading_continuous_waypoint_RNN_polynomial_Kalman,1,controlled_gt_jitter,8.0,277.3678274554135,273.11228435633143,0.3745718401790987,-5.389607733512346,0,1,8,277.64234903011993,269.32672863561595,277.47709515635773,272.69581759636316,5871,276.7518005371094,271.3020324707031,276.75689697265625,271.30206298828125,0.9989755153656006,1,2.164710408088413,13.162955176085234,28,/yh/study/cvpr_data/Bearing_UAV_90K/citya/uav_254k_34bc_b15_s100/blk_4_5_s_067_v3d.jpg,276.9932556152344,278.50189208984375,223.0394954440511,5.826199595396676,1,7.288503932160367,7.288503932160367,1,7.288503932160367,13.02930297867003,12.000000000000002,223.0394954440511,-3.6041303298068548,277.77640188905195,269.1041368040324,9.430329925203539,6.0254383534503475,1,0.0,0,0,0.49013972002183664,1.0,222.96519470214844,0.4241023659706116,1,1,6,18,1,4.342227236507736,268.7518005371094,271.3020324707031,276.2697448730469,275.88787841796875,13,276.2697448730469,275.88787841796875,222.1013946533203,3.281299591064453,0.8373620510101318,0.16509036719799042,8.306251525878906,55.46978759765625,1,221.9793701171875,3.332366466522217,2.709809842651194,9.308366775512695,56.466163635253906,0.49013972002183664,221.9793701171875,3.332366466522217,221.9793701171875,-1.4453997917708241,0.0,4.777766258293042,0.0,0,8.038503932160367,8.037876363430975,-0.10044418129158712,10.664692878723145,-0.039537280797958374,-0.05220746994018555,-0.031627360731363297,-0.43238814029584555,0.0,4.331253550430333,4.331253550430333,8.698049428239699,10.63786792755127,-0.13563376665115356,0.015428704184594095,1.0,222.2060399787612,-1.329131038963001,1,1,2,80.38295551359798,0.46596471098491377,0.8334554652899158,3.3761889465627775,276.75689697265625,271.30206298828125,7.991577256176899,7.288503932160367,0.7030733240165317,0,7.203707691156524,55.0067899748683
GT+smooth-jitter_controlled_forward3x6_SoftMS_local_prior_3frame_causal_heading_continuous_waypoint_RNN_polynomial_Kalman,1,controlled_gt_jitter,8.0,286.98192160290756,263.7975552238194,0.5649599329857036,-5.392477735164984,0,1,8,286.36388345330556,269.8269715583801,286.06517351707976,273.41149079309,5872,284.7518005371094,271.3020324707031,284.78167724609375,271.3067626953125,0.9959845542907715,1,2.1663698417129353,9.917265269905329,29,/yh/study/cvpr_data/Bearing_UAV_90K/citya/uav_254k_34bc_b15_s100/blk_4_6_s_013_v3d.jpg,286.4169616699219,269.1900329589844,231.6573419299439,-4.236090314147236,1,13.248281257511216,13.248281257511216,1,13.248281257511216,-44.657961716242525,-12.000000000000002,231.6573419299439,-3.5051908627080657,286.3562637742523,269.9184077070196,0.7308994514391626,6.756660229423307,1,0.0,0,0,0.1579763841369345,1.0,231.77252197265625,-9.656858444213867,1,1,6,18,1,4.338386455718794,284.7518005371094,287.3020324707031,289.4691162109375,267.5542907714844,11,289.4691162109375,267.5542907714844,234.5631103515625,-6.119649887084961,0.9620885252952576,0.014951027929782867,7.320432662963867,57.95848846435547,1,234.44143676757812,-6.069114685058594,3.3333410280522844,8.322781562805176,58.95485305786133,0.1579763841369345,234.44143676757812,-6.069114685058594,234.44143676757812,-5.115851896534007,0.0,-0.9532627885245861,0.0,0,12.88775165602918,12.887054840780458,-0.13401596248149872,10.664634704589844,-0.03936658054590225,-0.05249345302581787,-0.03149060904979706,-0.4291042066872445,0.0,4.3345374840389335,4.3345374840389335,48.99249920028146,10.637676239013672,-0.13478347659111023,0.012253748455032005,1.0,230.20349101052813,-1.9908692943844637,1,1,2,72.38550448183105,0.5190968836681036,1.4538509194157712,2.5836465529213726,284.78167724609375,271.3067626953125,8.024781649627473,13.248281257511216,0.0,0,2.674827082910336,45.50177697092295
GT+smooth-jitter_controlled_forward3x6_SoftMS_local_prior_3frame_causal_heading_continuous_waypoint_RNN_polynomial_Kalman,1,controlled_gt_jitter,8.0,297.33556205405,267.65042181447245,0.755972210299999,-5.388366027324412,0,1,8,296.74830791916014,271.0141709368753,296.476232245528,274.2790790204607,5873,292.7518005371094,271.3020324707031,295.34796142578125,271.3424377441406,0.8582155704498291,1,1.4383078245878813,13.310034293681383,30,/yh/study/cvpr_data/Bearing_UAV_90K/citya/uav_254k_34bc_b15_s100/blk_4_6_s_092_v3d.jpg,296.57958984375,273.0387878417969,242.10448762527483,-1.24459029442685,1,10.867010883746193,10.867010883746193,1,10.867010883746193,20.74250320708816,12.000000000000002,242.10448762527483,-3.7312669197938924,296.7860970973447,270.56070079866066,2.4866766253670374,6.887227013889634,1,0.0,0,0,0.4733266896589293,1.0,242.41036987304688,-6.677123546600342,1,1,6,18,1,4.337039307626715,292.7518005371094,287.3020324707031,296.6831970214844,274.7308654785156,8,296.6831970214844,274.7308654785156,242.34825134277344,0.4330383837223053,0.8570430278778076,0.1734400987625122,4.0,69.58680725097656,1,242.22244262695312,0.4860016107559204,1.7346070807837342,5.002381324768066,70.5831069946289,0.4733266896589293,242.22244262695312,0.4860016107559204,242.22244262695312,-1.600277881856659,0.0,2.0862794926125794,0.0,0,10.748489357277377,10.747650013046497,-0.13432297110557556,10.664976119995117,-0.037794724106788635,-0.05078795552253723,-0.030233200639486313,-0.4263168758560711,0.0,4.337324814870106,4.337324814870106,16.405178392218055,10.638893127441406,-0.13207435607910156,0.016221832808825526,1.0,240.7362393417544,-2.832799615772737,1,1,2,61.85275615060476,0.5890726548157329,1.3682482835204155,0.20203476375107599,295.34796142578125,271.3424377441406,10.56634440452436,10.867010883746193,0.0,0,2.096309188494525,68.7889358960092
GT+smooth-jitter_controlled_forward3x6_SoftMS_local_prior_3frame_causal_heading_continuous_waypoint_RNN_polynomial_Kalman,1,controlled_gt_jitter,8.0,301.6938948114202,273.895812091098,0.9473432977483373,-5.377228680386377,0,1,8,301.3268426729282,271.4592493604207,301.13039442225215,274.66692586852105,5874,300.7518005371094,271.3020324707031,300.7545471191406,271.4016418457031,0.9885462522506714,1,0.5751876447186222,10.517343878746033,31,/yh/study/cvpr_data/Bearing_UAV_90K/citya/uav_254k_34bc_b15_s100/blk_4_5_s_075_v3d.jpg,300.7465515136719,279.2730407714844,246.77478212827992,4.622080687068133,1,7.498631818532983,7.498631818532983,1,7.498631818532983,56.24131503916543,12.000000000000002,246.77478212827992,-3.379669770703793,301.4110607201074,271.29893029425773,8.001750457771932,7.554295352626056,1,0.0,0,0,0.41376956424595146,1.0,247.2722930908203,-0.8152463436126709,1,1,6,18,1,4.337139225823752,292.7518005371094,287.3020324707031,299.8890686035156,280.7786560058594,10,299.8890686035156,280.7786560058594,246.0452880859375,6.193705081939697,0.877434492111206,0.09392409026622772,4.0,43.388404846191406,1,245.91917419433594,6.245987892150879,1.835521600893769,5.00218391418457,44.38467788696289,0.41376956424595146,245.91917419433594,6.245987892150879,245.91917419433594,-1.3469499896979729,0.0,7.592937881848851,0.0,0,8.248631818532983,8.247983150331718,-0.10344481407401494,10.664673805236816,-0.03886844217777252,-0.052301470190286636,-0.031092271208763123,-0.430251998632924,0.0,4.333389692093254,4.333389692093254,51.90792534707217,10.63781452178955,-0.13430029153823853,0.00645667496530948,1.0,246.1290660140827,-3.2227925227653658,1,1,2,56.45992947827648,0.6249006451174569,0.6457161141972279,3.166041986703833,300.7545471191406,271.4016418457031,5.406909836984532,7.498631818532983,0.0,0,7.8714029866661654,49.6754078194499
GT+smooth-jitter_controlled_forward3x6_SoftMS_local_prior_3frame_causal_heading_continuous_waypoint_RNN_polynomial_Kalman,1,controlled_gt_jitter,8.0,314.3567312466828,263.3894113566516,1.1388052212921347,-5.3590322468640466,0,1,8,312.92638598691315,272.24692406524514,312.6447583096444,275.6264561924704,5876,316.7518005371094,271.3020324707031,312.099853515625,272.2128601074219,0.7878755331039429,1,0.8272341139703294,9.913747664541006,32,/yh/study/cvpr_data/Bearing_UAV_90K/citya/uav_254k_34bc_b15_s100/blk_6_5_s_071_v3d.jpg,313.2179260253906,268.7484436035156,258.3290572753353,-6.901853258668597,1,16.318772250373616,16.318772250373616,1,16.318772250373616,-40.16103089663435,-12.000000000000002,258.3290572753353,-3.3466848079587375,312.92268535544054,272.29133164291653,3.5551684507098367,8.482306929512628,1,0.0,0,0,0.12606621225087852,1.0,259.0188903808594,-12.336946487426758,1,1,6,18,1,4.335826895688185,308.7518005371094,287.3020324707031,314.46051025390625,259.62957763671875,5,314.46051025390625,259.62957763671875,258.81005859375,-16.092411041259766,0.9358991980552673,0.009484536945819855,4.0,124.71356201171875,1,258.68756103515625,-16.041748046875,9.146923072011063,5.002206325531006,125.7099838256836,0.12606621225087852,258.68756103515625,-16.041748046875,258.68756103515625,-4.904694058172687,0.0,-11.137053988702313,0.0,0,15.763838094555943,15.763270470343727,-0.13377425074577332,10.664676666259766,-0.03894748166203499,-0.05228324234485626,-0.031155411154031754,-0.43099283403403243,0.0,4.3326488566921455,4.3326488566921455,44.4936797533265,10.637824058532715,-0.13454854488372803,0.000993116644196099,1.0,257.50255098929824,-3.356552818822464,1,1,2,45.08644450306093,0.700461966507543,0.8265062860370449,5.6540955841138505,312.099853515625,272.2128601074219,11.374271506266028,16.318772250373616,0.0,0,3.6403664444162223,49.818688072264194
GT+smooth-jitter_controlled_forward3x6_SoftMS_local_prior_3frame_causal_heading_continuous_waypoint_RNN_polynomial_Kalman,1,controlled_gt_jitter,8.0,318.8685705050831,266.9577500003441,1.3300878390674842,-5.3337539059058665,0,1,8,317.3973158838259,272.72146908187307,317.2287367915948,276.0084543992996,5876,316.7518005371094,271.3020324707031,316.7542419433594,273.8912353515625,0.8617832660675049,1,1.3348772297894247,13.849086128175259,33,/yh/study/cvpr_data/Bearing_UAV_90K/citya/uav_254k_34bc_b15_s100/blk_5_5_s_053_v3d.jpg,317.5384826660156,272.29150390625,262.9289248117982,-3.7298342422287645,1,5.587529507184815,5.587529507184815,1,5.587529507184815,39.353369065007044,12.000000000000002,262.9289248117982,-3.471119846417642,317.5169976048704,272.54932463999245,0.25871439581110983,9.121388858322138,1,0.0,0,0,0.3041395155983225,1.0,263.81146240234375,-9.155621528625488,1,1,6,18,1,4.3347145887096765,308.7518005371094,287.3020324707031,316.10614013671875,278.18182373046875,10,316.10614013671875,278.18182373046875,261.9906921386719,2.2590885162353516,0.851601243019104,0.041328608989715576,4.0,32.77498245239258,1,261.8639831542969,2.312225103378296,6.135192080914754,5.002269744873047,33.771240234375,0.3041395155983225,261.8639831542969,2.312225103378296,261.8639831542969,-1.6192896456804098,0.0,3.9315147490587052,0.0,0,6.337529507184815,6.337026153718469,-0.07987353458009147,10.665046691894531,-0.036758799105882645,-0.05043201893568039,-0.029404515400528908,-0.43294181250543967,0.0,4.330699878220738,4.330699878220738,35.0226691867863,10.639137268066406,-0.13185614347457886,0.00487584997793416,1.0,262.2802435117053,-2.0705010089378337,1,1,2,40.30875198065388,0.7322032279568965,0.6486813000929033,5.077517184709716,316.7542419433594,273.8912353515625,4.947754550942455,5.587529507184815,0.0,0,1.7816212302826933,56.6895161755383
GT+smooth-jitter_controlled_forward3x6_SoftMS_local_prior_3frame_causal_heading_continuous_waypoint_RNN_polynomial_Kalman,1,controlled_gt_jitter,8.0,329.8482508239797,274.4182839381275,1.5209192810109233,-5.30138158921624,0,1,8,328.8341707458074,273.6375950932797,328.55792422424565,276.9525533520205,5878,332.7518005371094,271.3020324707031,328.58868408203125,277.666748046875,0.7579745650291443,1,4.036624484090363,12.069946620613337,34,/yh/study/cvpr_data/Bearing_UAV_90K/citya/uav_254k_34bc_b15_s100/blk_5_5_s_028_v3d.jpg,328.32733154296875,279.71966552734375,274.2973816427257,2.7767035807735314,1,13.098734486919827,13.098734486919827,1,13.098734486919827,34.5475523639633,-4.805816701043743,274.2973816427257,-3.4228238443405754,328.84217427285375,273.5415527687235,6.199527425114114,9.995869908561842,1,0.0,0,0,0.29769466193284744,1.0,275.372802734375,-2.6326711177825928,1,1,6,18,1,4.333309437370506,316.7518005371094,295.3020324707031,329.2500915527344,285.9546813964844,9,329.2500915527344,285.9546813964844,275.7347412109375,8.913551330566406,0.7835708856582642,0.027105271816253662,4.134171009063721,44.193389892578125,1,275.6072692871094,8.966838836669922,6.327209505556153,5.136541366577148,45.18955993652344,0.29769466193284744,275.6072692871094,8.966838836669922,275.6072692871094,-1.581627652151377,0.0,10.5484664888213,0.0,0,12.801528645684023,12.800835727966241,-0.13319283723831177,10.664773941040039,-0.037855055183172226,-0.05180385336279869,-0.030281465500593185,-0.4316561094354641,0.0,4.331985581290714,4.331985581290714,30.215566782672585,10.63817024230957,-0.13314488530158997,0.0025486665803506822,1.0,274.38734588966935,0.7091732265682323,1,1,2,28.201649602689827,0.8126384380862071,0.08996424694362304,2.4339605458797884,328.58868408203125,277.666748046875,12.422097924506891,13.098734486919827,0.0,0,2.0694867313632566,48.3958893455565
GT+smooth-jitter_controlled_forward3x6_SoftMS_local_prior_3frame_causal_heading_continuous_waypoint_RNN_polynomial_Kalman,1,controlled_gt_jitter,8.0,332.5542575966053,267.6288940175006,1.7110263954333895,-5.2619140879681465,0,1,8,330.71060912095754,274.48227306804074,330.4913260292026,277.11367016910026,5878,332.7518005371094,271.3020324707031,332.6536865234375,278.4847106933594,0.9219170808792114,1,4.449163599666181,18.231032881885767,35,/yh/study/cvpr_data/Bearing_UAV_90K/citya/uav_254k_34bc_b15_s100/blk_6_5_s_030_v3d.jpg,330.8432312011719,272.89080810546875,276.2374850338254,-4.237499411034403,1,7.277571351655982,7.277571351655982,1,7.277571351655982,-69.77510497165544,-12.000000000000002,276.2374850338254,-3.426932120644468,330.7759172515877,273.6985755004789,0.810567290389958,8.68079931387079,1,0.0,0,0,0.38280519638280097,1.0,277.505615234375,-9.623330116271973,1,1,6,18,1,4.33284607840443,332.7518005371094,287.3020324707031,334.22308349609375,276.1404113769531,10,334.22308349609375,276.1404113769531,279.8755187988281,-1.2798025608062744,0.9152132272720337,0.08844562619924545,4.0,38.43126678466797,1,279.75054931640625,-1.2287616729736328,4.625378193183357,5.002247333526611,39.42756271362305,0.38280519638280097,279.75054931640625,-1.2287616729736328,279.75054931640625,-1.4453035466128463,0.0,0.2165418736392135,0.0,0,8.027571351655983,8.02694243602832,-0.10048350419644379,10.664886474609375,-0.03845079243183136,-0.051238708198070526,-0.03075810708105564,-0.4327120673533187,0.0,4.330929623372859,4.330929623372859,74.10603459502829,10.638557434082031,-0.13417795300483704,0.05176221196249844,1.0,278.50623493038756,1.186730353971781,1,1,2,24.08276056197161,0.8400028474342675,2.2687498965621558,3.3873151229533933,332.6536865234375,278.4847106933594,4.146481368543997,7.277571351655982,0.0,0,5.879582862476671,55.24059105664492
GT+smooth-jitter_controlled_forward3x6_SoftMS_local_prior_3frame_causal_heading_continuous_waypoint_RNN_polynomial_Kalman,1,controlled_gt_jitter,8.0,352.7312509243419,275.19320819560227,1.900135201685679,-5.21536114033523,0,1,8,351.0304869223166,276.25382411332106,350.9635226213362,278.81968655177803,5999,348.7518005371094,279.3020324707031,348.9296875,279.26751708984375,0.9771769046783447,1,3.673649897519889,16.036123037338257,36,/yh/study/cvpr_data/Bearing_UAV_90K/citya/uav_254k_34bc_b15_s100/blk_6_6_s_079_v3d.jpg,350.83111572265625,280.4085693359375,296.78064265880926,1.5943901933392532,1,21.00403244969687,21.354911883745473,1,21.00403244969687,20.61207857717115,12.000000000000002,296.63400396687126,-2.774093468745837,351.0477663781619,276.04299779198743,4.370944109900927,9.06050042509328,1,0.0,0,0,0.21913609385305122,1.0,298.2410888671875,-3.7607533931732178,1,1,6,18,1,4.332175332483593,348.7518005371094,295.3020324707031,354.36529541015625,278.5242614746094,7,354.36529541015625,278.5242614746094,300.1461181640625,-0.5769064426422119,0.9440314173698425,0.037750788033008575,4.0,70.81465148925781,1,300.0218811035156,-0.5252128839492798,3.8727695336404286,5.002263069152832,71.8108901977539,0.21913609385305122,300.0218811035156,-0.5252128839492798,300.0218811035156,-1.0625189138883022,0.0,0.5373060299390224,0.0,1,20.396956316279127,20.396518933045837,-0.13357537984848022,10.664785385131836,-0.038607362657785416,-0.051739197224378586,-0.0308831874281168,-0.43635101071620164,0.0,4.327290680009977,4.327290680009977,16.284787897161173,10.638195037841797,-0.1350700557231903,0.01919157630484977,1.0,294.79102319759903,0.6151844367166382,1,1,2,7.797972294760143,0.9481930919116379,1.989619461210225,10.339247064565033,348.9296875,279.26751708984375,16.294814931242403,21.354911883745473,0.0,0,2.217527793338631,85.40302375331521
GT+smooth-jitter_controlled_forward3x6_SoftMS_local_prior_3frame_causal_heading_continuous_waypoint_RNN_polynomial_Kalman,1,controlled_gt_jitter,8.0,352.0112196390527,277.720977447954,2.0879713480370303,-5.1617434993116,0,1,8,351.16404649758084,276.4134000368422,350.9635226213362,278.81968655177803,5999,348.7518005371094,279.3020324707031,348.98333740234375,279.27301025390625,0.9724730253219604,1,3.596228962620012,14.69487277790904,37,/yh/study/cvpr_data/Bearing_UAV_90K/citya/uav_254k_34bc_b15_s100/blk_5_6_s_065_v3d.jpg,349.9232482910156,282.8827209472656,296.78064265880926,4.135389773367223,1,2.635460010941411,2.635460010941411,1,2.635460010941411,110.15015277323616,12.000000000000002,296.78064265880926,-2.60410593961275,351.17978184868133,276.22457582363666,6.7756751005965645,9.455860233709027,1,0.0,0,0,0.13207270291798145,1.0,297.7334899902344,-1.1819204092025757,1,1,6,18,1,4.330465704117827,364.7518005371094,263.3020324707031,355.4116516113281,278.8448791503906,9,355.4116516113281,278.8448791503906,301.2154846191406,-0.34429141879081726,0.9443461298942566,0.0030920803546905518,4.0,71.22981262207031,1,301.09112548828125,-0.29180672764778137,6.68562902523068,5.002347946166992,72.22611999511719,0.13207270291798145,301.09112548828125,-0.29180672764778137,301.09112548828125,-1.0361859797980804,0.0,0.744379252150299,0.0,0,3.294325013676764,3.2940630329206697,-0.04154552782059328,10.664898872375488,-0.03860396891832352,-0.05117611587047577,-0.030880624428391457,-0.43795658541883065,0.0,4.325685105307348,4.325685105307348,105.82446766792881,10.63858699798584,-0.1353664994239807,0.025073348509372432,1.0,294.8449439626554,0.6162032441782511,1,1,2,7.744051529703768,0.9485513219762929,1.9356986961538496,8.029438861434077,348.98333740234375,279.27301025390625,0.05393038914110905,2.635460010941411,0.0,0,3.730072890493827,62.2296710498631
GT+smooth-jitter_controlled_forward3x6_SoftMS_local_prior_3frame_causal_heading_continuous_waypoint_RNN_polynomial_Kalman,1,controlled_gt_jitter,8.0,359.2449026637168,274.5990718143935,2.2742605738730566,-5.101092980528395,0,1,8,357.25386533840583,276.6544509808001,357.02928789199746,279.3482899819996,6000,356.7518005371094,279.3020324707031,356.753662109375,279.29534912109375,0.9988963603973389,1,2.687851606346469,14.392201788723469,38,/yh/study/cvpr_data/Bearing_UAV_90K/citya/uav_254k_34bc_b15_s100/blk_5_6_s_080_v3d.jpg,356.97064208984375,279.7001647949219,302.8702988188431,0.35672848789989864,2,7.7326853691704125,7.7326853691704125,1,7.7326853691704125,-24.303618578794765,-12.000000000000002,302.8702988188431,-2.5219838767127833,357.238811440708,276.8350246643431,2.877662726692594,9.928886471179126,1,0.0,0,0,0.21736708377927777,1.0,304.2749938964844,-5.048844814300537,1,1,6,18,1,4.330711743106494,372.7518005371094,263.3020324707031,362.2125244140625,274.39300537109375,10,362.2125244140625,274.39300537109375,307.1683654785156,-5.739981651306152,0.9224048256874084,0.02923072874546051,9.47481918334961,52.83952331542969,1,307.0441589355469,-5.687860488891602,7.099916565994111,10.477160453796387,53.835777282714844,0.21736708377927777,307.0441589355469,-5.687860488891602,307.0441589355469,-4.230639564948592,0.0,-1.4572209239430098,0.0,0,8.482685369170412,8.482005990379557,-0.10735665560671206,10.664734840393066,-0.03850163519382477,-0.05199790373444557,-0.030798673629760742,-0.44236939455076135,0.0,4.321272308999386,4.321272308999386,28.62489088779415,10.6380033493042,-0.13603812456130981,0.019620821332262797,1.0,302.5897197976928,-0.006907943981617524,2,2,3,152.06833895212188,4.763002533877695e-06,0.2805790211502881,2.932049471222654,356.753662109375,279.29534912109375,7.770356817913029,7.7326853691704125,0.03767144874261685,0,0.4592995119757238,67.4664187245071
GT+smooth-jitter_controlled_forward3x6_SoftMS_local_prior_3frame_causal_heading_continuous_waypoint_RNN_polynomial_Kalman,1,controlled_gt_jitter,8.0,373.55821647998835,272.30077602580604,2.4587291753008236,-5.033452489818943,0,1,8,370.7802220062522,278.6882362726131,370.39260708277027,281.5755098471284,6002,372.7518005371094,279.3020324707031,372.65167236328125,279.3145446777344,0.9875130653381348,1,1.9734712202486668,14.126846566796303,39,/yh/study/cvpr_data/Bearing_UAV_90K/citya/uav_254k_34bc_b15_s100/blk_7_5_s_052_v3d.jpg,371.0994873046875,277.334228515625,316.4179483611844,-4.2997845272870245,2,14.325568804857497,14.325568804857497,1,14.325568804857497,-9.506226534657014,12.000000000000002,316.4179483611844,-2.838389570043276,370.77027124754903,278.7623576774134,1.465583881948819,10.745616101408297,1,0.0,0,0,0.1667243998623703,1.0,318.0157165527344,-9.668964385986328,1,1,6,18,1,7.208729326359815,372.7518005371094,255.3020477294922,376.757568359375,268.49737548828125,7,376.757568359375,268.49737548828125,320.5462646484375,-13.946585655212402,0.9110543131828308,0.0049403756856918335,4.0,52.378684997558594,1,320.4188537597656,-13.894495010375977,10.32373467781577,5.0023298263549805,53.37490463256836,0.1667243998623703,320.4188537597656,-13.894495010375977,320.4188537597656,-4.463484829816187,0.0,-9.43101018055979,0.0,0,13.930179465164152,13.929523300468897,-0.13520559668540955,10.664913177490234,-0.03583420813083649,-0.05110754817724228,-0.028664734214544296,-0.43430897091735293,0.0,7.72744693889292,7.72744693889292,17.233673473549935,10.638672828674316,-0.13081200420856476,0.007114924866491009,1.0,318.27457624323955,-2.601590349459075,2,2,3,136.38348250657512,0.10314774362964559,1.856627882055136,3.6606556273672624,372.65167236328125,279.3145446777344,15.898021842440116,14.325568804857497,1.5724530375826191,0,2.516134050092182,63.45426011830568
GT+smooth-jitter_controlled_forward3x6_SoftMS_local_prior_3frame_causal_heading_continuous_waypoint_RNN_polynomial_Kalman,1,controlled_gt_jitter,8.0,382.0345065728476,278.82075653803264,2.6411044732381894,-4.9588760303267305,0,1,8,379.9642329877739,280.34855541611466,379.5075626755701,283.09466911259506,6003,380.7518005371094,279.3020324707031,380.74371337890625,279.78179931640625,0.9530558586120605,1,0.963743823179425,12.845369055867195,40,/yh/study/cvpr_data/Bearing_UAV_90K/citya/uav_254k_34bc_b15_s100/blk_6_5_s_080_v3d.jpg,379.3934020996094,283.7796325683594,325.6586334187202,0.6944116738911329,2,10.503916223410613,10.503916223410613,1,10.503916223410613,37.85165301611603,12.000000000000002,325.6586334187202,-3.0466240878309265,380.0073434387052,280.0893176320937,3.741035725126982,10.903122147486407,1,0.0,0,0,0.1995003222418542,1.0,327.4485778808594,-4.63118839263916,1,1,6,18,1,9.005338916397967,372.7518005371094,303.3020324707031,382.64801025390625,283.0543212890625,9,382.64801025390625,283.0543212890625,328.7497253417969,-0.5560852289199829,0.9091081619262695,0.017876192927360535,4.0,53.343536376953125,1,328.6252746582031,-0.5040856003761292,3.1995868421136353,5.002310752868652,54.33977508544922,0.1995003222418542,328.6252746582031,-0.5040856003761292,328.6252746582031,-1.367448556131867,0.0,0.8633629557557378,0.0,0,10.639264686492872,10.638427734375,-0.13344815373420715,10.6648530960083,-0.03943246603012085,-0.051409173756837845,-0.03154342621564865,-0.44573291587144886,0.0,9.015002833745331,9.015002833745331,28.8366501823707,10.638397216796875,-0.1379690021276474,0.012940997764570467,1.0,326.3333325218639,-3.4710165611929464,2,2,3,128.32472622795078,0.15614179847550685,0.6746991031436664,0.16093687259768785,380.74371337890625,279.78179931640625,8.105520013911363,10.503916223410613,0.0,0,4.2197169646101225,65.03062415868044
GT+smooth-jitter_controlled_forward3x6_SoftMS_local_prior_3frame_causal_heading_continuous_waypoint_RNN_polynomial_Kalman,1,controlled_gt_jitter,8.0,391.0514924803164,278.96214040280233,2.8211152830508097,-4.877428688994541,0,1,8,388.54075733356893,281.97728827397697,388.1154200446579,284.529312007443,6004,388.7518005371094,279.3020324707031,388.74755859375,286.2759704589844,0.9193405508995056,1,4.303653713870639,9.933210909366608,41,/yh/study/cvpr_data/Bearing_UAV_90K/citya/uav_254k_34bc_b15_s100/blk_7_5_s_032_v3d.jpg,388.2303771972656,283.8395690917969,334.38522546386,-0.6992570604718426,2,8.837178354171566,8.837178354171566,1,8.837178354171566,0.3886009790257621,-12.000000000000002,334.38522546386,-2.905707423126693,388.5931154024256,281.6631398608369,2.2064503626548424,10.7500364559251,1,0.0,0,0,0.1500539907995031,1.0,336.3661193847656,-5.974111557006836,1,1,6,18,1,9.022674563817827,380.7518005371094,303.3020324707031,390.4805908203125,283.7986145019531,11,390.4805908203125,283.7986145019531,336.59808349609375,-1.10958731174469,0.9249361157417297,0.016739949584007263,4.725673198699951,124.41875457763672,1,336.4762878417969,-1.0588160753250122,2.1217503513809275,5.727952003479004,125.41502380371094,0.1500539907995031,336.4762878417969,-1.0588160753250122,336.4762878417969,-1.3081183383075128,0.0,0.24930226298250058,0.0,0,9.587178354171566,9.586403588291185,-0.12188124176307606,10.66504955291748,-0.03527836501598358,-0.05041975900530815,-0.0282200425863266,-0.4317931934665404,0.0,9.030529014559077,9.030529014559077,8.641928035533313,10.639165878295898,-0.12957033514976501,0.009587545322295037,1.0,335.29591196830626,1.6189703463030616,2,2,3,119.36214678150841,0.21507935786106422,0.9106865044462324,1.827871198745914,388.74755859375,286.2759704589844,10.307075096858064,8.837178354171566,1.4698967426864975,0,2.4906883022374853,56.192304007709026
GT+smooth-jitter_controlled_forward3x6_SoftMS_local_prior_3frame_causal_heading_continuous_waypoint_RNN_polynomial_Kalman,1,controlled_gt_jitter,8.0,392.7011901386993,281.51568400315193,2.998492384793081,-4.789186602316814,0,1,8,390.2440559668582,282.6791663802711,389.9477267776605,284.83469646294344,6004,388.7518005371094,279.3020324707031,388.763427734375,286.8736572265625,0.9573559761047363,1,4.448147189836294,14.840308111160994,42,/yh/study/cvpr_data/Bearing_UAV_90K/citya/uav_254k_34bc_b15_s100/blk_7_5_s_088_v3d.jpg,389.70269775390625,286.30487060546875,336.24280658711353,1.4904533645277123,2,2.8714873105795538,2.8714873105795538,1,2.8714873105795538,59.15362315639106,12.000000000000002,336.24280658711353,-2.6320885617528265,390.38043947171064,282.2384202986424,4.1225419262805225,10.378706558394843,1,0.0,0,0,0.3898223893460059,1.0,338.4131774902344,-3.726520299911499,1,1,6,18,1,9.02542360823705,380.7518005371094,303.3020324707031,389.3105773925781,287.76275634765625,12,389.3105773925781,287.76275634765625,336.095703125,2.992967128753662,0.877265214920044,0.10030290484428406,6.311344623565674,112.1022720336914,1,335.9728698730469,3.0435543060302734,1.5763845863548709,7.31372594833374,113.09859466552734,0.3898223893460059,335.9728698730469,3.0435543060302734,335.9728698730469,-0.6388816193319167,0.0,3.6824359253621903,0.0,0,3.5893591382244416,3.589078760478729,-0.044862838026324625,10.665122032165527,-0.03871265798807144,-0.0500638484954834,-0.03096757084131241,-0.4384011346842633,0.0,9.023921073341354,9.023921073341354,50.129702083049715,10.639363288879395,-0.13560716807842255,0.006655367988942036,1.0,335.40982429151086,2.205916071548814,2,2,3,119.24823445830381,0.2158284406841217,0.832982295602676,7.793634721585974,388.763427734375,286.8736572265625,0.5978974006986179,2.8714873105795538,0.0,0,1.0980648386709593,68.60689492896199
GT+smooth-jitter_controlled_forward3x6_SoftMS_local_prior_3frame_causal_heading_continuous_waypoint_RNN_polynomial_Kalman,1,controlled_gt_jitter,8.0,398.21081078997446,276.3532179327012,3.1729689930994383,-4.694236901283148,0,1,8,394.70091364317796,283.0690237561666,394.28612382949746,285.5577626382496,6005,396.7518005371094,279.3020324707031,396.55987548828125,287.0184631347656,0.9515710473060608,1,4.365067072426105,20.92077722772956,43,/yh/study/cvpr_data/Bearing_UAV_90K/citya/uav_254k_34bc_b15_s100/blk_6_6_s_044_v3d.jpg,395.037841796875,281.0474548339844,340.6410464251919,-4.572521885316011,2,7.490272528651917,7.490272528651917,1,7.490272528651917,-44.57957075054839,-12.000000000000002,340.6410464251919,-2.278722474149626,394.6607434965976,283.31004463564864,2.293799411166379,10.544919941209114,1,0.0,0,0,0.20252957920494513,1.0,342.9991149902344,-9.72452163696289,1,1,6,18,1,9.024897710351384,396.7518005371094,295.3020324707031,397.224609375,281.0739440917969,10,397.224609375,281.0739440917969,342.80242919921875,-4.905895233154297,0.9015488624572754,0.02395673096179962,4.0,80.43999481201172,1,342.6784362792969,-4.853716850280762,2.0567031934460394,5.002439498901367,81.43612670898438,0.20252957920494513,342.6784362792969,-4.853716850280762,342.6784362792969,-3.9628962798377856,0.0,-0.8908205704429764,0.0,0,8.240272528651918,8.239618679072601,-0.10380447935109122,10.664848327636719,-0.03717343509197235,-0.05142587423324585,-0.029736043885350227,-0.4406212663296348,0.0,9.021700941695983,9.021700941695983,53.601271692244374,10.638420104980469,-0.13385716080665588,0.007812102217491964,1.0,343.1239989281032,1.0670236242140572,2,2,3,111.53405982171145,0.26655654061021994,2.482952502911303,3.174575798984802,396.55987548828125,287.0184631347656,7.797792401086371,7.490272528651917,0.30751987243445367,0,6.1619417950654425,62.58904514834285
GT+smooth-jitter_controlled_forward3x6_SoftMS_local_prior_3frame_causal_heading_continuous_waypoint_RNN_polynomial_Kalman,1,controlled_gt_jitter,8.0,411.2602663331919,276.09997983521833,3.3442812257700094,-4.592677635484793,0,1,8,407.1664742140757,284.92587959562684,406.75867450517313,287.6365210841955,6125,404.7518005371094,287.3020324707031,404.8680419921875,287.2987365722656,0.9868506193161011,1,3.3035194732583886,10.599006898701191,44,/yh/study/cvpr_data/Bearing_UAV_90K/citya/uav_254k_34bc_b15_s100/blk_7_5_s_039_v3d.jpg,407.9159851074219,280.6926574707031,353.2856404097329,-7.0396455672755165,2,12.883029779363802,12.883029779363802,1,12.883029779363802,-1.5781196185225603,12.000000000000002,353.2434338222066,-2.65703006119125,407.1538552349913,285.0087040561502,4.382818735722508,11.283320438910888,1,0.0,0,0,0.2475194609371818,1.0,355.8293762207031,-12.11963176727295,1,1,6,18,1,9.023778839987974,420.7518005371094,255.3020477294922,416.4287109375,268.13623046875,8,416.4287109375,268.13623046875,359.6182861328125,-20.8247127532959,0.847474992275238,0.0282888263463974,4.0,72.64298248291016,1,359.4921875,-20.77248191833496,15.070236263200524,5.002449035644531,73.63922882080078,0.2475194609371818,359.4921875,-20.77248191833496,359.4921875,-4.4154371717376,0.0,-16.35704474659736,0.0,1,12.603099378932887,12.602387397014699,-0.13396212458610535,10.664995193481445,-0.036998726427555084,-0.05069298669695854,-0.0295962356030941,-0.42968359882793206,0.0,9.032638609197685,9.032638609197685,10.610758227720245,10.638960838317871,-0.13158555328845978,0.01599737250225367,1.0,351.36520055503564,-0.022370519630835667,2,2,3,103.29285819477903,0.3207503486760981,1.9204398546972357,2.218034585882357,404.8680419921875,287.2987365722656,8.3128926287062,12.883029779363802,0.0,0,7.275317060431486,62.22969526425004
GT+smooth-jitter_controlled_forward3x6_SoftMS_local_prior_3frame_causal_heading_continuous_waypoint_RNN_polynomial_Kalman,1,controlled_gt_jitter,8.0,418.1997906404025,295.149598632191,3.5121685700899947,-4.484617676402754,0,1,8,416.87496153144195,286.51017954181685,416.41889838872464,289.2465583981208,6127,420.7518005371094,287.3020324707031,416.0863342285156,287.31353759765625,0.8512791991233826,1,1.1257518326891196,14.910483732819557,45,/yh/study/cvpr_data/Bearing_UAV_90K/citya/uav_254k_34bc_b15_s100/blk_7_6_s_025_v3d.jpg,414.6876220703125,299.63421630859375,363.0791150552594,10.530942719230142,2,20.115608824155906,20.115608824155906,1,20.115608824155906,70.32795041101762,12.000000000000002,363.0791150552594,-2.8738136581862666,416.89135044383477,286.41184606746003,13.4047563774164,12.01356193188633,1,0.0,0,0,0.22304287402805348,1.0,365.8062438964844,5.529946327209473,1,1,6,18,1,9.026879772551586,428.7518005371094,295.3020324707031,421.73492431640625,295.80419921875,7,421.73492431640625,295.80419921875,369.40087890625,5.594467639923096,0.9075377583503723,0.023661836981773376,4.0,41.271392822265625,1,369.27685546875,5.646498680114746,7.891120313635066,5.002415180206299,42.267616271972656,0.22304287402805348,369.27685546875,5.646498680114746,369.27685546875,-1.1557929160399785,0.0,6.802291596154724,0.0,0,19.256819495004112,19.256360118223434,-0.13301150500774384,10.664936065673828,-0.03716734051704407,-0.05098748952150345,-0.029731346294283867,-0.43576478838634414,0.0,9.026557419639273,9.026557419639273,61.30139299137834,10.638738632202148,-0.1329493373632431,0.01571028569235434,1.0,362.4332891263083,-1.8520467610669336,2,2,3,92.22476962350638,0.393533650777027,0.6458259289511261,9.450672758482078,416.0863342285156,287.31353759765625,11.218302000303455,20.115608824155906,0.0,0,12.399819337379629,74.43321589380503
GT+smooth-jitter_controlled_forward3x6_SoftMS_local_prior_3frame_causal_heading_continuous_waypoint_RNN_polynomial_Kalman,1,controlled_gt_jitter,8.0,427.0448741017826,279.14752359537226,3.676374345923273,-4.370176599940241,0,1,8,422.7459902630707,287.2527571520446,422.25166865899496,290.21868677649917,6127,420.7518005371094,287.3020324707031,420.7874450683594,287.37432861328125,0.9878742694854736,1,1.9623146791261927,15.911342110484838,46,/yh/study/cvpr_data/Bearing_UAV_90K/citya/uav_254k_34bc_b15_s100/blk_6_6_s_055_v3d.jpg,423.3684997558594,283.5177001953125,368.992341129899,-6.7934183486789115,2,18.305729404235162,18.305729404235162,1,18.305729404235162,-61.69165574295304,-12.000000000000002,368.992341129899,-2.90711044584187,422.72959467227616,287.3511306968118,3.8863079028370633,12.725172562669622,1,0.0,0,0,0.11789401181877839,1.0,371.9002380371094,-11.708526611328125,1,1,6,18,1,9.026766941028148,420.7518005371094,255.3020477294922,426.9537353515625,278.3866271972656,10,426.9537353515625,278.3866271972656,371.68524169921875,-12.444087028503418,0.9380996227264404,0.00815892219543457,8.466562271118164,129.19094848632812,1,371.5631408691406,-12.393196105957031,6.161697998944102,9.468791007995605,130.18727111816406,0.11789401181877839,371.5631408691406,-12.393196105957031,371.5631408691406,-4.451635565342855,0.0,-7.941560540614177,0.0,0,17.314839847467603,17.314329137867514,-0.1329866498708725,10.66480827331543,-0.03723779693245888,-0.05163250118494034,-0.029787568375468254,-0.4354005205240856,0.0,9.026921687501531,9.026921687501531,70.71857743045457,10.638289451599121,-0.13297684490680695,0.0033649815920395445,1.0,367.08043027539765,-2.5649407339114267,2,2,3,87.57762847441703,0.42409306272804076,1.9119108545013432,7.6409211309197325,420.7874450683594,287.37432861328125,4.701503873876648,18.305729404235162,0.0,0,4.6406277650927645,66.485779825598
GT+smooth-jitter_controlled_forward3x6_SoftMS_local_prior_3frame_causal_heading_continuous_waypoint_RNN_polynomial_Kalman,1,controlled_gt_jitter,8.0,440.85602482672965,284.3342862036432,3.8366461646202517,-4.249484548309932,0,1,8,436.6792482377537,289.6991314676675,436.35512984723397,292.5692636412057,6129,436.7518005371094,287.3020324707031,436.7496643066406,291.19110107421875,0.848248302936554,1,1.4936303858820708,14.857797883450985,47,/yh/study/cvpr_data/Bearing_UAV_90K/citya/uav_254k_34bc_b15_s100/blk_7_6_s_072_v3d.jpg,437.0193786621094,288.5837707519531,383.2903420071216,-4.040467801919245,2,14.560616944276855,14.560616944276855,1,14.560616944276855,20.360736273211657,12.000000000000002,383.1381087186337,-3.139823662054448,436.72115168682365,289.4471336605892,0.9134193126908484,11.811307556714393,1,0.0,0,0,0.1592373507913511,1.0,386.3761901855469,-8.862874031066895,1,1,6,18,1,9.026821102293832,444.7518005371094,303.3020324707031,442.3688049316406,291.31805419921875,7,442.3688049316406,291.31805419921875,389.0165100097656,-2.222827434539795,0.9128111004829407,0.002221226692199707,4.0,51.95886993408203,1,388.8911437988281,-2.1721105575561523,5.904213707391313,5.002529621124268,52.95505905151367,0.1592373507913511,388.8911437988281,-2.1721105575561523,388.8911437988281,-2.1721105575561523,0.0,0.0,0.0,1,14.146392652588355,14.145767588734708,-0.13298273086547852,10.665245056152344,-0.03700356185436249,-0.04944730922579765,-0.0296002384275198,-0.42735471776436923,0.0,9.034967490261248,9.034967490261248,11.325768782950409,10.639838218688965,-0.1311664581298828,0.04907716501342899,1.0,383.4529398702679,-1.4242722477123384,2,2,3,71.20511887954675,0.5317580226097975,0.1625978631463454,3.8953718881245116,436.7496643066406,291.19110107421875,16.412196532747437,14.560616944276855,1.8515795884705817,0,2.621243453582992,61.315472703427076
GT+smooth-jitter_controlled_forward3x6_SoftMS_local_prior_3frame_causal_heading_continuous_waypoint_RNN_polynomial_Kalman,1,controlled_gt_jitter,8.0,445.02987627536413,287.08779766489783,3.992736382786016,-4.122682071430262,0,1,8,441.12209378264674,290.7007563959164,440.6902557446157,293.29178462410266,6130,444.7518005371094,287.3020324707031,443.3040466308594,294.845458984375,0.8573311567306519,1,4.683959626064097,19.00659641250968,48,/yh/study/cvpr_data/Bearing_UAV_90K/citya/uav_254k_34bc_b15_s100/blk_7_6_s_093_v3d.jpg,441.0371398925781,291.2104797363281,387.68526556924144,-2.1100138975802514,2,4.80020889062696,4.80020889062696,1,4.80020889062696,33.175627069940866,12.000000000000002,387.68526556924144,-2.953355857427918,441.17578445672916,290.3786123514217,0.8433419598476758,11.170871583736103,1,0.0,0,0,0.20220534003071733,1.0,390.9459228515625,-6.833004474639893,1,1,6,18,1,9.029672332746342,444.7518005371094,303.3020324707031,445.0366516113281,292.29937744140625,6,445.0366516113281,292.29937744140625,391.80938720703125,-1.693447470664978,0.9041309952735901,0.016873329877853394,4.0,49.60991668701172,1,391.68597412109375,-1.6418219804763794,4.028010996522476,5.002389907836914,50.60615921020508,0.20220534003071733,391.68597412109375,-1.6418219804763794,391.68597412109375,-1.6418219804763794,0.0,0.0,0.0,1,5.55020889062696,5.549780093289601,-0.0689901856862366,10.664732933044434,-0.037823911756277084,-0.052007582038640976,-0.030256396159529686,-0.4323786954248839,0.0,9.029943512600733,9.029943512600733,24.14568355734013,10.638026237487793,-0.13323427736759186,0.026605472510774702,1.0,390.5189155090311,1.1028303738600398,2,2,3,64.13914324078357,0.5782235921832772,2.833649939789666,5.864524042417473,443.3040466308594,294.845458984375,7.504282736381455,4.80020889062696,2.704073845754495,0,4.283916466715517,68.12467984855175
GT+smooth-jitter_controlled_forward3x6_SoftMS_local_prior_3frame_causal_heading_continuous_waypoint_RNN_polynomial_Kalman,1,controlled_gt_jitter,8.0,449.73537545035,292.0965058332179,4.144402549959377,-3.989919948032058,0,1,8,446.2939340098791,291.86865912431927,445.91170613788006,294.1620263563134,6249,444.7518005371094,295.3020324707031,444.7674865722656,295.2603759765625,0.9933029413223267,1,3.719379650638994,10.943091008812189,49,/yh/study/cvpr_data/Bearing_UAV_90K/citya/uav_254k_34bc_b15_s100/blk_7_6_s_004_v3d.jpg,445.5909729003906,296.08642578125,392.9787393702347,1.9509441192219752,2,6.671749762695834,6.671749762695834,1,6.671749762695834,46.95641320369552,12.000000000000002,392.9787393702347,-2.719298605485161,446.35875607480267,291.4797267347776,4.6702427247071245,10.931256125632864,1,0.0,0,0,0.4006226656449729,1.0,396.41082763671875,-2.6660242080688477,1,1,6,18,1,9.02976723502321,460.7518005371094,303.3020324707031,449.23876953125,299.86798095703125,9,449.23876953125,299.86798095703125,397.1985778808594,5.081353187561035,0.8802524209022522,0.08785653114318848,4.240773677825928,38.10462951660156,1,397.07354736328125,5.133003234863281,5.185841562885833,5.243173122406006,39.100791931152344,0.4006226656449729,397.07354736328125,5.133003234863281,397.07354736328125,-0.7082712071709554,0.0,5.841274442034237,0.0,0,7.421749762695834,7.4211729309431815,-0.09253036859243777,10.664894104003906,-0.036773622035980225,-0.05119609087705612,-0.029416237026453018,-0.4314724413798142,0.0,9.030849766645803,9.030849766645803,37.92556343704972,10.638606071472168,-0.13159996271133423,0.027498208995273225,1.0,392.0306557084589,1.2715139294990905,2,2,3,62.62740304135579,0.5881647344974662,0.9480836617757973,3.9931443413080725,444.7674865722656,295.2603759765625,1.5211221425345995,6.671749762695834,0.0,0,1.1663995938069647,55.156547110527754
GT+smooth-jitter_controlled_forward3x6_SoftMS_local_prior_3frame_causal_heading_continuous_waypoint_RNN_polynomial_Kalman,1,controlled_gt_jitter,8.0,460.2792313355915,289.2215475074201,4.2914078492633445,-3.8513589867205127,0,1,8,455.89968292311346,293.6017498734287,455.5388819587204,295.7665556597868,6250,452.7518005371094,295.3020324707031,453.17279052734375,295.301025390625,0.9588251113891602,1,3.2130171834973917,9.76145500317216,50,/yh/study/cvpr_data/Bearing_UAV_90K/citya/uav_254k_34bc_b15_s100/blk_8_7_s_072_v3d.jpg,455.9878234863281,293.0729064941406,402.7387100961681,-2.730804702426912,2,10.824777161682782,10.824777161682782,1,10.824777161682782,-16.164191112075624,-12.000000000000002,402.7387100961681,-2.4572298417194434,455.9428480562756,293.34275907445567,0.27357486070744835,11.032390048787635,1,0.0,0,0,0.2736515261880315,1.0,406.33856201171875,-7.235264778137207,1,1,6,18,1,9.03014612375916,460.7518005371094,311.3020324707031,461.255859375,298.73297119140625,7,461.255859375,298.73297119140625,408.8655700683594,1.9861890077590942,0.8453194499015808,0.033974677324295044,4.0,55.15309143066406,1,408.7378234863281,2.0395009517669678,7.664540266867338,5.002458095550537,56.14927291870117,0.2736515261880315,408.7378234863281,2.0395009517669678,408.7378234863281,-0.6557048235091911,0.0,2.695205775276159,0.0,0,10.709611313100954,10.70879498874816,-0.13222846388816833,10.664993286132812,-0.03628615289926529,-0.05070783942937851,-0.029026316478848457,-0.42848052503865774,0.0,9.03384168298696,9.03384168298696,25.19803279506258,10.638961791992188,-0.1303645819425583,0.04020783499438455,1.0,400.32827918021667,-0.07021319367091801,2,2,3,54.329779569598,0.6427295703293919,2.4104309159514514,0.15978387554996942,453.17279052734375,295.301025390625,8.405402248085192,10.824777161682782,0.0,0,3.590114813907638,55.08588906377554
GT+smooth-jitter_controlled_forward3x6_SoftMS_local_prior_3frame_causal_heading_continuous_waypoint_RNN_polynomial_Kalman,1,controlled_gt_jitter,8.0,466.99467875665846,292.56660338607503,4.4335215300959865,-3.7071698072843433,0,1,8,462.792250341546,294.88721450345884,462.45361749503803,296.91901158250636,6251,460.7518005371094,295.3020324707031,460.8045654296875,295.3171691894531,0.9923072457313538,1,2.0336549217697435,11.073972098529339,51,/yh/study/cvpr_data/Bearing_UAV_90K/citya/uav_254k_34bc_b15_s100/blk_8_7_s_069_v3d.jpg,462.5611572265625,296.2737731933594,409.74882580070715,-0.6541386494355454,2,7.311242308026125,7.311242308026125,1,7.311242308026125,25.963638502606234,12.000000000000002,409.74882580070715,-2.2942866171937397,462.8307958914929,294.65594120377705,1.6401479677582067,11.186515033373809,1,0.0,0,0,0.2070599569294344,1.0,413.5125732421875,-5.039734840393066,1,1,6,18,1,9.031439564152805,460.7518005371094,311.3020324707031,467.7514343261719,298.5143737792969,8,467.7514343261719,298.5143737792969,415.2368469238281,0.7026998400688171,0.8611289262771606,0.012722432613372803,4.0,62.684967041015625,1,415.1124572753906,0.7533861398696899,5.545238374382485,5.002359867095947,63.681209564208984,0.2070599569294344,415.1124572753906,0.7533861398696899,415.1124572753906,-0.6026376882601727,0.0,1.3560238281298627,0.0,0,8.061242308026124,8.06062673731488,-0.09962003008843859,10.664859771728516,-0.037175603210926056,-0.05137385427951813,-0.02973773702979088,-0.42701515597699913,0.0,9.035307052048617,9.035307052048617,16.928331450557618,10.63848876953125,-0.13133414089679718,0.030236578974657626,1.0,407.85886959612185,-1.3089451138870043,2,2,3,46.79918915369282,0.6922504278568415,1.8899562045853031,3.353617463702391,460.8045654296875,295.3171691894531,7.6317919771364675,7.311242308026125,0.3205496691103429,0,2.0001764824979844,53.97901590913534
GT+smooth-jitter_controlled_forward3x6_SoftMS_local_prior_3frame_causal_heading_continuous_waypoint_RNN_polynomial_Kalman,1,controlled_gt_jitter,8.0,471.72481620694566,294.1429678856947,4.570519331945676,-3.5575326025865737,0,1,8,467.47807783687364,295.75781471703954,467.1539794170186,297.7024052361698,6252,468.7518005371094,295.3020324707031,468.7251892089844,295.360595703125,0.9903883337974548,1,1.3088428933463185,13.368794694542885,52,/yh/study/cvpr_data/Bearing_UAV_90K/citya/uav_254k_34bc_b15_s100/blk_8_7_s_035_v3d.jpg,467.154296875,297.70050048828125,414.5140233636845,-0.0019310215143468067,2,4.809623956623184,4.809623956623184,1,4.809623956623184,17.255910581568013,-8.70772792103822,414.5140233636845,-2.128498109420803,467.50390235068875,295.60286763414894,2.12656708790643,11.614905984220831,1,0.0,0,0,0.15936842241703472,1.0,418.4375,-4.262448310852051,1,1,6,18,1,9.032793195588507,460.7518005371094,311.3020324707031,473.5657653808594,301.0799255371094,11,473.5657653808594,301.0799255371094,421.3938293457031,2.2774744033813477,0.8896182775497437,0.0033743977546691895,6.170810699462891,75.166259765625,1,421.2684020996094,2.329023838043213,7.145276948139199,7.173311233520508,76.16248321533203,0.15936842241703472,421.2684020996094,2.329023838043213,421.2684020996094,-0.5155402124326958,0.0,2.844564050475909,0.0,0,5.559623956623184,5.559199789046765,-0.06867491915417384,10.665095329284668,-0.03665070980787277,-0.05019005015492439,-0.029318004846572876,-0.4319348131701124,0.0,9.030387394855504,9.030387394855504,8.22552318671251,10.639310836791992,-0.1315191090106964,0.03149243731249212,1.0,415.6788640398505,-2.5682519928110286,2,2,3,38.97919470996416,0.7436743945481421,1.1648406761660226,5.8554713726614835,468.7251892089844,295.360595703125,7.92074282597616,4.809623956623184,3.1111188693529757,0,2.8183074936152717,73.2842911966145
GT+smooth-jitter_controlled_forward3x6_SoftMS_local_prior_3frame_causal_heading_continuous_waypoint_RNN_polynomial_Kalman,1,controlled_gt_jitter,8.0,478.97751348827154,295.4496885580366,4.702183898427808,-3.40263688141655,0,1,8,474.588470052282,296.9734826648239,474.2693342127323,298.8882977021221,6253,476.7518005371094,295.3020324707031,476.5523681640625,296.024658203125,0.916693925857544,1,2.1810923072106014,10.032956954091787,53,/yh/study/cvpr_data/Bearing_UAV_90K/citya/uav_254k_34bc_b15_s100/blk_8_6_s_088_v3d.jpg,474.27532958984375,298.8523254394531,421.727525620542,-0.03646845524880396,2,7.213584937048779,7.213584937048779,1,7.213584937048779,9.187998585881097,-8.067911995686917,421.727525620542,-2.0698096587761845,474.60960882455,296.8466500312162,2.0333412035273715,12.184841628451238,1,0.0,0,0,0.1764099389816367,1.0,425.80633544921875,-4.1658430099487305,1,1,6,18,1,9.031951161329895,484.7518005371094,311.3020324707031,480.61798095703125,304.0835266113281,10,480.61798095703125,304.0835266113281,428.8438720703125,4.080831050872803,0.90055251121521,0.009232595562934875,11.466636657714844,55.611148834228516,1,428.71624755859375,4.1330366134643555,8.137997717217099,12.469056129455566,56.60739517211914,0.1764099389816367,428.71624755859375,4.1330366134643555,428.71624755859375,-0.42873325945648366,0.0,4.56176987292084,0.0,0,7.963584937048779,7.962977036868372,-0.09839593435305218,10.664979934692383,-0.037048373371362686,-0.050773750990629196,-0.029635988175868988,-0.4295188471946319,0.0,9.032803360830986,9.032803360830986,0.1551952250501124,10.63890552520752,-0.13162405788898468,0.025127242326214674,1.0,423.5087170043938,-3.2000050714388473,2,2,3,31.149341745420855,0.7951631904729728,1.7811913838518194,3.451394997643604,476.5523681640625,296.024658203125,7.855298173762988,7.213584937048779,0.6417132367142093,0,3.630510524414396,53.01647121086717
GT+smooth-jitter_controlled_forward3x6_SoftMS_local_prior_3frame_causal_heading_continuous_waypoint_RNN_polynomial_Kalman,1,controlled_gt_jitter,8.0,496.12133496581515,287.77929146352557,4.828305180658899,-3.2426811927244112,0,1,8,489.93924227887305,299.1446976939494,489.5573096271115,301.4362936045186,6255,492.7518005371094,295.3020324707031,492.41070556640625,303.01776123046875,0.9374575614929199,1,4.5944261817489345,11.589732021093369,54,/yh/study/cvpr_data/Bearing_UAV_90K/citya/uav_254k_34bc_b15_s100/blk_8_6_s_095_v3d.jpg,491.29302978515625,291.02197265625,437.226379622993,-10.557973540438,2,18.73276660418733,18.73276660418733,1,18.73276660418733,-24.708573073172122,-12.000000000000002,437.226379622993,-2.0727541758864136,489.8980683145602,299.3917414798265,8.485219364551575,12.383869828717724,1,0.0,0,0,0.3174981738472134,1.0,441.4559020996094,-14.55030345916748,1,1,6,18,1,9.032249421817127,508.7518005371094,287.3020324707031,500.62603759765625,292.3607482910156,9,500.62603759765625,292.3607482910156,446.6524963378906,-10.771750450134277,0.8279545903205872,0.04079928994178772,4.0,30.540569305419922,1,446.5275573730469,-10.720190048217773,9.302592205051928,5.002520561218262,31.53680419921875,0.3174981738472134,446.5275573730469,-10.720190048217773,445.27000233091036,-3.946626162734316,1.2575550421365023,-6.773563885483458,0.0,0,17.98462622804152,17.984145275852345,-0.1315266489982605,10.665098190307617,-0.03708694130182266,-0.05017971992492676,-0.029666896909475327,-0.4334051447910898,0.0,9.028917063234527,9.028917063234527,33.73749013640665,10.639310836791992,-0.13240285217761993,0.05161518457304857,1.0,440.30094371596306,1.0908546541732052,2,2,3,14.357115033851613,0.905588193112331,3.0745640929700357,8.067668413879712,492.41070556640625,303.01776123046875,17.331772994059754,18.73276660418733,0.0,0,12.047744297973372,48.04749507457018
GT+smooth-jitter_controlled_forward3x6_SoftMS_local_prior_3frame_causal_heading_continuous_waypoint_RNN_polynomial_Kalman,1,controlled_gt_jitter,8.0,500.333904217773,299.93061105501505,4.948680829101134,-3.0778728317037065,0,1,8,495.94301437872997,299.66173794637,495.4826619814189,302.4238523302365,6374,492.7518005371094,303.3020324707031,493.64886474609375,303.2471923828125,0.9195879697799683,1,4.256595594219638,11.182695161551237,55,/yh/study/cvpr_data/Bearing_UAV_90K/citya/uav_254k_34bc_b15_s100/blk_9_7_s_008_v3d.jpg,495.3852233886719,303.00848388671875,443.2334648362589,0.5926958209666789,2,12.665800407665031,12.665800407665031,1,12.665800407665031,71.15010098003492,12.000000000000002,443.2334648362589,-2.4550827475420225,495.88627509886567,300.00217362555594,3.0477785685086975,12.044312429793187,1,0.0,0,0,0.20178871402693974,1.0,447.60882568359375,-3.256857395172119,1,1,6,18,1,9.031083086975068,508.7518005371094,311.3020324707031,505.2308349609375,299.1007995605469,6,505.2308349609375,299.1007995605469,452.3027038574219,-4.880428791046143,0.8980377912521362,0.009418219327926636,4.0,28.843406677246094,1,452.179443359375,-4.830567359924316,10.461468121887165,5.002303123474121,29.839763641357422,0.20178871402693974,452.179443359375,-4.830567359924316,450.4575580595823,-4.138034125686473,1.721885299792672,-0.6925332342378432,0.0,0,12.13381987036157,12.1331031921131,-0.1318771243095398,10.664873123168945,-0.03709385171532631,-0.051302094012498856,-0.029672415927052498,-0.427483984430497,0.0,9.03483822359512,9.03483822359512,62.115262756439805,10.638538360595703,-0.13130713999271393,0.06193692950293829,1.0,441.5599746566454,1.1136120335193929,2,2,3,13.098084093169263,0.9138675295777026,1.673490179613509,2.000927284496086,493.64886474609375,303.2471923828125,1.2592365972724124,12.665800407665031,0.0,0,1.7526902412471774,50.965175963938236
GT+smooth-jitter_controlled_forward3x6_SoftMS_local_prior_3frame_causal_heading_continuous_waypoint_RNN_polynomial_Kalman,1,controlled_gt_jitter,8.0,514.6770386921742,292.7382704698199,5.063116573033494,-2.908427528227004,0,1,8,510.81731614677557,300.9341375103695,510.35797277639097,303.98006535925083,6376,508.7518005371094,303.3020324707031,508.7902526855469,303.2999572753906,0.9952441453933716,1,3.1154597471983188,11.881750542670488,56,/yh/study/cvpr_data/Bearing_UAV_90K/citya/uav_254k_34bc_b15_s100/blk_8_7_s_058_v3d.jpg,509.6139221191406,295.6466979980469,458.27856503903445,-8.366517970896497,3,16.020354522703027,16.020354522703027,1,16.020354522703027,-27.356591644339204,-12.000000000000002,458.27856503903445,-2.9318634496400833,510.7951710684434,301.08098258348156,5.561186747064142,12.51537129845005,1,0.0,0,0,0.18657565600802906,1.0,463.58026123046875,-10.813148498535156,1,1,6,18,1,8.145984478291087,508.7518005371094,311.3020324707031,517.7529907226562,294.6642150878906,11,517.7529907226562,294.6642150878906,466.4727478027344,-8.621284484863281,0.9376430511474609,0.01733493059873581,8.40693473815918,42.76420211791992,1,466.3458557128906,-8.568754196166992,9.196691128159161,9.409459114074707,43.760440826416016,0.18657565600802906,466.3458557128906,-8.568754196166992,465.3949095128891,-4.5897132820533315,0.9509462000014874,-3.9790409141136607,0.0,1,15.489285638211054,15.488726160886785,-0.13164913654327393,10.664999008178711,-0.036997370421886444,-0.05067535117268562,-0.029595214873552322,-0.42815398329939297,0.0,8.716688176273475,8.716688176273475,36.073279820612676,10.638978004455566,-0.13129976391792297,0.028512093504118343,1.0,456.77754004710454,-0.8168336810942506,3,3,4,138.43744667141613,0.015079166341496348,1.50102499192991,5.355355514524316,508.7902526855469,303.2999572753906,15.141479877043238,16.020354522703027,0.0,0,7.697454702827736,48.836094327270985
GT+smooth-jitter_controlled_forward3x6_SoftMS_local_prior_3frame_causal_heading_continuous_waypoint_RNN_polynomial_Kalman,1,controlled_gt_jitter,8.0,514.5304048583123,301.4629101298658,5.171426586827941,-2.7345691181810734,0,1,8,510.77729857471184,301.19949594384684,510.35797277639097,303.98006535925083,6376,508.7518005371094,303.3020324707031,508.7973937988281,303.3003234863281,0.9944504499435425,1,2.8867800894448257,9.787359274923801,57,/yh/study/cvpr_data/Bearing_UAV_90K/citya/uav_254k_34bc_b15_s100/blk_8_6_s_006_v3d.jpg,509.3589782714844,304.1974792480469,458.27856503903445,0.12770991355270703,3,8.554581015503292,8.554581015503292,1,8.554581015503292,91.70778318419754,12.000000000000002,458.27856503903445,-3.195375703120614,510.83446590912587,300.8204166163444,3.685324380196959,11.905808040510752,1,0.0,0,0,0.15932264012082326,1.0,462.6583251953125,-2.1361191272735596,1,1,6,18,1,8.146604264597412,524.7518310546875,287.3020324707031,515.6163330078125,302.1782531738281,6,515.6163330078125,302.1782531738281,463.67633056640625,-1.327036738395691,0.9496263861656189,0.01913481205701828,4.0,89.19032287597656,1,463.5520935058594,-1.2756520509719849,6.656136108682042,5.002339839935303,90.18667602539062,0.15932264012082326,463.5520935058594,-1.2756520509719849,463.5520935058594,-1.5824933469212557,0.0,0.3068412959492708,0.0,0,9.30458101550329,9.303870233294191,-0.11500676539466138,10.664823532104492,-0.03742494434118271,-0.05155324563384056,-0.029937300831079483,-0.4307113822154603,0.0,8.712071479448307,8.712071479448307,82.99571170474923,10.638352394104004,-0.13236860930919647,0.038931947852300856,1.0,456.7846202973422,-0.8158338481490293,3,3,4,138.43036642117846,0.015129539171494738,1.4939447416922462,2.1102425166012004,508.7973937988281,303.3003234863281,0.007150497139807118,8.554581015503292,0.0,0,1.0584259920815196,48.40982425957918
GT+smooth-jitter_controlled_forward3x6_SoftMS_local_prior_3frame_causal_heading_continuous_waypoint_RNN_polynomial_Kalman,1,controlled_gt_jitter,8.0,525.8572961469217,302.16142734468133,5.2734338422342795,-2.5565291982874205,0,1,8,520.4619824148292,300.7500799711355,520.4376247945171,303.080096429061,6377,516.7518310546875,303.3020324707031,519.0380859375,303.28216552734375,0.8675806522369385,1,2.904985101873836,13.696400914341211,58,/yh/study/cvpr_data/Bearing_UAV_90K/citya/uav_254k_34bc_b15_s100/blk_9_6_s_065_v3d.jpg,520.5838623046875,304.71795654296875,468.39831448661573,1.6443756146667965,3,11.236944343253981,11.236944343253981,1,11.236944343253981,2.654798737919613,-12.000000000000002,468.39831448661573,-2.9438631169934775,520.4683977884346,300.1363941556576,4.583017124486611,8.292407403124216,1,0.0,0,0,0.4938498799841097,1.0,473.8782043457031,-0.43304717540740967,1,1,6,18,1,0.16914186313841192,540.7518310546875,295.3020324707031,530.913818359375,300.5166320800781,16,530.913818359375,300.5166320800781,479.06097412109375,-1.6216388940811157,0.8426057696342468,0.19339634478092194,15.931909561157227,37.694427490234375,1,478.93853759765625,-1.5710887908935547,11.019778335971102,16.934228897094727,38.69071960449219,0.4938498799841097,478.93853759765625,-1.5710887908935547,477.6909744215854,-1.5710887908935547,1.2475631760708783,0.0,0.0,1,11.08877273518829,11.087988795793663,-0.13185308873653412,10.66488265991211,-0.038003526628017426,-0.051254402846097946,-0.0304001085460186,-0.430664157860652,0.0,1.449034728550329,1.449034728550329,1.2057640093692839,10.638555526733398,-0.13317137956619263,0.31008359441137,1.0,466.9863506184589,0.0768047381433836,3,3,4,128.22863610006175,0.08771031102350944,1.4119638681568176,0.5720616833418717,519.0380859375,303.28216552734375,10.240708236764213,11.236944343253981,0.0,0,2.109720459659254,59.87192504107952
GT+smooth-jitter_controlled_forward3x6_SoftMS_local_prior_3frame_causal_heading_continuous_waypoint_RNN_polynomial_Kalman,1,controlled_gt_jitter,8.0,532.0542731802805,299.0865738404381,5.368970445905436,-2.3745467650306424,0,1,8,526.566703713274,299.53763163174597,526.7792987109993,302.5138755436608,6378,524.7518310546875,303.3020324707031,524.802978515625,303.22332763671875,0.9853968620300293,1,4.085961528685068,13.557251077145338,59,/yh/study/cvpr_data/Bearing_UAV_90K/citya/uav_254k_34bc_b15_s100/blk_9_6_s_005_v3d.jpg,526.685302734375,301.46112060546875,474.7652159429015,-1.0569428572582749,3,6.916253005841869,6.916253005841869,1,6.916253005841869,-28.09247414613498,-12.000000000000002,474.7652159429015,-2.4255303757896742,526.6064818556855,300.0945095237296,1.3688822373198055,7.429201806581088,1,0.0,0,0,0.4887959111830158,1.0,480.3240966796875,-2.944607973098755,1,1,6,18,1,-4.515835180233199,540.7518310546875,295.3020324707031,536.7470703125,295.6783447265625,10,536.7470703125,295.6783447265625,485.3013916015625,-5.921993255615234,0.8278781771659851,0.10605937242507935,5.705193996429443,18.45068359375,1,485.177734375,-5.870132923126221,11.471152457750737,6.707771301269531,19.446805953979492,0.4887959111830158,485.177734375,-5.870132923126221,484.0220803910272,-4.58204362924165,1.1556539839728082,-1.2880892938845703,0.0,1,7.666253005841869,7.665659563597547,-0.09538660600401506,10.664936065673828,-0.03727148845791817,-0.05098627507686615,-0.029814504086971283,-0.4286294818595022,0.0,-3.32059378117534,-3.32059378117534,24.77188036495964,10.638755798339844,-0.13177016377449036,0.36203664715069095,1.0,472.7336335609985,0.5308830497671726,3,3,4,122.48135315752216,0.12859967183693857,2.031582381902979,3.7486830598319587,524.802978515625,303.22332763671875,5.765192827190944,6.916253005841869,0.0,0,2.57847204473497,55.57682644575834
GT+smooth-jitter_controlled_forward3x6_SoftMS_local_prior_3frame_causal_heading_continuous_waypoint_RNN_polynomial_Kalman,1,controlled_gt_jitter,8.0,537.8602217114224,300.7722527671125,5.457877961422337,-2.1888678383562405,0,1,8,532.0232219584857,298.7149565405092,532.3182549352954,302.0193258807772,6260,532.7518310546875,295.3020324707031,532.7477416992188,302.89892578125,0.9605475068092346,1,4.246236858934861,13.213356025516987,60,/yh/study/cvpr_data/Bearing_UAV_90K/citya/uav_254k_34bc_b15_s100/blk_8_7_s_060_v3d.jpg,532.40234375,302.96112060546875,480.3262064503315,0.9455412377126806,3,5.910546334674869,5.910546334674869,1,5.910546334674869,14.701522433350021,12.000000000000002,480.3262064503315,-3.0665471763080205,532.045540952016,298.9649292680488,4.012088414020717,7.643012307485758,1,0.0,0,0,0.33893669411669375,1.0,485.9571228027344,-0.7492740154266357,1,1,6,18,1,-5.531751014062348,540.7518310546875,295.3020324707031,540.8633422851562,294.22161865234375,9,540.8633422851562,294.22161865234375,489.5309143066406,-7.0068793296813965,0.8588840961456299,0.056693196296691895,4.0,32.25062942504883,1,489.4065856933594,-6.955380916595459,12.036521843358532,5.002583980560303,33.2467155456543,0.33893669411669375,489.4065856933594,-6.955380916595459,488.52167067141636,-4.975792721600565,0.8849150219430442,-1.9795881949948937,0.0,0,6.660546334674868,6.660032648078018,-0.08272002711391666,10.6652193069458,-0.036662980914115906,-0.049572400748729706,-0.029327688738703728,-0.42612146841278525,0.0,-5.528286720770976,-5.528286720770976,20.229809154120996,10.63975715637207,-0.1304599493741989,0.13869952206115416,1.0,480.6757669373414,0.9143097567118661,3,3,4,114.53921978117927,0.1851044168617527,0.34956048700991005,4.7546729722709316,532.7477416992188,302.89892578125,7.951383439830975,5.910546334674869,2.040837105156106,0,0.35095290208818536,56.571593042463064
GT+smooth-jitter_controlled_forward3x6_SoftMS_local_prior_3frame_causal_heading_continuous_waypoint_RNN_polynomial_Kalman,1,controlled_gt_jitter,8.0,548.6414481447974,299.8191025854176,5.540007715109937,-1.9997450708323559,0,1,8,542.6004107615956,297.47243093325795,543.033915679769,301.0625704571635,6261,540.7518310546875,295.3020324707031,540.8428955078125,299.461181640625,0.840683102607727,1,2.654051477144583,13.333890121430159,61,/yh/study/cvpr_data/Bearing_UAV_90K/citya/uav_254k_34bc_b15_s100/blk_9_7_s_046_v3d.jpg,543.1014404296875,301.81884765625,491.08449470317487,0.759285712831283,3,10.759900429456446,10.759900429456446,1,10.759900429456446,-6.094013510947026,-12.000000000000002,490.9753148454314,-3.4489800873408902,542.6184439415929,297.6369658216301,4.2096818509521166,7.9541004721747,1,0.0,0,0,0.21379676842051673,1.0,496.7803955078125,-0.7398521304130554,1,1,6,18,1,-5.530538522082538,540.7518310546875,295.3020324707031,550.0077514648438,295.37945556640625,11,550.0077514648438,295.37945556640625,498.5361022949219,-5.04040002822876,0.9184276461601257,0.01781066507101059,6.247921943664551,23.68654441833496,1,498.4116516113281,-4.98932409286499,9.313095245665961,7.25035285949707,24.682769775390625,0.21379676842051673,498.4116516113281,-4.98932409286499,498.2844569026482,-4.98932409286499,0.12719470867996208,0.0,0.0,1,10.64991985234201,10.64910839509993,-0.13146577775478363,10.66519546508789,-0.03728203848004341,-0.049696993082761765,-0.029823001474142075,-0.43235551013430285,0.0,-5.534520762492494,-5.534520762492494,0.5594927484545325,10.639649391174316,-0.13248363137245178,0.09604415152538184,1.0,489.044570609707,-1.7898953121745804,3,3,4,106.17041610881364,0.24464473119068342,2.039924093467846,0.09470496436855491,540.8428955078125,299.461181640625,8.794862134291328,10.759900429456446,0.0,0,3.2649064619618757,55.412313900887966
GT+smooth-jitter_controlled_forward3x6_SoftMS_local_prior_3frame_causal_heading_continuous_waypoint_RNN_polynomial_Kalman,1,controlled_gt_jitter,8.0,551.7498646396548,294.8447538191037,5.615221084967344,-1.8074373430057142,0,1,8,546.1666104860067,297.01022079288356,546.5007897127838,300.75302813278716,6262,548.7518310546875,295.3020324707031,548.5504760742188,297.0635986328125,0.8658959865570068,1,2.3844631128321487,24.374451022595167,62,/yh/study/cvpr_data/Bearing_UAV_90K/citya/uav_254k_34bc_b15_s100/blk_8_7_s_007_v3d.jpg,546.1346435546875,296.6521911621094,494.56516015842504,-4.117150333564037,3,5.9912152795534945,5.9912152795534945,1,5.9912152795534945,-59.583966908689185,-12.000000000000002,494.56516015842504,-3.6980167301941007,546.1719179183054,297.06966403463014,0.41913360336992583,8.7252719672644,1,0.0,0,0,0.20537394657799396,1.0,500.3188781738281,-5.41805362701416,1,1,6,18,1,-5.5319323075600435,556.7518310546875,279.3020324707031,552.9822998046875,289.13470458984375,12,552.9822998046875,289.13470458984375,502.0542297363281,-10.995875358581543,0.9001355171203613,0.016587987542152405,8.35289192199707,42.76464080810547,1,501.9326477050781,-10.944727897644043,10.04468457163374,9.355381965637207,43.7608757019043,0.20537394657799396,501.9326477050781,-10.944727897644043,501.814646325327,-5.38688374204779,0.11800137975117142,-5.5578441555962526,0.0,0,6.7412152795534945,6.740697504613986,-0.08354996454984251,10.664993286132812,-0.035794906318187714,-0.05070645734667778,-0.028633112087845802,-0.43407951924992283,0.0,-5.536244771608113,-5.536244771608113,54.04772213708107,10.638955116271973,-0.13071639835834503,0.024909450580769273,1.0,496.93483317393617,-3.4925283127119435,3,3,4,98.2801535445845,0.3007804384678506,2.3696730155111254,4.673778006579318,548.5504760742188,297.0635986328125,8.071877257924239,5.9912152795534945,2.0806619783707445,0,2.450612753858726,80.34901600331068
GT+smooth-jitter_controlled_forward3x6_SoftMS_local_prior_3frame_causal_heading_continuous_waypoint_RNN_polynomial_Kalman,1,controlled_gt_jitter,8.0,567.6021519791012,303.7926978808503,5.683389772070008,-1.6122093457122137,0,1,8,560.9747412382216,294.8318723758935,561.3847617455908,299.4241020584294,6264,564.7518310546875,295.3020324707031,563.12060546875,295.4945068359375,0.8722543716430664,1,2.245844545710862,10.259585920721292,63,/yh/study/cvpr_data/Bearing_UAV_90K/citya/uav_254k_34bc_b15_s100/blk_10_6_s_082_v3d.jpg,561.9187622070312,305.4049072265625,509.5083414791643,6.004597151515333,3,18.04850243472299,18.04850243472299,1,18.04850243472299,29.009540749044753,12.000000000000002,509.5083414791643,-3.8891067561726205,561.0388959447746,295.5504050892883,9.893703907687932,7.412870778608327,1,0.0,0,0,0.4385393695560841,1.0,515.3125610351562,4.904210567474365,1,1,6,18,1,-5.533441672644911,564.7518310546875,279.3020324707031,565.133544921875,293.416015625,12,565.133544921875,293.416015625,513.776611328125,-5.6508941650390625,0.8398162126541138,0.10195723176002502,4.0,68.16572570800781,1,513.6555786132812,-5.600406169891357,12.323785049101575,5.00239372253418,69.16217803955078,0.4385393695560841,513.6555786132812,-5.600406169891357,513.6555786132812,-5.600406169891357,0.0,0.0,0.0,0,17.355119756494148,17.35462223994515,-0.13141031563282013,10.665224075317383,-0.038232818245887756,-0.04955451563000679,-0.030583759769797325,-0.43447524333496046,0.0,-5.536640495693151,-5.536640495693151,34.5461812447379,10.639734268188477,-0.13420914113521576,0.08941227880344187,1.0,511.58677379655586,-3.7596530619040673,3,3,4,83.6282129219648,0.40502247644040673,2.0784323173915595,7.383278359405608,563.12060546875,295.4945068359375,14.654375443545998,18.04850243472299,0.0,0,9.98300872123424,50.01148674637079
GT+smooth-jitter_controlled_forward3x6_SoftMS_local_prior_3frame_causal_heading_continuous_waypoint_RNN_polynomial_Kalman,1,controlled_gt_jitter,8.0,568.1358755460243,298.55576162330146,5.744396053836742,-1.414331150136054,0,1,8,561.8702654678607,294.1324957009765,562.3351538535077,299.3392456202225,6264,564.7518310546875,295.3020324707031,564.5294189453125,295.4111328125,0.9650535583496094,1,2.95059486876955,9.741886053234339,64,/yh/study/cvpr_data/Bearing_UAV_90K/citya/uav_254k_34bc_b15_s100/blk_10_7_s_029_v3d.jpg,562.3914794921875,299.9700927734375,510.4625143009821,0.6333566990978604,3,5.455334065992832,5.455334065992832,1,5.455334065992832,-85.02895425661148,-12.000000000000002,510.4625143009821,-4.687788669165076,561.9182597223439,294.6700313511882,5.321145368262949,7.21111762739844,1,0.0,0,0,0.5106549080142877,1.0,516.3099365234375,-0.2645101845264435,1,1,6,18,1,-5.534561263379837,564.7518310546875,279.3020324707031,567.693359375,289.2669372558594,11,567.693359375,289.2669372558594,516.6952514648438,-9.555883407592773,0.8078349828720093,0.14453816413879395,5.821043968200684,51.30158615112305,1,516.5744018554688,-9.50532341003418,11.838412217607479,6.823680400848389,52.29765701293945,0.5106549080142877,516.5744018554688,-9.50532341003418,516.5744018554688,-6.880369267388651,0.0,-2.624954142645529,0.0,0,6.205334065992832,6.204852697470645,-0.07729083556540688,10.66502857208252,-0.03710126876831055,-0.05052821338176727,-0.0296782199293375,-0.4342805029023357,0.0,-5.536445755260526,-5.536445755260526,79.49250850135095,10.63906478881836,-0.13258352875709534,0.1507634724860347,1.0,512.9974197524483,-3.7174082201762872,3,3,4,82.21756696607235,0.4150585947326799,2.5349054514662157,5.209694506089687,564.5294189453125,295.4111328125,1.411278370672588,5.455334065992832,0.0,0,5.035365034499453,54.583929013460875
GT+smooth-jitter_controlled_forward3x6_SoftMS_local_prior_3frame_causal_heading_continuous_waypoint_RNN_polynomial_Kalman,1,controlled_gt_jitter,8.0,572.4433356553112,292.8884307784846,5.798133018592411,-1.2140777664372944,0,1,8,566.5538846092561,293.07974663733995,567.0749828206808,298.9160466052964,6264,564.7518310546875,295.3020324707031,564.8302612304688,295.33221435546875,0.9878884553909302,1,2.836280728897385,14.090119861066341,65,/yh/study/cvpr_data/Bearing_UAV_90K/citya/uav_254k_34bc_b15_s100/blk_10_7_s_061_v3d.jpg,566.6452026367188,294.1025085449219,515.2211985775746,-4.832686588762055,3,7.247255016145501,7.247255016145501,1,7.247255016145501,-54.059651007462804,12.000000000000002,515.2211985775746,-5.327090254915682,566.6012343605461,293.6100638517872,0.494403666153606,7.072805552494336,1,0.0,0,0,0.5317717303324061,1.0,521.1043090820312,-5.526314735412598,1,1,6,18,1,-5.535220830201993,564.7518310546875,279.3020324707031,571.9213256835938,287.8073425292969,11,571.9213256835938,287.8073425292969,521.0362548828125,-10.63369369506836,0.7912371158599854,0.16485929489135742,4.281769275665283,35.537506103515625,1,520.9157104492188,-10.583471298217773,8.093144644129872,5.284320831298828,36.53372573852539,0.5317717303324061,520.9157104492188,-10.583471298217773,520.9157104492188,-7.554513609964153,0.0,-3.0289576882536204,0.0,0,7.9972550161455,7.996634425616099,-0.09962758812621439,10.665346145629883,-0.03601716831326485,-0.04894155263900757,-0.028811071068048477,-0.4401737021760138,0.0,-5.5423389545342046,-5.5423389545342046,48.5173120529286,10.640174865722656,-0.1321687400341034,0.13625914643268058,1.0,513.3040883831426,-3.7692594915810433,3,3,4,81.91089833537808,0.4172404055841703,1.9171101944319844,3.418091129484382,564.8302612304688,295.33221435546875,0.3110212266039533,7.247255016145501,0.0,0,2.192302143549897,63.398750964552164
GT+smooth-jitter_controlled_forward3x6_SoftMS_local_prior_3frame_causal_heading_continuous_waypoint_RNN_polynomial_Kalman,1,controlled_gt_jitter,8.0,583.1511454058952,308.0927634957029,5.844504780895204,-1.0117286917970978,0,1,8,575.8703699019728,293.01826008959574,576.3232315113888,298.0903101150546,6265,572.7518310546875,295.3020324707031,574.418212890625,295.30499267578125,0.8887653350830078,1,2.7088569372208084,11.240540072321892,66,/yh/study/cvpr_data/Bearing_UAV_90K/citya/uav_254k_34bc_b15_s100/blk_10_6_s_026_v3d.jpg,577.306640625,309.1044921875,524.5062373279783,11.05799711564944,3,18.404504154965657,18.404504154965657,1,18.404504154965657,54.59978900779549,12.000000000000002,524.5062373279783,-5.9919153938495615,575.7903588632345,292.12213645572626,17.049912509499016,5.625482590977683,1,0.0,0,0,0.6304238883237839,1.0,530.4175415039062,10.570040702819824,1,1,6,18,1,-5.537712168382182,580.7518310546875,295.3020324707031,580.065673828125,293.4881896972656,6,580.065673828125,293.4881896972656,528.6431274414062,-4.251062870025635,0.6582033038139343,0.13101963698863983,4.0,4.2791337966918945,1,528.5198364257812,-4.199769496917725,15.776831739023338,5.002545356750488,5.275260925292969,0.6304238883237839,528.5198364257812,-4.199769496917725,528.5198364257812,-4.199769496917725,0.0,0.0,0.0,0,17.67544279571486,17.674946922600704,-0.13239829242229462,10.665136337280273,-0.03624052181839943,-0.04999289661645889,-0.028989678248763084,-0.43216319762048466,0.0,-5.534328449978676,-5.534328449978676,60.134117457774174,10.63945484161377,-0.1309882253408432,0.15268059396157144,1.0,522.8564706301202,-2.9436981886082014,3,3,4,72.3585160884005,0.48520135482392845,1.6497666978581265,7.739367817685384,574.418212890625,295.30499267578125,9.587990303360657,18.404504154965657,0.0,0,14.098553172245467,43.28813496977091
GT+smooth-jitter_controlled_forward3x6_SoftMS_local_prior_3frame_causal_heading_continuous_waypoint_RNN_polynomial_Kalman,1,controlled_gt_jitter,8.0,598.9458656419814,303.2553903149191,5.8834266771376775,-0.8075674487527802,0,1,8,591.6479269017037,290.547372449665,592.4009959000069,296.6547954374994,6148,588.7518310546875,287.3020324707031,590.4802856445312,295.2823486328125,0.8847492933273315,1,4.8768212557387844,13.105480000376701,67,/yh/study/cvpr_data/Bearing_UAV_90K/citya/uav_254k_34bc_b15_s100/blk_10_6_s_086_v3d.jpg,593.0624389648438,304.0629577636719,540.6479599784699,7.437632417573625,3,16.54274011983707,16.54274011983707,1,16.54274011983707,-17.74361258743677,-12.000000000000002,540.4755582382284,-5.22406119772777,591.7646913798532,291.4667655305622,12.662867272770455,4.9939739019092535,1,0.0,0,0,0.7271829130089655,1.0,546.5798950195312,7.156489372253418,1,1,6,18,1,-5.536527877613125,588.7518310546875,279.3020324707031,594.0593872070312,287.7531433105469,6,594.0593872070312,287.7531433105469,543.0914306640625,-8.718896865844727,0.4827300012111664,0.4327584207057953,4.0,4.0,1,542.9706420898438,-8.668360710144043,16.2726109404909,5.002511501312256,4.996179103851318,0.7271829130089655,542.9706420898438,-8.668360710144043,542.9706420898438,-7.773913004192563,0.0,-0.8944477059514799,0.0,1,15.969865077981112,15.969320910250106,-0.1318342685699463,10.665182113647461,-0.03501196950674057,-0.04975978285074234,-0.028006993234157562,-0.4380265148165439,0.0,-5.5401917671747345,-5.5401917671747345,12.203420820262036,10.639616966247559,-0.13035841286182404,0.121570327295217,1.0,538.8569144971397,-1.5378212513134777,3,3,4,56.35807222138101,0.5990373933476353,1.7910454813302294,5.877558006189609,590.4802856445312,295.2823486328125,16.06208871549586,16.54274011983707,0.0,0,9.152410200517233,52.822406869381666
GT+smooth-jitter_controlled_forward3x6_SoftMS_local_prior_3frame_causal_heading_continuous_waypoint_RNN_polynomial_Kalman,1,controlled_gt_jitter,8.0,599.807769776909,292.52287474465396,5.9148254409714776,-0.6018811147210669,0,1,8,593.6254138485606,290.1284144007539,594.1938340451993,296.4947206031072,6149,596.7518310546875,287.3020324707031,596.4866333007812,295.27764892578125,0.9699150323867798,1,5.890771846498509,10.39860025048256,68,/yh/study/cvpr_data/Bearing_UAV_90K/citya/uav_254k_34bc_b15_s100/blk_10_6_s_058_v3d.jpg,593.8929443359375,293.124755859375,542.447930135851,-3.383370655298923,3,10.969685504634093,10.969685504634093,1,10.969685504634093,-85.6580315575921,-12.000000000000002,542.447930135851,-6.281439392901947,593.6352134667192,290.2381701241293,2.898068737603043,5.589144298281295,1,0.0,0,0,0.4195180322292373,1.0,548.392822265625,-3.456850051879883,1,1,6,18,1,-5.537810245629796,596.7518310546875,279.3020324707031,596.771484375,281.5949401855469,8,596.771484375,281.5949401855469,546.3404541015625,-14.611507415771484,0.7328524589538574,0.05417798459529877,5.5175299644470215,8.821504592895508,1,546.2192993164062,-14.561163902282715,11.796876169917105,6.519983291625977,9.817691802978516,0.4195180322292373,546.2192993164062,-14.561163902282715,546.2192993164062,-8.323644146080188,0.0,-6.237519756202525,0.0,0,10.640393032566319,10.639583587646484,-0.13124392926692963,10.665111541748047,-0.03657487779855728,-0.05011448636651039,-0.02925718016922474,-0.43059273435905776,0.0,-5.5327579867172485,-5.5327579867172485,80.12527357087485,10.63936996459961,-0.1311640590429306,0.030208306517351752,1.0,544.8398811880461,-1.0083461995015743,3,3,4,50.37510553047457,0.6416035391603732,2.391951052195054,0.304573962886046,596.4866333007812,295.27764892578125,6.006349494908371,10.969685504634093,0.0,0,3.370781957014181,62.985533848404884
GT+smooth-jitter_controlled_forward3x6_SoftMS_local_prior_3frame_causal_heading_continuous_waypoint_RNN_polynomial_Kalman,1,controlled_gt_jitter,8.0,614.549662307367,290.0740648145769,5.938639358148328,-0.3949598436262166,0,1,8,608.0178202885236,288.2856971128625,609.0307525101085,295.16999574016893,6150,604.7518310546875,287.3020324707031,609.1888427734375,294.6109619140625,0.7992690801620483,1,6.4327496815493586,13.717060908675194,69,/yh/study/cvpr_data/Bearing_UAV_90K/citya/uav_254k_34bc_b15_s100/blk_10_6_s_031_v3d.jpg,608.6110229492188,290.4690246582031,557.343870706921,-4.719671812505922,3,14.955759635658923,14.955759635658923,1,14.955759635658923,-10.228394948307413,12.000000000000002,556.9572290006572,-6.522843726870634,608.0655536584871,288.70738223857165,1.8441585511490768,5.797074117120888,1,0.0,0,0,0.626865460161008,1.0,563.2941284179688,-4.58493185043335,1,1,6,18,1,-5.536041947006275,612.7518310546875,279.3020324707031,613.314208984375,281.7804870605469,2,613.314208984375,281.7804870605469,562.8010864257812,-12.955519676208496,0.6651253700256348,0.2489197999238968,4.0,4.0,1,562.6776733398438,-12.90501880645752,9.769818623616546,5.002634048461914,4.996126174926758,0.626865460161008,562.6776733398438,-12.90501880645752,562.6776733398438,-8.907171736136297,0.0,-3.9978470703212223,0.0,1,14.509892147641267,14.50929886480621,-0.1312119960784912,10.665668487548828,-0.03522716090083122,-0.04732856899499893,-0.028179192915558815,-0.4352796581922881,0.0,-5.537444910550478,-5.537444910550478,4.6909500377569335,10.641322135925293,-0.1301625370979309,0.18107209964766405,1.0,557.5510505315888,-0.5427594958554437,3,3,4,37.66393618693189,0.7320378530518431,0.207179824667719,4.290091148110095,609.1888427734375,294.6109619140625,12.719693276916415,14.955759635658923,0.0,0,4.182047343196401,59.086787048727274
GT+smooth-jitter_controlled_forward3x6_SoftMS_local_prior_3frame_causal_heading_continuous_waypoint_RNN_polynomial_Kalman,1,controlled_gt_jitter,8.0,616.7812344160378,296.28385088505377,5.9548184004128455,-0.18709638057123845,0,1,8,610.0042292877079,287.2624559129541,610.696976593048,295.0212257327636,6151,612.7518310546875,287.3020324707031,612.6583251953125,293.2239990234375,0.868362545967102,1,6.525658690501328,13.144661206752062,70,/yh/study/cvpr_data/Bearing_UAV_90K/citya/uav_254k_34bc_b15_s100/blk_10_6_s_039_v3d.jpg,610.826416015625,296.470947265625,559.0167231241029,1.455488607636312,3,6.397737211246073,6.397737211246073,1,6.397737211246073,69.74019545583745,12.000000000000002,559.0167231241029,-7.034958080852205,610.0713441373484,288.0141422289281,8.490446688488541,5.599390334082426,1,0.0,0,0,0.6896848665511981,1.0,564.964599609375,1.798707127571106,1,1,6,18,1,-5.536532973574576,612.7518310546875,279.3020324707031,613.9900512695312,282.7254943847656,3,613.9900512695312,282.7254943847656,563.3902587890625,-11.95415210723877,0.5509082674980164,0.2722262740135193,4.0,4.0,1,563.2703857421875,-11.904118537902832,14.020440390787725,5.00252103805542,4.996237754821777,0.6896848665511981,563.2703857421875,-11.904118537902832,563.2703857421875,-9.522938110661682,0.0,-2.3811804272411496,0.0,0,7.147737211246072,7.147197264074139,-0.08785504790809807,10.665224075317383,-0.0373544879257679,-0.049550898373126984,-0.029880961403250694,-0.43591953485972723,0.0,-5.538084787217918,-5.538084787217918,75.27828024305536,10.639742851257324,-0.13324765861034393,0.16421243817446823,1.0,561.130131139464,-1.6156790352440449,3,3,4,34.08485557905669,0.7575014190218681,2.113408015361074,4.2674868640713095,612.6583251953125,293.2239990234375,3.7364387236606023,6.397737211246073,0.0,0,3.7280778063323496,56.64636706933379
GT+smooth-jitter_controlled_forward3x6_SoftMS_local_prior_3frame_causal_heading_continuous_waypoint_RNN_polynomial_Kalman,1,controlled_gt_jitter,8.0,627.5085513889085,292.78047815019795,5.963324338127195,0.021414429494808818,0,1,8,620.9231773690262,285.79210728504654,621.6598107590804,294.04240125365357,6152,620.7518310546875,287.3020324707031,620.7567138671875,288.3269958496094,0.917238712310791,1,2.5403484273217014,10.674342047423124,71,/yh/study/cvpr_data/Bearing_UAV_90K/citya/uav_254k_34bc_b15_s100/blk_11_7_s_061_v3d.jpg,621.5452270507812,292.7590637207031,570.0231680684449,-1.2884427227032296,3,11.343323563155959,11.343323563155959,1,11.343323563155959,-19.100775293641604,-12.000000000000002,570.0231680684449,-7.921409043480871,620.9553445013548,286.15237916712766,6.632966320777637,5.823475660384202,1,0.0,0,0,0.5082764625729079,1.0,575.9609375,-0.7367831468582153,1,1,6,18,1,-5.537076107015724,628.7518310546875,279.3020324707031,628.7161254882812,281.44818115234375,4,628.7161254882812,281.44818115234375,578.1715698242188,-11.916786193847656,0.7114333510398865,0.08310765027999878,4.0,4.999703407287598,1,578.0516357421875,-11.868284225463867,13.281164836408985,5.002471923828125,5.99605655670166,0.5082764625729079,578.0516357421875,-11.868284225463867,578.0516357421875,-10.11006520672617,0.0,-1.758219018737698,0.0,1,11.186633831772177,11.185857678103483,-0.1317743957042694,10.66543960571289,-0.03515997529029846,-0.04847658798098564,-0.028125397861003876,-0.42763568933526536,0.0,-5.529800941693456,-5.529800941693456,13.570974351948147,10.64053726196289,-0.12864276766777039,0.31972360571048836,1.0,569.6319315914589,-5.773073440360855,3,3,4,25.58305512706181,0.8179879462593427,0.39123647698602326,0.6778839574430684,620.7567138671875,288.3269958496094,9.463854350381563,11.343323563155959,0.0,0,4.501663987314317,45.60254607349634
GT+smooth-jitter_controlled_forward3x6_SoftMS_local_prior_3frame_causal_heading_continuous_waypoint_RNN_polynomial_Kalman,1,controlled_gt_jitter,8.0,635.4284863001022,289.0043545072831,5.964130831352251,0.2302761381424468,0,1,8,629.1083684438664,284.7870236904438,629.8692959274409,293.3094115064785,6153,628.7518310546875,287.3020324707031,628.7598876953125,287.3929138183594,0.988782525062561,1,2.6290877107621595,14.354405924677849,72,/yh/study/cvpr_data/Bearing_UAV_90K/citya/uav_254k_34bc_b15_s100/blk_10_7_s_062_v3d.jpg,629.46435546875,288.7740783691406,578.2653110360835,-4.5533749507063375,3,8.865252571272176,8.865252571272176,1,8.865252571272176,-26.712002011118177,-7.611226717476574,578.2653110360835,-8.401053703961992,629.1221739405197,284.94164525296065,3.8476787532556487,6.456511662812722,1,0.0,0,0,0.3282258870041743,1.0,584.185302734375,-3.793609619140625,1,1,6,18,1,-5.534529807157059,644.7518310546875,279.3020324707031,637.376220703125,280.0218505859375,2,637.376220703125,280.0218505859375,586.9241943359375,-12.567306518554688,0.7652396559715271,0.022569313645362854,4.0,4.0,1,586.8037719726562,-12.516833305358887,11.675700584190377,5.002386093139648,4.99637508392334,0.3282258870041743,586.8037719726562,-12.516833305358887,586.3849143703736,-10.29262641751888,0.4188576022826407,-2.224206887840007,0.0,0,9.615252571272176,9.614529227214913,-0.11793959634667023,10.665170669555664,-0.036000318825244904,-0.04982082545757294,-0.028797635808587074,-0.4299779106120508,0.0,-5.532143162970241,-5.532143162970241,21.179858848147937,10.639582633972168,-0.1302471160888672,0.12629563748715936,1.0,577.6864642117234,-5.991716604860581,3,3,4,17.52852250679723,0.8752923618912628,0.5788468243600846,1.799918098283488,628.7598876953125,287.3929138183594,8.057499647178961,8.865252571272176,0.0,0,1.5504484384031483,61.024941969662905
GT+smooth-jitter_controlled_forward3x6_SoftMS_local_prior_3frame_causal_heading_continuous_waypoint_RNN_polynomial_Kalman,1,controlled_gt_jitter,8.0,644.960641467906,287.6637090161452,5.957223499156038,0.43919119387958094,0,1,8,638.6402216651569,283.1567192220228,639.4701744320676,292.45219021142253,6035,636.7518310546875,279.3020324707031,636.906982421875,287.31060791015625,0.9818676114082336,2,4.500989836453262,11.167270131409168,73,/yh/study/cvpr_data/Bearing_UAV_90K/citya/uav_254k_34bc_b15_s100/blk_11_5_s_028_v3d.jpg,639.00341796875,287.2245178222656,587.9043823818771,-5.248468367476573,3,9.664101161894871,9.664101161894871,1,9.664101161894871,-9.226743099902217,12.000000000000002,587.9043823818771,-8.683924183853039,638.6978962251738,283.8026742942128,3.4354558163764484,5.805210839268648,1,0.0,0,0,0.539317393874853,1.0,593.7989501953125,-4.2812299728393555,1,1,6,18,1,-5.5336944696854795,636.7518310546875,279.3020324707031,643.9352416992188,281.36041259765625,11,643.9352416992188,281.36041259765625,593.3381958007812,-10.650741577148438,0.8076625466346741,0.1639828085899353,4.674558162689209,13.932751655578613,1,593.2168579101562,-10.600708961486816,7.541145510778592,5.676936149597168,14.92909049987793,0.539317393874853,593.2168579101562,-10.600708961486816,593.2168579101562,-10.600708961486816,0.0,0.0,0.0,1,10.41410116189487,10.41331900102709,-0.1276338239975434,10.665220260620117,-0.034106574952602386,-0.04956495016813278,-0.027282504364848137,-0.4257624032336836,0.0,-5.527927655591874,-5.527927655591874,3.698815444310342,10.639789581298828,-0.12681439518928528,0.22566525254103786,1.0,585.8085973720716,-5.349159469905947,3,3,4,9.406389346449032,0.9330777252862036,2.095785009805468,1.0011190987252458,636.906982421875,287.31060791015625,8.147510463086723,9.664101161894871,0.0,0,2.098202446246333,45.2001029625535
GT+smooth-jitter_controlled_forward3x6_SoftMS_local_prior_3frame_causal_heading_continuous_waypoint_RNN_polynomial_Kalman,1,controlled_gt_jitter,8.0,649.5492283849351,293.3498267776591,5.942599966966283,0.6478614456277972,0,1,8,642.7343115964823,282.93201693138235,643.5517886889533,292.08776036705774,6036,644.7518310546875,279.3020324707031,644.7275390625,287.319580078125,0.9950209856033325,2,4.819093908396243,11.32446201518178,74,/yh/study/cvpr_data/Bearing_UAV_90K/citya/uav_254k_34bc_b15_s100/blk_11_7_s_092_v3d.jpg,643.6066284179688,292.70196533203125,592.0022335325995,0.6166483072843093,3,7.15485692813171,7.15485692813171,1,7.15485692813171,49.95652966233452,12.000000000000002,592.0022335325995,-9.428261571736055,642.7133151156482,282.6968563460412,10.044909879020384,6.244268048232493,1,0.0,0,0,0.31259655577444073,1.0,598.4080810546875,0.15951357781887054,1,1,6,18,1,-5.531676095424889,644.7518310546875,279.3020324707031,649.6782836914062,285.1744689941406,5,649.6782836914062,285.1744689941406,595.2149658203125,-7.2392377853393555,0.8108590841293335,0.03249427676200867,10.01644515991211,16.195837020874023,1,595.0993041992188,-7.1921868324279785,8.400580512871649,11.018763542175293,17.192455291748047,0.31259655577444073,595.0993041992188,-7.1921868324279785,595.0993041992188,-7.562477254708227,0.0,0.370290422280249,0.0,0,7.90485692813171,7.904276246853138,-0.09581266964848563,10.665831565856934,-0.03580178692936897,-0.04650969058275223,-0.028639011085033417,-0.4150947149671815,0.0,-5.517259967325372,-5.517259967325372,55.47378962965989,10.641934394836426,-0.12722231447696686,0.03722149089304188,1.0,593.5973687503962,-4.6447255942204775,3,3,4,1.6176179681244776,0.9884913679353846,1.5951352177967237,3.510974637725224,644.7275390625,287.319580078125,7.820561787302869,7.15485692813171,0.665704859171159,0,5.497864284837423,51.696292124688625
GT+smooth-jitter_controlled_forward3x6_SoftMS_local_prior_3frame_causal_heading_continuous_waypoint_RNN_polynomial_Kalman,1,controlled_gt_jitter,8.0,660.3402528019869,293.06848254474187,5.920269891830715,0.8559886482575045,0,1,8,653.241808687029,285.3894625818033,653.0984587697517,294.91060568314373,6156,652.7518310546875,287.3020324707031,652.753662109375,291.93304443359375,0.8519611358642578,1,6.56176428503469,10.522628668695688,75,/yh/study/cvpr_data/Bearing_UAV_90K/citya/uav_254k_34bc_b15_s100/blk_10_7_s_085_v3d.jpg,654.4199829101562,292.2124938964844,602.2820286002353,-3.0043690297601837,4,10.824426897528012,10.824426897528012,1,10.824426897528012,-2.5917504921447647,-12.000000000000002,602.2820286002353,-9.320438156827336,653.3049384715035,285.59245492411395,6.713288322117084,6.831416792096432,1,0.0,0,0,0.3370076265958518,1.0,607.975341796875,-4.839771747589111,1,1,6,18,1,0.8449368548920795,652.7518310546875,271.3020324707031,658.6746826171875,282.40032958984375,3,658.6746826171875,282.40032958984375,601.7869873046875,-13.687811851501465,0.7581540942192078,0.026186585426330566,4.0,8.732460021972656,1,601.6672973632812,-13.638510704040527,11.354418304500763,5.00236701965332,9.72877025604248,0.3370076265958518,601.6672973632812,-13.638510704040527,601.6672973632812,-11.226500740710492,0.0,-2.4120099633300356,0.0,0,10.709240982411563,10.708472745725771,-0.1282726526260376,10.665290832519531,-0.03569614142179489,-0.04921244457364082,-0.028554288670420647,-0.4306298735126697,0.0,-1.570649607082377,-1.570649607082377,1.0211008850623877,10.640008926391602,-0.1299455463886261,0.007294331213578038,1.0,600.6626473071973,-2.522371891610491,4,4,5,130.95706806836077,0.03993747608540527,1.6193812930380318,0.15913606500848054,652.753662109375,291.93304443359375,9.257575520769935,10.824426897528012,0.0,0,1.6895907828306016,48.26071532443166
GT+smooth-jitter_controlled_forward3x6_SoftMS_local_prior_3frame_causal_heading_continuous_waypoint_RNN_polynomial_Kalman,1,controlled_gt_jitter,8.0,671.2790489108087,299.52274762542316,5.890254965496133,1.0632749691731718,0,1,8,668.0599718015559,291.1183688912172,664.4127222285675,300.4522857446045,6158,668.7518310546875,287.3020324707031,666.08203125,295.3072814941406,0.8602458238601685,2,4.632411641944185,11.070371139794588,76,/yh/study/cvpr_data/Bearing_UAV_90K/citya/uav_254k_34bc_b15_s100/blk_11_6_s_007_v3d.jpg,665.3887939453125,298.45947265625,614.8805513516966,-2.2190132945403427,4,12.622977428084406,12.622977428084406,1,12.622977428084406,29.662462915447186,12.000000000000002,614.5876379473157,-9.626781693341078,667.9378032187981,291.4733040024671,7.43666596906263,6.71225492487502,1,0.0,0,0,0.6998689966237919,1.0,620.6380615234375,-3.8550572395324707,1,1,6,18,1,22.745813416432124,668.7518310546875,279.3020324707031,673.5552368164062,284.8045349121094,7,673.5552368164062,284.8045349121094,616.2081909179688,-18.074155807495117,0.5323916673660278,0.1810855120420456,4.0,4.0,1,616.0889892578125,-18.02520751953125,15.819735164608492,5.002496242523193,4.996484279632568,0.6998689966237919,616.0889892578125,-18.02520751953125,616.0889892578125,-12.131565537770335,0.0,-5.893641981760915,0.0,1,12.363811617295106,12.363139233837654,-0.12894181907176971,10.665685653686523,-0.03379005193710327,-0.047245901077985764,-0.027029506862163544,-0.4245046345701963,0.0,22.16735173692457,22.16735173692457,7.495111178522618,10.641420364379883,-0.12614986300468445,0.03675770184592145,1.0,614.1165756381832,-5.354811150310471,4,4,5,117.50313973737482,0.13856989494247568,0.7639757135133323,1.9572917743978824,666.08203125,295.3072814941406,13.74885084978133,12.622977428084406,1.1258734216969248,0,3.2275202684244824,55.63236586749554
GT+smooth-jitter_controlled_forward3x6_SoftMS_local_prior_3frame_causal_heading_continuous_waypoint_RNN_polynomial_Kalman,1,controlled_gt_jitter,8.0,674.4004404577644,298.1593160730642,5.852588895264424,1.2694234949391792,0,1,8,670.6295900007962,292.36302680105274,666.3405257781113,301.39651605458516,6277,668.7518310546875,295.3020324707031,668.7269897460938,295.3807373046875,0.988222062587738,1,3.5674170506041505,14.246711041778326,77,/yh/study/cvpr_data/Bearing_UAV_90K/citya/uav_254k_34bc_b15_s100/blk_11_7_s_011_v3d.jpg,668.5478515625,296.889892578125,617.0271760054076,-5.01816124462028,4,3.527495804442189,3.527495804442189,1,3.527495804442189,-26.420517435423793,-12.000000000000002,617.0271760054076,-10.0,670.6295900007962,292.36302680105274,4.98258453908288,7.149475532007337,1,0.0,0,0,0.5497283879510801,1.0,622.841552734375,-6.452502727508545,1,1,6,18,1,24.972297476790292,684.7518310546875,279.3020324707031,678.2072143554688,283.9436340332031,7,678.2072143554688,283.9436340332031,620.0072631835938,-20.893552780151367,0.6486907005310059,0.08639739453792572,4.0,6.451610565185547,1,619.88525390625,-20.84385871887207,16.08170730469317,5.00238037109375,7.448152542114258,0.5497283879510801,619.88525390625,-20.84385871887207,619.88525390625,-12.257051840119281,0.0,-8.586806878752789,0.0,0,4.277495804442189,4.2771872060983025,-0.05138055088778748,10.665536880493164,-0.035857390612363815,-0.0479859821498394,-0.02868330292403698,-0.4219091893660179,0.0,24.632863239192584,24.632863239192584,51.05338067461638,10.640885353088379,-0.12855815887451172,0.029086167118242398,1.0,616.5242250476845,-6.452274372058643,4,4,5,115.09549032787359,0.1562206716655817,0.502950957723101,7.138041076050975,668.7269897460938,295.3807373046875,2.645978307197852,3.527495804442189,0.0,0,1.5197500216040412,68.08326486498117
GT+smooth-jitter_controlled_forward3x6_SoftMS_local_prior_3frame_causal_heading_continuous_waypoint_RNN_polynomial_Kalman,1,controlled_gt_jitter,8.0,676.2341362102879,308.3697075845892,5.807317362631647,1.474138736932964,0,1,8,676.2071464350494,295.094066690062,671.8084719469488,304.07469376993413,6278,676.7518310546875,295.3020324707031,676.2737426757812,302.920654296875,0.9173007011413574,1,7.826870934568844,15.212596394121647,78,/yh/study/cvpr_data/Bearing_UAV_90K/citya/uav_254k_34bc_b15_s100/blk_10_7_s_000_v3d.jpg,670.4268188476562,306.89556884765625,623.1157777480325,3.1410669351190865,4,10.18057344501518,10.18057344501518,1,10.18057344501518,79.36428669708751,12.000000000000002,623.1157777480325,-10.0,676.2071464350494,295.094066690062,13.141066935119074,6.248374658631887,1,0.0,0,0,0.7323706638119583,1.0,628.9795532226562,1.910486102104187,1,1,6,18,1,25.670932969753075,676.7518310546875,287.3020324707031,680.8609619140625,291.4918518066406,12,680.8609619140625,291.4918518066406,625.710693359375,-15.282076835632324,0.44149014353752136,0.2798517048358917,7.3178205490112305,21.61030387878418,1,625.5933837890625,-15.233527183532715,18.540880257413342,8.320161819458008,22.606721878051758,0.7323706638119583,625.5933837890625,-15.233527183532715,625.5933837890625,-12.55841159528973,0.0,-2.675115588242984,0.0,0,10.64162323330264,10.640851974487305,-0.12811829149723053,10.665165901184082,-0.035978786647319794,-0.04984573274850845,-0.028780493885278702,-0.4352342747869046,0.0,25.660189882601436,25.660189882601436,53.704096814486064,10.63955307006836,-0.13119296729564667,0.0786516654846071,1.0,626.6182464718232,-3.0005270580373993,4,4,5,105.00146890373483,0.23022119586674905,3.5024687237906846,0.4845924561689028,676.2737426757812,302.920654296875,10.667887702390978,10.18057344501518,0.4873142573757985,0,7.070110602947341,61.72850914299488
GT+smooth-jitter_controlled_forward3x6_SoftMS_local_prior_3frame_causal_heading_continuous_waypoint_RNN_polynomial_Kalman,1,controlled_gt_jitter,8.0,692.6091122175759,310.0629913928278,5.754497959763428,1.6771271350153012,0,1,8,690.0451458244107,301.871862309341,685.6464713363101,310.85248938921313,6399,692.7518310546875,303.3020324707031,685.3764038085938,307.82330322265625,0.8037856817245483,1,7.564178802417182,13.273240998387337,79,/yh/study/cvpr_data/Bearing_UAV_90K/citya/uav_254k_34bc_b15_s100/blk_11_7_s_048_v3d.jpg,686.8546142578125,308.3858642578125,638.5245006203761,-2.7466067897742037,4,16.495255149511436,16.495255149511436,1,16.495255149511436,5.183565147453483,-12.000000000000002,638.5245006203761,-10.0,690.0451458244107,301.871862309341,7.253393210225836,6.350491592612899,1,0.0,0,0,0.7324539017381467,1.0,644.4301147460938,-3.771657705307007,1,1,6,18,1,25.66717289725413,692.7518310546875,287.3020324707031,695.9544067382812,292.43585205078125,11,695.9544067382812,292.43585205078125,639.6807861328125,-21.07341957092285,0.427236944437027,0.42447537183761597,6.125704288482666,33.035404205322266,1,639.5549926757812,-21.021785736083984,18.304209335447904,7.128062725067139,34.03180694580078,0.7324539017381467,639.5549926757812,-21.021785736083984,639.5549926757812,-12.558548937867942,0.0,-8.463236798216043,0.0,0,15.926160012384349,15.925634737550523,-0.12934815883636475,10.665853500366211,-0.03540874272584915,-0.046404484659433365,-0.028324605897068977,-0.4248662343898103,0.0,25.670557922998533,25.670557922998533,20.486992775545048,10.64199161529541,-0.12848755717277527,0.03031105025329573,1.0,636.9495226540416,-2.6016052173124598,4,4,5,94.67019272151643,0.3059610641538254,1.5749779663344725,5.829401649145225,685.3764038085938,307.82330322265625,10.338975103378448,16.495255149511436,0.0,0,1.581638723114596,70.50122087821364
GT+smooth-jitter_controlled_forward3x6_SoftMS_local_prior_3frame_causal_heading_continuous_waypoint_RNN_polynomial_Kalman,1,controlled_gt_jitter,8.0,695.5734725648457,311.7303924800827,5.69420010390818,1.8780975582076915,0,1,8,693.0638649398426,303.350418610777,688.665190451742,312.33104569064915,6399,692.7518310546875,303.3020324707031,692.6756591796875,311.0926208496094,0.9695183634757996,1,7.7519287418808505,11.794514022767544,80,/yh/study/cvpr_data/Bearing_UAV_90K/citya/uav_254k_34bc_b15_s100/blk_11_6_s_014_v3d.jpg,689.8792724609375,309.852294921875,641.8858684720683,-2.7601087838617278,4,3.3613949690915734,3.3613949690915734,1,3.3613949690915734,25.865278826757127,12.000000000000002,641.8858684720683,-10.0,693.0638649398426,303.350418610777,7.23989121613826,5.640647565897949,1,0.0,0,0,0.5539294466581135,1.0,647.8257446289062,-3.578152656555176,1,1,6,18,1,25.66835766827086,700.7518310546875,287.3020324707031,699.4010009765625,304.39794921875,10,699.4010009765625,304.39794921875,648.0377807617188,-11.84675121307373,0.6752804517745972,0.42920219898223877,7.347154140472412,102.8460922241211,1,647.9190063476562,-11.798192024230957,10.866724496631669,8.349614143371582,103.84249114990234,0.5539294466581135,647.9190063476562,-11.798192024230957,647.9190063476562,-11.798192024230957,0.0,0.0,0.0,1,4.111394969091574,4.111092867814282,-0.049839984731575825,10.66528034210205,-0.03635489195585251,-0.04927193745970726,-0.02908138744533062,-0.4366193090845362,0.0,25.658804848303806,25.658804848303806,0.20647397845332102,10.639946937561035,-0.13197976350784302,0.29652431216938024,1.0,644.9427781028139,-2.8762578142767614,4,4,5,86.67693727274414,0.3645606121861355,3.056909630745622,7.303885373010477,692.6756591796875,311.0926208496094,7.997972663015758,3.3613949690915734,4.636577693924185,0,3.0591154093645323,58.311265893280506
GT+smooth-jitter_controlled_forward3x6_SoftMS_local_prior_3frame_causal_heading_continuous_waypoint_RNN_polynomial_Kalman,1,controlled_gt_jitter,8.0,698.8306064923963,311.566721518172,5.62650492989637,2.0767618013751608,0,1,8,695.6022621422879,304.59371519972984,691.2035876541873,313.574342279602,6399,692.7518310546875,303.3020324707031,692.7525634765625,311.28497314453125,0.9976526498794556,1,7.272806567571099,12.929683085530996,81,/yh/study/cvpr_data/Bearing_UAV_90K/citya/uav_254k_34bc_b15_s100/blk_12_7_s_038_v3d.jpg,693.2041015625,309.4899597167969,644.7123940363405,-4.5479926139670415,4,3.344514218154246,3.344514218154246,1,3.344514218154246,-6.2194695632609145,-12.000000000000002,644.7123940363405,-10.0,695.6022621422879,304.59371519972984,5.452007386032947,6.101752166164283,1,0.0,0,0,0.5498938228863761,1.0,650.6788330078125,-5.157846450805664,1,1,6,18,1,25.665014183950436,708.7518310546875,287.3020324707031,704.7559204101562,297.9071350097656,10,704.7559204101562,297.9071350097656,649.9917602539062,-20.03136444091797,0.6700326204299927,0.1865343600511551,10.824847221374512,114.78963470458984,1,649.8692626953125,-19.982479095458984,16.273188603136283,11.827337265014648,115.7860336303711,0.5498938228863761,649.8692626953125,-19.982479095458984,649.8692626953125,-12.25732480776252,0.0,-7.725154287696464,0.0,0,4.094514218154246,4.094207755943648,-0.05009524766042269,10.665765762329102,-0.0355403795838356,-0.04684650897979736,-0.02842981368303299,-0.4265857078329346,0.0,25.66883844955541,25.66883844955541,31.88830801281632,10.641677856445312,-0.12898887693881989,0.07785283717162268,1.0,645.0964524971614,-2.7373410882806124,4,4,5,86.52326287839665,0.36568721824928657,0.3840584608209383,7.321251544174856,692.7525634765625,311.28497314453125,0.2071561638946573,3.344514218154246,0.0,0,1.8509348580646514,57.52284824848175
GT+smooth-jitter_controlled_forward3x6_SoftMS_local_prior_3frame_causal_heading_continuous_waypoint_RNN_polynomial_Kalman,1,controlled_gt_jitter,8.0,701.6223669773277,326.2549212585594,5.55150516092148,2.2728350769188044,0,1,8,703.5919981560305,308.62643282157427,699.24048120215,317.510779935747,6519,700.7518310546875,311.3020324707031,700.7525024414062,311.5634460449219,0.9726596474647522,1,4.085190642734834,14.500885736197233,82,/yh/study/cvpr_data/Bearing_UAV_90K/citya/uav_254k_34bc_b15_s100/blk_11_6_s_047_v3d.jpg,696.0708618164062,323.9820861816406,653.6615392090372,7.205851204307831,4,14.772949733428366,14.772949733428366,1,14.772949733428366,78.81049320133407,12.000000000000002,653.6615392090372,-10.0,703.6391556902506,308.53015285587486,17.20585120430782,6.794381256443876,1,0.0,0,0,0.4457750287578387,1.0,659.6469116210938,6.805073261260986,1,1,6,18,1,25.666352687584347,692.7518310546875,327.3020324707031,703.4324340820312,324.85028076171875,8,703.4324340820312,324.85028076171875,660.6546020507812,4.7474284172058105,0.8760069608688354,0.11359396576881409,4.160470962524414,71.30667114257812,1,660.5298461914062,4.798595428466797,7.277947593544341,5.162787437438965,72.30308532714844,0.4457750287578387,660.5298461914062,4.798595428466797,660.5298461914062,-7.914471202549565,0.0,12.713066631016362,0.0,0,14.307633361546783,14.307045368569835,-0.12971210479736328,10.665361404418945,-0.03589284047484398,-0.04886637628078461,-0.028711751103401184,-0.4260883046427137,0.0,25.66933585274563,25.66933585274563,53.14115734858844,10.640259742736816,-0.12937939167022705,0.054731985897851665,1.0,652.4033905119189,-6.006167704356804,4,4,5,79.21632486363913,0.41925528796869754,1.2581486971182585,4.10758832900942,700.7525024414062,311.5634460449219,8.004784231787717,14.772949733428366,0.0,0,13.271788944485678,62.807828187942505
GT+smooth-jitter_controlled_forward3x6_SoftMS_local_prior_3frame_causal_heading_continuous_waypoint_RNN_polynomial_Kalman,1,controlled_gt_jitter,8.0,713.3707331805014,329.3444239516643,5.4693049578450745,2.466036500492425,0,1,8,714.306790796127,313.80077219700246,709.9261514186012,322.7445775927843,6521,716.7518310546875,311.3020324707031,709.1217041015625,319.3031005859375,0.963311493396759,2,7.560472321874467,11.177532840520144,83,/yh/study/cvpr_data/Bearing_UAV_90K/citya/uav_254k_34bc_b15_s100/blk_11_6_s_023_v3d.jpg,707.9014282226562,326.8783874511719,665.5601183632707,4.603030302474635,4,12.179936885574547,12.179936885574547,1,12.179936885574547,13.756306035139476,-12.000000000000002,665.5601183632707,-10.0,714.3248259067018,313.7639505129122,14.603030302474624,7.6642545688581265,1,0.0,0,0,0.23128452049214765,1.0,671.556640625,4.411916732788086,1,1,6,18,1,25.667396799392858,708.7518310546875,327.3020324707031,714.123291015625,330.2745056152344,10,714.123291015625,330.2745056152344,672.6416015625,4.916162490844727,0.9209924936294556,0.0287461057305336,4.0,37.175323486328125,1,672.5167236328125,4.967135429382324,6.966127289940722,5.002496719360352,38.17155075073242,0.23128452049214765,672.5167236328125,4.967135429382324,672.5167236328125,-8.268380541187957,0.0,13.235515970570281,0.0,1,11.956244129162496,11.955541934728583,-0.12957902252674103,10.665506362915039,-0.03585483133792877,-0.048141881823539734,-0.028681349009275436,-0.4279812008577328,0.0,25.66744295653061,25.66744295653061,11.911136921391133,10.640764236450195,-0.12968149781227112,0.020074316476334373,1.0,663.3238805161577,-2.736811971196659,4,4,5,68.29583485940034,0.4993147559340361,2.2362378471129887,1.5144305226595076,709.1217041015625,319.3031005859375,11.39937668658361,12.179936885574547,0.0,0,7.672942350313396,49.661424942314625
GT+smooth-jitter_controlled_forward3x6_SoftMS_local_prior_3frame_causal_heading_continuous_waypoint_RNN_polynomial_Kalman,1,controlled_gt_jitter,8.0,722.6537013879389,327.1275251166464,5.38001974731389,2.656089569771399,0,1,8,720.8987619866052,317.070229840499,716.5342149110735,325.9811801197095,6641,724.7518310546875,319.3020324707031,716.7840576171875,320.84552001953125,0.8900468945503235,1,5.584228503885088,10.652122087776661,84,/yh/study/cvpr_data/Bearing_UAV_90K/citya/uav_254k_34bc_b15_s100/blk_11_6_s_051_v3d.jpg,717.273681640625,324.471435546875,672.9182498542026,-1.6811126432564976,4,9.676391455507847,9.676391455507847,1,9.676391455507847,-14.403247413973412,-12.000000000000002,672.9182498542026,-10.0,720.9328893991741,317.00055303983737,8.31888735674349,8.137949455836356,1,0.0,0,0,0.27347147396143556,1.0,678.9181518554688,-1.6622731685638428,1,1,6,18,1,25.667412967731284,740.7518310546875,327.3020324707031,731.5870361328125,322.8451843261719,11,731.5870361328125,322.8451843261719,685.0571899414062,-9.437566757202148,0.852917492389679,0.028995588421821594,4.909482479095459,30.6773624420166,1,684.93359375,-9.387564659118652,14.27437885188225,5.911916732788086,31.673694610595703,0.27347147396143556,684.93359375,-9.387564659118652,680.6500469022145,-9.387564659118652,4.283546847785531,0.0,0.0,0,10.426391455507847,10.425617962109792,-0.12699957330914174,10.66561508178711,-0.03578353673219681,-0.047593601047992706,-0.028624476864933968,-0.433303732490171,0.0,25.662120424898166,25.662120424898166,40.06536783887158,10.641135215759277,-0.13057313859462738,0.10103713861839989,1.0,670.8836145652052,-4.722042490610137,4,4,5,60.73610081035284,0.5547361047646544,2.0346352889973787,0.9892236262792622,716.7840576171875,320.84552001953125,7.816055213951502,9.676391455507847,0.0,0,3.658824277791929,46.84404609724879
GT+smooth-jitter_controlled_forward3x6_SoftMS_local_prior_3frame_causal_heading_continuous_waypoint_RNN_polynomial_Kalman,1,controlled_gt_jitter,8.0,729.1156241735547,338.3897502232042,5.283776029023416,2.8427226353135646,0,1,8,730.5387406565884,321.8537887091072,726.1986603313331,330.71478603983667,6642,732.7518310546875,319.3020324707031,726.4417724609375,327.30218505859375,0.8902288675308228,1,6.81690334222755,11.327250860631466,85,/yh/study/cvpr_data/Bearing_UAV_90K/citya/uav_254k_34bc_b15_s100/blk_11_7_s_095_v3d.jpg,723.8318481445312,335.5470275878906,683.6796870392742,5.380739568714776,4,12.871607784265592,12.871607784265592,1,12.871607784265592,59.36904332259055,12.000000000000002,683.6796870392742,-10.0,730.5973348194337,321.73415895996453,15.380739568714764,8.863402830104148,1,0.0,0,0,0.2937156795365764,1.0,689.67529296875,5.609521865844727,1,1,6,18,1,25.665560572403606,732.7518310546875,311.3020324707031,735.2000122070312,331.51214599609375,9,735.2000122070312,331.51214599609375,692.1141967773438,-3.2433223724365234,0.857699453830719,0.04430627077817917,7.557093620300293,49.99207305908203,1,691.9913940429688,-3.1924924850463867,11.940886950428036,8.559435844421387,50.988502502441406,0.2937156795365764,691.9913940429688,-3.1924924850463867,691.5548666887327,-8.165369128764649,0.43652735423610434,4.972876643718262,0.0,0,12.592550224254929,12.591879161524345,-0.1300012767314911,10.665437698364258,-0.03549627214670181,-0.04848095029592514,-0.02839457057416439,-0.42734860794671325,0.0,25.668075549441628,25.668075549441628,33.70096777314893,10.64052963256836,-0.129060298204422,0.056365229913307204,1.0,682.3969248893052,-3.1716667907186737,4,4,5,49.222790486252876,0.6391416120916613,1.2827621499690167,2.2061700859013342,726.4417724609375,327.30218505859375,11.617227699836182,12.871607784265592,0.0,0,8.64807107222594,45.61528004705906
GT+smooth-jitter_controlled_forward3x6_SoftMS_local_prior_3frame_causal_heading_continuous_waypoint_RNN_polynomial_Kalman,1,controlled_gt_jitter,8.0,729.1890119437561,340.0834086203839,5.180711162506126,3.0256693625714046,0,1,8,731.199312606434,322.3760901147286,726.937746560621,331.0767874582634,6642,732.7518310546875,319.3020324707031,730.2801513671875,327.3052673339844,0.864497184753418,1,5.014144537462335,11.504133697599173,86,/yh/study/cvpr_data/Bearing_UAV_90K/citya/uav_254k_34bc_b15_s100/blk_11_7_s_025_v3d.jpg,724.00830078125,337.0577392578125,684.5026654601735,6.659837610843422,4,1.5209816838618206,1.5209816838618206,1,1.5209816838618206,83.337981581958,12.000000000000002,684.5026654601735,-9.889950220988133,731.2880137331856,322.1949919809441,16.549787831831495,9.455586832317517,1,0.0,0,0,0.3901988042934803,1.0,690.4861450195312,7.098252296447754,1,1,6,18,1,25.666440813032896,740.7518310546875,343.3020324707031,735.5767822265625,336.12322998046875,9,735.5767822265625,336.12322998046875,694.4808349609375,0.7319912314414978,0.7977181673049927,0.06521144509315491,5.261250019073486,35.98299789428711,1,694.3564453125,0.7826237082481384,11.473387496070016,6.26369047164917,36.9793586730957,0.3901988042934803,694.3564453125,0.7826237082481384,693.061201212295,-7.89612219390389,1.2952441002049326,8.678745902152029,0.0,0,1.9012271048272757,1.901086049964658,-0.023158902385011,10.665647506713867,-0.0365469828248024,-0.04743034392595291,-0.029235143214464188,-0.4231522037536809,0.0,25.67227195363466,25.67227195363466,57.66570962832334,10.641263961791992,-0.129757359623909,0.07892706547613572,1.0,685.8453856367456,-4.857276651193193,4,4,5,45.77432973881244,0.6644227059466326,1.3427201765721293,9.144665822852046,730.2801513671875,327.3052673339844,3.8383801438063077,1.5209816838618206,2.317398459944487,0,11.595120456354923,51.0470662266016
GT+smooth-jitter_controlled_forward3x6_SoftMS_local_prior_3frame_causal_heading_continuous_waypoint_RNN_polynomial_Kalman,1,controlled_gt_jitter,8.0,753.7013442276173,332.146228022022,5.070973133867307,3.204669184131363,0,1,8,747.9884071577187,330.25223520728775,743.5897326696181,339.2328622871599,6763,748.7518310546875,327.3020324707031,747.311767578125,335.30645751953125,0.8976873159408569,1,5.099314101156424,11.80658396333456,87,/yh/study/cvpr_data/Bearing_UAV_90K/citya/uav_254k_34bc_b15_s100/blk_11_7_s_063_v3d.jpg,748.63037109375,328.9415588378906,703.0447850258755,-11.459448608365824,4,21.00403244969687,25.92525276795613,1,21.00403244969687,-18.243785795301143,-12.000000000000002,703.0447850258755,-9.817973879049491,747.9083397922794,330.415706078393,1.6414747293162955,9.01686154712119,1,0.0,0,0,0.5013455697636522,1.0,709.0084838867188,-10.812010765075684,1,1,6,18,1,25.668481705573406,764.7518310546875,327.3020324707031,759.1616821289062,328.670166015625,9,759.1616821289062,328.670166015625,712.3831787109375,-16.33555793762207,0.8339977264404297,0.1410190910100937,4.0,45.56033706665039,1,712.2633666992188,-16.28589630126953,10.405616050981104,5.002471923828125,46.5566291809082,0.5013455697636522,712.2633666992188,-16.28589630126953,712.2633666992188,-11.995194069159517,0.0,-4.290702232110014,0.0,1,21.00403244969687,24.601232546519643,-0.129677876830101,10.665122032165527,-0.035972919315099716,-0.05006285011768341,-0.028775759041309357,-0.42798293508545177,0.0,25.667441222302887,25.667441222302887,43.91122701760403,10.639418601989746,-0.1298370659351349,0.2201172211583856,1.0,704.6603081268997,-5.163359697857433,4,4,5,26.959407248658323,0.8023572385350188,1.6155231010242233,10.338910417531341,747.311767578125,335.30645751953125,18.817412020306104,25.92525276795613,0.0,0,6.500050035112744,50.29950104653835
GT+smooth-jitter_controlled_forward3x6_SoftMS_local_prior_3frame_causal_heading_continuous_waypoint_RNN_polynomial_Kalman,1,controlled_gt_jitter,8.0,756.7005088771521,338.76273800495096,4.954720302933338,3.3794677412791048,0,1,8,753.0457030956845,332.72927811567916,748.6470286075839,341.7099051955513,6883,756.7518310546875,335.3020324707031,748.773681640625,335.95208740234375,0.9392199516296387,1,5.351323855897757,11.614799965173006,88,/yh/study/cvpr_data/Bearing_UAV_90K/citya/uav_254k_34bc_b15_s100/blk_13_7_s_026_v3d.jpg,751.7457885742188,335.3832702636719,708.676124455725,-7.044758540368599,4,7.155520398311429,7.155520398311429,1,7.155520398311429,64.19010554437679,12.000000000000002,708.676124455725,-10.0,753.0457030956845,332.72927811567916,2.955241459631441,9.510687944083971,1,0.0,0,0,0.2741576243906343,1.0,714.6123046875,-6.189204692840576,1,1,6,18,1,25.66811754443285,764.7518310546875,327.3020324707031,762.80810546875,332.3489990234375,9,762.80810546875,332.3489990234375,717.276123046875,-14.635677337646484,0.8649234771728516,0.03758162260055542,4.0,51.685062408447266,1,717.1525268554688,-14.5845365524292,11.34449867175859,5.002357482910156,52.681278228759766,0.2741576243906343,717.1525268554688,-14.5845365524292,716.4127812663567,-11.802360080244547,0.7397455891120348,-2.7821764721846525,0.0,0,7.905520398311429,7.90493277484938,-0.09638772344124615,10.665506362915039,-0.03656412661075592,-0.048136256635189056,-0.02924892120063305,-0.4289702976269153,0.0,25.66645385976143,25.66645385976143,38.52365168461536,10.640756607055664,-0.13085827231407166,0.06661485233165493,1.0,706.2571901981413,-5.226591985992819,4,4,5,25.362525177416757,0.8140641792471448,2.4189342575837145,3.50998596460361,748.773681640625,335.95208740234375,1.598133496212296,7.155520398311429,0.0,0,3.026049001910396,51.62303056567907
GT+smooth-jitter_controlled_forward3x6_SoftMS_local_prior_3frame_causal_heading_continuous_waypoint_RNN_polynomial_Kalman,1,controlled_gt_jitter,8.0,760.8568403696019,342.4359562300254,4.832121131320636,3.549817314009771,0,1,8,757.880464956474,335.097324741372,753.4817904683734,344.07795182124414,6883,756.7518310546875,335.3020324707031,756.71826171875,343.1094970703125,0.9758358001708984,1,8.096025061375242,11.618333868682384,89,/yh/study/cvpr_data/Bearing_UAV_90K/citya/uav_254k_34bc_b15_s100/blk_12_6_s_019_v3d.jpg,756.0247192382812,338.8861389160156,714.0596704128058,-5.78112514755754,4,5.529858625989173,5.529858625989173,1,5.529858625989173,39.3048466905715,-12.000000000000002,714.0596704128058,-10.0,757.880464956474,335.097324741372,4.218874852442449,9.356804228204833,1,0.0,0,0,0.2896172408626553,1.0,719.960693359375,-4.718659400939941,1,1,6,18,1,25.66753524412568,764.7518310546875,327.3020324707031,765.4435424804688,336.00921630859375,11,765.4435424804688,336.00921630859375,721.2529296875,-12.50781536102295,0.8653295040130615,0.04059581458568573,4.0,39.827205657958984,1,721.1295166015625,-12.45832633972168,9.724594639023124,5.002537727355957,40.8234977722168,0.2896172408626553,721.1295166015625,-12.45832633972168,721.1295166015625,-11.82786844742338,0.0,-0.6304578922982982,0.0,1,6.279858625989172,6.279388634561914,-0.07682928182195464,10.665396690368652,-0.036651477217674255,-0.048684217035770416,-0.029318640008568764,-0.43230420367424843,0.0,25.663119953714094,25.663119953714094,13.64172673685741,10.640363693237305,-0.13159672915935516,0.10397817736097413,1.0,716.5402328276614,-2.2933514482350237,4,4,5,15.079482547896674,0.8894504413713469,2.4805624148556262,5.135538064379479,756.71826171875,343.1094970703125,10.693215876099817,5.529858625989173,5.163357250110644,1,4.279924680608369,59.231997933238745
GT+smooth-jitter_controlled_forward3x6_SoftMS_local_prior_3frame_causal_heading_continuous_waypoint_RNN_polynomial_Kalman,1,controlled_gt_jitter,8.0,759.8875579935352,355.77187372300483,4.703353891972708,3.7154772386298456,0,1,8,762.3742745693093,337.37666927939216,758.0065288147385,346.294150194974,6884,764.7518310546875,335.3020324707031,757.2139282226562,343.30035400390625,0.9557291269302368,2,7.856157784366129,14.097894076257944,90,/yh/study/cvpr_data/Bearing_UAV_90K/citya/uav_254k_34bc_b15_s100/blk_12_8_s_072_v3d.jpg,755.1842041015625,352.056396484375,719.0980027097855,6.416307278047065,4,13.197050811146433,13.197050811146433,1,13.197050811146433,93.65161792221087,12.000000000000002,719.0980027097855,-10.0,762.4052033028391,337.3135231151019,16.416307278047054,10.171431677028389,1,0.0,0,0,0.2154887401599508,1.0,724.9562377929688,7.6841864585876465,1,1,6,18,1,25.66598988714554,756.7518310546875,367.3020324707031,760.683837890625,356.7067565917969,11,760.683837890625,356.7067565917969,726.0825805664062,8.17351245880127,0.9592379927635193,0.03755418211221695,4.0,62.185081481933594,1,725.9561157226562,8.22475814819336,7.092545991887559,5.00238037109375,63.18129348754883,0.2154887401599508,725.9561157226562,8.22475814819336,725.9561157226562,-8.29444357873608,0.0,16.51920172692944,0.0,0,12.5450347332907,12.544353330013102,-0.13075163960456848,10.665556907653809,-0.03414210304617882,-0.04788925498723984,-0.02731102518737316,-0.42465028301816155,0.0,25.67077387437018,25.67077387437018,67.98084404784069,10.640965461730957,-0.1266663670539856,0.01915052268133793,1.0,717.0693241828856,-2.3399775141475754,4,4,5,14.550391192672492,0.8933292757815122,2.0286785268999665,2.531493903492624,757.2139282226562,343.30035400390625,0.5311418381143154,13.197050811146433,0.0,0,8.988217839345191,59.63610811159015
GT+smooth-jitter_controlled_forward3x6_SoftMS_local_prior_3frame_causal_heading_continuous_waypoint_RNN_polynomial_Kalman,1,controlled_gt_jitter,8.0,773.6777982552848,362.5200741754033,4.568606360753505,3.876214312122066,0,1,8,773.6112793855184,342.88749745800055,769.251812,351.802044,7004,772.7518310546875,343.3020324707031,772.7125854492188,350.8106689453125,0.9499544501304626,1,7.973976248302648,10.439078789204359,91,/yh/study/cvpr_data/Bearing_UAV_90K/citya/uav_254k_34bc_b15_s100/blk_13_8_s_066_v3d.jpg,769.1091918945312,358.64385986328125,731.619715375558,6.207113623669759,4,15.404543446748418,15.404543446748418,1,15.404543446748418,25.31732372432948,-12.000000000000002,731.619715375558,-10.0,773.6504864881006,342.8214169201279,16.461259285817885,10.990285933685644,1,0.0,0,0,0.14633603844856174,1.0,731.6196899414062,7.678616046905518,1,1,6,18,1,25.667664270667974,772.7518310546875,367.3020324707031,768.8179931640625,358.84637451171875,9,768.8179931640625,358.84637451171875,731.6196899414062,6.517073154449463,0.9620610475540161,0.011616729199886322,4.0,66.69453430175781,1,731.4925537109375,6.5691328048706055,3.0302744263476176,5.002429485321045,67.69086456298828,0.14633603844856174,731.4925537109375,6.5691328048706055,731.4925537109375,-8.408545536559872,0.0,14.977678341430478,0.0,0,14.922738569868548,14.922179971008545,-0.12911753356456757,10.665421485900879,-0.036295946687459946,-0.04856135696172714,-0.029034191742539406,-0.4212341745769502,0.0,25.674189982811388,25.674189982811388,0.35686625848191006,10.640480041503906,-0.1290438175201416,0.0009704904086310013,1.0,731.619715375558,-2.412598554261116,4,4,5,2.842170943040401e-14,0.9999999999999998,0.0,4.739121960847539,772.7125854492188,350.8106689453125,17.22246226140699,15.404543446748418,1.8179188146585705,0,8.62225753891123,56.086719036102295
